2.0998038023033265	1.899462298324443	0.06691160419920861	0.7602429393339665	0.10043829354046384	97.80902425493868	111.3863176221557	0.0019578058069402615	1.0001002190035813
2.0998038023033265	1.899462298324443	0.06691160419920861	0.7602429393339665	0.10046803752359658	97.80902425493868	111.3863176221557	0.0019578058069402615	1.0001002190035813
2.0998038023033265	1.899462298324443	0.06691160419920861	0.7602429393339665	0.10046803752359658	97.80902425493868	111.3863176221557	0.0019578058069402615	1.0001002190035813
2.0998038023033265	1.899462298324443	0.06691160419920861	0.7602429393339665	0.10046803752359658	97.80902425493868	111.3863176221557	0.0019578058069402615	1.0001002190035813
2.0998038023033265	1.899462298324443	0.06691160419920861	0.7602429393339665	0.10046803752359658	97.80902425493868	111.3863176221557	0.0019578058069402615	1.0001002190035813
2.0998038023033265	1.899462298324443	0.06691160419920861	0.7602429393339665	0.10054831790821478	97.80902425493868	111.3863176221557	0.0019578058069402615	1.0001002190035813
2.0998038023033265	1.899462298324443	0.06691160419920861	0.7602429393339665	0.10054831790821478	97.80902425493868	111.3863176221557	0.0019578058069402615	1.0001002190035813
2.0998038023033265	1.899462298324443	0.06691160419920861	0.7602429393339665	0.10054831790821478	97.80902425493868	111.38612762058615	0.0019578058069402615	1.0001002190035813
2.0998038023033265	1.899462298324443	0.06691160419920861	0.7602429393339665	0.10054831790821478	97.80902425493868	111.38612762058615	0.0019578058069402615	1.0000991924811886
2.0998038023033265	1.899462298324443	0.06691160419920861	0.7602429393339665	0.10054831790821478	97.80902425493868	111.38612762058615	0.0019578058069402615	1.0000991924811886
2.0998038023033265	1.899462298324443	0.06691160419920861	0.7602429393339665	0.10054831790821478	97.80902425493868	111.38612762058615	0.0019578058069402615	1.0000991924811886
2.0998038023033265	1.899462298324443	0.06691160419920861	0.7602429393339665	0.10054831790821478	97.77629314539523	111.38612762058615	0.0019578058069402615	1.0000991924811886
2.0998038023033265	1.8989127981183356	0.06691160419920861	0.7602429393339665	0.10054831790821478	97.77629314539523	111.38612762058615	0.0019578058069402615	1.0000991924811886
2.0998038023033265	1.8989127981183356	0.06691160419920861	0.7602429393339665	0.10054831790821478	97.77629314539523	111.38612762058615	0.0019578058069402615	1.0000991924811886
2.0998038023033265	1.8989127981183356	0.06691160419920861	0.7602429393339665	0.10054831790821478	97.77629314539523	111.41092145929521	0.0019578058069402615	1.0000991924811886
2.0998038023033265	1.8989127981183356	0.06691160419920861	0.7602429393339665	0.10054831790821478	97.77629314539523	111.41092145929521	0.0019578058069402615	1.0000991924811886
2.0998038023033265	1.8989127981183356	0.06691160419920861	0.7602429393339665	0.10054831790821478	97.77629314539523	111.41092145929521	0.0019578058069402615	1.0000991924811886
2.0998038023033265	1.8989127981183356	0.06691160419920861	0.7602429393339665	0.10054831790821478	97.77629314539523	111.41092145929521	0.0019578058069402615	1.0000991924811886
2.0998038023033265	1.8989127981183356	0.06700684726097952	0.7602429393339665	0.10054831790821478	97.77629314539523	111.41092145929521	0.0019578058069402615	1.0000991924811886
2.0998038023033265	1.8989127981183356	0.06700684726097952	0.7602429393339665	0.10054831790821478	97.77629314539523	111.41092145929521	0.0019578058069402615	1.0000991924811886
2.0998038023033265	1.8988554494619092	0.06700684726097952	0.7602429393339665	0.10054831790821478	97.77629314539523	111.41092145929521	0.0019578058069402615	1.0000991924811886
2.0998038023033265	1.8988554494619092	0.06700684726097952	0.7602429393339665	0.10054831790821478	97.77629314539523	111.41092145929521	0.001957802823599001	1.0000991924811886
2.0998038023033265	1.8988554494619092	0.06700684726097952	0.7602429393339665	0.10054831790821478	97.77629314539523	111.41675434315783	0.001957802823599001	1.0000991924811886
2.0998038023033265	1.8988554494619092	0.06700684726097952	0.7602429393339665	0.10054831790821478	97.77629314539523	111.41675434315783	0.001957802823599001	1.0000991924811886
2.0998038023033265	1.8988554494619092	0.06700684726097952	0.7602429393339665	0.10054828551301935	97.77629314539523	111.41675434315783	0.001957802823599001	1.0000991924811886
2.0998038023033265	1.8988554494619092	0.06700684726097952	0.7602429393339665	0.10054828551301935	97.76949661800779	111.41675434315783	0.001957802823599001	1.0000991924811886
2.0998038023033265	1.8988554494619092	0.06700684726097952	0.7602429393339665	0.10054828551301935	97.76949661800779	111.44308413989901	0.001957802823599001	1.0000991924811886
2.0998038023033265	1.8988554494619092	0.06700684726097952	0.7602429393339665	0.10054828551301935	97.76949661800779	111.44308413989901	0.001957802823599001	1.0000991924811886
2.0998038023033265	1.8988554494619092	0.06700684726097952	0.7602429393339665	0.10054828551301935	97.76949661800779	111.45013305182363	0.001957802823599001	1.0000991924811886
2.0998038023033265	1.8988554494619092	0.06700684726097952	0.7602429393339665	0.10054828551301935	97.76949661800779	111.45013305182363	0.001957802823599001	1.0000991924811886
2.0998038023033265	1.8988554494619092	0.06700684726097952	0.7602429393339665	0.10054828551301935	97.76949661800779	111.45013305182363	0.001957802823599001	1.0000991924811886
2.0998038023033265	1.8988554494619092	0.06700684726097952	0.7602429393339665	0.10054884233294198	97.76949661800779	111.45013305182363	0.001957802823599001	1.0000991924811886
2.0998038023033265	1.8988554494619092	0.06700684726097952	0.7602429393339665	0.10054884233294198	97.76949661800779	111.45013305182363	0.001957802823599001	1.0000991924811886
2.0998038023033265	1.8988554494619092	0.06700684726097952	0.7602429393339665	0.10054884233294198	97.76794297642002	111.45013305182363	0.001957802823599001	1.0000991924811886
2.0998038023033265	1.8988554494619092	0.06702223171417385	0.7602429393339665	0.10054884233294198	97.76794297642002	111.45013305182363	0.001957802823599001	1.0000991924811886
2.0998038023033265	1.8988554494619092	0.06702223171417385	0.7602429393339665	0.10054884233294198	97.76794297642002	111.44796290758842	0.001957802823599001	1.0000991924811886
2.0998038023033265	1.8988554494619092	0.06702223171417385	0.7602429393339665	0.10054887191144148	97.76794297642002	111.44796290758842	0.001957802823599001	1.0000991924811886
2.0998038023033265	1.8988554494619092	0.06702223171417385	0.7602429393339665	0.10054887191144148	97.76794297642002	111.44796290758842	0.0019578162301338363	1.0000991924811886
2.0998038023033265	1.8988554494619092	0.06702223171417385	0.7602429393339665	0.10054887191144148	97.76794297642002	111.44796290758842	0.0019578162301338363	1.0000991924811886
2.0998038023033265	1.8988554494619092	0.06702223171417385	0.7602429393339665	0.10054887191144148	97.76794297642002	111.44796290758842	0.0019578162301338363	1.0000991924811886
2.0998038023033265	1.8988554494619092	0.06702223171417385	0.7602429393339665	0.10054887191144148	97.76794297642002	111.44796290758842	0.0019578162301338363	1.0000991924811886
2.0998038023033265	1.8988554494619092	0.06702223171417385	0.7602429393339665	0.10054887191144148	97.76794297642002	111.44796290758842	0.0019578162301338363	1.0000991924811886
2.0998038023033265	1.8988554494619092	0.06702223171417385	0.7602429393339665	0.10054887191144148	97.76794297642002	111.44796290758842	0.0019578162301338363	1.0000989175910833
2.0998038023033265	1.8988554494619092	0.06702223171417385	0.7602429393339665	0.10054887191144148	97.76794297642002	111.44796290758842	0.0019579816643867996	1.0000989175910833
2.0998038023033265	1.8988554494619092	0.06702223171417385	0.7602429393339665	0.10054887191144148	97.76794297642002	111.44796290758842	0.0019579816643867996	1.0000989175910833
2.0998038023033265	1.8988554494619092	0.06702223171417385	0.7602429393339665	0.10054887191144148	97.7680366392627	111.44796290758842	0.0019579816643867996	1.0000989175910833
2.0998038023033265	1.8988554494619092	0.06702223171417385	0.7602429393339665	0.10054714542549285	97.7680366392627	111.44796290758842	0.0019579816643867996	1.0000989175910833
2.0998038023033265	1.8988554494619092	0.06702223171417385	0.7602429393339665	0.10054714542549285	97.7680366392627	111.44796290758842	0.0019579816643867996	1.0000989175910833
2.0998038023033265	1.8988554494619092	0.06702223171417385	0.7602429393339665	0.10054714542549285	97.7680366392627	111.44796290758842	0.0019579816643867996	1.0000989407004577
2.0998038023033265	1.8988554494619092	0.06702223171417385	0.7602429393339665	0.10054714542549285	97.7680366392627	111.44796290758842	0.0019579816643867996	1.0000989407004577
2.099891639363268	1.8988554494619092	0.06702223171417385	0.7602429393339665	0.10054714542549285	97.7680366392627	111.44796290758842	0.0019579816643867996	1.0000989407004577
2.099891639363268	1.8988554494619092	0.06702223171417385	0.7602429393339665	0.10054714542549285	97.7680366392627	111.44796290758842	0.0019579816643867996	1.0000989407004577
2.099891639363268	1.8988554494619092	0.06702223171417385	0.7602429393339665	0.10054714542549285	97.7680366392627	111.44796290758842	0.0019579816643867996	1.0000989069152812
2.099891639363268	1.8988554494619092	0.06702223171417385	0.7602429393339665	0.10054714542549285	97.7680366392627	111.44796290758842	0.0019579816643867996	1.0000989069152812
2.099891639363268	1.8988554494619092	0.06702223171417385	0.7602429393339665	0.10054714542549285	97.7680366392627	111.44796290758842	0.0019579816643867996	1.0000989069152812
2.099891639363268	1.898862803140977	0.06702223171417385	0.7602429393339665	0.10054714542549285	97.7680366392627	111.44796290758842	0.0019579816643867996	1.0000989069152812
2.099891639363268	1.8987025198069372	0.06702223171417385	0.7602429393339665	0.10054714542549285	97.7680366392627	111.44796290758842	0.0019579816643867996	1.0000989069152812
2.099891639363268	1.8987025198069372	0.06702223171417385	0.7602429393339665	0.10054714542549285	97.7680366392627	111.44796290758842	0.0019579816643867996	1.0000989069152812
2.099891639363268	1.8987025198069372	0.06702223171417385	0.7602429393339665	0.10054714542549285	97.7680366392627	111.44799816806007	0.0019579816643867996	1.0000989069152812
2.099891639363268	1.8987025198069372	0.06702223171417385	0.7602429393339665	0.10054714542549285	97.7680366392627	112.05608744871857	0.0019579816643867996	1.0000989069152812
2.099891639363268	1.8987025198069372	0.06702223171417385	0.7602429393339665	0.10054714542549285	97.7680366392627	111.96845129970046	0.0019579816643867996	1.0000989069152812
2.099891639363268	1.8987025198069372	0.06702223171417385	0.7602429393339665	0.10054714542549285	97.7680366392627	111.96845129970046	0.0019579816643867996	1.0000988321363917
2.099891639363268	1.8987025198069372	0.06702223171417385	0.7602429393339665	0.10054714542549285	97.7680366392627	111.96845129970046	0.0019579816643867996	1.0000988321363917
2.099891639363268	1.8987025198069372	0.06702223171417385	0.7602429393339665	0.10054714542549285	97.7680366392627	111.96845129970046	0.0019579816643867996	1.0000988321363917
2.099891639363268	1.8987025198069372	0.06702223171417385	0.7602429393339665	0.10054714542549285	97.7680366392627	109.41857067125977	0.0019579816643867996	1.0000988321363917
2.0998915402639438	1.8987025198069372	0.06702223171417385	0.7602429393339665	0.10054714542549285	97.7680366392627	109.41857067125977	0.0019579816643867996	1.0000988321363917
2.0998915402639438	1.8987025198069372	0.06702223171417385	0.7602429393339665	0.10054714542549285	97.7680366392627	109.41857067125977	0.0019579816643867996	1.0000988321363917
2.0998915402639438	1.8987025198069372	0.06702223171417385	0.7602429393339665	0.10054714542549285	97.7680366392627	109.41857067125977	0.0019579816643867996	1.0000988321363917
2.0998915402639438	1.8987025198069372	0.06700450979231236	0.7602429393339665	0.10054714542549285	97.7680366392627	109.41857067125977	0.0019579816643867996	1.0000988321363917
2.0988612900497245	1.8987025198069372	0.06700450979231236	0.7602429393339665	0.10054714542549285	97.7680366392627	109.41857067125977	0.0019579816643867996	1.0000988321363917
2.0986589505847326	1.8987025198069372	0.06700450979231236	0.7602429393339665	0.10054714542549285	97.7680366392627	109.41857067125977	0.0019579816643867996	1.0000988321363917
2.0986589505847326	1.8987025198069372	0.06700450979231236	0.7602429393339665	0.10054714542549285	97.7680366392627	109.41857067125977	0.0019579816643867996	1.0000988321363917
2.0986589505847326	1.8987025198069372	0.06700450979231236	0.7602429393339665	0.10054714542549285	97.7680366392627	109.41857067125977	0.0019579816643867996	1.0000988321363917
2.0986589505847326	1.8987025198069372	0.06705274401572364	0.7602429393339665	0.10054714542549285	97.7680366392627	109.41857067125977	0.0019579816643867996	1.0000988321363917
2.0986589505847326	1.8987025198069372	0.06705274401572364	0.7602429393339665	0.10054714542549285	97.7680366392627	109.41857067125977	0.0019579816643867996	1.0000988321363917
2.0986589505847326	1.8987025198069372	0.06705274401572364	0.7602429393339665	0.10054714542549285	97.7680366392627	109.41857067125977	0.0019579816643867996	1.0000988321363917
2.0986589505847326	1.8987025198069372	0.06705274401572364	0.7602429393339665	0.10054716899818392	97.7680366392627	109.41857067125977	0.0019579816643867996	1.0000988321363917
2.0986589505847326	1.8987025198069372	0.06705274401572364	0.7602429393339665	0.10054716899818392	97.7680366392627	109.41857067125977	0.0019579816643867996	1.0000988321363917
2.0986589505847326	1.8987025198069372	0.06705274401572364	0.7602429393339665	0.10054716899818392	97.7680366392627	109.41857067125977	0.0019579816643867996	1.0000995146965708
2.0970341502478207	1.8987025198069372	0.06705274401572364	0.7602429393339665	0.10054716899818392	97.7680366392627	109.41857067125977	0.0019579816643867996	1.0000995146965708
2.0970341502478207	1.8987025198069372	0.06705274401572364	0.7602429393339665	0.10054716899818392	97.7680366392627	109.41857067125977	0.0019579816643867996	1.0000995146965708
2.0970341502478207	1.8987025198069372	0.06705274401572364	0.7602429393339665	0.10054716899818392	97.7680366392627	109.41857067125977	0.001959173058498816	1.0000995146965708
2.0970341502478207	1.8987025198069372	0.06705274401572364	0.7602429393339665	0.10054716899818392	97.7680366392627	109.41857067125977	0.001960978256901941	1.0000995146965708
2.0970341502478207	1.8987025198069372	0.06703891161644407	0.7602429393339665	0.10054716899818392	97.7680366392627	109.41857067125977	0.001960978256901941	1.0000995146965708
2.0973563110879807	1.8987025198069372	0.06703891161644407	0.7602429393339665	0.10054716899818392	97.7680366392627	109.41857067125977	0.001960978256901941	1.0000995146965708
2.0973563110879807	1.8987025198069372	0.06703891161644407	0.7602429393339665	0.10052547856993023	97.7680366392627	109.41857067125977	0.001960978256901941	1.0000995146965708
2.0973563110879807	1.8987025198069372	0.06699482771443893	0.7602429393339665	0.10052547856993023	97.7680366392627	109.41857067125977	0.001960978256901941	1.0000995146965708
2.0973563110879807	1.8987025198069372	0.06699482771443893	0.7602429393339665	0.10052547856993023	97.7680366392627	109.41857067125977	0.001960978256901941	1.0000997851283389
2.0973563110879807	1.8987025198069372	0.06699482771443893	0.7602429393339665	0.10052547856993023	97.7680366392627	109.41857067125977	0.001960978256901941	1.0000997851283389
2.097222830694128	1.8987025198069372	0.06699482771443893	0.7602429393339665	0.10052547856993023	97.7680366392627	109.41857067125977	0.001960978256901941	1.0000997851283389
2.097222830694128	1.8987025198069372	0.06699482771443893	0.7602429393339665	0.10052547856993023	97.7680366392627	109.41857067125977	0.001960978256901941	1.0000997851283389
2.097222830694128	1.8987025198069372	0.06699482771443893	0.7602429393339665	0.1005256732129026	97.7680366392627	109.41857067125977	0.001960978256901941	1.0000997851283389
2.097222830694128	1.8987025198069372	0.06699482771443893	0.7602429393339665	0.1005256732129026	97.7680366392627	109.41857067125977	0.001960978256901941	1.0000997851283389
2.097222830694128	1.8987025198069372	0.06699482771443893	0.7602429393339665	0.1005256732129026	97.7680366392627	109.41857067125977	0.001960978256901941	1.0000997851283389
2.097222830694128	1.8987025198069372	0.06699128076539702	0.7602429393339665	0.1005256732129026	97.7680366392627	109.41857067125977	0.001960978256901941	1.0000997851283389
2.097222830694128	1.8987025198069372	0.06699128076539702	0.7602429393339665	0.1005256732129026	97.7680366392627	109.41857067125977	0.001961167821333714	1.0000997851283389
2.097222830694128	1.8987025198069372	0.06699128076539702	0.7602429393339665	0.1005256732129026	97.7680366392627	109.41857067125977	0.001961167821333714	1.0000997851283389
2.097222830694128	1.8987025198069372	0.06699128076539702	0.7602429393339665	0.1005256732129026	97.7680366392627	109.41857067125977	0.001961167821333714	1.0000997851283389
2.097222830694128	1.8987025198069372	0.06699128076539702	0.7602429393339665	0.1005256338889379	97.7680366392627	109.41857067125977	0.001961167821333714	1.0000997851283389
2.097222830694128	1.8987025198069372	0.06699128076539702	0.7602429393339665	0.1005256338889379	97.7680366392627	109.41857067125977	0.001961167821333714	1.0000997851283389
2.097222830694128	1.8987025198069372	0.06699128076539702	0.7602429393339665	0.1005256338889379	97.7680366392627	109.41857067125977	0.001961167821333714	1.0000997851283389
2.097222830694128	1.8987025198069372	0.06699128076539702	0.7602429393339665	0.1005256338889379	97.7680366392627	109.41857067125977	0.001961167821333714	1.0000997851283389
2.097222830694128	1.8987025198069372	0.06699128076539702	0.7602429393339665	0.1005256338889379	97.7680366392627	109.41857067125977	0.001961167821333714	1.0001050989435372
2.097222830694128	1.8987025198069372	0.06699128076539702	0.7602429393339665	0.1005256338889379	97.7680366392627	109.41857067125977	0.0020870023531300557	1.0001050989435372
2.097222830694128	1.8987025198069372	0.06699128076539702	0.7602249468222712	0.1005256338889379	97.7680366392627	109.41857067125977	0.0020870023531300557	1.0001050989435372
2.097222830694128	1.8987025198069372	0.06699128076539702	0.7602249468222712	0.1005256338889379	97.7680366392627	109.41857067125977	0.0020870023531300557	1.0001050989435372
2.096669714133289	1.8987025198069372	0.06699128076539702	0.7602249468222712	0.1005256338889379	97.7680366392627	109.41857067125977	0.0020870023531300557	1.0001050989435372
2.096669714133289	1.8987025198069372	0.06699128076539702	0.7602249468222712	0.1005256338889379	97.7680366392627	109.49207359997756	0.0020870023531300557	1.0001050989435372
2.096669714133289	1.8987025198069372	0.06699128076539702	0.7602249468222712	0.1005256338889379	97.7680366392627	109.49207359997756	0.0020870023531300557	1.0001050989435372
2.096669714133289	1.8987025198069372	0.06699128076539702	0.7602249468222712	0.10047817518497293	97.7680366392627	109.49207359997756	0.0020870023531300557	1.0001050989435372
2.096669714133289	1.8987025198069372	0.06699128076539702	0.7602249468222712	0.10047817518497293	97.7680366392627	109.4928693864953	0.0020870023531300557	1.0001050989435372
2.096669714133289	1.8987025198069372	0.06699128076539702	0.7602249468222712	0.10047817518497293	97.7680366392627	109.4928693864953	0.0020870023531300557	1.0001050989435372
2.096669714133289	1.8987025198069372	0.06699128076539702	0.7602249468222712	0.10047817518497293	97.7680366392627	109.4928693864953	0.0019910676100222836	1.0001050989435372
2.096669714133289	1.8987025198069372	0.06699128076539702	0.7602249468222712	0.10047817518497293	97.77130671791744	109.4928693864953	0.0019910676100222836	1.0001050989435372
2.096669714133289	1.8987025198069372	0.06699128076539702	0.7602249468222712	0.10047817518497293	97.77130671791744	109.4928693864953	0.0019910676100222836	1.0001050989435372
2.0966702799241133	1.8987025198069372	0.06699128076539702	0.7602249468222712	0.10047817518497293	97.77130671791744	109.4928693864953	0.0019910676100222836	1.0001050989435372
2.0966702799241133	1.8987025198069372	0.06699128076539702	0.7602249468222712	0.10047817518497293	97.7790635320041	109.4928693864953	0.0019910676100222836	1.0001050989435372
2.0966702799241133	1.8987025198069372	0.06699128076539702	0.7602249468222712	0.10047817518497293	97.7790635320041	109.4928693864953	0.0019910676100222836	1.0001050989435372
2.0966702799241133	1.8987025198069372	0.06699128076539702	0.7602249468222712	0.10047817518497293	97.7790635320041	107.533804369542	0.0019910676100222836	1.0001050989435372
2.0966702799241133	1.8987025198069372	0.06699128076539702	0.7602249468222712	0.10047817518497293	97.7790635320041	107.533804369542	0.0019904819690958688	1.0001050989435372
2.0966702799241133	1.8987025198069372	0.06699128076539702	0.7602249468222712	0.10047817518497293	97.7790635320041	107.533804369542	0.0019904819690958688	1.0001050989435372
2.0966702799241133	1.893973472757855	0.06699128076539702	0.7602249468222712	0.10047817518497293	97.7790635320041	107.533804369542	0.0019904819690958688	1.0001050989435372
2.0966702799241133	1.893973472757855	0.06699128076539702	0.7602249468222712	0.10047817518497293	97.7790635320041	107.53398401988717	0.0019904819690958688	1.0001050989435372
2.0966702799241133	1.893973472757855	0.06699128076539702	0.7602249468222712	0.10047817518497293	97.7790635320041	107.53398401988717	0.0019904819690958688	1.0001050989435372
2.0966774015225385	1.893973472757855	0.06699128076539702	0.7602249468222712	0.10047817518497293	97.7790635320041	107.53398401988717	0.0019904819690958688	1.0001050989435372
2.0966774015225385	1.893973472757855	0.06699128076539702	0.7602249468222712	0.10047817518497293	97.7790635320041	107.32651244515192	0.0019904819690958688	1.0001050989435372
2.0966774015225385	1.893973472757855	0.06699128076539702	0.7602249468222712	0.10047817518497293	97.7790635320041	107.32651244515192	0.0019904819690958688	1.0001050989435372
2.0966774015225385	1.893973472757855	0.06699128076539702	0.7602249468222712	0.10047817518497293	97.7790635320041	107.32651244515192	0.0019904819690958688	1.0001050989435372
2.0966774015225385	1.893973472757855	0.06699128076539702	0.7602249468222712	0.10047817518497293	97.7790635320041	107.92087216863465	0.0019904819690958688	1.0001050989435372
2.0966774015225385	1.893973472757855	0.06699128076539702	0.7602249468222712	0.10047817518497293	97.7790635320041	107.92087216863465	0.0019904819690958688	1.0001018383854885
2.0966774015225385	1.893973472757855	0.06693270994200308	0.7602249468222712	0.10047817518497293	97.7790635320041	107.92087216863465	0.0019904819690958688	1.0001018383854885
2.0966774015225385	1.893973472757855	0.06693270994200308	0.7602249468222712	0.10047817518497293	97.7790635320041	107.92087216863465	0.0019903243948281996	1.0001018383854885
2.0966774015225385	1.893973472757855	0.06693270994200308	0.7602249468222712	0.10047817518497293	97.7790635320041	107.92087216863465	0.0019903243948281996	1.0001018383854885
2.095527196430618	1.893973472757855	0.06693270994200308	0.7602249468222712	0.10047817518497293	97.7790635320041	107.92087216863465	0.0019903243948281996	1.0001018383854885
2.095527196430618	1.893973472757855	0.06693270994200308	0.7602249468222712	0.10047817518497293	97.7790635320041	107.92087216863465	0.0019903243948281996	1.0001018383854885
2.095527196430618	1.893973472757855	0.06693270994200308	0.7602249468222712	0.10047817518497293	97.7790635320041	107.92087216863465	0.0019903243948281996	1.0001018383854885
2.095527196430618	1.893973472757855	0.06693270994200308	0.7602249468222712	0.10047817518497293	97.7790635320041	107.92087216863465	0.0019903243948281996	1.0001019223632974
2.095527196430618	1.893973472757855	0.06693270994200308	0.7602249468222712	0.10047817518497293	97.7790635320041	107.92087216863465	0.0019903243948281996	1.0001019223632974
2.095527196430618	1.893973472757855	0.06693270994200308	0.7602249468222712	0.10047817518497293	97.7790635320041	107.92087216863465	0.0019903243948281996	1.0001019223632974
2.095527196430618	1.893973472757855	0.06708545348268538	0.7602249468222712	0.10047817518497293	97.7790635320041	107.92087216863465	0.0019903243948281996	1.0001019223632974
2.095531560716203	1.893973472757855	0.06708545348268538	0.7602249468222712	0.10047817518497293	97.7790635320041	107.92087216863465	0.0019903243948281996	1.0001019223632974
2.0955328693508384	1.893973472757855	0.06708545348268538	0.7602249468222712	0.10047817518497293	97.7790635320041	107.92087216863465	0.0019903243948281996	1.0001019223632974
2.0955328693508384	1.893973472757855	0.06708039591532056	0.7602249468222712	0.10047817518497293	97.7790635320041	107.92087216863465	0.0019903243948281996	1.0001019223632974
2.0955328693508384	1.893973472757855	0.06708039591532056	0.7602249468222712	0.10047832609681388	97.7790635320041	107.92087216863465	0.0019903243948281996	1.0001019223632974
2.0955328693508384	1.893973472757855	0.06708039591532056	0.7602249468222712	0.10047832609681388	97.7790635320041	107.92087216863465	0.0019903243948281996	1.0001019223632974
2.0955328693508384	1.893973472757855	0.06708036079933317	0.7602249468222712	0.10047832609681388	97.7790635320041	107.92087216863465	0.0019903243948281996	1.0001019223632974
2.0955328693508384	1.893973472757855	0.06708036079933317	0.7602249468222712	0.10047832609681388	97.7790635320041	111.92171880546977	0.0019903243948281996	1.0001019223632974
2.0955328693508384	1.893973472757855	0.06708036079933317	0.7602249468222712	0.10047832609681388	97.7790635320041	111.92171880546977	0.0019903243948281996	1.0001019223632974
2.0955328693508384	1.893973472757855	0.06708036079933317	0.7602249468222712	0.10047832609681388	97.7790635320041	111.92171880546977	0.0019903243948281996	1.0001019223632974
2.0955328693508384	1.893973472757855	0.06708036079933317	0.7602249468222712	0.10047832609681388	97.7790635320041	111.92171880546977	0.0019903243948281996	1.0001019223632974
2.0955328693508384	1.8939674453479882	0.06708036079933317	0.7602249468222712	0.10047832609681388	97.7790635320041	111.92171880546977	0.0019903243948281996	1.0001019223632974
2.0955328693508384	1.8939674453479882	0.06708036079933317	0.7602249468222712	0.10047882552095948	97.7790635320041	111.92171880546977	0.0019903243948281996	1.0001019223632974
2.0955328693508384	1.8939674453479882	0.06708036079933317	0.7602249468222712	0.10047882552095948	97.7790635320041	111.92171880546977	0.0019903243948281996	1.0001019223632974
2.0955328693508384	1.8939674453479882	0.06708036079933317	0.7604938742061516	0.10047882552095948	97.7790635320041	111.92171880546977	0.0019903243948281996	1.0001019223632974
2.0955780539335063	1.8939674453479882	0.06708036079933317	0.7604938742061516	0.10047882552095948	97.7790635320041	111.92171880546977	0.0019903243948281996	1.0001019223632974
2.0955780539335063	1.8939674453479882	0.06708036079933317	0.7604938742061516	0.10047882552095948	97.7790635320041	111.92171880546977	0.0019903243948281996	1.0001019223632974
2.0955780539335063	1.8939674453479882	0.06708036079933317	0.7604938742061516	0.10047882552095948	97.7790635320041	111.92171880546977	0.0019903243948281996	1.0001019223632974
2.0955780539335063	1.8939674453479882	0.06708036079933317	0.7604938742061516	0.10047882552095948	97.7790345462133	111.92171880546977	0.0019903243948281996	1.0001019223632974
2.0955780539335063	1.8939674453479882	0.06708036079933317	0.7604938742061516	0.10047883985226042	97.7790345462133	111.92171880546977	0.0019903243948281996	1.0001019223632974
2.0955780539335063	1.8939674453479882	0.06708036079933317	0.7604938742061516	0.10047828269796562	97.7790345462133	111.92171880546977	0.0019903243948281996	1.0001019223632974
2.0955780539335063	1.8939674453479882	0.06708036079933317	0.7604938742061516	0.10047828269796562	97.7790345462133	111.92171880546977	0.0019903243948281996	1.0001019223632974
2.0955780539335063	1.8939674453479882	0.06708036079933317	0.7604938742061516	0.10047828269796562	97.7790345462133	111.92171880546977	0.0019903243948281996	1.0001019223632974
2.0955780539335063	1.8939674453479882	0.06708036079933317	0.7604938742061516	0.10047828269796562	97.7790345462133	111.92171880546977	0.0019903243948281996	1.0001019223632974
2.0955780539335063	1.8939674453479882	0.06708036079933317	0.7604938742061516	0.10053332656639032	97.7790345462133	111.92171880546977	0.0019903243948281996	1.0001019223632974
2.0955780539335063	1.8939674453479882	0.06708036079933317	0.7604938742061516	0.10053332656639032	97.7790345462133	111.92171880546977	0.0019903243948281996	1.0001019223632974
2.0955780539335063	1.8939674453479882	0.06708036079933317	0.7604938742061516	0.10053332656639032	97.7790345462133	111.92171880546977	0.0019903243948281996	1.0001019223632974
2.0955780539335063	1.8939674453479882	0.06708036079933317	0.7604938742061516	0.10053332656639032	97.7790345462133	111.92171880546977	0.0019903243948281996	1.0001019223632974
2.0955780539335063	1.8939674453479882	0.06708036079933317	0.7604938742061516	0.10053553085890328	97.7790345462133	111.92171880546977	0.0019903243948281996	1.0001019223632974
2.0955780539335063	1.893967547426852	0.06708036079933317	0.7604938742061516	0.10053553085890328	97.7790345462133	111.92171880546977	0.0019903243948281996	1.0001019223632974
2.0955780539335063	1.893967547426852	0.06709969481655427	0.7604938742061516	0.10053553085890328	97.7790345462133	111.92171880546977	0.0019903243948281996	1.0001019223632974
2.0955780539335063	1.893967547426852	0.06709969481655427	0.7604938742061516	0.10053553085890328	97.7790345462133	111.92171880546977	0.0019903243948281996	1.0001019223632974
2.0955780539335063	1.893967547426852	0.06709969481655427	0.7605479980052428	0.10053553085890328	97.7790345462133	111.92171880546977	0.0019903243948281996	1.0001019223632974
2.0955780539335063	1.893967547426852	0.0671481033928489	0.7605479980052428	0.10053553085890328	97.7790345462133	111.92171880546977	0.0019903243948281996	1.0001019223632974
2.0955780539335063	1.893967547426852	0.0671481033928489	0.7605479980052428	0.10053553085890328	97.7790345462133	111.92171880546977	0.0019903243948281996	1.0001019223632974
2.0955780539335063	1.893967547426852	0.0671481033928489	0.7605479980052428	0.10053527975001703	97.7790345462133	111.92171880546977	0.0019903243948281996	1.0001019223632974
2.0955780539335063	1.893967547426852	0.0671481033928489	0.7605479980052428	0.10053527975001703	97.7790345462133	111.92171880546977	0.0019903243948281996	1.0001019223632974
2.0955780539335063	1.893967547426852	0.0671481033928489	0.7605479980052428	0.10053527975001703	97.7790345462133	111.92171880546977	0.0019903243948281996	1.0001019223632974
2.0955780539335063	1.8939668074462899	0.0671481033928489	0.7605479980052428	0.10053527975001703	97.7790345462133	111.92171880546977	0.0019903243948281996	1.0001019223632974
2.0955780539335063	1.8939668074462899	0.0671481033928489	0.7605479980052428	0.10053527975001703	97.7790345462133	111.92171880546977	0.0019903243948281996	1.0001019223632974
2.0955780539335063	1.8939668074462899	0.0671481033928489	0.7605479980052428	0.10053527975001703	97.7790345462133	111.92171880546977	0.0019903243948281996	1.0001019223632974
2.0955780539335063	1.8939664017601887	0.0671481033928489	0.7605479980052428	0.10053527975001703	97.7790345462133	111.92171880546977	0.0019903243948281996	1.0001019223632974
2.0955780539335063	1.8939664017601887	0.06714930679972805	0.7605479980052428	0.10053527975001703	97.7790345462133	111.92171880546977	0.0019903243948281996	1.0001019223632974
2.0955780539335063	1.8939664017601887	0.06714930679972805	0.7605479980052428	0.10053527975001703	97.7790345462133	111.92171880546977	0.0019903243948281996	1.0001019223632974
2.0955780539335063	1.8939664017601887	0.06714930679972805	0.7605479980052428	0.10053527975001703	97.7790345462133	111.92171880546977	0.0019903243948281996	1.0001019223632974
2.0955780539335063	1.8939664017601887	0.06714930679972805	0.7605479980052428	0.10053527975001703	97.7790345462133	111.92171880546977	0.0019903243948281996	1.0001019223632974
2.097344137371192	1.8939664017601887	0.06714930679972805	0.7605479980052428	0.10053527975001703	97.7790345462133	111.92171880546977	0.0019903243948281996	1.0001019223632974
2.0960959668708887	1.8939664017601887	0.06714930679972805	0.7605479980052428	0.10053527975001703	97.7790345462133	111.92171880546977	0.0019903243948281996	1.0001019223632974
2.0960959668708887	1.8939664017601887	0.06714930679972805	0.7605479980052428	0.10053527975001703	97.7790345462133	111.92171880546977	0.0019903243948281996	1.0001019223632974
2.0960959668708887	1.8939664017601887	0.06714613728062489	0.7605479980052428	0.10053527975001703	97.7790345462133	111.92171880546977	0.0019903243948281996	1.0001019223632974
2.096049796757226	1.8939664017601887	0.06714613728062489	0.7605479980052428	0.10053527975001703	97.7790345462133	111.92171880546977	0.0019903243948281996	1.0001019223632974
2.096049796757226	1.8939664017601887	0.06714613728062489	0.7605479980052428	0.10053527975001703	97.7790345462133	111.92171880546977	0.0019903243948281996	1.0001019223632974
2.096049796757226	1.8939664017601887	0.06714613728062489	0.7605479980052428	0.10053527975001703	97.7790345462133	111.92171880546977	0.0019903243948281996	1.0001019223632974
2.096049796757226	1.8939664017601887	0.06714613728062489	0.7605479980052428	0.10053527975001703	97.7790345462133	111.92171880546977	0.0019903243948281996	1.0001019223632974
2.096049796757226	1.8939664017601887	0.06714613728062489	0.7605479980052428	0.10053527975001703	97.7790345462133	111.92171880546977	0.0019903243948281996	1.0001019223632974
2.096049796757226	1.8939664017601887	0.06714613728062489	0.7605479980052428	0.10053527975001703	97.7790345462133	111.92171880546977	0.0019903243948281996	1.0001019223632974
2.096049796757226	1.8939664017601887	0.06714613728062489	0.7605479980052428	0.10053527975001703	97.7790345462133	111.92171880546977	0.0019903243948281996	1.0001019223632974
2.096049796757226	1.8939664017601887	0.06714613728062489	0.7605479980052428	0.10052235252167058	97.7790345462133	111.92171880546977	0.0019903243948281996	1.0001019223632974
2.096049796757226	1.8939664017601887	0.06714613728062489	0.7605479980052428	0.10052235252167058	97.7790345462133	111.92171880546977	0.0019903243948281996	1.0001019223632974
2.096049796757226	1.8939664017601887	0.06714613728062489	0.7605479980052428	0.10052235252167058	97.7790345462133	111.92171880546977	0.0019903243948281996	1.0001019223632974
2.096049796757226	1.8939664017601887	0.06714613728062489	0.7605479980052428	0.10052235252167058	97.7790345462133	111.92171880546977	0.0019903243948281996	1.00010563330367
2.096049796757226	1.8939664017601887	0.06714613728062489	0.7605479980052428	0.10052235252167058	97.7790345462133	111.92171880546977	0.0019903243948281996	1.00010563330367
2.096049796757226	1.8939664017601887	0.06714613728062489	0.7605479980052428	0.10052235252167058	97.7790345462133	111.92171880546977	0.0019903243948281996	1.00010563330367
2.096049796757226	1.8939673186427202	0.06714613728062489	0.7605479980052428	0.10052235252167058	97.7790345462133	111.92171880546977	0.0019903243948281996	1.00010563330367
2.096049796757226	1.8939673186427202	0.06714613728062489	0.7605479980052428	0.10052235252167058	97.7790345462133	111.92171880546977	0.0019903243948281996	1.00010563330367
2.096049796757226	1.8939673186427202	0.06714613728062489	0.760522081005864	0.10052235252167058	97.7790345462133	111.92171880546977	0.0019903243948281996	1.00010563330367
2.096049796757226	1.8939673186427202	0.06714613728062489	0.760522081005864	0.10052235252167058	97.7790345462133	111.92171880546977	0.0019903243948281996	1.00010563330367
2.096049796757226	1.8939673186427202	0.06714613728062489	0.760522081005864	0.10052235252167058	97.7790345462133	109.8813751040391	0.0019903243948281996	1.00010563330367
2.096049796757226	1.8939673186427202	0.06714613728062489	0.760522081005864	0.10052235252167058	97.7790345462133	109.8813751040391	0.0019903243948281996	1.00010563330367
2.096049796757226	1.8939673186427202	0.06714613728062489	0.760522081005864	0.10052235252167058	97.7790345462133	109.8813751040391	0.0019903243948281996	1.00010563330367
2.096049796757226	1.8939673186427202	0.06714613728062489	0.760522081005864	0.10052235252167058	97.7790345462133	111.15281528273724	0.0019903243948281996	1.00010563330367
2.096049796757226	1.8939673186427202	0.06714613728062489	0.760522081005864	0.10052235252167058	97.7790345462133	111.15281528273724	0.0019903243948281996	1.00010563330367
2.096049796757226	1.8939673186427202	0.06714613728062489	0.760522081005864	0.10052235252167058	97.7790345462133	111.15281528273724	0.0019903243948281996	1.00010563330367
2.096049796757226	1.8939673186427202	0.06714613728062489	0.760522081005864	0.10052235252167058	97.7790345462133	111.15281528273724	0.0019903243948281996	1.00010563330367
2.096049796757226	1.8939673186427202	0.06714613728062489	0.760522081005864	0.10052235252167058	97.7790345462133	111.15281528273724	0.001993167971013952	1.00010563330367
2.096049796757226	1.8939673186427202	0.06714613728062489	0.760522081005864	0.10052235252167058	97.7790345462133	111.15281528273724	0.001993167971013952	1.00010563330367
2.096049796757226	1.8939673186427202	0.06714613728062489	0.760522081005864	0.10052235252167058	97.7790345462133	110.25826158780808	0.001993167971013952	1.00010563330367
2.096049796757226	1.8939673186427202	0.06714613728062489	0.760522081005864	0.10052235252167058	97.7790345462133	110.25826158780808	0.001993167971013952	1.00010563330367
2.096049796757226	1.8939673186427202	0.06714613728062489	0.760522081005864	0.10052235252167058	97.7790345462133	110.2240704329147	0.001993167971013952	1.00010563330367
2.096049796757226	1.8939673186427202	0.06713995542825076	0.760522081005864	0.10052235252167058	97.7790345462133	110.2240704329147	0.001993167971013952	1.00010563330367
2.096049796757226	1.8939677673471451	0.06713995542825076	0.760522081005864	0.10052235252167058	97.7790345462133	110.2240704329147	0.001993167971013952	1.00010563330367
2.096049796757226	1.8939677673471451	0.06713995542825076	0.760522081005864	0.10052235252167058	97.7790345462133	110.2240704329147	0.001993167971013952	1.00010563330367
2.096049796757226	1.8939677673471451	0.06713995542825076	0.760522081005864	0.10052235252167058	97.7790345462133	110.2240704329147	0.001993167971013952	1.00010563330367
2.096049796757226	1.8939085519818337	0.06713995542825076	0.760522081005864	0.10052235252167058	97.7790345462133	110.2240704329147	0.001993167971013952	1.00010563330367
2.096049796757226	1.8939085519818337	0.06713995542825076	0.760522081005864	0.10052235252167058	97.7790345462133	110.2240704329147	0.001993167971013952	1.00010563330367
2.096049796757226	1.8939085519818337	0.06713995542825076	0.7603820581917741	0.10052235252167058	97.7790345462133	110.2240704329147	0.001993167971013952	1.00010563330367
2.096049796757226	1.8939085519818337	0.06713995542825076	0.7603820581917741	0.10052235252167058	97.7790345462133	110.2240704329147	0.001993167971013952	1.00010563330367
2.0961138550765286	1.8939085519818337	0.06713995542825076	0.7603820581917741	0.10052235252167058	97.7790345462133	110.2240704329147	0.001993167971013952	1.00010563330367
2.0961138550765286	1.8939085519818337	0.06713995542825076	0.7603820581917741	0.10052235252167058	97.7790345462133	110.2240704329147	0.001993167971013952	1.00010563330367
2.0961138550765286	1.8939085519818337	0.06713995542825076	0.7603820581917741	0.10052235252167058	97.7790345462133	110.2240704329147	0.0019934085497687053	1.00010563330367
2.0961138550765286	1.8939085519818337	0.06713995542825076	0.7603820581917741	0.10052235252167058	97.77916286137861	110.2240704329147	0.0019934085497687053	1.00010563330367
2.0961138550765286	1.8936278597291725	0.06713995542825076	0.7603820581917741	0.10052235252167058	97.77916286137861	110.2240704329147	0.0019934085497687053	1.00010563330367
2.0961138550765286	1.8936278597291725	0.06713995542825076	0.7603820581917741	0.10052235252167058	97.77916286137861	110.2240704329147	0.0019934085497687053	1.0000985312954076
2.0961138550765286	1.8936269396938417	0.06713995542825076	0.7603820581917741	0.10052235252167058	97.77916286137861	110.2240704329147	0.0019934085497687053	1.0000985312954076
2.0961138550765286	1.8936269396938417	0.06713995542825076	0.7603890398747487	0.10052235252167058	97.77916286137861	110.2240704329147	0.0019934085497687053	1.0000985312954076
2.0961138550765286	1.8936269396938417	0.06713995542825076	0.7603890398747487	0.1005091959660336	97.77916286137861	110.2240704329147	0.0019934085497687053	1.0000985312954076
2.0961138550765286	1.8936269396938417	0.06713995542825076	0.7603890398747487	0.1005091959660336	97.77916286137861	110.2240704329147	0.0019934085497687053	1.000097666393475
2.0961138550765286	1.8936269396938417	0.06713995542825076	0.7603890398747487	0.1005091959660336	97.77916286137861	110.2240704329147	0.0019934085497687053	1.000097666393475
2.0961138550765286	1.8936269396938417	0.06713995542825076	0.7603890398747487	0.1005091959660336	97.77916286137861	110.2240704329147	0.0019934085497687053	1.000097666393475
2.0961138550765286	1.8936269396938417	0.06713995542825076	0.7603890398747487	0.1005174314021273	97.77916286137861	110.2240704329147	0.0019934085497687053	1.000097666393475
2.0961138550765286	1.8936269396938417	0.06713995542825076	0.7603890398747487	0.1005174314021273	97.77916286137861	110.2240704329147	0.0019934085497687053	1.000097666393475
2.0961138550765286	1.8901874040683233	0.06713995542825076	0.7603890398747487	0.1005174314021273	97.77916286137861	110.2240704329147	0.0019934085497687053	1.000097666393475
2.0961138550765286	1.8901874040683233	0.06713995542825076	0.7603890398747487	0.1005174314021273	97.78195815328648	110.2240704329147	0.0019934085497687053	1.000097666393475
2.0961138550765286	1.8901874040683233	0.06713982445843326	0.7603890398747487	0.1005174314021273	97.78195815328648	110.2240704329147	0.0019934085497687053	1.000097666393475
2.0961138550765286	1.8901874040683233	0.06713982445843326	0.7603890398747487	0.1005174314021273	97.78195815328648	110.2240704329147	0.0019934294856864625	1.000097666393475
2.0961138550765286	1.8901874040683233	0.06713982445843326	0.7603890398747487	0.1005174314021273	97.78195815328648	110.2240704329147	0.001993585215560284	1.000097666393475
2.0961138550765286	1.8901874040683233	0.06713982445843326	0.7603890398747487	0.1005174314021273	97.78199771000811	110.2240704329147	0.001993585215560284	1.000097666393475
2.0961138550765286	1.8901874040683233	0.06713982445843326	0.7603890398747487	0.1005174314021273	97.78203754105981	110.2240704329147	0.001993585215560284	1.000097666393475
2.0961138550765286	1.8901874040683233	0.06713982445843326	0.7603890398747487	0.1005174314021273	97.78203754105981	110.2240704329147	0.001998510863095265	1.000097666393475
2.0961138550765286	1.8901874040683233	0.06713982445843326	0.7603890398747487	0.1005174314021273	97.78203754105981	110.30188622371654	0.001998510863095265	1.000097666393475
2.0961138550765286	1.8901874040683233	0.06713982445843326	0.7603890398747487	0.1005174314021273	97.78203754105981	110.30188622371654	0.001998510863095265	1.000097666393475
2.0961138550765286	1.8901874040683233	0.06713982445843326	0.7603890398747487	0.1005174314021273	97.78203754105981	110.30188622371654	0.001998510863095265	1.000097666393475
2.0961138550765286	1.8901874040683233	0.06713982445843326	0.7603890398747487	0.1005174314021273	97.78203754105981	110.30188622371654	0.001998510863095265	1.000097666393475
2.0961138550765286	1.8901874040683233	0.06713982445843326	0.7603890398747487	0.1005174314021273	97.78203754105981	110.30188622371654	0.001998510863095265	1.000097666393475
2.0961138550765286	1.8901874040683233	0.06719732007418676	0.7603890398747487	0.1005174314021273	97.78203754105981	110.30188622371654	0.001998510863095265	1.000097666393475
2.0961138550765286	1.8901874040683233	0.06719732007418676	0.7603890398747487	0.1005174314021273	97.78203754105981	110.30188622371654	0.001998510863095265	1.000097666393475
2.0961138550765286	1.8901874040683233	0.06719732007418676	0.7603890398747487	0.1005174314021273	97.78203754105981	110.30188622371654	0.001998510863095265	1.000097666393475
2.0961138550765286	1.8901874040683233	0.06719732007418676	0.7604476821679004	0.1005174314021273	97.78203754105981	110.30188622371654	0.001998510863095265	1.000097666393475
2.0961138550765286	1.8901874040683233	0.06719732007418676	0.7604476821679004	0.1005174314021273	97.78203754105981	110.30188622371654	0.0019984454732094796	1.000097666393475
2.0961138550765286	1.8901874040683233	0.06719732007418676	0.7604476821679004	0.1005174314021273	97.78203754105981	110.11483062480441	0.0019984454732094796	1.000097666393475
2.0961138550765286	1.8901874040683233	0.06719732007418676	0.7604476821679004	0.10035577367063167	97.78203754105981	110.11483062480441	0.0019984454732094796	1.000097666393475
2.0961138550765286	1.8901874040683233	0.06719732007418676	0.7604476821679004	0.10035577367063167	97.78203754105981	110.11483062480441	0.0019984454732094796	1.000097666393475
2.0961138550765286	1.8901874040683233	0.06719732007418676	0.7604476821679004	0.10035577367063167	97.78203754105981	110.11483062480441	0.0019984454732094796	1.000097666393475
2.0961138550765286	1.8901874040683233	0.06719732007418676	0.7604476821679004	0.10035577367063167	97.78203754105981	110.11483062480441	0.0019981517294578874	1.000097666393475
2.0961138550765286	1.8901874040683233	0.06719732007418676	0.7604476821679004	0.10035577367063167	97.78203754105981	110.11483062480441	0.0019981517294578874	1.000097666393475
2.0961138550765286	1.8901874040683233	0.06719732007418676	0.7604476821679004	0.10035577367063167	97.78203754105981	110.11483062480441	0.0019981517294578874	1.000097666393475
2.0961138550765286	1.8901874040683233	0.06719732007418676	0.7604476821679004	0.10031566292049969	97.78203754105981	110.11483062480441	0.0019981517294578874	1.000097666393475
2.0961138550765286	1.8901874040683233	0.06719732007418676	0.7604476821679004	0.10031566292049969	97.78203754105981	110.11483062480441	0.001994985407855152	1.000097666393475
2.0961138550765286	1.8901874040683233	0.0671899891981792	0.7604476821679004	0.10031566292049969	97.78203754105981	110.11483062480441	0.001994985407855152	1.000097666393475
2.0961138550765286	1.8901874040683233	0.0671899891981792	0.7604476821679004	0.10031566292049969	97.78203754105981	110.11483062480441	0.001994985407855152	1.000097666393475
2.0961138550765286	1.8901874040683233	0.0671899891981792	0.7611770830115528	0.10031566292049969	97.78203754105981	110.11483062480441	0.001994985407855152	1.000097666393475
2.0961138550765286	1.8901874040683233	0.0671899891981792	0.7611770830115528	0.10031566292049969	97.78203754105981	110.11483062480441	0.001994985407855152	1.000097666393475
2.0960657202745514	1.8901874040683233	0.0671899891981792	0.7611770830115528	0.10031566292049969	97.78203754105981	110.11483062480441	0.001994985407855152	1.000097666393475
2.0960657202745514	1.8901874040683233	0.0671899891981792	0.7611770830115528	0.10031566292049969	97.78203754105981	110.11483062480441	0.001994985407855152	1.000097666393475
2.0960657202745514	1.8901874040683233	0.0671899891981792	0.7611770830115528	0.10031566292049969	97.78161037330122	110.11483062480441	0.001994985407855152	1.000097666393475
2.0960657202745514	1.8901874040683233	0.0671899891981792	0.7611770830115528	0.10031566292049969	97.78161037330122	110.11483062480441	0.001994985407855152	1.000097666393475
2.0960657202745514	1.8901874040683233	0.0671899891981792	0.7611770830115528	0.10031566292049969	97.78161037330122	110.11483062480441	0.001994985407855152	1.000097666393475
2.0960657202745514	1.8901874040683233	0.0671899891981792	0.7611770830115528	0.10031566292049969	97.78161037330122	110.11483062480441	0.001994557888801782	1.000097666393475
2.0960657202745514	1.8901874040683233	0.0671899891981792	0.7611612656876691	0.10031566292049969	97.78161037330122	110.11483062480441	0.001994557888801782	1.000097666393475
2.0960657202745514	1.8901874040683233	0.0671899891981792	0.7611612656876691	0.1003156163228875	97.78161037330122	110.11483062480441	0.001994557888801782	1.000097666393475
2.0960657202745514	1.8901874040683233	0.0671899891981792	0.7611612656876691	0.1003156163228875	97.78161037330122	110.11483062480441	0.001994557888801782	1.000097666393475
2.0960657202745514	1.8901874040683233	0.0671899891981792	0.7611612656876691	0.1003156163228875	97.78161037330122	110.11483062480441	0.0019921525914251845	1.000097666393475
2.0960657202745514	1.8901874040683233	0.0671899891981792	0.7611612656876691	0.1003156163228875	97.78161037330122	110.11483062480441	0.0019921525914251845	1.000097666393475
2.0960657202745514	1.8901874040683233	0.0671899891981792	0.7611612656876691	0.1003156163228875	97.78161037330122	110.11483062480441	0.0019921525914251845	1.000097666393475
2.0960657202745514	1.8901874040683233	0.0671899891981792	0.7611612656876691	0.10031566723245519	97.78161037330122	110.11483062480441	0.0019921525914251845	1.000097666393475
2.0960980498697386	1.8901874040683233	0.0671899891981792	0.7611612656876691	0.10031566723245519	97.78161037330122	110.11483062480441	0.0019921525914251845	1.000097666393475
2.0960980498697386	1.8901874040683233	0.0671899891981792	0.7611612656876691	0.10031566723245519	97.78161037330122	110.11483062480441	0.0019921525914251845	1.000097666393475
2.0960980498697386	1.8901874040683233	0.0671899891981792	0.7611612656876691	0.10031566723245519	97.78161037330122	110.11487566390744	0.0019921525914251845	1.000097666393475
2.0960980498697386	1.8901874040683233	0.0671899891981792	0.7611612656876691	0.10031566723245519	97.78161037330122	110.11341152951947	0.0019921525914251845	1.000097666393475
2.0960980498697386	1.8901874040683233	0.0671899891981792	0.7611612656876691	0.10031566723245519	97.78161037330122	110.11962476703704	0.0019921525914251845	1.000097666393475
2.0960980498697386	1.8901874040683233	0.0671899891981792	0.7611612656876691	0.10031565952970438	97.78161037330122	110.11962476703704	0.0019921525914251845	1.000097666393475
2.0960980498697386	1.8901874040683233	0.0671899891981792	0.7611612656876691	0.10031565952970438	97.78161037330122	110.11962476703704	0.0019921093746922565	1.000097666393475
2.0960980498697386	1.8901874040683233	0.0671899891981792	0.7611612656876691	0.10031565952970438	97.78161037330122	110.12569800757036	0.0019921093746922565	1.000097666393475
2.0960980498697386	1.8901874040683233	0.0671899891981792	0.7611612656876691	0.10031565952970438	97.78161037330122	110.12569800757036	0.0019921093746922565	1.0000975949598752
2.0960980498697386	1.8901874040683233	0.0671899891981792	0.7611612656876691	0.10031565952970438	97.78161037330122	110.12569800757036	0.0019921093746922565	1.0000975949598752
2.0960980498697386	1.8901874040683233	0.0671899891981792	0.7611612656876691	0.10031565952970438	97.78161037330122	110.12569800757036	0.0019921093746922565	1.0000984639544197
2.0960980498697386	1.8901874040683233	0.0671899891981792	0.7611612656876691	0.10036583869777053	97.78161037330122	110.12569800757036	0.0019921093746922565	1.0000984639544197
2.0960980498697386	1.8901874040683233	0.0671899891981792	0.7611612656876691	0.10036583869777053	97.78161037330122	110.12569800757036	0.0019921093746922565	1.0000984639544197
2.095628483949585	1.8901874040683233	0.0671899891981792	0.7611612656876691	0.10036583869777053	97.78161037330122	110.12569800757036	0.0019921093746922565	1.0000984639544197
2.095628483949585	1.8901785294534394	0.0671899891981792	0.7611612656876691	0.10036583869777053	97.78161037330122	110.12569800757036	0.0019921093746922565	1.0000984639544197
2.09529641735443	1.8901785294534394	0.0671899891981792	0.7611612656876691	0.10036583869777053	97.78161037330122	110.12569800757036	0.0019921093746922565	1.0000984639544197
2.09529641735443	1.8901785294534394	0.0671899891981792	0.7611612656876691	0.10036583869777053	97.78161037330122	110.12569800757036	0.0019921093746922565	1.0000984639544197
2.09529641735443	1.8901785294534394	0.0671899891981792	0.7611612656876691	0.10036583869777053	97.78161037330122	110.12569800757036	0.0019921093746922565	1.0000984639544197
2.09529641735443	1.8901785294534394	0.0671899891981792	0.7611612656876691	0.10036583869777053	97.78161037330122	110.12569800757036	0.0019921093746922565	1.0000984639544197
2.09529641735443	1.8901785294534394	0.0671899891981792	0.7610537953884423	0.10036583869777053	97.78161037330122	110.12569800757036	0.0019921093746922565	1.0000984639544197
2.09529641735443	1.8901785294534394	0.0671899891981792	0.7610537953884423	0.10036583869777053	97.78161037330122	110.12569800757036	0.0019921093746922565	1.0000984639544197
2.09529641735443	1.8901785294534394	0.0671899891981792	0.7610537953884423	0.10036583869777053	97.78161037330122	110.12569800757036	0.0019921093746922565	1.0000984639544197
2.09529641735443	1.8901785294534394	0.0671899891981792	0.7612572504712	0.10036583869777053	97.78161037330122	110.12569800757036	0.0019921093746922565	1.0000984639544197
2.09529641735443	1.8901742198618854	0.0671899891981792	0.7612572504712	0.10036583869777053	97.78161037330122	110.12569800757036	0.0019921093746922565	1.0000984639544197
2.09529641735443	1.8901810280905595	0.0671899891981792	0.7612572504712	0.10036583869777053	97.78161037330122	110.12569800757036	0.0019921093746922565	1.0000984639544197
2.09529641735443	1.8901810280905595	0.0671899891981792	0.7612572504712	0.10036583869777053	97.78161037330122	110.12569800757036	0.0019921093746922565	1.0000984639544197
2.09529641735443	1.8901810280905595	0.0671899891981792	0.7612572504712	0.10036583869777053	97.78161037330122	110.12570404532468	0.0019921093746922565	1.0000984639544197
2.09529641735443	1.8901810280905595	0.0671899891981792	0.7612572504712	0.10036583869777053	97.78161037330122	110.12546816546815	0.0019921093746922565	1.0000984639544197
2.09529641735443	1.8901810280905595	0.0671899891981792	0.7612572504712	0.10036583869777053	97.78161037330122	110.12546816546815	0.0019921093746922565	1.0000984639544197
2.09529641735443	1.8901810280905595	0.0671899891981792	0.7612572504712	0.10036583869777053	97.78161037330122	110.12546816546815	0.0019921093746922565	1.0000984639544197
2.09529641735443	1.890190892902462	0.0671899891981792	0.7612572504712	0.10036583869777053	97.78161037330122	110.12546816546815	0.0019921093746922565	1.0000984639544197
2.09529641735443	1.890190892902462	0.0671899891981792	0.7612194767462092	0.10036583869777053	97.78161037330122	110.12546816546815	0.0019921093746922565	1.0000984639544197
2.09529641735443	1.890190892902462	0.0671899891981792	0.7612194767462092	0.10036583869777053	97.78161037330122	110.12546816546815	0.0019921093746922565	1.0000984639544197
2.09529641735443	1.890190892902462	0.06718737863079631	0.7612194767462092	0.10036583869777053	97.78161037330122	110.12546816546815	0.0019921093746922565	1.0000984639544197
2.09529641735443	1.890190892902462	0.06718737863079631	0.7612194767462092	0.10036583869777053	97.78161037330122	110.12546816546815	0.0019825139386301016	1.0000984639544197
2.0953613586377497	1.890190892902462	0.06718737863079631	0.7612194767462092	0.10036583869777053	97.78161037330122	110.12546816546815	0.0019825139386301016	1.0000984639544197
2.0953613586377497	1.890190892902462	0.06718737863079631	0.7612194767462092	0.10035537962158807	97.78161037330122	110.12546816546815	0.0019825139386301016	1.0000984639544197
2.0953613586377497	1.890190892902462	0.06718737863079631	0.7612194767462092	0.10035537962158807	97.78161037330122	110.12546816546815	0.0019825139386301016	1.0000984639544197
2.0953613586377497	1.890190892902462	0.06718737863079631	0.7612194767462092	0.10035537962158807	97.78161037330122	110.12546816546815	0.0019825139386301016	1.0000984639544197
2.0953613586377497	1.890190892902462	0.06718737863079631	0.7612194767462092	0.10035537962158807	97.78161037330122	110.12546816546815	0.001983644328960616	1.0000984639544197
2.095327625114874	1.890190892902462	0.06718737863079631	0.7612194767462092	0.10035537962158807	97.78161037330122	110.12546816546815	0.001983644328960616	1.0000984639544197
2.095327625114874	1.890190892902462	0.06718737863079631	0.7612194767462092	0.10035537962158807	97.78161037330122	110.12546816546815	0.002175447114041464	1.0000984639544197
2.095327625114874	1.890190892902462	0.06718737863079631	0.7612194767462092	0.10035537962158807	97.78161037330122	110.12546816546815	0.002175447114041464	1.0000984639544197
2.095327625114874	1.890190892902462	0.06718737863079631	0.7612194767462092	0.10035537962158807	97.78161037330122	110.1230494820714	0.002175447114041464	1.0000984639544197
2.095327625114874	1.890190892902462	0.06718737863079631	0.7612194767462092	0.10035537962158807	97.78161037330122	110.11073775475973	0.002175447114041464	1.0000984639544197
2.095327625114874	1.890190892902462	0.06718737863079631	0.7612194767462092	0.10035537962158807	97.78161037330122	110.11073775475973	0.002175447114041464	1.0000984639544197
2.095327625114874	1.890190892902462	0.06718737863079631	0.7612194767462092	0.10035537962158807	97.78161037330122	110.11073775475973	0.002175447114041464	1.0000984639544197
2.095327625114874	1.890190892902462	0.06718737863079631	0.7612194767462092	0.10035537962158807	97.78161037330122	109.82142341830234	0.002175447114041464	1.0000984639544197
2.095327625114874	1.890190892902462	0.06718737863079631	0.7612194767462092	0.10035537962158807	97.78161037330122	109.82142341830234	0.002175447114041464	1.0000984639544197
2.095327625114874	1.890190892902462	0.06718737863079631	0.7612194767462092	0.10035537962158807	97.78161037330122	109.82142341830234	0.002175447114041464	1.0000984639544197
2.095327625114874	1.890190892902462	0.06718737863079631	0.761187337006408	0.10035537962158807	97.78161037330122	109.82142341830234	0.002175447114041464	1.0000984639544197
2.095327625114874	1.8901905827368253	0.06718737863079631	0.761187337006408	0.10035537962158807	97.78161037330122	109.82142341830234	0.002175447114041464	1.0000984639544197
2.095327625114874	1.8901905827368253	0.06718737863079631	0.761187337006408	0.10035537962158807	97.78161037330122	109.82142341830234	0.002175447114041464	1.0000984639544197
2.095327625114874	1.8901905827368253	0.06718737863079631	0.761187337006408	0.10035537962158807	97.78161037330122	109.82142341830234	0.002175447114041464	1.0000984639544197
2.095327625114874	1.8901905827368253	0.06718737863079631	0.761187337006408	0.10035564685938426	97.78161037330122	109.82142341830234	0.002175447114041464	1.0000984639544197
2.095327625114874	1.8901905827368253	0.06718737863079631	0.761187337006408	0.1003453723541231	97.78161037330122	109.82142341830234	0.002175447114041464	1.0000984639544197
2.095327625114874	1.8901905827368253	0.06718737863079631	0.761187337006408	0.1003453723541231	97.78161037330122	109.82142341830234	0.002175447114041464	1.0000984639544197
2.095327625114874	1.8901905827368253	0.06718737863079631	0.761187337006408	0.1003453723541231	97.78161037330122	107.95411547284398	0.002175447114041464	1.0000984639544197
2.095327625114874	1.8901905827368253	0.06718737863079631	0.761187337006408	0.1003453723541231	97.78161037330122	107.95411547284398	0.002175447114041464	1.0000984639544197
2.095327625114874	1.8901905827368253	0.06718737863079631	0.761187337006408	0.1003453723541231	97.78161037330122	107.95411547284398	0.002175447114041464	1.0000984639544197
2.095327625114874	1.8901905827368253	0.06718737863079631	0.761187337006408	0.1003453723541231	97.78161037330122	107.97258494302297	0.002175447114041464	1.0000984639544197
2.095327625114874	1.8901905827368253	0.06718737863079631	0.761187337006408	0.1003453723541231	97.78161037330122	107.97258494302297	0.002175447114041464	1.0000984639544197
2.095327625114874	1.8901905827368253	0.06718737863079631	0.761187337006408	0.1003453723541231	97.78161037330122	107.97258494302297	0.002175447114041464	1.0000984639544197
2.095327625114874	1.8901905827368253	0.06718737863079631	0.761187337006408	0.1003453723541231	97.78161037330122	107.97258494302297	0.002175447114041464	1.000097352187684
2.095327625114874	1.8901905827368253	0.06718737863079631	0.761187337006408	0.1003453723541231	97.78161037330122	108.01201077217434	0.002175447114041464	1.000097352187684
2.095327625114874	1.8901905827368253	0.06718737863079631	0.761187337006408	0.1003453723541231	97.77994013959253	108.01201077217434	0.002175447114041464	1.000097352187684
2.095327625114874	1.8901905827368253	0.06718737863079631	0.761187337006408	0.1003453723541231	97.77994013959253	108.01201077217434	0.002175447114041464	1.000097352187684
2.095327625114874	1.8901905827368253	0.06718737863079631	0.761179361801782	0.1003453723541231	97.77994013959253	108.01201077217434	0.002175447114041464	1.000097352187684
2.095327625114874	1.8901905827368253	0.06718737863079631	0.761179361801782	0.1003453723541231	97.77994013959253	108.01201077217434	0.002175447114041464	1.000097352187684
2.095327625114874	1.8901905827368253	0.06718737863079631	0.761179361801782	0.1004399690213155	97.77994013959253	108.01201077217434	0.002175447114041464	1.000097352187684
2.095327625114874	1.8901905827368253	0.06718737863079631	0.7611938070978711	0.1004399690213155	97.77994013959253	108.01201077217434	0.002175447114041464	1.000097352187684
2.095327625114874	1.8901905827368253	0.06718737863079631	0.7611938070978711	0.1004399690213155	97.77994013959253	108.01201077217434	0.0022950721926953527	1.000097352187684
2.095327625114874	1.8901905827368253	0.06718737863079631	0.7611938070978711	0.1004399690213155	97.77994013959253	108.01201077217434	0.0022950721926953527	1.000097352187684
2.095330991805862	1.8901905827368253	0.06718737863079631	0.7611938070978711	0.1004399690213155	97.77994013959253	108.01201077217434	0.0022950721926953527	1.000097352187684
2.095330991805862	1.8901905827368253	0.06718737863079631	0.7611938070978711	0.1004399690213155	97.77994013959253	108.01201077217434	0.0022950721926953527	1.000097352187684
2.095330991805862	1.8901905827368253	0.06718737863079631	0.7611938070978711	0.10043991282570172	97.77994013959253	108.01201077217434	0.0022950721926953527	1.000097352187684
2.095330991805862	1.8901905827368253	0.06718737863079631	0.7611938070978711	0.10043991282570172	97.77994013959253	108.01201077217434	0.0022950721926953527	1.000097352187684
2.095330991805862	1.8901905827368253	0.06718737863079631	0.7611938070978711	0.10043991282570172	97.77994013959253	108.01201077217434	0.0022950721926953527	1.0000978690537945
2.095330991805862	1.8901905827368253	0.06718737863079631	0.7611938070978711	0.10043991282570172	97.77994013959253	108.01201077217434	0.0022950721926953527	1.0000978690537945
2.095195988654506	1.8901905827368253	0.06718737863079631	0.7611938070978711	0.10043991282570172	97.77994013959253	108.01201077217434	0.0022950721926953527	1.0000978690537945
2.095195988654506	1.8901905827368253	0.06718737863079631	0.7611938070978711	0.10043991282570172	97.77994013959253	108.01201077217434	0.0022950721926953527	1.0000978690537945
2.095195988654506	1.8901905827368253	0.06718737863079631	0.7611938070978711	0.10043991282570172	97.73761093120946	108.01201077217434	0.0022950721926953527	1.0000978690537945
2.095195988654506	1.8901905827368253	0.06718737863079631	0.7611938070978711	0.10043987203051943	97.73761093120946	108.01201077217434	0.0022950721926953527	1.0000978690537945
2.095195988654506	1.8901905827368253	0.06718737863079631	0.7611938070978711	0.10043987203051943	97.73761093120946	108.01201077217434	0.0022950721926953527	1.0000978690537945
2.095195988654506	1.8901905827368253	0.06718737863079631	0.7611938070978711	0.10043987203051943	97.73761093120946	108.01201077217434	0.0022966795373711795	1.0000978690537945
2.095195988654506	1.8901905827368253	0.06718737863079631	0.7611938070978711	0.10043987203051943	97.73761093120946	108.01201077217434	0.0022966795373711795	1.0000978690537945
2.095195988654506	1.8901905827368253	0.06718737863079631	0.7611938070978711	0.10043987203051943	97.73761093120946	108.01201077217434	0.0022966795373711795	1.0000978690537945
2.095195988654506	1.8901905827368253	0.06718737863079631	0.7611938070978711	0.10043987203051943	97.73761093120946	108.01201077217434	0.0022966795373711795	1.0000978690537945
2.095195988654506	1.8901905827368253	0.06718737863079631	0.7611938070978711	0.10043987203051943	97.73761093120946	108.0112906986404	0.0022966795373711795	1.0000978690537945
2.095195988654506	1.8901905827368253	0.06718737863079631	0.7611938070978711	0.10043987203051943	97.73761093120946	108.0112906986404	0.0022966795373711795	1.0000978690537945
2.0951991340630034	1.8901905827368253	0.06718737863079631	0.7611938070978711	0.10043987203051943	97.73761093120946	108.0112906986404	0.0022966795373711795	1.0000978690537945
2.0951991340630034	1.8901905827368253	0.06718737863079631	0.7611938070978711	0.10043987203051943	97.73761093120946	108.0112906986404	0.0022966795373711795	1.000105663375463
2.0951991340630034	1.8901905827368253	0.06718737863079631	0.7611938070978711	0.10043987203051943	97.73761093120946	108.01124382192137	0.0022966795373711795	1.000105663375463
2.0951991340630034	1.8901905827368253	0.06718737863079631	0.7609835663958955	0.10043987203051943	97.73761093120946	108.01124382192137	0.0022966795373711795	1.000105663375463
2.0951991340630034	1.8901905827368253	0.06718737863079631	0.7609835663958955	0.10043987203051943	97.73615897574162	108.01124382192137	0.0022966795373711795	1.000105663375463
2.0951991340630034	1.8901905827368253	0.06718737863079631	0.7609835663958955	0.10043987203051943	97.73615897574162	108.01124382192137	0.0022966795373711795	1.000105663375463
2.0951991340630034	1.8901905827368253	0.06718737863079631	0.7609835663958955	0.10051464553679348	97.73615897574162	108.01124382192137	0.0022966795373711795	1.000105663375463
2.0951991340630034	1.8901905827368253	0.06718737863079631	0.7609835663958955	0.10051464553679348	97.73615897574162	108.01124382192137	0.0022966795373711795	1.000105663375463
2.0951991340630034	1.8901905827368253	0.06718737863079631	0.7609835663958955	0.10051464553679348	97.73615897574162	108.01124382192137	0.0022966795373711795	1.000105663375463
2.0951991340630034	1.8901905827368253	0.06718737863079631	0.7609835663958955	0.10051464553679348	97.73615897574162	108.01169727550698	0.0022966795373711795	1.000105663375463
2.0951991340630034	1.8901905827368253	0.06718737863079631	0.7609835663958955	0.10051464553679348	97.73615897574162	108.01159323835523	0.0022966795373711795	1.000105663375463
2.0951991340630034	1.8901905827368253	0.06718737863079631	0.7609835663958955	0.10051464553679348	97.73615897574162	108.01159323835523	0.0022966795373711795	1.000105663375463
2.0951991340630034	1.8901905827368253	0.06718737863079631	0.7609835663958955	0.10051464553679348	97.73615897574162	107.97169209055195	0.0022966795373711795	1.000105663375463
2.0951991340630034	1.8901905827368253	0.06718737863079631	0.7609835663958955	0.10051464553679348	97.73615897574162	107.97169209055195	0.0022959690245253537	1.000105663375463
2.0951675050040097	1.8901905827368253	0.06718737863079631	0.7609835663958955	0.10051464553679348	97.73615897574162	107.97169209055195	0.0022959690245253537	1.000105663375463
2.0951675050040097	1.8901905827368253	0.06718737863079631	0.7609835663958955	0.10051464553679348	97.73615897574162	107.97169209055195	0.0022959690245253537	1.000105663375463
2.0951675050040097	1.8901905827368253	0.06718737863079631	0.7609835663958955	0.10051464553679348	97.73615897574162	107.96572389063437	0.0022959690245253537	1.000105663375463
2.0951675050040097	1.8901905827368253	0.06718737863079631	0.7609835663958955	0.10051444558721127	97.73615897574162	107.96572389063437	0.0022959690245253537	1.000105663375463
2.0951675050040097	1.8901905827368253	0.06718737863079631	0.7609835663958955	0.10051444558721127	97.73615897574162	107.80837073127603	0.0022959690245253537	1.000105663375463
2.0951675050040097	1.8901905827368253	0.06718737863079631	0.7609835663958955	0.10051444558721127	97.73022457163324	107.80837073127603	0.0022959690245253537	1.000105663375463
2.0951675050040097	1.8901905827368253	0.06718737863079631	0.7609835663958955	0.10051454618267196	97.73022457163324	107.80837073127603	0.0022959690245253537	1.000105663375463
2.0951675050040097	1.8901905827368253	0.06718737863079631	0.7609835663958955	0.10051454618267196	97.73022457163324	107.80849428444853	0.0022959690245253537	1.000105663375463
2.0951675050040097	1.8901905827368253	0.06718737863079631	0.7606333125942316	0.10051454618267196	97.73022457163324	107.80849428444853	0.0022959690245253537	1.000105663375463
2.0951675050040097	1.8901905827368253	0.06718737863079631	0.7606333125942316	0.10051454618267196	97.73022457163324	107.80849428444853	0.0022959690245253537	1.000105777011703
2.0951675050040097	1.8901905827368253	0.06718634115911129	0.7606333125942316	0.10051454618267196	97.73022457163324	107.80849428444853	0.0022959690245253537	1.000105777011703
2.0951675050040097	1.8901905827368253	0.0671882636297174	0.7606333125942316	0.10051454618267196	97.73022457163324	107.80849428444853	0.0022959690245253537	1.000105777011703
2.0951675050040097	1.8901905827368253	0.0671882636297174	0.7606333125942316	0.10051454618267196	97.72845211857832	107.80849428444853	0.0022959690245253537	1.000105777011703
2.0951675050040097	1.8901905827368253	0.0671882636297174	0.7606333125942316	0.10051454618267196	97.72845211857832	107.80849428444853	0.0022959690245253537	1.000105777011703
2.0951675050040097	1.8901905827368253	0.0671882636297174	0.7606333125942316	0.10051454618267196	97.72845211857832	107.80849428444853	0.0022959690245253537	1.000105777011703
2.0951675050040097	1.8901905827368253	0.0671882636297174	0.7606333125942316	0.10051454618267196	97.72845211857832	107.80849428444853	0.0022959690245253537	1.000105777011703
2.0951675050040097	1.8901905827368253	0.0671882636297174	0.7606333125942316	0.10051454618267196	97.72845211857832	107.80849428444853	0.0022959690245253537	1.000105777011703
2.0951675050040097	1.8901905827368253	0.0671882636297174	0.7606333125942316	0.10051454618267196	97.72845211857832	107.80846373843798	0.0022959690245253537	1.000105777011703
2.0951675050040097	1.8901905827368253	0.0671882636297174	0.7606333125942316	0.10051454618267196	97.72845211857832	107.80846373843798	0.0022959690245253537	1.000105777011703
2.0951675050040097	1.8901905827368253	0.0671882636297174	0.7606333125942316	0.10051454618267196	97.72611942673457	107.80846373843798	0.0022959690245253537	1.000105777011703
2.0951675050040097	1.8901905827368253	0.0671882636297174	0.7606333125942316	0.10051454618267196	97.72611942673457	107.80846373843798	0.0022959690245253537	1.000105777011703
2.0951675050040097	1.8901905827368253	0.0671882636297174	0.7606333125942316	0.10051454618267196	97.72611942673457	107.80846373843798	0.0022959690245253537	1.000105777011703
2.0951675050040097	1.8901672024357539	0.0671882636297174	0.7606333125942316	0.10051454618267196	97.72611942673457	107.80846373843798	0.0022959690245253537	1.000105777011703
2.0951675050040097	1.8901672024357539	0.0671882636297174	0.7606333125942316	0.10051454618267196	97.72611942673457	107.80846373843798	0.0022959690245253537	1.000105777011703
2.0951675050040097	1.890168016228117	0.0671882636297174	0.7606333125942316	0.10051454618267196	97.72611942673457	107.80846373843798	0.0022959690245253537	1.000105777011703
2.0951675050040097	1.8901680129453466	0.0671882636297174	0.7606333125942316	0.10051454618267196	97.72611942673457	107.80846373843798	0.0022959690245253537	1.000105777011703
2.0951675050040097	1.8901680129453466	0.0671882636297174	0.7606333125942316	0.10051454618267196	97.72611942673457	107.80846373843798	0.0023300653600258057	1.000105777011703
2.0951675050040097	1.8901680129453466	0.0671882636297174	0.7606333125942316	0.10051454618267196	97.72611942673457	107.82460324004644	0.0023300653600258057	1.000105777011703
2.0951675050040097	1.8901680129453466	0.0671882636297174	0.7605504367243897	0.10051454618267196	97.72611942673457	107.82460324004644	0.0023300653600258057	1.000105777011703
2.0951675050040097	1.8901680129453466	0.0671882636297174	0.7605504367243897	0.10051454618267196	97.72611942673457	107.82460324004644	0.0023300653600258057	1.000105777011703
2.0951675050040097	1.8901680129453466	0.0671882636297174	0.7605504367243897	0.10051454618267196	97.72611942673457	107.82460324004644	0.0023300653600258057	1.000105777011703
2.0951675050040097	1.8901680129453466	0.0671882636297174	0.7605504367243897	0.10051454618267196	97.72611942673457	107.82460324004644	0.0023336800517876383	1.000105777011703
2.0951675050040097	1.8901680129453466	0.0671882636297174	0.7605504367243897	0.10051454618267196	97.72611942673457	107.82460324004644	0.0023336800517876383	1.000105777011703
2.0951675050040097	1.8901680129453466	0.0671882636297174	0.7605504367243897	0.10051454618267196	97.72611942673457	107.82460324004644	0.0023336800517876383	1.000105777011703
2.0951675050040097	1.8901680129453466	0.0671882636297174	0.7605504367243897	0.10051454618267196	97.72611942673457	107.82460324004644	0.0023336800517876383	1.000105777011703
2.0951675050040097	1.8901680129453466	0.0671882636297174	0.7605504367243897	0.10051454618267196	97.72611942673457	107.82460324004644	0.0023336800517876383	1.000105777011703
2.0951675050040097	1.8901680129453466	0.0671882636297174	0.7605504367243897	0.10051433270537916	97.72611942673457	107.82460324004644	0.0023336800517876383	1.000105777011703
2.0951675050040097	1.8901680129453466	0.0671882636297174	0.7605504367243897	0.10051433270537916	97.72611942673457	107.82460324004644	0.0023336800517876383	1.000105777011703
2.0951675050040097	1.8901680129453466	0.0671882636297174	0.7605504367243897	0.10051433270537916	97.72611942673457	107.82460324004644	0.0023336800517876383	1.000105777011703
2.0951675050040097	1.8901680129453466	0.0671882636297174	0.7605504367243897	0.10051433270537916	97.72611942673457	107.82460324004644	0.0023336800517876383	1.000105777011703
2.0951675050040097	1.8901680129453466	0.0671882636297174	0.7605504367243897	0.10051433270537916	97.72611942673457	107.82460324004644	0.0023339135097037314	1.000105777011703
2.0952309802728566	1.8901680129453466	0.0671882636297174	0.7605504367243897	0.10051433270537916	97.72611942673457	107.82460324004644	0.0023339135097037314	1.000105777011703
2.0952309802728566	1.8901680129453466	0.0671882636297174	0.7605504367243897	0.10051410825250988	97.72611942673457	107.82460324004644	0.0023339135097037314	1.000105777011703
2.0952309802728566	1.8901680129453466	0.0671882636297174	0.7605504367243897	0.10049143107673535	97.72611942673457	107.82460324004644	0.0023339135097037314	1.000105777011703
2.0952309802728566	1.8901680129453466	0.0671882636297174	0.7605504367243897	0.10049143107673535	97.72611942673457	107.82460324004644	0.0023339135097037314	1.000105777011703
2.0952309802728566	1.8901680129453466	0.0671882636297174	0.7605504367243897	0.10049143107673535	97.72611942673457	107.82460324004644	0.0023338704062389483	1.000105777011703
2.0952309802728566	1.8901680129453466	0.0671882636297174	0.7605504367243897	0.10049143107673535	97.72611942673457	107.82460324004644	0.0023338704062389483	1.000105777011703
2.0952309802728566	1.8901680129453466	0.0671882636297174	0.7605504367243897	0.10049143107673535	97.72611942673457	107.82460324004644	0.0023338704062389483	1.000105777011703
2.0952309802728566	1.8901680129453466	0.0671882636297174	0.7605504367243897	0.10049143107673535	97.72611942673457	108.21002141852581	0.0023338704062389483	1.000105777011703
2.0952309802728566	1.8901680129453466	0.0671882636297174	0.7605504367243897	0.10044030228423517	97.72611942673457	108.21002141852581	0.0023338704062389483	1.000105777011703
2.0952309802728566	1.8901680129453466	0.0671882636297174	0.7605165390830816	0.10044030228423517	97.72611942673457	108.21002141852581	0.0023338704062389483	1.000105777011703
2.0952309802728566	1.8901680129453466	0.0671882636297174	0.7605165390830816	0.10044030228423517	97.72611942673457	108.21002141852581	0.0023338704062389483	1.000105777011703
2.0952309802728566	1.8901680129453466	0.0671882636297174	0.7605165390830816	0.10044030228423517	97.72611942673457	108.21002141852581	0.0023338704062389483	1.000105777011703
2.0952309802728566	1.8901680129453466	0.0671882636297174	0.7605165390830816	0.10044030228423517	97.72611942673457	108.21002141852581	0.002333721925183275	1.000105777011703
2.0952309802728566	1.8901680129453466	0.0671882636297174	0.7605165390830816	0.10044030228423517	97.72611942673457	108.21002141852581	0.002333721925183275	1.000105777011703
2.0952309802728566	1.8901680129453466	0.0671882636297174	0.7605165390830816	0.10044030228423517	97.72611942673457	108.21002141852581	0.002333721925183275	1.000105777011703
2.0952309802728566	1.8901680129453466	0.0671882636297174	0.7605165390830816	0.10044030228423517	97.72611942673457	108.21002141852581	0.002333721925183275	1.000105777011703
2.0952309802728566	1.8901680129453466	0.0671882636297174	0.7605165390830816	0.10044030228423517	97.72611942673457	108.21002141852581	0.002333733028295922	1.000105777011703
2.0952309802728566	1.8901647694961685	0.0671882636297174	0.7605165390830816	0.10044030228423517	97.72611942673457	108.21002141852581	0.002333733028295922	1.000105777011703
2.0952309802728566	1.8901647694961685	0.0671882636297174	0.7605165390830816	0.10044030228423517	97.72611942673457	108.21002141852581	0.002333379387873195	1.000105777011703
2.0952309802728566	1.8901660566311678	0.0671882636297174	0.7605165390830816	0.10044030228423517	97.72611942673457	108.21002141852581	0.002333379387873195	1.000105777011703
2.0952309802728566	1.8908425386358407	0.0671882636297174	0.7605165390830816	0.10044030228423517	97.72611942673457	108.21002141852581	0.002333379387873195	1.000105777011703
2.0952309802728566	1.8908425386358407	0.0671882636297174	0.7605165390830816	0.10044030228423517	97.72611942673457	108.21002141852581	0.002333379387873195	1.000105777011703
2.0952309802728566	1.8908425386358407	0.0671882636297174	0.7605165390830816	0.10044030228423517	97.72611942673457	108.21002141852581	0.002333379387873195	1.000105777011703
2.0952309802728566	1.8908425386358407	0.0671882636297174	0.7605165390830816	0.10044030228423517	97.72611942673457	108.21002141852581	0.002333379387873195	1.000105777011703
2.0952309802728566	1.8916500167295127	0.0671882636297174	0.7605165390830816	0.10044030228423517	97.72611942673457	108.21002141852581	0.002333379387873195	1.000105777011703
2.0952309802728566	1.8916986198105956	0.0671882636297174	0.7605165390830816	0.10044030228423517	97.72611942673457	108.21002141852581	0.002333379387873195	1.000105777011703
2.0952309802728566	1.8916986198105956	0.0671882636297174	0.7605165390830816	0.10044030228423517	97.72611942673457	108.21002141852581	0.002333379387873195	1.000105777011703
2.0952309802728566	1.8916986198105956	0.0671882636297174	0.7605165390830816	0.10044030228423517	97.72611942673457	108.21002141852581	0.002333379387873195	1.0001060819854264
2.0952309802728566	1.8916986198105956	0.0671882636297174	0.7605165390830816	0.10008688245349046	97.72611942673457	108.21002141852581	0.002333379387873195	1.0001060819854264
2.0952309802728566	1.8916986198105956	0.0671882636297174	0.7605165390830816	0.10008688245349046	97.72611942673457	108.21002141852581	0.002327114067025093	1.0001060819854264
2.0952309802728566	1.8916986198105956	0.0671882636297174	0.7605165390830816	0.10008645037207917	97.72611942673457	108.21002141852581	0.002327114067025093	1.0001060819854264
2.0952309802728566	1.8916986198105956	0.0671882636297174	0.7605165390830816	0.10008645037207917	97.72611942673457	108.21002141852581	0.002327114067025093	1.0001060819854264
2.0952309802728566	1.8916986198105956	0.0671882636297174	0.7605165390830816	0.10008645037207917	97.72611942673457	108.21002141852581	0.002327114067025093	1.0001055979557472
2.0952309802728566	1.8916986198105956	0.0671882636297174	0.7605165390830816	0.10008645037207917	97.72597876721574	108.21002141852581	0.002327114067025093	1.0001055979557472
2.0952309802728566	1.8916986198105956	0.0671882636297174	0.7605165390830816	0.10008645037207917	97.72597876721574	108.21002141852581	0.0020370449712668473	1.0001055979557472
2.0952309802728566	1.8916986198105956	0.0671882636297174	0.7605165390830816	0.10008645037207917	97.72597876721574	108.21002141852581	0.0020370449712668473	1.0001055979557472
2.0952309802728566	1.8916986198105956	0.0671882636297174	0.7605165390830816	0.10008645037207917	97.72597876721574	108.21002141852581	0.0020370449712668473	1.0001055979557472
2.0952309802728566	1.8916986198105956	0.0671882636297174	0.7605165390830816	0.10008645037207917	97.72597876721574	108.21002141852581	0.0020370449712668473	1.0001055979557472
2.0952309802728566	1.8916986198105956	0.0671882636297174	0.7605165390830816	0.10008645037207917	97.72597876721574	108.21002141852581	0.0020370449712668473	1.0001055979557472
2.0952309802728566	1.8916986198105956	0.0671882636297174	0.7605165390830816	0.1000859108112192	97.72597876721574	108.21002141852581	0.0020370449712668473	1.0001055979557472
2.0952309802728566	1.8916986198105956	0.0671882636297174	0.7605165390830816	0.1000859108112192	97.72597876721574	108.21002141852581	0.0020370449712668473	1.0001055979557472
2.0952309802728566	1.8916986198105956	0.0671882636297174	0.7605165390830816	0.1000859108112192	97.72980885895022	108.21002141852581	0.0020370449712668473	1.0001055979557472
2.0952309802728566	1.891539974559736	0.0671882636297174	0.7605165390830816	0.1000859108112192	97.72980885895022	108.21002141852581	0.0020370449712668473	1.0001055979557472
2.09522144591912	1.891539974559736	0.0671882636297174	0.7605165390830816	0.1000859108112192	97.72980885895022	108.21002141852581	0.0020370449712668473	1.0001055979557472
2.09522144591912	1.891539974559736	0.0671882636297174	0.7605165390830816	0.1000859108112192	97.72980885895022	108.21002141852581	0.0020370449712668473	1.0001055979557472
2.09522144591912	1.891539974559736	0.0671882636297174	0.7605165390830816	0.1000859108112192	97.72980885895022	108.21002141852581	0.0020370449712668473	1.0001055979557472
2.09522144591912	1.891539974559736	0.0671882636297174	0.7605165390830816	0.1000859108112192	97.72980885895022	108.21002141852581	0.0020370449712668473	1.0001055979557472
2.09522144591912	1.891539974559736	0.0671882636297174	0.7605165390830816	0.1000859108112192	97.72980885895022	108.21002141852581	0.0020370449712668473	1.0001055975317847
2.09522144591912	1.891536845578946	0.0671882636297174	0.7605165390830816	0.1000859108112192	97.72980885895022	108.21002141852581	0.0020370449712668473	1.0001055975317847
2.09522144591912	1.891536845578946	0.0671882636297174	0.7605165390830816	0.1000859108112192	97.72980885895022	108.0942641082353	0.0020370449712668473	1.0001055975317847
2.09522144591912	1.891536845578946	0.0671882636297174	0.7605165390830816	0.10008708862573953	97.72980885895022	108.0942641082353	0.0020370449712668473	1.0001055975317847
2.09522144591912	1.891536845578946	0.0671882636297174	0.7605165390830816	0.10008708862573953	97.75190089360615	108.0942641082353	0.0020370449712668473	1.0001055975317847
2.09522144591912	1.891536845578946	0.0671882636297174	0.7605165390830816	0.10008708862573953	97.75190089360615	105.91802724570556	0.0020370449712668473	1.0001055975317847
2.09522144591912	1.891536845578946	0.0671882636297174	0.7605165390830816	0.10008708862573953	97.75190089360615	105.91802724570556	0.0021901557821788647	1.0001055975317847
2.09522144591912	1.891536845578946	0.0671882636297174	0.7605165390830816	0.10008708862573953	97.75190089360615	105.91802724570556	0.0021901557821788647	1.0001055975317847
2.09522144591912	1.891536845578946	0.0671882636297174	0.7605165390830816	0.10003182861944358	97.75190089360615	105.91802724570556	0.0021901557821788647	1.0001055975317847
2.09522144591912	1.891536845578946	0.0671882636297174	0.7605165390830816	0.10003182861944358	97.75284210504081	105.91802724570556	0.0021901557821788647	1.0001055975317847
2.09522144591912	1.891536845578946	0.0671882636297174	0.7605165390830816	0.10003182861944358	97.75284210504081	105.91802724570556	0.0021901557821788647	1.0001055975317847
2.09522144591912	1.891536845578946	0.0671882636297174	0.7605165390830816	0.10003182861944358	97.75284210504081	105.91802724570556	0.0021901557821788647	1.0001055975317847
2.09522144591912	1.8915335600080292	0.0671882636297174	0.7605165390830816	0.10003182861944358	97.75284210504081	105.91802724570556	0.0021901557821788647	1.0001055975317847
2.09522144591912	1.8915335600080292	0.0671882636297174	0.7605165390830816	0.10002827583399251	97.75284210504081	105.91802724570556	0.0021901557821788647	1.0001055975317847
2.09522144591912	1.8915335600080292	0.0671882636297174	0.7605165390830816	0.10002827583399251	97.75284210504081	105.91802724570556	0.0021901557821788647	1.0001055975317847
2.09522144591912	1.8915335600080292	0.0671882636297174	0.7605165390830816	0.10002827848681695	97.75284210504081	105.91802724570556	0.0021901557821788647	1.0001055975317847
2.09522144591912	1.8915335600080292	0.0671882636297174	0.7605165390830816	0.10002827848681695	97.74803119238578	105.91802724570556	0.0021901557821788647	1.0001055975317847
2.09522144591912	1.8915335600080292	0.0671882636297174	0.7605165390830816	0.10003360929569043	97.74803119238578	105.91802724570556	0.0021901557821788647	1.0001055975317847
2.09522144591912	1.8915335600080292	0.0671882636297174	0.7605165390830816	0.10003360929569043	97.74803119238578	105.9994778955674	0.0021901557821788647	1.0001055975317847
2.095519590684463	1.8915335600080292	0.0671882636297174	0.7605165390830816	0.10003360929569043	97.74803119238578	105.9994778955674	0.0021901557821788647	1.0001055975317847
2.095519590684463	1.89153621333073	0.0671882636297174	0.7605165390830816	0.10003360929569043	97.74803119238578	105.9994778955674	0.0021901557821788647	1.0001055975317847
2.095519590684463	1.89153621333073	0.0671882636297174	0.7605165390830816	0.10002986854952402	97.74803119238578	105.9994778955674	0.0021901557821788647	1.0001055975317847
2.095519590684463	1.89153621333073	0.0671882636297174	0.7605165390830816	0.10002986854952402	97.74803119238578	105.9994778955674	0.0021901557821788647	1.0001055975317847
2.095519590684463	1.891536532081358	0.0671882636297174	0.7605165390830816	0.10002986854952402	97.74803119238578	105.9994778955674	0.0021901557821788647	1.0001055975317847
2.095519590684463	1.891536532081358	0.0671882636297174	0.7605165390830816	0.10002986854952402	97.74803119238578	105.9994778955674	0.0021901557821788647	1.0001055975317847
2.095519590684463	1.8909600557059782	0.0671882636297174	0.7605165390830816	0.10002986854952402	97.74803119238578	105.9994778955674	0.0021901557821788647	1.0001055975317847
2.095519590684463	1.8909600557059782	0.0671882636297174	0.7605165390830816	0.10002986854952402	97.74803119238578	105.9994778955674	0.0021901557821788647	1.0001055975317847
2.095519590684463	1.8909600557059782	0.0671882636297174	0.7605165390830816	0.10002986854952402	97.74803119238578	105.9994778955674	0.0021901557821788647	1.0001055975317847
2.095519590684463	1.891044164381572	0.0671882636297174	0.7605165390830816	0.10002986854952402	97.74803119238578	105.9994778955674	0.0021901557821788647	1.0001055975317847
2.095519590684463	1.891044164381572	0.0671882636297174	0.7605165390830816	0.10002986854952402	97.74803119238578	105.9994778955674	0.0021901557821788647	1.0001055975317847
2.095519590684463	1.891044164381572	0.0671882636297174	0.7605165390830816	0.10002986854952402	97.74803119238578	105.9994778955674	0.0021901557821788647	1.0001055975317847
2.095519590684463	1.891044164381572	0.0671882636297174	0.7605165390830816	0.10002986854952402	97.74803119238578	105.9994778955674	0.0021901557821788647	1.0001055975317847
2.095519590684463	1.8911355465330477	0.0671882636297174	0.7605165390830816	0.10002986854952402	97.74803119238578	105.9994778955674	0.0021901557821788647	1.0001055975317847
2.095519590684463	1.8911355465330477	0.0671882636297174	0.7605165390830816	0.10002986854952402	97.74803119238578	105.9994778955674	0.0021901557821788647	1.0001055975317847
2.095519590684463	1.8911355465330477	0.0671882636297174	0.7605165390830816	0.10002986854952402	97.74803119238578	105.93310212414244	0.0021901557821788647	1.0001055975317847
2.095519590684463	1.8911355465330477	0.0671882636297174	0.7605165390830816	0.10002134986933915	97.74803119238578	105.93310212414244	0.0021901557821788647	1.0001055975317847
2.0965340957775003	1.8911355465330477	0.0671882636297174	0.7605165390830816	0.10002134986933915	97.74803119238578	105.93310212414244	0.0021901557821788647	1.0001055975317847
2.0965340957775003	1.8911355465330477	0.0671601263957016	0.7605165390830816	0.10002134986933915	97.74803119238578	105.93310212414244	0.0021901557821788647	1.0001055975317847
2.0965340957775003	1.8911355465330477	0.0671601263957016	0.7605165390830816	0.10002134986933915	97.74803119238578	105.93310212414244	0.0021213330856568206	1.0001055975317847
2.0965340957775003	1.8911355465330477	0.0671601263957016	0.7605165390830816	0.10002134986933915	97.74803119238578	105.93310212414244	0.0021213330856568206	1.0001055975317847
2.0965340957775003	1.8911355465330477	0.0671601263957016	0.7605165390830816	0.1000217851627999	97.74803119238578	105.93310212414244	0.0021213330856568206	1.0001055975317847
2.0965340957775003	1.8911355465330477	0.0671601263957016	0.7605165390830816	0.1000217851627999	97.74803119238578	105.93310212414244	0.0022556884042254062	1.0001055975317847
2.0965340957775003	1.8911355465330477	0.0671601263957016	0.7605165390830816	0.1000217851627999	97.74876618605194	105.93310212414244	0.0022556884042254062	1.0001055975317847
2.096479371783042	1.8911355465330477	0.0671601263957016	0.7605165390830816	0.1000217851627999	97.74876618605194	105.93310212414244	0.0022556884042254062	1.0001055975317847
2.096479371783042	1.8911355465330477	0.0671601263957016	0.7605165390830816	0.1000217851627999	97.74876618605194	105.93310212414244	0.0022556884042254062	1.0001055975317847
2.096479371783042	1.8911355465330477	0.0671601263957016	0.7605165390830816	0.1000217851627999	97.74876618605194	105.93310212414244	0.0022556884042254062	1.0001055266286805
2.096479371783042	1.8911355465330477	0.0671601263957016	0.7605165390830816	0.1000217851627999	97.74876618605194	105.93310212414244	0.0022556884042254062	1.0001055266286805
2.096479371783042	1.8911355465330477	0.0671601263957016	0.7605165390830816	0.1000217851627999	97.74892906885245	105.93310212414244	0.0022556884042254062	1.0001055266286805
2.096479371783042	1.8911355465330477	0.0671601263957016	0.7605165390830816	0.1000217851627999	97.74892906885245	105.93310212414244	0.0022556884042254062	1.0001055266286805
2.096479371783042	1.8911355465330477	0.0671601263957016	0.7605165390830816	0.10002363514871067	97.74892906885245	105.93310212414244	0.0022556884042254062	1.0001055266286805
2.096479371783042	1.8911355465330477	0.0671601263957016	0.7605165390830816	0.10002363514871067	97.74892906885245	105.93310212414244	0.0022556884042254062	1.0001055266286805
2.096479371783042	1.8911355465330477	0.06720525251026076	0.7605165390830816	0.10002363514871067	97.74892906885245	105.93310212414244	0.0022556884042254062	1.0001055266286805
2.096479371783042	1.8911355465330477	0.06720525251026076	0.7605165390830816	0.10002363514871067	97.74892906885245	105.93310212414244	0.0022556884042254062	1.0001055266286805
2.0964793014770646	1.8911355465330477	0.06720525251026076	0.7605165390830816	0.10002363514871067	97.74892906885245	105.93310212414244	0.0022556884042254062	1.0001055266286805
2.0964793014770646	1.8911355465330477	0.0672044834607851	0.7605165390830816	0.10002363514871067	97.74892906885245	105.93310212414244	0.0022556884042254062	1.0001055266286805
2.0964793014770646	1.8911355465330477	0.0672044834607851	0.7605165390830816	0.10002363514871067	97.74892906885245	105.93310212414244	0.0022556884042254062	1.0001055266286805
2.0964793014770646	1.8911355465330477	0.0672044834607851	0.7605165390830816	0.10002363514871067	97.74892906885245	105.93410318917725	0.0022556884042254062	1.0001055266286805
2.0964793014770646	1.8911355465330477	0.0672044834607851	0.7605165390830816	0.10002363514871067	97.74892906885245	105.89388326956475	0.0022556884042254062	1.0001055266286805
2.0964793014770646	1.8911355465330477	0.0672044834607851	0.7605165390830816	0.10002363514871067	97.74892906885245	105.89388326956475	0.0022556884042254062	1.0001055266286805
2.0964793014770646	1.8911355465330477	0.0672044834607851	0.7605165390830816	0.10002363514871067	97.74892906885245	105.89388326956475	0.0022556884042254062	1.0001055266286805
2.0964793014770646	1.8911355465330477	0.0672044834607851	0.7605165390830816	0.10002363514871067	97.74892906885245	105.89388326956475	0.0022556884042254062	1.0001055266286805
2.0964793014770646	1.8911355465330477	0.0672044834607851	0.7605165390830816	0.10002363514871067	97.74892906885245	105.89388326956475	0.0022556884042254062	1.0001055266286805
2.0964793014770646	1.8911355465330477	0.0672044834607851	0.7605242696716318	0.10002363514871067	97.74892906885245	105.89388326956475	0.0022556884042254062	1.0001055266286805
2.0964793014770646	1.8911355465330477	0.0672044834607851	0.7605242696716318	0.10002363514871067	97.74892906885245	105.89388326956475	0.0022556884042254062	1.0001055266286805
2.0964793014770646	1.8911355465330477	0.0672044834607851	0.7605242696716318	0.10002363514871067	97.74892906885245	105.89388326956475	0.0022556884042254062	1.0001055266286805
2.0964793014770646	1.8911355465330477	0.0672044834607851	0.7605242696716318	0.10002363514871067	97.74892906885245	105.89388326956475	0.0022556884042254062	1.0001055266286805
2.0964944312115885	1.8911355465330477	0.0672044834607851	0.7605242696716318	0.10002363514871067	97.74892906885245	105.89388326956475	0.0022556884042254062	1.0001055266286805
2.0964944312115885	1.8911355465330477	0.0672044834607851	0.7605242696716318	0.10002363514871067	97.74892906885245	105.89388326956475	0.0022556884042254062	1.0001055266286805
2.0964944312115885	1.8911355465330477	0.0672044834607851	0.7605242696716318	0.10002363514871067	97.74892906885245	105.89388326956475	0.0022556628694392726	1.0001055266286805
2.0964944312115885	1.8911355465330477	0.0672044834607851	0.7605242696716318	0.10002363514871067	97.74892906885245	105.89388326956475	0.0022556628694392726	1.0001055266286805
2.0964944312115885	1.8911355465330477	0.0672044834607851	0.7605242696716318	0.10002363514871067	97.74892906885245	104.90471012107079	0.0022556628694392726	1.0001055266286805
2.0964944312115885	1.8911355465330477	0.06719989931163298	0.7605242696716318	0.10002363514871067	97.74892906885245	104.90471012107079	0.0022556628694392726	1.0001055266286805
2.0964944312115885	1.8911355465330477	0.06719989931163298	0.7605242696716318	0.10002363514871067	97.74892906885245	104.90471012107079	0.0022556628694392726	1.0001055266286805
2.0964944312115885	1.8911355465330477	0.06719989931163298	0.7605242696716318	0.10002363514871067	97.74892906885245	104.90471012107079	0.0022556628694392726	1.0001055266286805
2.0964944312115885	1.8911355465330477	0.06719989931163298	0.7605242696716318	0.10002363514871067	97.74892906885245	104.90580722919533	0.0022556628694392726	1.0001055266286805
2.0964944312115885	1.8911355465330477	0.06719989931163298	0.7605242696716318	0.10002363514871067	97.74892906885245	104.90580722919533	0.0022556628694392726	1.0001055266286805
2.0964944312115885	1.8911355465330477	0.06719989931163298	0.7605242696716318	0.10002363514871067	97.74892906885245	104.90580722919533	0.0022556628694392726	1.0001055266286805
2.0964944312115885	1.8911355465330477	0.06719989931163298	0.7605242696716318	0.10002363514871067	97.74892906885245	104.90580722919533	0.0022556628694392726	1.0001055266286805
2.0964944312115885	1.8911355465330477	0.06719989931163298	0.7605165501805875	0.10002363514871067	97.74892906885245	104.90580722919533	0.0022556628694392726	1.0001055266286805
2.0964944312115885	1.8910567686865185	0.06719989931163298	0.7605165501805875	0.10002363514871067	97.74892906885245	104.90580722919533	0.0022556628694392726	1.0001055266286805
2.0964944312115885	1.8906731823285852	0.06719989931163298	0.7605165501805875	0.10002363514871067	97.74892906885245	104.90580722919533	0.0022556628694392726	1.0001055266286805
2.0964944312115885	1.8906731823285852	0.06719989931163298	0.7605165501805875	0.10002363514871067	97.75101914711503	104.90580722919533	0.0022556628694392726	1.0001055266286805
2.0964944312115885	1.8906731823285852	0.06719989931163298	0.7605275145748178	0.10002363514871067	97.75101914711503	104.90580722919533	0.0022556628694392726	1.0001055266286805
2.096489845496123	1.8906731823285852	0.06719989931163298	0.7605275145748178	0.10002363514871067	97.75101914711503	104.90580722919533	0.0022556628694392726	1.0001055266286805
2.096489845496123	1.8906731823285852	0.06719989931163298	0.7605275145748178	0.10002363514871067	97.75101914711503	104.90580722919533	0.0022556628694392726	1.0001055266286805
2.096489845496123	1.8906731823285852	0.06719989931163298	0.7605275145748178	0.10002363514871067	97.75101914711503	104.90580722919533	0.0022556628694392726	1.0001055266286805
2.096489845496123	1.8906731823285852	0.06719989931163298	0.7605275145748178	0.10002363514871067	97.75101914711503	104.83602423591594	0.0022556628694392726	1.0001055266286805
2.096489845496123	1.8906731823285852	0.06719989931163298	0.7605275145748178	0.10002363514871067	97.75101914711503	104.83602423591594	0.00207311250751076	1.0001055266286805
2.096489845496123	1.8906731823285852	0.06719989931163298	0.7605275145748178	0.10002363514871067	97.75101914711503	104.83602423591594	0.00207311250751076	1.0001055266286805
2.096489845496123	1.8906731823285852	0.06719989931163298	0.7605275145748178	0.10002363514871067	97.75101914711503	104.83602423591594	0.00207311250751076	1.0001055266286805
2.096489845496123	1.8908112112057478	0.06719989931163298	0.7605275145748178	0.10002363514871067	97.75101914711503	104.83602423591594	0.00207311250751076	1.0001055266286805
2.096489845496123	1.8908112112057478	0.06719989931163298	0.7605275145748178	0.10002363514871067	97.75101914711503	104.83524741811655	0.00207311250751076	1.0001055266286805
2.096489845496123	1.8908112112057478	0.06719989931163298	0.7605275145748178	0.10002363514871067	97.75101914711503	104.83524741811655	0.00207311250751076	1.0001055266286805
2.096489845496123	1.8908112112057478	0.06719989931163298	0.7605275145748178	0.10002363514871067	97.75101914711503	104.83524741811655	0.00207311250751076	1.0001054243304501
2.096489845496123	1.8908112112057478	0.06719989931163298	0.7605275145748178	0.10002363514871067	97.75101914711503	104.83524741811655	0.00207311250751076	1.0001054243304501
2.096489845496123	1.8908112112057478	0.06719989931163298	0.7605275145748178	0.10002363514871067	97.75101914711503	104.83524741811655	0.00207311250751076	1.0001054243304501
2.096489845496123	1.8908112112057478	0.06719989931163298	0.7605275145748178	0.10002363514871067	97.75101914711503	104.83524741811655	0.00207311250751076	1.0000894207542825
2.096489845496123	1.8908112112057478	0.06719989931163298	0.7605275145748178	0.10002363514871067	97.75101914711503	104.83524741811655	0.00207311250751076	1.0000894207542825
2.096489845496123	1.8908112112057478	0.06719989931163298	0.7605275145748178	0.10002363514871067	97.75057935706285	104.83524741811655	0.00207311250751076	1.0000894207542825
2.096489845496123	1.8908112112057478	0.06719989931163298	0.7605275145748178	0.10002363514871067	97.75057935706285	104.80700042114728	0.00207311250751076	1.0000894207542825
2.096489845496123	1.8908112112057478	0.06719197337598201	0.7605275145748178	0.10002363514871067	97.75057935706285	104.80700042114728	0.00207311250751076	1.0000894207542825
2.096489845496123	1.8908112112057478	0.06719197337598201	0.7605275145748178	0.10002363514871067	97.75057935706285	104.80700042114728	0.00207311250751076	1.0000894207542825
2.096489845496123	1.8908112112057478	0.06719197337598201	0.7605275145748178	0.10002363514871067	97.75057935706285	104.80700042114728	0.00207311250751076	1.0000894207542825
2.096489845496123	1.8908112112057478	0.06719197337598201	0.7605275145748178	0.10002363514871067	97.75061053891578	104.80700042114728	0.00207311250751076	1.0000894207542825
2.096489845496123	1.8908112112057478	0.06719197337598201	0.7605275145748178	0.10002363514871067	97.75061053891578	104.80700042114728	0.00207311250751076	1.0000894207542825
2.096489845496123	1.8908112112057478	0.06719197337598201	0.7605275145748178	0.10002365313451057	97.75061053891578	104.80700042114728	0.00207311250751076	1.0000894207542825
2.096489845496123	1.8908112112057478	0.06719197337598201	0.7605275145748178	0.10002365313451057	97.75061053891578	104.69513155800882	0.00207311250751076	1.0000894207542825
2.096489845496123	1.8908112112057478	0.06719197337598201	0.7605275145748178	0.10002365313451057	97.75061053891578	104.69513155800882	0.00207311250751076	1.0000894207542825
2.096489845496123	1.8908112112057478	0.06719197337598201	0.7603694674705374	0.10002365313451057	97.75061053891578	104.69513155800882	0.00207311250751076	1.0000894207542825
2.096489845496123	1.8908112112057478	0.06719197337598201	0.7603694674705374	0.10002365313451057	97.75061053891578	104.69513155800882	0.00207311250751076	1.0000894207542825
2.096489845496123	1.8908112112057478	0.06719197337598201	0.7603694674705374	0.10002365313451057	97.75061053891578	104.75046159002558	0.00207311250751076	1.0000894207542825
2.096489845496123	1.8908112112057478	0.06719197337598201	0.7603694674705374	0.10002365313451057	97.75061053891578	104.75046159002558	0.002073151958888733	1.0000894207542825
2.096489845496123	1.8908112112057478	0.06719197337598201	0.7603706690852524	0.10002365313451057	97.75061053891578	104.75046159002558	0.002073151958888733	1.0000894207542825
2.096489845496123	1.8908112112057478	0.06719197337598201	0.7603706690852524	0.10002365313451057	97.75061053891578	104.75046159002558	0.002073151958888733	1.0000894207542825
2.096489845496123	1.8908112112057478	0.06719197337598201	0.7606261737702718	0.10002365313451057	97.75061053891578	104.75046159002558	0.002073151958888733	1.0000894207542825
2.096489845496123	1.8908112112057478	0.06719197337598201	0.7606252111864101	0.10002365313451057	97.75061053891578	104.75046159002558	0.002073151958888733	1.0000894207542825
2.096489845496123	1.8908112112057478	0.06719311677154317	0.7606252111864101	0.10002365313451057	97.75061053891578	104.75046159002558	0.002073151958888733	1.0000894207542825
2.096489845496123	1.8908112112057478	0.06719311677154317	0.7606252111864101	0.10002365313451057	97.75061053891578	104.75046159002558	0.002073151958888733	1.0000894207542825
2.096489845496123	1.8908112112057478	0.0672001629439334	0.7606252111864101	0.10002365313451057	97.75061053891578	104.75046159002558	0.002073151958888733	1.0000894207542825
2.096446532215914	1.8908112112057478	0.0672001629439334	0.7606252111864101	0.10002365313451057	97.75061053891578	104.75046159002558	0.002073151958888733	1.0000894207542825
2.096446532215914	1.8908112112057478	0.0672001629439334	0.7606252111864101	0.1000234662599159	97.75061053891578	104.75046159002558	0.002073151958888733	1.0000894207542825
2.096446532215914	1.8908112112057478	0.0672001629439334	0.7606252111864101	0.1000234662599159	97.75061053891578	104.75046159002558	0.0020727086956385484	1.0000894207542825
2.096446532215914	1.8908112112057478	0.0672001629439334	0.7606252111864101	0.1000234662599159	97.75061053891578	104.75046159002558	0.0020727086956385484	1.0000894207542825
2.096446532215914	1.893413888043643	0.0672001629439334	0.7606252111864101	0.1000234662599159	97.75061053891578	104.75046159002558	0.0020727086956385484	1.0000894207542825
2.096446532215914	1.893413888043643	0.0672001629439334	0.7606252111864101	0.1000234662599159	97.75061053891578	104.75046159002558	0.0020727086956385484	1.0000894207542825
2.096446532215914	1.893413888043643	0.0672001629439334	0.7606252111864101	0.1000234662599159	97.75061053891578	104.75046159002558	0.0020813844079087917	1.0000894207542825
2.096446532215914	1.893413888043643	0.0672001629439334	0.7606252111864101	0.1000234662599159	97.75061053891578	104.75046159002558	0.0020813844079087917	1.0000894207542825
2.096446532215914	1.893413888043643	0.06720742873720237	0.7606252111864101	0.1000234662599159	97.75061053891578	104.75046159002558	0.0020813844079087917	1.0000894207542825
2.096446532215914	1.893413888043643	0.06720742873720237	0.7606252111864101	0.1000234662599159	97.75061053891578	104.75046159002558	0.0020813844079087917	1.0000894207542825
2.096446532215914	1.893413888043643	0.06720742873720237	0.7606252111864101	0.1000234662599159	97.75061053891578	104.77781603042432	0.0020813844079087917	1.0000894207542825
2.096446532215914	1.893413888043643	0.06720742873720237	0.7606252111864101	0.1000234662599159	97.75061053891578	104.77781603042432	0.0020813844079087917	1.0000894207542825
2.096446532215914	1.893413888043643	0.06720742873720237	0.7606252111864101	0.1000234662599159	97.75061053891578	104.77781603042432	0.0020813844079087917	1.0000894207542825
2.096446532215914	1.8934139317854504	0.06720742873720237	0.7606252111864101	0.1000234662599159	97.75061053891578	104.77781603042432	0.0020813844079087917	1.0000894207542825
2.096446532215914	1.8919795682740788	0.06720742873720237	0.7606252111864101	0.1000234662599159	97.75061053891578	104.77781603042432	0.0020813844079087917	1.0000894207542825
2.096446532215914	1.8919795682740788	0.06720742873720237	0.7606252111864101	0.1000981333161973	97.75061053891578	104.77781603042432	0.0020813844079087917	1.0000894207542825
2.096446532215914	1.8919795682740788	0.06720742873720237	0.7606252111864101	0.1000981333161973	97.75061053891578	104.77781603042432	0.0020813844079087917	1.0000895692858358
2.096446532215914	1.8919795682740788	0.06720742873720237	0.7606252111864101	0.1000981333161973	97.75061053891578	104.77781603042432	0.0020813844079087917	1.0000895692858358
2.096446532215914	1.8919795682740788	0.06720885906513682	0.7606252111864101	0.1000981333161973	97.75061053891578	104.77781603042432	0.0020813844079087917	1.0000895692858358
2.096446532215914	1.8919795682740788	0.06720885906513682	0.7606252111864101	0.1000981333161973	97.75061053891578	104.77781603042432	0.0020813844079087917	1.0000895692858358
2.096446532215914	1.8919795682740788	0.06720885906513682	0.7606252111864101	0.1000981333161973	97.75066884739987	104.77781603042432	0.0020813844079087917	1.0000895692858358
2.096446532215914	1.8919795682740788	0.06720885906513682	0.7606252111864101	0.1000981333161973	97.75066884739987	104.77781603042432	0.0020813844079087917	1.0000895692858358
2.096446532215914	1.8919795682740788	0.06720885906513682	0.7606252111864101	0.1000981333161973	97.75066884739987	104.77781603042432	0.0020813844079087917	1.0000895692858358
2.096446532215914	1.8919795682740788	0.06720885906513682	0.7606252111864101	0.1000981333161973	97.75066884739987	104.771653384717	0.0020813844079087917	1.0000895692858358
2.096446532215914	1.8919795682740788	0.06720885906513682	0.7606252111864101	0.10009824404522417	97.75066884739987	104.771653384717	0.0020813844079087917	1.0000895692858358
2.0964588906321606	1.8919795682740788	0.06720885906513682	0.7606252111864101	0.10009824404522417	97.75066884739987	104.771653384717	0.0020813844079087917	1.0000895692858358
2.0964588906321606	1.8919795682740788	0.06720930180172614	0.7606252111864101	0.10009824404522417	97.75066884739987	104.771653384717	0.0020813844079087917	1.0000895692858358
2.0964588906321606	1.8919795682740788	0.06720930180172614	0.7606252111864101	0.10009824404522417	97.75066884739987	104.771653384717	0.0020813844079087917	1.0000895692858358
2.0964588906321606	1.8919795682740788	0.06720930180172614	0.7606252111864101	0.10009824404522417	97.7506391821244	104.771653384717	0.0020813844079087917	1.0000895692858358
2.0964588906321606	1.8919438369556076	0.06720930180172614	0.7606252111864101	0.10009824404522417	97.7506391821244	104.771653384717	0.0020813844079087917	1.0000895692858358
2.0964588906321606	1.8919438369556076	0.06720930180172614	0.7606252111864101	0.10009824404522417	97.7506391821244	104.771653384717	0.0020813844079087917	1.0000895692858358
2.096457618123964	1.8919438369556076	0.06720930180172614	0.7606252111864101	0.10009824404522417	97.7506391821244	104.771653384717	0.0020813844079087917	1.0000895692858358
2.096457618123964	1.8919438369556076	0.06720930180172614	0.7606252111864101	0.09992186407891496	97.7506391821244	104.771653384717	0.0020813844079087917	1.0000895692858358
2.096457618123964	1.8919438369556076	0.06720930180172614	0.7606252111864101	0.09992186407891496	97.7506391821244	104.771653384717	0.0020813844079087917	1.0000895692858358
2.096457618123964	1.8919438369556076	0.06720930180172614	0.7606252111864101	0.09992186407891496	97.7506391821244	104.771653384717	0.0020813844079087917	1.0000895692858358
2.096457618123964	1.8919438369556076	0.06720930180172614	0.7606252111864101	0.09992186407891496	97.7506391821244	104.771653384717	0.0020813844079087917	1.0000895692858358
2.096457618123964	1.8919438369556076	0.06720930180172614	0.7606252111864101	0.09992186407891496	97.7506391821244	104.93423518284808	0.0020813844079087917	1.0000895692858358
2.096457618123964	1.8919438369556076	0.06720930180172614	0.7606252111864101	0.09992186407891496	97.7506391821244	104.93423518284808	0.0020813844079087917	1.0000916071128765
2.096457618123964	1.8919438369556076	0.06720930180172614	0.7606252111864101	0.09992186407891496	97.7506391821244	104.93423518284808	0.0020813844079087917	1.0000964367724716
2.096457618123964	1.8919438369556076	0.06720930180172614	0.7611377916249144	0.09992186407891496	97.7506391821244	104.93423518284808	0.0020813844079087917	1.0000964367724716
2.096457618123964	1.8919438369556076	0.06720930180172614	0.7611377916249144	0.09992186407891496	97.7506391821244	104.93419753276982	0.0020813844079087917	1.0000964367724716
2.096457618123964	1.8919438369556076	0.06722048154770172	0.7611377916249144	0.09992186407891496	97.7506391821244	104.93419753276982	0.0020813844079087917	1.0000964367724716
2.096457618123964	1.8919438369556076	0.06722048154770172	0.7611377916249144	0.09992186407891496	97.7506391821244	109.80651049479762	0.0020813844079087917	1.0000964367724716
2.096457618123964	1.8919438369556076	0.06722048154770172	0.7611377916249144	0.09992186407891496	97.7506391821244	109.80651049479762	0.0020813844079087917	1.0000964367724716
2.096457618123964	1.8919438369556076	0.06722048154770172	0.7611377916249144	0.09992186407891496	97.7506391821244	109.80651049479762	0.0020813844079087917	1.0000964367724716
2.096457618123964	1.8919438369556076	0.06722048154770172	0.7611377916249144	0.09992186407891496	97.75049467772888	109.80651049479762	0.0020813844079087917	1.0000964367724716
2.096457618123964	1.8919438369556076	0.06722048154770172	0.7611377916249144	0.09992186407891496	97.75049467772888	106.2180953422251	0.0020813844079087917	1.0000964367724716
2.096457618123964	1.8919438369556076	0.06722048154770172	0.7611377916249144	0.09992186407891496	97.75049467772888	106.2180953422251	0.0020813844079087917	1.0000964367724716
2.0964639647137226	1.8919438369556076	0.06722048154770172	0.7611377916249144	0.09992186407891496	97.75049467772888	106.2180953422251	0.0020813844079087917	1.0000964367724716
2.0964639647137226	1.8919438369556076	0.06722048154770172	0.7611377916249144	0.09992186407891496	97.75039861352504	106.2180953422251	0.0020813844079087917	1.0000964367724716
2.0964639647137226	1.8919420939043503	0.06722048154770172	0.7611377916249144	0.09992186407891496	97.75039861352504	106.2180953422251	0.0020813844079087917	1.0000964367724716
2.0964639647137226	1.8919420939043503	0.06722048154770172	0.7611377916249144	0.09992186407891496	97.75039861352504	106.2180953422251	0.0020813844079087917	1.0000964367724716
2.0964639647137226	1.8919420939043503	0.06722048154770172	0.7611377916249144	0.09992186407891496	97.75039861352504	106.19098170622439	0.0020813844079087917	1.0000964367724716
2.0964639647137226	1.8919420939043503	0.06722048154770172	0.7611377916249144	0.09992186407891496	97.75039861352504	106.19098170622439	0.0020813844079087917	1.0000964367724716
2.0964639647137226	1.8919420939043503	0.06722048154770172	0.7611377916249144	0.09992186407891496	97.75039861352504	106.19098170622439	0.0020813844079087917	1.0000964367724716
2.0964639647137226	1.8919420939043503	0.06722048154770172	0.7611377916249144	0.09992186407891496	97.75039861352504	106.19098170622439	0.0020813844079087917	1.0000964367724716
2.0964639647137226	1.8919420939043503	0.06722048154770172	0.7611377916249144	0.10009494814799823	97.75039861352504	106.19098170622439	0.0020813844079087917	1.0000964367724716
2.0964639647137226	1.8914811319798097	0.06722048154770172	0.7611377916249144	0.10009494814799823	97.75039861352504	106.19098170622439	0.0020813844079087917	1.0000964367724716
2.0964639647137226	1.8914811319798097	0.06722048154770172	0.7611377916249144	0.10009494814799823	97.75043301565375	106.19098170622439	0.0020813844079087917	1.0000964367724716
2.0964639647137226	1.8914811319798097	0.06722048154770172	0.7611377916249144	0.10009494814799823	97.75043301565375	106.19098170622439	0.0020813844079087917	1.0000964367724716
2.0964639647137226	1.8914811319798097	0.06722048154770172	0.7611377916249144	0.10009494814799823	97.75043301565375	106.19098170622439	0.0020813844079087917	1.0000964367724716
2.0964639647137226	1.8914811319798097	0.06722048154770172	0.7611377916249144	0.10009494814799823	97.75043301565375	106.19098170622439	0.0020816318014136932	1.0000964367724716
2.0964639647137226	1.8914811319798097	0.06722048154770172	0.7611377916249144	0.10009494814799823	97.75043301565375	105.95617299054182	0.0020816318014136932	1.0000964367724716
2.0964639647137226	1.8914811319798097	0.06722048154770172	0.7611377916249144	0.10009494814799823	97.75043301565375	105.95617299054182	0.0020816318014136932	1.0000964367724716
2.0964639647137226	1.8914811319798097	0.06722048154770172	0.7611377916249144	0.10009494814799823	97.75043301565375	105.95617299054182	0.0020809541055727184	1.0000964367724716
2.0964639647137226	1.8914811319798097	0.06722048154770172	0.7611302271420882	0.10009494814799823	97.75043301565375	105.95617299054182	0.0020809541055727184	1.0000964367724716
2.0964639647137226	1.8914811319798097	0.06722048154770172	0.7611302271420882	0.10009494814799823	97.75043301565375	105.95617299054182	0.0020809541055727184	1.0000964367724716
2.0964639647137226	1.8914811319798097	0.06722048154770172	0.7611302271420882	0.10009494814799823	97.75043301565375	105.95617299054182	0.0020809541055727184	1.0000964367724716
2.0964639647137226	1.8914811319798097	0.06722048154770172	0.7611302271420882	0.10009494814799823	97.75043301565375	105.95617299054182	0.0020809541055727184	1.0000964367724716
2.0964639647137226	1.8914811319798097	0.06722048154770172	0.7611302271420882	0.10009494814799823	97.75043301565375	105.95617299054182	0.0020809541055727184	1.0000964367724716
2.0964639647137226	1.8914811319798097	0.06722048154770172	0.7611302271420882	0.10009494814799823	97.75043301565375	105.95617299054182	0.0020809541055727184	1.0000964367724716
2.0964639647137226	1.8914811319798097	0.06722048154770172	0.7611302271420882	0.10009494814799823	97.75043301565375	105.95761921167235	0.0020809541055727184	1.0000964367724716
2.0966058610484914	1.8914811319798097	0.06722048154770172	0.7611302271420882	0.10009494814799823	97.75043301565375	105.95761921167235	0.0020809541055727184	1.0000964367724716
2.0966646199835126	1.8914811319798097	0.06722048154770172	0.7611302271420882	0.10009494814799823	97.75043301565375	105.95761921167235	0.0020809541055727184	1.0000964367724716
2.0966646199835126	1.8914833166822034	0.06722048154770172	0.7611302271420882	0.10009494814799823	97.75043301565375	105.95761921167235	0.0020809541055727184	1.0000964367724716
2.0966646199835126	1.8914833166822034	0.06722048154770172	0.7611302271420882	0.10009494814799823	97.75043301565375	105.95761921167235	0.0020809541055727184	1.0000964367724716
2.0966646199835126	1.8914833166822034	0.06722048154770172	0.7611302271420882	0.10009494814799823	97.75043301565375	105.96224362689395	0.0020809541055727184	1.0000964367724716
2.0966646199835126	1.8914833166822034	0.06728214749332868	0.7611302271420882	0.10009494814799823	97.75043301565375	105.96224362689395	0.0020809541055727184	1.0000964367724716
2.0966646199835126	1.8914833166822034	0.06728214749332868	0.7611302271420882	0.10009494814799823	97.7619352982563	105.96224362689395	0.0020809541055727184	1.0000964367724716
2.0966646199835126	1.8914833166822034	0.06728214749332868	0.7611302271420882	0.10009494814799823	97.7619352982563	105.96224362689395	0.0020809541055727184	1.0000964367724716
2.0966646199835126	1.8914833166822034	0.06728214749332868	0.7611302271420882	0.10009472990149162	97.7619352982563	105.96224362689395	0.0020809541055727184	1.0000964367724716
2.0966646199835126	1.8914833166822034	0.06728214749332868	0.7611302271420882	0.10015980825555164	97.7619352982563	105.96224362689395	0.0020809541055727184	1.0000964367724716
2.0966646199835126	1.8914833166822034	0.06728214749332868	0.7611302271420882	0.10015980825555164	97.7619352982563	105.96224362689395	0.0020809541055727184	1.0000964367724716
2.0966646199835126	1.8914833166822034	0.06728214749332868	0.7611302271420882	0.10015980825555164	97.7619352982563	105.96224362689395	0.0020809541055727184	1.0000964367724716
2.0966646199835126	1.8914833166822034	0.06727890803749308	0.7611302271420882	0.10015980825555164	97.7619352982563	105.96224362689395	0.0020809541055727184	1.0000964367724716
2.0966646199835126	1.8914833166822034	0.06727890803749308	0.7611302271420882	0.10015980825555164	97.7619352982563	106.95043124362488	0.0020809541055727184	1.0000964367724716
2.0966646199835126	1.8914833166822034	0.06727890803749308	0.7611302271420882	0.10015980825555164	97.7619352982563	106.95043124362488	0.0020809541055727184	1.0000964367724716
2.0966646199835126	1.8914833166822034	0.06727890803749308	0.7611302271420882	0.10015980825555164	97.7619352982563	106.95055924323509	0.0020809541055727184	1.0000964367724716
2.0966646199835126	1.8914833166822034	0.06727890803749308	0.761130832703823	0.10015980825555164	97.7619352982563	106.95055924323509	0.0020809541055727184	1.0000964367724716
2.0966646199835126	1.8914833166822034	0.06727890803749308	0.761130832703823	0.10015980825555164	97.7619352982563	106.95055924323509	0.0020809541055727184	1.0001006644692523
2.0966646199835126	1.8914833166822034	0.06727890803749308	0.761130832703823	0.10015980890076119	97.7619352982563	106.95055924323509	0.0020809541055727184	1.0001006644692523
2.0966646199835126	1.8914833166822034	0.06727890803749308	0.761130832703823	0.10015980890076119	97.7619352982563	106.95055924323509	0.0020809541055727184	1.0001006644692523
2.0966646199835126	1.8914833166822034	0.06727890803749308	0.761130832703823	0.10015980890076119	97.7619352982563	106.95055924323509	0.0020809541055727184	1.0001006644692523
2.0966646199835126	1.8914833166822034	0.06727890803749308	0.7610897677466585	0.10015980890076119	97.7619352982563	106.95055924323509	0.0020809541055727184	1.0001006644692523
2.0966646199835126	1.8914833166822034	0.06727890803749308	0.7610897677466585	0.10015980890076119	97.7619352982563	106.95055924323509	0.0020810620595392002	1.0001006644692523
2.0966646199835126	1.8914833166822034	0.06727890803749308	0.7610897677466585	0.100147925399397	97.7619352982563	106.95055924323509	0.0020810620595392002	1.0001006644692523
2.0966646199835126	1.8914833166822034	0.06728092301190974	0.7610897677466585	0.100147925399397	97.7619352982563	106.95055924323509	0.0020810620595392002	1.0001006644692523
2.0966646199835126	1.8914833166822034	0.06728092301190974	0.7610897677466585	0.100147925399397	97.7619352982563	106.95055924323509	0.0020810620595392002	1.0001006644692523
2.0966646199835126	1.8914833166822034	0.06728092301190974	0.7610897677466585	0.100147925399397	97.7619352982563	106.95055924323509	0.0020861126766785272	1.0001006644692523
2.0966646199835126	1.8914833166822034	0.06728092301190974	0.7610897677466585	0.100147925399397	97.7619352982563	106.95055924323509	0.0020861126766785272	1.0001006644692523
2.0966646199835126	1.8914833166822034	0.06728092301190974	0.7610897677466585	0.100147925399397	97.7619352982563	106.95055924323509	0.0020861126766785272	1.0001006644692523
2.0966646199835126	1.8914833166822034	0.06728092301190974	0.7610897677466585	0.100147925399397	97.7619352982563	106.91174460902427	0.0020861126766785272	1.0001006644692523
2.0966646199835126	1.8914833166822034	0.06728092301190974	0.7610897677466585	0.1001479026422772	97.7619352982563	106.91174460902427	0.0020861126766785272	1.0001006644692523
2.0966646199835126	1.8914833166822034	0.06728092301190974	0.7610897677466585	0.1001479026422772	97.7619352982563	106.91174460902427	0.0020861126766785272	1.0001006786728368
2.0966646199835126	1.8914821142172857	0.06728092301190974	0.7610897677466585	0.1001479026422772	97.7619352982563	106.91174460902427	0.0020861126766785272	1.0001006786728368
2.096657617343828	1.8914821142172857	0.06728092301190974	0.7610897677466585	0.1001479026422772	97.7619352982563	106.91174460902427	0.0020861126766785272	1.0001006786728368
2.096657617343828	1.8914821142172857	0.06728092301190974	0.7610897677466585	0.1001479026422772	97.7619352982563	106.91174460902427	0.0020861126766785272	1.0001006786728368
2.096657617343828	1.8914821142172857	0.06728092301190974	0.7610897677466585	0.1001479026422772	97.7619352982563	106.91174460902427	0.0020861126766785272	1.0001006786728368
2.096657617343828	1.8914821142172857	0.06728092301190974	0.7610897677466585	0.1001479026422772	97.7619352982563	106.91174460902427	0.0020863514720852144	1.0001006786728368
2.096657617343828	1.8914821142172857	0.06728092301190974	0.7610897677466585	0.1001479026422772	97.76149472354913	106.91174460902427	0.0020863514720852144	1.0001006786728368
2.096657617343828	1.8914821142172857	0.06728092301190974	0.7610897677466585	0.1001479026422772	97.76149472354913	106.91174460902427	0.0020863514720852144	1.0001006786728368
2.096657617343828	1.8914821142172857	0.06728092301190974	0.7610897677466585	0.1001479026422772	97.76149472354913	106.7413514055868	0.0020863514720852144	1.0001006786728368
2.096657617343828	1.8914821142172857	0.06728092301190974	0.7610897677466585	0.1001479026422772	97.76149472354913	106.7413514055868	0.0020863514720852144	1.0001006786728368
2.096657617343828	1.8914821142172857	0.06728092301190974	0.7610897677466585	0.1001479026422772	97.76149472354913	106.7413514055868	0.0020863514720852144	1.0001006786728368
2.096657617343828	1.8914821142172857	0.06728092301190974	0.7610897677466585	0.1001479026422772	97.76149472354913	106.7413514055868	0.0020863514720852144	1.000100833445079
2.096657617343828	1.8914821142172857	0.06728092301190974	0.7610897677466585	0.1001479026422772	97.76149472354913	106.7413514055868	0.0020879391037189124	1.000100833445079
2.096657617343828	1.8914821142172857	0.06728092301190974	0.7613096682111729	0.1001479026422772	97.76149472354913	106.7413514055868	0.0020879391037189124	1.000100833445079
2.096657617343828	1.8914821142172857	0.06728092301190974	0.7613096682111729	0.1001479026422772	97.76149472354913	106.73038052409952	0.0020879391037189124	1.000100833445079
2.096657617343828	1.8914821142172857	0.06728092301190974	0.7613096682111729	0.1001479026422772	97.76149472354913	106.73038052409952	0.0020879391037189124	1.000100833445079
2.096657617343828	1.8914821142172857	0.06728092301190974	0.7613088660826461	0.1001479026422772	97.76149472354913	106.73038052409952	0.0020879391037189124	1.000100833445079
2.096657617343828	1.8914821142172857	0.06728092301190974	0.7613088660826461	0.1001479026422772	97.76149472354913	106.73038052409952	0.0020879391037189124	1.000100833445079
2.096657617343828	1.8914821142172857	0.06728092301190974	0.7613088660826461	0.1001479026422772	97.76149472354913	106.66590406129149	0.0020879391037189124	1.000100833445079
2.096657617343828	1.8914821142172857	0.06728092301190974	0.7613088660826461	0.1001479026422772	97.76149472354913	106.5336073366831	0.0020879391037189124	1.000100833445079
2.096657617343828	1.8914821142172857	0.06728092301190974	0.7613088660826461	0.1001479026422772	97.76149472354913	106.53362828507284	0.0020879391037189124	1.000100833445079
2.096657617343828	1.8914821142172857	0.06728092301190974	0.7613088660826461	0.1001479026422772	97.76149472354913	106.5265306838985	0.0020879391037189124	1.000100833445079
2.096564149486657	1.8914821142172857	0.06728092301190974	0.7613088660826461	0.1001479026422772	97.76149472354913	106.5265306838985	0.0020879391037189124	1.000100833445079
2.0965648350151627	1.8914821142172857	0.06728092301190974	0.7613088660826461	0.1001479026422772	97.76149472354913	106.5265306838985	0.0020879391037189124	1.000100833445079
2.0965648350151627	1.8914821142172857	0.06728092301190974	0.7613088660826461	0.1001479026422772	97.76149472354913	106.5265306838985	0.0020925166564889986	1.000100833445079
2.0965648350151627	1.8919428160527987	0.06728092301190974	0.7613088660826461	0.1001479026422772	97.76149472354913	106.5265306838985	0.0020925166564889986	1.000100833445079
2.0965648350151627	1.8919428160527987	0.06725810240309567	0.7613088660826461	0.1001479026422772	97.76149472354913	106.5265306838985	0.0020925166564889986	1.000100833445079
2.0965648350151627	1.8919428160527987	0.06725810240309567	0.7613088660826461	0.10014782583640107	97.76149472354913	106.5265306838985	0.0020925166564889986	1.000100833445079
2.0965648350151627	1.8919428160527987	0.06725810240309567	0.7613088660826461	0.10014782583640107	97.76149472354913	106.71071966086836	0.0020925166564889986	1.000100833445079
2.0965648350151627	1.8919428160527987	0.06725810240309567	0.7613088660826461	0.10014782583640107	97.76149472354913	106.71071966086836	0.0020925166564889986	1.000100833445079
2.0965648350151627	1.8919428160527987	0.06725810240309567	0.7613088660826461	0.10014782583640107	97.76149472354913	106.71071966086836	0.0020925166564889986	1.000100833445079
2.0965648350151627	1.8928227820916823	0.06725810240309567	0.7613088660826461	0.10014782583640107	97.76149472354913	106.71071966086836	0.0020925166564889986	1.000100833445079
2.0965648350151627	1.8928227820916823	0.06725810240309567	0.7613088660826461	0.10014782583640107	97.76149472354913	106.71071966086836	0.0020926676076545325	1.000100833445079
2.0965648350151627	1.8928227820916823	0.06725810240309567	0.7613088660826461	0.10014750007133966	97.76149472354913	106.71071966086836	0.0020926676076545325	1.000100833445079
2.0965648350151627	1.8928227820916823	0.06725810240309567	0.7613088660826461	0.10014750007133966	97.76149472354913	106.71071966086836	0.0020926676076545325	1.000100833445079
2.0965648350151627	1.8928227820916823	0.06725810240309567	0.7613088660826461	0.10014750007133966	97.76149472354913	106.71071966086836	0.0020926676076545325	1.000100833445079
2.0965648350151627	1.8928227820916823	0.06725810240309567	0.7613088660826461	0.1003899538767062	97.76149472354913	106.71071966086836	0.0020926676076545325	1.000100833445079
2.0965648350151627	1.8928227820916823	0.06725810240309567	0.7613088660826461	0.1003899538767062	97.76149472354913	106.71071966086836	0.0020926676076545325	1.000104047863624
2.0965648350151627	1.8928227820916823	0.06725810240309567	0.7613088660826461	0.1003899538767062	97.76149472354913	106.71071966086836	0.0020926676076545325	1.000104047863624
2.0960545946537303	1.8928227820916823	0.06725810240309567	0.7613088660826461	0.1003899538767062	97.76149472354913	106.71071966086836	0.0020926676076545325	1.000104047863624
2.0960545946537303	1.8928227820916823	0.06725810240309567	0.7613088660826461	0.1003899538767062	97.76149472354913	106.71071966086836	0.0020926676076545325	1.000104047863624
2.0960545946537303	1.8928227820916823	0.06725810240309567	0.7613088660826461	0.1003899538767062	97.76149472354913	106.71071966086836	0.0020926676076545325	1.000104047863624
2.0960545946537303	1.8928227820916823	0.06725810240309567	0.7613088660826461	0.1003899538767062	97.76149472354913	106.71071966086836	0.0020938394387502823	1.000104047863624
2.0960545946537303	1.8928227820916823	0.06725810240309567	0.7613088660826461	0.1003899538767062	97.76149472354913	106.71071966086836	0.0020938394387502823	1.000104047863624
2.0953617906193123	1.8928227820916823	0.06725810240309567	0.7613088660826461	0.1003899538767062	97.76149472354913	106.71071966086836	0.0020938394387502823	1.000104047863624
2.0953617906193123	1.8928227820916823	0.06725810240309567	0.7613088660826461	0.1003899538767062	97.76149472354913	106.71107192520864	0.0020938394387502823	1.000104047863624
2.0953617906193123	1.8928227820916823	0.06725810240309567	0.7613088660826461	0.10042314359790393	97.76149472354913	106.71107192520864	0.0020938394387502823	1.000104047863624
2.0953617906193123	1.8928218104623977	0.06725810240309567	0.7613088660826461	0.10042314359790393	97.76149472354913	106.71107192520864	0.0020938394387502823	1.000104047863624
2.0953617906193123	1.8928218104623977	0.06725810240309567	0.7613088660826461	0.10042314359790393	97.76149472354913	106.71122423365475	0.0020938394387502823	1.000104047863624
2.0953617906193123	1.8928218104623977	0.06725810240309567	0.7613088660826461	0.10042314359790393	97.76149472354913	106.71122423365475	0.0020943366748892136	1.000104047863624
2.0953617906193123	1.8928218104623977	0.06725810240309567	0.7613088660826461	0.10043173638710423	97.76149472354913	106.71122423365475	0.0020943366748892136	1.000104047863624
2.094306590020245	1.8928218104623977	0.06725810240309567	0.7613088660826461	0.10043173638710423	97.76149472354913	106.71122423365475	0.0020943366748892136	1.000104047863624
2.094306590020245	1.8928218104623977	0.06725810240309567	0.7613088660826461	0.10043173638710423	97.76149472354913	106.71122423365475	0.0020943366748892136	1.000104047863624
2.094306590020245	1.8928218104623977	0.06725810240309567	0.7613088660826461	0.10043173638710423	97.76149472354913	106.71122423365475	0.0020943366748892136	1.000104047863624
2.094306590020245	1.8928218104623977	0.06725810240309567	0.7613088660826461	0.10043173638710423	97.76149472354913	106.71114524992275	0.0020943366748892136	1.000104047863624
2.094306590020245	1.8928218104623977	0.06725810240309567	0.7613088660826461	0.10043173638710423	97.76149472354913	106.71114524992275	0.0020946570737547213	1.000104047863624
2.094306590020245	1.8928218104623977	0.06725810240309567	0.7613088660826461	0.10043173638710423	97.76149472354913	106.71114524992275	0.0020946570737547213	1.000104047863624
2.094306590020245	1.8928218104623977	0.06725810240309567	0.7613088660826461	0.10043173638710423	97.76149472354913	106.71114524992275	0.0020946570737547213	1.000104047863624
2.094306590020245	1.8928218104623977	0.06725810240309567	0.7613088660826461	0.10043168539154745	97.76149472354913	106.71114524992275	0.0020946570737547213	1.000104047863624
2.094306590020245	1.8928218104623977	0.06725810240309567	0.7613088660826461	0.10043168539154745	97.76360927073205	106.71114524992275	0.0020946570737547213	1.000104047863624
2.094306590020245	1.8928218104623977	0.06725810240309567	0.7613088660826461	0.10043168539154745	97.76360927073205	106.71114524992275	0.0020946570737547213	1.0001129205796815
2.094306590020245	1.8928218104623977	0.06725810240309567	0.7613088660826461	0.10043168539154745	97.76360927073205	106.72317175877058	0.0020946570737547213	1.0001129205796815
2.094306590020245	1.8928218104623977	0.06725810240309567	0.7613088660826461	0.10043168539154745	97.76360927073205	106.72317175877058	0.0020946570737547213	1.0001129205796815
2.094306590020245	1.8928218104623977	0.06725810240309567	0.7613088660826461	0.10043168539154745	97.76360927073205	106.72317175877058	0.0020946570737547213	1.0001129205796815
2.094306590020245	1.8928218104623977	0.06725810240309567	0.7613088660826461	0.10043168539154745	97.76360927073205	106.72317175877058	0.0020946570737547213	1.0001129205796815
2.094306590020245	1.8928218104623977	0.06730903210162166	0.7613088660826461	0.10043168539154745	97.76360927073205	106.72317175877058	0.0020946570737547213	1.0001129205796815
2.094306590020245	1.8928218104623977	0.06730903210162166	0.7613088660826461	0.10043168539154745	97.76360927073205	106.72317175877058	0.0020946570737547213	1.0001129205796815
2.094306590020245	1.8928218104623977	0.06730903210162166	0.7613088660826461	0.10043168539154745	97.76360927073205	106.72317175877058	0.0020946570737547213	1.0001129205796815
2.094306590020245	1.8928218104623977	0.06730903210162166	0.7613088660826461	0.10043110940343988	97.76360927073205	106.72317175877058	0.0020946570737547213	1.0001129205796815
2.094306590020245	1.8928218104623977	0.06730903210162166	0.7613088660826461	0.10043110979210139	97.76360927073205	106.72317175877058	0.0020946570737547213	1.0001129205796815
2.094306590020245	1.8928218104623977	0.06730903210162166	0.7613088660826461	0.10043110979210139	97.76360927073205	106.72317175877058	0.002093832526255456	1.0001129205796815
2.094306590020245	1.8928218104623977	0.06728136930342296	0.7613088660826461	0.10043110979210139	97.76360927073205	106.72317175877058	0.002093832526255456	1.0001129205796815
2.094306590020245	1.8928218104623977	0.06728136930342296	0.7613088660826461	0.10043110979210139	97.77079956138127	106.72317175877058	0.002093832526255456	1.0001129205796815
2.094306590020245	1.8928218104623977	0.06728136930342296	0.7613088660826461	0.10043110979210139	97.76911113700329	106.72317175877058	0.002093832526255456	1.0001129205796815
2.094306590020245	1.8928218104623977	0.06728136930342296	0.7613088660826461	0.10043110979210139	97.76911113700329	106.72245267404008	0.002093832526255456	1.0001129205796815
2.094306590020245	1.8928218104623977	0.06728136930342296	0.7613088660826461	0.10043110979210139	97.76911113700329	106.72245267404008	0.002093832526255456	1.0001129205796815
2.094306590020245	1.8928218104623977	0.06728136930342296	0.7613088660826461	0.10043110979210139	97.76911113700329	106.72245267404008	0.002093832526255456	1.0001129205796815
2.094306590020245	1.8928218104623977	0.06729342940727669	0.7613088660826461	0.10043110979210139	97.76911113700329	106.72245267404008	0.002093832526255456	1.0001129205796815
2.094306590020245	1.8928218104623977	0.06729342940727669	0.7613088660826461	0.10032645096758414	97.76911113700329	106.72245267404008	0.002093832526255456	1.0001129205796815
2.094306590020245	1.8928053961661204	0.06729342940727669	0.7613088660826461	0.10032645096758414	97.76911113700329	106.72245267404008	0.002093832526255456	1.0001129205796815
2.094306590020245	1.8928053961661204	0.06729342940727669	0.7613088660826461	0.10032645096758414	97.76856558051529	106.72245267404008	0.002093832526255456	1.0001129205796815
2.094306590020245	1.8928053961661204	0.06729342940727669	0.7613088660826461	0.10032645096758414	97.76856558051529	106.72245267404008	0.002093832526255456	1.0001129205796815
2.094306590020245	1.8928053961661204	0.06729342940727669	0.7613088660826461	0.10032645096758414	97.76856558051529	106.72245267404008	0.002093832526255456	1.0001129205796815
2.094306590020245	1.8928053961661204	0.06729342940727669	0.7613088660826461	0.10032645096758414	97.76856558051529	106.72245267404008	0.002093832526255456	1.0001129205796815
2.094306590020245	1.8928053961661204	0.06729342940727669	0.7613088660826461	0.10032645096758414	97.76856558051529	106.72245267404008	0.0020938431100691953	1.0001129205796815
2.094306590020245	1.8928053961661204	0.06729448976109462	0.7613088660826461	0.10032645096758414	97.76856558051529	106.72245267404008	0.0020938431100691953	1.0001129205796815
2.094306590020245	1.8928053961661204	0.06729448976109462	0.7613088660826461	0.10032645096758414	97.76856558051529	106.72245267404008	0.0020938431100691953	1.0001129205796815
2.0937870294323644	1.8928053961661204	0.06729448976109462	0.7613088660826461	0.10032645096758414	97.76856558051529	106.72245267404008	0.0020938431100691953	1.0001129205796815
2.0937870294323644	1.8927736971003746	0.06729448976109462	0.7613088660826461	0.10032645096758414	97.76856558051529	106.72245267404008	0.0020938431100691953	1.0001129205796815
2.0937870294323644	1.8927736971003746	0.06729448976109462	0.7613088660826461	0.10032645096758414	97.76856558051529	106.72245267404008	0.0020938431100691953	1.0001060732348253
2.0937870294323644	1.8927736971003746	0.06729448976109462	0.7613088660826461	0.10032645538992027	97.76856558051529	106.72245267404008	0.0020938431100691953	1.0001060732348253
2.0937870294323644	1.8927736971003746	0.06729448976109462	0.7613088660826461	0.10027381566491436	97.76856558051529	106.72245267404008	0.0020938431100691953	1.0001060732348253
2.0937870294323644	1.8927736971003746	0.06729448976109462	0.7613088660826461	0.10027381566491436	97.76856558051529	106.72245267404008	0.0020938431100691953	1.0001060732348253
2.0937870294323644	1.8927736971003746	0.06729448976109462	0.7612996982479046	0.10027381566491436	97.76856558051529	106.72245267404008	0.0020938431100691953	1.0001060732348253
2.0937870294323644	1.8927736971003746	0.06729448976109462	0.7612996982479046	0.10027381566491436	97.76856558051529	106.72245267404008	0.0020938431100691953	1.0001060732348253
2.0937870294323644	1.8927736971003746	0.06729448976109462	0.7612996982479046	0.10027381566491436	97.76856558051529	106.72245267404008	0.0020938431100691953	1.0001060732348253
2.0941114368053615	1.8927736971003746	0.06729448976109462	0.7612996982479046	0.10027381566491436	97.76856558051529	106.72245267404008	0.0020938431100691953	1.0001060732348253
2.0941114368053615	1.8927736971003746	0.06729448976109462	0.7615889141545156	0.10027381566491436	97.76856558051529	106.72245267404008	0.0020938431100691953	1.0001060732348253
2.0940767080075253	1.8927736971003746	0.06729448976109462	0.7615889141545156	0.10027381566491436	97.76856558051529	106.72245267404008	0.0020938431100691953	1.0001060732348253
2.0940767080075253	1.8927736971003746	0.06729448976109462	0.7615889141545156	0.10027381566491436	97.76856558051529	106.72245267404008	0.0020938431100691953	1.0001060732348253
2.093857458138843	1.8927736971003746	0.06729448976109462	0.7615889141545156	0.10027381566491436	97.76856558051529	106.72245267404008	0.0020938431100691953	1.0001060732348253
2.093857458138843	1.8927736971003746	0.06729448976109462	0.761584834512937	0.10027381566491436	97.76856558051529	106.72245267404008	0.0020938431100691953	1.0001060732348253
2.093933761040494	1.8927736971003746	0.06729448976109462	0.761584834512937	0.10027381566491436	97.76856558051529	106.72245267404008	0.0020938431100691953	1.0001060732348253
2.093933761040494	1.8927736971003746	0.06729448976109462	0.761584834512937	0.10027381566491436	97.76856558051529	106.72245267404008	0.002093945052546047	1.0001060732348253
2.093933761040494	1.8927736971003746	0.06729448976109462	0.761584834512937	0.10027381566491436	97.76856558051529	106.72245267404008	0.002093945052546047	1.0001060732348253
2.093933761040494	1.8927736971003746	0.06729448976109462	0.761584834512937	0.10027381566491436	97.76856558051529	106.72245267404008	0.002093945052546047	1.0001060732348253
2.093933761040494	1.8927736971003746	0.06729448976109462	0.761584834512937	0.10027381566491436	97.76873880430405	106.72245267404008	0.002093945052546047	1.0001060732348253
2.093933761040494	1.8927736971003746	0.06729448976109462	0.761584834512937	0.10023936372218027	97.76873880430405	106.72245267404008	0.002093945052546047	1.0001060732348253
2.093933761040494	1.8927736971003746	0.06729448976109462	0.761584834512937	0.10023911505928192	97.76873880430405	106.72245267404008	0.002093945052546047	1.0001060732348253
2.093933761040494	1.8927736971003746	0.06729448976109462	0.761584834512937	0.10023911505928192	97.76873880430405	106.72245267404008	0.002093945052546047	1.0001060732348253
2.093933761040494	1.8927736971003746	0.06729448976109462	0.761584834512937	0.10023911505928192	97.76873880430405	106.72245267404008	0.002093945052546047	1.0001060732348253
2.093933761040494	1.8927736971003746	0.06729448976109462	0.761584834512937	0.10023911505928192	97.76222864476343	106.72245267404008	0.002093945052546047	1.0001060732348253
2.093933761040494	1.8927817024466265	0.06729448976109462	0.761584834512937	0.10023911505928192	97.76222864476343	106.72245267404008	0.002093945052546047	1.0001060732348253
2.093933761040494	1.8927817024466265	0.06729448976109462	0.761584834512937	0.10023911505928192	97.76222864476343	106.72245267404008	0.0020950103778681973	1.0001060732348253
2.093933761040494	1.8927817024466265	0.06729448976109462	0.761584834512937	0.100238789023132	97.76222864476343	106.72245267404008	0.0020950103778681973	1.0001060732348253
2.093933761040494	1.8927817024466265	0.06729448976109462	0.761584834512937	0.100238789023132	97.76222864476343	106.72245267404008	0.0020950103778681973	1.0001060732348253
2.093933761040494	1.8927531855336144	0.06729448976109462	0.761584834512937	0.100238789023132	97.76222864476343	106.72245267404008	0.0020950103778681973	1.0001060732348253
2.093933761040494	1.8927531855336144	0.06729448976109462	0.761584834512937	0.100238789023132	97.76222864476343	106.72245267404008	0.0020950103778681973	1.0001060732348253
2.093933761040494	1.8927531855336144	0.06729448976109462	0.761584834512937	0.100238789023132	97.76223136316378	106.72245267404008	0.0020950103778681973	1.0001060732348253
2.093933761040494	1.8927531855336144	0.06729448976109462	0.761584834512937	0.100238789023132	97.76223136316378	106.72245267404008	0.0020950103778681973	1.0001060732348253
2.093933761040494	1.8927531855336144	0.06729448976109462	0.761584834512937	0.10016008980386666	97.76223136316378	106.72245267404008	0.0020950103778681973	1.0001060732348253
2.093933761040494	1.8927531855336144	0.06729448976109462	0.761584834512937	0.10016008980386666	97.76223136316378	106.72321604578181	0.0020950103778681973	1.0001060732348253
2.093933761040494	1.8927531855336144	0.06729448976109462	0.761584834512937	0.10054824082311821	97.76223136316378	106.72321604578181	0.0020950103778681973	1.0001060732348253
2.093933761040494	1.8927531855336144	0.06729448976109462	0.761584834512937	0.10054824082311821	97.76223136316378	106.72321604578181	0.0020950103778681973	1.000097961732564
2.093933761040494	1.8928173112299747	0.06729448976109462	0.761584834512937	0.10054824082311821	97.76223136316378	106.72321604578181	0.0020950103778681973	1.000097961732564
2.093933761040494	1.8928173112299747	0.06729448976109462	0.761584834512937	0.10054837200842603	97.76223136316378	106.72321604578181	0.0020950103778681973	1.000097961732564
2.093933761040494	1.8928173112299747	0.06729448976109462	0.761584834512937	0.10054837200842603	97.76223136316378	106.72321604578181	0.0020950103778681973	1.000097961732564
2.093933761040494	1.8928173112299747	0.06729448976109462	0.761584834512937	0.10054837200842603	97.76223136316378	106.70540747485238	0.0020950103778681973	1.000097961732564
2.093933761040494	1.8928173112299747	0.06729448976109462	0.761584834512937	0.10054837200842603	97.76223136316378	106.70540747485238	0.0020950103778681973	1.000097961732564
2.093933761040494	1.8928173112299747	0.06732114626347117	0.761584834512937	0.10054837200842603	97.76223136316378	106.70540747485238	0.0020950103778681973	1.000097961732564
2.093933761040494	1.8928173112299747	0.06732114626347117	0.7616143998588983	0.10054837200842603	97.76223136316378	106.70540747485238	0.0020950103778681973	1.000097961732564
2.093933761040494	1.8928173112299747	0.06732114626347117	0.7616143998588983	0.10054837200842603	97.76223136316378	106.70540747485238	0.0020950103778681973	1.000097961732564
2.093933761040494	1.8928173112299747	0.06732114626347117	0.7616573974897072	0.10054837200842603	97.76223136316378	106.70540747485238	0.0020950103778681973	1.000097961732564
2.093933761040494	1.8928173112299747	0.06732114626347117	0.7616573974897072	0.10054837200842603	97.76223136316378	106.70540747485238	0.0020950103778681973	1.000097961732564
2.0940358125557306	1.8928173112299747	0.06732114626347117	0.7616573974897072	0.10054837200842603	97.76223136316378	106.70540747485238	0.0020950103778681973	1.000097961732564
2.0940358125557306	1.8928173112299747	0.06732114626347117	0.7616573974897072	0.10054837200842603	97.76223136316378	106.70540747485238	0.0020950103778681973	1.000097961732564
2.0940358125557306	1.8928173112299747	0.06732114626347117	0.7616573974897072	0.10054837200842603	97.76223136316378	106.70540747485238	0.0020950103778681973	1.000097961732564
2.0940358125557306	1.8928173112299747	0.06732114626347117	0.7616573974897072	0.10054837200842603	97.76223136316378	106.70540747485238	0.0020950103778681973	1.000097961732564
2.0940358125557306	1.8928173112299747	0.06732114626347117	0.7616573974897072	0.10054837200842603	97.7622605881743	106.70540747485238	0.0020950103778681973	1.000097961732564
2.0940358125557306	1.8928173112299747	0.06732114626347117	0.7616573974897072	0.10054837200842603	97.7622605881743	106.70540747485238	0.0020950103778681973	1.000097961732564
2.0940358125557306	1.8928173112299747	0.06732114626347117	0.7616573974897072	0.10054837200842603	97.7622605881743	106.70540747485238	0.0020950103778681973	1.000097961732564
2.0940358125557306	1.8928173112299747	0.06732114626347117	0.7616573974897072	0.10054837200842603	97.76385134584146	106.70540747485238	0.0020950103778681973	1.000097961732564
2.0940358125557306	1.8928173112299747	0.06732114626347117	0.7616573974897072	0.10054837200842603	97.76385134584146	106.71240267989415	0.0020950103778681973	1.000097961732564
2.0940358125557306	1.8928173112299747	0.06732114626347117	0.7616573974897072	0.10054837200842603	97.76385134584146	106.71240267989415	0.0020950103778681973	1.000097961732564
2.0940358125557306	1.8928173112299747	0.06732114626347117	0.7616573974897072	0.10054837200842603	97.76385134584146	106.71240267989415	0.0020950103778681973	1.0000945826693104
2.0940358125557306	1.8928173112299747	0.06732114626347117	0.7616573974897072	0.10054837200842603	97.76385134584146	106.71240267989415	0.0020950103778681973	1.0000945826693104
2.0940358125557306	1.8928173112299747	0.06732114626347117	0.7616573974897072	0.10054837200842603	97.76385134584146	110.03401357901097	0.0020950103778681973	1.0000945826693104
2.0940358125557306	1.8928173112299747	0.06732114626347117	0.7616573974897072	0.10055717042210173	97.76385134584146	110.03401357901097	0.0020950103778681973	1.0000945826693104
2.0940358125557306	1.892807098836404	0.06732114626347117	0.7616573974897072	0.10055717042210173	97.76385134584146	110.03401357901097	0.0020950103778681973	1.0000945826693104
2.0940358125557306	1.892807098836404	0.06731922033338597	0.7616573974897072	0.10055717042210173	97.76385134584146	110.03401357901097	0.0020950103778681973	1.0000945826693104
2.0940358125557306	1.892807098836404	0.06731922033338597	0.7616573974897072	0.10055717042210173	97.76298926023271	110.03401357901097	0.0020950103778681973	1.0000945826693104
2.0940358125557306	1.892807098836404	0.06731922033338597	0.7616366039749775	0.10055717042210173	97.76298926023271	110.03401357901097	0.0020950103778681973	1.0000945826693104
2.0929594982155466	1.892807098836404	0.06731922033338597	0.7616366039749775	0.10055717042210173	97.76298926023271	110.03401357901097	0.0020950103778681973	1.0000945826693104
2.0929594982155466	1.892807098836404	0.06731922033338597	0.7616366039749775	0.10055717042210173	97.76298926023271	110.03401357901097	0.0020950103778681973	1.0000943077687596
2.0929594982155466	1.892807098836404	0.06731922033338597	0.7616366039749775	0.10055717042210173	97.76298926023271	110.03401357901097	0.0020950103778681973	1.0000943077687596
2.092515831955292	1.892807098836404	0.06731922033338597	0.7616366039749775	0.10055717042210173	97.76298926023271	110.03401357901097	0.0020950103778681973	1.0000943077687596
2.092515831955292	1.892807098836404	0.06731922033338597	0.7616366039749775	0.10055717042210173	97.76298926023271	110.03450251245214	0.0020950103778681973	1.0000943077687596
2.092515831955292	1.892807098836404	0.06731922033338597	0.7616366039749775	0.10055717042210173	97.7629170147757	110.03450251245214	0.0020950103778681973	1.0000943077687596
2.092515831955292	1.892807098836404	0.06731922033338597	0.7616366039749775	0.10055717042210173	97.7629170147757	110.03450251245214	0.0020950103778681973	1.0000943077687596
2.092515831955292	1.892807098836404	0.06731922033338597	0.7616366039749775	0.10055717042210173	97.7629170147757	110.03450251245214	0.0020950103778681973	1.0000943077687596
2.092515831955292	1.892807098836404	0.06731922033338597	0.7616366039749775	0.10055717042210173	97.7629170147757	110.03450251245214	0.0020950103778681973	1.0000943077687596
2.092515831955292	1.892807098836404	0.06731922033338597	0.7616366039749775	0.10055717042210173	97.7629170147757	110.03450251245214	0.0020950103778681973	1.0000943077687596
2.092515831955292	1.892807098836404	0.06731922033338597	0.7616366039749775	0.10055717042210173	97.7629170147757	109.99918511760936	0.0020950103778681973	1.0000943077687596
2.092515831955292	1.892807098836404	0.06731922033338597	0.7616366039749775	0.10055717042210173	97.7629170147757	109.99918511760936	0.0020950103778681973	1.0000942830557291
2.092515831955292	1.892807098836404	0.06731922033338597	0.7616366039749775	0.10055717042210173	97.7629170147757	109.99918511760936	0.0020950103778681973	1.0000942830557291
2.092515831955292	1.892807098836404	0.06733311967861048	0.7616366039749775	0.10055717042210173	97.7629170147757	109.99918511760936	0.0020950103778681973	1.0000942830557291
2.092515831955292	1.892807098836404	0.06733311967861048	0.7616366039749775	0.1005571544806343	97.7629170147757	109.99918511760936	0.0020950103778681973	1.0000942830557291
2.092515831955292	1.8928105602123935	0.06733311967861048	0.7616366039749775	0.1005571544806343	97.7629170147757	109.99918511760936	0.0020950103778681973	1.0000942830557291
2.092515831955292	1.8928105602123935	0.06733311967861048	0.7616366039749775	0.1005571544806343	97.7629170147757	109.99918511760936	0.0020950103778681973	1.0000942830557291
2.092519805120855	1.8928105602123935	0.06733311967861048	0.7616366039749775	0.1005571544806343	97.7629170147757	109.99918511760936	0.0020950103778681973	1.0000942830557291
2.092519805120855	1.8928105602123935	0.06733311967861048	0.7616366039749775	0.1005571544806343	97.7629170147757	109.99918511760936	0.0020950103778681973	1.0000942830557291
2.092519805120855	1.8928105602123935	0.06733311967861048	0.7616366039749775	0.1005571544806343	97.7629170147757	110.00363174449018	0.0020950103778681973	1.0000942830557291
2.092519805120855	1.8928105602123935	0.06733311967861048	0.7616366039749775	0.1005571544806343	97.7629170147757	110.00363174449018	0.0020950103778681973	1.0000942830557291
2.092519805120855	1.8928105602123935	0.06733311967861048	0.7616366039749775	0.1005571544806343	97.7629170147757	109.91733563512817	0.0020950103778681973	1.0000942830557291
2.092519805120855	1.8928105602123935	0.06733311967861048	0.7617238204959769	0.1005571544806343	97.7629170147757	109.91733563512817	0.0020950103778681973	1.0000942830557291
2.092519805120855	1.8928105602123935	0.06738301207200487	0.7617238204959769	0.1005571544806343	97.7629170147757	109.91733563512817	0.0020950103778681973	1.0000942830557291
2.092519805120855	1.8928105602123935	0.06738301207200487	0.7617238204959769	0.1005571544806343	97.7629170147757	109.91733563512817	0.0020950103778681973	1.0000942830557291
2.092519805120855	1.8928105602123935	0.06738301207200487	0.7617238204959769	0.1005571544806343	97.7629170147757	109.91733563512817	0.002094310891233997	1.0000942830557291
2.092519805120855	1.8928105602123935	0.06738301207200487	0.7617238204959769	0.1005571544806343	97.7629170147757	109.91733563512817	0.002094310891233997	1.0000942830557291
2.092519805120855	1.892808331726773	0.06738301207200487	0.7617238204959769	0.1005571544806343	97.7629170147757	109.91733563512817	0.002094310891233997	1.0000942830557291
2.092519805120855	1.892808331726773	0.06738301207200487	0.7617238204959769	0.1005571544806343	97.7629170147757	109.91733563512817	0.002094310891233997	1.0000942830557291
2.092519805120855	1.892808331726773	0.06738844871208928	0.7617238204959769	0.1005571544806343	97.7629170147757	109.91733563512817	0.002094310891233997	1.0000942830557291
2.092519805120855	1.8927923224783942	0.06738844871208928	0.7617238204959769	0.1005571544806343	97.7629170147757	109.91733563512817	0.002094310891233997	1.0000942830557291
2.092519805120855	1.8927923224783942	0.06738844871208928	0.7617238204959769	0.1005571544806343	97.7629170147757	109.91733563512817	0.002094310891233997	1.0000942830557291
2.092349981075233	1.8927923224783942	0.06738844871208928	0.7617238204959769	0.1005571544806343	97.7629170147757	109.91733563512817	0.002094310891233997	1.0000942830557291
2.0931874779636632	1.8927923224783942	0.06738844871208928	0.7617238204959769	0.1005571544806343	97.7629170147757	109.91733563512817	0.002094310891233997	1.0000942830557291
2.0931874779636632	1.8931904430783335	0.06738844871208928	0.7617238204959769	0.1005571544806343	97.7629170147757	109.91733563512817	0.002094310891233997	1.0000942830557291
2.0931874779636632	1.8931904430783335	0.06738844871208928	0.7617238204959769	0.1005571544806343	97.7629170147757	109.91733563512817	0.002094310891233997	1.0000942830557291
2.0931874779636632	1.8931904430783335	0.06738710765157492	0.7617238204959769	0.1005571544806343	97.7629170147757	109.91733563512817	0.002094310891233997	1.0000942830557291
2.0931874779636632	1.8931904430783335	0.06738710765157492	0.7617238204959769	0.1005571544806343	97.7629170147757	109.91332551821212	0.002094310891233997	1.0000942830557291
2.0931874779636632	1.8931904430783335	0.06738710765157492	0.7617238204959769	0.1005571544806343	97.7629170147757	109.91332551821212	0.002094310891233997	1.0000942830557291
2.0931874779636632	1.8931904430783335	0.06738710765157492	0.7617238204959769	0.1005571544806343	97.7629170147757	109.91332551821212	0.0020943211454608176	1.0000942830557291
2.0931874779636632	1.8931904430783335	0.06738710765157492	0.7617238204959769	0.1005571544806343	97.7629170147757	109.93621690420414	0.0020943211454608176	1.0000942830557291
2.0931874779636632	1.8931904430783335	0.06738710765157492	0.7617238204959769	0.1005571544806343	97.7629170147757	109.9363208567064	0.0020943211454608176	1.0000942830557291
2.0931874779636632	1.8931904430783335	0.06738710765157492	0.7617238204959769	0.1005571544806343	97.7629170147757	109.9363208567064	0.0020943211454608176	1.0000942830557291
2.0931874779636632	1.8931904430783335	0.06738710765157492	0.7617238204959769	0.1005571544806343	97.7629170147757	109.9423793909337	0.0020943211454608176	1.0000942830557291
2.093326869894419	1.8931904430783335	0.06738710765157492	0.7617238204959769	0.1005571544806343	97.7629170147757	109.9423793909337	0.0020943211454608176	1.0000942830557291
2.093326869894419	1.8931904430783335	0.06738710765157492	0.7617238204959769	0.1005571544806343	97.7629170147757	109.9423793909337	0.0020943211454608176	1.0000951517193735
2.093326869894419	1.8931904430783335	0.06738710765157492	0.7617238204959769	0.1005571544806343	97.7629170147757	109.9423793909337	0.0020943211454608176	1.0000951517193735
2.093326869894419	1.8931904430783335	0.06738710765157492	0.7617238204959769	0.1005571544806343	97.7629170147757	109.9423793909337	0.0020943211454608176	1.0000951517193735
2.093326869894419	1.8931904430783335	0.06738710765157492	0.7617238204959769	0.1005571544806343	97.7629170147757	109.36585170935895	0.0020943211454608176	1.0000951517193735
2.093326869894419	1.8931904430783335	0.06738710765157492	0.7617238204959769	0.1005571544806343	97.7629170147757	109.36585170935895	0.0020943211454608176	1.0000951517193735
2.093326869894419	1.8931904430783335	0.06738710765157492	0.7617238204959769	0.10056741869233504	97.7629170147757	109.36585170935895	0.0020943211454608176	1.0000951517193735
2.093326869894419	1.8931904430783335	0.06738614356873499	0.7617238204959769	0.10056741869233504	97.7629170147757	109.36585170935895	0.0020943211454608176	1.0000951517193735
2.093326869894419	1.8931904430783335	0.06738614356873499	0.7617238204959769	0.10056741869233504	97.76462893175828	109.36585170935895	0.0020943211454608176	1.0000951517193735
2.093326869894419	1.8931904430783335	0.06738614356873499	0.7617238204959769	0.10056741869233504	97.76462893175828	109.36585170935895	0.002061358343678905	1.0000951517193735
2.093326869894419	1.8931904430783335	0.06738614356873499	0.7617238204959769	0.10053428367620681	97.76462893175828	109.36585170935895	0.002061358343678905	1.0000951517193735
2.093326869894419	1.8931904430783335	0.06738614356873499	0.7617238204959769	0.10053428367620681	97.76462893175828	109.36585170935895	0.0020613102441299175	1.0000951517193735
2.0913279803948264	1.8931904430783335	0.06738614356873499	0.7617238204959769	0.10053428367620681	97.76462893175828	109.36585170935895	0.0020613102441299175	1.0000951517193735
2.0913279803948264	1.8931904430783335	0.06738614356873499	0.7617238204959769	0.10053428367620681	97.76462893175828	109.36585170935895	0.0020613102441299175	1.0000951517193735
2.0913279803948264	1.8931904430783335	0.06738614356873499	0.7617238204959769	0.1005288243189368	97.76462893175828	109.36585170935895	0.0020613102441299175	1.0000951517193735
2.0913279803948264	1.8931904430783335	0.06738614356873499	0.7617238204959769	0.1005288243189368	97.76462893175828	109.37465921686785	0.0020613102441299175	1.0000951517193735
2.091276873150293	1.8931904430783335	0.06738614356873499	0.7617238204959769	0.1005288243189368	97.76462893175828	109.37465921686785	0.0020613102441299175	1.0000951517193735
2.091276873150293	1.8931904430783335	0.06738614356873499	0.7617238204959769	0.1005288243189368	97.76462893175828	109.37477908331063	0.0020613102441299175	1.0000951517193735
2.091276873150293	1.8931904430783335	0.06738614356873499	0.7617238204959769	0.1005288243189368	97.76462893175828	109.37477908331063	0.0020609130737220716	1.0000951517193735
2.091276873150293	1.8931904430783335	0.06738614356873499	0.7617238204959769	0.1005288243189368	97.76462893175828	109.37477908331063	0.0020609130737220716	1.0000951517193735
2.091276873150293	1.8931904430783335	0.06738614356873499	0.7617238204959769	0.1005288243189368	97.76462893175828	109.37477908331063	0.0020609130737220716	1.0000951517193735
2.0912785282425084	1.8931904430783335	0.06738614356873499	0.7617238204959769	0.1005288243189368	97.76462893175828	109.37477908331063	0.0020609130737220716	1.0000951517193735
2.0912785282425084	1.8931904430783335	0.06738614356873499	0.7617238204959769	0.1005288243189368	97.76462893175828	109.37477908331063	0.0020609130737220716	1.0000951517193735
2.0912785282425084	1.8931904430783335	0.06738614356873499	0.7617238204959769	0.1005288243189368	97.76462893175828	109.37477908331063	0.0020609130737220716	1.0000951517193735
2.0912785282425084	1.8931904430783335	0.06738614356873499	0.7617238204959769	0.1005288243189368	97.76462893175828	109.37477908331063	0.0020609130737220716	1.0000955237593474
2.0912785282425084	1.8931904430783335	0.06738530927815922	0.7617238204959769	0.1005288243189368	97.76462893175828	109.37477908331063	0.0020609130737220716	1.0000955237593474
2.0912785282425084	1.8931904430783335	0.06738530927815922	0.7617238204959769	0.1005288243189368	97.76462893175828	109.37477908331063	0.0020609130737220716	1.0000955237593474
2.0912785282425084	1.8931904430783335	0.06738530927815922	0.7617238204959769	0.1005288243189368	97.76462893175828	106.05707564399425	0.0020609130737220716	1.0000955237593474
2.0912785282425084	1.8931904430783335	0.06738530927815922	0.7617238204959769	0.1004784734436618	97.76462893175828	106.05707564399425	0.0020609130737220716	1.0000955237593474
2.0921360422471347	1.8931904430783335	0.06738530927815922	0.7617238204959769	0.1004784734436618	97.76462893175828	106.05707564399425	0.0020609130737220716	1.0000955237593474
2.0921360422471347	1.8931904430783335	0.06738530927815922	0.7617238204959769	0.1004784734436618	97.76462893175828	106.05707564399425	0.0020609130737220716	1.0000955237593474
2.0921360422471347	1.8931300760333853	0.06738530927815922	0.7617238204959769	0.1004784734436618	97.76462893175828	106.05707564399425	0.0020609130737220716	1.0000955237593474
2.0921360422471347	1.8931300760333853	0.06738530927815922	0.7617238204959769	0.1004784734436618	97.76462893175828	106.05707564399425	0.0020609130737220716	1.0000955237593474
2.0921360422471347	1.8931300760333853	0.06738530927815922	0.7617238204959769	0.1004784734436618	97.76696883228753	106.05707564399425	0.0020609130737220716	1.0000955237593474
2.0921360422471347	1.8931300760333853	0.06738530927815922	0.7617238204959769	0.1004784734436618	97.76696883228753	106.05707564399425	0.0020609130737220716	1.0000955237593474
2.0921360422471347	1.8931158613506534	0.06738530927815922	0.7617238204959769	0.1004784734436618	97.76696883228753	106.05707564399425	0.0020609130737220716	1.0000955237593474
2.0921360422471347	1.8931212456047402	0.06738530927815922	0.7617238204959769	0.1004784734436618	97.76696883228753	106.05707564399425	0.0020609130737220716	1.0000955237593474
2.0921360422471347	1.8931212456047402	0.06738530927815922	0.7617238204959769	0.1004784734436618	97.76696883228753	106.05707564399425	0.0020609130737220716	1.0000955237593474
2.0921360422471347	1.8931212456047402	0.06738530927815922	0.7617238204959769	0.1004784734436618	97.76696883228753	106.05707564399425	0.0020609130737220716	1.0000955237593474
2.0921360422471347	1.8931212456047402	0.06738530927815922	0.7617238204959769	0.1004784734436618	97.76696883228753	106.05707564399425	0.0020609130737220716	1.0000955237593474
2.0921360422471347	1.8931212456047402	0.06738530927815922	0.7617238204959769	0.1004784734436618	97.76696883228753	106.05707564399425	0.0020609130737220716	1.0000955237593474
2.0921360422471347	1.8931212456047402	0.06738530927815922	0.7617238204959769	0.1004784734436618	97.76696883228753	106.05707564399425	0.0020609130737220716	1.0000955237593474
2.0921360422471347	1.8931212456047402	0.06738530927815922	0.7617238204959769	0.1004784734436618	97.76696883228753	106.05987713715871	0.0020609130737220716	1.0000955237593474
2.0921360422471347	1.8931212456047402	0.06738530927815922	0.7617238204959769	0.1004784734436618	97.76696883228753	106.05987713715871	0.0020609130737220716	1.0000955237593474
2.0921360422471347	1.8931212456047402	0.06738530927815922	0.7617238204959769	0.1004784734436618	97.76696883228753	106.05987713715871	0.0020609130737220716	1.0000955237593474
2.0921360422471347	1.8931212456047402	0.06738530927815922	0.7618533491005361	0.1004784734436618	97.76696883228753	106.05987713715871	0.0020609130737220716	1.0000955237593474
2.0921360422471347	1.8931212456047402	0.06738530927815922	0.7618533491005361	0.1004784734436618	97.76696883228753	106.05987713715871	0.0020609130737220716	1.0000955237593474
2.0921360842940575	1.8931212456047402	0.06738530927815922	0.7618533491005361	0.1004784734436618	97.76696883228753	106.05987713715871	0.0020609130737220716	1.0000955237593474
2.0921360842940575	1.8931212456047402	0.06738530927815922	0.7618533491005361	0.1004784734436618	97.76696883228753	106.05987713715871	0.0020609130737220716	1.0000955237593474
2.0921360842940575	1.8931185496086704	0.06738530927815922	0.7618533491005361	0.1004784734436618	97.76696883228753	106.05987713715871	0.0020609130737220716	1.0000955237593474
2.0921360842940575	1.8931185496086704	0.06738530927815922	0.7618533491005361	0.1004784734436618	97.76696883228753	106.05987713715871	0.0020609130737220716	1.0000962526911377
2.0921360842940575	1.8931185496086704	0.06738530927815922	0.7618533491005361	0.1004784734436618	97.76696883228753	106.05987713715871	0.0020609130737220716	1.0000962526911377
2.0921360842940575	1.8931185496086704	0.06738530927815922	0.761860833952942	0.1004784734436618	97.76696883228753	106.05987713715871	0.0020609130737220716	1.0000962526911377
2.0921360842940575	1.8931185496086704	0.06738530927815922	0.761860833952942	0.1004784734436618	97.76696883228753	106.05987713715871	0.0020609130737220716	1.0000962526911377
2.0921360842940575	1.8931185496086704	0.06738530927815922	0.761860833952942	0.1004784734436618	97.76696883228753	106.05987713715871	0.002061095048155769	1.0000962526911377
2.0921360842940575	1.8931185496086704	0.06738530927815922	0.761860833952942	0.1004784734436618	97.76696883228753	106.05987713715871	0.002061095048155769	1.0000962526911377
2.0921360842940575	1.8931185496086704	0.06738530927815922	0.761860833952942	0.1004784734436618	97.76696883228753	106.05860413846315	0.002061095048155769	1.0000962526911377
2.0921360842940575	1.8931185496086704	0.06738530927815922	0.761860833952942	0.1004784734436618	97.76696883228753	106.05860413846315	0.002061095048155769	1.0000962526911377
2.0921360842940575	1.8931185496086704	0.06738530927815922	0.761860833952942	0.1004784734436618	97.76696883228753	106.05860413846315	0.002061095048155769	1.0000962526911377
2.0921360842940575	1.8931185496086704	0.06738530927815922	0.761860833952942	0.1004784734436618	97.76696883228753	106.05860413846315	0.002061095048155769	1.0000962526911377
2.0921360842940575	1.8931185496086704	0.06724954242631034	0.761860833952942	0.1004784734436618	97.76696883228753	106.05860413846315	0.002061095048155769	1.0000962526911377
2.0921360842940575	1.8919891224048022	0.06724954242631034	0.761860833952942	0.1004784734436618	97.76696883228753	106.05860413846315	0.002061095048155769	1.0000962526911377
2.0921360842940575	1.8919891224048022	0.06724954242631034	0.761860833952942	0.1004784734436618	97.76696883228753	106.05860413846315	0.002061095048155769	1.0000962526911377
2.0921360842940575	1.8919891224048022	0.06724954242631034	0.761860833952942	0.1004784734436618	97.76696883228753	106.05860413846315	0.002061095048155769	1.0000962526911377
2.0921360842940575	1.8920084571498053	0.06724954242631034	0.761860833952942	0.1004784734436618	97.76696883228753	106.05860413846315	0.002061095048155769	1.0000962526911377
2.0921360842940575	1.8920084571498053	0.06724954242631034	0.761860833952942	0.1004784734436618	97.76696883228753	106.05860413846315	0.002061095048155769	1.0000962526911377
2.0921360842940575	1.8920084571498053	0.06724954242631034	0.761860833952942	0.1004784734436618	97.76696883228753	106.05860413846315	0.002061095048155769	1.0000962526911377
2.0921360842940575	1.8920084571498053	0.06724954242631034	0.761860833952942	0.1004784734436618	97.76696883228753	106.05860413846315	0.002061095048155769	1.0000962526911377
2.0921360842940575	1.8920084571498053	0.06724954242631034	0.761860833952942	0.1004784734436618	97.76696883228753	106.05860413846315	0.0020611121909699776	1.0000962526911377
2.0921360842940575	1.8920084571498053	0.06724954242631034	0.761860833952942	0.10047646047166583	97.76696883228753	106.05860413846315	0.0020611121909699776	1.0000962526911377
2.0921360842940575	1.8920084571498053	0.06724954242631034	0.761860833952942	0.10047646047166583	97.76696883228753	106.05860413846315	0.0021768706942781983	1.0000962526911377
2.0921360842940575	1.8923542274643743	0.06724954242631034	0.761860833952942	0.10047646047166583	97.76696883228753	106.05860413846315	0.0021768706942781983	1.0000962526911377
2.0921360842940575	1.8923542274643743	0.06724954242631034	0.761860833952942	0.10047646047166583	97.76696883228753	106.05783308865342	0.0021768706942781983	1.0000962526911377
2.0921360842940575	1.8923542274643743	0.06724954242631034	0.761860833952942	0.10047646047166583	97.76696883228753	109.78164514006019	0.0021768706942781983	1.0000962526911377
2.0921360842940575	1.8923542274643743	0.06724954242631034	0.761860833952942	0.10047646047166583	97.76696883228753	109.78164514006019	0.0021768706942781983	1.0000962526911377
2.0921360842940575	1.8923542274643743	0.06724954242631034	0.761860833952942	0.10047645422296794	97.76696883228753	109.78164514006019	0.0021768706942781983	1.0000962526911377
2.0921360842940575	1.8923542274643743	0.06724954242631034	0.761860833952942	0.10047645422296794	97.76696883228753	109.78164514006019	0.0021768706942781983	1.0000962526911377
2.0921360842940575	1.8923542274643743	0.06724954242631034	0.761860833952942	0.10047645422296794	97.76696883228753	109.78164514006019	0.0021768706942781983	1.0000962526911377
2.0921360842940575	1.8923542274643743	0.06724954242631034	0.761860833952942	0.10047645422296794	97.76696883228753	109.78164514006019	0.0021768706942781983	1.0000962526911377
2.0921360842940575	1.8923542274643743	0.06724954242631034	0.761860833952942	0.10047645422296794	97.76696883228753	109.78164514006019	0.0021768706942781983	1.0000962526911377
2.0921360842940575	1.8923542274643743	0.06724954242631034	0.761860833952942	0.10047645422296794	97.76696883228753	109.78213757105168	0.0021768706942781983	1.0000962526911377
2.0921360842940575	1.8923542274643743	0.06724954242631034	0.761860833952942	0.10047645422296794	97.76696883228753	109.78213757105168	0.0021768706942781983	1.0000962526911377
2.0921360842940575	1.8923542274643743	0.06724954242631034	0.761860833952942	0.10047462971628687	97.76696883228753	109.78213757105168	0.0021768706942781983	1.0000962526911377
2.0921360842940575	1.8923542274643743	0.06724954242631034	0.761860833952942	0.10047462971628687	97.76696883228753	109.78213757105168	0.0021768706942781983	1.0001057424568944
2.0921360842940575	1.8923542274643743	0.06724954242631034	0.761860833952942	0.10047462971628687	97.76696883228753	109.78213757105168	0.0021768706942781983	1.0001057424568944
2.092176627499286	1.8923542274643743	0.06724954242631034	0.761860833952942	0.10047462971628687	97.76696883228753	109.78213757105168	0.0021768706942781983	1.0001057424568944
2.092176627499286	1.8923542274643743	0.06739892186604307	0.761860833952942	0.10047462971628687	97.76696883228753	109.78213757105168	0.0021768706942781983	1.0001057424568944
2.092176627499286	1.8923542274643743	0.06739892186604307	0.761860833952942	0.10039372189404136	97.76696883228753	109.78213757105168	0.0021768706942781983	1.0001057424568944
2.092176627499286	1.8923542274643743	0.06739892186604307	0.761860833952942	0.10039372189404136	97.76696883228753	109.78213757105168	0.0021769023108862942	1.0001057424568944
2.092176627499286	1.8923542274643743	0.06739892186604307	0.761860833952942	0.10039372189404136	97.76696883228753	109.78213757105168	0.0021769023108862942	1.0001057424568944
2.092176627499286	1.8923542274643743	0.06739892186604307	0.761860833952942	0.10039372189404136	97.77232211014903	109.78213757105168	0.0021769023108862942	1.0001057424568944
2.092176627499286	1.8923542274643743	0.06739892186604307	0.761860833952942	0.10039372189404136	97.77232211014903	109.78213757105168	0.0021769023108862942	1.0001057424568944
2.092176627499286	1.892408578636079	0.06739892186604307	0.761860833952942	0.10039372189404136	97.77232211014903	109.78213757105168	0.0021769023108862942	1.0001057424568944
2.092176627499286	1.892408578636079	0.06739892186604307	0.761860833952942	0.10039372189404136	97.77232211014903	109.78213757105168	0.0021769023108862942	1.0001057424568944
2.092176627499286	1.892408578636079	0.06739892186604307	0.761860833952942	0.10039372189404136	97.77232211014903	109.78213757105168	0.0021769023108862942	1.0001057424568944
2.092176627499286	1.892408578636079	0.06739892186604307	0.761860833952942	0.10039372189404136	97.77232211014903	109.78213757105168	0.0021951597127085527	1.0001057424568944
2.092176627499286	1.892408578636079	0.06739892186604307	0.761860833952942	0.10039372189404136	97.77232211014903	109.78213757105168	0.0021954339410429355	1.0001057424568944
2.092176627499286	1.892408578636079	0.06739892186604307	0.761860833952942	0.10039372189404136	97.77232211014903	109.78213757105168	0.0021579854759746523	1.0001057424568944
2.092176627499286	1.892408578636079	0.06739892186604307	0.761860833952942	0.10039372189404136	97.77232211014903	109.76583669034461	0.0021579854759746523	1.0001057424568944
2.092176627499286	1.892408578636079	0.06739892186604307	0.761860833952942	0.10039372189404136	97.77201490884084	109.76583669034461	0.0021579854759746523	1.0001057424568944
2.092176627499286	1.892408578636079	0.06739892186604307	0.761860833952942	0.10039557558719267	97.77201490884084	109.76583669034461	0.0021579854759746523	1.0001057424568944
2.092176627499286	1.892408578636079	0.06739892186604307	0.761860833952942	0.10039557558719267	97.77201490884084	109.73229667402843	0.0021579854759746523	1.0001057424568944
2.092176627499286	1.892408578636079	0.06739892186604307	0.761860833952942	0.10041983106526285	97.77201490884084	109.73229667402843	0.0021579854759746523	1.0001057424568944
2.092176627499286	1.892408578636079	0.06739892186604307	0.761860833952942	0.10041983106526285	97.77201490884084	109.73229667402843	0.0021579854759746523	1.0001057424568944
2.092176627499286	1.892408578636079	0.06739892186604307	0.761860833952942	0.10041983106526285	97.77201490884084	109.4837160833605	0.0021579854759746523	1.0001057424568944
2.092176627499286	1.892285908286363	0.06739892186604307	0.761860833952942	0.10041983106526285	97.77201490884084	109.4837160833605	0.0021579854759746523	1.0001057424568944
