2.1024282960619307	1.890184272011756	0.06692628825643658	0.7582358501695906	0.1003768008150104	97.83883379770502	100.44281217935553	0.002905233354481461	1.000091480372659
2.1024282960619307	1.890184272011756	0.06692628825643658	0.7582358501695906	0.1003768008150104	97.83883379770502	100.44281217935553	0.002905164924387541	1.000091480372659
2.1024282960619307	1.890184272011756	0.06692628825643658	0.7582358501695906	0.1003768008150104	97.83883379770502	100.44281217935553	0.002905164924387541	1.000091480372659
2.1024282960619307	1.890184272011756	0.06692628825643658	0.7582358501695906	0.1003768008150104	97.83883379770502	99.62677292384613	0.002905164924387541	1.000091480372659
2.1024282960619307	1.890184272011756	0.06692628825643658	0.7582358501695906	0.1003768008150104	97.88541979013151	99.62677292384613	0.002905164924387541	1.000091480372659
2.1024282960619307	1.890184272011756	0.06692628825643658	0.7582358501695906	0.1003768008150104	97.88541979013151	99.62677292384613	0.002905164924387541	1.000091480372659
2.1024282960619307	1.890184272011756	0.06692628825643658	0.7582358501695906	0.1003768008150104	97.88541979013151	99.62677292384613	0.002905164924387541	1.000093094260767
2.102394239505582	1.890184272011756	0.06692628825643658	0.7582358501695906	0.1003768008150104	97.88541979013151	99.62677292384613	0.002905164924387541	1.000093094260767
2.102394239505582	1.8903240493437026	0.06692628825643658	0.7582358501695906	0.1003768008150104	97.88541979013151	99.62677292384613	0.002905164924387541	1.000093094260767
2.102394239505582	1.8903240493437026	0.06692628825643658	0.7582540328723566	0.1003768008150104	97.88541979013151	99.62677292384613	0.002905164924387541	1.000093094260767
2.10258581670382	1.8903240493437026	0.06692628825643658	0.7582540328723566	0.1003768008150104	97.88541979013151	99.62677292384613	0.002905164924387541	1.000093094260767
2.10258581670382	1.8903240493437026	0.06692628825643658	0.7582540328723566	0.1003768008150104	97.88541979013151	99.62677292384613	0.002905164924387541	1.000093094260767
2.1026138668630185	1.8903240493437026	0.06692628825643658	0.7582540328723566	0.1003768008150104	97.88541979013151	99.62677292384613	0.002905164924387541	1.000093094260767
2.1027069209728793	1.8903240493437026	0.06692628825643658	0.7582540328723566	0.1003768008150104	97.88541979013151	99.62677292384613	0.002905164924387541	1.000093094260767
2.1027069209728793	1.8903240493437026	0.06692628825643658	0.7582540328723566	0.1003768008150104	97.88541979013151	99.62620288911535	0.002905164924387541	1.000093094260767
2.1027069209728793	1.8903240493437026	0.06692628825643658	0.7582537468732037	0.1003768008150104	97.88541979013151	99.62620288911535	0.002905164924387541	1.000093094260767
2.1027069209728793	1.8903240493437026	0.06692628825643658	0.7582537468732037	0.1003768008150104	97.87359486616604	99.62620288911535	0.002905164924387541	1.000093094260767
2.1027069209728793	1.8903240493437026	0.06692628825643658	0.7582537468732037	0.1003768008150104	97.87359486616604	99.62620288911535	0.002905164924387541	1.000093094260767
2.1027069209728793	1.8903240493437026	0.06692628825643658	0.7582537468732037	0.1003768008150104	97.87359486616604	99.62620288911535	0.002905164924387541	1.000093094260767
2.1027069209728793	1.8903240493437026	0.06692628825643658	0.7582537468732037	0.1003768008150104	97.87359486616604	99.62620288911535	0.002905164924387541	1.000093094260767
2.1027069209728793	1.8903240493437026	0.06692628825643658	0.7582537468732037	0.1003768008150104	97.87359486616604	101.02935230739581	0.002905164924387541	1.000093094260767
2.10270610990128	1.8903240493437026	0.06692628825643658	0.7582537468732037	0.1003768008150104	97.87359486616604	101.02935230739581	0.002905164924387541	1.000093094260767
2.10270610990128	1.8903240493437026	0.06692628825643658	0.7582537468732037	0.1003768008150104	97.87359486616604	101.02935230739581	0.002905164924387541	1.000093094260767
2.10270610990128	1.8903240493437026	0.06692628825643658	0.7582537468732037	0.1003768008150104	97.87359486616604	101.02935230739581	0.002905164924387541	1.000093094260767
2.10270610990128	1.8903240493437026	0.06692628825643658	0.7582537468732037	0.1003768008150104	97.87359486616604	101.02935230739581	0.002905164924387541	1.000093094260767
2.10270610990128	1.8903240493437026	0.06692628825643658	0.7582537468732037	0.1003768008150104	97.87359486616604	101.02935230739581	0.002905164924387541	1.000093094260767
2.10270610990128	1.8903240493437026	0.06692628825643658	0.7582537468732037	0.1003768008150104	97.87359486616604	101.02935230739581	0.002905164924387541	1.000093094260767
2.10270610990128	1.8903240493437026	0.06692628825643658	0.7582537468732037	0.1003768008150104	97.87359486616604	101.02935230739581	0.002905164924387541	1.000093094260767
2.10270610990128	1.8903240493437026	0.06692628825643658	0.7582537468732037	0.1003768008150104	97.87359486616604	101.02935230739581	0.0029087598313725367	1.000093094260767
2.10270610990128	1.8903240493437026	0.06692628825643658	0.7582537468732037	0.1003768008150104	97.87359486616604	101.02935230739581	0.0029087598313725367	1.000093094260767
2.10270610990128	1.8903240493437026	0.06692628825643658	0.7582537468732037	0.1003768008150104	97.87359486616604	101.02935230739581	0.0029087598313725367	1.000093094260767
2.10270610990128	1.8903240493437026	0.06692628825643658	0.7582537468732037	0.1003768008150104	97.87359486616604	101.02935230739581	0.0029088303051247734	1.000093094260767
2.10270610990128	1.8903240493437026	0.06692628825643658	0.7582537468732037	0.1003768008150104	97.87359486616604	101.01533720977189	0.0029088303051247734	1.000093094260767
2.10270610990128	1.8903240493437026	0.06692628825643658	0.7582537468732037	0.1003768008150104	97.87359486616604	101.01533720977189	0.0029088303051247734	1.000093094260767
2.10270610990128	1.8904262515989072	0.06692628825643658	0.7582537468732037	0.1003768008150104	97.87359486616604	101.01533720977189	0.0029088303051247734	1.000093094260767
2.10270610990128	1.8904262515989072	0.06692628825643658	0.7582537468732037	0.1003768008150104	97.87359486616604	101.01533720977189	0.0029088303051247734	1.000093094260767
2.10270610990128	1.8904262515989072	0.06692628825643658	0.7582537468732037	0.1003768008150104	97.87359486616604	101.01533720977189	0.0029088303051247734	1.000093094260767
2.10270610990128	1.8904262515989072	0.06692628825643658	0.7582537468732037	0.1003768008150104	97.87359486616604	101.01533720977189	0.0029088303051247734	1.000093094260767
2.10270610990128	1.8904262515989072	0.06692628825643658	0.7582537468732037	0.1003768008150104	97.87359486616604	101.01533720977189	0.0029090201324061603	1.000093094260767
2.10270610990128	1.8904262515989072	0.06692628825643658	0.7582537468732037	0.10043230936203588	97.87359486616604	101.01533720977189	0.0029090201324061603	1.000093094260767
2.10270610990128	1.8904262515989072	0.06692628825643658	0.7582537468732037	0.10043230936203588	97.87359486616604	101.01533720977189	0.0029090201324061603	1.000093094260767
2.10270610990128	1.8904262515989072	0.06691729855407316	0.7582537468732037	0.10043230936203588	97.87359486616604	101.01533720977189	0.0029090201324061603	1.000093094260767
2.10270610990128	1.8904262515989072	0.06691729855407316	0.7582537468732037	0.10043230936203588	97.87359486616604	101.01533720977189	0.0029090201324061603	1.000093094260767
2.10270610990128	1.8904262515989072	0.06691729855407316	0.7582608186585499	0.10043230936203588	97.87359486616604	101.01533720977189	0.0029090201324061603	1.000093094260767
2.10270610990128	1.8904262515989072	0.06691729855407316	0.7582608186585499	0.10043230936203588	97.87359486616604	101.01533720977189	0.0029090201324061603	1.000093094260767
2.10270610990128	1.8904262515989072	0.06690975878550152	0.7582608186585499	0.10043230936203588	97.87359486616604	101.01533720977189	0.0029090201324061603	1.000093094260767
2.10270610990128	1.8904262515989072	0.06690975878550152	0.7582608186585499	0.10043230936203588	97.87359486616604	101.01513511331376	0.0029090201324061603	1.000093094260767
2.10270610990128	1.8904262515989072	0.06690975878550152	0.7582608186585499	0.10043230936203588	97.87359486616604	101.01513511331376	0.0029090201324061603	1.0000926696082773
2.10270610990128	1.8904262515989072	0.06690975878550152	0.7582608186585499	0.10043230936203588	97.87359486616604	101.01526684941079	0.0029090201324061603	1.0000926696082773
2.10270610990128	1.8904266307973692	0.06690975878550152	0.7582608186585499	0.10043230936203588	97.87359486616604	101.01526684941079	0.0029090201324061603	1.0000926696082773
2.10270610990128	1.890142067051175	0.06690975878550152	0.7582608186585499	0.10043230936203588	97.87359486616604	101.01526684941079	0.0029090201324061603	1.0000926696082773
2.10270610990128	1.8904209287245735	0.06690975878550152	0.7582608186585499	0.10043230936203588	97.87359486616604	101.01526684941079	0.0029090201324061603	1.0000926696082773
2.10270610990128	1.8904209287245735	0.06690975878550152	0.7582608186585499	0.10043230936203588	97.87359486616604	101.01526684941079	0.0029090201324061603	1.0000926696082773
2.10270610990128	1.8904209287245735	0.06690975878550152	0.7582608186585499	0.10043230936203588	97.87359486616604	101.01526684941079	0.002908982672456274	1.0000926696082773
2.10270610990128	1.8904209287245735	0.06690975878550152	0.7582608186585499	0.10043230936203588	97.87394445869201	101.01526684941079	0.002908982672456274	1.0000926696082773
2.10270610990128	1.8904209287245735	0.06689410136686781	0.7582608186585499	0.10043230936203588	97.87394445869201	101.01526684941079	0.002908982672456274	1.0000926696082773
2.10270610990128	1.8904209287245735	0.06689410136686781	0.7582608186585499	0.10043230936203588	97.87394445869201	101.01526684941079	0.002908982672456274	1.0000926696082773
2.10270610990128	1.8904209287245735	0.06689410136686781	0.7587333522803359	0.10043230936203588	97.87394445869201	101.01526684941079	0.002908982672456274	1.0000926696082773
2.10270610990128	1.8904209287245735	0.06689410136686781	0.7587333522803359	0.10043230936203588	97.87394445869201	101.01526684941079	0.002908982672456274	1.0000926696082773
2.10270610990128	1.8904209287245735	0.06689410136686781	0.7587333522803359	0.10043230936203588	97.87394445869201	101.01526684941079	0.002908982672456274	1.0000926696082773
2.10270610990128	1.8904209287245735	0.06689410136686781	0.7587333522803359	0.10043230936203588	97.87394445869201	101.01526684941079	0.002908982672456274	1.0000926696082773
2.10270610990128	1.89040096064718	0.06689410136686781	0.7587333522803359	0.10043230936203588	97.87394445869201	101.01526684941079	0.002908982672456274	1.0000926696082773
2.102704105330279	1.89040096064718	0.06689410136686781	0.7587333522803359	0.10043230936203588	97.87394445869201	101.01526684941079	0.002908982672456274	1.0000926696082773
2.102704105330279	1.89040096064718	0.06689410136686781	0.7587333522803359	0.10042354774334378	97.87394445869201	101.01526684941079	0.002908982672456274	1.0000926696082773
2.102704105330279	1.89040096064718	0.06689410136686781	0.7587333522803359	0.10042354774334378	97.87394445869201	101.09184323996669	0.002908982672456274	1.0000926696082773
2.102704105330279	1.89039544511219	0.06689410136686781	0.7587333522803359	0.10042354774334378	97.87394445869201	101.09184323996669	0.002908982672456274	1.0000926696082773
2.102704105330279	1.89039544511219	0.06689410136686781	0.7587333522803359	0.10042290782085429	97.87394445869201	101.09184323996669	0.002908982672456274	1.0000926696082773
2.102704105330279	1.89039544511219	0.06689410136686781	0.7587333522803359	0.10042290782085429	97.87394445869201	101.09184323996669	0.002908982672456274	1.0000926696082773
2.1027031262941756	1.89039544511219	0.06689410136686781	0.7587333522803359	0.10042290782085429	97.87394445869201	101.09184323996669	0.002908982672456274	1.0000926696082773
2.1027031262941756	1.89039544511219	0.06689410136686781	0.7587333522803359	0.10042290782085429	97.87394445869201	101.09184323996669	0.002908982672456274	1.0000926696082773
2.1027031262941756	1.89039544511219	0.06689410136686781	0.7587333522803359	0.10042290782085429	97.87394445869201	101.09184323996669	0.002908982672456274	1.0000926696082773
2.1027031262941756	1.89039544511219	0.06689410136686781	0.7587333522803359	0.10042290782085429	97.87394445869201	101.09184323996669	0.0029196873735793873	1.0000926696082773
2.1027031262941756	1.89039544511219	0.06689410136686781	0.7587333522803359	0.10042290782085429	97.87394445869201	101.09184323996669	0.0029196873735793873	1.0000926696082773
2.1027031262941756	1.89039544511219	0.06689410136686781	0.7587333522803359	0.10042290782085429	97.87394445869201	101.09131916509509	0.0029196873735793873	1.0000926696082773
2.1002051411736278	1.89039544511219	0.06689410136686781	0.7587333522803359	0.10042290782085429	97.87394445869201	101.09131916509509	0.0029196873735793873	1.0000926696082773
2.1003261638474306	1.89039544511219	0.06689410136686781	0.7587333522803359	0.10042290782085429	97.87394445869201	101.09131916509509	0.0029196873735793873	1.0000926696082773
2.1003261638474306	1.89039544511219	0.06689410136686781	0.7587333522803359	0.10042290782085429	97.87394445869201	101.09131916509509	0.0029196873735793873	1.0000926696082773
2.1003261638474306	1.89039544511219	0.06689410136686781	0.7587333522803359	0.10042290782085429	97.87394445869201	101.09131916509509	0.0029196873735793873	1.0000926696082773
2.1003261638474306	1.89039544511219	0.06689410136686781	0.7587333522803359	0.10042290782085429	97.87394445869201	101.09131916509509	0.0029196873735793873	1.0000926696082773
2.1003261638474306	1.89039544511219	0.06689410136686781	0.7587333522803359	0.10042290782085429	97.87394445869201	101.09131916509509	0.0029196873735793873	1.0000926696082773
2.1003261638474306	1.89039544511219	0.06689410136686781	0.7587333522803359	0.10042290782085429	97.87394445869201	101.09131916509509	0.0029196873735793873	1.0000926696082773
2.1003333851223447	1.89039544511219	0.06689410136686781	0.7587333522803359	0.10042290782085429	97.87394445869201	101.09131916509509	0.0029196873735793873	1.0000926696082773
2.1003333851223447	1.89039544511219	0.06689410136686781	0.7587333522803359	0.10042290782085429	97.87394445869201	101.09131916509509	0.0029196873735793873	1.0000926696082773
2.1003333851223447	1.89039544511219	0.06689410136686781	0.7587333522803359	0.10042290782085429	97.87394445869201	101.09131916509509	0.002893827586753829	1.0000926696082773
2.1003333851223447	1.89039544511219	0.06689410136686781	0.7587333522803359	0.10042290782085429	97.87394445869201	101.09131916509509	0.002893827586753829	1.0000926696082773
2.1003333851223447	1.89039544511219	0.06689410136686781	0.7587333522803359	0.10042290782085429	97.87394445869201	101.09131916509509	0.002901388056771031	1.0000926696082773
2.1003333851223447	1.889664073729539	0.06689410136686781	0.7587333522803359	0.10042290782085429	97.87394445869201	101.09131916509509	0.002901388056771031	1.0000926696082773
2.1003333851223447	1.889664073729539	0.06689410136686781	0.7587333522803359	0.10042290782085429	97.87394445869201	101.09131916509509	0.002901388056771031	1.0000926696082773
2.1003333851223447	1.889664073729539	0.06691081751429317	0.7587333522803359	0.10042290782085429	97.87394445869201	101.09131916509509	0.002901388056771031	1.0000926696082773
2.1003333851223447	1.889664073729539	0.06691081751429317	0.7587333522803359	0.10042290782085429	97.87394445869201	101.09131916509509	0.002901388056771031	1.0000926696082773
2.1003333851223447	1.889664073729539	0.06691081751429317	0.7587333522803359	0.10042290782085429	97.87394445869201	101.09131916509509	0.002901388056771031	1.0000926696082773
2.1003333851223447	1.889664073729539	0.06690810150196529	0.7587333522803359	0.10042290782085429	97.87394445869201	101.09131916509509	0.002901388056771031	1.0000926696082773
2.1003333851223447	1.889664073729539	0.06690810150196529	0.7587333522803359	0.10042290782085429	97.87394445869201	101.09131916509509	0.002901388056771031	1.0000926696082773
2.1003333851223447	1.889664073729539	0.06690810150196529	0.7587333522803359	0.10042305760400488	97.87394445869201	101.09131916509509	0.002901388056771031	1.0000926696082773
2.1003333851223447	1.889664073729539	0.06690810150196529	0.7587333522803359	0.10042305760400488	97.89676404787107	101.09131916509509	0.002901388056771031	1.0000926696082773
2.1003333851223447	1.889664073729539	0.06690810150196529	0.7587333522803359	0.10042305760400488	97.89676404787107	101.20060578042057	0.002901388056771031	1.0000926696082773
2.1003333851223447	1.889664073729539	0.06690810150196529	0.7587333522803359	0.10042305760400488	97.89676404787107	101.20060578042057	0.002901388056771031	1.0000926696082773
2.1003333851223447	1.889664073729539	0.06690810150196529	0.7587333522803359	0.10042305760400488	97.89676404787107	101.20060578042057	0.002901388056771031	1.0000926696082773
2.1003333851223447	1.889664073729539	0.06690810150196529	0.7587333522803359	0.10042305760400488	97.89676404787107	101.20060578042057	0.002901388056771031	1.0000926696082773
2.1003333851223447	1.889664073729539	0.06690810150196529	0.7587333522803359	0.10042305760400488	97.89676404787107	101.20060578042057	0.002901388056771031	1.0000926696082773
2.1003333851223447	1.889664073729539	0.06690810150196529	0.7587333522803359	0.10042305760400488	97.89676404787107	101.20060578042057	0.0029014350797298143	1.0000926696082773
2.1003333851223447	1.889664073729539	0.06690810150196529	0.7587333522803359	0.10041972596074467	97.89676404787107	101.20060578042057	0.0029014350797298143	1.0000926696082773
2.1003333851223447	1.889664073729539	0.06690810150196529	0.7587333522803359	0.10041972596074467	97.89676404787107	101.20060578042057	0.0029014350797298143	1.0000926696082773
2.1003333851223447	1.889664073729539	0.06690810150196529	0.7587333522803359	0.10041972596074467	97.89676404787107	101.20060578042057	0.0029014350797298143	1.0000926696082773
2.1003333851223447	1.889664073729539	0.06690810150196529	0.7587333522803359	0.10041972596074467	97.89676404787107	101.20060578042057	0.0029014350797298143	1.0000926696082773
2.1003333851223447	1.889664073729539	0.06690810150196529	0.7587194617952868	0.10041972596074467	97.89676404787107	101.20060578042057	0.0029014350797298143	1.0000926696082773
2.1003333851223447	1.889664073729539	0.06690810150196529	0.7587194617952868	0.10041972596074467	97.89676404787107	100.68581254575754	0.0029014350797298143	1.0000926696082773
2.1003333851223447	1.889664073729539	0.06690810150196529	0.7587194617952868	0.10041972596074467	97.89676404787107	100.68581254575754	0.0029014350797298143	1.0000926696082773
2.1003333851223447	1.889664073729539	0.06690810150196529	0.7587194617952868	0.10041972596074467	97.89676404787107	100.68581254575754	0.0029014350797298143	1.0000926696082773
2.1003603352842157	1.889664073729539	0.06690810150196529	0.7587194617952868	0.10041972596074467	97.89676404787107	100.68581254575754	0.0029014350797298143	1.0000926696082773
2.1003603352842157	1.889664073729539	0.06690810150196529	0.7587194617952868	0.10041972596074467	97.89676404787107	100.68581254575754	0.0029014350797298143	1.0000926696082773
2.1003603352842157	1.889664073729539	0.06690810150196529	0.7587194617952868	0.10041972596074467	97.89654849152431	100.68581254575754	0.0029014350797298143	1.0000926696082773
2.1003603352842157	1.889664073729539	0.06690810150196529	0.7587194617952868	0.10041972596074467	97.89659157838017	100.68581254575754	0.0029014350797298143	1.0000926696082773
2.1003603352842157	1.889664073729539	0.06690810150196529	0.7587194617952868	0.10041972596074467	97.89659157838017	100.68581254575754	0.0029014350797298143	1.0000926696082773
2.1003603352842157	1.889664073729539	0.06690810150196529	0.7587194617952868	0.10041972596074467	97.89659157838017	100.68581254575754	0.0029014350797298143	1.0000926405318635
2.1003603352842157	1.889664073729539	0.06690810150196529	0.7587108670712656	0.10041972596074467	97.89659157838017	100.68581254575754	0.0029014350797298143	1.0000926405318635
2.1003603352842157	1.889664073729539	0.06690810150196529	0.7587108670712656	0.10041972596074467	97.89659157838017	100.68581254575754	0.0029014350797298143	1.0000926405318635
2.1003603352842157	1.889664073729539	0.06690810150196529	0.7587108670712656	0.10041972596074467	97.89659157838017	100.68581254575754	0.0029014350797298143	1.0000926405318635
2.1003603352842157	1.889869186645751	0.06690810150196529	0.7587108670712656	0.10041972596074467	97.89659157838017	100.68581254575754	0.0029014350797298143	1.0000926405318635
2.1003603352842157	1.889869186645751	0.06690810150196529	0.7587108670712656	0.10041972596074467	97.89659157838017	100.68581254575754	0.0029014350797298143	1.0000926405318635
2.1003603352842157	1.889869186645751	0.06690810150196529	0.7587108670712656	0.10041972596074467	97.89659157838017	100.68581254575754	0.0029014350797298143	1.0000926405318635
2.1003603352842157	1.889869186645751	0.06690810150196529	0.7587108670712656	0.10041972596074467	97.89659157838017	100.68581254575754	0.0029014350797298143	1.0000926405318635
2.1003603352842157	1.889869186645751	0.06690810150196529	0.7587108670712656	0.10041972596074467	97.89659157838017	100.68581254575754	0.0029014455422193123	1.0000926405318635
2.1003603352842157	1.889869186645751	0.06690810150196529	0.7587108670712656	0.10041972596074467	97.89659157838017	100.86781005229712	0.0029014455422193123	1.0000926405318635
2.1003563719064906	1.889869186645751	0.06690810150196529	0.7587108670712656	0.10041972596074467	97.89659157838017	100.86781005229712	0.0029014455422193123	1.0000926405318635
2.1003563719064906	1.889869186645751	0.06690810150196529	0.7587108670712656	0.10041972596074467	97.89659157838017	100.86781005229712	0.0029014455422193123	1.0000933360188138
2.1003563719064906	1.889869186645751	0.06690810150196529	0.7587108670712656	0.10041972596074467	97.89659157838017	100.86781005229712	0.0029014455422193123	1.0000933360188138
2.1004859246330216	1.889869186645751	0.06690810150196529	0.7587108670712656	0.10041972596074467	97.89659157838017	100.86781005229712	0.0029014455422193123	1.0000933360188138
2.1004859246330216	1.889869186645751	0.06690810150196529	0.7587108670712656	0.10041972596074467	97.89659157838017	100.86781005229712	0.0029014455422193123	1.0000933360188138
2.1004859246330216	1.889869186645751	0.06690810150196529	0.7587108670712656	0.10041972596074467	97.89659157838017	100.86781005229712	0.0029014455422193123	1.0000933360188138
2.10048617193387	1.889869186645751	0.06690810150196529	0.7587108670712656	0.10041972596074467	97.89659157838017	100.86781005229712	0.0029014455422193123	1.0000933360188138
2.100352294175934	1.889869186645751	0.06690810150196529	0.7587108670712656	0.10041972596074467	97.89659157838017	100.86781005229712	0.0029014455422193123	1.0000933360188138
2.100352294175934	1.889869186645751	0.06690810150196529	0.7587108670712656	0.10041972596074467	97.89659157838017	100.86781005229712	0.0027614077978696016	1.0000933360188138
2.100352294175934	1.889869186645751	0.06690810150196529	0.7587133262533753	0.10041972596074467	97.89659157838017	100.86781005229712	0.0027614077978696016	1.0000933360188138
2.100352294175934	1.889869186645751	0.06690810150196529	0.7587133262533753	0.10041972596074467	97.89659157838017	100.86781005229712	0.0027614077978696016	1.0000933360188138
2.100352294175934	1.889869186645751	0.06690810150196529	0.7587133262533753	0.10041972596074467	97.89659157838017	100.86781005229712	0.0027614077978696016	1.0000933360188138
2.100352294175934	1.889869186645751	0.06690810150196529	0.7587133262533753	0.10041972596074467	97.89659157838017	100.86781005229712	0.002763740685695234	1.0000933360188138
2.100352294175934	1.889869186645751	0.06690810150196529	0.7587133262533753	0.10041972596074467	97.89659157838017	100.87408515573759	0.002763740685695234	1.0000933360188138
2.100352294175934	1.889869186645751	0.06686830824586106	0.7587133262533753	0.10041972596074467	97.89659157838017	100.87408515573759	0.002763740685695234	1.0000933360188138
2.100352294175934	1.889869186645751	0.06686830824586106	0.7587133262533753	0.10041972596074467	97.89659157838017	100.87408515573759	0.0023750367607404416	1.0000933360188138
2.100352294175934	1.889869186645751	0.06686830824586106	0.7587133262533753	0.10041972596074467	97.89659157838017	100.87426305427235	0.0023750367607404416	1.0000933360188138
2.100352294175934	1.889869186645751	0.06686830824586106	0.7587149298351111	0.10041972596074467	97.89659157838017	100.87426305427235	0.0023750367607404416	1.0000933360188138
2.100352294175934	1.889869186645751	0.06686830824586106	0.7587149298351111	0.10041972596074467	97.89659157838017	100.87426305427235	0.0023750367607404416	1.0000933360188138
2.100352294175934	1.889869186645751	0.06686830824586106	0.7587149298351111	0.10041972596074467	97.89659157838017	100.87426305427235	0.0023750367607404416	1.0000933360188138
2.10036075364701	1.889869186645751	0.06686830824586106	0.7587149298351111	0.10041972596074467	97.89659157838017	100.87426305427235	0.0023750367607404416	1.0000933360188138
2.10036075364701	1.889869186645751	0.06686830824586106	0.7587149298351111	0.10041972596074467	97.89659157838017	100.87426305427235	0.0023750367607404416	1.0000933360188138
2.10036075364701	1.889869186645751	0.06686830824586106	0.7587149298351111	0.10041972596074467	97.89659157838017	100.87426305427235	0.0023750367607404416	1.0000933360188138
2.10036075364701	1.889869186645751	0.06686830824586106	0.7587149298351111	0.10041972596074467	97.89659157838017	100.87426305427235	0.0023750367607404416	1.0000933360188138
2.10036075364701	1.889869186645751	0.06686830824586106	0.7586953215021095	0.10041972596074467	97.89659157838017	100.87426305427235	0.0023750367607404416	1.0000933360188138
2.10036075364701	1.889869186645751	0.06686830824586106	0.7586953215021095	0.10041972596074467	97.89659157838017	100.87426305427235	0.0023750367607404416	1.0000933360188138
2.10036075364701	1.889869186645751	0.06686765138940283	0.7586953215021095	0.10041972596074467	97.89659157838017	100.87426305427235	0.0023750367607404416	1.0000933360188138
2.10036075364701	1.889869186645751	0.06686765138940283	0.7586953215021095	0.10041972596074467	97.89659157838017	100.87426305427235	0.0023750367607404416	1.0000933360188138
2.10036075364701	1.889869186645751	0.06686765138940283	0.7586953215021095	0.10041972596074467	97.89659157838017	100.87426305427235	0.0023750367607404416	1.0000933360188138
2.10036075364701	1.889869186645751	0.06686765138940283	0.7586953215021095	0.10041972596074467	97.89659157838017	100.87426305427235	0.0023750367607404416	1.0000933360188138
2.10036075364701	1.889869186645751	0.06686765138940283	0.7586953215021095	0.10041972596074467	97.89659157838017	100.87426305427235	0.0023750367607404416	1.0000933360188138
2.10036075364701	1.889869186645751	0.06686765138940283	0.7586953215021095	0.10041972596074467	97.89659157838017	100.87426305427235	0.0023750367607404416	1.0000933360188138
2.10036075364701	1.889869186645751	0.06686765138940283	0.7586540309043543	0.10041972596074467	97.89659157838017	100.87426305427235	0.0023750367607404416	1.0000933360188138
2.10036075364701	1.889869186645751	0.06686765138940283	0.7586540309043543	0.10041972596074467	97.89659157838017	100.87426305427235	0.0023750367607404416	1.0000933360188138
2.10036075364701	1.889869186645751	0.06686765138940283	0.7587753324269342	0.10041972596074467	97.89659157838017	100.87426305427235	0.0023750367607404416	1.0000933360188138
2.10036075364701	1.889869186645751	0.06686765138940283	0.7587753324269342	0.10041972596074467	97.89659157838017	100.87426305427235	0.0023750367607404416	1.0000933360188138
2.10036075364701	1.889869186645751	0.06686765138940283	0.7587753324269342	0.10041972596074467	97.89659157838017	100.87426305427235	0.0023750367607404416	1.0000934307553855
2.10036075364701	1.889869186645751	0.06686765138940283	0.7587753324269342	0.10041972596074467	97.89659157838017	100.87426305427235	0.002375364411121776	1.0000934307553855
2.10036075364701	1.889869186645751	0.06686765138940283	0.7587753324269342	0.10041972596074467	97.89659157838017	100.87426305427235	0.002375364411121776	1.0000934307553855
2.10036075364701	1.889869186645751	0.06686765138940283	0.7587753324269342	0.10041972596074467	97.89659157838017	100.8743577480498	0.002375364411121776	1.0000934307553855
2.10036075364701	1.889869186645751	0.06686765138940283	0.7587753324269342	0.10041972596074467	97.89659157838017	100.8743577480498	0.002375364411121776	1.0000934307553855
2.10036075364701	1.889869186645751	0.06686765138940283	0.7586781226102685	0.10041972596074467	97.89659157838017	100.8743577480498	0.002375364411121776	1.0000934307553855
2.10036075364701	1.889869186645751	0.06686765138940283	0.7586781226102685	0.10041972596074467	97.89659157838017	100.8743577480498	0.002375364411121776	1.0000934307553855
2.10036075364701	1.889869186645751	0.06686765138940283	0.7586781226102685	0.10052700018248503	97.89659157838017	100.8743577480498	0.002375364411121776	1.0000934307553855
2.10036075364701	1.889869186645751	0.06686765138940283	0.7586781226102685	0.10052700018248503	97.89659157838017	100.8743577480498	0.002375364411121776	1.0000934307553855
2.10036075364701	1.889869186645751	0.06686765138940283	0.7586781226102685	0.10052700018248503	97.89659157838017	100.8743577480498	0.002375364411121776	1.0000934307553855
2.10036075364701	1.8876289996458613	0.06686765138940283	0.7586781226102685	0.10052700018248503	97.89659157838017	100.8743577480498	0.002375364411121776	1.0000934307553855
2.10036075364701	1.8876299561732053	0.06686765138940283	0.7586781226102685	0.10052700018248503	97.89659157838017	100.8743577480498	0.002375364411121776	1.0000934307553855
2.10036075364701	1.8876299561732053	0.06685050426694632	0.7586781226102685	0.10052700018248503	97.89659157838017	100.8743577480498	0.002375364411121776	1.0000934307553855
2.10036075364701	1.8876300122916583	0.06685050426694632	0.7586781226102685	0.10052700018248503	97.89659157838017	100.8743577480498	0.002375364411121776	1.0000934307553855
2.10036075364701	1.8876300122916583	0.06685059694383634	0.7586781226102685	0.10052700018248503	97.89659157838017	100.8743577480498	0.002375364411121776	1.0000934307553855
2.10036075364701	1.8876300122916583	0.06685059694383634	0.7586781226102685	0.10052700018248503	97.89659157838017	100.69982017962869	0.002375364411121776	1.0000934307553855
2.10036075364701	1.8876300122916583	0.06685059694383634	0.7586781226102685	0.10052700018248503	97.89659157838017	100.69982017962869	0.002375364411121776	1.0000934307553855
2.10036075364701	1.8876300122916583	0.06685059694383634	0.7586781226102685	0.10052700018248503	97.89659157838017	100.69982017962869	0.0023749152409427857	1.0000934307553855
2.10036075364701	1.8876300122916583	0.06685059694383634	0.7586781226102685	0.10052700018248503	97.89659157838017	100.69982017962869	0.0023760835735891443	1.0000934307553855
2.10036075364701	1.8876300122916583	0.06685059694383634	0.7586781226102685	0.10052700018248503	97.89659157838017	100.69982017962869	0.0023758957448033195	1.0000934307553855
2.10036075364701	1.8876300122916583	0.06685059694383634	0.7586781226102685	0.10052700018248503	97.89659157838017	100.69982017962869	0.0023758957448033195	1.0000934307553855
2.1004579388349556	1.8876300122916583	0.06685059694383634	0.7586781226102685	0.10052700018248503	97.89659157838017	100.69982017962869	0.0023758957448033195	1.0000934307553855
2.1004579388349556	1.8876300122916583	0.06685059694383634	0.7586781226102685	0.10052705466760135	97.89659157838017	100.69982017962869	0.0023758957448033195	1.0000934307553855
2.1004579388349556	1.8876300122916583	0.06685059694383634	0.7586781226102685	0.10052705466760135	97.89659157838017	100.69982017962869	0.0023758957448033195	1.0000934307553855
2.1004579388349556	1.8876300122916583	0.06685059694383634	0.7586781226102685	0.10052705466760135	97.89659157838017	100.69982017962869	0.0023758957448033195	1.0000934307553855
2.1004579388349556	1.8876300122916583	0.06685059694383634	0.7586781226102685	0.10052705466760135	97.89659157838017	100.57693977084489	0.0023758957448033195	1.0000934307553855
2.1004579388349556	1.8876300122916583	0.06685059694383634	0.7586781226102685	0.10052705466760135	97.89659157838017	100.57693977084489	0.0023758957448033195	1.0000935288519093
2.1004579388349556	1.8876300122916583	0.06690142384285569	0.7586781226102685	0.10052705466760135	97.89659157838017	100.57693977084489	0.0023758957448033195	1.0000935288519093
2.1004579388349556	1.8876300122916583	0.06690142384285569	0.7586781226102685	0.10052705466760135	97.89659157838017	100.57693977084489	0.0023758957448033195	1.0000935288519093
2.1004579388349556	1.8876300122916583	0.06690142384285569	0.7586781226102685	0.10052705466760135	97.89659157838017	100.57693977084489	0.0023758957448033195	1.0000935288519093
2.1004579388349556	1.8876300122916583	0.06690142384285569	0.7586781226102685	0.10052705466760135	97.89659157838017	100.57693977084489	0.0023758957448033195	1.0000935288519093
2.1004579388349556	1.8876300122916583	0.06690142384285569	0.7586864515245042	0.10052705466760135	97.89659157838017	100.57693977084489	0.0023758957448033195	1.0000935288519093
2.1004579388349556	1.8876300122916583	0.06690142384285569	0.7586864515245042	0.10052705466760135	97.89659157838017	100.57693977084489	0.0023758957448033195	1.0000935288519093
2.1004579388349556	1.8876300122916583	0.06690142384285569	0.7586660055648172	0.10052705466760135	97.89659157838017	100.57693977084489	0.0023758957448033195	1.0000935288519093
2.1004579388349556	1.8876300122916583	0.06690142384285569	0.7586660055648172	0.10052705466760135	97.89659157838017	100.57693977084489	0.0023758957448033195	1.0000935288519093
2.1004579388349556	1.8876300122916583	0.06690142384285569	0.7586660055648172	0.10052705466760135	97.89659157838017	100.57693977084489	0.0023758957448033195	1.0000935288519093
2.1004579388349556	1.8876300122916583	0.06690142384285569	0.7586660055648172	0.10052705466760135	97.89659157838017	100.57693977084489	0.0023758957448033195	1.0000935288519093
2.1004579388349556	1.8876300122916583	0.06690142384285569	0.7586660055648172	0.10052705466760135	97.89659157838017	100.57693977084489	0.0023758957448033195	1.0000935288519093
2.1004579388349556	1.8876300122916583	0.06690142384285569	0.7586660055648172	0.10052705466760135	97.89659157838017	100.72181822906934	0.0023758957448033195	1.0000935288519093
2.1004579388349556	1.8876300122916583	0.06690142384285569	0.7586660055648172	0.10052705466760135	97.89659157838017	100.72181822906934	0.0023725113743791205	1.0000935288519093
2.1004579388349556	1.8876300122916583	0.06690142384285569	0.7586660055648172	0.10052705466760135	97.89659157838017	100.72181822906934	0.0023725113743791205	1.0000935288519093
2.1004579388349556	1.8876300122916583	0.06690142384285569	0.7586660055648172	0.10052705466760135	97.89659157838017	100.72181822906934	0.0023727673527622903	1.0000935288519093
2.1004579388349556	1.8876300122916583	0.06690142384285569	0.7586660055648172	0.10052705466760135	97.89659157838017	100.72181822906934	0.0023727673527622903	1.0000935288519093
2.1004579388349556	1.8876300122916583	0.06690142384285569	0.7586660055648172	0.10052705466760135	97.89659157838017	99.64586499732441	0.0023727673527622903	1.0000935288519093
2.1004579388349556	1.8876300122916583	0.06690142384285569	0.7586660055648172	0.10052705466760135	97.89659157838017	99.64586499732441	0.0023727673527622903	1.0000935288519093
2.1004579388349556	1.8876300122916583	0.06690142384285569	0.7586660055648172	0.10052705466760135	97.89659157838017	99.64586499732441	0.0023727673527622903	1.0000935288519093
2.1004579388349556	1.8876300122916583	0.06690142384285569	0.7586660055648172	0.10052705466760135	97.89534534502249	99.64586499732441	0.0023727673527622903	1.0000935288519093
2.1004579388349556	1.8876300122916583	0.06690142384285569	0.7586564739435058	0.10052705466760135	97.89534534502249	99.64586499732441	0.0023727673527622903	1.0000935288519093
2.1004579388349556	1.8876300122916583	0.06690142384285569	0.7586564739435058	0.10052705466760135	97.89534534502249	99.64586499732441	0.0023727673527622903	1.0000935288519093
2.1004579388349556	1.8876300122916583	0.06690142384285569	0.7586564739435058	0.10052705466760135	97.89534534502249	99.64586499732441	0.0023727673527622903	1.0000935288519093
2.1004579388349556	1.8876300122916583	0.06690142384285569	0.7586564739435058	0.10052705466760135	97.89534534502249	99.64586499732441	0.0023727673527622903	1.0000935288519093
2.1004579388349556	1.8876300122916583	0.06690142384285569	0.7586564739435058	0.10052705466760135	97.89534534502249	99.64586499732441	0.0023727673527622903	1.0000935288519093
2.1004579388349556	1.8876300122916583	0.06690142384285569	0.7586564739435058	0.10052705466760135	97.89534534502249	99.64586499732441	0.0023727673527622903	1.0000935288519093
2.1004579388349556	1.8876300122916583	0.06690142384285569	0.7586564739435058	0.10052705466760135	97.89534534502249	99.64586499732441	0.0023727673527622903	1.0000935288519093
2.1004579388349556	1.8876300122916583	0.06690142384285569	0.7586564739435058	0.10052705466760135	97.89534534502249	99.64586499732441	0.0023727673527622903	1.0000935288519093
2.1004579388349556	1.8876300122916583	0.06690142384285569	0.7586564739435058	0.10052705466760135	97.89534534502249	101.89958825658789	0.0023727673527622903	1.0000935288519093
2.1004579388349556	1.8876300122916583	0.06690142384285569	0.7586564739435058	0.10052650162226577	97.89534534502249	101.89958825658789	0.0023727673527622903	1.0000935288519093
2.1004579388349556	1.8876300122916583	0.06690142384285569	0.7586564739435058	0.10052650162226577	97.89534534502249	101.89958825658789	0.0023727673527622903	1.0000935288519093
2.1004579388349556	1.8876300122916583	0.06690142384285569	0.7586564739435058	0.10052650162226577	97.89534534502249	101.78969781469196	0.0023727673527622903	1.0000935288519093
2.1004579388349556	1.8876300122916583	0.06690259477772992	0.7586564739435058	0.10052650162226577	97.89534534502249	101.78969781469196	0.0023727673527622903	1.0000935288519093
2.1004579388349556	1.8876050756694314	0.06690259477772992	0.7586564739435058	0.10052650162226577	97.89534534502249	101.78969781469196	0.0023727673527622903	1.0000935288519093
2.1004579388349556	1.8924920162709546	0.06690259477772992	0.7586564739435058	0.10052650162226577	97.89534534502249	101.78969781469196	0.0023727673527622903	1.0000935288519093
2.1004579388349556	1.8918012683164185	0.06690259477772992	0.7586564739435058	0.10052650162226577	97.89534534502249	101.78969781469196	0.0023727673527622903	1.0000935288519093
2.1004579388349556	1.8918012683164185	0.06690259477772992	0.7586564739435058	0.10052650162226577	97.89534534502249	101.78969781469196	0.0023727673527622903	1.0000935288519093
2.1004579388349556	1.8918012683164185	0.06690259477772992	0.758677431706098	0.10052650162226577	97.89534534502249	101.78969781469196	0.0023727673527622903	1.0000935288519093
2.1004579388349556	1.8918970169342557	0.06690259477772992	0.758677431706098	0.10052650162226577	97.89534534502249	101.78969781469196	0.0023727673527622903	1.0000935288519093
2.1004579388349556	1.891897313607939	0.06690259477772992	0.758677431706098	0.10052650162226577	97.89534534502249	101.78969781469196	0.0023727673527622903	1.0000935288519093
2.1004579388349556	1.891897313607939	0.06690259477772992	0.758677431706098	0.10052650162226577	97.89534534502249	101.78969781469196	0.0023727673527622903	1.0000935288519093
2.1004579388349556	1.891897313607939	0.06690259477772992	0.758677431706098	0.10052650162226577	97.88379160009396	101.78969781469196	0.0023727673527622903	1.0000935288519093
2.1004579388349556	1.891897313607939	0.06690259477772992	0.758677431706098	0.10052650162226577	97.88379160009396	101.78969781469196	0.0023727673527622903	1.0000935288519093
2.1004579388349556	1.891897313607939	0.06690259477772992	0.758677431706098	0.10052650162226577	97.88379160009396	101.78969781469196	0.0029246390595149404	1.0000935288519093
2.1004579388349556	1.891897313607939	0.06690259477772992	0.758677431706098	0.10052650162226577	97.88379160009396	101.78969781469196	0.0029246390595149404	1.0000935288519093
2.1004579388349556	1.891897313607939	0.06690259477772992	0.758677431706098	0.10052650162226577	97.88379160009396	101.78969781469196	0.0029246390595149404	1.0000935288519093
2.1004579388349556	1.891897313607939	0.06690259477772992	0.758677431706098	0.10052650162226577	97.88379160009396	101.78969781469196	0.002858866748026041	1.0000935288519093
2.1004579388349556	1.891897313607939	0.06690259477772992	0.758677431706098	0.10052650162226577	97.88379160009396	101.78969781469196	0.002858866748026041	1.0000935288519093
2.1004579388349556	1.891897313607939	0.06690259477772992	0.758677431706098	0.10052650162226577	97.89449282774646	101.78969781469196	0.002858866748026041	1.0000935288519093
2.1004579388349556	1.891897313607939	0.06690259477772992	0.758677431706098	0.10052650162226577	97.89322482349861	101.78969781469196	0.002858866748026041	1.0000935288519093
2.100461342558364	1.891897313607939	0.06690259477772992	0.758677431706098	0.10052650162226577	97.89322482349861	101.78969781469196	0.002858866748026041	1.0000935288519093
2.100461342558364	1.891897313607939	0.06690259477772992	0.758677431706098	0.10052650162226577	97.89322482349861	101.78969781469196	0.002858866748026041	1.0000935288519093
2.100461342558364	1.891897313607939	0.06690259477772992	0.758677431706098	0.10052650162226577	97.89322482349861	101.78969781469196	0.002858866748026041	1.0000935288519093
2.100461342558364	1.891897313607939	0.06690259477772992	0.758677431706098	0.10052575242527706	97.89322482349861	101.78969781469196	0.002858866748026041	1.0000935288519093
2.100461342558364	1.891897313607939	0.06690259477772992	0.758677431706098	0.10052575242527706	97.89322482349861	101.78969781469196	0.002858866748026041	1.0000935288519093
2.100461342558364	1.891897313607939	0.06690259477772992	0.758677431706098	0.10052575242527706	97.89322482349861	101.78969781469196	0.002858866748026041	1.0000935288519093
2.100461342558364	1.891897313607939	0.06690259477772992	0.758677431706098	0.10052575242527706	97.89322482349861	101.78969781469196	0.002858866748026041	1.0000935288519093
2.100461342558364	1.891897313607939	0.06690259477772992	0.758677431706098	0.10052575242527706	97.89322482349861	101.78969781469196	0.0028584243321480795	1.0000935288519093
2.100461342558364	1.8916602171679548	0.06690259477772992	0.758677431706098	0.10052575242527706	97.89322482349861	101.78969781469196	0.0028584243321480795	1.0000935288519093
2.100461342558364	1.8916602171679548	0.06690507057347743	0.758677431706098	0.10052575242527706	97.89322482349861	101.78969781469196	0.0028584243321480795	1.0000935288519093
2.100461342558364	1.8916602171679548	0.06690507057347743	0.758677431706098	0.10052575242527706	97.89998599595918	101.78969781469196	0.0028584243321480795	1.0000935288519093
2.100461342558364	1.8916602171679548	0.06690507057347743	0.758677431706098	0.10052575242527706	97.89998599595918	101.78969781469196	0.0028584243321480795	1.0000935288519093
2.100461342558364	1.8916602171679548	0.06690507057347743	0.758677431706098	0.10052575242527706	97.89998599595918	101.78969781469196	0.0028584243321480795	1.0000935288519093
2.100461342558364	1.8916602171679548	0.06690507057347743	0.758677431706098	0.10052575242527706	97.89998599595918	101.78969781469196	0.0028584243321480795	1.0000935288519093
2.100461342558364	1.8916602171679548	0.06690170244914809	0.758677431706098	0.10052575242527706	97.89998599595918	101.78969781469196	0.0028584243321480795	1.0000935288519093
2.100461342558364	1.8916602171679548	0.06690170244914809	0.758677431706098	0.10052575242527706	97.89998599595918	101.78969781469196	0.0028584243321480795	1.0000935288519093
2.100461342558364	1.8916602171679548	0.06690170244914809	0.758677431706098	0.10052575242527706	97.89998599595918	101.78969781469196	0.0028584243321480795	1.0000994403577184
2.10043520862806	1.8916602171679548	0.06690170244914809	0.758677431706098	0.10052575242527706	97.89998599595918	101.78969781469196	0.0028584243321480795	1.0000994403577184
2.10043520862806	1.8916602171679548	0.06690170244914809	0.758677431706098	0.10052575242527706	97.89998599595918	101.78969781469196	0.0028584243321480795	1.0000994403577184
2.1004445194517163	1.8916602171679548	0.06690170244914809	0.758677431706098	0.10052575242527706	97.89998599595918	101.78969781469196	0.0028584243321480795	1.0000994403577184
2.1004445194517163	1.8916602171679548	0.06690170244914809	0.758677431706098	0.10052575242527706	97.89998599595918	101.78969781469196	0.0028584243321480795	1.0000994403577184
2.1004445194517163	1.8916602171679548	0.06690170244914809	0.758677431706098	0.10052575242527706	97.91372812395656	101.78969781469196	0.0028584243321480795	1.0000994403577184
2.100387955849559	1.8916602171679548	0.06690170244914809	0.758677431706098	0.10052575242527706	97.91372812395656	101.78969781469196	0.0028584243321480795	1.0000994403577184
2.100387955849559	1.8916602171679548	0.06690170244914809	0.758677431706098	0.10052575242527706	97.91304682706522	101.78969781469196	0.0028584243321480795	1.0000994403577184
2.100387955849559	1.8916602171679548	0.06690170244914809	0.758677431706098	0.10052575242527706	97.91307042201177	101.78969781469196	0.0028584243321480795	1.0000994403577184
2.100387955849559	1.8916602171679548	0.06690170244914809	0.758677431706098	0.10052919405095445	97.91307042201177	101.78969781469196	0.0028584243321480795	1.0000994403577184
2.100387955849559	1.8916602171679548	0.06690170244914809	0.758677431706098	0.10052919405095445	97.91307042201177	101.78969781469196	0.0028584243321480795	1.0000994403577184
2.100387955849559	1.8916602171679548	0.06690170244914809	0.758677431706098	0.10052919405095445	97.91307042201177	101.78969781469196	0.0028584243321480795	1.0000994403577184
2.100387955849559	1.8916602171679548	0.06690170244914809	0.758677431706098	0.10052919405095445	97.91307042201177	101.78969781469196	0.0028584243321480795	1.0000994403577184
2.100387955849559	1.8916602171679548	0.06690170244914809	0.758677431706098	0.10052919405095445	97.91307042201177	101.78969781469196	0.0028584243321480795	1.0000994403577184
2.100387955849559	1.8916602171679548	0.06690170244914809	0.758677431706098	0.10052919405095445	97.91307042201177	101.78969781469196	0.0028584243321480795	1.0000994403577184
2.100387955849559	1.8916602171679548	0.06690170244914809	0.758677431706098	0.10052919405095445	97.91307042201177	101.78969781469196	0.0028584243321480795	1.0000994403577184
2.100387955849559	1.8916602171679548	0.06690170244914809	0.758677431706098	0.10052919405095445	97.91302940731434	101.78969781469196	0.0028584243321480795	1.0000994403577184
2.100387955849559	1.8916602171679548	0.06690170244914809	0.758677431706098	0.10052919405095445	97.91302940731434	101.78969781469196	0.0028584243321480795	1.0000994403577184
2.100387955849559	1.8916602171679548	0.06690170244914809	0.758677431706098	0.10052919405095445	97.91302940731434	101.789142883943	0.0028584243321480795	1.0000994403577184
2.100387955849559	1.8916602171679548	0.06690170244914809	0.758677431706098	0.10052919405095445	97.91302940731434	101.789142883943	0.0028584243321480795	1.0000994403577184
2.100387955849559	1.8916602171679548	0.06690714923316672	0.758677431706098	0.10052919405095445	97.91302940731434	101.789142883943	0.0028584243321480795	1.0000994403577184
2.100387955849559	1.8916602171679548	0.06690714923316672	0.758677431706098	0.10052919405095445	97.91302940731434	101.789142883943	0.0028584243321480795	1.0000994403577184
2.100387955849559	1.8916602171679548	0.06690575254473836	0.758677431706098	0.10052919405095445	97.91302940731434	101.789142883943	0.0028584243321480795	1.0000994403577184
2.100387955849559	1.8916602171679548	0.06690575254473836	0.758677431706098	0.10052919405095445	97.91302940731434	101.789142883943	0.002858344734123545	1.0000994403577184
2.100387955849559	1.8916602171679548	0.06690575254473836	0.758677431706098	0.10052919405095445	97.91016187815103	101.789142883943	0.002858344734123545	1.0000994403577184
2.100387955849559	1.8916602171679548	0.06690575254473836	0.758677431706098	0.10052919405095445	97.91016187815103	101.789142883943	0.002858344734123545	1.0000994403577184
2.100387955849559	1.8916602171679548	0.06690575254473836	0.758677431706098	0.10052919405095445	97.91016187815103	101.789142883943	0.002858344734123545	1.000100047724981
2.100387955849559	1.8916602171679548	0.06690575254473836	0.758677431706098	0.10052919405095445	97.91016187815103	101.789142883943	0.002858344734123545	1.000100047724981
2.100387955849559	1.8916602171679548	0.06690575254473836	0.758677431706098	0.10052919405095445	97.91016187815103	101.789142883943	0.002858344734123545	1.000100047724981
2.100387955849559	1.8916602171679548	0.06690575254473836	0.758677431706098	0.10052919405095445	97.91016187815103	101.789142883943	0.002858344734123545	1.000100047724981
2.100387955849559	1.8916602171679548	0.06690575254473836	0.758677431706098	0.10052919405095445	97.91016187815103	101.78940538658962	0.002858344734123545	1.000100047724981
2.100387955849559	1.8916602171679548	0.06690575254473836	0.758677431706098	0.10050280708425474	97.91016187815103	101.78940538658962	0.002858344734123545	1.000100047724981
2.100387955849559	1.8916602171679548	0.06690575254473836	0.758677431706098	0.10050280708425474	97.91016187815103	101.78940538658962	0.002859058083854313	1.000100047724981
2.100387955849559	1.8916602171679548	0.06690575254473836	0.758677431706098	0.10050280708425474	97.91016187815103	101.78940538658962	0.002859058083854313	1.000100047724981
2.100387955849559	1.8916602171679548	0.06690575254473836	0.758677431706098	0.10050280708425474	97.91016187815103	101.78940538658962	0.002859058083854313	1.000100047724981
2.100387955849559	1.8916602171679548	0.06690575254473836	0.758677431706098	0.10050280708425474	97.91007742631952	101.78940538658962	0.002859058083854313	1.000100047724981
2.100387955849559	1.8916602171679548	0.06690575254473836	0.758677431706098	0.10048920789126294	97.91007742631952	101.78940538658962	0.002859058083854313	1.000100047724981
2.100387955849559	1.8916602171679548	0.06690575254473836	0.758677431706098	0.10048920789126294	97.91007742631952	101.78940538658962	0.002863676121261238	1.000100047724981
2.100387955849559	1.8916602171679548	0.06690575254473836	0.758677431706098	0.1004892920547772	97.91007742631952	101.78940538658962	0.002863676121261238	1.000100047724981
2.100387955849559	1.8916602171679548	0.06690575254473836	0.758677431706098	0.1004892920547772	97.91007742631952	101.78940538658962	0.002863676121261238	1.000100047724981
2.100387955849559	1.8916602171679548	0.06690575254473836	0.758677431706098	0.1004892920547772	97.91007742631952	101.78940538658962	0.002863676121261238	1.000100047724981
2.100387955849559	1.8916602171679548	0.06690575254473836	0.758677431706098	0.1004892920547772	97.91007742631952	101.78940538658962	0.002863676121261238	1.000100047724981
2.1021050729919355	1.8916602171679548	0.06690575254473836	0.758677431706098	0.1004892920547772	97.91007742631952	101.78940538658962	0.002863676121261238	1.000100047724981
2.1021050729919355	1.8916602171679548	0.06690575254473836	0.758677431706098	0.1004892920547772	97.91007742631952	101.78940538658962	0.002863676121261238	1.000100047724981
2.1021050729919355	1.8916602171679548	0.06690575254473836	0.758677431706098	0.1004892920547772	97.91007742631952	101.78940538658962	0.002863676121261238	1.000089349003052
2.1021050729919355	1.8916602171679548	0.06690575254473836	0.758677431706098	0.1004892920547772	97.91007742631952	101.78940538658962	0.002863676121261238	1.000089349003052
2.1021050729919355	1.8916602171679548	0.06690575254473836	0.758677431706098	0.1004892920547772	97.91007742631952	101.78940538658962	0.002863676121261238	1.000089349003052
2.1021050729919355	1.8916602171679548	0.06690575254473836	0.758677431706098	0.1004892920547772	97.91007742631952	101.78940538658962	0.002863676121261238	1.000089349003052
2.1021050729919355	1.8916602171679548	0.06690575254473836	0.758677431706098	0.1004892920547772	97.91007742631952	101.78485253570706	0.002863676121261238	1.000089349003052
2.1021050729919355	1.8916602171679548	0.06690575254473836	0.758677431706098	0.1004892920547772	97.91007742631952	101.78485253570706	0.0028969539324571717	1.000089349003052
2.1021050729919355	1.8916602171679548	0.06690575254473836	0.7586772703175776	0.1004892920547772	97.91007742631952	101.78485253570706	0.0028969539324571717	1.000089349003052
2.1021050729919355	1.8916666638074349	0.06690575254473836	0.7586772703175776	0.1004892920547772	97.91007742631952	101.78485253570706	0.0028969539324571717	1.000089349003052
2.1021050729919355	1.8916666638074349	0.06690575254473836	0.7586772703175776	0.1004892920547772	97.91007742631952	101.78485253570706	0.0028969539324571717	1.000089349003052
2.1021050729919355	1.8916666638074349	0.06690575254473836	0.7586852297565724	0.1004892920547772	97.91007742631952	101.78485253570706	0.0028969539324571717	1.000089349003052
2.1021050729919355	1.8916666638074349	0.06690575254473836	0.7586852297565724	0.1004892920547772	97.91007742631952	101.78485253570706	0.0028969539324571717	1.000089349003052
2.1021050729919355	1.8916666638074349	0.06690575254473836	0.7586852297565724	0.1004892920547772	97.91007742631952	102.04573946557048	0.0028969539324571717	1.000089349003052
2.1021050729919355	1.8916666638074349	0.06690575254473836	0.7586852297565724	0.1004892920547772	97.91007742631952	102.04573946557048	0.002856554008981917	1.000089349003052
2.1021050729919355	1.8916666638074349	0.06690575254473836	0.7586852297565724	0.1004892920547772	97.91007742631952	102.04573946557048	0.002856554008981917	1.000089349003052
2.1021050729919355	1.8916666638074349	0.06690575254473836	0.7586852297565724	0.1004892920547772	97.91849162022105	102.04573946557048	0.002856554008981917	1.000089349003052
2.1021050729919355	1.8916666638074349	0.06690575254473836	0.7586852297565724	0.1004892920547772	97.91849162022105	102.04573946557048	0.002856554008981917	1.0000874402194895
2.1021050729919355	1.8916666638074349	0.06690575254473836	0.7586852297565724	0.1004892920547772	97.91849162022105	102.04573946557048	0.002856554008981917	1.0000874402194895
2.1021050729919355	1.8916666638074349	0.06690575254473836	0.7586852297565724	0.10049006791686865	97.91849162022105	102.04573946557048	0.002856554008981917	1.0000874402194895
2.1021050729919355	1.8916666638074349	0.06690575254473836	0.7586852297565724	0.10049006791686865	97.91849162022105	102.04539025133228	0.002856554008981917	1.0000874402194895
2.1021050729919355	1.8916666638074349	0.06690575254473836	0.7586852297565724	0.10049006791686865	97.91849162022105	102.08957034327601	0.002856554008981917	1.0000874402194895
2.10367018844606	1.8916666638074349	0.06690575254473836	0.7586852297565724	0.10049006791686865	97.91849162022105	102.08957034327601	0.002856554008981917	1.0000874402194895
2.10367018844606	1.8916666638074349	0.06690575254473836	0.7586852297565724	0.10049006791686865	97.91849162022105	102.08957034327601	0.002856554008981917	1.0000874402194895
2.1036769717455646	1.8916666638074349	0.06690575254473836	0.7586852297565724	0.10049006791686865	97.91849162022105	102.08957034327601	0.002856554008981917	1.0000874402194895
2.1036769717455646	1.8916666638074349	0.06690575254473836	0.7586852297565724	0.10049006791686865	97.91849162022105	102.08957034327601	0.002856554008981917	1.0000874402194895
2.1036769717455646	1.8916666638074349	0.06690575254473836	0.7586852297565724	0.10049006791686865	97.91849162022105	102.08957034327601	0.002856554008981917	1.0000874402194895
2.1036769717455646	1.8916666638074349	0.06690575254473836	0.7586852297565724	0.10049006791686865	97.91849162022105	102.08957034327601	0.002856554008981917	1.0000874402194895
2.1036769717455646	1.8916666638074349	0.06690575254473836	0.7586852297565724	0.10049006791686865	97.91849162022105	102.08957034327601	0.002856554008981917	1.0000874402194895
2.1036769717455646	1.8916666638074349	0.06690575254473836	0.7586852297565724	0.10049002474499295	97.91849162022105	102.08957034327601	0.002856554008981917	1.0000874402194895
2.1036769717455646	1.8916666638074349	0.06690575254473836	0.7586852297565724	0.10049002474499295	97.91849162022105	102.08957034327601	0.002856554008981917	1.0000874402194895
2.1036769717455646	1.8916666638074349	0.06690575254473836	0.7586852297565724	0.10049002474499295	97.91849162022105	102.08957034327601	0.002856554008981917	1.0000874402194895
2.1036769717455646	1.8916666638074349	0.06690575254473836	0.7586852297565724	0.10049002474499295	97.91849162022105	102.08957034327601	0.002856554008981917	1.0000874402194895
2.103537306923082	1.8916666638074349	0.06690575254473836	0.7586852297565724	0.10049002474499295	97.91849162022105	102.08957034327601	0.002856554008981917	1.0000874402194895
2.103537306923082	1.8916666638074349	0.06694048099637508	0.7586852297565724	0.10049002474499295	97.91849162022105	102.08957034327601	0.002856554008981917	1.0000874402194895
2.103537306923082	1.8916666638074349	0.06694048099637508	0.7586852297565724	0.10049566719906061	97.91849162022105	102.08957034327601	0.002856554008981917	1.0000874402194895
2.103537306923082	1.8916666638074349	0.06693907942155859	0.7586852297565724	0.10049566719906061	97.91849162022105	102.08957034327601	0.002856554008981917	1.0000874402194895
2.103537306923082	1.8916666638074349	0.06693907942155859	0.7586852297565724	0.10049566719906061	97.91849162022105	102.08957034327601	0.002856554008981917	1.0000874402194895
2.1048005146851967	1.8916666638074349	0.06693907942155859	0.7586852297565724	0.10049566719906061	97.91849162022105	102.08957034327601	0.002856554008981917	1.0000874402194895
2.1048005146851967	1.8916666638074349	0.06698495992006069	0.7586852297565724	0.10049566719906061	97.91849162022105	102.08957034327601	0.002856554008981917	1.0000874402194895
2.1048005146851967	1.8916666638074349	0.06698495992006069	0.7586852297565724	0.10049566719906061	97.91849162022105	102.36587534229184	0.002856554008981917	1.0000874402194895
2.1048005146851967	1.8916666638074349	0.06698495992006069	0.7586852297565724	0.10049566719906061	97.91849162022105	102.72067841666248	0.002856554008981917	1.0000874402194895
2.1048005146851967	1.8916666638074349	0.06698495992006069	0.7586489011839324	0.10049566719906061	97.91849162022105	102.72067841666248	0.002856554008981917	1.0000874402194895
2.1048005146851967	1.8916666638074349	0.06698495992006069	0.7586489011839324	0.10049566719906061	97.91849162022105	102.72067841666248	0.002856389352365178	1.0000874402194895
2.1048005146851967	1.8916666638074349	0.06698495992006069	0.7586590107824415	0.10049566719906061	97.91849162022105	102.72067841666248	0.002856389352365178	1.0000874402194895
2.1048005146851967	1.8916666638074349	0.06698495992006069	0.7586590107824415	0.10049566719906061	97.91849162022105	102.72067841666248	0.002856389352365178	1.0000874402194895
2.1048005146851967	1.8916666638074349	0.06698495992006069	0.7586590107824415	0.10049566719906061	97.91849162022105	102.72067841666248	0.002856389352365178	1.0000874402194895
2.1048005146851967	1.8916666638074349	0.06698495992006069	0.7586590107824415	0.10049566719906061	97.91849162022105	102.72067841666248	0.002856389352365178	1.0000874402194895
2.1048005146851967	1.8916666638074349	0.06698495992006069	0.7590308217051555	0.10049566719906061	97.91849162022105	102.72067841666248	0.002856389352365178	1.0000874402194895
2.1048005146851967	1.8916666638074349	0.06698495992006069	0.7590308217051555	0.10049566719906061	97.91849162022105	102.72067841666248	0.002856389352365178	1.0000874402194895
2.1048005146851967	1.8916666638074349	0.06698495992006069	0.7590308217051555	0.10049566719906061	97.91849162022105	102.72067841666248	0.002856389352365178	1.0000874402194895
2.104870668148659	1.8916666638074349	0.06698495992006069	0.7590308217051555	0.10049566719906061	97.91849162022105	102.72067841666248	0.002856389352365178	1.0000874402194895
2.104870668148659	1.8916666638074349	0.06698495992006069	0.7590308217051555	0.10049566719906061	97.91849162022105	102.74376621809907	0.002856389352365178	1.0000874402194895
2.104870668148659	1.8916666638074349	0.06698495992006069	0.7590308217051555	0.10049566719906061	97.91849162022105	102.74376621809907	0.002856389352365178	1.0000874402194895
2.104870668148659	1.8915428044227351	0.06698495992006069	0.7590308217051555	0.10049566719906061	97.91849162022105	102.74376621809907	0.002856389352365178	1.0000874402194895
2.104870668148659	1.8915428044227351	0.06698495992006069	0.7590308217051555	0.10049566719906061	97.91849162022105	102.74376621809907	0.002856389352365178	1.0000874402194895
2.104870668148659	1.8915428044227351	0.06698495992006069	0.7590308217051555	0.10049566719906061	97.91849162022105	102.74376621809907	0.002856389352365178	1.0000874402194895
2.104870668148659	1.8915428044227351	0.06698495992006069	0.7590308217051555	0.10049566719906061	97.91849162022105	102.74376621809907	0.002856389352365178	1.0000874402194895
2.104870668148659	1.8915428044227351	0.06698495992006069	0.7590308217051555	0.10049566719906061	97.91849162022105	98.99531288318714	0.002856389352365178	1.0000874402194895
2.104870668148659	1.8915428044227351	0.06698495992006069	0.7590308217051555	0.10049566719906061	97.91849162022105	98.99531288318714	0.002856389352365178	1.0000874402194895
2.104870668148659	1.8915428044227351	0.06698495992006069	0.7590308217051555	0.10049566719906061	97.91849162022105	98.99531288318714	0.002856389352365178	1.0000874402194895
2.104870668148659	1.8915428044227351	0.06698495992006069	0.7590308217051555	0.10049566719906061	97.91849162022105	98.99531288318714	0.002856389352365178	1.0000874402194895
2.104870668148659	1.8915428044227351	0.06698495992006069	0.7590308217051555	0.10049521324127145	97.91849162022105	98.99531288318714	0.002856389352365178	1.0000874402194895
2.104870668148659	1.8915457786087255	0.06698495992006069	0.7590308217051555	0.10049521324127145	97.91849162022105	98.99531288318714	0.002856389352365178	1.0000874402194895
2.104870668148659	1.8915457786087255	0.06698495992006069	0.7590308217051555	0.10049521324127145	97.91849162022105	99.34441723115522	0.002856389352365178	1.0000874402194895
2.104870668148659	1.8915457786087255	0.06698495992006069	0.7590308217051555	0.10049521324127145	97.91849162022105	99.34441723115522	0.002856389352365178	1.0000874402194895
2.104870668148659	1.8915457786087255	0.06698495992006069	0.7590308217051555	0.10049521324127145	97.92146060718247	99.34441723115522	0.002856389352365178	1.0000874402194895
2.104870668148659	1.8915457786087255	0.06698495992006069	0.7590308217051555	0.10049521324127145	97.92146060718247	99.34441723115522	0.002856389352365178	1.0000874402194895
2.104870668148659	1.8915457786087255	0.06698495992006069	0.7590308217051555	0.10049523771510925	97.92146060718247	99.34441723115522	0.002856389352365178	1.0000874402194895
2.104870668148659	1.8915457786087255	0.06698495992006069	0.7590308217051555	0.10049523771510925	97.92146060718247	99.34441723115522	0.0027505267585907576	1.0000874402194895
2.104870668148659	1.8915457786087255	0.06698495992006069	0.7590308217051555	0.10049523771510925	97.92146060718247	99.34441723115522	0.0027505267585907576	1.0000874402194895
2.104870668148659	1.8915457786087255	0.06698495992006069	0.7590308217051555	0.10049523771510925	97.92146060718247	99.44612888528088	0.0027505267585907576	1.0000874402194895
2.104870668148659	1.8915457786087255	0.06698495992006069	0.7590308217051555	0.10049523771510925	97.92146060718247	99.44612888528088	0.0027505267585907576	1.0000874402194895
2.104870668148659	1.8915457786087255	0.06698495992006069	0.7590308217051555	0.10063802315963252	97.92146060718247	99.44612888528088	0.0027505267585907576	1.0000874402194895
2.104870668148659	1.8915457786087255	0.06698495992006069	0.7590308217051555	0.10063802315963252	97.92146060718247	99.44612888528088	0.0027505267585907576	1.0000874402194895
2.104870668148659	1.8915457786087255	0.06698495992006069	0.7590308217051555	0.10063802315963252	97.92146060718247	99.44612888528088	0.0027507557462784714	1.0000874402194895
2.104870668148659	1.8915457786087255	0.06698495992006069	0.7592637733949457	0.10063802315963252	97.92146060718247	99.44612888528088	0.0027507557462784714	1.0000874402194895
2.104870668148659	1.8915457786087255	0.06698495992006069	0.7592637733949457	0.10063802315963252	97.92146060718247	99.44612888528088	0.0027507557462784714	1.0000874402194895
2.104870668148659	1.8915457786087255	0.06698495992006069	0.7592637733949457	0.10063802315963252	97.92146060718247	99.44612888528088	0.0027507557462784714	1.0000874402194895
2.104870668148659	1.8915457786087255	0.06698495992006069	0.7592637733949457	0.10063802315963252	97.92146060718247	99.44612888528088	0.0027507557462784714	1.0000880476629226
2.104870668148659	1.8915457786087255	0.06698495992006069	0.7592637733949457	0.10063802315963252	97.92146060718247	99.44612888528088	0.0027507557462784714	1.0000880476629226
2.104870668148659	1.8915457786087255	0.06698495992006069	0.7592609348054887	0.10063802315963252	97.92146060718247	99.44612888528088	0.0027507557462784714	1.0000880476629226
2.104870668148659	1.8933892192845674	0.06698495992006069	0.7592609348054887	0.10063802315963252	97.92146060718247	99.44612888528088	0.0027507557462784714	1.0000880476629226
2.104870668148659	1.8933892192845674	0.06698495992006069	0.7592609348054887	0.10063802315963252	97.92146060718247	99.44612888528088	0.0027507557462784714	1.0000880476629226
2.104870668148659	1.8933892192845674	0.06698495992006069	0.7592609348054887	0.10063802315963252	97.92146060718247	99.44612888528088	0.0027507557462784714	1.0000880476629226
2.104870668148659	1.8933892192845674	0.06698495992006069	0.7592609348054887	0.10063802315963252	97.92146060718247	99.44612888528088	0.0027507557462784714	1.0000880476629226
2.104870668148659	1.8933892192845674	0.06698495992006069	0.7592609348054887	0.10063802315963252	97.92146060718247	99.44612888528088	0.0027507557462784714	1.0000880476629226
2.104870668148659	1.8933892192845674	0.06698495992006069	0.7592609348054887	0.10063802315963252	97.92146060718247	99.44612888528088	0.002750813610726011	1.0000880476629226
2.104870668148659	1.8933892192845674	0.06698495992006069	0.7592609348054887	0.10063254031835088	97.92146060718247	99.44612888528088	0.002750813610726011	1.0000880476629226
2.104870668148659	1.8933892192845674	0.06698495992006069	0.7592609348054887	0.10063254031835088	97.92132001265422	99.44612888528088	0.002750813610726011	1.0000880476629226
2.104870668148659	1.8933892192845674	0.06698495992006069	0.7592609348054887	0.10063254031835088	97.92132001265422	99.44612888528088	0.002750813610726011	1.0000880476629226
2.104870668148659	1.8933892192845674	0.06698495992006069	0.7592609348054887	0.10063254031835088	97.92132001265422	99.44612888528088	0.002750813610726011	1.0000880476629226
2.104870668148659	1.8933892192845674	0.06698495992006069	0.7592609348054887	0.10063254031835088	97.92132001265422	99.44612888528088	0.002750813610726011	1.0000880476629226
2.104870668148659	1.8933892192845674	0.06698495992006069	0.7592609348054887	0.10063254031835088	97.92132001265422	103.35352279251747	0.002750813610726011	1.0000880476629226
2.104870668148659	1.8933892192845674	0.06698495992006069	0.7592609348054887	0.10063254031835088	97.92132001265422	103.35352279251747	0.002750813610726011	1.0000880476629226
2.104870668148659	1.8933892192845674	0.06698495992006069	0.7592609348054887	0.10061897492013087	97.92132001265422	103.35352279251747	0.002750813610726011	1.0000880476629226
2.104870668148659	1.8933892192845674	0.06698495992006069	0.7592609348054887	0.10061911664320665	97.92132001265422	103.35352279251747	0.002750813610726011	1.0000880476629226
2.104870668148659	1.8933892192845674	0.06698495992006069	0.7591907629490565	0.10061911664320665	97.92132001265422	103.35352279251747	0.002750813610726011	1.0000880476629226
2.104870668148659	1.8933892192845674	0.06698495992006069	0.7591907629490565	0.10059870506690088	97.92132001265422	103.35352279251747	0.002750813610726011	1.0000880476629226
2.104870668148659	1.8933892192845674	0.06698495992006069	0.7591907629490565	0.10059870506690088	97.92132001265422	103.35352279251747	0.002750813610726011	1.0000880476629226
2.104870668148659	1.8933892192845674	0.06698495992006069	0.7591907629490565	0.10059870506690088	97.92132001265422	103.35352279251747	0.002750813610726011	1.0000880476629226
2.104870668148659	1.8933892192845674	0.06698495992006069	0.7591907629490565	0.10059870506690088	97.92132001265422	103.35352279251747	0.002750813610726011	1.0000880476629226
2.104870668148659	1.8933892192845674	0.06698495992006069	0.7591907629490565	0.10059870506690088	97.92132001265422	103.35352279251747	0.002750813610726011	1.0000880476629226
2.104870668148659	1.8933892192845674	0.06698495992006069	0.7591907629490565	0.10059870506690088	97.92132001265422	103.35352279251747	0.002750813610726011	1.0000880476629226
2.104870668148659	1.8933892192845674	0.06700252894110244	0.7591907629490565	0.10059870506690088	97.92132001265422	103.35352279251747	0.002750813610726011	1.0000880476629226
2.104870668148659	1.8933892192845674	0.06700252894110244	0.7591907629490565	0.10059870506690088	97.92132001265422	103.35352279251747	0.002750813610726011	1.0000880476629226
2.104870668148659	1.8933892192845674	0.06700252894110244	0.7591907629490565	0.10059870506690088	97.92132001265422	103.35352279251747	0.002750813610726011	1.0000880476629226
2.104870668148659	1.8933892192845674	0.06700252894110244	0.7591907629490565	0.10059870506690088	97.92132001265422	101.70182576458708	0.002750813610726011	1.0000880476629226
2.104870668148659	1.8933892192845674	0.06700252894110244	0.7591907629490565	0.10059870506690088	97.92132001265422	101.70183709552168	0.002750813610726011	1.0000880476629226
2.104870668148659	1.8933892192845674	0.06700252894110244	0.7591907629490565	0.10059870506690088	97.92132001265422	101.6111781637203	0.002750813610726011	1.0000880476629226
2.104870668148659	1.8933892192845674	0.06700252894110244	0.7591907629490565	0.10059870506690088	97.92132001265422	101.6111781637203	0.002750813610726011	1.0000880476629226
2.104870668148659	1.8933892192845674	0.06700252894110244	0.7591907629490565	0.10059870506690088	97.92132001265422	101.6111781637203	0.002750813610726011	1.0000880476629226
2.104870668148659	1.8933892192845674	0.06700252894110244	0.7591907629490565	0.10059870506690088	97.92132001265422	101.6111781637203	0.002750813610726011	1.0000880476629226
2.104870668148659	1.8933892192845674	0.06700252894110244	0.7591907629490565	0.10059870506690088	97.92132001265422	101.6111781637203	0.002750813610726011	1.0000880476629226
2.104870668148659	1.8933892192845674	0.06700252894110244	0.7591907629490565	0.10059870506690088	97.92132001265422	101.6111781637203	0.002750813610726011	1.0000880476629226
2.104870668148659	1.893390996303993	0.06700252894110244	0.7591907629490565	0.10059870506690088	97.92132001265422	101.6111781637203	0.002750813610726011	1.0000880476629226
2.104870668148659	1.893390996303993	0.06700252894110244	0.7591907629490565	0.10059836681950841	97.92132001265422	101.6111781637203	0.002750813610726011	1.0000880476629226
2.104870668148659	1.893390996303993	0.06700252894110244	0.7591907629490565	0.10059836681950841	97.9212718400538	101.6111781637203	0.002750813610726011	1.0000880476629226
2.104870668148659	1.893390996303993	0.06700252894110244	0.7591907629490565	0.10059836681950841	97.9212718400538	101.6111781637203	0.0028893269567293045	1.0000880476629226
2.104870668148659	1.893390996303993	0.06700252894110244	0.7591907629490565	0.1005985252323669	97.9212718400538	101.6111781637203	0.0028893269567293045	1.0000880476629226
2.104870668148659	1.893390996303993	0.06700252894110244	0.7591907629490565	0.1005985252323669	97.9212718400538	101.6111781637203	0.0028893269567293045	1.0000880476629226
2.104870668148659	1.893390996303993	0.06714238034501406	0.7591907629490565	0.1005985252323669	97.9212718400538	101.6111781637203	0.0028893269567293045	1.0000880476629226
2.104870668148659	1.893390996303993	0.06714238034501406	0.7591907629490565	0.1005985252323669	97.9212718400538	101.6111781637203	0.0028893594028734566	1.0000880476629226
2.104870668148659	1.8932842864743906	0.06714238034501406	0.7591907629490565	0.1005985252323669	97.9212718400538	101.6111781637203	0.0028893594028734566	1.0000880476629226
2.104870668148659	1.8932842864743906	0.06714238034501406	0.7591907629490565	0.1005985252323669	97.9212718400538	101.6111781637203	0.0028893594028734566	1.0000880476629226
2.104870668148659	1.8932842864743906	0.06714238034501406	0.7591907629490565	0.1005985252323669	97.9212718400538	101.6111781637203	0.0028893594028734566	1.0000880476629226
2.104870668148659	1.8932842864743906	0.06714238034501406	0.7591907629490565	0.1005985252323669	97.921438730995	101.6111781637203	0.0028893594028734566	1.0000880476629226
2.104870668148659	1.8932842864743906	0.06714238034501406	0.7591907629490565	0.1005985252323669	97.921438730995	101.6111781637203	0.0028893594028734566	1.0000880476629226
2.104870668148659	1.8932842864743906	0.06714238034501406	0.7591907629490565	0.1005985252323669	97.921438730995	101.6111781637203	0.0028893594028734566	1.0000880476629226
2.104870668148659	1.8932842864743906	0.06714238034501406	0.7591907629490565	0.1005985252323669	97.921438730995	101.6111781637203	0.0028893594028734566	1.0000880476629226
2.104870668148659	1.8932842864743906	0.06714238034501406	0.7591907629490565	0.10026906737418975	97.921438730995	101.6111781637203	0.0028893594028734566	1.0000880476629226
2.104870668148659	1.893282761886021	0.06714238034501406	0.7591907629490565	0.10026906737418975	97.921438730995	101.6111781637203	0.0028893594028734566	1.0000880476629226
2.104870668148659	1.8932826852402727	0.06714238034501406	0.7591907629490565	0.10026906737418975	97.921438730995	101.6111781637203	0.0028893594028734566	1.0000880476629226
2.104870668148659	1.8932826852402727	0.06714238034501406	0.7591907629490565	0.10026906737418975	97.921438730995	101.6111781637203	0.0028893594028734566	1.0000898700976573
2.104870668148659	1.8932825413974943	0.06714238034501406	0.7591907629490565	0.10026906737418975	97.921438730995	101.6111781637203	0.0028893594028734566	1.0000898700976573
2.104870668148659	1.8932825413974943	0.06714238034501406	0.7591907629490565	0.10026906737418975	97.921438730995	101.6111781637203	0.0028893594028734566	1.0000898700976573
2.104872237641354	1.8932825413974943	0.06714238034501406	0.7591907629490565	0.10026906737418975	97.921438730995	101.6111781637203	0.0028893594028734566	1.0000898700976573
2.104872237641354	1.8932825413974943	0.06714238034501406	0.7591907629490565	0.10026906737418975	97.921438730995	101.6111781637203	0.0028893594028734566	1.0000898700976573
2.104872237641354	1.8932825413974943	0.06714238034501406	0.7591907629490565	0.10026906737418975	97.921438730995	101.6111781637203	0.0028893594028734566	1.0000898700976573
2.104872237641354	1.8932825413974943	0.06714238034501406	0.7591907629490565	0.10026906737418975	97.921438730995	101.6111781637203	0.0029122582788711107	1.0000898700976573
2.104872237641354	1.8932825413974943	0.06714238034501406	0.7591907629490565	0.10026906737418975	97.921438730995	101.6111781637203	0.002912762439946814	1.0000898700976573
2.104872237641354	1.8932825413974943	0.06714238034501406	0.7591907629490565	0.10026906737418975	97.921438730995	101.6111781637203	0.002912762439946814	1.0000898700976573
2.104872237641354	1.8932825413974943	0.06714238034501406	0.7591907629490565	0.10026906737418975	97.921438730995	101.6111781637203	0.002912762439946814	1.0000898700976573
2.1056175643429715	1.8932825413974943	0.06714238034501406	0.7591907629490565	0.10026906737418975	97.921438730995	101.6111781637203	0.002912762439946814	1.0000898700976573
2.1056175643429715	1.8932825413974943	0.06714238034501406	0.7591907629490565	0.10026906737418975	97.921438730995	101.6111781637203	0.002912762439946814	1.0000898700976573
2.1056175643429715	1.8902724719962911	0.06714238034501406	0.7591907629490565	0.10026906737418975	97.921438730995	101.6111781637203	0.002912762439946814	1.0000898700976573
2.1056175643429715	1.8902724719962911	0.06720323038752522	0.7591907629490565	0.10026906737418975	97.921438730995	101.6111781637203	0.002912762439946814	1.0000898700976573
2.1056175643429715	1.8902724719962911	0.06720323038752522	0.7591907629490565	0.10026906737418975	97.921438730995	101.61069762431302	0.002912762439946814	1.0000898700976573
2.1056175643429715	1.8902724719962911	0.06720323038752522	0.7591915430330612	0.10026906737418975	97.921438730995	101.61069762431302	0.002912762439946814	1.0000898700976573
2.1056175643429715	1.8902724719962911	0.06720323038752522	0.7591915430330612	0.10026906737418975	97.921438730995	101.61069762431302	0.002912762439946814	1.000089606366776
2.1056029481135052	1.8902724719962911	0.06720323038752522	0.7591915430330612	0.10026906737418975	97.921438730995	101.61069762431302	0.002912762439946814	1.000089606366776
2.1056029481135052	1.8902724719962911	0.06720323038752522	0.7591915430330612	0.10026906737418975	97.921438730995	101.61069762431302	0.002912762439946814	1.000089606366776
2.1056029481135052	1.8902724719962911	0.06720323038752522	0.7591915430330612	0.10026906737418975	97.921438730995	101.61069762431302	0.002912762439946814	1.000089606366776
2.1056029481135052	1.8902724719962911	0.06720323038752522	0.7591915430330612	0.10026906737418975	97.921438730995	101.61069762431302	0.002912762439946814	1.000089606366776
2.1056029481135052	1.8902724719962911	0.06720323038752522	0.7591915430330612	0.10026906737418975	97.921438730995	101.61069762431302	0.002912762439946814	1.000089606366776
2.1056029481135052	1.8891175025309797	0.06720323038752522	0.7591915430330612	0.10026906737418975	97.921438730995	101.61069762431302	0.002912762439946814	1.000089606366776
2.1056029481135052	1.8891175025309797	0.06720323038752522	0.7591915430330612	0.10026906737418975	97.921438730995	101.609977423213	0.002912762439946814	1.000089606366776
2.1056029481135052	1.8853081708699508	0.06720323038752522	0.7591915430330612	0.10026906737418975	97.921438730995	101.609977423213	0.002912762439946814	1.000089606366776
2.1056029481135052	1.8853081708699508	0.0671686282239279	0.7591915430330612	0.10026906737418975	97.921438730995	101.609977423213	0.002912762439946814	1.000089606366776
2.1056029481135052	1.8853081708699508	0.0671686282239279	0.7591915430330612	0.10026906737418975	97.921438730995	101.609977423213	0.002912762439946814	1.0000895535227021
2.1056029481135052	1.8853081708699508	0.0671686282239279	0.7591915430330612	0.10026906737418975	97.921438730995	101.609977423213	0.002912762439946814	1.000089689059163
2.1056029481135052	1.8853081708699508	0.0671686282239279	0.7591915430330612	0.10026906737418975	97.921438730995	101.609977423213	0.002912762439946814	1.000089689059163
2.1056029481135052	1.8853081708699508	0.0671686282239279	0.7591915430330612	0.10026906737418975	97.921438730995	101.05165131600079	0.002912762439946814	1.000089689059163
2.1056029481135052	1.8853081708699508	0.0671686282239279	0.7591915430330612	0.10026906737418975	97.921438730995	101.05165131600079	0.002912762439946814	1.0000896543589037
2.1056029481135052	1.8853081708699508	0.0671686282239279	0.7591915430330612	0.10026906737418975	97.921438730995	101.05165131600079	0.002912762439946814	1.0000896543589037
2.1056029481135052	1.8853081708699508	0.0671686282239279	0.7591915430330612	0.10026906737418975	97.92434941123591	101.05165131600079	0.002912762439946814	1.0000896543589037
2.1056029481135052	1.8853081708699508	0.0671686282239279	0.7591915430330612	0.10026906737418975	97.92434941123591	101.05165131600079	0.002912762439946814	1.0000896543589037
2.1056029481135052	1.8853081708699508	0.0671686282239279	0.7591915430330612	0.10026906737418975	97.92434941123591	101.05165131600079	0.002912762439946814	1.0000896543589037
2.1056029481135052	1.8853081708699508	0.0671686282239279	0.7591915430330612	0.10026906737418975	97.92434941123591	99.77116441430144	0.002912762439946814	1.0000896543589037
2.1056029481135052	1.8853081708699508	0.0671551445938669	0.7591915430330612	0.10026906737418975	97.92434941123591	99.77116441430144	0.002912762439946814	1.0000896543589037
2.1056029481135052	1.8853081708699508	0.0671551445938669	0.7591915430330612	0.10026906737418975	97.92434941123591	99.77116441430144	0.002912762439946814	1.0000896543589037
2.1056029481135052	1.8853081708699508	0.0671551445938669	0.7591915430330612	0.10026906737418975	97.92434941123591	99.77116441430144	0.002912762439946814	1.0000896543589037
2.1056029481135052	1.8853081708699508	0.0671551445938669	0.7591915430330612	0.10026906737418975	97.92434941123591	99.77116441430144	0.002912762439946814	1.0000896543589037
2.1056029481135052	1.8853081708699508	0.0671551445938669	0.7591915430330612	0.10026906737418975	97.92434941123591	99.77116441430144	0.002912762439946814	1.0000896543589037
2.1056029481135052	1.8853081708699508	0.0671551445938669	0.7591915430330612	0.10026906737418975	97.92434941123591	99.77116441430144	0.002912762439946814	1.0000896543589037
2.1056029481135052	1.8853081708699508	0.0671551445938669	0.7591915430330612	0.10026906737418975	97.92434941123591	99.77116441430144	0.002912762439946814	1.0000896543589037
2.1056029481135052	1.8853081708699508	0.0671551445938669	0.759148116831536	0.10026906737418975	97.92434941123591	99.77116441430144	0.002912762439946814	1.0000896543589037
2.1056029481135052	1.8853081708699508	0.0671551445938669	0.759148116831536	0.10026906737418975	97.92434941123591	99.77116441430144	0.0029040216443277193	1.0000896543589037
2.1056029481135052	1.8853081708699508	0.0671551445938669	0.759148116831536	0.10025011180107762	97.92434941123591	99.77116441430144	0.0029040216443277193	1.0000896543589037
2.1056029481135052	1.8853081708699508	0.0671551445938669	0.759148116831536	0.10025011180107762	97.92434941123591	99.77116441430144	0.002771549443854186	1.0000896543589037
2.1056029481135052	1.8853081708699508	0.0671551445938669	0.759148116831536	0.10025011180107762	97.92434941123591	99.77116441430144	0.0027725044671127364	1.0000896543589037
2.1056029481135052	1.8853081708699508	0.0671551445938669	0.759148116831536	0.10025011180107762	97.92434941123591	99.77116441430144	0.0027725044671127364	1.0000896543589037
2.1056029481135052	1.8853081708699508	0.0671551445938669	0.759148116831536	0.10025011180107762	97.92434941123591	99.77116441430144	0.0027725044671127364	1.0000896543589037
2.1056029481135052	1.8853081708699508	0.0671551445938669	0.759148116831536	0.10025011180107762	97.92434941123591	99.77116441430144	0.0027725044671127364	1.0000896543589037
2.1056029481135052	1.8853081708699508	0.0671551445938669	0.759148116831536	0.10025011180107762	97.92434941123591	99.77116441430144	0.0027725044671127364	1.0000888446267113
2.1056029481135052	1.8943973227345245	0.0671551445938669	0.759148116831536	0.10025011180107762	97.92434941123591	99.77116441430144	0.0027725044671127364	1.0000888446267113
2.1056029481135052	1.8943973227345245	0.0671551445938669	0.759148116831536	0.10025011180107762	97.92434941123591	99.77116441430144	0.0027725044671127364	1.0000888446267113
2.1056029481135052	1.8943973227345245	0.0671551445938669	0.7593095002064251	0.10025011180107762	97.92434941123591	99.77116441430144	0.0027725044671127364	1.0000888446267113
2.1056029481135052	1.8943973227345245	0.0671551445938669	0.7593095002064251	0.10025011180107762	97.92434941123591	99.77116441430144	0.0027725044671127364	1.0000888446267113
2.1056029481135052	1.8943973227345245	0.0671551445938669	0.7591208433148502	0.10025011180107762	97.92434941123591	99.77116441430144	0.0027725044671127364	1.0000888446267113
2.108270358772831	1.8943973227345245	0.0671551445938669	0.7591208433148502	0.10025011180107762	97.92434941123591	99.77116441430144	0.0027725044671127364	1.0000888446267113
2.108270358772831	1.8943973227345245	0.0671551445938669	0.7591208433148502	0.10025011180107762	97.92434941123591	99.77116441430144	0.0027725044671127364	1.0000888446267113
2.108270358772831	1.8940866778495018	0.0671551445938669	0.7591208433148502	0.10025011180107762	97.92434941123591	99.77116441430144	0.0027725044671127364	1.0000888446267113
2.108270358772831	1.8940866778495018	0.0671551445938669	0.7591208433148502	0.10025011180107762	97.92434941123591	99.77116441430144	0.0027725044671127364	1.0000888446267113
2.108270358772831	1.8940559357422297	0.0671551445938669	0.7591208433148502	0.10025011180107762	97.92434941123591	99.77116441430144	0.0027725044671127364	1.0000888446267113
2.108270358772831	1.8940550306000736	0.0671551445938669	0.7591208433148502	0.10025011180107762	97.92434941123591	99.77116441430144	0.0027725044671127364	1.0000888446267113
2.108270358772831	1.8940550306000736	0.0671551445938669	0.7591208433148502	0.10025011180107762	97.92434941123591	99.77116441430144	0.0027725044671127364	1.0000888446267113
2.108270358772831	1.8940550306000736	0.0671551445938669	0.7591208433148502	0.10025011180107762	97.92434941123591	99.77116441430144	0.0027711869501225663	1.0000888446267113
2.108270358772831	1.8940550306000736	0.0671551445938669	0.7591208433148502	0.10025011180107762	97.92434941123591	99.77116441430144	0.0027711869501225663	1.0000888446267113
2.108270358772831	1.8940550306000736	0.0671551445938669	0.7591208433148502	0.10025011180107762	97.92434941123591	99.77116441430144	0.0027711869501225663	1.000088708674048
2.108270358772831	1.8940550306000736	0.0671551445938669	0.7591208433148502	0.10025011180107762	97.92434941123591	99.77116441430144	0.0027711869501225663	1.000088708674048
2.108270358772831	1.8940550306000736	0.0671551445938669	0.7591208433148502	0.10025011180107762	97.92434941123591	99.88367710748996	0.0027711869501225663	1.000088708674048
2.108270358772831	1.8940550306000736	0.0671551445938669	0.7591208433148502	0.10028631049759333	97.92434941123591	99.88367710748996	0.0027711869501225663	1.000088708674048
2.108270358772831	1.8940550306000736	0.0671551445938669	0.7591208433148502	0.10028631049759333	97.92434941123591	99.88367710748996	0.0027711869501225663	1.000088708674048
2.108270358772831	1.8940550306000736	0.0671551445938669	0.7591208433148502	0.10028631049759333	97.92434941123591	99.88367710748996	0.0027711869501225663	1.0000885271268007
2.1082818365963707	1.8940550306000736	0.0671551445938669	0.7591208433148502	0.10028631049759333	97.92434941123591	99.88367710748996	0.0027711869501225663	1.0000885271268007
2.1082818365963707	1.8940550306000736	0.0671551445938669	0.7591208433148502	0.10028631049759333	97.8828633032691	99.88367710748996	0.0027711869501225663	1.0000885271268007
2.1082818365963707	1.8940550306000736	0.0671551445938669	0.7591208433148502	0.10028631049759333	97.8828633032691	99.88367710748996	0.0027711869501225663	1.0000983694912557
2.1082818365963707	1.8940550306000736	0.0671551445938669	0.7591208433148502	0.10028631049759333	97.8828633032691	99.88367710748996	0.0027711869501225663	1.0000983694912557
2.1082818365963707	1.8940550306000736	0.0671551445938669	0.7591208433148502	0.10028631049759333	97.8828633032691	99.88367710748996	0.0027711869501225663	1.0000983694912557
2.1082818365963707	1.8940550306000736	0.0671551445938669	0.7591208433148502	0.10028631049759333	97.8828633032691	99.88367710748996	0.0027711869501225663	1.0000983694912557
2.1082818365963707	1.8940550306000736	0.0671551445938669	0.7591208433148502	0.10028631049759333	97.8828633032691	99.88367710748996	0.0027711869501225663	1.0000983694912557
2.1082818365963707	1.8940550306000736	0.0671551445938669	0.7591208433148502	0.10028933401594518	97.8828633032691	99.88367710748996	0.0027711869501225663	1.0000983694912557
2.1082818365963707	1.8940550306000736	0.0671551445938669	0.7591208433148502	0.10028933401594518	97.8828633032691	99.88367710748996	0.0027711869501225663	1.0000983694912557
2.1082818365963707	1.8940550306000736	0.0671551445938669	0.7591208433148502	0.10028933401594518	97.8828633032691	99.99321437532443	0.0027711869501225663	1.0000983694912557
2.1082818365963707	1.8940550306000736	0.0671551445938669	0.7591208433148502	0.10028933401594518	97.8828633032691	99.99321437532443	0.0027711869501225663	1.0000982663361582
2.1082818365963707	1.894083310794161	0.0671551445938669	0.7591208433148502	0.10028933401594518	97.8828633032691	99.99321437532443	0.0027711869501225663	1.0000982663361582
2.1082818365963707	1.894083310794161	0.0671551445938669	0.7591208433148502	0.10028933401594518	97.8828633032691	100.06576004126647	0.0027711869501225663	1.0000982663361582
2.1082818365963707	1.894083310794161	0.0671551445938669	0.7591208433148502	0.10028933401594518	97.8828633032691	100.06576004126647	0.0027711869501225663	1.0000982663361582
2.1082818365963707	1.894083310794161	0.0671551445938669	0.7591208433148502	0.10028933401594518	97.8828633032691	100.06576004126647	0.0027712032009799825	1.0000982663361582
2.1082818365963707	1.894083310794161	0.0671551445938669	0.7591208433148502	0.10028933401594518	97.8828633032691	100.06576004126647	0.0027712032009799825	1.0000982663361582
2.1082818365963707	1.894083310794161	0.0671551445938669	0.7591208433148502	0.10028933401594518	97.8828633032691	100.06576004126647	0.0027734844511262983	1.0000982663361582
2.1082818365963707	1.894083310794161	0.0671551445938669	0.7591208433148502	0.10028933401594518	97.8828633032691	100.05261088723807	0.0027734844511262983	1.0000982663361582
2.1082818365963707	1.894083310794161	0.0671551445938669	0.7591208433148502	0.10028933401594518	97.8828633032691	100.05261088723807	0.0027734844511262983	1.0000982663361582
2.1082818365963707	1.894083310794161	0.0671551445938669	0.7591208433148502	0.10028933401594518	97.8828633032691	100.05261088723807	0.0027734844511262983	1.0000982663361582
2.1082818365963707	1.8940858703694952	0.0671551445938669	0.7591208433148502	0.10028933401594518	97.8828633032691	100.05261088723807	0.0027734844511262983	1.0000982663361582
2.1082814344205754	1.8940858703694952	0.0671551445938669	0.7591208433148502	0.10028933401594518	97.8828633032691	100.05261088723807	0.0027734844511262983	1.0000982663361582
2.1082814344205754	1.8940858703694952	0.0671551445938669	0.7591118801853283	0.10028933401594518	97.8828633032691	100.05261088723807	0.0027734844511262983	1.0000982663361582
2.1082814344205754	1.8940858703694952	0.0671551445938669	0.7591118801853283	0.10028933401594518	97.8828633032691	100.05261088723807	0.002769056811140708	1.0000982663361582
2.1082814344205754	1.8940858703694952	0.0671551445938669	0.7591118801853283	0.10028933401594518	97.8828633032691	100.17894548338137	0.002769056811140708	1.0000982663361582
2.1082814344205754	1.8940858703694952	0.0671551445938669	0.7591118801853283	0.10028933401594518	97.8828633032691	104.52710097267432	0.002769056811140708	1.0000982663361582
2.1082814344205754	1.8940858703694952	0.0671551445938669	0.7591118801853283	0.10028933401594518	97.8828633032691	104.52710097267432	0.002769056811140708	1.0000982663361582
2.1082814344205754	1.8940858703694952	0.0671551445938669	0.7591118801853283	0.10028933401594518	97.8828633032691	104.52710097267432	0.002769056811140708	1.0000982663361582
2.1082814344205754	1.8940858703694952	0.0671551445938669	0.7591118801853283	0.10028933401594518	97.8828633032691	104.52710097267432	0.002769056811140708	1.0000982663361582
2.1082814344205754	1.8940858703694952	0.0671551445938669	0.7591118801853283	0.10016139054550528	97.8828633032691	104.52710097267432	0.002769056811140708	1.0000982663361582
2.1082814344205754	1.8940858703694952	0.0671551445938669	0.7591118801853283	0.10016139054550528	97.8828633032691	104.26279906700971	0.002769056811140708	1.0000982663361582
2.1082814344205754	1.8940852543013287	0.0671551445938669	0.7591118801853283	0.10016139054550528	97.8828633032691	104.26279906700971	0.002769056811140708	1.0000982663361582
2.1082814344205754	1.8940852543013287	0.0671551445938669	0.7591118801853283	0.10016139054550528	97.8828633032691	104.26279906700971	0.002769056811140708	1.0000982663361582
2.1082814344205754	1.8940852543013287	0.0671551445938669	0.7591118801853283	0.10016139054550528	97.8828633032691	104.26227473504532	0.002769056811140708	1.0000982663361582
2.1082814344205754	1.8940852543013287	0.0671551445938669	0.7591118801853283	0.10012163783636494	97.8828633032691	104.26227473504532	0.002769056811140708	1.0000982663361582
2.1082846325339624	1.8940852543013287	0.0671551445938669	0.7591118801853283	0.10012163783636494	97.8828633032691	104.26227473504532	0.002769056811140708	1.0000982663361582
2.1082846325339624	1.8940852543013287	0.0671551445938669	0.7591118801853283	0.10012163783636494	97.8828633032691	104.26227473504532	0.002769056811140708	1.0000982663361582
2.1082846325339624	1.8940852543013287	0.0671551445938669	0.7591118801853283	0.10012163783636494	97.8828633032691	104.26227473504532	0.002769056811140708	1.0000980583205181
2.1082846325339624	1.8940852543013287	0.0671551445938669	0.7591118801853283	0.10012163783636494	97.8828633032691	104.26227473504532	0.002769056811140708	1.0000980583205181
2.1082846325339624	1.8940852543013287	0.0671551445938669	0.7591118801853283	0.10012163783636494	97.8828633032691	104.26227473504532	0.002769056811140708	1.0000980583205181
2.1082846325339624	1.8940852543013287	0.06714477995021416	0.7591118801853283	0.10012163783636494	97.8828633032691	104.26227473504532	0.002769056811140708	1.0000980583205181
2.1082846325339624	1.8940852543013287	0.06714477995021416	0.7591118801853283	0.10012163783636494	97.8828633032691	104.26227473504532	0.002769056811140708	1.0000980583205181
2.1082846325339624	1.8940852543013287	0.06714477995021416	0.7591118801853283	0.10012163783636494	97.8828633032691	104.26227473504532	0.002769056811140708	1.0000980583205181
2.1082846325339624	1.8940852543013287	0.06714477995021416	0.7591118801853283	0.10012163783636494	97.87193319807754	104.26227473504532	0.002769056811140708	1.0000980583205181
2.1082846325339624	1.8940852543013287	0.06714477995021416	0.7591118801853283	0.10012163783636494	97.87193319807754	104.26227473504532	0.0027721764936212926	1.0000980583205181
2.1082661842695702	1.8940852543013287	0.06714477995021416	0.7591118801853283	0.10012163783636494	97.87193319807754	104.26227473504532	0.0027721764936212926	1.0000980583205181
2.1082661842695702	1.8940852543013287	0.06714477995021416	0.7591118801853283	0.10012163783636494	97.87193319807754	104.26227473504532	0.0027721764936212926	1.0000980583205181
2.1082661842695702	1.8940852543013287	0.06714477995021416	0.7591118801853283	0.10012163783636494	97.87193319807754	104.26227473504532	0.0027721764936212926	1.0000980583205181
2.1082661842695702	1.8940852543013287	0.06714477995021416	0.7591118801853283	0.10012163783636494	97.87193319807754	104.26246717161885	0.0027721764936212926	1.0000980583205181
2.1082661842695702	1.8941240830328367	0.06714477995021416	0.7591118801853283	0.10012163783636494	97.87193319807754	104.26246717161885	0.0027721764936212926	1.0000980583205181
2.1082661842695702	1.8941240830328367	0.06714477995021416	0.7591118801853283	0.10012163783636494	97.87193319807754	104.26246717161885	0.0027721764936212926	1.0000980583205181
2.1082661842695702	1.8937163117572309	0.06714477995021416	0.7591118801853283	0.10012163783636494	97.87193319807754	104.26246717161885	0.0027721764936212926	1.0000980583205181
2.1082661842695702	1.8937163117572309	0.06714477995021416	0.7591118801853283	0.10012163783636494	97.87193319807754	104.26246717161885	0.0027721764936212926	1.0000980583205181
2.1082661842695702	1.8937163117572309	0.06714477995021416	0.7591118801853283	0.10011120770967338	97.87193319807754	104.26246717161885	0.0027721764936212926	1.0000980583205181
2.1082661842695702	1.8937163117572309	0.06714477995021416	0.7591118801853283	0.10011120770967338	97.87193319807754	104.26246717161885	0.0027721764936212926	1.0000980583205181
2.1082661842695702	1.8937163117572309	0.06714477995021416	0.7591118801853283	0.10011120770967338	97.87193319807754	104.26246717161885	0.0027721764936212926	1.0000980583205181
2.1082661842695702	1.8898024819607948	0.06714477995021416	0.7591118801853283	0.10011120770967338	97.87193319807754	104.26246717161885	0.0027721764936212926	1.0000980583205181
2.1082661842695702	1.8898024819607948	0.06714477995021416	0.7591118801853283	0.10011120770967338	97.87193319807754	104.26246717161885	0.0027718803312956793	1.0000980583205181
2.1082661842695702	1.8898024819607948	0.06714477995021416	0.7591118801853283	0.10011120770967338	97.87193319807754	95.70704175304554	0.0027718803312956793	1.0000980583205181
2.1082661842695702	1.8898024819607948	0.06714477995021416	0.7591118801853283	0.10011120770967338	97.87193319807754	95.70704175304554	0.0027718803312956793	1.0000980583205181
2.1082661842695702	1.8898024819607948	0.06714477995021416	0.7591118801853283	0.10011120770967338	97.87193319807754	95.70704175304554	0.0027718803312956793	1.0000980583205181
2.1082661842695702	1.8898024819607948	0.06714477995021416	0.7591118801853283	0.10011120770967338	97.87193319807754	103.99554900522924	0.0027718803312956793	1.0000980583205181
2.1082661842695702	1.8898024819607948	0.06714477995021416	0.7591118801853283	0.10011120770967338	97.87193319807754	103.99554900522924	0.0027718803312956793	1.0000980583205181
2.1082661842695702	1.8898024819607948	0.06714477995021416	0.7591118801853283	0.10011120770967338	97.87193319807754	103.99554900522924	0.002772006738341155	1.0000980583205181
2.1080933512296527	1.8898024819607948	0.06714477995021416	0.7591118801853283	0.10011120770967338	97.87193319807754	103.99554900522924	0.002772006738341155	1.0000980583205181
2.1080933512296527	1.8898024819607948	0.06714477995021416	0.7591118801853283	0.10011120770967338	97.87193319807754	103.99554900522924	0.002772006738341155	1.0000980583205181
2.1080933512296527	1.8898024819607948	0.06714477995021416	0.7591118801853283	0.10011120770967338	97.87193319807754	103.99554900522924	0.002771607052724562	1.0000980583205181
2.1080933512296527	1.8898024819607948	0.06714477995021416	0.7591118801853283	0.10011120770967338	97.87193319807754	103.99554900522924	0.0027565182490633935	1.0000980583205181
2.1080933512296527	1.8898024819607948	0.06714477995021416	0.7591118801853283	0.10011120770967338	97.87185930889467	103.99554900522924	0.0027565182490633935	1.0000980583205181
2.1080933512296527	1.8898024819607948	0.06714477995021416	0.7591118801853283	0.10011120770967338	97.87185930889467	103.99554900522924	0.0027565182490633935	1.0000980583205181
2.1080933512296527	1.8898024819607948	0.06714477995021416	0.7591118801853283	0.1000997782601851	97.87185930889467	103.99554900522924	0.0027565182490633935	1.0000980583205181
2.1080933512296527	1.8898024819607948	0.06714477995021416	0.7591118801853283	0.1000997782601851	97.87189777025863	103.99554900522924	0.0027565182490633935	1.0000980583205181
2.1080933512296527	1.8898024819607948	0.06714477995021416	0.7591118801853283	0.1000997782601851	97.87250443091119	103.99554900522924	0.0027565182490633935	1.0000980583205181
2.1080933512296527	1.8898024819607948	0.06714477995021416	0.7591118801853283	0.1000997782601851	97.87250443091119	103.99528353532794	0.0027565182490633935	1.0000980583205181
2.1080933512296527	1.8898024819607948	0.06714477995021416	0.7591118801853283	0.1000997782601851	97.87250443091119	103.99528353532794	0.0027565182490633935	1.0001028350870655
2.1080933512296527	1.8898024819607948	0.06714477995021416	0.7591118801853283	0.1000997782601851	97.87250443091119	103.99528353532794	0.0027565182490633935	1.0001028350870655
2.1080933512296527	1.8898024819607948	0.06714477995021416	0.7591118801853283	0.1000997782601851	97.87250443091119	103.99528353532794	0.0027565182490633935	1.0001027244413234
2.1080933512296527	1.8898024819607948	0.06714477995021416	0.7591118801853283	0.1000997782601851	97.87250443091119	100.99650262198438	0.0027565182490633935	1.0001027244413234
2.1080933512296527	1.8898024819607948	0.06714477995021416	0.7591118801853283	0.1000997782601851	97.87253879007365	100.99650262198438	0.0027565182490633935	1.0001027244413234
2.1080933512296527	1.8898024819607948	0.06714477995021416	0.7591118801853283	0.1000997782601851	97.87253879007365	100.99650262198438	0.0027565182490633935	1.0001027244413234
2.1080933512296527	1.8898024819607948	0.06714477995021416	0.7591118801853283	0.1000997782601851	97.87253879007365	100.99650262198438	0.0027565182490633935	1.0001027244413234
2.1080933512296527	1.8898024819607948	0.06714477995021416	0.7591118801853283	0.1000997782601851	97.87253879007365	100.99650262198438	0.002755956077654054	1.0001027244413234
2.1080933512296527	1.8898024819607948	0.06714477995021416	0.7591118801853283	0.10009946957292373	97.87253879007365	100.99650262198438	0.002755956077654054	1.0001027244413234
2.1080933512296527	1.8898024819607948	0.06714477995021416	0.7591118801853283	0.10009946957292373	97.87253879007365	100.99650262198438	0.002755956077654054	1.0001049840006704
2.1080933512296527	1.8898024819607948	0.06714477995021416	0.7591118801853283	0.10009946957292373	97.87253879007365	100.99650262198438	0.002755956077654054	1.0001049840006704
2.1080933512296527	1.8898024819607948	0.06714477995021416	0.7591153594473868	0.10009946957292373	97.87253879007365	100.99650262198438	0.002755956077654054	1.0001049840006704
2.1080933512296527	1.8898024819607948	0.06714477995021416	0.7591153594473868	0.10009946957292373	97.87253879007365	100.99650262198438	0.002755956077654054	1.0001049840006704
2.1080933512296527	1.8898024819607948	0.06714477995021416	0.7591153594473868	0.10009946957292373	97.87253879007365	100.99650262198438	0.002755956077654054	1.0001049840006704
2.1080933512296527	1.8898024819607948	0.06714477995021416	0.7591153594473868	0.10009946957292373	97.87253879007365	100.99650262198438	0.002755956077654054	1.0001049840006704
2.1080933512296527	1.8898024819607948	0.06714477995021416	0.7591153594473868	0.10009946957292373	97.87253879007365	100.99650262198438	0.002755956077654054	1.0001049840006704
2.1080933512296527	1.8898081970291627	0.06714477995021416	0.7591153594473868	0.10009946957292373	97.87253879007365	100.99650262198438	0.002755956077654054	1.0001049840006704
2.1080933512296527	1.8898081970291627	0.06714477995021416	0.7591153594473868	0.10009946957292373	97.87253879007365	100.99650262198438	0.002755956077654054	1.0001049840006704
2.1080933512296527	1.8898081970291627	0.06714477995021416	0.7591153594473868	0.10009946957292373	97.87253879007365	100.99650262198438	0.002755956077654054	1.0001049840006704
2.1080933512296527	1.8898081970291627	0.06714477995021416	0.7591153594473868	0.1001447073821775	97.87253879007365	100.99650262198438	0.002755956077654054	1.0001049840006704
2.1080933512296527	1.8898081970291627	0.06714477995021416	0.7591153594473868	0.1001447073821775	97.87253879007365	100.99650262198438	0.002755956077654054	1.0001049840006704
2.1080933512296527	1.8898081970291627	0.06714477995021416	0.7591153594473868	0.1001447073821775	97.87253879007365	100.99650262198438	0.002755973160214845	1.0001049840006704
2.1076230756664276	1.8898081970291627	0.06714477995021416	0.7591153594473868	0.1001447073821775	97.87253879007365	100.99650262198438	0.002755973160214845	1.0001049840006704
2.1076230756664276	1.8898081970291627	0.06714477995021416	0.7591153594473868	0.1001447073821775	97.87253879007365	100.99650262198438	0.002755973160214845	1.0001049840006704
2.1076075305378965	1.8898081970291627	0.06714477995021416	0.7591153594473868	0.1001447073821775	97.87253879007365	100.99650262198438	0.002755973160214845	1.0001049840006704
2.1076075305378965	1.8898081970291627	0.06714477995021416	0.7591153594473868	0.1001447073821775	97.87253879007365	100.99650262198438	0.002755973160214845	1.0001049840006704
2.1076075305378965	1.8898081970291627	0.06714477995021416	0.7591153594473868	0.1001447073821775	97.87253879007365	100.99650262198438	0.002755973160214845	1.0001049840006704
2.1076075305378965	1.8898081970291627	0.06714477995021416	0.7591153594473868	0.1001447073821775	97.87253879007365	100.99650262198438	0.0027557230608927204	1.0001049840006704
2.1076075305378965	1.8898081970291627	0.06714477995021416	0.7591153594473868	0.1001447073821775	97.87253879007365	100.99650262198438	0.0027557277865912513	1.0001049840006704
2.1076075305378965	1.8898081970291627	0.06714477995021416	0.7591153594473868	0.1001447073821775	97.87253879007365	100.99650262198438	0.0027557277865912513	1.0001049840006704
2.1076075305378965	1.8898081970291627	0.06714477995021416	0.7591153594473868	0.1001447073821775	97.87253879007365	100.99650262198438	0.0027557277865912513	1.0001049840006704
2.1076075305378965	1.8898081970291627	0.06714477995021416	0.7591153594473868	0.1001447073821775	97.87253879007365	100.99650262198438	0.002761177114508402	1.0001049840006704
2.1076075305378965	1.8898081970291627	0.06714477995021416	0.7591153594473868	0.1001447073821775	97.87253879007365	100.99650262198438	0.002761177114508402	1.0001049840006704
2.1076075305378965	1.8898081970291627	0.06714477995021416	0.7591153594473868	0.1001447073821775	97.87253879007365	100.99650262198438	0.002761177114508402	1.0001049840006704
2.1076075305378965	1.8898081970291627	0.06714477995021416	0.7591153594473868	0.1001447073821775	97.87253879007365	100.99650262198438	0.002761177114508402	1.0001024900532705
2.1076075305378965	1.8898081970291627	0.06714477995021416	0.7591153594473868	0.1001447073821775	97.87253879007365	100.9964801014631	0.002761177114508402	1.0001024900532705
2.1076075305378965	1.8898081970291627	0.06714477995021416	0.7591153594473868	0.1001447073821775	97.87253879007365	100.9964801014631	0.002761177114508402	1.0001024900532705
2.1076075305378965	1.88978621195226	0.06714477995021416	0.7591153594473868	0.1001447073821775	97.87253879007365	100.9964801014631	0.002761177114508402	1.0001024900532705
2.1076075305378965	1.88978621195226	0.06714477995021416	0.7591153594473868	0.1001447073821775	97.87253879007365	100.9964801014631	0.002761177114508402	1.0001024900532705
2.1076075305378965	1.88978621195226	0.06714477995021416	0.7591153594473868	0.1001447073821775	97.87253879007365	98.38025458984238	0.002761177114508402	1.0001024900532705
2.1076075305378965	1.88978621195226	0.06714477995021416	0.7591031579259135	0.1001447073821775	97.87253879007365	98.38025458984238	0.002761177114508402	1.0001024900532705
2.1076059905386177	1.88978621195226	0.06714477995021416	0.7591031579259135	0.1001447073821775	97.87253879007365	98.38025458984238	0.002761177114508402	1.0001024900532705
2.1076059905386177	1.88978621195226	0.06714477995021416	0.7591031579259135	0.1001447073821775	97.87253879007365	98.38025458984238	0.002761177114508402	1.0001023121953974
2.1076059905386177	1.88978621195226	0.06714954478861998	0.7591031579259135	0.1001447073821775	97.87253879007365	98.38025458984238	0.002761177114508402	1.0001023121953974
2.1076059905386177	1.88978621195226	0.06714954478861998	0.7591031579259135	0.1001447073821775	97.87253879007365	98.38025458984238	0.002761177114508402	1.0001023121953974
2.1076059905386177	1.88978621195226	0.06714954478861998	0.7591031579259135	0.1001447073821775	97.87253879007365	98.38025458984238	0.002761177114508402	1.0001023121953974
2.1076059905386177	1.88978621195226	0.06714954478861998	0.7591031579259135	0.1001447073821775	97.87253879007365	98.38025458984238	0.002761177114508402	1.0001023121953974
2.1076059905386177	1.88978621195226	0.06714954478861998	0.7591031579259135	0.1001447073821775	97.87253879007365	98.38025458984238	0.002761177114508402	1.0001023121953974
2.1076059905386177	1.88978621195226	0.06714954478861998	0.7591031579259135	0.1001447073821775	97.87253879007365	98.38025458984238	0.002761177114508402	1.0001023121953974
2.1076059905386177	1.88978621195226	0.06714954478861998	0.7591031579259135	0.1001447073821775	97.87253879007365	98.38025458984238	0.002761177114508402	1.0001023121953974
2.1076059905386177	1.88978621195226	0.06714954478861998	0.7591031579259135	0.1001447073821775	97.87253879007365	98.38025458984238	0.002761177114508402	1.0001023121953974
2.1076059905386177	1.88978621195226	0.06714954478861998	0.7591031579259135	0.1001447073821775	97.87253879007365	98.38025458984238	0.002761177114508402	1.0001023121953974
2.1076059905386177	1.8899828254893463	0.06714954478861998	0.7591031579259135	0.1001447073821775	97.87253879007365	98.38025458984238	0.002761177114508402	1.0001023121953974
2.1076059905386177	1.8899828254893463	0.06714954478861998	0.7591031579259135	0.1001447073821775	97.87253879007365	98.38025458984238	0.002761177114508402	1.0001023121953974
2.1076059905386177	1.8899828254893463	0.06714954478861998	0.7591031579259135	0.1001447073821775	97.87253879007365	98.38025458984238	0.002761177114508402	1.0001023121953974
2.1076059905386177	1.8899828254893463	0.06714954478861998	0.7591031579259135	0.1001447073821775	97.87253879007365	98.38025458984238	0.002761177114508402	1.0001023121953974
2.1076059905386177	1.8899828254893463	0.06714954478861998	0.7591031579259135	0.1001447073821775	97.87253879007365	98.38025458984238	0.002761177114508402	1.0001023121953974
2.1076059905386177	1.8899828254893463	0.06714954478861998	0.7591205393489415	0.1001447073821775	97.87253879007365	98.38025458984238	0.002761177114508402	1.0001023121953974
2.1076059905386177	1.8899828254893463	0.06714954478861998	0.7591205393489415	0.1001447073821775	97.87253879007365	98.51681167154956	0.002761177114508402	1.0001023121953974
2.1076059905386177	1.8899828254893463	0.06714954478861998	0.7591205393489415	0.1001447073821775	97.87253879007365	98.51681167154956	0.002761177114508402	1.0001023121953974
2.1076059905386177	1.8899828254893463	0.06714954478861998	0.7591205393489415	0.1001447073821775	97.87253879007365	98.51745196036345	0.002761177114508402	1.0001023121953974
2.1076059905386177	1.8899828254893463	0.06714954478861998	0.7591205393489415	0.1001447073821775	97.87253879007365	98.51766854554616	0.002761177114508402	1.0001023121953974
2.1076059905386177	1.8899828254893463	0.06714954478861998	0.7591205393489415	0.1001447073821775	97.87253879007365	98.51766854554616	0.002761177114508402	1.0001023121953974
2.1076059905386177	1.8899828254893463	0.06714954478861998	0.7591205393489415	0.1001447073821775	97.87253879007365	98.51766854554616	0.002761177114508402	1.0001023121953974
2.1076059905386177	1.8899828254893463	0.06714954478861998	0.7589646684101492	0.1001447073821775	97.87253879007365	98.51766854554616	0.002761177114508402	1.0001023121953974
2.1076059905386177	1.8899828254893463	0.06714954478861998	0.7589646684101492	0.1001447073821775	97.87276585498424	98.51766854554616	0.002761177114508402	1.0001023121953974
2.1076059905386177	1.8899828254893463	0.06714954478861998	0.7589646684101492	0.10014463541522246	97.87276585498424	98.51766854554616	0.002761177114508402	1.0001023121953974
2.1076059905386177	1.8899828254893463	0.06714954478861998	0.7589646684101492	0.10014463541522246	97.87276585498424	98.51766854554616	0.0027611501729279887	1.0001023121953974
2.1076059905386177	1.8899828254893463	0.06714954478861998	0.7589646684101492	0.10001515190688948	97.87276585498424	98.51766854554616	0.0027611501729279887	1.0001023121953974
2.1076059905386177	1.8899828254893463	0.06714954478861998	0.7589646684101492	0.10001515190688948	97.87276585498424	97.55639422682385	0.0027611501729279887	1.0001023121953974
2.1076059905386177	1.8899828254893463	0.06714954478861998	0.7589646684101492	0.10001515190688948	97.87276585498424	97.54584637949598	0.0027611501729279887	1.0001023121953974
2.1076059905386177	1.8899828254893463	0.06714954478861998	0.7589646684101492	0.10001515190688948	97.87276585498424	97.54584637949598	0.0027611501729279887	1.0001023121953974
2.1076059905386177	1.8899828254893463	0.06714954478861998	0.7589646684101492	0.10001515190688948	97.87276585498424	97.54584637949598	0.0027611501729279887	1.0001023121953974
2.1076059905386177	1.8901805145262516	0.06714954478861998	0.7589646684101492	0.10001515190688948	97.87276585498424	97.54584637949598	0.0027611501729279887	1.0001023121953974
2.1076059905386177	1.8901805145262516	0.06714954478861998	0.7589646684101492	0.10001515190688948	97.87276585498424	97.54584637949598	0.0027611501729279887	1.0001023121953974
2.1076059905386177	1.8901805145262516	0.06714954478861998	0.7589646684101492	0.10001458596946312	97.87276585498424	97.54584637949598	0.0027611501729279887	1.0001023121953974
2.1076070989911275	1.8901805145262516	0.06714954478861998	0.7589646684101492	0.10001458596946312	97.87276585498424	97.54584637949598	0.0027611501729279887	1.0001023121953974
2.1076070989911275	1.8901805145262516	0.06714954478861998	0.7589646684101492	0.10001458596946312	97.87276585498424	97.5427578443078	0.0027611501729279887	1.0001023121953974
2.1075956706746846	1.8901805145262516	0.06714954478861998	0.7589646684101492	0.10001458596946312	97.87276585498424	97.5427578443078	0.0027611501729279887	1.0001023121953974
2.1075956706746846	1.8901805145262516	0.06714954478861998	0.7589646684101492	0.10001458596946312	97.86802887461863	97.5427578443078	0.0027611501729279887	1.0001023121953974
2.1075956706746846	1.8901805145262516	0.06714954478861998	0.7589646684101492	0.10001458596946312	97.86802887461863	97.5427578443078	0.0027611501729279887	1.0001023121953974
2.1075956706746846	1.8901805145262516	0.06714954478861998	0.7589646684101492	0.10001458596946312	97.86802887461863	97.5427578443078	0.0027611501729279887	1.0001023121953974
2.1075956706746846	1.8901805145262516	0.06714954478861998	0.7589646684101492	0.09986568070745996	97.86802887461863	97.5427578443078	0.0027611501729279887	1.0001023121953974
2.1075956706746846	1.8901805145262516	0.06714954478861998	0.7589646684101492	0.09986568070745996	97.86802887461863	97.5427578443078	0.0027611501729279887	1.0001023121953974
2.1075956706746846	1.8901805145262516	0.06714954478861998	0.7589646684101492	0.09986568070745996	97.86802887461863	97.5427578443078	0.0027611501729279887	1.0001022653301108
2.1075956706746846	1.8901805145262516	0.06714954478861998	0.7589646684101492	0.09986568070745996	97.86802887461863	97.54052794210645	0.0027611501729279887	1.0001022653301108
2.1075956706746846	1.8901805145262516	0.06714954478861998	0.7589646684101492	0.09986568070745996	97.86802887461863	97.54052794210645	0.0027611501729279887	1.0001022653301108
2.1075956706746846	1.8901805145262516	0.06714954478861998	0.7590083737831198	0.09986568070745996	97.86802887461863	97.54052794210645	0.0027611501729279887	1.0001022653301108
2.1075956706746846	1.8901805145262516	0.06714954478861998	0.7590083737831198	0.09986568070745996	97.86802887461863	97.54052794210645	0.0027611415207781727	1.0001022653301108
2.1075956706746846	1.8901805145262516	0.06714954478861998	0.7590083737831198	0.09986568070745996	97.86802887461863	97.54052794210645	0.0027612812085862607	1.0001022653301108
2.1075956706746846	1.8901805145262516	0.06714954478861998	0.7590083737831198	0.09986568070745996	97.86802887461863	97.54052794210645	0.0027612812085862607	1.0001022653301108
2.1075956706746846	1.8901805145262516	0.06714954478861998	0.7590083737831198	0.09986568070745996	97.87656231148038	97.54052794210645	0.0027612812085862607	1.0001022653301108
2.1075956706746846	1.8901805145262516	0.06714954478861998	0.7590083737831198	0.09986568070745996	97.87656231148038	97.53994566822789	0.0027612812085862607	1.0001022653301108
2.1075956706746846	1.8901780994203137	0.06714954478861998	0.7590083737831198	0.09986568070745996	97.87656231148038	97.53994566822789	0.0027612812085862607	1.0001022653301108
2.1075956706746846	1.8901780994203137	0.06714954478861998	0.7590083737831198	0.09986568070745996	97.87656231148038	97.53994566822789	0.0027612812085862607	1.0001022653301108
2.1075956706746846	1.8901780994203137	0.06714954478861998	0.7590083737831198	0.09986568070745996	97.87656231148038	97.55725900316602	0.0027612812085862607	1.0001022653301108
2.1075956706746846	1.8901780994203137	0.06714954478861998	0.7590083737831198	0.09986568070745996	97.87656231148038	97.55725900316602	0.0027612812085862607	1.0000884377751953
2.1075956706746846	1.8901780994203137	0.06714954478861998	0.7590083737831198	0.09986568070745996	97.87656231148038	101.18290942351145	0.0027612812085862607	1.0000884377751953
2.1075956706746846	1.8901780994203137	0.06714954478861998	0.7590083737831198	0.09986568070745996	97.87656231148038	101.18290942351145	0.0027612812085862607	1.0000884377751953
2.1075956706746846	1.8901780994203137	0.06714954478861998	0.7590083737831198	0.09986568070745996	97.87656231148038	101.28965547623226	0.0027612812085862607	1.0000884377751953
2.1075956706746846	1.8901780994203137	0.06714954478861998	0.7590083737831198	0.09986568070745996	97.87656231148038	101.28965547623226	0.0027612812085862607	1.0000884377751953
2.1075956706746846	1.8901780994203137	0.06714954478861998	0.7590179622377854	0.09986568070745996	97.87656231148038	101.28965547623226	0.0027612812085862607	1.0000884377751953
2.1075956706746846	1.8901780994203137	0.06714954478861998	0.7590179622377854	0.09986487990126543	97.87656231148038	101.28965547623226	0.0027612812085862607	1.0000884377751953
2.107516957933498	1.8901780994203137	0.06714954478861998	0.7590179622377854	0.09986487990126543	97.87656231148038	101.28965547623226	0.0027612812085862607	1.0000884377751953
2.107516957933498	1.8901780994203137	0.06714954478861998	0.7584663745860107	0.09986487990126543	97.87656231148038	101.28965547623226	0.0027612812085862607	1.0000884377751953
2.107516957933498	1.8901780994203137	0.06714954478861998	0.7584663745860107	0.09986487990126543	97.87656231148038	101.28965547623226	0.0027612812085862607	1.0000884377751953
2.107516957933498	1.8901780994203137	0.06714954478861998	0.7584663745860107	0.09986487990126543	97.87656231148038	101.28965547623226	0.0027612812085862607	1.0000884159640664
2.107516957933498	1.8901780994203137	0.06714954478861998	0.7584663745860107	0.09986487990126543	97.87656231148038	101.28965547623226	0.0027612812085862607	1.0000884159640664
2.107516957933498	1.8901780994203137	0.06714954478861998	0.7584663745860107	0.09986487990126543	97.87656231148038	101.28965547623226	0.0027612812085862607	1.0000884159640664
2.107516957933498	1.8901780994203137	0.06714954478861998	0.7584663745860107	0.09986487990126543	97.87656231148038	101.28965547623226	0.0027612812085862607	1.0000884159640664
2.107516957933498	1.8901780994203137	0.06714954478861998	0.7584663745860107	0.0998647154206041	97.87656231148038	101.28965547623226	0.0027612812085862607	1.0000884159640664
2.107516957933498	1.8901780994203137	0.06714954478861998	0.7584663745860107	0.0998647154206041	97.87716499043377	101.28965547623226	0.0027612812085862607	1.0000884159640664
2.107516957933498	1.8901780994203137	0.06714954478861998	0.7584663745860107	0.0998647154206041	97.87716499043377	101.28965547623226	0.0027612812085862607	1.000090354605736
2.107516957933498	1.8901780994203137	0.06713410939634377	0.7584663745860107	0.0998647154206041	97.87716499043377	101.28965547623226	0.0027612812085862607	1.000090354605736
2.107516957933498	1.8901780994203137	0.06713410939634377	0.7584663745860107	0.0998647154206041	97.87716499043377	101.28965547623226	0.0027613265612935344	1.000090354605736
2.107516957933498	1.8901780994203137	0.06713410939634377	0.7584663745860107	0.0998647154206041	97.87716499043377	101.28965547623226	0.0027613265612935344	1.000090354605736
2.107516957933498	1.8901780994203137	0.06713410939634377	0.7584663745860107	0.0998647154206041	97.87716499043377	101.28885875293223	0.0027613265612935344	1.000090354605736
2.107516957933498	1.8901780994203137	0.06713410939634377	0.7584663745860107	0.0998647154206041	97.87716499043377	101.39291679907761	0.0027613265612935344	1.000090354605736
2.107516957933498	1.8901780994203137	0.06713410939634377	0.7584663745860107	0.0998647154206041	97.87716499043377	101.39291679907761	0.0027613265612935344	1.000090354605736
2.107516957933498	1.8901780994203137	0.06713410939634377	0.7584663745860107	0.0998647154206041	97.87664451969181	101.39291679907761	0.0027613265612935344	1.000090354605736
2.107516957933498	1.8901780994203137	0.06713410939634377	0.7584663745860107	0.0998647154206041	97.87664451969181	101.39291679907761	0.0027613265612935344	1.000090354605736
2.107516957933498	1.8901780994203137	0.06713410939634377	0.7584663745860107	0.0998647154206041	97.87664451969181	101.39291679907761	0.0027613265612935344	1.000090354605736
2.107516957933498	1.8901780994203137	0.06713410939634377	0.7584663745860107	0.0998647154206041	97.87664451969181	101.39291679907761	0.0027613265612935344	1.000090354605736
2.107516957933498	1.8901780994203137	0.06713410939634377	0.7584663745860107	0.0998647154206041	97.87664451969181	101.39291679907761	0.0027613265612935344	1.000090354605736
2.107516957933498	1.8901780994203137	0.06713410939634377	0.7583292549116522	0.0998647154206041	97.87664451969181	101.39291679907761	0.0027613265612935344	1.000090354605736
2.107516957933498	1.8901780994203137	0.06713410939634377	0.7583292549116522	0.09986490578866015	97.87664451969181	101.39291679907761	0.0027613265612935344	1.000090354605736
2.107516957933498	1.8901780994203137	0.06713410939634377	0.7583292549116522	0.09986490578866015	97.87664451969181	101.39291679907761	0.0027613265612935344	1.000090354605736
2.107516957933498	1.8901780994203137	0.06713410939634377	0.7583292549116522	0.09986490578866015	97.87664451969181	101.39232716580008	0.0027613265612935344	1.000090354605736
2.107516957933498	1.8901780994203137	0.06713410939634377	0.7583292549116522	0.09986455503794191	97.87664451969181	101.39232716580008	0.0027613265612935344	1.000090354605736
2.107516957933498	1.8901780994203137	0.06713410939634377	0.7583292549116522	0.09986455503794191	97.87664451969181	101.39232716580008	0.0027613265612935344	1.000090354605736
2.1092974599819354	1.8901780994203137	0.06713410939634377	0.7583292549116522	0.09986455503794191	97.87664451969181	101.39232716580008	0.0027613265612935344	1.000090354605736
2.1092974599819354	1.8901780994203137	0.06713410939634377	0.7583292549116522	0.09986455503794191	97.87664451969181	101.75218550553652	0.0027613265612935344	1.000090354605736
2.1093315736865974	1.8901780994203137	0.06713410939634377	0.7583292549116522	0.09986455503794191	97.87664451969181	101.75218550553652	0.0027613265612935344	1.000090354605736
2.1093315736865974	1.8901780994203137	0.06697945825135686	0.7583292549116522	0.09986455503794191	97.87664451969181	101.75218550553652	0.0027613265612935344	1.000090354605736
2.1093315736865974	1.8901780994203137	0.06697945825135686	0.7583292549116522	0.09986455503794191	97.87664451969181	101.75218550553652	0.0027613265612935344	1.000090354605736
2.1093315736865974	1.8901780994203137	0.06697945825135686	0.7583292549116522	0.09986455503794191	97.87664451969181	101.75218550553652	0.0027613265612935344	1.000090354605736
2.1093315736865974	1.8901780994203137	0.06697945825135686	0.7583292549116522	0.09986455503794191	97.87664451969181	101.75218550553652	0.0027613265612935344	1.000090354605736
2.1093315736865974	1.8901780170661648	0.06697945825135686	0.7583292549116522	0.09986455503794191	97.87664451969181	101.75218550553652	0.0027613265612935344	1.000090354605736
2.1093315736865974	1.8901780170661648	0.06697945825135686	0.7583292549116522	0.09986455503794191	97.87664451969181	102.35143910043641	0.0027613265612935344	1.000090354605736
2.1093315736865974	1.8901780170661648	0.06697945825135686	0.7583292549116522	0.09986455503794191	97.87664451969181	102.35143910043641	0.0027613265612935344	1.000090354605736
2.1093315736865974	1.8901780170661648	0.06697945825135686	0.7583292549116522	0.09986455503794191	97.87664451969181	102.35143910043641	0.0027613452469253683	1.000090354605736
2.1093315736865974	1.8901780170661648	0.06697945825135686	0.7583292549116522	0.09986455503794191	97.87664451969181	102.35143910043641	0.0027613452469253683	1.000090354605736
2.1093315736865974	1.8901780170661648	0.06697945825135686	0.7583292549116522	0.09986455503794191	97.87664451969181	102.35143910043641	0.0027613452469253683	1.000090354605736
2.1093315736865974	1.8901780170661648	0.06697945825135686	0.7583292549116522	0.09986455503794191	97.87664451969181	102.35143910043641	0.0027613452469253683	1.000095946034832
2.1093315736865974	1.8901780170661648	0.06697945825135686	0.7583292549116522	0.09986455503794191	97.87664451969181	102.35143910043641	0.0027613452469253683	1.000095946034832
2.1093315736865974	1.8901780170661648	0.06697945825135686	0.7583292549116522	0.09986455503794191	97.87664451969181	102.35143910043641	0.0027613452469253683	1.000095946034832
2.1093315736865974	1.8901780170661648	0.06697945825135686	0.7583292549116522	0.09986455503794191	97.87664451969181	102.35143910043641	0.0027613452469253683	1.000095946034832
2.1093315736865974	1.8937508407399488	0.06697945825135686	0.7583292549116522	0.09986455503794191	97.87664451969181	102.35143910043641	0.0027613452469253683	1.000095946034832
2.1093315736865974	1.8937508407399488	0.06697945825135686	0.7583292549116522	0.09986453709872423	97.87664451969181	102.35143910043641	0.0027613452469253683	1.000095946034832
2.1093315736865974	1.8937508407399488	0.06697945825135686	0.7583292549116522	0.09986453709872423	97.87664451969181	102.35143910043641	0.0027613452469253683	1.000095946034832
2.1093315736865974	1.8937508407399488	0.06697945825135686	0.7583292549116522	0.09986453709872423	97.87672111066443	102.35143910043641	0.0027613452469253683	1.000095946034832
2.1093315736865974	1.8937508407399488	0.06697945825135686	0.7583292549116522	0.09986453709872423	97.87672111066443	102.35143910043641	0.0027613452469253683	1.0000961352695106
2.1093315736865974	1.8937508407399488	0.06697945825135686	0.7583292549116522	0.09986453709872423	97.87672111066443	102.35143910043641	0.0027613452469253683	1.0000961352695106
2.1093315736865974	1.8937508407399488	0.06697945825135686	0.758327545972548	0.09986453709872423	97.87672111066443	102.35143910043641	0.0027613452469253683	1.0000961352695106
2.1093315736865974	1.8937508407399488	0.06697945825135686	0.758327545972548	0.09986453709872423	97.87672111066443	102.35143910043641	0.0027613452469253683	1.0000966332762267
2.1093315736865974	1.8937508407399488	0.06697945825135686	0.758327545972548	0.09986453709872423	97.87671685154687	102.35143910043641	0.0027613452469253683	1.0000966332762267
2.1093017521836996	1.8937508407399488	0.06697945825135686	0.758327545972548	0.09986453709872423	97.87671685154687	102.35143910043641	0.0027613452469253683	1.0000966332762267
2.1093017521836996	1.8937508407399488	0.06697945825135686	0.758327545972548	0.09986453709872423	97.87671685154687	102.35143910043641	0.0027613452469253683	1.0000966332762267
2.1093017521836996	1.8937508407399488	0.06697945825135686	0.758327545972548	0.09986453709872423	97.87671685154687	102.35143910043641	0.0027613452469253683	1.0000966332762267
2.1093017521836996	1.8937508407399488	0.06697945825135686	0.758327545972548	0.09986453709872423	97.87671685154687	102.35143910043641	0.002730768185747965	1.0000966332762267
2.1093017521836996	1.8937508407399488	0.06697945825135686	0.758327545972548	0.09986453709872423	97.87671685154687	102.35143910043641	0.002730768185747965	1.0000966332762267
2.1093017521836996	1.8937508407399488	0.06697945825135686	0.758327545972548	0.09986453709872423	97.87671685154687	102.35143910043641	0.002730768185747965	1.0000966332762267
2.1093017521836996	1.8937508407399488	0.06697945825135686	0.758327545972548	0.09986453709872423	97.87671685154687	102.35143910043641	0.00273083482843355	1.0000966332762267
2.1093017521836996	1.8937508407399488	0.06697945825135686	0.758327545972548	0.09992081857858008	97.87671685154687	102.35143910043641	0.00273083482843355	1.0000966332762267
2.109301184077745	1.8937508407399488	0.06697945825135686	0.758327545972548	0.09992081857858008	97.87671685154687	102.35143910043641	0.00273083482843355	1.0000966332762267
2.109301184077745	1.8937508407399488	0.06697945825135686	0.758327545972548	0.09992081857858008	97.87671685154687	102.35143910043641	0.00273083482843355	1.0000959456150484
2.109301184077745	1.8937508407399488	0.06697945825135686	0.758327545972548	0.09992081857858008	97.87671685154687	102.33896781167738	0.00273083482843355	1.0000959456150484
2.109301184077745	1.8937508407399488	0.06697945825135686	0.758327545972548	0.09992081857858008	97.87671685154687	102.33896781167738	0.00273083482843355	1.0000959456150484
2.109301184077745	1.8937508407399488	0.06697945825135686	0.758327545972548	0.09992081857858008	97.87671685154687	102.06961510859033	0.00273083482843355	1.0000959456150484
2.109301184077745	1.8937508407399488	0.06697945825135686	0.758327545972548	0.09992081857858008	97.87572083617174	102.06961510859033	0.00273083482843355	1.0000959456150484
2.109301184077745	1.8937508407399488	0.06697945825135686	0.758327545972548	0.09992081857858008	97.87572083617174	102.06961510859033	0.00273083482843355	1.0000959456150484
2.109301184077745	1.8937508407399488	0.06697945825135686	0.758327545972548	0.09992081857858008	97.87572083617174	102.06961510859033	0.00273083482843355	1.0000959456150484
2.109301184077745	1.8937508407399488	0.06697945825135686	0.758327545972548	0.09992081857858008	97.87572083617174	102.06961510859033	0.00273083482843355	1.0000954321226767
2.1092902795386297	1.8937508407399488	0.06697945825135686	0.758327545972548	0.09992081857858008	97.87572083617174	102.06961510859033	0.00273083482843355	1.0000954321226767
2.1092902795386297	1.8937508407399488	0.06697945825135686	0.758327545972548	0.09992081857858008	97.87573675242865	102.06961510859033	0.00273083482843355	1.0000954321226767
2.1092902795386297	1.8937508407399488	0.06697945825135686	0.758327545972548	0.09992081857858008	97.87573675242865	102.06961510859033	0.00273083482843355	1.0000954321226767
2.1092902795386297	1.8937508407399488	0.06697945825135686	0.758327545972548	0.09992081857858008	97.87573675242865	102.06961510859033	0.00273083482843355	1.0000954321226767
2.1092902795386297	1.8937524457332637	0.06697945825135686	0.758327545972548	0.09992081857858008	97.87573675242865	102.06961510859033	0.00273083482843355	1.0000954321226767
2.1092902795386297	1.8937524457332637	0.06697945825135686	0.758327545972548	0.09992081857858008	97.87573675242865	102.06961510859033	0.00273083482843355	1.0000954321226767
2.1092902795386297	1.8937524457332637	0.06697945825135686	0.758327545972548	0.09992081857858008	97.87573675242865	102.74317285810005	0.00273083482843355	1.0000954321226767
2.1092902795386297	1.8937524457332637	0.06697945825135686	0.758327545972548	0.09992081857858008	97.87573675242865	102.74317285810005	0.00273083482843355	1.0000954321226767
2.1092902795386297	1.8937524457332637	0.06697945825135686	0.758327545972548	0.09992084140240912	97.87573675242865	102.74317285810005	0.00273083482843355	1.0000954321226767
2.1092902795386297	1.8937524457332637	0.06697945825135686	0.758327545972548	0.09992084140240912	97.87573675242865	102.74317285810005	0.00273083482843355	1.0000954321226767
2.1092902795386297	1.8937524457332637	0.06697945825135686	0.758327545972548	0.09992084140240912	97.87573675242865	102.74317285810005	0.00273083482843355	1.0000954321226767
2.1092902795386297	1.8937524457332637	0.06697945825135686	0.758327545972548	0.09992084140240912	97.87573675242865	102.77942589234426	0.00273083482843355	1.0000954321226767
2.1092902795386297	1.8937524457332637	0.06697945825135686	0.758327545972548	0.09992084140240912	97.87573675242865	102.77942589234426	0.00273083482843355	1.000099073191708
2.1092902795386297	1.8937524457332637	0.06697945825135686	0.758327545972548	0.09992084140240912	97.87573675242865	102.77942589234426	0.002731960944100843	1.000099073191708
2.1092902795386297	1.8937524457332637	0.06697945825135686	0.758327545972548	0.09992084140240912	97.87573675242865	102.77942589234426	0.002731960944100843	1.000099073191708
2.1092902795386297	1.8937524457332637	0.06697945825135686	0.758327545972548	0.09992084140240912	97.87573675242865	102.77942589234426	0.0026546241949667653	1.000099073191708
2.1092902795386297	1.8937539785501338	0.06697945825135686	0.758327545972548	0.09992084140240912	97.87573675242865	102.77942589234426	0.0026546241949667653	1.000099073191708
2.1092902795386297	1.8937539785501338	0.06697945825135686	0.758327545972548	0.09992084140240912	97.87573675242865	102.77942589234426	0.0026546241949667653	1.000099073191708
2.1092902795386297	1.8937539785501338	0.06697945825135686	0.758327545972548	0.09992084140240912	97.87573675242865	102.77942589234426	0.0026546241949667653	1.000098841305299
2.1092902795386297	1.8937539785501338	0.06697945825135686	0.758327545972548	0.09992084140240912	97.87573675242865	102.77942589234426	0.0026546241949667653	1.000098841305299
2.1092902795386297	1.8937539785501338	0.06697945825135686	0.758327545972548	0.09992084140240912	97.87573675242865	102.77942589234426	0.0026546241949667653	1.000098841305299
2.1092902795386297	1.8937539785501338	0.06697945825135686	0.758327545972548	0.09992084140240912	97.87573675242865	102.77942589234426	0.0026546693452988226	1.000098841305299
2.1092902795386297	1.8937539785501338	0.06697945825135686	0.758327545972548	0.09992084140240912	97.87573675242865	102.77942589234426	0.0026546693452988226	1.000098841305299
2.1092902795386297	1.8937539785501338	0.06697945825135686	0.758327545972548	0.09992084140240912	97.87573675242865	102.77942589234426	0.0026546693452988226	1.000098841305299
2.1092902795386297	1.8937574948259206	0.06697945825135686	0.758327545972548	0.09992084140240912	97.87573675242865	102.77942589234426	0.0026546693452988226	1.000098841305299
2.1092902795386297	1.8937574948259206	0.06697945825135686	0.758327545972548	0.09992084140240912	97.87573675242865	102.77942589234426	0.0026546693452988226	1.000098841305299
2.1092902795386297	1.8934808286037397	0.06697945825135686	0.758327545972548	0.09992084140240912	97.87573675242865	102.77942589234426	0.0026546693452988226	1.000098841305299
2.1092902795386297	1.8934808286037397	0.06697945825135686	0.758327545972548	0.09992084140240912	97.87573675242865	102.77942589234426	0.0026546693452988226	1.0000988248334663
2.1092902795386297	1.8934768448805377	0.06697945825135686	0.758327545972548	0.09992084140240912	97.87573675242865	102.77942589234426	0.0026546693452988226	1.0000988248334663
2.1092902795386297	1.8935312444002053	0.06697945825135686	0.758327545972548	0.09992084140240912	97.87573675242865	102.77942589234426	0.0026546693452988226	1.0000988248334663
2.1092902795386297	1.8935312444002053	0.06697945825135686	0.758327545972548	0.09992084140240912	97.85980028117658	102.77942589234426	0.0026546693452988226	1.0000988248334663
2.1092902795386297	1.8935312444002053	0.06697945825135686	0.758327545972548	0.09992084140240912	97.85980028117658	102.77942589234426	0.0026546693452988226	1.0000980973523783
2.1092902795386297	1.8935312444002053	0.06697945825135686	0.758327545972548	0.09992084140240912	97.85980028117658	102.77942589234426	0.0026546693452988226	1.0000980973523783
2.1092902795386297	1.8935312444002053	0.06697945825135686	0.758327545972548	0.09992106262726312	97.85980028117658	102.77942589234426	0.0026546693452988226	1.0000980973523783
2.1092902795386297	1.8935312444002053	0.06697945825135686	0.758327545972548	0.09992106262726312	97.85980028117658	102.98470770903347	0.0026546693452988226	1.0000980973523783
2.1092902795386297	1.8935312444002053	0.06697945825135686	0.758327545972548	0.09992106262726312	97.85980028117658	102.98470770903347	0.0026546693452988226	1.0000980973523783
2.1092902795386297	1.8935312444002053	0.06697945825135686	0.758327545972548	0.09992106262726312	97.85980028117658	102.98470770903347	0.0026546693452988226	1.0000980973523783
2.1092902795386297	1.8935312444002053	0.06697945825135686	0.758327545972548	0.09992106262726312	97.85980028117658	102.98470770903347	0.0026546693452988226	1.0000980973523783
2.1092902795386297	1.8935312444002053	0.06697945825135686	0.758327545972548	0.09992106262726312	97.85980028117658	102.9857120221949	0.0026546693452988226	1.0000980973523783
2.1092902795386297	1.8935312444002053	0.06697945825135686	0.758327545972548	0.09992106262726312	97.85980028117658	102.9857120221949	0.0026546693452988226	1.0000980973523783
2.1092923485166843	1.8935312444002053	0.06697945825135686	0.758327545972548	0.09992106262726312	97.85980028117658	102.9857120221949	0.0026546693452988226	1.0000980973523783
2.1092923485166843	1.8935312444002053	0.06697945825135686	0.758327545972548	0.09992106262726312	97.85980028117658	102.9857120221949	0.0026546693452988226	1.0000980973523783
2.1092923485166843	1.8935312444002053	0.06697945825135686	0.758327545972548	0.09992106262726312	97.85980028117658	102.9857120221949	0.0026546693452988226	1.0000980973523783
2.1092961435204742	1.8935312444002053	0.06697945825135686	0.758327545972548	0.09992106262726312	97.85980028117658	102.9857120221949	0.0026546693452988226	1.0000980973523783
2.1092961435204742	1.8935312444002053	0.06697945825135686	0.758327545972548	0.09992106262726312	97.85980028117658	102.9857120221949	0.0026546693452988226	1.0000980973523783
2.1092961435204742	1.8935312444002053	0.06697945825135686	0.758327545972548	0.09992106262726312	97.86043565129854	102.9857120221949	0.0026546693452988226	1.0000980973523783
2.1092961435204742	1.8935312444002053	0.06697015694168143	0.758327545972548	0.09992106262726312	97.86043565129854	102.9857120221949	0.0026546693452988226	1.0000980973523783
2.1092961435204742	1.8935312444002053	0.06697015694168143	0.758327545972548	0.09992038380274286	97.86043565129854	102.9857120221949	0.0026546693452988226	1.0000980973523783
2.1092961435204742	1.8935312444002053	0.06697015694168143	0.758327545972548	0.09992038380274286	97.86043565129854	102.93686026925943	0.0026546693452988226	1.0000980973523783
2.1092961435204742	1.8935312444002053	0.0669716058818887	0.758327545972548	0.09992038380274286	97.86043565129854	102.93686026925943	0.0026546693452988226	1.0000980973523783
2.1092961435204742	1.8935312444002053	0.0669716058818887	0.758327545972548	0.09992038380274286	97.86043565129854	102.91839118113059	0.0026546693452988226	1.0000980973523783
2.1092961435204742	1.8935312444002053	0.0669716058818887	0.758327545972548	0.09992038380274286	97.86043565129854	102.91839118113059	0.0026546693452988226	1.0000994535707295
2.1092961435204742	1.8935312444002053	0.0669716058818887	0.758327545972548	0.09992038380274286	97.86043565129854	102.91839118113059	0.0026546693452988226	1.0000994535707295
2.1092961435204742	1.8935312444002053	0.0669716058818887	0.758327545972548	0.09992038380274286	97.86043565129854	102.91839118113059	0.0026546693452988226	1.0000994535707295
2.1092961435204742	1.8935378727870942	0.0669716058818887	0.758327545972548	0.09992038380274286	97.86043565129854	102.91839118113059	0.0026546693452988226	1.0000994535707295
2.108245426793021	1.8935378727870942	0.0669716058818887	0.758327545972548	0.09992038380274286	97.86043565129854	102.91839118113059	0.0026546693452988226	1.0000994535707295
2.108245426793021	1.8935378727870942	0.0669716058818887	0.758327545972548	0.09992038380274286	97.86043565129854	102.96863695649559	0.0026546693452988226	1.0000994535707295
2.108245426793021	1.8935378727870942	0.0669716058818887	0.758327545972548	0.09992038380274286	97.86043565129854	102.9945156177665	0.0026546693452988226	1.0000994535707295
2.108245426793021	1.8935378727870942	0.06702530059164835	0.758327545972548	0.09992038380274286	97.86043565129854	102.9945156177665	0.0026546693452988226	1.0000994535707295
2.1083659808347166	1.8935378727870942	0.06702530059164835	0.758327545972548	0.09992038380274286	97.86043565129854	102.9945156177665	0.0026546693452988226	1.0000994535707295
2.1083659808347166	1.8935378727870942	0.06702530059164835	0.758327545972548	0.09992038380274286	97.86043565129854	102.9945156177665	0.0026546693452988226	1.0000994535707295
2.1083659808347166	1.8935378727870942	0.06702530059164835	0.758327545972548	0.09991974699749223	97.86043565129854	102.9945156177665	0.0026546693452988226	1.0000994535707295
2.1083659808347166	1.8935378727870942	0.06702530059164835	0.758327545972548	0.09991974699749223	97.86043565129854	102.9945156177665	0.0026546693452988226	1.0000994535707295
2.1083659808347166	1.8935378727870942	0.06702530059164835	0.758327545972548	0.09991974699749223	97.86043565129854	102.99484535245207	0.0026546693452988226	1.0000994535707295
2.108366678413985	1.8935378727870942	0.06702530059164835	0.758327545972548	0.09991974699749223	97.86043565129854	102.99484535245207	0.0026546693452988226	1.0000994535707295
2.108366678413985	1.8935378727870942	0.06702530059164835	0.758327545972548	0.09991974699749223	97.86043565129854	102.99484535245207	0.0026546693452988226	1.0000994535707295
2.108366678413985	1.8935378727870942	0.06702530059164835	0.758327545972548	0.09991974699749223	97.86043565129854	102.99484535245207	0.0026546693452988226	1.0000994535707295
2.108366678413985	1.8935378727870942	0.06702530059164835	0.758327545972548	0.09991974699749223	97.86043565129854	102.99484535245207	0.0026546693452988226	1.0000994535707295
2.108366678413985	1.8935378727870942	0.06702530059164835	0.758327545972548	0.09991974699749223	97.86043565129854	103.00655575068406	0.0026546693452988226	1.0000994535707295
2.108366678413985	1.8935378727870942	0.06702530059164835	0.758327545972548	0.09991974699749223	97.86043565129854	103.00655575068406	0.0026546693452988226	1.0000994535707295
2.108366678413985	1.8935378727870942	0.06702530059164835	0.758327545972548	0.09991974699749223	97.84667587211742	103.00655575068406	0.0026546693452988226	1.0000994535707295
2.108366678413985	1.8935400146222248	0.06702530059164835	0.758327545972548	0.09991974699749223	97.84667587211742	103.00655575068406	0.0026546693452988226	1.0000994535707295
2.108366678413985	1.8935400146222248	0.06702530059164835	0.758327545972548	0.09991974699749223	97.84667587211742	103.00655575068406	0.0026547701999850544	1.0000994535707295
2.108366678413985	1.8935400146222248	0.06702530059164835	0.758327545972548	0.09991974699749223	97.84667587211742	103.00655575068406	0.0026547701999850544	1.0000994535707295
2.108366678413985	1.893533238203746	0.06702530059164835	0.758327545972548	0.09991974699749223	97.84667587211742	103.00655575068406	0.0026547701999850544	1.0000994535707295
2.108366678413985	1.893533238203746	0.06702530059164835	0.758327545972548	0.09998831395812023	97.84667587211742	103.00655575068406	0.0026547701999850544	1.0000994535707295
2.108366678413985	1.893533238203746	0.06702530059164835	0.758327545972548	0.09998831395812023	97.84871639947264	103.00655575068406	0.0026547701999850544	1.0000994535707295
2.108366678413985	1.893533238203746	0.06702668858539422	0.758327545972548	0.09998831395812023	97.84871639947264	103.00655575068406	0.0026547701999850544	1.0000994535707295
2.108366678413985	1.893533238203746	0.06702668858539422	0.758327545972548	0.09998831395812023	97.84871639947264	103.00655575068406	0.0026547701999850544	1.0000994535707295
2.108366678413985	1.893533238203746	0.06702668858539422	0.758327545972548	0.09998831395812023	97.84871639947264	103.00655575068406	0.0026547701999850544	1.0000994535707295
2.108366678413985	1.893533238203746	0.06702668858539422	0.758327545972548	0.09998834656580699	97.84871639947264	103.00655575068406	0.0026547701999850544	1.0000994535707295
2.108366678413985	1.893533238203746	0.06702668858539422	0.758327545972548	0.10000515148594705	97.84871639947264	103.00655575068406	0.0026547701999850544	1.0000994535707295
2.108366678413985	1.893533238203746	0.06702668858539422	0.758327545972548	0.10000515148594705	97.84871639947264	103.00655575068406	0.0026547701999850544	1.0000994535707295
2.108366678413985	1.893533238203746	0.06702668858539422	0.758327545972548	0.10000515148594705	97.84871639947264	103.00650941554134	0.0026547701999850544	1.0000994535707295
2.108366678413985	1.893533238203746	0.06702668858539422	0.758327545972548	0.10000515148594705	97.84871639947264	103.0065523518329	0.0026547701999850544	1.0000994535707295
2.108366678413985	1.893533238203746	0.06702668858539422	0.758327545972548	0.10000515148594705	97.84871639947264	103.0065523518329	0.0026547701999850544	1.0000994535707295
2.108366678413985	1.8931598156968286	0.06702668858539422	0.758327545972548	0.10000515148594705	97.84871639947264	103.0065523518329	0.0026547701999850544	1.0000994535707295
2.108366678413985	1.8931598156968286	0.06702668858539422	0.758327545972548	0.10033286740011774	97.84871639947264	103.0065523518329	0.0026547701999850544	1.0000994535707295
2.108366678413985	1.8931598156968286	0.06702668858539422	0.758568870439357	0.10033286740011774	97.84871639947264	103.0065523518329	0.0026547701999850544	1.0000994535707295
2.107127779469078	1.8931598156968286	0.06702668858539422	0.758568870439357	0.10033286740011774	97.84871639947264	103.0065523518329	0.0026547701999850544	1.0000994535707295
2.107127779469078	1.8931598156968286	0.06702668858539422	0.758568870439357	0.10033286740011774	97.84871639947264	103.0065523518329	0.0026547701999850544	1.0000994535707295
2.107127779469078	1.8931598156968286	0.06702668858539422	0.758568870439357	0.10033286740011774	97.84871639947264	103.0065523518329	0.0026547701999850544	1.0000976756219588
2.107127779469078	1.8931598156968286	0.06702668858539422	0.758568870439357	0.10033286740011774	97.84871639947264	103.0065523518329	0.002654033858505977	1.0000976756219588
2.107127779469078	1.8931598156968286	0.06702668858539422	0.758568870439357	0.10033286740011774	97.84871639947264	103.0065523518329	0.002654033858505977	1.0000976756219588
2.107127779469078	1.8931598156968286	0.06702668858539422	0.758568870439357	0.10033286740011774	97.84871639947264	103.0065523518329	0.002654033858505977	1.0000976756219588
2.107127779469078	1.8931598156968286	0.06702668858539422	0.758568870439357	0.10033286740011774	97.84871639947264	103.0065523518329	0.002654033858505977	1.0000976756219588
2.107127779469078	1.8931598156968286	0.06702668858539422	0.758568870439357	0.10033286740011774	97.84871639947264	103.0065523518329	0.002654033858505977	1.0000976756219588
2.107127779469078	1.8931598156968286	0.06702668858539422	0.758568870439357	0.10033286740011774	97.84871639947264	103.0065523518329	0.002654033858505977	1.0000976756219588
2.107127779469078	1.891040235620487	0.06702668858539422	0.758568870439357	0.10033286740011774	97.84871639947264	103.0065523518329	0.002654033858505977	1.0000976756219588
2.107127779469078	1.891040235620487	0.06702668858539422	0.758568870439357	0.10033286740011774	97.84871639947264	103.0065523518329	0.002654033858505977	1.0000976756219588
2.107127779469078	1.891040235620487	0.06702668858539422	0.7585687711925692	0.10033286740011774	97.84871639947264	103.0065523518329	0.002654033858505977	1.0000976756219588
2.107127779469078	1.891040235620487	0.06702851279038519	0.7585687711925692	0.10033286740011774	97.84871639947264	103.0065523518329	0.002654033858505977	1.0000976756219588
2.107127779469078	1.891040235620487	0.06702851279038519	0.7585687711925692	0.10033286740011774	97.84871639947264	103.0065523518329	0.002654033858505977	1.0000976756219588
2.107127779469078	1.891040235620487	0.06702851279038519	0.7587707068365865	0.10033286740011774	97.84871639947264	103.0065523518329	0.002654033858505977	1.0000976756219588
2.107127779469078	1.891040235620487	0.06702851279038519	0.7587707068365865	0.10033286740011774	97.84871639947264	103.0065523518329	0.002654033858505977	1.0000976756219588
2.107127779469078	1.891040235620487	0.06702851279038519	0.7587707068365865	0.10033286740011774	97.84871639947264	102.08348872674267	0.002654033858505977	1.0000976756219588
2.107127779469078	1.891040235620487	0.06702851279038519	0.7587707068365865	0.10033286740011774	97.84871639947264	102.08348872674267	0.002654033858505977	1.0000976756219588
2.107127779469078	1.891040235620487	0.06702851279038519	0.7587707068365865	0.10033286740011774	97.84871639947264	102.08348872674267	0.002654033858505977	1.0000976756219588
2.107127779469078	1.891040235620487	0.06702851279038519	0.7587707068365865	0.10033286740011774	97.84871639947264	102.08348872674267	0.002654033858505977	1.0000976756219588
2.107127779469078	1.8916546434354997	0.06702851279038519	0.7587707068365865	0.10033286740011774	97.84871639947264	102.08348872674267	0.002654033858505977	1.0000976756219588
2.107127779469078	1.8916546434354997	0.06702851279038519	0.7587707068365865	0.10033286740011774	97.84871639947264	102.08348872674267	0.002654033858505977	1.0000976756219588
2.107127779469078	1.8916546434354997	0.06702851279038519	0.7586626999474901	0.10033286740011774	97.84871639947264	102.08348872674267	0.002654033858505977	1.0000976756219588
2.107127779469078	1.8916546434354997	0.06702851279038519	0.7586626999474901	0.10033286740011774	97.84871639947264	102.08348872674267	0.002654033858505977	1.0000976756219588
2.107127779469078	1.8916546434354997	0.06702851279038519	0.7586626999474901	0.10033286740011774	97.85853625768242	102.08348872674267	0.002654033858505977	1.0000976756219588
2.107127779469078	1.8916546434354997	0.06702851279038519	0.7586626999474901	0.10033286740011774	97.85853625768242	102.04352122823776	0.002654033858505977	1.0000976756219588
2.107127779469078	1.8916546434354997	0.06702851279038519	0.7586626999474901	0.10033286740011774	97.85853625768242	102.04352122823776	0.002654033858505977	1.0000976756219588
2.107127779469078	1.8916546434354997	0.06702851279038519	0.7586626999474901	0.10033286740011774	97.858700339888	102.04352122823776	0.002654033858505977	1.0000976756219588
2.107127779469078	1.8916546434354997	0.06702851279038519	0.7586626999474901	0.10033286740011774	97.858700339888	102.04352122823776	0.002654033858505977	1.0000976756219588
2.107127779469078	1.891654826430951	0.06702851279038519	0.7586626999474901	0.10033286740011774	97.858700339888	102.04352122823776	0.002654033858505977	1.0000976756219588
2.107127779469078	1.891654826430951	0.06702851279038519	0.7586626999474901	0.10033286740011774	97.858700339888	102.04352122823776	0.002654033858505977	1.0000976756219588
2.107127779469078	1.891654826430951	0.06702851279038519	0.7586626999474901	0.10033286740011774	97.858700339888	102.04352122823776	0.002654033858505977	1.0000976756219588
2.107127779469078	1.891654826430951	0.06702851279038519	0.7586626999474901	0.10033286740011774	97.858700339888	102.04352122823776	0.002654033858505977	1.0000976756219588
2.107127779469078	1.891654826430951	0.06702851279038519	0.7586534740083414	0.10033286740011774	97.858700339888	102.04352122823776	0.002654033858505977	1.0000976756219588
2.107127779469078	1.891654826430951	0.06702851279038519	0.7586534740083414	0.10033286740011774	97.87947052278435	102.04352122823776	0.002654033858505977	1.0000976756219588
2.107127779469078	1.891654826430951	0.06702851279038519	0.7586534740083414	0.10033393336292461	97.87947052278435	102.04352122823776	0.002654033858505977	1.0000976756219588
2.107127779469078	1.891654826430951	0.06702851279038519	0.7586534740083414	0.10033393336292461	97.87947052278435	102.04352122823776	0.002654033858505977	1.0000976756219588
2.107127779469078	1.891654826430951	0.06702851279038519	0.7586534740083414	0.10033393336292461	97.87947052278435	102.05145444705134	0.002654033858505977	1.0000976756219588
2.107127779469078	1.891654826430951	0.06702851279038519	0.7585687798011709	0.10033393336292461	97.87947052278435	102.05145444705134	0.002654033858505977	1.0000976756219588
2.107127779469078	1.891654826430951	0.06702851279038519	0.7585687798011709	0.10033393336292461	97.87947052278435	102.05145444705134	0.002654033858505977	1.0000976756219588
2.107127779469078	1.891654826430951	0.06702851279038519	0.758572894847698	0.10033393336292461	97.87947052278435	102.05145444705134	0.002654033858505977	1.0000976756219588
2.107127779469078	1.891654826430951	0.06702851279038519	0.758572894847698	0.10033355604976596	97.87947052278435	102.05145444705134	0.002654033858505977	1.0000976756219588
2.107127779469078	1.891654826430951	0.06702851279038519	0.758572894847698	0.10033355604976596	97.87947052278435	102.05145444705134	0.002659076596866136	1.0000976756219588
2.107127779469078	1.891654826430951	0.06702851279038519	0.758572894847698	0.10033355604976596	97.87782069813606	102.05145444705134	0.002659076596866136	1.0000976756219588
2.107127779469078	1.891654826430951	0.06702756513807737	0.758572894847698	0.10033355604976596	97.87782069813606	102.05145444705134	0.002659076596866136	1.0000976756219588
2.107127779469078	1.891654826430951	0.06702064550808183	0.758572894847698	0.10033355604976596	97.87782069813606	102.05145444705134	0.002659076596866136	1.0000976756219588
2.107127779469078	1.891654826430951	0.06702064550808183	0.758572894847698	0.10033355604976596	97.87782069813606	102.05145444705134	0.002659076596866136	1.0000976756219588
2.107127779469078	1.891654826430951	0.06702064550808183	0.758572894847698	0.10033355604976596	97.87772409596717	102.05145444705134	0.002659076596866136	1.0000976756219588
2.107127779469078	1.891654826430951	0.06702386497839016	0.758572894847698	0.10033355604976596	97.87772409596717	102.05145444705134	0.002659076596866136	1.0000976756219588
2.107127779469078	1.891654826430951	0.06702386497839016	0.758572894847698	0.10033355604976596	97.8762049102416	102.05145444705134	0.002659076596866136	1.0000976756219588
2.107123262094947	1.891654826430951	0.06702386497839016	0.758572894847698	0.10033355604976596	97.8762049102416	102.05145444705134	0.002659076596866136	1.0000976756219588
2.107123262094947	1.891654826430951	0.06702386497839016	0.758572894847698	0.10033355604976596	97.87617908014565	102.05145444705134	0.002659076596866136	1.0000976756219588
2.107123262094947	1.891654826430951	0.06702386497839016	0.758572894847698	0.10033355604976596	97.87620041647708	102.05145444705134	0.002659076596866136	1.0000976756219588
2.107123262094947	1.891654826430951	0.06702484495808107	0.758572894847698	0.10033355604976596	97.87620041647708	102.05145444705134	0.002659076596866136	1.0000976756219588
2.107123262094947	1.891654826430951	0.06702484495808107	0.758572894847698	0.10033355604976596	97.87620041647708	102.05145444705134	0.002659076596866136	1.0000976756219588
2.107123262094947	1.891654826430951	0.06702484495808107	0.758572894847698	0.1003335672956008	97.87620041647708	102.05145444705134	0.002659076596866136	1.0000976756219588
2.107123262094947	1.891654826430951	0.06702484495808107	0.7585785256926508	0.1003335672956008	97.87620041647708	102.05145444705134	0.002659076596866136	1.0000976756219588
2.107123262094947	1.891654826430951	0.06702484495808107	0.7585785256926508	0.1003335672956008	97.87620041647708	102.05145444705134	0.002659076596866136	1.0000976756219588
2.107123262094947	1.8916532819404634	0.06702484495808107	0.7585785256926508	0.1003335672956008	97.87620041647708	102.05145444705134	0.002659076596866136	1.0000976756219588
2.107123262094947	1.8916532819404634	0.06702484495808107	0.7585785256926508	0.1003335672956008	97.87620041647708	102.05145444705134	0.002659076596866136	1.0000976756219588
2.107123262094947	1.8916532819404634	0.06702484495808107	0.7585785256926508	0.1003335672956008	97.87620041647708	102.05166087817025	0.002659076596866136	1.0000976756219588
2.107123262094947	1.8916532819404634	0.06702484495808107	0.7585785256926508	0.1003335672956008	97.87620041647708	102.05166087817025	0.002659076596866136	1.0000976756219588
2.107123262094947	1.8916532819404634	0.06702484495808107	0.7585785256926508	0.1003335672956008	97.87620041647708	102.05166087817025	0.002635775107917924	1.0000976756219588
2.107123262094947	1.8929485316851837	0.06702484495808107	0.7585785256926508	0.1003335672956008	97.87620041647708	102.05166087817025	0.002635775107917924	1.0000976756219588
2.107123262094947	1.8929485316851837	0.06702484495808107	0.7585785256926508	0.1003335672956008	97.87620041647708	102.05166087817025	0.002635775107917924	1.0000976756219588
2.107123262094947	1.8929485316851837	0.06702484495808107	0.7585785256926508	0.1003335672956008	97.87620041647708	102.05166087817025	0.002632311795083871	1.0000976756219588
2.107123262094947	1.8929485316851837	0.06702484495808107	0.7585785256926508	0.10033357653225299	97.87620041647708	102.05166087817025	0.002632311795083871	1.0000976756219588
2.107123262094947	1.8929485316851837	0.06702738316408044	0.7585785256926508	0.10033357653225299	97.87620041647708	102.05166087817025	0.002632311795083871	1.0000976756219588
2.107123262094947	1.8929485316851837	0.06702738316408044	0.7585785256926508	0.10033357653225299	97.87620041647708	102.05166087817025	0.002632311795083871	1.0000997222840353
2.1070784988373576	1.8929485316851837	0.06702738316408044	0.7585785256926508	0.10033357653225299	97.87620041647708	102.05166087817025	0.002632311795083871	1.0000997222840353
2.1070247998394214	1.8929485316851837	0.06702738316408044	0.7585785256926508	0.10033357653225299	97.87620041647708	102.05166087817025	0.002632311795083871	1.0000997222840353
2.1070247998394214	1.8929485316851837	0.06702738316408044	0.7585785256926508	0.10033357653225299	97.87620041647708	102.05166087817025	0.002632311795083871	1.0000997222840353
2.1070247998394214	1.8929485316851837	0.06702738316408044	0.7585785256926508	0.10033357653225299	97.87620041647708	102.05166087817025	0.002632311795083871	1.0000997222840353
2.1070247998394214	1.8929485316851837	0.06702738316408044	0.7585785256926508	0.10033357653225299	97.87620041647708	102.05166087817025	0.002632311795083871	1.0000997222840353
2.1070247998394214	1.8929485316851837	0.06702738316408044	0.7585785256926508	0.10033357653225299	97.87623179025789	102.05166087817025	0.002632311795083871	1.0000997222840353
2.1070247998394214	1.8929485316851837	0.06702738316408044	0.7585785256926508	0.10033357653225299	97.87623179025789	102.05166087817025	0.002632311795083871	1.0000997222840353
2.1070247998394214	1.8929485316851837	0.06704100096805721	0.7585785256926508	0.10033357653225299	97.87623179025789	102.05166087817025	0.002632311795083871	1.0000997222840353
2.1070247998394214	1.8929485316851837	0.06704100096805721	0.7585785256926508	0.10033332505246861	97.87623179025789	102.05166087817025	0.002632311795083871	1.0000997222840353
2.1060367646280023	1.8929485316851837	0.06704100096805721	0.7585785256926508	0.10033332505246861	97.87623179025789	102.05166087817025	0.002632311795083871	1.0000997222840353
2.1060367646280023	1.8929485316851837	0.06704100096805721	0.7585785256926508	0.10033332505246861	97.87623179025789	102.05166087817025	0.002632311795083871	1.0000997222840353
2.1060367646280023	1.8929485316851837	0.06704100096805721	0.7585785256926508	0.10021785363589093	97.87623179025789	102.05166087817025	0.002632311795083871	1.0000997222840353
2.1060367646280023	1.8929485316851837	0.06704100096805721	0.7585785256926508	0.10021785363589093	97.87667684249864	102.05166087817025	0.002632311795083871	1.0000997222840353
2.1060367646280023	1.8929496028949726	0.06704100096805721	0.7585785256926508	0.10021785363589093	97.87667684249864	102.05166087817025	0.002632311795083871	1.0000997222840353
2.1060367646280023	1.8929496028949726	0.06704100096805721	0.7585785256926508	0.10021785363589093	97.87794527834572	102.05166087817025	0.002632311795083871	1.0000997222840353
2.1060367646280023	1.8929496028949726	0.06704100096805721	0.7585785256926508	0.10021785363589093	97.87794527834572	102.05166087817025	0.0026325581272365266	1.0000997222840353
2.1060367646280023	1.8929496028949726	0.06704100096805721	0.7585785256926508	0.10021785363589093	97.87794527834572	102.05166087817025	0.0026325581272365266	1.0000997222840353
2.1060367646280023	1.8929496028949726	0.06704100096805721	0.7585785256926508	0.10021785363589093	97.87794527834572	102.05166087817025	0.0026302285595930417	1.0000997222840353
2.1060367646280023	1.8929496028949726	0.06704100096805721	0.7585785256926508	0.10021785363589093	97.87794527834572	102.05166087817025	0.0026302285595930417	1.0000997222840353
2.1060367646280023	1.8929496028949726	0.06704100096805721	0.7585785256926508	0.10021785363589093	97.87794527834572	102.05166087817025	0.0026302285595930417	1.0000997222840353
2.1060367646280023	1.8929496028949726	0.06704100096805721	0.7585785256926508	0.10021785363589093	97.87794527834572	102.05166087817025	0.0026302285595930417	1.0000997222840353
2.1060367646280023	1.8929496028949726	0.06704100096805721	0.7585754306564324	0.10021785363589093	97.87794527834572	102.05166087817025	0.0026302285595930417	1.0000997222840353
2.1060367646280023	1.8929496028949726	0.06704100096805721	0.7585754306564324	0.10021785363589093	97.87794527834572	102.05166087817025	0.0026302285595930417	1.0000997222840353
2.1060367646280023	1.893354088411529	0.06704100096805721	0.7585754306564324	0.10021785363589093	97.87794527834572	102.05166087817025	0.0026302285595930417	1.0000997222840353
2.1060367646280023	1.893354088411529	0.06704100096805721	0.7585754306564324	0.10021785363589093	97.87794527834572	102.05166087817025	0.0026302285595930417	1.0000997222840353
2.1060367646280023	1.8933470725019892	0.06704100096805721	0.7585754306564324	0.10021785363589093	97.87794527834572	102.05166087817025	0.0026302285595930417	1.0000997222840353
2.1060367646280023	1.8933470725019892	0.06704100096805721	0.7585754306564324	0.10021785363589093	97.87794527834572	102.05166087817025	0.0026302285595930417	1.0000997222840353
2.1060379707644667	1.8933470725019892	0.06704100096805721	0.7585754306564324	0.10021785363589093	97.87794527834572	102.05166087817025	0.0026302285595930417	1.0000997222840353
2.1060379707644667	1.8933470725019892	0.06704364142493047	0.7585754306564324	0.10021785363589093	97.87794527834572	102.05166087817025	0.0026302285595930417	1.0000997222840353
2.1060379707644667	1.8933470725019892	0.06701444059731057	0.7585754306564324	0.10021785363589093	97.87794527834572	102.05166087817025	0.0026302285595930417	1.0000997222840353
2.1060379707644667	1.8933470725019892	0.06701444059731057	0.7585754306564324	0.10021785363589093	97.87794527834572	102.05166087817025	0.0026302285595930417	1.0000997222840353
2.1060379707644667	1.8933470725019892	0.06701444059731057	0.7585754306564324	0.10021785363589093	97.87794527834572	102.05166087817025	0.0026301966287520092	1.0000997222840353
2.1060379707644667	1.8933470725019892	0.06701444059731057	0.7585754306564324	0.10021785363589093	97.87794527834572	100.30578927306661	0.0026301966287520092	1.0000997222840353
2.1060379707644667	1.8933470725019892	0.06701444059731057	0.7585754306564324	0.10021785363589093	97.87794527834572	100.30578927306661	0.0026301966287520092	1.000108277624533
2.1060379707644667	1.8933470725019892	0.06701444059731057	0.7585754306564324	0.10021785363589093	97.87794527834572	100.30578927306661	0.0026301966287520092	1.000108277624533
2.1060379707644667	1.8933470725019892	0.06701444059731057	0.7585754306564324	0.10021785363589093	97.87794527834572	100.30578927306661	0.0026301966287520092	1.000108277624533
2.1060379707644667	1.8933470725019892	0.06701444059731057	0.7585754306564324	0.10021785363589093	97.87794527834572	100.30578927306661	0.0026301966287520092	1.000108277624533
2.1060379707644667	1.8933470725019892	0.06701444059731057	0.7585754306564324	0.10021785363589093	97.87794527834572	100.30578927306661	0.0026301966287520092	1.000108277624533
2.1061398336994706	1.8933470725019892	0.06701444059731057	0.7585754306564324	0.10021785363589093	97.87794527834572	100.30578927306661	0.0026301966287520092	1.000108277624533
2.1061398336994706	1.8933470725019892	0.06701444059731057	0.7585754306564324	0.10021785363589093	97.87794527834572	100.30578927306661	0.0026301966287520092	1.000108277624533
2.1061398336994706	1.8933470725019892	0.06701444059731057	0.7585754306564324	0.10021785363589093	97.87794527834572	100.30578927306661	0.0026301966287520092	1.000108277624533
2.1061398336994706	1.8933470725019892	0.06701444059731057	0.7585754306564324	0.10021785363589093	97.87794527834572	100.30578927306661	0.0026301966287520092	1.000108277624533
2.1061398336994706	1.8933470725019892	0.06701444059731057	0.7585754306564324	0.10021785363589093	97.87794527834572	100.30578927306661	0.0026301966287520092	1.000108277624533
2.1061398336994706	1.8933470725019892	0.06701444059731057	0.7585754306564324	0.10021785363589093	97.87794527834572	100.30578927306661	0.0026301966287520092	1.000108277624533
2.1061398336994706	1.8933470725019892	0.06701444059731057	0.7585754306564324	0.10021785363589093	97.87794527834572	100.30578927306661	0.0026301966287520092	1.000108277624533
2.1061398336994706	1.8933470725019892	0.06701444059731057	0.7585754306564324	0.10021785363589093	97.87794527834572	100.30578927306661	0.0026221370475109505	1.000108277624533
2.1061398336994706	1.8933470725019892	0.06701444059731057	0.7585754306564324	0.10021785363589093	97.87794527834572	100.30578927306661	0.0026221370475109505	1.000102786743518
2.1061398336994706	1.8933470725019892	0.06701444059731057	0.7585754306564324	0.10014128179439204	97.87794527834572	100.30578927306661	0.0026221370475109505	1.000102786743518
2.108338833957087	1.8933470725019892	0.06701444059731057	0.7585754306564324	0.10014128179439204	97.87794527834572	100.30578927306661	0.0026221370475109505	1.000102786743518
2.108184736570995	1.8933470725019892	0.06701444059731057	0.7585754306564324	0.10014128179439204	97.87794527834572	100.30578927306661	0.0026221370475109505	1.000102786743518
2.108184736570995	1.8933470725019892	0.06701444059731057	0.7585754306564324	0.10014128179439204	97.87794527834572	100.30578927306661	0.0026221370475109505	1.000102786743518
2.108184005717838	1.8933470725019892	0.06701444059731057	0.7585754306564324	0.10014128179439204	97.87794527834572	100.30578927306661	0.0026221370475109505	1.000102786743518
2.108184005717838	1.8933470725019892	0.06701444059731057	0.7585754306564324	0.10014128179439204	97.87794527834572	100.30578927306661	0.002226519548308061	1.000102786743518
2.108184005717838	1.8933470725019892	0.06701444059731057	0.7585754306564324	0.10014128179439204	97.87794527834572	100.30578927306661	0.002226519548308061	1.000102786743518
2.108184005717838	1.8933470725019892	0.06701444059731057	0.7585754306564324	0.10014128179439204	97.87794527834572	100.30578927306661	0.0023762330900473517	1.000102786743518
2.108184005717838	1.8933470725019892	0.06701444059731057	0.7585754306564324	0.10017601417156892	97.87794527834572	100.30578927306661	0.0023762330900473517	1.000102786743518
2.108184005717838	1.8933470725019892	0.06701444059731057	0.7585754306564324	0.10017601417156892	97.87794527834572	100.30765986588541	0.0023762330900473517	1.000102786743518
2.1081659147323273	1.8933470725019892	0.06701444059731057	0.7585754306564324	0.10017601417156892	97.87794527834572	100.30765986588541	0.0023762330900473517	1.000102786743518
2.1081659147323273	1.8933470725019892	0.06701444059731057	0.7585754306564324	0.10017601417156892	97.87794527834572	100.30765986588541	0.0023762330900473517	1.000102786743518
2.1081659147323273	1.8933470725019892	0.06701444059731057	0.7585754306564324	0.10017601417156892	97.8770969057616	100.30765986588541	0.0023762330900473517	1.000102786743518
2.1081659147323273	1.8933470725019892	0.06701444059731057	0.7585754306564324	0.10017601417156892	97.8770969057616	100.30765986588541	0.0023762330900473517	1.000102786743518
2.1081659147323273	1.8933470725019892	0.06701444059731057	0.7585754306564324	0.10017601417156892	97.8770969057616	100.30765986588541	0.0023762330900473517	1.000102786743518
2.1081659147323273	1.8933234484095023	0.06701444059731057	0.7585754306564324	0.10017601417156892	97.8770969057616	100.30765986588541	0.0023762330900473517	1.000102786743518
2.1081659147323273	1.8933234484095023	0.06701444059731057	0.7585754306564324	0.10017601941817351	97.8770969057616	100.30765986588541	0.0023762330900473517	1.000102786743518
2.1093938135700276	1.8933234484095023	0.06701444059731057	0.7585754306564324	0.10017601941817351	97.8770969057616	100.30765986588541	0.0023762330900473517	1.000102786743518
2.1093938135700276	1.8933234484095023	0.06701444059731057	0.7585754306564324	0.10017594775896252	97.8770969057616	100.30765986588541	0.0023762330900473517	1.000102786743518
2.109494968001459	1.8933234484095023	0.06701444059731057	0.7585754306564324	0.10017594775896252	97.8770969057616	100.30765986588541	0.0023762330900473517	1.000102786743518
2.109494968001459	1.8933221797902235	0.06701444059731057	0.7585754306564324	0.10017594775896252	97.8770969057616	100.30765986588541	0.0023762330900473517	1.000102786743518
2.109494968001459	1.8933221797902235	0.06701444059731057	0.7585754306564324	0.10017594775896252	97.87706170024762	100.30765986588541	0.0023762330900473517	1.000102786743518
2.109494968001459	1.8933221797902235	0.06701444059731057	0.7585754306564324	0.10017594775896252	97.87706170024762	100.30765986588541	0.0023762330900473517	1.0000951266421039
2.109494968001459	1.8933221797902235	0.06701444059731057	0.7585754306564324	0.10017594775896252	97.87706170024762	100.30765986588541	0.0023762330900473517	1.0000951266421039
2.109494968001459	1.8933221797902235	0.06701444059731057	0.7585754306564324	0.10017594775896252	97.87706170024762	100.30765986588541	0.0023762330900473517	1.0000951266421039
2.109494968001459	1.8933221797902235	0.06701444059731057	0.7585754306564324	0.10017594775896252	97.87706170024762	100.30765986588541	0.0023762330900473517	1.0000951266421039
2.109494968001459	1.8933221797902235	0.06701444059731057	0.7585754306564324	0.10017594775896252	97.87706170024762	100.30765986588541	0.0021873778300009993	1.0000951266421039
2.109494968001459	1.8933221797902235	0.06701444059731057	0.7585754306564324	0.10017594775896252	97.87706170024762	100.30765986588541	0.0021873778300009993	1.0000951266421039
2.109494968001459	1.8933221797902235	0.06701444059731057	0.7585754306564324	0.10017594775896252	97.87706170024762	100.30765986588541	0.0021873778300009993	1.0000951266421039
2.109494968001459	1.8933221797902235	0.06701444059731057	0.7585754306564324	0.10017594775896252	97.87706170024762	100.30765986588541	0.0021873778300009993	1.0000951266421039
2.109494968001459	1.8933221797902235	0.06701444059731057	0.7585754306564324	0.10017600193396023	97.87706170024762	100.30765986588541	0.0021873778300009993	1.0000951266421039
2.109494968001459	1.8933221797902235	0.06701444059731057	0.7585754306564324	0.10017600193396023	97.87706170024762	100.30765986588541	0.0021873778300009993	1.0000951266421039
2.109494968001459	1.8933221797902235	0.06701444059731057	0.7585754306564324	0.10017600193396023	97.87706170024762	100.30765986588541	0.0021873778300009993	1.0000951266421039
2.109494968001459	1.8933221797902235	0.06701444059731057	0.7585754306564324	0.10017600193396023	97.87706170024762	100.30765986588541	0.002187693261751365	1.0000951266421039
2.109494968001459	1.8933221797902235	0.06701444059731057	0.7585754306564324	0.10017600193396023	97.87706170024762	100.30765986588541	0.002187693261751365	1.0000951266421039
2.109494968001459	1.8933221797902235	0.06701444059731057	0.7585754306564324	0.10017600193396023	97.87706170024762	100.30753944736509	0.002187693261751365	1.0000951266421039
2.109494968001459	1.8933221797902235	0.06701444059731057	0.7585754306564324	0.10017600193396023	97.87706170024762	100.30753944736509	0.002187693261751365	1.0000951266421039
2.109494968001459	1.8933221797902235	0.06701444059731057	0.7585754306564324	0.10017600193396023	97.87706170024762	100.30753944736509	0.002189961428395714	1.0000951266421039
2.109494968001459	1.8936559952592702	0.06701444059731057	0.7585754306564324	0.10017600193396023	97.87706170024762	100.30753944736509	0.002189961428395714	1.0000951266421039
2.109494968001459	1.8936559952592702	0.06701444059731057	0.7586562266816025	0.10017600193396023	97.87706170024762	100.30753944736509	0.002189961428395714	1.0000951266421039
2.1095143165703027	1.8936559952592702	0.06701444059731057	0.7586562266816025	0.10017600193396023	97.87706170024762	100.30753944736509	0.002189961428395714	1.0000951266421039
2.1095143165703027	1.8936559952592702	0.06701444059731057	0.7586562266816025	0.10017600193396023	97.87706170024762	100.30753944736509	0.002189961428395714	1.0000951266421039
2.1095143165703027	1.8936559952592702	0.06701444059731057	0.7586562266816025	0.1001759922677716	97.87706170024762	100.30753944736509	0.002189961428395714	1.0000951266421039
2.1095143165703027	1.8936559952592702	0.06701444059731057	0.7586562266816025	0.10016161804225159	97.87706170024762	100.30753944736509	0.002189961428395714	1.0000951266421039
2.1095143165703027	1.8936559952592702	0.06701444059731057	0.7586319567211797	0.10016161804225159	97.87706170024762	100.30753944736509	0.002189961428395714	1.0000951266421039
2.1095143165703027	1.8936559952592702	0.06701444059731057	0.7586319567211797	0.10016161804225159	97.87706170024762	100.30753944736509	0.002189961428395714	1.0000951266421039
2.1095143165703027	1.8936559952592702	0.06701444059731057	0.758625070615175	0.10016161804225159	97.87706170024762	100.30753944736509	0.002189961428395714	1.0000951266421039
2.1095143165703027	1.8937365023521544	0.06701444059731057	0.758625070615175	0.10016161804225159	97.87706170024762	100.30753944736509	0.002189961428395714	1.0000951266421039
