2.1415241399215033	1.8905325146804366	0.06671984665804487	0.7523170646585579	0.10051974906407081	98.2182406711228	100.12517659305182	0.0028184394302555255	1.0001128243277622
2.14151302271496	1.8905325146804366	0.06671984665804487	0.7523170646585579	0.10051974906407081	98.2182406711228	100.12517659305182	0.0028184394302555255	1.0001128243277622
2.14151302271496	1.8905325146804366	0.06671984665804487	0.7523170646585579	0.10051974906407081	98.2182406711228	100.12517659305182	0.0028184394302555255	1.0001128243277622
2.14151302271496	1.8905325146804366	0.06671984665804487	0.7523170646585579	0.10051974906407081	98.2182406711228	100.12517659305182	0.0028184394302555255	1.0001128243277622
2.1415143367061416	1.8905325146804366	0.06671984665804487	0.7523170646585579	0.10051974906407081	98.2182406711228	100.12517659305182	0.0028184394302555255	1.0001128243277622
2.1415143367061416	1.8905325146804366	0.06671984665804487	0.7523170646585579	0.10051974906407081	98.2182406711228	100.12517659305182	0.0028184394302555255	1.0001128243277622
2.142114609450959	1.8905325146804366	0.06671984665804487	0.7523170646585579	0.10051974906407081	98.2182406711228	100.12517659305182	0.0028184394302555255	1.0001128243277622
2.142114609450959	1.8905325146804366	0.06671984665804487	0.7523170646585579	0.10051974906407081	98.2182406711228	100.15020122610998	0.0028184394302555255	1.0001128243277622
2.142114609450959	1.8905325146804366	0.06672181928558436	0.7523170646585579	0.10051974906407081	98.2182406711228	100.15020122610998	0.0028184394302555255	1.0001128243277622
2.142114609450959	1.8905325146804366	0.06672181928558436	0.7523170646585579	0.10051974906407081	98.2182406711228	100.15020122610998	0.0028184394302555255	1.0001128243277622
2.142114609450959	1.8905325146804366	0.06672181928558436	0.7523170646585579	0.10051974906407081	98.2182406711228	100.15020122610998	0.0028184394302555255	1.0001128243277622
2.142114609450959	1.8905325146804366	0.06672181928558436	0.7523170646585579	0.10051974906407081	98.2182406711228	100.15020122610998	0.0028184394302555255	1.0001128243277622
2.142114609450959	1.8905325146804366	0.06672181928558436	0.7523170646585579	0.10051974906407081	98.2182406711228	96.48762850386407	0.0028184394302555255	1.0001128243277622
2.142114609450959	1.8905325146804366	0.06672181928558436	0.7523170646585579	0.10051974906407081	98.2182406711228	96.48762850386407	0.0028184394302555255	1.0001128243277622
2.1421145444578054	1.8905325146804366	0.06672181928558436	0.7523170646585579	0.10051974906407081	98.2182406711228	96.48762850386407	0.0028184394302555255	1.0001128243277622
2.1421145444578054	1.8905325146804366	0.06672181928558436	0.7523170646585579	0.10051974906407081	98.2182406711228	96.48762850386407	0.0028184394302555255	1.0001128243277622
2.1421145444578054	1.8905325146804366	0.06672181928558436	0.7523170646585579	0.10051974906407081	98.2182406711228	96.48762850386407	0.0028184394302555255	1.0001128243277622
2.1421145444578054	1.8905325146804366	0.06672181928558436	0.7523170646585579	0.10051974906407081	98.2182406711228	96.48762850386407	0.002818418836258564	1.0001128243277622
2.1421145444578054	1.8905325146804366	0.06672181928558436	0.7523170646585579	0.10051974906407081	98.2182406711228	96.48762850386407	0.002818418836258564	1.0001128243277622
2.1421145444578054	1.8905325146804366	0.06672181928558436	0.7523170646585579	0.10051974906407081	98.2182406711228	96.48762850386407	0.002818418836258564	1.0001128243277622
2.1421145444578054	1.8905325146804366	0.06672181928558436	0.7523170646585579	0.10051974906407081	98.2182406711228	96.48799244596466	0.002818418836258564	1.0001128243277622
2.1421145444578054	1.8905325146804366	0.06665414892177182	0.7523170646585579	0.10051974906407081	98.2182406711228	96.48799244596466	0.002818418836258564	1.0001128243277622
2.1421145444578054	1.8905325146804366	0.06665414892177182	0.7523170646585579	0.10051974906407081	98.2182406711228	96.48799244596466	0.002818418836258564	1.0001128243277622
2.1421145444578054	1.8905325146804366	0.06665414892177182	0.7523170646585579	0.10051974906407081	98.2182406711228	96.48799244596466	0.002818418836258564	1.0001128243277622
2.1421145444578054	1.8905325146804366	0.06665414892177182	0.7523170646585579	0.10051974906407081	98.2182406711228	96.48799244596466	0.002818418836258564	1.0001128243277622
2.1421145444578054	1.8905325146804366	0.06665414892177182	0.7523170742051968	0.10051974906407081	98.2182406711228	96.48799244596466	0.002818418836258564	1.0001128243277622
2.1421145444578054	1.8905399621536825	0.06665414892177182	0.7523170742051968	0.10051974906407081	98.2182406711228	96.48799244596466	0.002818418836258564	1.0001128243277622
2.1421145444578054	1.8905399621536825	0.06665414892177182	0.7523170742051968	0.10051974906407081	98.2182406711228	96.48799244596466	0.002818418836258564	1.0001128243277622
2.1421145444578054	1.8905399621536825	0.06665414892177182	0.7523170742051968	0.10051974906407081	98.2182406711228	96.48799244596466	0.002818418836258564	1.000112765690338
2.1398718848762486	1.8905399621536825	0.06665414892177182	0.7523170742051968	0.10051974906407081	98.2182406711228	96.48799244596466	0.002818418836258564	1.000112765690338
2.1398718848762486	1.8905399621536825	0.06665414892177182	0.7523170742051968	0.10051974906407081	98.2182406711228	96.48799244596466	0.002818418836258564	1.0001129661760897
2.1398718848762486	1.8905399621536825	0.06665414892177182	0.7523170742051968	0.10051974906407081	98.2182406711228	96.48799244596466	0.002818418836258564	1.0001130887564869
2.1398718848762486	1.8905399621536825	0.06665414892177182	0.7523170742051968	0.10048716091845805	98.2182406711228	96.48799244596466	0.002818418836258564	1.0001130887564869
2.1398718848762486	1.8905399621536825	0.06665414892177182	0.7523170742051968	0.10048716091845805	98.2182406711228	96.48799244596466	0.002818418836258564	1.0001130887564869
2.1398718848762486	1.8905399621536825	0.06665414892177182	0.7523170742051968	0.10048716091845805	98.2182406711228	96.48799244596466	0.002818418836258564	1.0001130887564869
2.1398718848762486	1.8905399621536825	0.06665414892177182	0.7523170742051968	0.10048716091845805	98.2182406711228	96.48799244596466	0.002818418836258564	1.0001130887564869
2.1398718848762486	1.8905399621536825	0.06665414892177182	0.7523170742051968	0.10048716091845805	98.2182406711228	96.48799244596466	0.002818418836258564	1.0001130887564869
2.1398718848762486	1.8905399621536825	0.06665414892177182	0.7523170742051968	0.10048716091845805	98.2182406711228	96.48799244596466	0.002818418836258564	1.0001130887564869
2.1398718848762486	1.8905399621536825	0.06665414892177182	0.7523170742051968	0.10048716091845805	98.2182406711228	96.48799244596466	0.002817865747056865	1.0001130887564869
2.1398718848762486	1.8905399621536825	0.06665414892177182	0.7523170742051968	0.10048716091845805	98.2182406711228	96.48799244596466	0.002817865747056865	1.0001130887564869
2.1398718848762486	1.8905399621536825	0.06665414892177182	0.7523170742051968	0.10048716091845805	98.21820146178645	96.48799244596466	0.002817865747056865	1.0001130887564869
2.1398718848762486	1.8905399621536825	0.06665414892177182	0.7523170742051968	0.10048716091845805	98.21820146178645	96.48799244596466	0.002817865747056865	1.0001130887564869
2.1398718848762486	1.8905399621536825	0.06665414892177182	0.7523170742051968	0.10048546897241854	98.21820146178645	96.48799244596466	0.002817865747056865	1.0001130887564869
2.1398718848762486	1.8905399621536825	0.06665414892177182	0.7523170742051968	0.10048546897241854	98.21820146178645	96.48799244596466	0.002817865747056865	1.0001130887564869
2.1398718848762486	1.8905399621536825	0.06665414892177182	0.7523170742051968	0.10048546897241854	98.21820146178645	96.48799244596466	0.002817865747056865	1.00011325851155
2.1398718848762486	1.8888808474101586	0.06665414892177182	0.7523170742051968	0.10048546897241854	98.21820146178645	96.48799244596466	0.002817865747056865	1.00011325851155
2.1398718848762486	1.8888808474101586	0.06665414892177182	0.7523170742051968	0.10048551100001231	98.21820146178645	96.48799244596466	0.002817865747056865	1.00011325851155
2.1398718848762486	1.8888808474101586	0.06665414892177182	0.7523170742051968	0.10048821470097835	98.21820146178645	96.48799244596466	0.002817865747056865	1.00011325851155
2.1398718848762486	1.8888808474101586	0.06665414892177182	0.7523170742051968	0.10048810785560429	98.21820146178645	96.48799244596466	0.002817865747056865	1.00011325851155
2.1398718848762486	1.8888808474101586	0.06665414892177182	0.7523170742051968	0.10048810785560429	98.21820146178645	96.48799244596466	0.002817865747056865	1.00011325851155
2.1398624641425745	1.8888808474101586	0.06665414892177182	0.7523170742051968	0.10048810785560429	98.21820146178645	96.48799244596466	0.002817865747056865	1.00011325851155
2.1398624641425745	1.8888808474101586	0.06665414892177182	0.7523170742051968	0.10048810785560429	98.21820146178645	96.48799244596466	0.002817865747056865	1.00011325851155
2.1398624641425745	1.8888808474101586	0.06665414892177182	0.7523170742051968	0.10048810785560429	98.21820146178645	96.48799244596466	0.002817865747056865	1.00011325851155
2.1398624641425745	1.8888808474101586	0.06665414892177182	0.7523170742051968	0.10048810785560429	98.21820146178645	96.48799244596466	0.0028222465283797185	1.00011325851155
2.140414797910715	1.8888808474101586	0.06665414892177182	0.7523170742051968	0.10048810785560429	98.21820146178645	96.48799244596466	0.0028222465283797185	1.00011325851155
2.140414797910715	1.8888808474101586	0.06665414892177182	0.7523170742051968	0.10048810785560429	98.21820146178645	96.48799244596466	0.0028221453406915113	1.00011325851155
2.140414797910715	1.8888808474101586	0.06665414892177182	0.7523170742051968	0.10048810785560429	98.21820146178645	96.48799244596466	0.0028221453406915113	1.00011325851155
2.140414797910715	1.8888835544191396	0.06665414892177182	0.7523170742051968	0.10048810785560429	98.21820146178645	96.48799244596466	0.0028221453406915113	1.00011325851155
2.1403972527054216	1.8888835544191396	0.06665414892177182	0.7523170742051968	0.10048810785560429	98.21820146178645	96.48799244596466	0.0028221453406915113	1.00011325851155
2.1403972527054216	1.8888835544191396	0.06665414892177182	0.7523170742051968	0.10048810785560429	98.21820146178645	96.48799244596466	0.0028221453406915113	1.00011325851155
2.1403972527054216	1.8888835544191396	0.06665414892177182	0.7523170742051968	0.10049139670842427	98.21820146178645	96.48799244596466	0.0028221453406915113	1.00011325851155
2.1403972527054216	1.8888835544191396	0.06665414892177182	0.7523170742051968	0.10048440511534219	98.21820146178645	96.48799244596466	0.0028221453406915113	1.00011325851155
2.1403972527054216	1.8888835544191396	0.06665414892177182	0.7523170742051968	0.10048440511534219	98.21933705061781	96.48799244596466	0.0028221453406915113	1.00011325851155
2.1403972527054216	1.8888835544191396	0.06665414892177182	0.7523170742051968	0.10048440511534219	98.21933705061781	96.48799244596466	0.0028221453406915113	1.00011325851155
2.1403972527054216	1.8888835544191396	0.06665414892177182	0.7523170742051968	0.10048440511534219	98.21933705061781	96.48799244596466	0.0028221453406915113	1.00011325851155
2.1403972527054216	1.8888835544191396	0.06665414892177182	0.7523170742051968	0.10048440511534219	98.21933705061781	96.48799244596466	0.0028221453406915113	1.00011325851155
2.140312746864367	1.8888835544191396	0.06665414892177182	0.7523170742051968	0.10048440511534219	98.21933705061781	96.48799244596466	0.0028221453406915113	1.00011325851155
2.140312746864367	1.8888835544191396	0.06665414892177182	0.7523170742051968	0.10048440511534219	98.21933705061781	96.48799244596466	0.0028221453406915113	1.00011325851155
2.140312746864367	1.8888835544191396	0.06665414892177182	0.7523170742051968	0.10048440511534219	98.21933705061781	96.48799244596466	0.0028221453406915113	1.00011325851155
2.140312746864367	1.8888835544191396	0.06665414892177182	0.7523170742051968	0.10048440511534219	98.2191711194899	96.48799244596466	0.0028221453406915113	1.00011325851155
2.140312746864367	1.8888835544191396	0.06665414892177182	0.7523170742051968	0.10048440511534219	98.2191711194899	96.48799244596466	0.0028223175978932683	1.00011325851155
2.140312746864367	1.8888835544191396	0.06665414892177182	0.7523170742051968	0.10048440511534219	98.2191711194899	96.48799244596466	0.0028223175978932683	1.00011325851155
2.140312746864367	1.8888835544191396	0.06665414892177182	0.7523170742051968	0.10048440511534219	98.2191711194899	96.48799244596466	0.0028223175978932683	1.00011325851155
2.140312746864367	1.8888835544191396	0.06665414892177182	0.7523097633826198	0.10048440511534219	98.2191711194899	96.48799244596466	0.0028223175978932683	1.00011325851155
2.140312746864367	1.8888835544191396	0.06665414892177182	0.7523097633826198	0.10048440511534219	98.2191711194899	96.48799244596466	0.0028223175978932683	1.00011325851155
2.140312746864367	1.8888835544191396	0.06665414892177182	0.7523097633826198	0.10048440511534219	98.2191711194899	96.48799244596466	0.0028223175978932683	1.00011325851155
2.140312746864367	1.8888835544191396	0.06665414892177182	0.7523097633826198	0.10048440511534219	98.2191711194899	96.48799244596466	0.0028223175978932683	1.00011325851155
2.140312746864367	1.8888835544191396	0.06665414892177182	0.7523097633826198	0.10048440511534219	98.2191711194899	96.48799244596466	0.0028223175978932683	1.00011325851155
2.140312746864367	1.8888835544191396	0.06665414892177182	0.7523097633826198	0.10048440511534219	98.2191711194899	96.48799244596466	0.0028223175978932683	1.00011325851155
2.140312746864367	1.8888835544191396	0.06665414892177182	0.7523097633826198	0.10048440511534219	98.2191711194899	96.48799244596466	0.0028223175978932683	1.00011325851155
2.140312746864367	1.8888835544191396	0.06665414892177182	0.7523097633826198	0.10048440511534219	98.21600780133852	96.48799244596466	0.0028223175978932683	1.00011325851155
2.140312746864367	1.8888835544191396	0.06665414892177182	0.7523097633826198	0.10048440511534219	98.21600780133852	96.48799244596466	0.0028223175978932683	1.00011325851155
2.140314473155411	1.8888835544191396	0.06665414892177182	0.7523097633826198	0.10048440511534219	98.21600780133852	96.48799244596466	0.0028223175978932683	1.00011325851155
2.140314473155411	1.8888835544191396	0.06665414892177182	0.7523097633826198	0.10048440511534219	98.21600780133852	96.0683608464425	0.0028223175978932683	1.00011325851155
2.140314473155411	1.8888835544191396	0.06665414892177182	0.7523097633826198	0.10048440511534219	98.21600780133852	96.0683608464425	0.0028238520833820595	1.00011325851155
2.140314473155411	1.888025677954108	0.06665414892177182	0.7523097633826198	0.10048440511534219	98.21600780133852	96.0683608464425	0.0028238520833820595	1.00011325851155
2.140314473155411	1.888025677954108	0.06665414892177182	0.7523097633826198	0.10048440511534219	98.21600780133852	96.0683608464425	0.0028238520833820595	1.00011325851155
2.140314473155411	1.888025677954108	0.06665414892177182	0.7523097633826198	0.10048440511534219	98.21600780133852	96.0683608464425	0.0028238520833820595	1.00011325851155
2.140314473155411	1.888025677954108	0.06665414892177182	0.7523097633826198	0.10048440511534219	98.21600780133852	96.0683608464425	0.0028238520833820595	1.0001140030371787
2.140314473155411	1.888025677954108	0.06665414892177182	0.7524070160702189	0.10048440511534219	98.21600780133852	96.0683608464425	0.0028238520833820595	1.0001140030371787
2.140314473155411	1.888025677954108	0.06665414892177182	0.7524070160702189	0.10048440511534219	98.21600780133852	96.0683608464425	0.0028238520833820595	1.0001140030371787
2.140314473155411	1.888025677954108	0.06665414892177182	0.7524070160702189	0.10048440511534219	98.21600780133852	96.0683608464425	0.0028238520833820595	1.0001140030371787
2.140314473155411	1.888025677954108	0.06665414892177182	0.7524070160702189	0.10048440511534219	98.21600780133852	96.0683608464425	0.0028238520833820595	1.0001140030371787
2.140314473155411	1.888025677954108	0.06665414892177182	0.7524070160702189	0.10048440511534219	98.21600780133852	96.0683608464425	0.0028238520833820595	1.0001140030371787
2.140314473155411	1.888025677954108	0.06665414892177182	0.7524070160702189	0.10048440511534219	98.21600780133852	96.0683608464425	0.0028238520833820595	1.0001140030371787
2.140314473155411	1.888025677954108	0.06665414892177182	0.7524070160702189	0.10048440511534219	98.21600780133852	96.06843189906024	0.0028238520833820595	1.0001140030371787
2.140314473155411	1.888025677954108	0.06665414892177182	0.7524070160702189	0.10048440511534219	98.21600780133852	96.06843189906024	0.0028238520833820595	1.0001140030371787
2.140314473155411	1.888025677954108	0.06665414892177182	0.7524070160702189	0.10048440511534219	98.21600780133852	96.06843189906024	0.0028238520833820595	1.0001138333401647
2.140314473155411	1.888025677954108	0.06665414892177182	0.7524070160702189	0.10048440511534219	98.21600780133852	96.06843189906024	0.0028238520833820595	1.0001138333401647
2.140314473155411	1.888025677954108	0.06665414892177182	0.7524070160702189	0.10048219797645558	98.21600780133852	96.06843189906024	0.0028238520833820595	1.0001138333401647
2.140314473155411	1.888025677954108	0.0666503869485442	0.7524070160702189	0.10048219797645558	98.21600780133852	96.06843189906024	0.0028238520833820595	1.0001138333401647
2.140314473155411	1.888025677954108	0.0666503869485442	0.7524070160702189	0.100572627698275	98.21600780133852	96.06843189906024	0.0028238520833820595	1.0001138333401647
2.140314473155411	1.888025677954108	0.0666503869485442	0.7524070160702189	0.100572627698275	98.21600780133852	96.06843189906024	0.0028238520833820595	1.0001138333401647
2.140314473155411	1.888025677954108	0.0666503869485442	0.7524070160702189	0.100572627698275	98.1482138363074	96.06843189906024	0.0028238520833820595	1.0001138333401647
2.140314473155411	1.888025677954108	0.0666503869485442	0.7524070160702189	0.100572627698275	98.1482138363074	96.06843189906024	0.0028238520833820595	1.0001138333401647
2.1354687732136193	1.888025677954108	0.0666503869485442	0.7524070160702189	0.100572627698275	98.1482138363074	96.06843189906024	0.0028238520833820595	1.0001138333401647
2.1354687732136193	1.888025677954108	0.0666503869485442	0.7524070160702189	0.100572627698275	98.1482138363074	96.06843189906024	0.0028238520833820595	1.0001138333401647
2.1354687732136193	1.888025677954108	0.0666503869485442	0.7524070160702189	0.100572627698275	98.1482138363074	96.20676423190879	0.0028238520833820595	1.0001138333401647
2.1354687732136193	1.888025677954108	0.0666503869485442	0.7524070160702189	0.100572627698275	98.1482138363074	96.20676423190879	0.0028238520833820595	1.0001138333401647
2.1354687732136193	1.888025677954108	0.0666503869485442	0.7524070160702189	0.100572627698275	98.1482138363074	96.20676423190879	0.0028238520833820595	1.0001138333401647
2.1354687732136193	1.888025677954108	0.0666503869485442	0.7524070160702189	0.100572627698275	98.1482138363074	96.20676423190879	0.0028238520833820595	1.0001138333401647
2.1354687732136193	1.8880248249813512	0.0666503869485442	0.7524070160702189	0.100572627698275	98.1482138363074	96.20676423190879	0.0028238520833820595	1.0001138333401647
2.1354996084437263	1.8880248249813512	0.0666503869485442	0.7524070160702189	0.100572627698275	98.1482138363074	96.20676423190879	0.0028238520833820595	1.0001138333401647
2.1354996084437263	1.8880248249813512	0.0666503869485442	0.7524070160702189	0.100572627698275	98.1482138363074	96.20676423190879	0.0028238520833820595	1.0001138712585618
2.1358878811394018	1.8880248249813512	0.0666503869485442	0.7524070160702189	0.100572627698275	98.1482138363074	96.20676423190879	0.0028238520833820595	1.0001138712585618
2.136596430291886	1.8880248249813512	0.0666503869485442	0.7524070160702189	0.100572627698275	98.1482138363074	96.20676423190879	0.0028238520833820595	1.0001138712585618
2.136596430291886	1.8880248249813512	0.0666503869485442	0.7524070160702189	0.100572627698275	98.1482138363074	96.1641382904802	0.0028238520833820595	1.0001138712585618
2.136596430291886	1.8880248249813512	0.0666503869485442	0.7524070160702189	0.100572627698275	98.1482138363074	96.1641382904802	0.0028238520833820595	1.0001138712585618
2.136596430291886	1.8880248249813512	0.0666503869485442	0.7524070160702189	0.100572627698275	98.1482138363074	96.18748061216667	0.0028238520833820595	1.0001138712585618
2.136596430291886	1.8880248249813512	0.0666503869485442	0.7522228466731892	0.100572627698275	98.1482138363074	96.18748061216667	0.0028238520833820595	1.0001138712585618
2.136596430291886	1.8880248249813512	0.0666503869485442	0.7522228466731892	0.100572627698275	98.1482138363074	96.18748061216667	0.0028238520833820595	1.0001138712585618
2.136609431428012	1.8880248249813512	0.0666503869485442	0.7522228466731892	0.100572627698275	98.1482138363074	96.18748061216667	0.0028238520833820595	1.0001138712585618
2.136609431428012	1.8880248249813512	0.0666503869485442	0.7522228466731892	0.100572627698275	98.1482138363074	96.18748061216667	0.0028238520833820595	1.0001138712585618
2.136609431428012	1.8880248249813512	0.0666503869485442	0.7522228466731892	0.100572627698275	98.1482138363074	96.18748061216667	0.0028266541567897882	1.0001138712585618
2.1369222353536097	1.8880248249813512	0.0666503869485442	0.7522228466731892	0.100572627698275	98.1482138363074	96.18748061216667	0.0028266541567897882	1.0001138712585618
2.1369222353536097	1.8880248249813512	0.0666503869485442	0.7522228466731892	0.100572627698275	98.1482138363074	96.18748061216667	0.0028266541567897882	1.0001138712585618
2.1369222353536097	1.8880248249813512	0.0666503869485442	0.7522228466731892	0.10057258494472197	98.1482138363074	96.18748061216667	0.0028266541567897882	1.0001138712585618
2.1369222353536097	1.8880248249813512	0.0666503869485442	0.7522228466731892	0.10057258494472197	98.15427120819378	96.18748061216667	0.0028266541567897882	1.0001138712585618
2.1369222353536097	1.8881956039202301	0.0666503869485442	0.7522228466731892	0.10057258494472197	98.15427120819378	96.18748061216667	0.0028266541567897882	1.0001138712585618
2.1369222353536097	1.8881956039202301	0.0666503869485442	0.7522228466731892	0.10057258494472197	98.15427120819378	96.18748061216667	0.0028266541567897882	1.0001138712585618
2.1369222353536097	1.8881956039202301	0.0666503869485442	0.7522228466731892	0.10057258494472197	98.15427120819378	96.18748061216667	0.0028266541567897882	1.0001138712585618
2.1369222353536097	1.8881956039202301	0.0666503869485442	0.7522228466731892	0.10057258494472197	98.15427120819378	96.18748061216667	0.0028266541567897882	1.0001138712585618
2.1369222353536097	1.8881956039202301	0.0666503869485442	0.7522228466731892	0.10057258494472197	98.15427120819378	96.19652627469043	0.0028266541567897882	1.0001138712585618
2.1369222353536097	1.8881956039202301	0.0666503869485442	0.7522228466731892	0.10057258494472197	98.15427120819378	96.19652627469043	0.0028266541567897882	1.0001138712585618
2.136921800571203	1.8881956039202301	0.0666503869485442	0.7522228466731892	0.10057258494472197	98.15427120819378	96.19652627469043	0.0028266541567897882	1.0001138712585618
2.136921800571203	1.8881956039202301	0.0666503869485442	0.7522228466731892	0.10057258494472197	98.15427120819378	96.19652627469043	0.0028266541567897882	1.0001138712585618
2.136921800571203	1.8881956039202301	0.0666503869485442	0.7522228466731892	0.10057258494472197	98.15427120819378	96.19652627469043	0.0028266541567897882	1.0001138712585618
2.1369270856563345	1.8881956039202301	0.0666503869485442	0.7522228466731892	0.10057258494472197	98.15427120819378	96.19652627469043	0.0028266541567897882	1.0001138712585618
2.1369270856563345	1.8881956039202301	0.0666503869485442	0.7522228466731892	0.10057258494472197	98.15427120819378	96.19652627469043	0.0028266541567897882	1.0001138712585618
2.1369270856563345	1.8881956039202301	0.0666503869485442	0.7522228466731892	0.10057258494472197	98.15427120819378	96.19652627469043	0.0028266541567897882	1.0001136994158255
2.1369297356865156	1.8881956039202301	0.0666503869485442	0.7522228466731892	0.10057258494472197	98.15427120819378	96.19652627469043	0.0028266541567897882	1.0001136994158255
2.1369297356865156	1.8881956039202301	0.0666503869485442	0.7522228466731892	0.10057258494472197	98.15427120819378	96.19652627469043	0.0028266541567897882	1.0001038013613266
2.1369297356865156	1.8881956039202301	0.0666503869485442	0.7522228466731892	0.10057258494472197	98.15427120819378	96.19652627469043	0.0028266541567897882	1.0001038805743416
2.1369297356865156	1.8881956039202301	0.0666503869485442	0.7522228466731892	0.10057258494472197	98.15427120819378	96.19652627469043	0.002828402543049433	1.0001038805743416
2.1369297356865156	1.8881956039202301	0.0666503869485442	0.7522228466731892	0.10057258494472197	98.15427120819378	96.19652627469043	0.002828402543049433	1.0001038805743416
2.1369297356865156	1.8881956039202301	0.0666503869485442	0.7522228466731892	0.10057258494472197	98.15427120819378	96.21405972575381	0.002828402543049433	1.0001038805743416
2.1369297356865156	1.8881956039202301	0.0666503869485442	0.7522228466731892	0.10057258494472197	98.15427120819378	96.21405972575381	0.002828402543049433	1.0001038805743416
2.1369297356865156	1.8881956039202301	0.0666503869485442	0.7522228466731892	0.10057237215446076	98.15427120819378	96.21405972575381	0.002828402543049433	1.0001038805743416
2.1369297356865156	1.8881956039202301	0.0666503869485442	0.7522228466731892	0.10057237215446076	98.15427120819378	96.21405972575381	0.002828402543049433	1.0001038805743416
2.1369297356865156	1.8881956039202301	0.0666503869485442	0.7523287822390397	0.10057237215446076	98.15427120819378	96.21405972575381	0.002828402543049433	1.0001038805743416
2.1369297356865156	1.8881956039202301	0.0666503869485442	0.7523287822390397	0.10057237215446076	98.15427120819378	96.21405972575381	0.002828402543049433	1.0001038805743416
2.1369297356865156	1.8881446740930947	0.0666503869485442	0.7523287822390397	0.10057237215446076	98.15427120819378	96.21405972575381	0.002828402543049433	1.0001038805743416
2.1369297356865156	1.8881446740930947	0.06664293563469324	0.7523287822390397	0.10057237215446076	98.15427120819378	96.21405972575381	0.002828402543049433	1.0001038805743416
2.1369297356865156	1.8881446740930947	0.06668695979343665	0.7523287822390397	0.10057237215446076	98.15427120819378	96.21405972575381	0.002828402543049433	1.0001038805743416
2.1368860727889176	1.8881446740930947	0.06668695979343665	0.7523287822390397	0.10057237215446076	98.15427120819378	96.21405972575381	0.002828402543049433	1.0001038805743416
2.1368860727889176	1.8881446740930947	0.06668695979343665	0.7523287822390397	0.10057237215446076	98.15427120819378	96.21405972575381	0.0028289898941334123	1.0001038805743416
2.1368860727889176	1.8881446740930947	0.06668695979343665	0.7523244192388275	0.10057237215446076	98.15427120819378	96.21405972575381	0.0028289898941334123	1.0001038805743416
2.1368860727889176	1.8881446740930947	0.06668695979343665	0.7523244192388275	0.10057237215446076	98.15427120819378	96.21405972575381	0.002823961204056361	1.0001038805743416
2.1368860727889176	1.8881446740930947	0.06668695979343665	0.7523244192388275	0.10057237215446076	98.15427120819378	96.21405972575381	0.002823961204056361	1.0001038805743416
2.1368860727889176	1.8881446740930947	0.06668695979343665	0.7523244192388275	0.10057237215446076	98.16908943815805	96.21405972575381	0.002823961204056361	1.0001038805743416
2.1368860727889176	1.8881446740930947	0.06668695979343665	0.7523244192388275	0.10057237215446076	98.16908943815805	96.21405972575381	0.002823961204056361	1.0001038805743416
2.1368860727889176	1.8881446740930947	0.06668695979343665	0.7523244192388275	0.10057237215446076	98.16908943815805	95.6805232319789	0.002823961204056361	1.0001038805743416
2.1368860727889176	1.8881446740930947	0.06668695979343665	0.7523244192388275	0.10057237215446076	98.16908943815805	95.6805232319789	0.002823961204056361	1.0001038805743416
2.1368860727889176	1.8881446740930947	0.06668695979343665	0.7522213479287753	0.10057237215446076	98.16908943815805	95.6805232319789	0.002823961204056361	1.0001038805743416
2.1368894303449433	1.8881446740930947	0.06668695979343665	0.7522213479287753	0.10057237215446076	98.16908943815805	95.6805232319789	0.002823961204056361	1.0001038805743416
2.1368894303449433	1.8881446740930947	0.06668695979343665	0.7522213479287753	0.10074409285392845	98.16908943815805	95.6805232319789	0.002823961204056361	1.0001038805743416
2.1368894303449433	1.8881446740930947	0.066688004585339	0.7522213479287753	0.10074409285392845	98.16908943815805	95.6805232319789	0.002823961204056361	1.0001038805743416
2.1368894303449433	1.8881446740930947	0.066688004585339	0.7522213479287753	0.10074409041028409	98.16908943815805	95.6805232319789	0.002823961204056361	1.0001038805743416
2.1368894303449433	1.8881446740930947	0.066688004585339	0.7522213479287753	0.10074409041028409	98.16908943815805	95.6805232319789	0.002823961204056361	1.0001038805743416
2.1368894303449433	1.8881446740930947	0.066688004585339	0.7522213479287753	0.10074409041028409	98.16908943815805	95.6805232319789	0.002823961204056361	1.0001038805743416
2.1368894303449433	1.8881446740930947	0.066688004585339	0.7522213479287753	0.10074409041028409	98.16908943815805	95.6805232319789	0.002823961204056361	1.0001038805743416
2.1368894303449433	1.8881446740930947	0.066688004585339	0.7522213479287753	0.10074409041028409	98.16908943815805	95.6805232319789	0.002823961204056361	1.0001038805743416
2.1368894303449433	1.8881446740930947	0.066688004585339	0.7522213479287753	0.10074409041028409	98.16908943815805	95.6805232319789	0.002823961204056361	1.0001038805743416
2.1368894303449433	1.8881446740930947	0.066688004585339	0.7522213479287753	0.10074409041028409	98.16908943815805	95.6805232319789	0.002823961204056361	1.0001038805743416
2.1368894303449433	1.8881446740930947	0.066688004585339	0.7522213479287753	0.10074409041028409	98.16908943815805	95.6805232319789	0.002823961204056361	1.0001038805743416
2.1368894303449433	1.8881446740930947	0.0666634308339694	0.7522213479287753	0.10074409041028409	98.16908943815805	95.6805232319789	0.002823961204056361	1.0001038805743416
2.1368894303449433	1.8881446740930947	0.0666634308339694	0.7522213479287753	0.10074409041028409	98.16908943815805	95.6805232319789	0.002823961204056361	1.0001038805743416
2.1368894303449433	1.8881446740930947	0.0666634308339694	0.7522213479287753	0.10073772393751668	98.16908943815805	95.6805232319789	0.002823961204056361	1.0001038805743416
2.1368894303449433	1.8881446740930947	0.0666634308339694	0.7522213479287753	0.10073772393751668	98.16908943815805	95.6805232319789	0.002823961204056361	1.0001038805743416
2.1368894303449433	1.8881446740930947	0.0666634308339694	0.7522213479287753	0.10073772393751668	98.16908943815805	95.68046975103437	0.002823961204056361	1.0001038805743416
2.1368894303449433	1.8880503396072161	0.0666634308339694	0.7522213479287753	0.10073772393751668	98.16908943815805	95.68046975103437	0.002823961204056361	1.0001038805743416
2.1368894303449433	1.8880503396072161	0.0666634308339694	0.7522213479287753	0.10073772393751668	98.16908943815805	95.68046975103437	0.002823961204056361	1.0001043945852448
2.1368894303449433	1.8880503396072161	0.0666634308339694	0.7522213479287753	0.10073772393751668	98.16908943815805	95.68046975103437	0.002823961204056361	1.0001043945852448
2.1368894303449433	1.8880503396072161	0.0666634308339694	0.7522213479287753	0.10073772393751668	98.16908943815805	95.68046975103437	0.002823936668154524	1.0001043945852448
2.1368894303449433	1.8880503396072161	0.0666634308339694	0.7522213479287753	0.10073772393751668	98.16908943815805	95.68046975103437	0.002823936668154524	1.0001043945852448
2.1368894303449433	1.8880503396072161	0.0666634308339694	0.7522213479287753	0.10073786246000403	98.16908943815805	95.68046975103437	0.002823936668154524	1.0001043945852448
2.1368894303449433	1.8880503396072161	0.0666634308339694	0.7522213479287753	0.10073785612944795	98.16908943815805	95.68046975103437	0.002823936668154524	1.0001043945852448
2.1368894303449433	1.8880503396072161	0.0666634308339694	0.7522213479287753	0.10073785612944795	98.16908943815805	95.68046975103437	0.002823936668154524	1.0001043945852448
2.1368894303449433	1.8880503396072161	0.0666651189765336	0.7522213479287753	0.10073785612944795	98.16908943815805	95.68046975103437	0.002823936668154524	1.0001043945852448
2.1368894303449433	1.8880503396072161	0.0666651189765336	0.7522213479287753	0.10073785612944795	98.16908943815805	95.68046975103437	0.002823936668154524	1.0001043945852448
2.1368894303449433	1.8880503396072161	0.0666651189765336	0.7522213479287753	0.10073785612944795	98.16908943815805	95.68046975103437	0.002823936668154524	1.0001043945852448
2.1368894303449433	1.8880503396072161	0.0666651189765336	0.7522213479287753	0.10073785612944795	98.16908943815805	95.67127010927307	0.002823936668154524	1.0001043945852448
2.1368894303449433	1.8880503396072161	0.0666651189765336	0.7522213479287753	0.10073785612944795	98.16908943815805	95.67127010927307	0.002823936668154524	1.0001043945852448
2.1368894303449433	1.8880503396072161	0.0666651189765336	0.7522213479287753	0.10073785612944795	98.16908943815805	95.67127010927307	0.002823936668154524	1.0001043945852448
2.1368894303449433	1.8880503396072161	0.0666651189765336	0.7522213479287753	0.10073785612944795	98.16908943815805	95.67118121288495	0.002823936668154524	1.0001043945852448
2.1368894303449433	1.8880503396072161	0.0666651189765336	0.7522213479287753	0.10073785612944795	98.169121020888	95.67118121288495	0.002823936668154524	1.0001043945852448
2.1368894303449433	1.8880503396072161	0.0666651189765336	0.7522213479287753	0.10073785612944795	98.169121020888	95.67118121288495	0.002823936668154524	1.0001043945852448
2.136889295998249	1.8880503396072161	0.0666651189765336	0.7522213479287753	0.10073785612944795	98.169121020888	95.67118121288495	0.002823936668154524	1.0001043945852448
2.136889295998249	1.8880503396072161	0.0666651189765336	0.7522213479287753	0.10073785612944795	98.169121020888	95.6705068842306	0.002823936668154524	1.0001043945852448
2.136889295998249	1.8878790678834423	0.0666651189765336	0.7522213479287753	0.10073785612944795	98.169121020888	95.6705068842306	0.002823936668154524	1.0001043945852448
2.136889295998249	1.8878790678834423	0.0666651189765336	0.7522149413813739	0.10073785612944795	98.169121020888	95.6705068842306	0.002823936668154524	1.0001043945852448
2.136889295998249	1.8878790678834423	0.0666651189765336	0.7522149413813739	0.10073785612944795	98.169121020888	95.6705068842306	0.002823936668154524	1.0001043945852448
2.136889295998249	1.8878777538399896	0.0666651189765336	0.7522149413813739	0.10073785612944795	98.169121020888	95.6705068842306	0.002823936668154524	1.0001043945852448
2.136889295998249	1.8878777538399896	0.0666651189765336	0.7522149413813739	0.10073785612944795	98.169121020888	95.6705068842306	0.002823936668154524	1.0001043945852448
2.137196646641967	1.8878777538399896	0.0666651189765336	0.7522149413813739	0.10073785612944795	98.169121020888	95.6705068842306	0.002823936668154524	1.0001043945852448
2.137196646641967	1.8878777538399896	0.0666651189765336	0.7522149413813739	0.10073785612944795	98.169121020888	100.5827650667977	0.002823936668154524	1.0001043945852448
2.137196646641967	1.8878777538399896	0.0666651189765336	0.752188449997723	0.10073785612944795	98.169121020888	100.5827650667977	0.002823936668154524	1.0001043945852448
2.137196646641967	1.8878777538399896	0.0666034957070512	0.752188449997723	0.10073785612944795	98.169121020888	100.5827650667977	0.002823936668154524	1.0001043945852448
2.137196646641967	1.8878777538399896	0.0666034957070512	0.752188449997723	0.10073785612944795	98.169121020888	100.5827650667977	0.002823936668154524	1.0001043945852448
2.137196646641967	1.8878777966410913	0.0666034957070512	0.752188449997723	0.10073785612944795	98.169121020888	100.5827650667977	0.002823936668154524	1.0001043945852448
2.137196646641967	1.8878777966410913	0.0666034957070512	0.752188449997723	0.10073785612944795	98.169121020888	100.5827650667977	0.002823936668154524	1.0001046096025645
2.137196646641967	1.8878777966410913	0.0666034957070512	0.752188449997723	0.10073785612944795	98.169121020888	100.5827650667977	0.002823936668154524	1.0001046096025645
2.137196646641967	1.8878777966410913	0.0666034957070512	0.752188449997723	0.1006438982642114	98.169121020888	100.5827650667977	0.002823936668154524	1.0001046096025645
2.137196646641967	1.8887484935723808	0.0666034957070512	0.752188449997723	0.1006438982642114	98.169121020888	100.5827650667977	0.002823936668154524	1.0001046096025645
2.137196646641967	1.8887484935723808	0.0666034957070512	0.752188449997723	0.1006438982642114	98.169121020888	100.5827650667977	0.002823936668154524	1.0001046096025645
2.137196646641967	1.8887484935723808	0.0666034957070512	0.752188449997723	0.1006438982642114	98.169121020888	100.5827650667977	0.002823936668154524	1.0001046096025645
2.137196646641967	1.8887484935723808	0.0666034957070512	0.752188449997723	0.10064242908276651	98.169121020888	100.5827650667977	0.002823936668154524	1.0001046096025645
2.137196646641967	1.8887484935723808	0.0666034957070512	0.752188449997723	0.10064242096136149	98.169121020888	100.5827650667977	0.002823936668154524	1.0001046096025645
2.137196646641967	1.8887484935723808	0.0666034957070512	0.752188449997723	0.10064242759939067	98.169121020888	100.5827650667977	0.002823936668154524	1.0001046096025645
2.137196646641967	1.8887484935723808	0.0666034957070512	0.752188449997723	0.10064242759939067	98.169121020888	100.5827650667977	0.002823936668154524	1.0001046096025645
2.137196646641967	1.8887484935723808	0.0666034957070512	0.752188449997723	0.10064187406427623	98.169121020888	100.5827650667977	0.002823936668154524	1.0001046096025645
2.137196646641967	1.8887484935723808	0.0666034957070512	0.752188449997723	0.10064187406427623	98.169121020888	100.5827650667977	0.002823936668154524	1.0001046096025645
2.137196646641967	1.8887484935723808	0.0666034957070512	0.752188449997723	0.10064187406427623	98.169121020888	100.5827650667977	0.0028246670387582634	1.0001046096025645
2.137196646641967	1.8887484935723808	0.0666034957070512	0.752188449997723	0.10064187406427623	98.169121020888	100.5827650667977	0.0028246670387582634	1.0001046096025645
2.137196646641967	1.8887484935723808	0.0666034957070512	0.752188449997723	0.10064187406427623	98.169121020888	100.58684387728833	0.0028246670387582634	1.0001046096025645
2.137196646641967	1.8887484935723808	0.0666034957070512	0.752188449997723	0.10064187406427623	98.169121020888	100.58684387728833	0.0028246670387582634	1.0001046096025645
2.137196646641967	1.8887484935723808	0.06662153815827437	0.752188449997723	0.10064187406427623	98.169121020888	100.58684387728833	0.0028246670387582634	1.0001046096025645
2.1374302268664036	1.8887484935723808	0.06662153815827437	0.752188449997723	0.10064187406427623	98.169121020888	100.58684387728833	0.0028246670387582634	1.0001046096025645
2.1374302268664036	1.8887484935723808	0.06662153815827437	0.752188449997723	0.10064187406427623	98.16186140153386	100.58684387728833	0.0028246670387582634	1.0001046096025645
2.1374302268664036	1.8887484935723808	0.06662153815827437	0.752188449997723	0.10059174708900384	98.16186140153386	100.58684387728833	0.0028246670387582634	1.0001046096025645
2.1374302268664036	1.8887484935723808	0.06662153815827437	0.752188449997723	0.10059217607133561	98.16186140153386	100.58684387728833	0.0028246670387582634	1.0001046096025645
2.1374817600624976	1.8887484935723808	0.06662153815827437	0.752188449997723	0.10059217607133561	98.16186140153386	100.58684387728833	0.0028246670387582634	1.0001046096025645
2.1374817600624976	1.8887484935723808	0.06662153815827437	0.752188449997723	0.10059217607133561	98.16186140153386	100.58684387728833	0.0028246713579302926	1.0001046096025645
2.1374817600624976	1.8887484935723808	0.06662153815827437	0.752188449997723	0.10059217607133561	98.16186140153386	100.58684387728833	0.0028246713579302926	1.0001046096025645
2.1374817600624976	1.8887484935723808	0.06662153815827437	0.752188449997723	0.10059217607133561	98.16186140153386	100.58684387728833	0.0028246713579302926	1.0001046096025645
2.1374817600624976	1.8887484935723808	0.06662153815827437	0.752188449997723	0.10060282538554585	98.16186140153386	100.58684387728833	0.0028246713579302926	1.0001046096025645
2.137338780005453	1.8887484935723808	0.06662153815827437	0.752188449997723	0.10060282538554585	98.16186140153386	100.58684387728833	0.0028246713579302926	1.0001046096025645
2.137338780005453	1.8887484935723808	0.06662153815827437	0.752188449997723	0.10060282538554585	98.16186140153386	101.2811122500414	0.0028246713579302926	1.0001046096025645
2.137338780005453	1.8887484935723808	0.06662153815827437	0.752188449997723	0.10058942371134973	98.16186140153386	101.2811122500414	0.0028246713579302926	1.0001046096025645
2.137338780005453	1.8887484935723808	0.06662153815827437	0.752188449997723	0.10058872763181398	98.16186140153386	101.2811122500414	0.0028246713579302926	1.0001046096025645
2.137338780005453	1.8887484935723808	0.06659366125269621	0.752188449997723	0.10058872763181398	98.16186140153386	101.2811122500414	0.0028246713579302926	1.0001046096025645
2.137338780005453	1.891038547981992	0.06659366125269621	0.752188449997723	0.10058872763181398	98.16186140153386	101.2811122500414	0.0028246713579302926	1.0001046096025645
2.137338780005453	1.891038547981992	0.06659366125269621	0.752188449997723	0.10058872763181398	98.16186140153386	101.2811122500414	0.0028246713579302926	1.0001046096025645
2.137338780005453	1.891038547981992	0.06659366125269621	0.752188449997723	0.10058872763181398	98.16186140153386	101.2811122500414	0.0028246713579302926	1.0001046096025645
2.137338780005453	1.891038547981992	0.06659366125269621	0.752188449997723	0.10058872763181398	98.16186140153386	101.2811122500414	0.0028246713579302926	1.0001046096025645
2.137338780005453	1.891038547981992	0.06658869903778765	0.752188449997723	0.10058872763181398	98.16186140153386	101.2811122500414	0.0028246713579302926	1.0001046096025645
2.137338780005453	1.891038547981992	0.06659380774412753	0.752188449997723	0.10058872763181398	98.16186140153386	101.2811122500414	0.0028246713579302926	1.0001046096025645
2.137338780005453	1.891038547981992	0.06659380774412753	0.752188449997723	0.10058872763181398	98.16186140153386	101.2811122500414	0.0028246713579302926	1.0001046096025645
2.137338780005453	1.8909858059816471	0.06659380774412753	0.752188449997723	0.10058872763181398	98.16186140153386	101.2811122500414	0.0028246713579302926	1.0001046096025645
2.137338780005453	1.8909858059816471	0.06659380774412753	0.752601174319116	0.10058872763181398	98.16186140153386	101.2811122500414	0.0028246713579302926	1.0001046096025645
2.137352039619129	1.8909858059816471	0.06659380774412753	0.752601174319116	0.10058872763181398	98.16186140153386	101.2811122500414	0.0028246713579302926	1.0001046096025645
2.137352039619129	1.8909858059816471	0.06659380774412753	0.752601174319116	0.10058872763181398	98.16186140153386	101.2811122500414	0.0028246713579302926	1.0001046096025645
2.137352039619129	1.8909858059816471	0.06659380774412753	0.752601174319116	0.10058872763181398	98.16186140153386	101.2811122500414	0.0028246713579302926	1.0001046096025645
2.137352039619129	1.8909858059816471	0.06659380774412753	0.752601174319116	0.10058872763181398	98.16186140153386	101.28208503928585	0.0028246713579302926	1.0001046096025645
2.137352039619129	1.8909858059816471	0.06659380774412753	0.752601174319116	0.10058872763181398	98.16186140153386	101.28208503928585	0.0028246713579302926	1.0001046096025645
2.137352039619129	1.8909915416621779	0.06659380774412753	0.752601174319116	0.10058872763181398	98.16186140153386	101.28208503928585	0.0028246713579302926	1.0001046096025645
2.137352039619129	1.8909915416621779	0.06659380774412753	0.752601174319116	0.10058872763181398	98.16186140153386	101.28208503928585	0.0028246713579302926	1.0001046096025645
2.137352039619129	1.8909915416621779	0.06658871508905302	0.752601174319116	0.10058872763181398	98.16186140153386	101.28208503928585	0.0028246713579302926	1.0001046096025645
2.137352039619129	1.8909915416621779	0.06658871508905302	0.752601174319116	0.10058872763181398	98.16186140153386	101.28208503928585	0.0028246713579302926	1.0001046096025645
2.137352039619129	1.8909915416621779	0.06658871508905302	0.752601174319116	0.10058872763181398	98.16186140153386	101.28208503928585	0.0028246713579302926	1.0001105765850953
2.137352039619129	1.8909915416621779	0.06658871508905302	0.752601174319116	0.10058872763181398	98.16186140153386	101.28208503928585	0.002830705165502215	1.0001105765850953
2.137352039619129	1.8909915416621779	0.06658871508905302	0.752601174319116	0.10058872763181398	98.16186140153386	101.28208503928585	0.002815598373249288	1.0001105765850953
2.137352039619129	1.8909915416621779	0.06658871508905302	0.752601174319116	0.10058872763181398	98.16186140153386	101.28208503928585	0.002815598373249288	1.0001105765850953
2.137352039619129	1.8909915416621779	0.06658871508905302	0.752601174319116	0.10058872763181398	98.16186140153386	101.28208503928585	0.002815598373249288	1.0001105765850953
2.137352039619129	1.8909848040452304	0.06658871508905302	0.752601174319116	0.10058872763181398	98.16186140153386	101.28208503928585	0.002815598373249288	1.0001105765850953
2.137352039619129	1.8909844639945075	0.06658871508905302	0.752601174319116	0.10058872763181398	98.16186140153386	101.28208503928585	0.002815598373249288	1.0001105765850953
2.137352039619129	1.8909844639945075	0.06658871508905302	0.752601174319116	0.10058872763181398	98.16186140153386	101.28208503928585	0.002815598373249288	1.0001105765850953
2.137352039619129	1.8909844639945075	0.06658871508905302	0.752601174319116	0.10058872763181398	98.16186140153386	101.28242909418675	0.002815598373249288	1.0001105765850953
2.137352039619129	1.8906548478104146	0.06658871508905302	0.752601174319116	0.10058872763181398	98.16186140153386	101.28242909418675	0.002815598373249288	1.0001105765850953
2.137352039619129	1.8906548478104146	0.06658871508905302	0.752601174319116	0.10058872763181398	98.16186140153386	101.28242909418675	0.002815598373249288	1.0001105765850953
2.137352039619129	1.8906548478104146	0.06658871508905302	0.752601174319116	0.10093749647315044	98.16186140153386	101.28242909418675	0.002815598373249288	1.0001105765850953
2.137352039619129	1.8906548478104146	0.06658871508905302	0.752601174319116	0.10093749647315044	98.16186140153386	101.28242909418675	0.002815598373249288	1.0001105765850953
2.137352039619129	1.8906548478104146	0.06658871508905302	0.752601174319116	0.10093749647315044	98.16186140153386	101.28242909418675	0.002815598373249288	1.0001105765850953
2.137352039619129	1.8906548478104146	0.06658871508905302	0.752601174319116	0.10093749647315044	98.16186140153386	101.28242909418675	0.002815598373249288	1.0001105765850953
2.137352039619129	1.8906545034652624	0.06658871508905302	0.752601174319116	0.10093749647315044	98.16186140153386	101.28242909418675	0.002815598373249288	1.0001105765850953
2.137352039619129	1.8906545034652624	0.06658871508905302	0.752601174319116	0.10093749647315044	98.16186140153386	101.28242909418675	0.002815598373249288	1.0001105765850953
2.137352039619129	1.8906545034652624	0.06658871508905302	0.752601174319116	0.10093749647315044	98.16186140153386	101.28242909418675	0.002815598373249288	1.0001105765850953
2.137352039619129	1.8906545034652624	0.06658871508905302	0.752601174319116	0.10093749647315044	98.16186140153386	101.28242909418675	0.002815598373249288	1.0001105765850953
2.137352039619129	1.8906545034652624	0.06658871508905302	0.752601174319116	0.10093749647315044	98.16186140153386	101.28242909418675	0.002815598373249288	1.0001105765850953
2.137352039619129	1.8906545034652624	0.06658871508905302	0.752601174319116	0.10089593826524558	98.16186140153386	101.28242909418675	0.002815598373249288	1.0001105765850953
2.1372989648471505	1.8906545034652624	0.06658871508905302	0.752601174319116	0.10089593826524558	98.16186140153386	101.28242909418675	0.002815598373249288	1.0001105765850953
2.1372989648471505	1.8906545034652624	0.06658871508905302	0.752601174319116	0.10089593826524558	98.16186140153386	101.28242909418675	0.002815598373249288	1.0001105765850953
2.1372989648471505	1.8906545034652624	0.06658871508905302	0.752601174319116	0.10089593826524558	98.16186140153386	101.28242909418675	0.002815598373249288	1.0001105765850953
2.1372989648471505	1.8906545034652624	0.06658871508905302	0.752601174319116	0.10089559791426837	98.16186140153386	101.28242909418675	0.002815598373249288	1.0001105765850953
2.1372989648471505	1.8906545034652624	0.06658871508905302	0.752601174319116	0.10089559791426837	98.16186140153386	101.28242909418675	0.002815598373249288	1.0001105765850953
2.1372989648471505	1.8906545034652624	0.06658871508905302	0.752601174319116	0.10089559791426837	98.16186140153386	101.28242909418675	0.002815598373249288	1.0001105765850953
2.1372989648471505	1.8906545034652624	0.06658871508905302	0.752601174319116	0.10089559791426837	98.16186140153386	101.28379188111815	0.002815598373249288	1.0001105765850953
2.1372989648471505	1.8906545034652624	0.06658871508905302	0.752601174319116	0.10089559791426837	98.16186140153386	101.28379188111815	0.0026923754305009516	1.0001105765850953
2.1372989648471505	1.8906545034652624	0.06658871508905302	0.752601174319116	0.10089559791426837	98.16186140153386	101.28379188111815	0.0026923754305009516	1.0001105765850953
2.1372989648471505	1.8906545034652624	0.06658871508905302	0.752601174319116	0.10089559791426837	98.16186140153386	101.28379188111815	0.0026923754305009516	1.0001138921065358
2.1372989648471505	1.8906545034652624	0.06658871508905302	0.752601174319116	0.10089559791426837	98.16186140153386	101.28379188111815	0.0026923754305009516	1.0001138921065358
2.1372989648471505	1.8906545034652624	0.06658871508905302	0.752601174319116	0.10089559791426837	98.16186140153386	101.28379188111815	0.0026833253538471455	1.0001138921065358
2.1372989648471505	1.8906545034652624	0.06658871508905302	0.752601174319116	0.10089559791426837	98.16186140153386	101.28379188111815	0.0026833253538471455	1.0001144848067116
2.1372989648471505	1.8906545034652624	0.06658871508905302	0.752601174319116	0.10089559791426837	98.16188768608639	101.28379188111815	0.0026833253538471455	1.0001144848067116
2.1372989648471505	1.8906545034652624	0.06658871508905302	0.752601174319116	0.10089559791426837	98.16188768608639	101.28379188111815	0.0026833253538471455	1.0001144848067116
2.1372989648471505	1.8906545034652624	0.06658871508905302	0.752601174319116	0.10089559791426837	98.16188768608639	101.28379188111815	0.0026833253538471455	1.0001156959179431
2.137238502298067	1.8906545034652624	0.06658871508905302	0.752601174319116	0.10089559791426837	98.16188768608639	101.28379188111815	0.0026833253538471455	1.0001156959179431
2.137238502298067	1.8906545034652624	0.06658871508905302	0.752601174319116	0.10089559791426837	98.16188768608639	101.28379188111815	0.0026833253538471455	1.0001156959179431
2.137238502298067	1.8906545034652624	0.06658871508905302	0.752601174319116	0.10089559791426837	98.16188768608639	101.28379188111815	0.0026833253538471455	1.0001120936466787
2.137238502298067	1.8906545034652624	0.06658871508905302	0.752601174319116	0.10089559791426837	98.16188768608639	101.28379188111815	0.0026833253538471455	1.0001120936466787
2.137238502298067	1.8906545034652624	0.06658871508905302	0.752601174319116	0.10089559791426837	98.16188768608639	101.28379188111815	0.0026833253538471455	1.0001119541091004
2.137238502298067	1.8884217717490586	0.06658871508905302	0.752601174319116	0.10089559791426837	98.16188768608639	101.28379188111815	0.0026833253538471455	1.0001119541091004
2.137238502298067	1.8884217717490586	0.06658871508905302	0.752601174319116	0.10089559791426837	98.16188768608639	101.28379188111815	0.0026833253538471455	1.0001119541091004
2.137238502298067	1.8884217717490586	0.06658871508905302	0.752601174319116	0.10089559791426837	98.16188768608639	101.28379188111815	0.0026833253538471455	1.000111926754532
2.1366593676167476	1.8884217717490586	0.06658871508905302	0.752601174319116	0.10089559791426837	98.16188768608639	101.28379188111815	0.0026833253538471455	1.000111926754532
2.1366593676167476	1.8884217717490586	0.06658871508905302	0.752601174319116	0.10089559791426837	98.16188768608639	101.28379188111815	0.0026833253538471455	1.000111926754532
2.1366593676167476	1.8884217717490586	0.06658871508905302	0.752577906530736	0.10089559791426837	98.16188768608639	101.28379188111815	0.0026833253538471455	1.000111926754532
2.1366593676167476	1.8884217717490586	0.06658871508905302	0.752577906530736	0.10089559791426837	98.16188768608639	101.28379188111815	0.0026833253538471455	1.0001083604460095
2.1366593676167476	1.8884217717490586	0.06658871508905302	0.752577906530736	0.10089559791426837	98.1594780576943	101.28379188111815	0.0026833253538471455	1.0001083604460095
2.1366593676167476	1.8884217717490586	0.06658871508905302	0.752577906530736	0.10089559791426837	98.1594780576943	101.28379188111815	0.0026832430944184046	1.0001083604460095
2.1366593676167476	1.8884217717490586	0.06658871508905302	0.752577906530736	0.10089559791426837	98.1594780576943	101.28379188111815	0.0026832430944184046	1.0001083604460095
2.1366593676167476	1.8884217717490586	0.06658871508905302	0.752577906530736	0.10089559791426837	98.1594780576943	101.28379188111815	0.0026832430944184046	1.0001083604460095
2.1366593676167476	1.8884217717490586	0.06658871508905302	0.752577906530736	0.10089559791426837	98.1594780576943	101.28379188111815	0.0026832430944184046	1.0001083604460095
2.1366593676167476	1.8884217717490586	0.06658871508905302	0.752577906530736	0.10089559791426837	98.1594780576943	101.28379188111815	0.0026832042063854936	1.0001083604460095
2.1367601953918545	1.8884217717490586	0.06658871508905302	0.752577906530736	0.10089559791426837	98.1594780576943	101.28379188111815	0.0026832042063854936	1.0001083604460095
2.1367601953918545	1.8884217717490586	0.06658871508905302	0.752577906530736	0.10089559791426837	98.15925164026613	101.28379188111815	0.0026832042063854936	1.0001083604460095
2.1367601953918545	1.8884217717490586	0.06658871508905302	0.752577906530736	0.10089565318314447	98.15925164026613	101.28379188111815	0.0026832042063854936	1.0001083604460095
2.1367601953918545	1.8884217717490586	0.06658871508905302	0.752577906530736	0.1008956548051417	98.15925164026613	101.28379188111815	0.0026832042063854936	1.0001083604460095
2.1367601953918545	1.8884217717490586	0.06658871508905302	0.752577906530736	0.1008956548051417	98.15925164026613	101.28379188111815	0.0026832042063854936	1.0001083604460095
2.1367601953918545	1.8884217717490586	0.06658871508905302	0.752577906530736	0.1008956548051417	98.15925164026613	101.28379188111815	0.0026832042063854936	1.0001083604460095
2.1367601953918545	1.8884217717490586	0.06658871508905302	0.752577906530736	0.10089125766453616	98.15925164026613	101.28379188111815	0.0026832042063854936	1.0001083604460095
2.1367601953918545	1.8884260359150662	0.06658871508905302	0.752577906530736	0.10089125766453616	98.15925164026613	101.28379188111815	0.0026832042063854936	1.0001083604460095
2.1367601953918545	1.8884260359150662	0.06658871508905302	0.752577906530736	0.10089125766453616	98.15925164026613	101.28379188111815	0.0026832042063854936	1.0001083604460095
2.1367601953918545	1.8884260359150662	0.06658871508905302	0.752577906530736	0.10087712103515599	98.15925164026613	101.28379188111815	0.0026832042063854936	1.0001083604460095
2.1367601953918545	1.8884260359150662	0.06658871508905302	0.752577906530736	0.10087712103515599	98.15900041154481	101.28379188111815	0.0026832042063854936	1.0001083604460095
2.1367601953918545	1.8884260359150662	0.06658871508905302	0.7525767992034238	0.10087712103515599	98.15900041154481	101.28379188111815	0.0026832042063854936	1.0001083604460095
2.1367601953918545	1.8884260359150662	0.06658871508905302	0.7525767992034238	0.10087712103515599	98.15900041154481	101.28379188111815	0.0026832042063854936	1.0001083604460095
2.1367601953918545	1.8884260359150662	0.06658871508905302	0.7525767992034238	0.10087712103515599	98.1590456481383	101.28379188111815	0.0026832042063854936	1.0001083604460095
2.1367759679719462	1.8884260359150662	0.06658871508905302	0.7525767992034238	0.10087712103515599	98.1590456481383	101.28379188111815	0.0026832042063854936	1.0001083604460095
2.1367759679719462	1.8884260359150662	0.06658871508905302	0.7525767992034238	0.10087712103515599	98.16009721055566	101.28379188111815	0.0026832042063854936	1.0001083604460095
2.1367759679719462	1.8901376688393707	0.06658871508905302	0.7525767992034238	0.10087712103515599	98.16009721055566	101.28379188111815	0.0026832042063854936	1.0001083604460095
2.1367759679719462	1.8901376688393707	0.06658871508905302	0.7525767992034238	0.10087712103515599	98.16009721055566	101.28379188111815	0.0026832042063854936	1.00010943537044
2.1367759679719462	1.8901376688393707	0.06658871508905302	0.7525767992034238	0.10087712103515599	98.16009721055566	101.284125802064	0.0026832042063854936	1.00010943537044
2.1367759679719462	1.8901376688393707	0.06658871508905302	0.7525767992034238	0.10087712103515599	98.16009721055566	101.284125802064	0.0026832042063854936	1.00010943537044
2.1367759679719462	1.8901376688393707	0.06658871508905302	0.7525767992034238	0.10087914176965128	98.16009721055566	101.284125802064	0.0026832042063854936	1.00010943537044
2.1367759679719462	1.8901376688393707	0.06658871508905302	0.7525767992034238	0.10087914176965128	98.16039992176533	101.284125802064	0.0026832042063854936	1.00010943537044
2.1367759679719462	1.8901376688393707	0.06658871508905302	0.7525767992034238	0.10087914176965128	98.16039992176533	101.284125802064	0.0026832042063854936	1.00010943537044
2.1367759679719462	1.8901376688393707	0.06658871508905302	0.7525767992034238	0.10087914176965128	98.16039992176533	101.284125802064	0.0026832042063854936	1.00010943537044
2.1367759679719462	1.8901386691117057	0.06658871508905302	0.7525767992034238	0.10087914176965128	98.16039992176533	101.284125802064	0.0026832042063854936	1.00010943537044
2.1367759679719462	1.8901386691117057	0.06658871508905302	0.7525767992034238	0.10087914176965128	98.15999994412054	101.284125802064	0.0026832042063854936	1.00010943537044
2.1367759679719462	1.8901386691117057	0.06658871508905302	0.7525767992034238	0.10087914176965128	98.15999994412054	101.284125802064	0.002710262437002876	1.00010943537044
2.1367759679719462	1.8901386691117057	0.06658871508905302	0.7525767992034238	0.10087914176965128	98.15999994412054	101.284125802064	0.002710262437002876	1.00010943537044
2.1367759679719462	1.8901386691117057	0.06658871508905302	0.7525767992034238	0.10087914176965128	98.15999994412054	101.284125802064	0.002710262437002876	1.000111971614926
2.1367759679719462	1.8901386691117057	0.06658871508905302	0.7525767992034238	0.10087914176965128	98.15999994412054	101.28435931775995	0.002710262437002876	1.000111971614926
2.1367759679719462	1.8901386691117057	0.06658871508905302	0.7525767992034238	0.10087914176965128	98.15999994412054	101.28435931775995	0.002710262437002876	1.000111971614926
2.1367759679719462	1.8901386691117057	0.06658871508905302	0.7525767992034238	0.10087914176965128	98.15999994412054	101.28435931775995	0.002710262437002876	1.000111971614926
2.1367759679719462	1.8901386691117057	0.06658871508905302	0.7525767992034238	0.10087914176965128	98.15999994412054	101.28435931775995	0.002710262437002876	1.000111971614926
2.1367759679719462	1.8901386691117057	0.06658871508905302	0.7525767992034238	0.10066761766812467	98.15999994412054	101.28435931775995	0.002710262437002876	1.000111971614926
2.1367759679719462	1.8901386691117057	0.06658871508905302	0.7525767992034238	0.10066761766812467	98.15999994412054	101.28435931775995	0.002710262437002876	1.000111971614926
2.1367759679719462	1.8901386691117057	0.06658871508905302	0.7525767992034238	0.10066761766812467	98.15999994412054	101.28435931775995	0.002710262437002876	1.000111971614926
2.1367759679719462	1.8901386691117057	0.06658871508905302	0.7525767992034238	0.10066761766812467	98.1603658268546	101.28435931775995	0.002710262437002876	1.000111971614926
2.1367759679719462	1.8901386691117057	0.06658871508905302	0.7525767992034238	0.10066761766812467	98.1603658268546	101.28435931775995	0.002710262437002876	1.000111971614926
2.136773700744372	1.8901386691117057	0.06658871508905302	0.7525767992034238	0.10066761766812467	98.1603658268546	101.28435931775995	0.002710262437002876	1.000111971614926
2.1367647293886383	1.8901386691117057	0.06658871508905302	0.7525767992034238	0.10066761766812467	98.1603658268546	101.28435931775995	0.002710262437002876	1.000111971614926
2.1367647293886383	1.8901386691117057	0.06658871508905302	0.7525767992034238	0.10066761766812467	98.1603658268546	101.28435931775995	0.002710262437002876	1.000111971614926
2.1367647293886383	1.8901386691117057	0.06658871508905302	0.7525767992034238	0.10066761766812467	98.1603658268546	101.28435931775995	0.002710262437002876	1.000111971614926
2.1367647293886383	1.8901386691117057	0.06658871508905302	0.7525767992034238	0.10066761766812467	98.1603658268546	101.28435931775995	0.002710262437002876	1.000111971614926
2.1367647293886383	1.8901386691117057	0.06658871508905302	0.7525767992034238	0.10066761766812467	98.1603658268546	101.28435931775995	0.0027103038046058315	1.000111971614926
2.1367647293886383	1.8901386691117057	0.06658871508905302	0.7525767992034238	0.10066761766812467	98.16076110132609	101.28435931775995	0.0027103038046058315	1.000111971614926
2.1367647293886383	1.8901386691117057	0.06658871508905302	0.7525767992034238	0.10066761766812467	98.16076110132609	101.28435931775995	0.0025629591359316068	1.000111971614926
2.1367647293886383	1.8901386691117057	0.06658871508905302	0.7527500028640124	0.10066761766812467	98.16076110132609	101.28435931775995	0.0025629591359316068	1.000111971614926
2.1354934293974788	1.8901386691117057	0.06658871508905302	0.7527500028640124	0.10066761766812467	98.16076110132609	101.28435931775995	0.0025629591359316068	1.000111971614926
2.1354934293974788	1.8901386691117057	0.06658871508905302	0.7527500028640124	0.10066761766812467	98.16076110132609	101.28435931775995	0.0025629591359316068	1.000111971614926
2.1354934293974788	1.8901386691117057	0.06658871508905302	0.7527500028640124	0.10073622624065269	98.16076110132609	101.28435931775995	0.0025629591359316068	1.000111971614926
2.1354934293974788	1.8901386691117057	0.06658871508905302	0.7527500028640124	0.10073622624065269	98.16076110132609	101.28435931775995	0.0025629591359316068	1.000111971614926
2.1354934293974788	1.8901386691117057	0.06658871508905302	0.7527500028640124	0.10077600429723009	98.16076110132609	101.28435931775995	0.0025629591359316068	1.000111971614926
2.1354934293974788	1.8901386691117057	0.06658871508905302	0.7527500028640124	0.10077600429723009	98.1606608085265	101.28435931775995	0.0025629591359316068	1.000111971614926
2.1354934293974788	1.8901386691117057	0.06658871508905302	0.7527500028640124	0.10078010596310245	98.1606608085265	101.28435931775995	0.0025629591359316068	1.000111971614926
2.1354934293974788	1.8901386691117057	0.06658871508905302	0.7527500028640124	0.10078010596310245	98.1606608085265	101.28435931775995	0.0025629591359316068	1.000111971614926
2.1354934293974788	1.8901386691117057	0.06658871508905302	0.7527500028640124	0.10078010596310245	98.1606608085265	101.28435931775995	0.002566023989941362	1.000111971614926
2.1354934293974788	1.8901386691117057	0.06658871508905302	0.7527500028640124	0.10078010596310245	98.1606608085265	101.28435931775995	0.002566023989941362	1.000111971614926
2.1354934293974788	1.8901386691117057	0.06658871508905302	0.7527500028640124	0.10078010596310245	98.1606608085265	101.28435931775995	0.0025659658709705755	1.000111971614926
2.1354934293974788	1.8901386691117057	0.06658871508905302	0.7527488101999513	0.10078010596310245	98.1606608085265	101.28435931775995	0.0025659658709705755	1.000111971614926
2.1354934293974788	1.8901386691117057	0.06658871508905302	0.7527349426285209	0.10078010596310245	98.1606608085265	101.28435931775995	0.0025659658709705755	1.000111971614926
2.1354934293974788	1.8901386691117057	0.06658944117150431	0.7527349426285209	0.10078010596310245	98.1606608085265	101.28435931775995	0.0025659658709705755	1.000111971614926
2.1354934293974788	1.8901386691117057	0.06658944117150431	0.7527349426285209	0.10078010596310245	98.1606608085265	101.27574318657517	0.0025659658709705755	1.000111971614926
2.1354934293974788	1.8901386691117057	0.06658944117150431	0.7527349426285209	0.10078010596310245	98.1606608085265	101.27574318657517	0.0025659658709705755	1.000111971614926
2.1354934293974788	1.8901386691117057	0.06658944117150431	0.7527349426285209	0.10078010596310245	98.1606608085265	101.27574318657517	0.0025659658709705755	1.000111971614926
2.1354934293974788	1.8901386691117057	0.06658944117150431	0.7527349426285209	0.10078010596310245	98.1606608085265	101.27574318657517	0.0025659658709705755	1.000111971614926
2.1354794223989586	1.8901386691117057	0.06658944117150431	0.7527349426285209	0.10078010596310245	98.1606608085265	101.27574318657517	0.0025659658709705755	1.000111971614926
2.1354794223989586	1.8901386691117057	0.06658944117150431	0.7527349426285209	0.10078010596310245	98.1606608085265	101.27574318657517	0.0025659658709705755	1.000111971614926
2.1354794223989586	1.8901386691117057	0.06658944117150431	0.7527349426285209	0.10078010596310245	98.1606608085265	101.27574318657517	0.0025659658709705755	1.000111971614926
2.1354794223989586	1.8901386691117057	0.06658944117150431	0.7527349426285209	0.10078010596310245	98.1606608085265	102.45367403545403	0.0025659658709705755	1.000111971614926
2.135478957534934	1.8901386691117057	0.06658944117150431	0.7527349426285209	0.10078010596310245	98.1606608085265	102.45367403545403	0.0025659658709705755	1.000111971614926
2.135478957534934	1.8901386691117057	0.06658944117150431	0.7527349426285209	0.10078010596310245	98.1606608085265	102.45367403545403	0.002565941759710651	1.000111971614926
2.135478957534934	1.8910568641932552	0.06658944117150431	0.7527349426285209	0.10078010596310245	98.1606608085265	102.45367403545403	0.002565941759710651	1.000111971614926
2.135478957534934	1.8910568641932552	0.06658944117150431	0.7527349426285209	0.10078010596310245	98.1606608085265	102.45367403545403	0.002565941759710651	1.000111971614926
2.135478957534934	1.8910568641932552	0.06658944117150431	0.7527349426285209	0.10078010596310245	98.1606608085265	102.45367403545403	0.002565941759710651	1.000111971614926
2.135478957534934	1.8910568641932552	0.06658944117150431	0.7527349426285209	0.10078010596310245	98.1606608085265	102.45399495941551	0.002565941759710651	1.000111971614926
2.135478957534934	1.8910568641932552	0.06658944117150431	0.7527349426285209	0.10078010596310245	98.1628919556578	102.45399495941551	0.002565941759710651	1.000111971614926
2.135478957534934	1.8910568641932552	0.06658944117150431	0.7527349426285209	0.10078010596310245	98.1628919556578	102.45399495941551	0.0025389478236884236	1.000111971614926
2.135478957534934	1.8910573372383455	0.06658944117150431	0.7527349426285209	0.10078010596310245	98.1628919556578	102.45399495941551	0.0025389478236884236	1.000111971614926
2.135478957534934	1.8910573372383455	0.06658944117150431	0.7527349426285209	0.10079550634315661	98.1628919556578	102.45399495941551	0.0025389478236884236	1.000111971614926
2.1361191029915654	1.8910573372383455	0.06658944117150431	0.7527349426285209	0.10079550634315661	98.1628919556578	102.45399495941551	0.0025389478236884236	1.000111971614926
2.1361191029915654	1.8910573372383455	0.06658944117150431	0.7527349426285209	0.10079550634315661	98.1628919556578	101.99993130975282	0.0025389478236884236	1.000111971614926
2.1361191029915654	1.8910573372383455	0.06658944117150431	0.7527349883669091	0.10079550634315661	98.1628919556578	101.99993130975282	0.0025389478236884236	1.000111971614926
2.1361188725630083	1.8910573372383455	0.06658944117150431	0.7527349883669091	0.10079550634315661	98.1628919556578	101.99993130975282	0.0025389478236884236	1.000111971614926
2.1361188725630083	1.8910573372383455	0.06658944117150431	0.7527349883669091	0.10079550634315661	98.1640721060817	101.99993130975282	0.0025389478236884236	1.000111971614926
2.1361188725630083	1.8910573372383455	0.06658944117150431	0.7527349883669091	0.10079550634315661	98.1640721060817	101.99993130975282	0.0025389478236884236	1.000111971614926
2.1361188725630083	1.8910573372383455	0.06658944117150431	0.7527349883669091	0.10079550634315661	98.1640721060817	101.99993130975282	0.0025389478236884236	1.000111971614926
2.1361188725630083	1.8910573613702992	0.06658944117150431	0.7527349883669091	0.10079550634315661	98.1640721060817	101.99993130975282	0.0025389478236884236	1.000111971614926
2.1361188725630083	1.8910573613702992	0.06658944117150431	0.7527349883669091	0.10079550634315661	98.1640721060817	101.99993130975282	0.0025389478236884236	1.000111971614926
2.1361188725630083	1.8910573613702992	0.06658944117150431	0.7527349883669091	0.10079550634315661	98.1640721060817	101.99993130975282	0.0025389478236884236	1.000111971614926
2.1361188725630083	1.8910573613702992	0.06658944117150431	0.7527349883669091	0.10079492256102503	98.1640721060817	101.99993130975282	0.0025389478236884236	1.000111971614926
2.1361188725630083	1.8910573613702992	0.06658944117150431	0.7527349883669091	0.10079492256102503	98.1640721060817	101.99993130975282	0.002538950242030281	1.000111971614926
2.1361188725630083	1.8910573613702992	0.06658944117150431	0.7527349883669091	0.10079492256102503	98.1640721060817	101.99993130975282	0.002538950242030281	1.000111971614926
2.1361188725630083	1.8910573613702992	0.06658944117150431	0.7527349883669091	0.10079492256102503	98.1640721060817	101.99993130975282	0.002538950242030281	1.000111971614926
2.1361188725630083	1.8910573613702992	0.06658944117150431	0.7527349883669091	0.10079492256102503	98.1640721060817	101.99993130975282	0.002538950242030281	1.000111971614926
2.1361188725630083	1.8910678617694994	0.06658944117150431	0.7527349883669091	0.10079492256102503	98.1640721060817	101.99993130975282	0.002538950242030281	1.000111971614926
2.1361188725630083	1.8910678617694994	0.06658944117150431	0.7527349883669091	0.10079492256102503	98.1640721060817	101.99993130975282	0.002538950242030281	1.0001120461751263
2.1361188725630083	1.8910678617694994	0.06658944117150431	0.7527349883669091	0.10079492256102503	98.1640721060817	101.99993130975282	0.002538950242030281	1.0001120461751263
2.137030334206848	1.8910678617694994	0.06658944117150431	0.7527349883669091	0.10079492256102503	98.1640721060817	101.99993130975282	0.002538950242030281	1.0001120461751263
2.137030334206848	1.8910678617694994	0.06658944117150431	0.7527349883669091	0.10079492256102503	98.1640721060817	101.99993130975282	0.002538950242030281	1.0001120461751263
2.137030334206848	1.8910704982515987	0.06658944117150431	0.7527349883669091	0.10079492256102503	98.1640721060817	101.99993130975282	0.002538950242030281	1.0001120461751263
2.137030334206848	1.8910704982515987	0.06658944117150431	0.7527349883669091	0.10079492256102503	98.1640721060817	102.0017878203346	0.002538950242030281	1.0001120461751263
2.137030334206848	1.8910704982515987	0.06658944117150431	0.7527349883669091	0.10079492256102503	98.1640721060817	102.0017878203346	0.002538950242030281	1.0001120461751263
2.137030334206848	1.8910704982515987	0.06658944117150431	0.7527349883669091	0.10079492256102503	98.1640721060817	102.0017878203346	0.002538950242030281	1.0001120461751263
2.137030334206848	1.8910704982515987	0.06658944117150431	0.7527349883669091	0.10079492256102503	98.16606498913207	102.0017878203346	0.002538950242030281	1.0001120461751263
2.137030334206848	1.8910704982515987	0.06658944117150431	0.7527349883669091	0.10079492256102503	98.16606498913207	102.0017878203346	0.002538950242030281	1.0001120461751263
2.137030334206848	1.8910704982515987	0.06658944117150431	0.7527349883669091	0.10079492256102503	98.16606498913207	102.0017878203346	0.002538950242030281	1.0001123173221471
2.137030334206848	1.892111691048127	0.06658944117150431	0.7527349883669091	0.10079492256102503	98.16606498913207	102.0017878203346	0.002538950242030281	1.0001123173221471
2.137030334206848	1.892111691048127	0.06658944117150431	0.7527349883669091	0.10079492256102503	98.16606498913207	102.0017878203346	0.002538950242030281	1.0001123173221471
2.137030334206848	1.892111691048127	0.06658944117150431	0.7527349883669091	0.10079492256102503	98.16606498913207	102.0017878203346	0.002538950242030281	1.0001123173221471
2.137030334206848	1.892111691048127	0.06658944117150431	0.7527349883669091	0.10079492256102503	98.16606498913207	102.0017878203346	0.002538950242030281	1.0001123173221471
2.137030334206848	1.892111691048127	0.06658944117150431	0.7527349883669091	0.10079287747035402	98.16606498913207	102.0017878203346	0.002538950242030281	1.0001123173221471
2.137030334206848	1.892111691048127	0.06658944117150431	0.7527349883669091	0.10079287747035402	98.16593485634976	102.0017878203346	0.002538950242030281	1.0001123173221471
2.137030334206848	1.892111691048127	0.06658944117150431	0.7527349883669091	0.10079287747035402	98.16593485634976	102.0017878203346	0.002538950242030281	1.0001123173221471
2.137030334206848	1.892111691048127	0.06658944117150431	0.7527357688149634	0.10079287747035402	98.16593485634976	102.0017878203346	0.002538950242030281	1.0001123173221471
2.137030334206848	1.892111691048127	0.06658944117150431	0.7527357688149634	0.10079287747035402	98.16593485634976	102.01116957670367	0.002538950242030281	1.0001123173221471
2.137030334206848	1.892111691048127	0.06658944117150431	0.7527357688149634	0.10079287747035402	98.16593485634976	101.59749618515544	0.002538950242030281	1.0001123173221471
2.137030334206848	1.892111691048127	0.06658944117150431	0.7527357688149634	0.10079287747035402	98.16593485634976	101.59749618515544	0.002538950242030281	1.0001123173221471
2.137030334206848	1.892111691048127	0.06658944117150431	0.7527357688149634	0.10079287747035402	98.16593485634976	101.59749618515544	0.002538950242030281	1.0001123173221471
2.137030334206848	1.892111691048127	0.06658944117150431	0.7527357688149634	0.10079287747035402	98.16593485634976	101.59749618515544	0.002538950242030281	1.0001123173221471
2.137030334206848	1.892111691048127	0.06658944117150431	0.7527357688149634	0.10079287747035402	98.16593485634976	101.59749618515544	0.002538950242030281	1.0001123173221471
2.137030334206848	1.892111691048127	0.06658944117150431	0.7527357688149634	0.10079287747035402	98.16593485634976	101.59749618515544	0.002538950242030281	1.0001123173221471
2.137030334206848	1.892111691048127	0.06658944117150431	0.7527357688149634	0.10082707124754685	98.16593485634976	101.59749618515544	0.002538950242030281	1.0001123173221471
2.137030334206848	1.892111691048127	0.06658944117150431	0.7527357688149634	0.10082707124754685	98.16593485634976	101.59770937969604	0.002538950242030281	1.0001123173221471
2.137030334206848	1.892111691048127	0.06658944117150431	0.7527357688149634	0.10082707124754685	98.16593485634976	101.59770937969604	0.002538950242030281	1.0001123173221471
2.137030334206848	1.892090950567501	0.06658944117150431	0.7527357688149634	0.10082707124754685	98.16593485634976	101.59770937969604	0.002538950242030281	1.0001123173221471
2.137030334206848	1.892090950567501	0.06658944117150431	0.7527357688149634	0.10082707124754685	98.16593485634976	101.59770937969604	0.002538950242030281	1.0001123173221471
2.137030334206848	1.892090950567501	0.06658944117150431	0.7527357688149634	0.10082707124754685	98.16593485634976	101.59770937969604	0.002538950242030281	1.0001123173221471
2.137030334206848	1.892090950567501	0.06658944117150431	0.7527357688149634	0.10082707124754685	98.16593485634976	101.59770937969604	0.002538950242030281	1.0001123173221471
2.137030334206848	1.892090950567501	0.06658944117150431	0.7528524106543213	0.10082707124754685	98.16593485634976	101.59770937969604	0.002538950242030281	1.0001123173221471
2.137030334206848	1.892090950567501	0.06658852140157294	0.7528524106543213	0.10082707124754685	98.16593485634976	101.59770937969604	0.002538950242030281	1.0001123173221471
2.137030334206848	1.8920852183416559	0.06658852140157294	0.7528524106543213	0.10082707124754685	98.16593485634976	101.59770937969604	0.002538950242030281	1.0001123173221471
2.1369474484250985	1.8920852183416559	0.06658852140157294	0.7528524106543213	0.10082707124754685	98.16593485634976	101.59770937969604	0.002538950242030281	1.0001123173221471
2.1369474484250985	1.8920852183416559	0.06658852140157294	0.7528524106543213	0.10082707124754685	98.16593485634976	101.59770937969604	0.002538950242030281	1.0001123173221471
2.1369474484250985	1.8920852183416559	0.06658852140157294	0.7528524106543213	0.10082707124754685	98.16593485634976	101.59770937969604	0.002538950242030281	1.0001123173221471
2.1369474484250985	1.8920852183416559	0.06658852140157294	0.7528524106543213	0.10082707124754685	98.16593485634976	101.59770937969604	0.002538950242030281	1.0001123173221471
2.1369474484250985	1.8920852183416559	0.06658852140157294	0.7528524106543213	0.10082707124754685	98.16593485634976	101.59770937969604	0.002538950242030281	1.0001123173221471
2.1369474484250985	1.8920852183416559	0.06658852140157294	0.7528524106543213	0.10082707124754685	98.16593485634976	101.59770937969604	0.002538950242030281	1.0001123173221471
2.1369474484250985	1.8920852183416559	0.06658852140157294	0.7528524106543213	0.10082709085263045	98.16593485634976	101.59770937969604	0.002538950242030281	1.0001123173221471
2.1369474484250985	1.8920852183416559	0.06658852140157294	0.7528524106543213	0.10082709085263045	98.16593485634976	99.34618014858485	0.002538950242030281	1.0001123173221471
2.1369474484250985	1.8920852183416559	0.06658852140157294	0.7528524106543213	0.10082709085263045	98.16593485634976	99.34618014858485	0.0025436284105309517	1.0001123173221471
2.1369474484250985	1.8920852183416559	0.06658852140157294	0.7528524106543213	0.10082709085263045	98.16593485634976	99.34618014858485	0.0025436284105309517	1.0001123173221471
2.1369474484250985	1.8920852183416559	0.06658852140157294	0.7528524106543213	0.10082709085263045	98.16593485634976	99.34618014858485	0.0025436284105309517	1.0001122623238843
2.1369474484250985	1.8920852183416559	0.06658852140157294	0.7528280995048223	0.10082709085263045	98.16593485634976	99.34618014858485	0.0025436284105309517	1.0001122623238843
2.13694726242987	1.8920852183416559	0.06658852140157294	0.7528280995048223	0.10082709085263045	98.16593485634976	99.34618014858485	0.0025436284105309517	1.0001122623238843
2.13694726242987	1.8920852183416559	0.06658852140157294	0.7528280995048223	0.10082709085263045	98.16593485634976	99.34618014858485	0.0025457950859069725	1.0001122623238843
2.13694726242987	1.8920852183416559	0.06658852140157294	0.7528026090994988	0.10082709085263045	98.16593485634976	99.34618014858485	0.0025457950859069725	1.0001122623238843
2.13694726242987	1.8920758007113923	0.06658852140157294	0.7528026090994988	0.10082709085263045	98.16593485634976	99.34618014858485	0.0025457950859069725	1.0001122623238843
2.13694726242987	1.8920758007113923	0.06658852140157294	0.7528026090994988	0.10082709085263045	98.16593485634976	99.34618014858485	0.0025457950859069725	1.0001122623238843
2.13694726242987	1.8920758007113923	0.06658852140157294	0.7528026090994988	0.10082709085263045	98.16593485634976	99.34618014858485	0.0025457950859069725	1.0001122623238843
2.13694726242987	1.8920758007113923	0.06658852140157294	0.7528026090994988	0.10082709085263045	98.16593485634976	99.34618014858485	0.0025457950859069725	1.0001124181193826
2.13694726242987	1.8920758007113923	0.06658852140157294	0.7528026090994988	0.10082709085263045	98.16593485634976	99.34618014858485	0.0025457950859069725	1.0001124181193826
2.13694726242987	1.8920758007113923	0.06658852140157294	0.7528026090994988	0.10082709085263045	98.16593485634976	99.34618014858485	0.0025457950859069725	1.0001124181193826
2.13694726242987	1.8920758007113923	0.06658852140157294	0.7528026090994988	0.10082709085263045	98.16593485634976	99.34618014858485	0.0025457950859069725	1.0001124181193826
2.13694726242987	1.8920758007113923	0.06658852140157294	0.7528026090994988	0.10082709085263045	98.16593485634976	99.34618014858485	0.0025457950859069725	1.0001124181193826
2.13694726242987	1.8920758007113923	0.06658852140157294	0.7528026090994988	0.10082709085263045	98.16593485634976	99.34618014858485	0.0025457950859069725	1.0001124181193826
2.13694726242987	1.8920758007113923	0.06658852140157294	0.7528026090994988	0.10082709085263045	98.16593485634976	99.34618014858485	0.0025457950859069725	1.0001124181193826
2.13694726242987	1.8920758007113923	0.06658852140157294	0.7528026090994988	0.10082709085263045	98.16085852937853	99.34618014858485	0.0025457950859069725	1.0001124181193826
2.13694726242987	1.8920758007113923	0.06658852140157294	0.7528026090994988	0.10084444335949391	98.16085852937853	99.34618014858485	0.0025457950859069725	1.0001124181193826
2.13694726242987	1.8920758007113923	0.06658852140157294	0.7528026090994988	0.10084444335949391	98.16085852937853	99.34618014858485	0.0025457950859069725	1.0001123814030097
2.13694726242987	1.8920758007113923	0.06658852140157294	0.7528026090994988	0.10084444335949391	98.16085852937853	99.34618014858485	0.0025457950859069725	1.0001123814030097
2.13694726242987	1.8920758007113923	0.06658852140157294	0.7528026090994988	0.10084444335949391	98.16085852937853	99.34618014858485	0.0025457950859069725	1.0001123814030097
2.13694726242987	1.8920758007113923	0.06658852140157294	0.7528026090994988	0.10084444335949391	98.16083092585201	99.34618014858485	0.0025457950859069725	1.0001123814030097
2.13694726242987	1.8920758007113923	0.06658852140157294	0.7528026090994988	0.10084444335949391	98.16083092585201	99.34618014858485	0.0025457950859069725	1.0001123814030097
2.13694726242987	1.8920758007113923	0.06658852140157294	0.7528026090994988	0.10084444335949391	98.16083092585201	99.34618014858485	0.0025372372976030823	1.0001123814030097
2.13694726242987	1.8920758007113923	0.06658852140157294	0.7528026090994988	0.10084444335949391	98.16083092585201	99.34618014858485	0.0025336697973730405	1.0001123814030097
2.13694726242987	1.8923398301447754	0.06658852140157294	0.7528026090994988	0.10084444335949391	98.16083092585201	99.34618014858485	0.0025336697973730405	1.0001123814030097
2.13694726242987	1.8923398301447754	0.06658852140157294	0.7528026090994988	0.10084444335949391	98.16083092585201	99.34618014858485	0.0025336649472657577	1.0001123814030097
2.136959484165803	1.8923398301447754	0.06658852140157294	0.7528026090994988	0.10084444335949391	98.16083092585201	99.34618014858485	0.0025336649472657577	1.0001123814030097
2.136959484165803	1.8923398301447754	0.06658852140157294	0.7528026090994988	0.10084444335949391	98.16083092585201	99.34618014858485	0.0025336649472657577	1.0001123814030097
2.136959484165803	1.8923398301447754	0.06658852140157294	0.7528026090994988	0.10084444335949391	98.16083092585201	99.26267635138689	0.0025336649472657577	1.0001123814030097
2.136959484165803	1.8923398301447754	0.06658852140157294	0.7528026090994988	0.10084444335949391	98.16083092585201	99.26267635138689	0.0025336649472657577	1.0001124390391305
2.136959484165803	1.8923398301447754	0.06658852140157294	0.7528026090994988	0.10084444335949391	98.16083092585201	99.26267635138689	0.0025344287237867424	1.0001124390391305
2.136959484165803	1.8923398301447754	0.06658852140157294	0.7528026090994988	0.10084444335949391	98.16083092585201	99.26267635138689	0.0025344287237867424	1.0001124390391305
2.136959484165803	1.8923398301447754	0.06658852140157294	0.7528026090994988	0.10084444335949391	98.16083092585201	99.26267635138689	0.0025344287237867424	1.0001124390391305
2.136959484165803	1.8923398301447754	0.06658852140157294	0.7528026090994988	0.10084444335949391	98.16083092585201	99.26267635138689	0.0025344287237867424	1.0001124390391305
2.136959484165803	1.8923398301447754	0.06658852140157294	0.7528026090994988	0.10084444335949391	98.16086619273948	99.26267635138689	0.0025344287237867424	1.0001124390391305
2.136959484165803	1.8923398301447754	0.06658852140157294	0.7528026090994988	0.10084444335949391	98.16086619273948	99.26267635138689	0.0025344287237867424	1.0001124361055298
2.136959484165803	1.8923398301447754	0.06658852140157294	0.7528026090994988	0.10084444335949391	98.16086619273948	99.26269036704075	0.0025344287237867424	1.0001124361055298
2.136959484165803	1.8923398301447754	0.06658852140157294	0.7528026090994988	0.10084444335949391	98.16086619273948	99.26269036704075	0.0025344287237867424	1.0001124361055298
2.136959484165803	1.8923398301447754	0.06658852140157294	0.7528026090994988	0.10084444335949391	98.16086619273948	99.26269036704075	0.0025638350857641714	1.0001124361055298
2.136959484165803	1.8923398301447754	0.06658852140157294	0.7528026090994988	0.10084531760287402	98.16086619273948	99.26269036704075	0.0025638350857641714	1.0001124361055298
2.136959484165803	1.8923398301447754	0.06658852140157294	0.7528026090994988	0.10083998924857301	98.16086619273948	99.26269036704075	0.0025638350857641714	1.0001124361055298
2.1371471200263814	1.8923398301447754	0.06658852140157294	0.7528026090994988	0.10083998924857301	98.16086619273948	99.26269036704075	0.0025638350857641714	1.0001124361055298
2.1371471200263814	1.8923398301447754	0.06658852140157294	0.7528026090994988	0.10083998924857301	98.16086619273948	99.26269036704075	0.0025638350857641714	1.0001124361055298
2.1371471200263814	1.8923398301447754	0.06658852140157294	0.7528026090994988	0.10084109429904248	98.16086619273948	99.26269036704075	0.0025638350857641714	1.0001124361055298
2.1371471200263814	1.8923398301447754	0.06658852140157294	0.7528026090994988	0.10084103118264089	98.16086619273948	99.26269036704075	0.0025638350857641714	1.0001124361055298
2.1371471200263814	1.8923398301447754	0.06658852140157294	0.7528026090994988	0.10084103118264089	98.16086619273948	99.54145548439298	0.0025638350857641714	1.0001124361055298
2.1371471200263814	1.8923398301447754	0.06658852140157294	0.7528026090994988	0.10084103118264089	98.16086619273948	99.54141129527181	0.0025638350857641714	1.0001124361055298
2.1371471200263814	1.8923394652724272	0.06658852140157294	0.7528026090994988	0.10084103118264089	98.16086619273948	99.54141129527181	0.0025638350857641714	1.0001124361055298
2.1371471200263814	1.8923394652724272	0.06658852140157294	0.7528026090994988	0.10084103118264089	98.16086619273948	99.5247171423685	0.0025638350857641714	1.0001124361055298
2.1371471200263814	1.8923394652724272	0.06658852140157294	0.7528026090994988	0.10084103118264089	98.16086619273948	99.5247171423685	0.0025638350857641714	1.0001124361055298
2.1371471200263814	1.8923394652724272	0.06658852140157294	0.7528026090994988	0.10084103118264089	98.16086619273948	99.5247171423685	0.0025638350857641714	1.0001124361055298
2.137353913124617	1.8923394652724272	0.06658852140157294	0.7528026090994988	0.10084103118264089	98.16086619273948	99.5247171423685	0.0025638350857641714	1.0001124361055298
2.137353913124617	1.892338130019892	0.06658852140157294	0.7528026090994988	0.10084103118264089	98.16086619273948	99.5247171423685	0.0025638350857641714	1.0001124361055298
2.137353913124617	1.892338130019892	0.06658852140157294	0.7528026090994988	0.10084103118264089	98.16086619273948	99.5247171423685	0.0025638350857641714	1.0001124361055298
2.137353913124617	1.892338130019892	0.06658852140157294	0.7528026090994988	0.10084103118264089	98.16086619273948	99.5247171423685	0.0025638350857641714	1.0001124361055298
2.137353913124617	1.892338130019892	0.06658852140157294	0.7528026090994988	0.10084103118264089	98.16086619273948	99.5247171423685	0.0023388691804344408	1.0001124361055298
2.137353913124617	1.892338130019892	0.06658852140157294	0.7528026090994988	0.10084103118264089	98.16086619273948	99.5247171423685	0.0023388691804344408	1.0001124361055298
2.137353913124617	1.892338130019892	0.06658852140157294	0.7528026090994988	0.10084103118264089	98.16086619273948	99.5247171423685	0.0023388691804344408	1.0001124361055298
2.137353913124617	1.8930981939591656	0.06658852140157294	0.7528026090994988	0.10084103118264089	98.16086619273948	99.5247171423685	0.0023388691804344408	1.0001124361055298
2.137353913124617	1.8930981939591656	0.06658852140157294	0.7528026090994988	0.10084103118264089	98.16086619273948	99.5247171423685	0.0023388691804344408	1.0001067255169143
2.137353913124617	1.8930981939591656	0.06658852140157294	0.7528026090994988	0.10084103118264089	98.15500935600896	99.5247171423685	0.0023388691804344408	1.0001067255169143
2.137353913124617	1.893315404515301	0.06658852140157294	0.7528026090994988	0.10084103118264089	98.15500935600896	99.5247171423685	0.0023388691804344408	1.0001067255169143
2.137300887292188	1.893315404515301	0.06658852140157294	0.7528026090994988	0.10084103118264089	98.15500935600896	99.5247171423685	0.0023388691804344408	1.0001067255169143
2.1372721614748906	1.893315404515301	0.06658852140157294	0.7528026090994988	0.10084103118264089	98.15500935600896	99.5247171423685	0.0023388691804344408	1.0001067255169143
2.1372721614748906	1.893315404515301	0.06658852140157294	0.7528026090994988	0.10084103118264089	98.15500935600896	99.5247171423685	0.0023388691804344408	1.0001067255169143
2.1372721614748906	1.893315404515301	0.06658852140157294	0.7528026090994988	0.10084103118264089	98.15500935600896	99.5247171423685	0.0023388691804344408	1.0001067255169143
2.1372721614748906	1.893315404515301	0.06658852140157294	0.7520932031660795	0.10084103118264089	98.15500935600896	99.5247171423685	0.0023388691804344408	1.0001067255169143
2.1372721614748906	1.8932966942803136	0.06658852140157294	0.7520932031660795	0.10084103118264089	98.15500935600896	99.5247171423685	0.0023388691804344408	1.0001067255169143
2.1372721614748906	1.8932966942803136	0.06658852140157294	0.7520932031660795	0.10084103118264089	98.15500935600896	99.5247171423685	0.002403135344403789	1.0001067255169143
2.1372721614748906	1.8932966942803136	0.06658852140157294	0.7520932031660795	0.10084103118264089	98.15502251696363	99.5247171423685	0.002403135344403789	1.0001067255169143
2.1372721614748906	1.8932966942803136	0.06658852140157294	0.7520932031660795	0.10084103118264089	98.15502251696363	99.5247171423685	0.002403135344403789	1.0001067255169143
2.1372721614748906	1.8932966942803136	0.06658852140157294	0.7521009820217162	0.10084103118264089	98.15502251696363	99.5247171423685	0.002403135344403789	1.0001067255169143
2.1372721614748906	1.8932966942803136	0.06658852140157294	0.7521077067003855	0.10084103118264089	98.15502251696363	99.5247171423685	0.002403135344403789	1.0001067255169143
2.1372721614748906	1.8932966942803136	0.06658852140157294	0.7521077067003855	0.1008396828992511	98.15502251696363	99.5247171423685	0.002403135344403789	1.0001067255169143
2.1372721614748906	1.8932966942803136	0.06658852140157294	0.7521077067003855	0.1008396828992511	98.15502251696363	99.5247171423685	0.002403135344403789	1.0001067255169143
2.1372721614748906	1.8932966942803136	0.06657413106742972	0.7521077067003855	0.1008396828992511	98.15502251696363	99.5247171423685	0.002403135344403789	1.0001067255169143
2.1372721614748906	1.8932966942803136	0.06657413106742972	0.7521077067003855	0.10081280727139885	98.15502251696363	99.5247171423685	0.002403135344403789	1.0001067255169143
2.1372721614748906	1.8932966942803136	0.06657413106742972	0.7521077067003855	0.10081280727139885	98.15502251696363	99.5247171423685	0.002403135344403789	1.0001067255169143
2.1372721614748906	1.8932966942803136	0.06657413106742972	0.7521077067003855	0.10081280727139885	98.15502251696363	99.5247171423685	0.002403135344403789	1.0001067255169143
2.1372721614748906	1.8932966942803136	0.06657104223547933	0.7521077067003855	0.10081280727139885	98.15502251696363	99.5247171423685	0.002403135344403789	1.0001067255169143
2.1372721614748906	1.8932966942803136	0.06657104223547933	0.7521077067003855	0.10081280727139885	98.15502251696363	99.5247171423685	0.002403135344403789	1.0001067255169143
2.1372721614748906	1.8932948348492227	0.06657104223547933	0.7521077067003855	0.10081280727139885	98.15502251696363	99.5247171423685	0.002403135344403789	1.0001067255169143
2.1372721614748906	1.8933134408719978	0.06657104223547933	0.7521077067003855	0.10081280727139885	98.15502251696363	99.5247171423685	0.002403135344403789	1.0001067255169143
2.1371006152184826	1.8933134408719978	0.06657104223547933	0.7521077067003855	0.10081280727139885	98.15502251696363	99.5247171423685	0.002403135344403789	1.0001067255169143
2.1371006152184826	1.8933134408719978	0.06657104223547933	0.7521077067003855	0.10081280727139885	98.15502251696363	99.5247171423685	0.002403135344403789	1.0001072505754671
2.1371006152184826	1.8933134408719978	0.06657104223547933	0.7521077067003855	0.10081292691204932	98.15502251696363	99.5247171423685	0.002403135344403789	1.0001072505754671
2.1371006152184826	1.8933134408719978	0.06657104223547933	0.7521077067003855	0.10081292691204932	98.15502251696363	99.5247171423685	0.002403135344403789	1.0001072505754671
2.1371006152184826	1.8933134408719978	0.06657104223547933	0.7521077067003855	0.10081292691204932	98.15502251696363	99.5247171423685	0.002403135344403789	1.0001072505754671
2.1371006152184826	1.8933134408719978	0.06657104223547933	0.7521077067003855	0.10081292691204932	98.15249901509664	99.5247171423685	0.002403135344403789	1.0001072505754671
2.1371006152184826	1.8933134408719978	0.06657104223547933	0.7521077067003855	0.10081292691204932	98.15249901509664	99.5247171423685	0.002403135344403789	1.0001072505754671
2.1371006152184826	1.8933134408719978	0.06657104223547933	0.7521077067003855	0.10081292691204932	98.15249901509664	99.5247171423685	0.002403135344403789	1.0001072505754671
2.1371006152184826	1.8933134408719978	0.06657104223547933	0.7521077067003855	0.10082453099249897	98.15249901509664	99.5247171423685	0.002403135344403789	1.0001072505754671
2.1371006152184826	1.8933134408719978	0.06657104223547933	0.7521077067003855	0.10082453099249897	98.15249901509664	99.5247171423685	0.002403135344403789	1.0001072505754671
2.1371006152184826	1.8933134408719978	0.06657104223547933	0.7521077067003855	0.10082453099249897	98.15249901509664	99.5247171423685	0.002403135344403789	1.0001072505754671
2.1371006152184826	1.8933134408719978	0.06657104223547933	0.7521077067003855	0.10082453099249897	98.15249901509664	99.52576533670508	0.002403135344403789	1.0001072505754671
2.1371006152184826	1.8933134408719978	0.06657104223547933	0.7521077067003855	0.10082453099249897	98.15249901509664	99.52576533670508	0.002403135344403789	1.0001072505754671
2.1371006152184826	1.8933134408719978	0.06657104223547933	0.7521077067003855	0.10082453099249897	98.15249901509664	99.52576533670508	0.002403135344403789	1.0001072505754671
2.1371006152184826	1.8933134408719978	0.06657104223547933	0.7521077067003855	0.10082453099249897	98.15249901509664	99.52576533670508	0.002403135344403789	1.0001072505754671
2.1371006152184826	1.8933713911819159	0.06657104223547933	0.7521077067003855	0.10082453099249897	98.15249901509664	99.52576533670508	0.002403135344403789	1.0001072505754671
2.1371006152184826	1.8933713911819159	0.06657104223547933	0.7521077067003855	0.10082453099249897	98.15249901509664	99.52576533670508	0.002403135344403789	1.0001077214296912
2.1371006152184826	1.8933713911819159	0.06657104223547933	0.7521077067003855	0.10086587286860918	98.15249901509664	99.52576533670508	0.002403135344403789	1.0001077214296912
2.1371006152184826	1.8932693057795043	0.06657104223547933	0.7521077067003855	0.10086587286860918	98.15249901509664	99.52576533670508	0.002403135344403789	1.0001077214296912
2.1371006152184826	1.8932387979101362	0.06657104223547933	0.7521077067003855	0.10086587286860918	98.15249901509664	99.52576533670508	0.002403135344403789	1.0001077214296912
2.1371006152184826	1.8932387979101362	0.06657104223547933	0.7521077067003855	0.10086587286860918	98.15108495783024	99.52576533670508	0.002403135344403789	1.0001077214296912
2.1371006152184826	1.8932387979101362	0.06657104223547933	0.7521077067003855	0.10086587286860918	98.15108495783024	99.52576533670508	0.002403135344403789	1.0001077214296912
2.1371006152184826	1.8932387979101362	0.06657104223547933	0.7521077067003855	0.10086587286860918	98.15108495783024	99.52576533670508	0.002403135344403789	1.0001077214296912
2.1371006152184826	1.8932387979101362	0.0665212048665202	0.7521077067003855	0.10086587286860918	98.15108495783024	99.52576533670508	0.002403135344403789	1.0001077214296912
2.1371006152184826	1.8932387979101362	0.0665212048665202	0.7521077067003855	0.10085679575130652	98.15108495783024	99.52576533670508	0.002403135344403789	1.0001077214296912
2.1371006152184826	1.8932387979101362	0.06656443669832608	0.7521077067003855	0.10085679575130652	98.15108495783024	99.52576533670508	0.002403135344403789	1.0001077214296912
2.1371361285061354	1.8932387979101362	0.06656443669832608	0.7521077067003855	0.10085679575130652	98.15108495783024	99.52576533670508	0.002403135344403789	1.0001077214296912
2.1371361285061354	1.8932387979101362	0.06656443669832608	0.7521077067003855	0.10085679575130652	98.15108495783024	100.27720400034555	0.002403135344403789	1.0001077214296912
2.1371361285061354	1.8932387979101362	0.06656443669832608	0.7521077067003855	0.10085679575130652	98.15108495783024	100.27720400034555	0.002403135344403789	1.0001077214296912
2.1371361285061354	1.8932387979101362	0.06656443669832608	0.7521077067003855	0.10085679575130652	98.15108495783024	100.27720400034555	0.002403135344403789	1.0001077214296912
2.1371361285061354	1.8932387979101362	0.06656443669832608	0.7521077067003855	0.10085679575130652	98.15109528156586	100.27720400034555	0.002403135344403789	1.0001077214296912
2.1371361285061354	1.8932142796375817	0.06656443669832608	0.7521077067003855	0.10085679575130652	98.15109528156586	100.27720400034555	0.002403135344403789	1.0001077214296912
2.1371361285061354	1.8932142796375817	0.06656443669832608	0.7521077067003855	0.10085679575130652	98.15109528156586	100.27720400034555	0.002403135344403789	1.0001077214296912
2.1371361285061354	1.8932142796375817	0.06656443669832608	0.7521077067003855	0.10085686722752411	98.15109528156586	100.27720400034555	0.002403135344403789	1.0001077214296912
2.1371361285061354	1.8932142796375817	0.06656443669832608	0.7521077067003855	0.10085686722752411	98.15109528156586	100.27720400034555	0.002403135344403789	1.0001077214296912
2.1371361285061354	1.8932142796375817	0.06656443669832608	0.7521077067003855	0.10085686722752411	98.15109528156586	100.31357443772215	0.002403135344403789	1.0001077214296912
2.1371361285061354	1.8932142796375817	0.06656443669832608	0.7521077067003855	0.10085686722752411	98.15109528156586	99.67992172769067	0.002403135344403789	1.0001077214296912
2.1371361285061354	1.8932247462338314	0.06656443669832608	0.7521077067003855	0.10085686722752411	98.15109528156586	99.67992172769067	0.002403135344403789	1.0001077214296912
2.1371361285061354	1.8932247462338314	0.06656443669832608	0.7521077067003855	0.10085686722752411	98.15109528156586	99.67992172769067	0.002403135344403789	1.000107779258614
2.1371361285061354	1.8932247462338314	0.06656443669832608	0.7521077067003855	0.10085686722752411	98.15109528156586	99.67992172769067	0.002403135344403789	1.0001146083645827
2.1371361285061354	1.8932247462338314	0.06656443669832608	0.7521077067003855	0.10085686722752411	98.15109528156586	99.67992172769067	0.002403135344403789	1.0001146083645827
2.1371361285061354	1.8932247462338314	0.06656443669832608	0.7521077067003855	0.10085686722752411	98.15109528156586	99.67992172769067	0.002403135344403789	1.0001146083645827
2.1371361285061354	1.8932247462338314	0.06656443669832608	0.7521077067003855	0.10085686722752411	98.15109528156586	99.67992172769067	0.002403135344403789	1.0001146083645827
2.1371361285061354	1.8932247462338314	0.06656443669832608	0.7521077067003855	0.10085686722752411	98.15687120071323	99.67992172769067	0.002403135344403789	1.0001146083645827
2.1371361285061354	1.8932247462338314	0.06656443669832608	0.7521077067003855	0.10085686722752411	98.15687120071323	99.67992172769067	0.002403135344403789	1.0001146083645827
2.1370761562830807	1.8932247462338314	0.06656443669832608	0.7521077067003855	0.10085686722752411	98.15687120071323	99.67992172769067	0.002403135344403789	1.0001146083645827
2.1370761562830807	1.8932247462338314	0.06656443669832608	0.7522412273166711	0.10085686722752411	98.15687120071323	99.67992172769067	0.002403135344403789	1.0001146083645827
2.1370761562830807	1.8932247462338314	0.06656443669832608	0.7522412273166711	0.10085686722752411	98.16337728447861	99.67992172769067	0.002403135344403789	1.0001146083645827
2.1370761562830807	1.8932247462338314	0.06656443669832608	0.7522412273166711	0.10085686722752411	98.16337728447861	99.67992172769067	0.002402383364564322	1.0001146083645827
2.1370761562830807	1.8932247462338314	0.06656443669832608	0.7522412273166711	0.10085686722752411	98.16337728447861	99.67992172769067	0.002402383364564322	1.0001146083645827
2.1370761562830807	1.8932247462338314	0.06656443669832608	0.7522412273166711	0.10085686722752411	98.16361928620158	99.67992172769067	0.002402383364564322	1.0001146083645827
2.1370666482847023	1.8932247462338314	0.06656443669832608	0.7522412273166711	0.10085686722752411	98.16361928620158	99.67992172769067	0.002402383364564322	1.0001146083645827
2.1370666482847023	1.8932247462338314	0.06656443669832608	0.7522412273166711	0.10085686722752411	98.16361928620158	99.67992172769067	0.002402383364564322	1.0001146083645827
2.1370666482847023	1.8932247462338314	0.06656443669832608	0.7522412273166711	0.10085686722752411	98.16361928620158	99.67992172769067	0.002402383364564322	1.0001146083645827
2.1370666482847023	1.8932247462338314	0.06656443669832608	0.7522412273166711	0.10085686722752411	98.16361928620158	99.67992172769067	0.002402383364564322	1.0001146083645827
2.1370666482847023	1.8932247462338314	0.06656443669832608	0.7522412273166711	0.10085692080268295	98.16361928620158	99.67992172769067	0.002402383364564322	1.0001146083645827
2.1370666482847023	1.8932247462338314	0.06656443669832608	0.7522412273166711	0.10085692080268295	98.16361928620158	99.67992172769067	0.002938545724690758	1.0001146083645827
2.1370666482847023	1.8932247462338314	0.06656443669832608	0.7522420428965182	0.10085692080268295	98.16361928620158	99.67992172769067	0.002938545724690758	1.0001146083645827
2.1370666482847023	1.8932247462338314	0.06656443669832608	0.7522435649570819	0.10085692080268295	98.16361928620158	99.67992172769067	0.002938545724690758	1.0001146083645827
2.1370666482847023	1.8932247462338314	0.06656443669832608	0.7522435649570819	0.10085692080268295	98.16361928620158	99.67992172769067	0.002938545724690758	1.0001146083645827
2.137524670991156	1.8932247462338314	0.06656443669832608	0.7522435649570819	0.10085692080268295	98.16361928620158	99.67992172769067	0.002938545724690758	1.0001146083645827
2.137524670991156	1.8932247462338314	0.06656443669832608	0.7522435649570819	0.10085692080268295	98.16361928620158	99.67992172769067	0.002938545724690758	1.0001146083645827
2.137524670991156	1.8932247462338314	0.06656443669832608	0.7522435649570819	0.10085692080268295	98.16361928620158	99.65885532529374	0.002938545724690758	1.0001146083645827
2.137524670991156	1.8932247462338314	0.06656443669832608	0.7522435649570819	0.10085692080268295	98.16361928620158	99.65885532529374	0.002938545724690758	1.0001141587142148
2.137524670991156	1.8932247462338314	0.06656443669832608	0.7522435649570819	0.10085692080268295	98.16361928620158	99.65885532529374	0.002938545724690758	1.0001141587142148
2.137524670991156	1.8932247462338314	0.06656443669832608	0.7522435649570819	0.10085692080268295	98.16361928620158	99.65885532529374	0.002938545724690758	1.0001141587142148
2.137524670991156	1.8932247462338314	0.06656789468875408	0.7522435649570819	0.10085692080268295	98.16361928620158	99.65885532529374	0.002938545724690758	1.0001141587142148
2.1375256329594507	1.8932247462338314	0.06656789468875408	0.7522435649570819	0.10085692080268295	98.16361928620158	99.65885532529374	0.002938545724690758	1.0001141587142148
2.1375256329594507	1.8932247462338314	0.06656789468875408	0.7522435649570819	0.10085692080268295	98.16361928620158	99.65885532529374	0.002938545724690758	1.0001141587142148
2.1375256329594507	1.8932247462338314	0.06656789468875408	0.7522435649570819	0.10085692080268295	98.16361928620158	99.65885532529374	0.002938545724690758	1.0001141587142148
2.1375256329594507	1.8932247462338314	0.06656789468875408	0.7522435649570819	0.10085692080268295	98.16361928620158	99.65885532529374	0.002938545724690758	1.0001141587142148
2.137540938764426	1.8932247462338314	0.06656789468875408	0.7522435649570819	0.10085692080268295	98.16361928620158	99.65885532529374	0.002938545724690758	1.0001141587142148
2.137540938764426	1.8932247462338314	0.06656789468875408	0.7522435649570819	0.10085692080268295	98.16361928620158	99.65885532529374	0.002938545724690758	1.0001141587142148
2.137540938764426	1.8932247462338314	0.06656320830989397	0.7522435649570819	0.10085692080268295	98.16361928620158	99.65885532529374	0.002938545724690758	1.0001141587142148
2.137540938764426	1.8932247462338314	0.06656320830989397	0.7522435649570819	0.10085692080268295	98.16361928620158	99.65885532529374	0.002938545724690758	1.0001141587142148
2.137540938764426	1.8932247462338314	0.06656320830989397	0.7522435649570819	0.10085692080268295	98.16361928620158	99.65885532529374	0.002938545724690758	1.0001141587142148
2.137540938764426	1.8932247462338314	0.06656320830989397	0.7522435649570819	0.10085692080268295	98.16361928620158	99.65885532529374	0.002938545724690758	1.0001141587142148
2.137540938764426	1.8932247462338314	0.06656320830989397	0.7522435649570819	0.10085692080268295	98.16361928620158	99.65885532529374	0.002938545724690758	1.0001141587142148
2.137540938764426	1.8932247462338314	0.06656320830989397	0.7522435649570819	0.10085692080268295	98.16361928620158	99.65885532529374	0.002938545724690758	1.0001141587142148
2.137540938764426	1.8932247462338314	0.06656320830989397	0.7522435649570819	0.10085692080268295	98.16796856520203	99.65885532529374	0.002938545724690758	1.0001141587142148
2.1375423855094415	1.8932247462338314	0.06656320830989397	0.7522435649570819	0.10085692080268295	98.16796856520203	99.65885532529374	0.002938545724690758	1.0001141587142148
2.1375423855094415	1.8932247462338314	0.06656320830989397	0.7522435649570819	0.10085692080268295	98.16796856520203	99.65885532529374	0.002930955755016226	1.0001141587142148
2.1375423855094415	1.8932247462338314	0.06656320830989397	0.7522435649570819	0.10085692080268295	98.16796856520203	99.65885532529374	0.002930955755016226	1.0001141587142148
2.1375423855094415	1.8932247462338314	0.06656320830989397	0.7522435649570819	0.10085692080268295	98.16796856520203	99.65885532529374	0.002930955755016226	1.0001138978544375
2.1375417099475977	1.8932247462338314	0.06656320830989397	0.7522435649570819	0.10085692080268295	98.16796856520203	99.65885532529374	0.002930955755016226	1.0001138978544375
2.1375417099475977	1.893218223386037	0.06656320830989397	0.7522435649570819	0.10085692080268295	98.16796856520203	99.65885532529374	0.002930955755016226	1.0001138978544375
2.1375417099475977	1.893218223386037	0.06656320830989397	0.7522435649570819	0.10085537932140518	98.16796856520203	99.65885532529374	0.002930955755016226	1.0001138978544375
2.1375417099475977	1.8932331720831443	0.06656320830989397	0.7522435649570819	0.10085537932140518	98.16796856520203	99.65885532529374	0.002930955755016226	1.0001138978544375
2.1375417099475977	1.8932331720831443	0.06656320830989397	0.7522435649570819	0.10085537932140518	98.16796856520203	99.65885532529374	0.002930955755016226	1.0001138978544375
2.1375417099475977	1.8932331720831443	0.06656320830989397	0.7522435649570819	0.10085537932140518	98.16796856520203	99.65885532529374	0.002930955755016226	1.0001138978544375
2.1375417099475977	1.8932331720831443	0.06656320830989397	0.7522435649570819	0.10078385403278207	98.16796856520203	99.65885532529374	0.002930955755016226	1.0001138978544375
2.1375417099475977	1.8932331720831443	0.06656320830989397	0.7522435649570819	0.10078385403278207	98.16796856520203	99.65885532529374	0.002930955755016226	1.0001031805611484
2.1375417099475977	1.8932331720831443	0.06656320830989397	0.7522435649570819	0.10078385403278207	98.16796856520203	99.65885532529374	0.002930955755016226	1.0001031805611484
2.1375417099475977	1.8932331720831443	0.06656320830989397	0.7522435649570819	0.10078385403278207	98.17845279986152	99.65885532529374	0.002930955755016226	1.0001031805611484
2.1375417099475977	1.8932331720831443	0.06656320830989397	0.7522435649570819	0.10078385403278207	98.17845279986152	99.65885532529374	0.002930955755016226	1.0001031805611484
2.1375417099475977	1.8932331720831443	0.06656320830989397	0.7522435649570819	0.10078385403278207	98.17845279986152	99.65716018261743	0.002930955755016226	1.0001031805611484
2.1375417099475977	1.8932331720831443	0.06656320830989397	0.7522435649570819	0.10078388421531091	98.17845279986152	99.65716018261743	0.002930955755016226	1.0001031805611484
2.1375417099475977	1.8932331720831443	0.06656320830989397	0.7522435649570819	0.10078388421531091	98.17845279986152	99.65716018261743	0.0029309618550801414	1.0001031805611484
2.1375417099475977	1.8932331720831443	0.06656320830989397	0.7522435649570819	0.10078388421531091	98.17845279986152	99.65716018261743	0.0029310262566155905	1.0001031805611484
2.1375417099475977	1.8932331720831443	0.06656320830989397	0.7522435649570819	0.10078388421531091	98.17845279986152	99.65716018261743	0.0029310262566155905	1.0001031805611484
2.1375417099475977	1.8932331720831443	0.06656320830989397	0.7522435649570819	0.10078388421531091	98.17845279986152	99.65716018261743	0.0029310262566155905	1.0001031805611484
2.1375417099475977	1.8932331720831443	0.06656320830989397	0.7522435649570819	0.10078388421531091	98.17845279986152	99.65716018261743	0.0029310262566155905	1.0001031805611484
2.1375417099475977	1.8932331720831443	0.06656320830989397	0.7522435649570819	0.10078388421531091	98.17845279986152	99.1770852262681	0.0029310262566155905	1.0001031805611484
2.1375417099475977	1.8932331720831443	0.06656320830989397	0.7522435649570819	0.10078388421531091	98.17845279986152	99.1770852262681	0.002931056361404892	1.0001031805611484
2.1375417099475977	1.8932331720831443	0.06656320830989397	0.7522435649570819	0.10078388421531091	98.18006484123067	99.1770852262681	0.002931056361404892	1.0001031805611484
2.1375417099475977	1.8932331720831443	0.06656320830989397	0.7522435649570819	0.10078388421531091	98.18006484123067	99.1764993129483	0.002931056361404892	1.0001031805611484
2.1375417099475977	1.8932331720831443	0.06656320830989397	0.7522435649570819	0.10078388421531091	98.18006484123067	99.1764993129483	0.002931056361404892	1.0001031805611484
2.1375417099475977	1.8932331720831443	0.06656320830989397	0.7522435649570819	0.10078388421531091	98.18006484123067	99.1764993129483	0.002931056361404892	1.0001031805611484
2.1375417099475977	1.8932331720831443	0.06656320830989397	0.7522435649570819	0.10078388421531091	98.18006484123067	99.1764993129483	0.002931056361404892	1.0001044578734837
2.1375417099475977	1.8932331720831443	0.06656320830989397	0.7522435649570819	0.10078388421531091	98.18006484123067	99.1764993129483	0.002931056361404892	1.0001044669762646
2.1375417099475977	1.8932331720831443	0.06656320830989397	0.7522435649570819	0.10078388421531091	98.18006484123067	99.1764993129483	0.002931056361404892	1.0001044669762646
2.1375417099475977	1.8932331720831443	0.06656320830989397	0.7522435649570819	0.10079369018389979	98.18006484123067	99.1764993129483	0.002931056361404892	1.0001044669762646
2.1375417099475977	1.8932331720831443	0.06656320830989397	0.7522435649570819	0.10079369018389979	98.17978577512078	99.1764993129483	0.002931056361404892	1.0001044669762646
2.1375417099475977	1.8932331720831443	0.06656320830989397	0.7522435649570819	0.10079369018389979	98.17978577512078	99.1764993129483	0.002931056361404892	1.0001044669762646
2.1375417099475977	1.8932331720831443	0.06656320830989397	0.7522435649570819	0.10079369018389979	98.17978577512078	99.1764993129483	0.002931056361404892	1.0001000895144987
2.1375417099475977	1.8932331720831443	0.06656320830989397	0.7522435649570819	0.10079369018389979	98.17978577512078	99.1764993129483	0.002931056361404892	1.0001000895144987
2.138184769841668	1.8932331720831443	0.06656320830989397	0.7522435649570819	0.10079369018389979	98.17978577512078	99.1764993129483	0.002931056361404892	1.0001000895144987
2.138184769841668	1.8932331720831443	0.06656320830989397	0.7522435649570819	0.10079369018389979	98.17978577512078	99.1764993129483	0.002931056361404892	1.0001000895144987
2.138184769841668	1.8932331720831443	0.06656320830989397	0.7522435649570819	0.10079369018389979	98.17978577512078	99.18199644742755	0.002931056361404892	1.0001000895144987
2.138184769841668	1.8932331720831443	0.06656320830989397	0.7522435649570819	0.10079369018389979	98.17957883657519	99.18199644742755	0.002931056361404892	1.0001000895144987
2.138184769841668	1.8932331720831443	0.06656320830989397	0.7522435649570819	0.10079369018389979	98.17957883657519	99.18199644742755	0.002931056361404892	1.0001000895144987
2.138184769841668	1.8932331720831443	0.06656320830989397	0.7522435649570819	0.10079369018389979	98.17957883657519	99.18199644742755	0.002931056361404892	1.0000999416727638
2.138184769841668	1.8932331720831443	0.06656320830989397	0.7522435649570819	0.10079369018389979	98.17957883657519	99.18199644742755	0.0029111802572325874	1.0000999416727638
2.138184769841668	1.8932331720831443	0.06656320830989397	0.7522435649570819	0.10079354111375188	98.17957883657519	99.18199644742755	0.0029111802572325874	1.0000999416727638
2.138184769841668	1.8932331720831443	0.06656320830989397	0.7522435649570819	0.10079354111375188	98.17957883657519	99.18199644742755	0.0023798268896097216	1.0000999416727638
2.138184769841668	1.8932331720831443	0.06656320830989397	0.7522435649570819	0.10079354111375188	98.17957883657519	99.18199644742755	0.0023798268896097216	1.0000998992995949
2.138184769841668	1.8932331720831443	0.06656320830989397	0.7522435649570819	0.10079354111375188	98.17957883657519	99.18199644742755	0.0023798268896097216	1.0000998992995949
2.138184786363126	1.8932331720831443	0.06656320830989397	0.7522435649570819	0.10079354111375188	98.17957883657519	99.18199644742755	0.0023798268896097216	1.0000998992995949
2.138184786363126	1.893218529538645	0.06656320830989397	0.7522435649570819	0.10079354111375188	98.17957883657519	99.18199644742755	0.0023798268896097216	1.0000998992995949
2.138184786363126	1.893218529538645	0.06656320830989397	0.7522435649570819	0.10079354111375188	98.17957883657519	99.18199644742755	0.0023798268896097216	1.0000998992995949
2.138184786363126	1.893218529538645	0.06656320830989397	0.7522435649570819	0.10079354111375188	98.17957883657519	99.18199644742755	0.0023798268896097216	1.0000998992995949
2.138184786363126	1.893218529538645	0.06665392568443307	0.7522435649570819	0.10079354111375188	98.17957883657519	99.18199644742755	0.0023798268896097216	1.0000998992995949
2.138184786363126	1.893218529538645	0.06665392568443307	0.7522435649570819	0.10079650795685989	98.17957883657519	99.18199644742755	0.0023798268896097216	1.0000998992995949
2.138184786363126	1.893218529538645	0.06665392568443307	0.7522435649570819	0.10079650795685989	98.17957883657519	99.18199644742755	0.0023835589557103195	1.0000998992995949
2.138184786363126	1.893218529538645	0.06665392568443307	0.7522435649570819	0.10079650795685989	98.17957883657519	99.1817448704574	0.0023835589557103195	1.0000998992995949
2.138184786363126	1.893218529538645	0.06665392568443307	0.7522435649570819	0.10079650795685989	98.17957883657519	99.1817448704574	0.0023835589557103195	1.0000998992995949
2.138184786363126	1.893218529538645	0.06665392568443307	0.7522354825945778	0.10079650795685989	98.17957883657519	99.1817448704574	0.0023835589557103195	1.0000998992995949
2.138184786363126	1.893218529538645	0.06665392568443307	0.7522354825945778	0.10079650795685989	98.17957883657519	99.1817448704574	0.0023835589557103195	1.0000998992995949
2.138184786363126	1.893218529538645	0.06667710800300992	0.7522354825945778	0.10079650795685989	98.17957883657519	99.1817448704574	0.0023835589557103195	1.0000998992995949
2.138184786363126	1.893218529538645	0.06667710800300992	0.7522354825945778	0.10079650795685989	98.17957883657519	99.1817448704574	0.0023835589557103195	1.0000998992995949
2.138184786363126	1.893218529538645	0.06667710800300992	0.7522354825945778	0.10079650795685989	98.17957883657519	99.1817448704574	0.0023835589557103195	1.0000998992995949
2.138184786363126	1.8932193042669252	0.06667710800300992	0.7522354825945778	0.10079650795685989	98.17957883657519	99.1817448704574	0.0023835589557103195	1.0000998992995949
2.138184786363126	1.8932193042669252	0.06667710800300992	0.7522354825945778	0.10079650795685989	98.17957883657519	99.1817448704574	0.0023835589557103195	1.0000998992995949
2.138184786363126	1.8932193042669252	0.06667710800300992	0.7522354825945778	0.10079650795685989	98.17957883657519	99.1817448704574	0.0023835589557103195	1.0000998992995949
2.138184786363126	1.8932193042669252	0.06667710800300992	0.7522354825945778	0.10079650795685989	98.17957883657519	99.1817448704574	0.0023835589557103195	1.0000998992995949
2.138184786363126	1.8932193042669252	0.06667710800300992	0.7522354825945778	0.10079650795685989	98.17957883657519	99.1817448704574	0.0023835589557103195	1.0000998992995949
2.138184786363126	1.8932193042669252	0.06667710800300992	0.7522354825945778	0.10079650795685989	98.17957883657519	99.1817448704574	0.0023850309017452763	1.0000998992995949
2.13778319325935	1.8932193042669252	0.06667710800300992	0.7522354825945778	0.10079650795685989	98.17957883657519	99.1817448704574	0.0023850309017452763	1.0000998992995949
2.1378206687150585	1.8932193042669252	0.06667710800300992	0.7522354825945778	0.10079650795685989	98.17957883657519	99.1817448704574	0.0023850309017452763	1.0000998992995949
2.1378206687150585	1.8932193042669252	0.06667710800300992	0.7522354825945778	0.10079650795685989	98.17957883657519	99.1817448704574	0.0023850309017452763	1.0000998992995949
2.1378206687150585	1.8932193042669252	0.0666361350482686	0.7522354825945778	0.10079650795685989	98.17957883657519	99.1817448704574	0.0023850309017452763	1.0000998992995949
2.1378206687150585	1.8932193042669252	0.0666361350482686	0.7522354825945778	0.10079650795685989	98.17957883657519	98.68945166850203	0.0023850309017452763	1.0000998992995949
2.1378206687150585	1.8932193042669252	0.0666361350482686	0.7522354825945778	0.10079650795685989	98.17957883657519	98.68945166850203	0.0023850309017452763	1.0000998992995949
2.1378206687150585	1.8932193042669252	0.0666361350482686	0.7522354825945778	0.10079650795685989	98.17957883657519	98.68945166850203	0.0023850309017452763	1.0000998992995949
2.1378206687150585	1.8932193042669252	0.0666361350482686	0.7522354825945778	0.10079650795685989	98.17957883657519	98.68945166850203	0.0023850309017452763	1.0000998992995949
2.1378206687150585	1.8932193042669252	0.0666361350482686	0.7522354825945778	0.10079650795685989	98.17957883657519	98.68945166850203	0.0023850309017452763	1.0000998992995949
2.1378206687150585	1.8932193042669252	0.0666361350482686	0.7522966280319807	0.10079650795685989	98.17957883657519	98.68945166850203	0.0023850309017452763	1.0000998992995949
2.1378206687150585	1.8932193042669252	0.0666361350482686	0.7522966280319807	0.10079650795685989	98.17957883657519	98.68945166850203	0.0023850309017452763	1.0000998992995949
2.1378206687150585	1.8932193042669252	0.0666361350482686	0.7522966280319807	0.10079650795685989	98.17957883657519	98.68945166850203	0.0023850309017452763	1.0000998992995949
2.1378206687150585	1.8932193042669252	0.0666361350482686	0.7522966280319807	0.10079650795685989	98.17957883657519	98.68945166850203	0.0023850309017452763	1.0000998992995949
2.1378206687150585	1.8932193042669252	0.0666361350482686	0.7522966280319807	0.10079650795685989	98.17957883657519	98.68945166850203	0.0023850309017452763	1.0000994501047964
2.1378206687150585	1.8932193042669252	0.0666361350482686	0.7522966280319807	0.10079672610897511	98.17957883657519	98.68945166850203	0.0023850309017452763	1.0000994501047964
2.1378206687150585	1.8932193042669252	0.0666361350482686	0.7522966280319807	0.10079672610897511	98.17957883657519	98.68945166850203	0.0023850309017452763	1.0000994011023248
2.1378206687150585	1.8932193042669252	0.0666361350482686	0.7522966280319807	0.10079672610897511	98.17957883657519	98.68945166850203	0.0023850309017452763	1.0000994011023248
2.1378206687150585	1.8929042158448535	0.0666361350482686	0.7522966280319807	0.10079672610897511	98.17957883657519	98.68945166850203	0.0023850309017452763	1.0000994011023248
2.1378206687150585	1.8929042158448535	0.0666361350482686	0.7522966280319807	0.10079672610897511	98.17957883657519	98.68945166850203	0.0023850309017452763	1.0000994011023248
2.1378206687150585	1.8929042158448535	0.0666361350482686	0.7522966280319807	0.10079672610897511	98.17957883657519	98.68945166850203	0.0023850309017452763	1.0000994011023248
2.1378206687150585	1.8929042158448535	0.0666361350482686	0.7522966280319807	0.10079672610897511	98.17957883657519	98.68945166850203	0.0023850309017452763	1.0000994011023248
2.1378206687150585	1.8929042158448535	0.0666361350482686	0.7522966280319807	0.10079672610897511	98.17957883657519	102.37795684411596	0.0023850309017452763	1.0000994011023248
2.1378206687150585	1.8929042158448535	0.0666361350482686	0.7522966280319807	0.10079672610897511	98.17957883657519	102.37795684411596	0.0023850309017452763	1.0000994011023248
2.1378206687150585	1.8929042158448535	0.0666361350482686	0.7522966280319807	0.10079672610897511	98.17957883657519	102.37795684411596	0.0023850309017452763	1.0000994011023248
2.1378206687150585	1.8929042158448535	0.0666361350482686	0.7522966280319807	0.10079672610897511	98.17957883657519	102.37795684411596	0.0023850309017452763	1.0000994011023248
2.1378206687150585	1.892907109075933	0.0666361350482686	0.7522966280319807	0.10079672610897511	98.17957883657519	102.37795684411596	0.0023850309017452763	1.0000994011023248
2.1378206687150585	1.892907109075933	0.0666361350482686	0.7522966280319807	0.10079655948985536	98.17957883657519	102.37795684411596	0.0023850309017452763	1.0000994011023248
2.137821561455073	1.892907109075933	0.0666361350482686	0.7522966280319807	0.10079655948985536	98.17957883657519	102.37795684411596	0.0023850309017452763	1.0000994011023248
2.137821561455073	1.892907109075933	0.0666361350482686	0.7522966280319807	0.10079655948985536	98.17957883657519	102.37795684411596	0.0023850309017452763	1.0000994011023248
2.137821561455073	1.892907109075933	0.0666361350482686	0.7522966280319807	0.10079655948985536	98.17957883657519	102.37795684411596	0.0023850309017452763	1.0000994011023248
2.137821561455073	1.8929086607039487	0.0666361350482686	0.7522966280319807	0.10079655948985536	98.17957883657519	102.37795684411596	0.0023850309017452763	1.0000994011023248
2.1378588287489095	1.8929086607039487	0.0666361350482686	0.7522966280319807	0.10079655948985536	98.17957883657519	102.37795684411596	0.0023850309017452763	1.0000994011023248
2.1378588287489095	1.8929086607039487	0.0666361350482686	0.7522966280319807	0.10079655948985536	98.17957883657519	102.37795684411596	0.0023850309017452763	1.0000994011023248
2.1378588287489095	1.8929086607039487	0.06661120727314628	0.7522966280319807	0.10079655948985536	98.17957883657519	102.37795684411596	0.0023850309017452763	1.0000994011023248
2.1378588287489095	1.8929086607039487	0.06661120727314628	0.7522966280319807	0.10079655948985536	98.17957883657519	102.21479605783897	0.0023850309017452763	1.0000994011023248
2.137860701451058	1.8929086607039487	0.06661120727314628	0.7522966280319807	0.10079655948985536	98.17957883657519	102.21479605783897	0.0023850309017452763	1.0000994011023248
2.137860701451058	1.8929086607039487	0.06661120727314628	0.7522966280319807	0.10079655948985536	98.17957883657519	102.21479605783897	0.0023850309017452763	1.0000994011023248
2.137860701451058	1.8929086607039487	0.06661120727314628	0.7522966280319807	0.10079655948985536	98.17957883657519	102.21479605783897	0.0023850309017452763	1.0000994011023248
2.137860701451058	1.8929086607039487	0.06661120727314628	0.7522966280319807	0.10079655948985536	98.17956527287686	102.21479605783897	0.0023850309017452763	1.0000994011023248
2.137860701451058	1.8929088756993837	0.06661120727314628	0.7522966280319807	0.10079655948985536	98.17956527287686	102.21479605783897	0.0023850309017452763	1.0000994011023248
2.137860701451058	1.8929088756993837	0.06661120727314628	0.7522966280319807	0.10079655948985536	98.17956527287686	102.21479605783897	0.0023850309017452763	1.0000994011023248
2.137860701451058	1.8929088756993837	0.06661120727314628	0.7522966280319807	0.10079655948985536	98.17956527287686	102.21479605783897	0.0023850309017452763	1.0000994011023248
2.137860701451058	1.8929088756993837	0.06661120727314628	0.7522966280319807	0.10079655948985536	98.17956527287686	102.21479605783897	0.0023850309017452763	1.0000995463297766
2.137860701451058	1.8929088756993837	0.06661120727314628	0.7522966280319807	0.10079655948985536	98.17956527287686	102.21499769235862	0.0023850309017452763	1.0000995463297766
2.137860701451058	1.8929088756993837	0.06661120727314628	0.7522966280319807	0.10079655948985536	98.17956527287686	102.21499769235862	0.0023850309017452763	1.0000993937437237
2.137860701451058	1.8929088756993837	0.06661120727314628	0.7522966280319807	0.10079655948985536	98.17956527287686	102.24495556863276	0.0023850309017452763	1.0000993937437237
2.1378482927097653	1.8929088756993837	0.06661120727314628	0.7522966280319807	0.10079655948985536	98.17956527287686	102.24495556863276	0.0023850309017452763	1.0000993937437237
2.1378482927097653	1.8929088756993837	0.06661120727314628	0.7522966280319807	0.1008195688619681	98.17956527287686	102.24495556863276	0.0023850309017452763	1.0000993937437237
2.1378482927097653	1.8929088756993837	0.06661120727314628	0.7522966280319807	0.1008195688619681	98.17956527287686	102.24495556863276	0.0023966201606708507	1.0000993937437237
2.1378482927097653	1.890131536766325	0.06661120727314628	0.7522966280319807	0.1008195688619681	98.17956527287686	102.24495556863276	0.0023966201606708507	1.0000993937437237
2.1378482927097653	1.890131536766325	0.06661120727314628	0.7522966280319807	0.1008195688619681	98.17956527287686	102.24495556863276	0.0023966201606708507	1.0000993937437237
2.1378482927097653	1.890131536766325	0.06661120727314628	0.7522966280319807	0.1008195688619681	98.17956527287686	102.24495556863276	0.0023966201606708507	1.0000993937437237
2.1378482927097653	1.890131536766325	0.06661120727314628	0.7522966280319807	0.1008195688619681	98.17966014581278	102.24495556863276	0.0023966201606708507	1.0000993937437237
2.1378482927097653	1.890131536766325	0.06661120727314628	0.7522966280319807	0.1008195688619681	98.1807626740332	102.24495556863276	0.0023966201606708507	1.0000993937437237
2.1378482927097653	1.890131536766325	0.06661120727314628	0.7522966280319807	0.1008195688619681	98.1807626740332	102.24495556863276	0.0023966201606708507	1.0000993937437237
2.1378482927097653	1.890131536766325	0.06661120727314628	0.7522966280319807	0.1008195688619681	98.1807626740332	102.24495556863276	0.0023966201606708507	1.0000993937437237
2.1378482927097653	1.890131536766325	0.06661120727314628	0.7522966280319807	0.1008195688619681	98.1807626740332	102.24495556863276	0.0023966201606708507	1.0000993937437237
2.1378482927097653	1.890131536766325	0.06661120727314628	0.7522966280319807	0.1008195688619681	98.1807626740332	102.1180824494081	0.0023966201606708507	1.0000993937437237
2.1378482927097653	1.890131536766325	0.06661120727314628	0.7522966280319807	0.1008195688619681	98.1807626740332	102.1180824494081	0.0023966201606708507	1.0000993937437237
2.1378482927097653	1.890131536766325	0.06661120727314628	0.7522966280319807	0.1008195688619681	98.18071883398	102.1180824494081	0.0023966201606708507	1.0000993937437237
2.1378482927097653	1.890131536766325	0.06661120727314628	0.7522966280319807	0.1008195688619681	98.18071883398	102.1180824494081	0.0023966201606708507	1.0000993937437237
2.1378482927097653	1.890131536766325	0.06661120727314628	0.7522966280319807	0.1008195688619681	98.18071883398	102.1180824494081	0.0023966201606708507	1.0000993937437237
2.1378482927097653	1.890131536766325	0.06661120727314628	0.7522966280319807	0.1008195688619681	98.18071883398	102.1180824494081	0.0023966201606708507	1.0000993937437237
2.1378482927097653	1.890131536766325	0.06661120727314628	0.7522908280212864	0.1008195688619681	98.18071883398	102.1180824494081	0.0023966201606708507	1.0000993937437237
2.1378482927097653	1.890131536766325	0.06661120727314628	0.7522908280212864	0.1008195688619681	98.18071883398	102.16779189143168	0.0023966201606708507	1.0000993937437237
2.1378482927097653	1.890131536766325	0.06661120727314628	0.7522908280212864	0.10081696959432047	98.18071883398	102.16779189143168	0.0023966201606708507	1.0000993937437237
2.1378482927097653	1.890131536766325	0.06661120727314628	0.7522908280212864	0.1006692889699322	98.18071883398	102.16779189143168	0.0023966201606708507	1.0000993937437237
2.1378482927097653	1.890131536766325	0.06661120727314628	0.7522908280212864	0.1006692889699322	98.18071883398	102.16779189143168	0.0023966201606708507	1.0000993937437237
2.1378482927097653	1.890131536766325	0.06661120727314628	0.7522908280212864	0.1006692889699322	98.18071883398	102.16779189143168	0.0023966201606708507	1.0000993937437237
2.1378482927097653	1.890131536766325	0.06661120727314628	0.7522908280212864	0.1006692889699322	98.18071883398	102.48847128650219	0.0023966201606708507	1.0000993937437237
2.1379679820629494	1.890131536766325	0.06661120727314628	0.7522908280212864	0.1006692889699322	98.18071883398	102.48847128650219	0.0023966201606708507	1.0000993937437237
2.1379679820629494	1.89011733890896	0.06661120727314628	0.7522908280212864	0.1006692889699322	98.18071883398	102.48847128650219	0.0023966201606708507	1.0000993937437237
2.1379679820629494	1.89011733890896	0.06661120727314628	0.7522908280212864	0.1006692889699322	98.18071883398	102.48847128650219	0.0023966201606708507	1.0001021605776914
2.1379679820629494	1.89011733890896	0.06661120727314628	0.7522908280212864	0.1006692889699322	98.18071883398	102.48847128650219	0.0023966201606708507	1.0001021605776914
2.1379679820629494	1.89011733890896	0.06656935815885454	0.7522908280212864	0.1006692889699322	98.18071883398	102.48847128650219	0.0023966201606708507	1.0001021605776914
2.1379679820629494	1.89011733890896	0.06656935815885454	0.7522908280212864	0.1006692889699322	98.18071883398	102.48847128650219	0.0023966201606708507	1.0001021605776914
2.1379670147672454	1.89011733890896	0.06656935815885454	0.7522908280212864	0.1006692889699322	98.18071883398	102.48847128650219	0.0023966201606708507	1.0001021605776914
2.135783345501609	1.89011733890896	0.06656935815885454	0.7522908280212864	0.1006692889699322	98.18071883398	102.48847128650219	0.0023966201606708507	1.0001021605776914
2.135783345501609	1.89011733890896	0.06656935815885454	0.7522908280212864	0.1006692889699322	98.18071883398	102.62562174287503	0.0023966201606708507	1.0001021605776914
2.135783345501609	1.89011733890896	0.06656935815885454	0.7522908280212864	0.1006692889699322	98.18071883398	102.62562174287503	0.0023966201606708507	1.0001021605776914
2.135783345501609	1.8923838899031982	0.06656935815885454	0.7522908280212864	0.1006692889699322	98.18071883398	102.62562174287503	0.0023966201606708507	1.0001021605776914
2.135783345501609	1.8923689668420791	0.06656935815885454	0.7522908280212864	0.1006692889699322	98.18071883398	102.62562174287503	0.0023966201606708507	1.0001021605776914
2.135783345501609	1.8923689668420791	0.06656935815885454	0.7522908280212864	0.1006692889699322	98.18071883398	102.62562174287503	0.002414396581809526	1.0001021605776914
2.135783345501609	1.8923689668420791	0.06656935815885454	0.7522908280212864	0.1006692889699322	98.18071883398	102.62562174287503	0.002414396581809526	1.0001027611046605
2.135783345501609	1.8923689668420791	0.06656935815885454	0.7522908280212864	0.1006692889699322	98.18071883398	102.62562174287503	0.002414396581809526	1.0001027611046605
2.135783345501609	1.8923689668420791	0.06656935815885454	0.7522908280212864	0.1006692889699322	98.18071883398	102.62562174287503	0.002414396581809526	1.0001027611046605
2.135783345501609	1.8923689668420791	0.06656935815885454	0.7522908280212864	0.1006692889699322	98.18071883398	102.62534281633822	0.002414396581809526	1.0001027611046605
2.135783345501609	1.8923689668420791	0.06656935815885454	0.7522908280212864	0.10066749109484943	98.18071883398	102.62534281633822	0.002414396581809526	1.0001027611046605
2.135783345501609	1.8923689668420791	0.06656935815885454	0.7522908280212864	0.10066749109484943	98.18071883398	102.62538574098824	0.002414396581809526	1.0001027611046605
2.135783345501609	1.8923689668420791	0.06647577503721712	0.7522908280212864	0.10066749109484943	98.18071883398	102.62538574098824	0.002414396581809526	1.0001027611046605
2.135783345501609	1.8923689668420791	0.06647577503721712	0.7522908280212864	0.10066749109484943	98.18071883398	102.62538574098824	0.002414396581809526	1.0001027611046605
2.135783345501609	1.8923689668420791	0.06647577503721712	0.7522908280212864	0.10066749109484943	98.18071883398	102.62538574098824	0.002414396581809526	1.0001027611046605
2.135783345501609	1.8923689668420791	0.06647577503721712	0.7522908280212864	0.10066749109484943	98.18071883398	102.62538574098824	0.002414396581809526	1.0001025771288052
2.135783345501609	1.8923689668420791	0.06647577503721712	0.7522908280212864	0.10066749109484943	98.18071883398	102.62538574098824	0.002414396581809526	1.0001025771288052
2.135783345501609	1.8923689668420791	0.06647577503721712	0.7522908280212864	0.10066749109484943	98.18071883398	102.62408005875847	0.002414396581809526	1.0001025771288052
2.135783345501609	1.8923689668420791	0.06647577503721712	0.7522908280212864	0.10066749109484943	98.18071883398	102.62408005875847	0.002414396581809526	1.0001025771288052
2.135783345501609	1.8923689668420791	0.06647577503721712	0.7522908280212864	0.10066749109484943	98.18071883398	102.62408005875847	0.002414396581809526	1.0001025771288052
2.135783345501609	1.8923689668420791	0.06647577503721712	0.7522908280212864	0.10066749109484943	98.18071883398	102.62408005875847	0.002414396581809526	1.0001025771288052
2.135783345501609	1.8923689668420791	0.06647577503721712	0.7522908280212864	0.10066749109484943	98.16354369377557	102.62408005875847	0.002414396581809526	1.0001025771288052
2.135783345501609	1.8923413995679372	0.06647577503721712	0.7522908280212864	0.10066749109484943	98.16354369377557	102.62408005875847	0.002414396581809526	1.0001025771288052
2.135783345501609	1.8923413995679372	0.06647577503721712	0.7522908280212864	0.10066749109484943	98.16354369377557	102.62408005875847	0.00242145081427329	1.0001025771288052
2.135783345501609	1.8923413995679372	0.06647577503721712	0.7522908280212864	0.10066749109484943	98.1603621938023	102.62408005875847	0.00242145081427329	1.0001025771288052
2.135783345501609	1.8923413995679372	0.06647577503721712	0.7522908280212864	0.10066993037208367	98.1603621938023	102.62408005875847	0.00242145081427329	1.0001025771288052
2.135783345501609	1.8923413995679372	0.06647577503721712	0.7522908280212864	0.10066993037208367	98.1603621938023	102.62408005875847	0.00242145081427329	1.0001025771288052
2.135783345501609	1.8923413995679372	0.06647577503721712	0.7522908280212864	0.10066993037208367	98.1603621938023	102.62408005875847	0.00242145081427329	1.0001025771288052
2.135783345501609	1.8928128257174202	0.06647577503721712	0.7522908280212864	0.10066993037208367	98.1603621938023	102.62408005875847	0.00242145081427329	1.0001025771288052
2.135783345501609	1.8927462579725252	0.06647577503721712	0.7522908280212864	0.10066993037208367	98.1603621938023	102.62408005875847	0.00242145081427329	1.0001025771288052
2.135783345501609	1.8927462579725252	0.06647577503721712	0.7522908280212864	0.10066993037208367	98.15987055449281	102.62408005875847	0.00242145081427329	1.0001025771288052
2.135783345501609	1.8927462579725252	0.06647577503721712	0.7522629085854957	0.10066993037208367	98.15987055449281	102.62408005875847	0.00242145081427329	1.0001025771288052
2.13578387231188	1.8927462579725252	0.06647577503721712	0.7522629085854957	0.10066993037208367	98.15987055449281	102.62408005875847	0.00242145081427329	1.0001025771288052
2.13578387231188	1.8927462579725252	0.06647577503721712	0.7522629085854957	0.10066992483628215	98.15987055449281	102.62408005875847	0.00242145081427329	1.0001025771288052
2.13578387231188	1.8927462579725252	0.06647577503721712	0.7522629085854957	0.10066992483628215	98.15987055449281	102.62408005875847	0.00242145081427329	1.0001025771288052
2.13578387231188	1.8927462579725252	0.06647577503721712	0.7522629085854957	0.10067095105351344	98.15987055449281	102.62408005875847	0.00242145081427329	1.0001025771288052
2.13578387231188	1.8927462579725252	0.06647577503721712	0.7522629085854957	0.10067095105351344	98.16718923998914	102.62408005875847	0.00242145081427329	1.0001025771288052
2.13578387231188	1.8927462579725252	0.06647577503721712	0.7522629085854957	0.10067095105351344	98.16718923998914	102.62408005875847	0.002421458964468548	1.0001025771288052
2.13578387231188	1.8927462579725252	0.06647577503721712	0.7522629085854957	0.10067095105351344	98.16718923998914	102.62408005875847	0.002421458964468548	1.0001025771288052
2.13578387231188	1.8930714504477073	0.06647577503721712	0.7522629085854957	0.10067095105351344	98.16718923998914	102.62408005875847	0.002421458964468548	1.0001025771288052
2.13578387231188	1.8930714504477073	0.06647577503721712	0.7522629085854957	0.10067095105351344	98.16718923998914	102.62408005875847	0.002421458964468548	1.0001025771288052
2.13578387231188	1.893071094368658	0.06647577503721712	0.7522629085854957	0.10067095105351344	98.16718923998914	102.62408005875847	0.002421458964468548	1.0001025771288052
2.13578387231188	1.893071094368658	0.06647577503721712	0.7522629085854957	0.10067095105351344	98.16718923998914	102.62408005875847	0.002420913681769287	1.0001025771288052
2.13578387231188	1.893071094368658	0.06647577503721712	0.7522629085854957	0.10067095105351344	98.16718923998914	102.62408005875847	0.002420913681769287	1.0001025771288052
2.13578387231188	1.893071094368658	0.06647577503721712	0.7522629085854957	0.10067095105351344	98.16718923998914	102.62408005875847	0.002420913681769287	1.0001025771288052
2.13578387231188	1.893071094368658	0.06647577503721712	0.7522629085854957	0.10067095105351344	98.16718923998914	102.62408005875847	0.002420913681769287	1.0001025771288052
2.13546936664237	1.893071094368658	0.06647577503721712	0.7522629085854957	0.10067095105351344	98.16718923998914	102.62408005875847	0.002420913681769287	1.0001025771288052
2.13546936664237	1.893071094368658	0.06647577503721712	0.7522629085854957	0.10067095105351344	98.16718923998914	102.62408005875847	0.002420913681769287	1.0001025771288052
2.13546936664237	1.893071094368658	0.06647577503721712	0.7522629085854957	0.10067095105351344	98.16718923998914	102.62408005875847	0.002420913681769287	1.0001025721035062
2.1354694250288624	1.893071094368658	0.06647577503721712	0.7522629085854957	0.10067095105351344	98.16718923998914	102.62408005875847	0.002420913681769287	1.0001025721035062
2.1354694250288624	1.8930804983300455	0.06647577503721712	0.7522629085854957	0.10067095105351344	98.16718923998914	102.62408005875847	0.002420913681769287	1.0001025721035062
2.1354694250288624	1.8930804983300455	0.06647577503721712	0.7522629085854957	0.10067099869717946	98.16718923998914	102.62408005875847	0.002420913681769287	1.0001025721035062
2.1354694250288624	1.8930804983300455	0.06647577503721712	0.7522629085854957	0.10067107613132568	98.16718923998914	102.62408005875847	0.002420913681769287	1.0001025721035062
2.1354694250288624	1.8930804983300455	0.06647577503721712	0.7522629085854957	0.10067107613132568	98.16718923998914	102.62408005875847	0.002420913681769287	1.0001025721035062
2.1354694250288624	1.8930804983300455	0.06647577503721712	0.7522629085854957	0.100670633950073	98.16718923998914	102.62408005875847	0.002420913681769287	1.0001025721035062
2.1354673304037206	1.8930804983300455	0.06647577503721712	0.7522629085854957	0.100670633950073	98.16718923998914	102.62408005875847	0.002420913681769287	1.0001025721035062
2.1354673304037206	1.8930804983300455	0.06647577503721712	0.7522629085854957	0.100670633950073	98.16718923998914	102.62408005875847	0.002420913681769287	1.0001025721035062
2.1354673304037206	1.8930804983300455	0.06647577503721712	0.7522629085854957	0.100670633950073	98.16718923998914	102.62408005875847	0.002420913681769287	1.0001025721035062
2.135496774595769	1.8930804983300455	0.06647577503721712	0.7522629085854957	0.100670633950073	98.16718923998914	102.62408005875847	0.002420913681769287	1.0001025721035062
2.135496774595769	1.8930804983300455	0.06647577503721712	0.7522629085854957	0.100670633950073	98.16718923998914	102.62408005875847	0.002420913681769287	1.0001025721035062
2.135496774595769	1.8930804983300455	0.06647577503721712	0.7522629085854957	0.100670633950073	98.16718923998914	102.62408005875847	0.002420913681769287	1.0001025721035062
2.135496774595769	1.8930804983300455	0.06647577503721712	0.7522629085854957	0.100670633950073	98.16718923998914	102.62408005875847	0.002420913681769287	1.0001025721035062
2.135496774595769	1.8930804983300455	0.06647577503721712	0.7522629085854957	0.100670633950073	98.16718923998914	102.62408005875847	0.002420913681769287	1.0001025721035062
2.135496774595769	1.8930804983300455	0.06647577503721712	0.7522629085854957	0.100670633950073	98.16721336095831	102.62408005875847	0.002420913681769287	1.0001025721035062
2.135496774595769	1.8930804983300455	0.06647577503721712	0.7522629085854957	0.100670633950073	98.16721336095831	102.62408005875847	0.002420913681769287	1.0001025721035062
2.135496774595769	1.8930804983300455	0.06647577503721712	0.7522629085854957	0.100670633950073	98.16721336095831	102.62408005875847	0.002420913681769287	1.0001025721035062
2.135496774595769	1.8930804983300455	0.06647577503721712	0.7522629085854957	0.100670633950073	98.16721336095831	102.62408005875847	0.002420913681769287	1.0001025721035062
2.135496774595769	1.8930804983300455	0.06647577503721712	0.7522629085854957	0.100670633950073	98.16734897473391	102.62408005875847	0.002420913681769287	1.0001025721035062
2.135496774595769	1.8930804983300455	0.06647577503721712	0.7522629085854957	0.100670633950073	98.16734897473391	102.62408005875847	0.002420913681769287	1.0001025721035062
2.135496774595769	1.8930804983300455	0.06647577503721712	0.7522629085854957	0.100670633950073	98.16734897473391	102.62408005875847	0.002424986311026565	1.0001025721035062
2.135496774595769	1.8930804983300455	0.06647577503721712	0.7522629085854957	0.100670633950073	98.16734897473391	102.62408005875847	0.002424986311026565	1.0001025721035062
2.135496774595769	1.8930804983300455	0.06647577503721712	0.7522629085854957	0.100670633950073	98.16734897473391	102.62408005875847	0.002424986311026565	1.0001025721035062
2.1354976232941003	1.8930804983300455	0.06647577503721712	0.7522629085854957	0.100670633950073	98.16734897473391	102.62408005875847	0.002424986311026565	1.0001025721035062
2.1354976232941003	1.8930804983300455	0.06647577503721712	0.7522629085854957	0.10067069308288164	98.16734897473391	102.62408005875847	0.002424986311026565	1.0001025721035062
2.1354976232941003	1.8930804983300455	0.06647577503721712	0.7522629085854957	0.10067069308288164	98.16734897473391	102.62408005875847	0.002424986311026565	1.000115194746379
2.1354976232941003	1.8930804983300455	0.06645323246985223	0.7522629085854957	0.10067069308288164	98.16734897473391	102.62408005875847	0.002424986311026565	1.000115194746379
2.1354976232941003	1.8930804983300455	0.06645323246985223	0.7522629085854957	0.10067069308288164	98.16734897473391	102.62408005875847	0.002424986311026565	1.000115194746379
2.1358928915370083	1.8930804983300455	0.06645323246985223	0.7522629085854957	0.10067069308288164	98.16734897473391	102.62408005875847	0.002424986311026565	1.000115194746379
2.1358928915370083	1.8930804983300455	0.06645323246985223	0.7522629085854957	0.10067069308288164	98.16734897473391	102.62408005875847	0.002424986311026565	1.000115194746379
2.1358928915370083	1.8930804983300455	0.06645323246985223	0.7522629085854957	0.10067069308288164	98.16734897473391	102.62408005875847	0.002424986311026565	1.000115194746379
2.1358928915370083	1.8930804983300455	0.06645323246985223	0.7522629085854957	0.10067069308288164	98.16734897473391	102.62408005875847	0.002424986311026565	1.000115194746379
2.135866639682691	1.8930804983300455	0.06645323246985223	0.7522629085854957	0.10067069308288164	98.16734897473391	102.62408005875847	0.002424986311026565	1.000115194746379
2.135866639682691	1.8930804983300455	0.06645323246985223	0.7522629085854957	0.10067069308288164	98.16734897473391	102.62408005875847	0.002424986311026565	1.000103709395827
2.135866639682691	1.8930804983300455	0.06645323246985223	0.7522629085854957	0.10067069308288164	98.16734897473391	102.62408005875847	0.002424986311026565	1.000103709395827
2.135866639682691	1.8933589908449873	0.06645323246985223	0.7522629085854957	0.10067069308288164	98.16734897473391	102.62408005875847	0.002424986311026565	1.000103709395827
2.135866639682691	1.8933589908449873	0.06645323246985223	0.7522629085854957	0.10067069308288164	98.16734897473391	102.62408005875847	0.002424986311026565	1.000103709395827
2.135866639682691	1.8933589908449873	0.06645323246985223	0.7522629085854957	0.10067069308288164	98.16734897473391	102.62408005875847	0.002424986311026565	1.000103709395827
2.135866639682691	1.8933589908449873	0.06645323246985223	0.7524131448836031	0.10067069308288164	98.16734897473391	102.62408005875847	0.002424986311026565	1.000103709395827
2.1358175132652013	1.8933589908449873	0.06645323246985223	0.7524131448836031	0.10067069308288164	98.16734897473391	102.62408005875847	0.002424986311026565	1.000103709395827
2.1358175132652013	1.8933589908449873	0.06645323246985223	0.7524131448836031	0.10067069308288164	98.16734897473391	102.62408005875847	0.002424986311026565	1.000103709395827
2.1358175132652013	1.8933589908449873	0.06636161236602994	0.7524131448836031	0.10067069308288164	98.16734897473391	102.62408005875847	0.002424986311026565	1.000103709395827
2.1358175132652013	1.8933589908449873	0.06636161236602994	0.7524131448836031	0.10067069308288164	98.16734897473391	102.62408005875847	0.002424986311026565	1.000103709395827
2.1358175132652013	1.8933589908449873	0.06636161236602994	0.7524131448836031	0.10067069308288164	98.16734897473391	102.62408005875847	0.002424986311026565	1.000103709395827
2.1358175132652013	1.8933589908449873	0.06636161236602994	0.7524131448836031	0.10067069308288164	98.16734897473391	103.55672817347866	0.002424986311026565	1.000103709395827
2.1358175132652013	1.8933589908449873	0.06636161236602994	0.7524131448836031	0.10067069308288164	98.17833815057277	103.55672817347866	0.002424986311026565	1.000103709395827
2.1358175132652013	1.8933589908449873	0.06636161236602994	0.7524131448836031	0.10067069308288164	98.17833815057277	103.55672817347866	0.002424986311026565	1.000103709395827
2.1358175132652013	1.8933589908449873	0.06636161236602994	0.7524131448836031	0.10067069308288164	98.17833815057277	103.55758952428654	0.002424986311026565	1.000103709395827
2.1358175132652013	1.8933589908449873	0.06636161236602994	0.7524131448836031	0.10067069308288164	98.17837369797107	103.55758952428654	0.002424986311026565	1.000103709395827
2.1358175132652013	1.8933589908449873	0.06636161236602994	0.7524131448836031	0.10067069308288164	98.17849087272565	103.55758952428654	0.002424986311026565	1.000103709395827
2.1358175132652013	1.8933589908449873	0.06636161236602994	0.7524131448836031	0.10067069308288164	98.17849087272565	103.09167320371027	0.002424986311026565	1.000103709395827
2.1358175132652013	1.8933589908449873	0.06636161236602994	0.7524131448836031	0.10067069308288164	98.17849087272565	103.09326447240089	0.002424986311026565	1.000103709395827
2.1358175132652013	1.8933589908449873	0.06636161236602994	0.7524131448836031	0.10067069308288164	98.17849087272565	103.09326447240089	0.002424986311026565	1.000103709395827
2.1358175132652013	1.8933589908449873	0.06636161236602994	0.7524131448836031	0.10067069308288164	98.17849087272565	103.09326447240089	0.002424986311026565	1.000103709395827
2.1358175132652013	1.8933589908449873	0.06636161236602994	0.7524131448836031	0.10067069308288164	98.17849087272565	103.09326447240089	0.002424986311026565	1.000103709395827
2.1358175132652013	1.8933589908449873	0.06636161236602994	0.7524131448836031	0.10067069308288164	98.17849087272565	103.09326447240089	0.002424986311026565	1.000103709395827
2.1358175132652013	1.8933589908449873	0.06636161236602994	0.7524131448836031	0.10067069308288164	98.17849087272565	104.07225544570234	0.002424986311026565	1.000103709395827
2.1358175132652013	1.8933589908449873	0.06636161236602994	0.7524131448836031	0.10067069308288164	98.17849087272565	104.07225544570234	0.002424986311026565	1.000103709395827
2.1358175132652013	1.8933589908449873	0.06636161236602994	0.7524131448836031	0.10067069308288164	98.17849087272565	104.07225544570234	0.002424986311026565	1.0001039029247043
2.1358175132652013	1.8933589908449873	0.06636161236602994	0.7524131448836031	0.10067069308288164	98.17849087272565	104.07225544570234	0.002424986311026565	1.0001039029247043
2.1358175132652013	1.8933577536930062	0.06636161236602994	0.7524131448836031	0.10067069308288164	98.17849087272565	104.07225544570234	0.002424986311026565	1.0001039029247043
2.1358175132652013	1.8933678896069637	0.06636161236602994	0.7524131448836031	0.10067069308288164	98.17849087272565	104.07225544570234	0.002424986311026565	1.0001039029247043
2.1358175132652013	1.8933678896069637	0.06636161236602994	0.7524131448836031	0.10067069308288164	98.17849087272565	104.07225544570234	0.002424986311026565	1.0001039029247043
2.1358175132652013	1.8933678896069637	0.06636161236602994	0.7524131448836031	0.10067069308288164	98.17849087272565	104.07225544570234	0.002424986311026565	1.0001039029247043
2.1358175132652013	1.8933678896069637	0.06636161236602994	0.7524131448836031	0.10067069308288164	98.17849087272565	104.07225544570234	0.002424986311026565	1.0001040351220551
2.1358175132652013	1.8933678896069637	0.06636161236602994	0.7524131448836031	0.10082304024457385	98.17849087272565	104.07225544570234	0.002424986311026565	1.0001040351220551
2.1358175132652013	1.8933678896069637	0.06636161236602994	0.7524131448836031	0.10082304024457385	98.17849087272565	104.07225544570234	0.002424986311026565	1.0001040351220551
2.1358175132652013	1.8933678896069637	0.06636161236602994	0.7524558286105231	0.10082304024457385	98.17849087272565	104.07225544570234	0.002424986311026565	1.0001040351220551
2.1358175132652013	1.8933661318772876	0.06636161236602994	0.7524558286105231	0.10082304024457385	98.17849087272565	104.07225544570234	0.002424986311026565	1.0001040351220551
2.1358175132652013	1.8933661318772876	0.06636161236602994	0.7524558286105231	0.10082287569144924	98.17849087272565	104.07225544570234	0.002424986311026565	1.0001040351220551
2.1358175132652013	1.8933661318772876	0.06636161236602994	0.7524558286105231	0.10082287569144924	98.17849087272565	104.07225544570234	0.002424986311026565	1.0001040351220551
2.1358175132652013	1.8933661318772876	0.06636161236602994	0.7524558286105231	0.10082287569144924	98.17849087272565	104.07225544570234	0.002424986311026565	1.0001040351220551
2.1358175132652013	1.8933661318772876	0.06636161236602994	0.7524558286105231	0.10082287569144924	98.17849087272565	104.07225544570234	0.002424986311026565	1.0001040351220551
2.1358175132652013	1.8933661318772876	0.06636161236602994	0.7524558286105231	0.10082287569144924	98.17849087272565	104.07225544570234	0.002424986311026565	1.0001040351220551
2.1358175132652013	1.8933661318772876	0.06636161236602994	0.7524558286105231	0.10082287569144924	98.17849087272565	104.07225544570234	0.002424986311026565	1.0001040351220551
2.1358175132652013	1.8933661318772876	0.06636161236602994	0.7524558286105231	0.10082287569144924	98.17849087272565	104.07225544570234	0.002424986311026565	1.0001040351220551
2.1358175132652013	1.8933661318772876	0.06636161236602994	0.7524558286105231	0.10082287569144924	98.17849087272565	104.07225544570234	0.002424986311026565	1.0001040351220551
2.1358175132652013	1.8933661318772876	0.06636161236602994	0.7524558286105231	0.10082287569144924	98.17849087272565	104.07225544570234	0.002492073622841106	1.0001040351220551
2.1358175132652013	1.8933661318772876	0.06636161236602994	0.7524558286105231	0.10082287569144924	98.17849087272565	103.88168033923283	0.002492073622841106	1.0001040351220551
2.1358175132652013	1.8932954682174492	0.06636161236602994	0.7524558286105231	0.10082287569144924	98.17849087272565	103.88168033923283	0.002492073622841106	1.0001040351220551
2.1358175132652013	1.8932954682174492	0.06636161236602994	0.7524558286105231	0.10082287569144924	98.17849087272565	103.88168033923283	0.002492073622841106	1.0001040351220551
2.1358175132652013	1.8932954682174492	0.06636161236602994	0.7524558286105231	0.10082287569144924	98.17849087272565	103.88168033923283	0.002503158341362647	1.0001040351220551
2.1358175132652013	1.8932954682174492	0.06636161236602994	0.7524558286105231	0.10082287569144924	98.17855992759279	103.88168033923283	0.002503158341362647	1.0001040351220551
2.1358175132652013	1.8932954682174492	0.06636161236602994	0.7524558286105231	0.10082287569144924	98.17855992759279	103.88172196554626	0.002503158341362647	1.0001040351220551
2.1358175132652013	1.8932954682174492	0.06636161236602994	0.7524558286105231	0.10082287569144924	98.17855992759279	103.88172196554626	0.002503158341362647	1.0001040351220551
2.1358175132652013	1.8932954682174492	0.06636161236602994	0.7524558286105231	0.10082287569144924	98.17855992759279	103.88172196554626	0.002503158341362647	1.0001040351220551
2.1358175132652013	1.8932954682174492	0.06636161236602994	0.7524558286105231	0.10082287569144924	98.17855992759279	103.88172196554626	0.0025038771969469347	1.0001040351220551
2.1358175132652013	1.8932954682174492	0.06636161236602994	0.7524558286105231	0.10082287569144924	98.17855992759279	103.88172196554626	0.0025038771969469347	1.0001040351220551
2.1358175132652013	1.8932954682174492	0.06636161236602994	0.7524558286105231	0.10082287569144924	98.17855992759279	103.88172196554626	0.0025038771969469347	1.0001040351220551
2.1358175132652013	1.8932954682174492	0.06636161236602994	0.7524558286105231	0.10082287569144924	98.17855992759279	103.88172196554626	0.0025038771969469347	1.0001023537370048
2.1358175132652013	1.8932954682174492	0.06636161236602994	0.7524558286105231	0.10082287569144924	98.17855992759279	103.88172196554626	0.0025038771969469347	1.0001023537370048
2.1358175132652013	1.8932954682174492	0.06636161236602994	0.7524558286105231	0.10082287569144924	98.17855992759279	103.88172196554626	0.002600218705607764	1.0001023537370048
2.1358175132652013	1.8932954682174492	0.06636161236602994	0.7524558286105231	0.10082287569144924	98.17855992759279	103.88172196554626	0.002600218705607764	1.0001023537370048
2.1358175132652013	1.8932954682174492	0.06636161236602994	0.7524558286105231	0.1009232864245838	98.17855992759279	103.88172196554626	0.002600218705607764	1.0001023537370048
2.1358175132652013	1.8932954682174492	0.06636161236602994	0.7524558286105231	0.1009232864245838	98.17855992759279	103.88172196554626	0.002600218705607764	1.0001023537370048
2.1358167220987165	1.8932954682174492	0.06636161236602994	0.7524558286105231	0.1009232864245838	98.17855992759279	103.88172196554626	0.002600218705607764	1.0001023537370048
2.1357946698212036	1.8932954682174492	0.06636161236602994	0.7524558286105231	0.1009232864245838	98.17855992759279	103.88172196554626	0.002600218705607764	1.0001023537370048
2.1357946698212036	1.8932954682174492	0.0663210964762002	0.7524558286105231	0.1009232864245838	98.17855992759279	103.88172196554626	0.002600218705607764	1.0001023537370048
2.1357946698212036	1.8932954682174492	0.0663210964762002	0.7524558286105231	0.1009232864245838	98.17855992759279	103.88172196554626	0.002600218705607764	1.0001023537370048
2.1357946698212036	1.8932954682174492	0.06651544411123082	0.7524558286105231	0.1009232864245838	98.17855992759279	103.88172196554626	0.002600218705607764	1.0001023537370048
2.1357946698212036	1.8932954682174492	0.06651544411123082	0.7524558286105231	0.1009232864245838	98.17855992759279	103.88172196554626	0.002600218705607764	1.0001023537370048
2.1357946698212036	1.8932954682174492	0.06651544411123082	0.7524558286105231	0.1009232864245838	98.17855992759279	103.88172196554626	0.002601620556146075	1.0001023537370048
2.1357946698212036	1.8932954682174492	0.06651544411123082	0.7524558286105231	0.1009232864245838	98.17855992759279	103.88172196554626	0.002601620556146075	1.0001023537370048
2.1357946698212036	1.8932954682174492	0.06651544411123082	0.7524558286105231	0.10092494642518245	98.17855992759279	103.88172196554626	0.002601620556146075	1.0001023537370048
2.1357946698212036	1.8932954682174492	0.06651544411123082	0.7524558286105231	0.10092494642518245	98.17855992759279	103.88172196554626	0.002601620556146075	1.0001023537370048
2.1357946698212036	1.8932954682174492	0.06651544411123082	0.7524558286105231	0.10092494642518245	98.17855992759279	104.37682472283	0.002601620556146075	1.0001023537370048
2.1357946698212036	1.8932954682174492	0.06651544411123082	0.7524558286105231	0.10092494642518245	98.17855992759279	104.1309923801933	0.002601620556146075	1.0001023537370048
2.1357961630758164	1.8932954682174492	0.06651544411123082	0.7524558286105231	0.10092494642518245	98.17855992759279	104.1309923801933	0.002601620556146075	1.0001023537370048
2.1357961630758164	1.8932954682174492	0.06651544411123082	0.7524558286105231	0.10092494642518245	98.17855992759279	104.1309923801933	0.002601620556146075	1.0001023537370048
2.1357961630758164	1.8932954682174492	0.06651544411123082	0.7524558286105231	0.10092494642518245	98.17855992759279	104.1309923801933	0.002601620556146075	1.0001023537370048
2.1360426749505472	1.8932954682174492	0.06651544411123082	0.7524558286105231	0.10092494642518245	98.17855992759279	104.1309923801933	0.002601620556146075	1.0001023537370048
2.1360426749505472	1.8932954682174492	0.06651544411123082	0.7524558286105231	0.10092494642518245	98.17855992759279	104.1309923801933	0.002601620556146075	1.0001023537370048
2.1360426749505472	1.8932954682174492	0.06651544411123082	0.7524558286105231	0.10092494642518245	98.17855992759279	104.1309923801933	0.002601620556146075	1.0001023537370048
2.1360426749505472	1.8932954682174492	0.06651544411123082	0.7524558286105231	0.10092494642518245	98.17855992759279	104.1309923801933	0.002601620556146075	1.0001023537370048
2.139253235584874	1.8932954682174492	0.06651544411123082	0.7524558286105231	0.10092494642518245	98.17855992759279	104.1309923801933	0.002601620556146075	1.0001023537370048
2.139253235584874	1.8932954682174492	0.06651544411123082	0.7524558286105231	0.10092494642518245	98.17855992759279	104.13465649023271	0.002601620556146075	1.0001023537370048
2.139253235584874	1.8932954682174492	0.06651544411123082	0.7524558286105231	0.10092494642518245	98.17855992759279	102.37937542328302	0.002601620556146075	1.0001023537370048
2.139253235584874	1.8932954682174492	0.06651544411123082	0.7524558286105231	0.10092898604820828	98.17855992759279	102.37937542328302	0.002601620556146075	1.0001023537370048
2.139253235584874	1.8932954682174492	0.06651544411123082	0.7524558286105231	0.10092898604820828	98.17855992759279	102.37937542328302	0.002205030877032496	1.0001023537370048
2.139253235584874	1.8932954682174492	0.06651544411123082	0.7524558286105231	0.10092898604820828	98.17855992759279	102.37937542328302	0.0022045459893914395	1.0001023537370048
2.139253235584874	1.8932954682174492	0.06651836109927373	0.7524558286105231	0.10092898604820828	98.17855992759279	102.37937542328302	0.0022045459893914395	1.0001023537370048
2.139253235584874	1.8932954682174492	0.06651836109927373	0.7524558286105231	0.10092898604820828	98.17855992759279	102.80808900072013	0.0022045459893914395	1.0001023537370048
2.139253235584874	1.8932954682174492	0.06651836109927373	0.7524558286105231	0.10092898604820828	98.17855992759279	102.80808900072013	0.0022045459893914395	1.0001023537370048
2.139253235584874	1.8932954682174492	0.06651836109927373	0.7524111662353296	0.10092898604820828	98.17855992759279	102.80808900072013	0.0022045459893914395	1.0001023537370048
2.139253235584874	1.8932954682174492	0.06651836109927373	0.7524111662353296	0.10093579883977455	98.17855992759279	102.80808900072013	0.0022045459893914395	1.0001023537370048
2.139253235584874	1.8932954682174492	0.06651836109927373	0.7524111662353296	0.10093579883977455	98.17855992759279	102.80808900072013	0.0022045459893914395	1.0001023537370048
2.139253235584874	1.8932954682174492	0.06651836109927373	0.7524111662353296	0.10093579883977455	98.17855992759279	102.80808900072013	0.0022045459893914395	1.0001023537370048
2.139253235584874	1.8932954682174492	0.06651836109927373	0.7524111662353296	0.10093579883977455	98.17855992759279	102.80808900072013	0.0022045459893914395	1.0001023537370048
2.139253235584874	1.8932954682174492	0.06651836109927373	0.7524111662353296	0.10093579883977455	98.17855992759279	102.80808900072013	0.0022045459893914395	1.0001023537370048
2.139253235584874	1.8932954682174492	0.06651836109927373	0.7524111662353296	0.10093579883977455	98.17855992759279	102.80808900072013	0.002206415316288186	1.0001023537370048
2.139253235584874	1.8932954682174492	0.06652094771346194	0.7524111662353296	0.10093579883977455	98.17855992759279	102.80808900072013	0.002206415316288186	1.0001023537370048
2.139253235584874	1.8932954682174492	0.06652094771346194	0.7524111662353296	0.10093579883977455	98.17855992759279	102.80808900072013	0.002206415316288186	1.0001023537370048
2.139253235584874	1.8932954682174492	0.06652094771346194	0.7524111662353296	0.10093579883977455	98.17855992759279	102.80808900072013	0.002206415316288186	1.0001023537370048
2.139253235584874	1.8932954682174492	0.06652094771346194	0.7524111662353296	0.10093889894779268	98.17855992759279	102.80808900072013	0.002206415316288186	1.0001023537370048
2.139253235584874	1.8932954682174492	0.06652094771346194	0.7524111662353296	0.10095400023711133	98.17855992759279	102.80808900072013	0.002206415316288186	1.0001023537370048
2.139253235584874	1.8932954682174492	0.06652094771346194	0.7524111662353296	0.10095400023711133	98.17855992759279	102.80808900072013	0.002206415316288186	1.0001023537370048
2.139253235584874	1.8932954682174492	0.06652094771346194	0.7524111662353296	0.10095400023711133	98.17855992759279	102.80808900072013	0.002206415316288186	1.0001023537370048
2.139253235584874	1.8932954682174492	0.06652094771346194	0.7524111662353296	0.10095400023711133	98.17855992759279	102.80808900072013	0.0022062550025587478	1.0001023537370048
2.139253235584874	1.8932954682174492	0.06652094771346194	0.7524111662353296	0.10095400023711133	98.17855992759279	102.80808900072013	0.0022062550025587478	1.0001023537370048
2.139253235584874	1.8932954682174492	0.06652094771346194	0.7524111662353296	0.10095400023711133	98.17855992759279	102.80808900072013	0.0022062550025587478	1.0001023537370048
2.139253235584874	1.8932954682174492	0.06652094771346194	0.7524111662353296	0.10095400023711133	98.17855992759279	102.80808900072013	0.0022062550025587478	1.0001023537370048
2.139253235584874	1.8932954682174492	0.06652094771346194	0.7524111662353296	0.10095400023711133	98.17855992759279	102.80808900072013	0.002205420655605885	1.0001023537370048
2.139253235584874	1.8932954682174492	0.06652094771346194	0.7524111662353296	0.10095391493374808	98.17855992759279	102.80808900072013	0.002205420655605885	1.0001023537370048
2.139253235584874	1.8932954682174492	0.06652094771346194	0.7524111662353296	0.10095391493374808	98.17855992759279	102.80808900072013	0.002205420655605885	1.0001023537370048
2.139253235584874	1.8932954682174492	0.06652094771346194	0.7524111662353296	0.10095391493374808	98.17855992759279	102.80808900072013	0.002205420655605885	1.0001023537370048
2.139253235584874	1.8932954682174492	0.06652094771346194	0.7524111662353296	0.10095391493374808	98.17855992759279	102.80808900072013	0.002205420655605885	1.0001023537370048
2.139253235584874	1.8932954682174492	0.06652094771346194	0.752096828127162	0.10095391493374808	98.17855992759279	102.80808900072013	0.002205420655605885	1.0001023537370048
2.1401680433908097	1.8932954682174492	0.06652094771346194	0.752096828127162	0.10095391493374808	98.17855992759279	102.80808900072013	0.002205420655605885	1.0001023537370048
2.1401680433908097	1.8932954682174492	0.06652094771346194	0.752096828127162	0.10095304008690338	98.17855992759279	102.80808900072013	0.002205420655605885	1.0001023537370048
2.1401680433908097	1.8932954682174492	0.06652094771346194	0.752096828127162	0.10095304008690338	98.17855992759279	102.80808900072013	0.002205420655605885	1.0001023537370048
2.1401680433908097	1.8932954682174492	0.06652094771346194	0.752096828127162	0.10095304008690338	98.1785786315396	102.80808900072013	0.002205420655605885	1.0001023537370048
2.1401680433908097	1.8932954682174492	0.06652094771346194	0.752096828127162	0.10095304008690338	98.1785786315396	102.80808900072013	0.002205420655605885	1.0001023537370048
2.140152301795042	1.8932954682174492	0.06652094771346194	0.752096828127162	0.10095304008690338	98.1785786315396	102.80808900072013	0.002205420655605885	1.0001023537370048
2.140152301795042	1.8932954682174492	0.06652094771346194	0.752096828127162	0.10095304008690338	98.1785786315396	109.37445230497102	0.002205420655605885	1.0001023537370048
2.140152301795042	1.8932954682174492	0.06652094771346194	0.752096828127162	0.10095304008690338	98.1785786315396	109.37445230497102	0.002205420655605885	1.0001023537370048
2.140152301795042	1.8932954682174492	0.06652094771346194	0.752096828127162	0.10095304008690338	98.1785786315396	109.37445230497102	0.002205420655605885	1.0001023537370048
2.140152301795042	1.8932954682174492	0.06652094771346194	0.752096828127162	0.10095304008690338	98.1785786315396	109.36899072661423	0.002205420655605885	1.0001023537370048
2.140152301795042	1.8932954682174492	0.06652094771346194	0.752096828127162	0.10095304008690338	98.1785786315396	109.36899072661423	0.002205420655605885	1.0001023537370048
2.140152301795042	1.8932954682174492	0.06652094771346194	0.752096828127162	0.10095304008690338	98.1785786315396	109.36899072661423	0.002198105937054866	1.0001023537370048
2.14015101848365	1.8932954682174492	0.06652094771346194	0.752096828127162	0.10095304008690338	98.1785786315396	109.36899072661423	0.002198105937054866	1.0001023537370048
2.1401739170427128	1.8932954682174492	0.06652094771346194	0.752096828127162	0.10095304008690338	98.1785786315396	109.36899072661423	0.002198105937054866	1.0001023537370048
2.1401739170427128	1.8932954682174492	0.06652094771346194	0.752096828127162	0.10095310616289495	98.1785786315396	109.36899072661423	0.002198105937054866	1.0001023537370048
2.1401521131746444	1.8932954682174492	0.06652094771346194	0.752096828127162	0.10095310616289495	98.1785786315396	109.36899072661423	0.002198105937054866	1.0001023537370048
2.1401521131746444	1.8932954682174492	0.06652094771346194	0.752096828127162	0.10095310616289495	98.1785786315396	109.3659084478136	0.002198105937054866	1.0001023537370048
2.1401521131746444	1.8932954682174492	0.06652094771346194	0.752096828127162	0.10095310616289495	98.1785786315396	109.3659084478136	0.002198105937054866	1.0001023537370048
2.1401521131746444	1.8932954682174492	0.06652094771346194	0.752096828127162	0.10095310616289495	98.1785786315396	109.3583991842031	0.002198105937054866	1.0001023537370048
2.1401521131746444	1.8932954682174492	0.06652094771346194	0.752096828127162	0.10095310616289495	98.1785786315396	109.3583991842031	0.002198105937054866	1.0001023537370048
2.1401521131746444	1.8932954682174492	0.06652094771346194	0.752096828127162	0.10095310616289495	98.1785786315396	109.3583991842031	0.002198105937054866	1.0001023537370048
2.1401521131746444	1.8932954682174492	0.06652094771346194	0.752096828127162	0.10095310616289495	98.1785786315396	109.3583991842031	0.002198105937054866	1.0001023537370048
2.1401521131746444	1.8932954682174492	0.06652094771346194	0.752096828127162	0.10095310616289495	98.1785786315396	109.3583991842031	0.002198105937054866	1.0001023537370048
2.1401521131746444	1.8932954682174492	0.06652094771346194	0.752096828127162	0.10095310616289495	98.1785786315396	109.3583991842031	0.002198105937054866	1.0001023537370048
2.1401521131746444	1.8932954682174492	0.06652094771346194	0.7521977140617278	0.10095310616289495	98.1785786315396	109.3583991842031	0.002198105937054866	1.0001023537370048
2.1401521131746444	1.8932954682174492	0.06652094771346194	0.7521977140617278	0.10095310616289495	98.1785786315396	109.35402138746205	0.002198105937054866	1.0001023537370048
2.1401521131746444	1.8932954682174492	0.06652094771346194	0.7521977140617278	0.10095310616289495	98.1785786315396	109.35402138746205	0.002198105937054866	1.0001023537370048
2.1401521131746444	1.8932954682174492	0.06652094771346194	0.7522514736577928	0.10095310616289495	98.1785786315396	109.35402138746205	0.002198105937054866	1.0001023537370048
2.1379379216799106	1.8932954682174492	0.06652094771346194	0.7522514736577928	0.10095310616289495	98.1785786315396	109.35402138746205	0.002198105937054866	1.0001023537370048
2.1379379216799106	1.8932954682174492	0.06652094771346194	0.7522514736577928	0.10095310616289495	98.1785786315396	109.35402138746205	0.002198105937054866	1.0001023537370048
2.1379379216799106	1.8932954682174492	0.06652094771346194	0.7522514736577928	0.10095310616289495	98.1785786315396	109.35402138746205	0.002198105937054866	1.0001023537370048
2.1379379216799106	1.8932954682174492	0.06652094771346194	0.7522514736577928	0.10095310616289495	98.1785786315396	109.35402138746205	0.0021981016770181213	1.0001023537370048
2.1379379216799106	1.8932954682174492	0.06652094771346194	0.7522514736577928	0.10095310616289495	98.1785786315396	109.35402138746205	0.0021944062433306138	1.0001023537370048
2.1379379216799106	1.8932954682174492	0.06652094771346194	0.7522514736577928	0.10095310616289495	98.1785786315396	109.35402138746205	0.0021599527226606307	1.0001023537370048
2.1379379216799106	1.8932954682174492	0.06652094771346194	0.7522514736577928	0.10095310616289495	98.1785786315396	109.35402138746205	0.0021599527226606307	1.0001023537370048
2.1378457176535046	1.8932954682174492	0.06652094771346194	0.7522514736577928	0.10095310616289495	98.1785786315396	109.35402138746205	0.0021599527226606307	1.0001023537370048
2.1378457176535046	1.8932954682174492	0.06652094771346194	0.7522514736577928	0.10095310616289495	98.1785786315396	109.2870630686982	0.0021599527226606307	1.0001023537370048
2.1378457176535046	1.8932954682174492	0.06652094771346194	0.7522514736577928	0.10095310616289495	98.1785786315396	109.2870630686982	0.0021599527226606307	1.0001023537370048
2.1378457176535046	1.8932954682174492	0.06652094771346194	0.7522514736577928	0.10095310616289495	98.1785786315396	109.2870630686982	0.002164870269095894	1.0001023537370048
2.1378457176535046	1.8932954682174492	0.06652094771346194	0.7522514736577928	0.10095310616289495	98.1785786315396	109.57177584197856	0.002164870269095894	1.0001023537370048
2.1378457176535046	1.8932954682174492	0.06652094771346194	0.7522514736577928	0.10095310616289495	98.1785786315396	109.57177584197856	0.002164870269095894	1.0001023537370048
2.1378457176535046	1.8932954682174492	0.06652094771346194	0.7522514736577928	0.10095310616289495	98.1785786315396	109.57177584197856	0.002164870269095894	1.0001023537370048
