2.0792909208007386	1.8894744918224382	0.06766635412606886	0.7650694793862405	0.10026216471554095	97.62761884540967	107.60667560479779	0.002346682516533512	1.0001017793312692
2.0792909208007386	1.8896809119978528	0.06766635412606886	0.7650694793862405	0.10026216471554095	97.62761884540967	107.60667560479779	0.002346682516533512	1.0001017793312692
2.0792909208007386	1.8896809119978528	0.06766635412606886	0.7650694793862405	0.10026216471554095	97.62761884540967	107.60667560479779	0.002346682516533512	1.0001017793312692
2.0792909208007386	1.8896809119978528	0.06766635412606886	0.7650694793862405	0.10026216471554095	97.62761884540967	107.60667560479779	0.002346682516533512	1.0001017793312692
2.0792909208007386	1.8896809119978528	0.06766635412606886	0.7650694793862405	0.10026216471554095	97.62761884540967	107.60667560479779	0.002346682516533512	1.0001017793312692
2.0792909208007386	1.8896809119978528	0.06766635412606886	0.7650694793862405	0.10026216471554095	97.62761884540967	107.60667560479779	0.002346682516533512	1.0001017793312692
2.0792909208007386	1.8896809119978528	0.06766635412606886	0.7650694793862405	0.10026216471554095	97.62761884540967	107.60667560479779	0.002346682516533512	1.0001017793312692
2.0792909208007386	1.8896809119978528	0.06766635412606886	0.7650694793862405	0.10026216471554095	97.62761884540967	107.60667560479779	0.002346682516533512	1.0001017793312692
2.0792909208007386	1.8896809119978528	0.06766635412606886	0.7650694793862405	0.10026216471554095	97.62761884540967	107.60667560479779	0.002346682516533512	1.0001017793312692
2.0792909208007386	1.8896809119978528	0.06766635412606886	0.7650694793862405	0.10026216471554095	97.62761884540967	107.60667560479779	0.002346682516533512	1.0001017793312692
2.0792909208007386	1.8896827148706812	0.06766635412606886	0.7650694793862405	0.10026216471554095	97.62761884540967	107.60667560479779	0.002346682516533512	1.0001017793312692
2.0792909208007386	1.8896827148706812	0.0676707504383473	0.7650694793862405	0.10026216471554095	97.62761884540967	107.60667560479779	0.002346682516533512	1.0001017793312692
2.0792909208007386	1.8896827148706812	0.0676707504383473	0.7650694793862405	0.10026216471554095	97.62761884540967	107.60667560479779	0.0023470699653812556	1.0001017793312692
2.0792909208007386	1.889728532546188	0.0676707504383473	0.7650694793862405	0.10026216471554095	97.62761884540967	107.60667560479779	0.0023470699653812556	1.0001017793312692
2.0792909208007386	1.889728532546188	0.0676707504383473	0.7650694793862405	0.10026216471554095	97.62761884540967	107.60667560479779	0.0023469944131972796	1.0001017793312692
2.0792909208007386	1.889728532546188	0.0676707504383473	0.7647892927451827	0.10026216471554095	97.62761884540967	107.60667560479779	0.0023469944131972796	1.0001017793312692
2.0786313497555047	1.889728532546188	0.0676707504383473	0.7647892927451827	0.10026216471554095	97.62761884540967	107.60667560479779	0.0023469944131972796	1.0001017793312692
2.0786313497555047	1.889728532546188	0.0676707504383473	0.7647892927451827	0.10026216471554095	97.62761884540967	107.60667560479779	0.0023469944131972796	1.0001017793312692
2.0786313497555047	1.889728532546188	0.0676707504383473	0.7647892927451827	0.10026216471554095	97.62769259071759	107.60667560479779	0.0023469944131972796	1.0001017793312692
2.0786313497555047	1.889728532546188	0.0676707504383473	0.7647892927451827	0.10026216471554095	97.62769259071759	107.60667560479779	0.0023469944131972796	1.0001017793312692
2.0786313497555047	1.889728532546188	0.0676707504383473	0.7647892927451827	0.10026216471554095	97.62769259071759	107.60667560479779	0.0023469944131972796	1.0001017793312692
2.0786313497555047	1.889728532546188	0.0676707504383473	0.7647892927451827	0.10026216471554095	97.62769259071759	107.60667560479779	0.0023469944131972796	1.0001017793312692
2.0786313497555047	1.889728532546188	0.0676707504383473	0.7647892927451827	0.10026216471554095	97.62769259071759	107.60667560479779	0.0023469944131972796	1.0001017793312692
2.0786313497555047	1.889728532546188	0.0676707504383473	0.7647892927451827	0.10026216471554095	97.62769259071759	107.60667560479779	0.0023469944131972796	1.0001017793312692
2.0786313497555047	1.889728532546188	0.0676707504383473	0.7647892927451827	0.10026216471554095	97.62769259071759	107.60667560479779	0.002328357410339558	1.0001017793312692
2.0786313497555047	1.889728532546188	0.0676707504383473	0.7647892927451827	0.10026216471554095	97.62769259071759	107.60667560479779	0.002328357410339558	1.0001017793312692
2.0786313497555047	1.889728532546188	0.0676707504383473	0.7647892927451827	0.10026216471554095	97.62747650491401	107.60667560479779	0.002328357410339558	1.0001017793312692
2.0786313497555047	1.889728532546188	0.06756901870498863	0.7647892927451827	0.10026216471554095	97.62747650491401	107.60667560479779	0.002328357410339558	1.0001017793312692
2.0786313497555047	1.889728532546188	0.06756901870498863	0.7647892927451827	0.10027440686029832	97.62747650491401	107.60667560479779	0.002328357410339558	1.0001017793312692
2.0786313497555047	1.889728532546188	0.06756901870498863	0.7647892927451827	0.10027440686029832	97.62747650491401	107.60667560479779	0.002328357410339558	1.0001017793312692
2.0786313497555047	1.889728532546188	0.06756901870498863	0.7647892927451827	0.10027440686029832	97.62747650491401	107.60667560479779	0.002328357410339558	1.0001017793312692
2.0786313497555047	1.889728532546188	0.06756901870498863	0.7647892927451827	0.10027440686029832	97.62747650491401	107.60667560479779	0.002328357410339558	1.0001086520458466
2.078628289710707	1.889728532546188	0.06756901870498863	0.7647892927451827	0.10027440686029832	97.62747650491401	107.60667560479779	0.002328357410339558	1.0001086520458466
2.078628289710707	1.889728532546188	0.06756901870498863	0.7647892927451827	0.10027440686029832	97.62747650491401	107.60667560479779	0.002328357410339558	1.0001086520458466
2.078628289710707	1.889728532546188	0.06756901870498863	0.7647892927451827	0.10027440686029832	97.62747650491401	107.60667560479779	0.002328357410339558	1.0001086520458466
2.078628289710707	1.889728532546188	0.06756901870498863	0.7647892927451827	0.10027440686029832	97.62747650491401	107.60667560479779	0.002328357410339558	1.0001072098247976
2.078628289710707	1.889728532546188	0.06756901870498863	0.7647892927451827	0.10027440686029832	97.62747650491401	107.60667560479779	0.002328357410339558	1.0001072098247976
2.078628289710707	1.889728532546188	0.06756901870498863	0.7647892927451827	0.10027440686029832	97.62747650491401	107.60667560479779	0.002328357410339558	1.0001072098247976
2.078628289710707	1.889728532546188	0.06756901870498863	0.7647892927451827	0.10027440686029832	97.62747650491401	107.85272344208859	0.002328357410339558	1.0001072098247976
2.078628289710707	1.889728532546188	0.06756901870498863	0.7647892927451827	0.10027440686029832	97.62747650491401	107.85272344208859	0.0020521698824772483	1.0001072098247976
2.078628289710707	1.8939346409917879	0.06756901870498863	0.7647892927451827	0.10027440686029832	97.62747650491401	107.85272344208859	0.0020521698824772483	1.0001072098247976
2.078628289710707	1.8939346409917879	0.06756901870498863	0.7647892927451827	0.10027440686029832	97.62747650491401	107.85272344208859	0.0020521698824772483	1.0001072098247976
2.078628289710707	1.8939346409917879	0.06756901870498863	0.7647892927451827	0.10027440686029832	97.62747650491401	107.85368233350702	0.0020521698824772483	1.0001072098247976
2.078628289710707	1.8939346409917879	0.06756901870498863	0.7647892927451827	0.10027441410588363	97.62747650491401	107.85368233350702	0.0020521698824772483	1.0001072098247976
2.078628289710707	1.8939317220317506	0.06756901870498863	0.7647892927451827	0.10027441410588363	97.62747650491401	107.85368233350702	0.0020521698824772483	1.0001072098247976
2.078628289710707	1.8939317220317506	0.06756901870498863	0.7647892927451827	0.10027441410588363	97.62747650491401	107.85368233350702	0.0020521698824772483	1.0001072098247976
2.078628289710707	1.8939317220317506	0.06756901870498863	0.7647892927451827	0.10027441410588363	97.62747650491401	107.85368233350702	0.0020521698824772483	1.0001072098247976
2.078628289710707	1.8939317220317506	0.06756901870498863	0.7647892927451827	0.10027441410588363	97.62747650491401	107.85629462228785	0.0020521698824772483	1.0001072098247976
2.078628289710707	1.8939317220317506	0.06756901870498863	0.7647892927451827	0.10027441410588363	97.62747650491401	107.85629462228785	0.0020521698824772483	1.0001072098247976
2.078628289710707	1.8939317220317506	0.06756901870498863	0.7647892927451827	0.10027441410588363	97.62747650491401	107.85629462228785	0.0020521698824772483	1.0001072098247976
2.078628289710707	1.8939317220317506	0.06756901870498863	0.7647892927451827	0.10027441410588363	97.62747650491401	107.85629462228785	0.0020521698824772483	1.0001072098247976
2.078628289710707	1.8939317220317506	0.06756901870498863	0.7647892927451827	0.10027441410588363	97.62747650491401	107.85629462228785	0.0020922874897974426	1.0001072098247976
2.078628289710707	1.8939317220317506	0.06756084727336376	0.7647892927451827	0.10027441410588363	97.62747650491401	107.85629462228785	0.0020922874897974426	1.0001072098247976
2.078628289710707	1.8939317220317506	0.06756084727336376	0.7647892927451827	0.10027441410588363	97.62747650491401	107.85629462228785	0.0020922874897974426	1.0001072098247976
2.078628289710707	1.8939317220317506	0.06756084727336376	0.7647892927451827	0.10027441410588363	97.62747650491401	107.8886979487789	0.0020922874897974426	1.0001072098247976
2.078628289710707	1.8939317220317506	0.06756084727336376	0.7647892927451827	0.10027441410588363	97.62747650491401	107.8886979487789	0.0020922874897974426	1.0001072098247976
2.078628289710707	1.8939317220317506	0.06756084727336376	0.7647892927451827	0.10027441410588363	97.62747650491401	107.8886979487789	0.0020922874897974426	1.0001072098247976
2.078628289710707	1.8939317220317506	0.06756084727336376	0.7647892927451827	0.10027441410588363	97.62747650491401	107.8886979487789	0.0020922874897974426	1.0001072098247976
2.078628289710707	1.8939317220317506	0.06756084727336376	0.7647892927451827	0.10020686151715569	97.62747650491401	107.8886979487789	0.0020922874897974426	1.0001072098247976
2.078628289710707	1.8939317220317506	0.06756084727336376	0.7647892927451827	0.10020686151715569	97.62747650491401	107.8886979487789	0.0020922874897974426	1.0001072098247976
2.078628289710707	1.8939317220317506	0.06753561099522817	0.7647892927451827	0.10020686151715569	97.62747650491401	107.8886979487789	0.0020922874897974426	1.0001072098247976
2.078628289710707	1.8966538283819532	0.06753561099522817	0.7647892927451827	0.10020686151715569	97.62747650491401	107.8886979487789	0.0020922874897974426	1.0001072098247976
2.078628289710707	1.8966538283819532	0.06753561099522817	0.7647892927451827	0.10020686151715569	97.62747650491401	107.8886979487789	0.0020922874897974426	1.0001072098247976
2.078628289710707	1.8966538283819532	0.06753561099522817	0.7647892927451827	0.10020686151715569	97.62747650491401	107.8886979487789	0.0020922874897974426	1.0001072098247976
2.078628289710707	1.8966538283819532	0.06753561099522817	0.7647892927451827	0.10020686151715569	97.62747650491401	107.8886979487789	0.0020922874897974426	1.0001072098247976
2.078628289710707	1.8966538283819532	0.06753561099522817	0.7647892927451827	0.10022690294267116	97.62747650491401	107.8886979487789	0.0020922874897974426	1.0001072098247976
2.078628289710707	1.8966538283819532	0.06753561099522817	0.7647892927451827	0.10022690294267116	97.62747650491401	107.8886979487789	0.002092318653165684	1.0001072098247976
2.078628289710707	1.8966538283819532	0.06753561099522817	0.7647892927451827	0.1002275304748171	97.62747650491401	107.8886979487789	0.002092318653165684	1.0001072098247976
2.078628289710707	1.8966538283819532	0.06753561099522817	0.7647892927451827	0.1002275229637114	97.62747650491401	107.8886979487789	0.002092318653165684	1.0001072098247976
2.078628289710707	1.8966538283819532	0.06753561099522817	0.7647892927451827	0.1002275229637114	97.62747650491401	107.8886979487789	0.002092318653165684	1.0001072098247976
2.078836615519621	1.8966538283819532	0.06753561099522817	0.7647892927451827	0.1002275229637114	97.62747650491401	107.8886979487789	0.002092318653165684	1.0001072098247976
2.078836615519621	1.8966538283819532	0.06753561099522817	0.7647892927451827	0.10039837071847894	97.62747650491401	107.8886979487789	0.002092318653165684	1.0001072098247976
2.078836615519621	1.8966538283819532	0.06753561099522817	0.7647892927451827	0.10039837071847894	97.62747650491401	107.8886979487789	0.002155337625806949	1.0001072098247976
2.078836615519621	1.8966538283819532	0.06753561099522817	0.7647892927451827	0.10040327318242442	97.62747650491401	107.8886979487789	0.002155337625806949	1.0001072098247976
2.078836615519621	1.8966538283819532	0.06753561099522817	0.7647892927451827	0.10040327318242442	97.62747650491401	107.8886979487789	0.002155337625806949	1.0001072098247976
2.078836615519621	1.8966538283819532	0.06753561099522817	0.7647892927451827	0.10040327318242442	97.62747650491401	107.8886979487789	0.002155337625806949	1.0001071968251813
2.078836615519621	1.8966538283819532	0.06753561099522817	0.7647892927451827	0.10040327318242442	97.62747650491401	108.34479414020429	0.002155337625806949	1.0001071968251813
2.0788487408897955	1.8966538283819532	0.06753561099522817	0.7647892927451827	0.10040327318242442	97.62747650491401	108.34479414020429	0.002155337625806949	1.0001071968251813
2.0788487408897955	1.8966538283819532	0.06753561099522817	0.7647892927451827	0.10040327318242442	97.62747650491401	108.34479414020429	0.002155337625806949	1.0001071968251813
2.0788487408897955	1.8966538283819532	0.06753561099522817	0.7647892927451827	0.10040327318242442	97.62747650491401	108.34060116674581	0.002155337625806949	1.0001071968251813
2.0788487408897955	1.8966538283819532	0.06753561099522817	0.7647892927451827	0.10040327318242442	97.62747650491401	108.34060116674581	0.002155337625806949	1.0001071881561345
2.0788487408897955	1.8966538283819532	0.06753561099522817	0.7647892927451827	0.10040327318242442	97.62747650491401	108.34060116674581	0.002155337625806949	1.0001071881561345
2.0788487408897955	1.8966538283819532	0.06753561099522817	0.7647892927451827	0.10040327318242442	97.61710146855854	108.34060116674581	0.002155337625806949	1.0001071881561345
2.0788487408897955	1.8966538283819532	0.06753561099522817	0.7647955988986743	0.10040327318242442	97.61710146855854	108.34060116674581	0.002155337625806949	1.0001071881561345
2.0788487408897955	1.8966538283819532	0.06753561099522817	0.7647955988986743	0.100400270245297	97.61710146855854	108.34060116674581	0.002155337625806949	1.0001071881561345
2.0790447462271535	1.8966538283819532	0.06753561099522817	0.7647955988986743	0.100400270245297	97.61710146855854	108.34060116674581	0.002155337625806949	1.0001071881561345
2.0790447462271535	1.8966538283819532	0.06753561099522817	0.7647955988986743	0.100400270245297	97.61710146855854	108.34060116674581	0.002155337625806949	1.0001070681416422
2.0790447462271535	1.8966538283819532	0.06753561099522817	0.7647955988986743	0.10040061167484003	97.61710146855854	108.34060116674581	0.002155337625806949	1.0001070681416422
2.0790447462271535	1.8966538283819532	0.06753561099522817	0.7647955988986743	0.10040061167484003	97.61710146855854	108.34060116674581	0.002155337625806949	1.000107672967727
2.0790447462271535	1.8966538283819532	0.06753561099522817	0.7647955988986743	0.10040061167484003	97.61710146855854	108.34060116674581	0.002155337625806949	1.000107672967727
2.0790447462271535	1.8966538283819532	0.06753561099522817	0.7647955988986743	0.10040061167484003	97.61710146855854	108.34060116674581	0.002155337625806949	1.000107672967727
2.0790447462271535	1.8966538283819532	0.06753561099522817	0.7647955988986743	0.10040061167484003	97.61710146855854	108.34060116674581	0.002155337625806949	1.000107672967727
2.0790447462271535	1.8966538283819532	0.06753561099522817	0.7647955988986743	0.10040061167484003	97.61710146855854	108.34060116674581	0.002155337625806949	1.000107672967727
2.0790447462271535	1.8966538283819532	0.06753561099522817	0.7647955988986743	0.10040061167484003	97.61710146855854	108.34060116674581	0.002155399633325018	1.000107672967727
2.0790447462271535	1.8966538283819532	0.06753561099522817	0.7647955988986743	0.10040061167484003	97.61710146855854	108.34060116674581	0.002155399633325018	1.000107672967727
2.0790447462271535	1.8966538283819532	0.06753395115163308	0.7647955988986743	0.10040061167484003	97.61710146855854	108.34060116674581	0.002155399633325018	1.000107672967727
2.0790447462271535	1.8966222311193859	0.06753395115163308	0.7647955988986743	0.10040061167484003	97.61710146855854	108.34060116674581	0.002155399633325018	1.000107672967727
2.0790447462271535	1.8966222311193859	0.06743617616173979	0.7647955988986743	0.10040061167484003	97.61710146855854	108.34060116674581	0.002155399633325018	1.000107672967727
2.0790447462271535	1.8966222311193859	0.06743617616173979	0.7647955988986743	0.10040061167484003	97.61710146855854	108.34060116674581	0.002155399633325018	1.000107672967727
2.0790447462271535	1.8966222311193859	0.06743617616173979	0.7647955988986743	0.10040061167484003	97.61710146855854	108.34060116674581	0.002155399633325018	1.000107672967727
2.0790447462271535	1.8966222311193859	0.06743617616173979	0.7647955988986743	0.10040061167484003	97.61710146855854	108.34060116674581	0.002155399633325018	1.000107672967727
2.0790447462271535	1.8966222311193859	0.06743617616173979	0.7647955988986743	0.10040061167484003	97.61710146855854	108.34060116674581	0.002155399633325018	1.000107672967727
2.0790447462271535	1.8966222311193859	0.06743617616173979	0.7647878760366585	0.10040061167484003	97.61710146855854	108.34060116674581	0.002155399633325018	1.000107672967727
2.0790447462271535	1.8966222311193859	0.06743617616173979	0.7647878760366585	0.10040061167484003	97.61710146855854	108.34060116674581	0.002155399633325018	1.000107672967727
2.0790447462271535	1.8966725112419183	0.06743617616173979	0.7647878760366585	0.10040061167484003	97.61710146855854	108.34060116674581	0.002155399633325018	1.000107672967727
2.0780383783631287	1.8966725112419183	0.06743617616173979	0.7647878760366585	0.10040061167484003	97.61710146855854	108.34060116674581	0.002155399633325018	1.000107672967727
2.0780383783631287	1.8966725112419183	0.06743617616173979	0.7647878760366585	0.10040061167484003	97.61710146855854	108.34060116674581	0.002155399633325018	1.000107672967727
2.0780383783631287	1.8966725112419183	0.06743617616173979	0.7647878760366585	0.10040061167484003	97.61710146855854	108.34060116674581	0.002155399633325018	1.0001077726438667
2.0780383783631287	1.8966725112419183	0.06743617616173979	0.7647878760366585	0.10040061167484003	97.61710146855854	108.34060116674581	0.002155399633325018	1.0001077726438667
2.078430906612662	1.8966725112419183	0.06743617616173979	0.7647878760366585	0.10040061167484003	97.61710146855854	108.34060116674581	0.002155399633325018	1.0001077726438667
2.078430906612662	1.8966725112419183	0.06743617616173979	0.7647878760366585	0.10040061167484003	97.61710146855854	108.34060116674581	0.002155399633325018	1.0001077726438667
2.078430906612662	1.8966725112419183	0.06743617616173979	0.7647878760366585	0.10040061167484003	97.61710146855854	108.34060116674581	0.002155399633325018	1.0001077726438667
2.078430906612662	1.8966725112419183	0.06743617616173979	0.7647769703142044	0.10040061167484003	97.61710146855854	108.34060116674581	0.002155399633325018	1.0001077726438667
2.078430906612662	1.8966725112419183	0.06743617616173979	0.7647769703142044	0.10040061167484003	97.61710146855854	108.34060116674581	0.002155399633325018	1.0001077726438667
2.078430906612662	1.8966725112419183	0.06743617616173979	0.7647769703142044	0.10040061167484003	97.61710146855854	110.53584690658299	0.002155399633325018	1.0001077726438667
2.078430906612662	1.8966720579392677	0.06743617616173979	0.7647769703142044	0.10040061167484003	97.61710146855854	110.53584690658299	0.002155399633325018	1.0001077726438667
2.078430906612662	1.8966720579392677	0.06743617616173979	0.7647769703142044	0.10040061167484003	97.61710146855854	110.53584690658299	0.002155399633325018	1.0001077726438667
2.078430906612662	1.8966720579392677	0.06743617616173979	0.7647769703142044	0.10040061167484003	97.61710146855854	110.53584690658299	0.002155399633325018	1.0001055263450211
2.078430906612662	1.8966720579392677	0.06743617616173979	0.7647769703142044	0.10040061167484003	97.61710146855854	110.53584690658299	0.002155399633325018	1.0001055263450211
2.078430906612662	1.8966720579392677	0.06743617616173979	0.7647769703142044	0.10040061167484003	97.61710146855854	110.53584690658299	0.002155399633325018	1.0001055263450211
2.078430906612662	1.8966720579392677	0.06743617616173979	0.7647769703142044	0.10040061167484003	97.61710146855854	110.53584690658299	0.002155399633325018	1.0001055263450211
2.078430906612662	1.8966720579392677	0.06743617616173979	0.7647769703142044	0.10040061167484003	97.61710146855854	110.53584690658299	0.002155399633325018	1.0001055263450211
2.078430906612662	1.8966720579392677	0.06743617616173979	0.7647769703142044	0.10040061167484003	97.61710146855854	110.53584690658299	0.002155399633325018	1.0001056120305083
2.078430906612662	1.8966720579392677	0.06743617616173979	0.7647769703142044	0.10040061167484003	97.61710146855854	109.8613539891095	0.002155399633325018	1.0001056120305083
2.078430906612662	1.8966720579392677	0.06743617616173979	0.7647769703142044	0.10040061167484003	97.62001918827609	109.8613539891095	0.002155399633325018	1.0001056120305083
2.078430906612662	1.8966720579392677	0.06743617616173979	0.7647769703142044	0.10040061167484003	97.62001918827609	109.8613539891095	0.002155399633325018	1.0001056120305083
2.078430906612662	1.8966720579392677	0.06743617616173979	0.7647769703142044	0.10040061167484003	97.62001918827609	109.86698886135942	0.002155399633325018	1.0001056120305083
2.078430906612662	1.8966720579392677	0.06743617616173979	0.7647769703142044	0.10040061167484003	97.62001918827609	109.86698886135942	0.002155399633325018	1.0001057002597316
2.078430906612662	1.8966720579392677	0.06743617616173979	0.7647769703142044	0.10040061167484003	97.62001918827609	109.86698886135942	0.002155399633325018	1.0001057002597316
2.078430906612662	1.8966720579392677	0.06743617616173979	0.7647769703142044	0.10040061167484003	97.62001918827609	109.86698886135942	0.0023377743540374586	1.0001057002597316
2.078430906612662	1.8966720579392677	0.06743617616173979	0.7647769703142044	0.10040061167484003	97.62001918827609	109.86905832887035	0.0023377743540374586	1.0001057002597316
2.078430906612662	1.8966720579392677	0.06743617616173979	0.7647738324472672	0.10040061167484003	97.62001918827609	109.86905832887035	0.0023377743540374586	1.0001057002597316
2.078430906612662	1.8966720579392677	0.06743617616173979	0.7647738324472672	0.10040061167484003	97.62001918827609	109.86905832887035	0.0023377743540374586	1.0001057002597316
2.078430906612662	1.8966720579392677	0.06743617616173979	0.7647738324472672	0.10040061167484003	97.62001918827609	109.86905832887035	0.0023377743540374586	1.0001057002597316
2.078430906612662	1.8966720579392677	0.06743617616173979	0.7647738324472672	0.10040061167484003	97.62001918827609	109.86905832887035	0.0023377743540374586	1.0001057002597316
2.078430906612662	1.8966720579392677	0.06743617616173979	0.7647738324472672	0.10040061167484003	97.62001918827609	109.8509007471784	0.0023377743540374586	1.0001057002597316
2.078430906612662	1.8966720579392677	0.06743617616173979	0.7647738324472672	0.10040061167484003	97.62001918827609	109.8509007471784	0.0023377743540374586	1.0001057002597316
2.078430906612662	1.8966720579392677	0.06743617616173979	0.7647738324472672	0.10040061167484003	97.62001918827609	107.8597840042294	0.0023377743540374586	1.0001057002597316
2.078430906612662	1.8966720579392677	0.06743617616173979	0.7647738324472672	0.10040061167484003	97.62001918827609	107.8597840042294	0.0024014448631505514	1.0001057002597316
2.078430906612662	1.8966720579392677	0.06743617616173979	0.7647738324472672	0.10040061167484003	97.62001918827609	107.8597840042294	0.0024014448631505514	1.0001057002597316
2.078430906612662	1.8966720579392677	0.06743617616173979	0.7647738324472672	0.10040061167484003	97.62001918827609	107.8597840042294	0.0024014448631505514	1.0001057002597316
2.078430906612662	1.8966720579392677	0.06743617616173979	0.7647738324472672	0.10040061167484003	97.62001918827609	107.8597840042294	0.0024014448631505514	1.0001057002597316
2.078430906612662	1.8966720579392677	0.06743617616173979	0.7647738324472672	0.10040061167484003	97.62001918827609	107.8597840042294	0.0024014448631505514	1.0001057002597316
2.078430906612662	1.8966720579392677	0.06743617616173979	0.7647738324472672	0.10040061167484003	97.62001918827609	107.8597840042294	0.0024014448631505514	1.0001057002597316
2.078430906612662	1.8989050826301468	0.06743617616173979	0.7647738324472672	0.10040061167484003	97.62001918827609	107.8597840042294	0.0024014448631505514	1.0001057002597316
2.078430906612662	1.8989050826301468	0.06743617616173979	0.7647738324472672	0.10040061167484003	97.62001918827609	107.8597840042294	0.0024014448631505514	1.0001057002597316
2.078430906612662	1.8989050826301468	0.06743617616173979	0.7647738324472672	0.10040061167484003	97.62001918827609	107.8597840042294	0.0024014448631505514	1.0001057002597316
2.078430906612662	1.8989050826301468	0.06743617616173979	0.7647738324472672	0.10040822337444856	97.62001918827609	107.8597840042294	0.0024014448631505514	1.0001057002597316
2.078430906612662	1.8989050826301468	0.06743617616173979	0.7647738324472672	0.10040822337444856	97.62001918827609	107.8597840042294	0.0024014448631505514	1.0001057002597316
2.078430906612662	1.8989050826301468	0.06743617616173979	0.7647738324472672	0.10040822337444856	97.62001918827609	107.8597840042294	0.0024014448631505514	1.0001057002597316
2.078430906612662	1.8989050826301468	0.06743617616173979	0.7655296950992639	0.10040822337444856	97.62001918827609	107.8597840042294	0.0024014448631505514	1.0001057002597316
2.078430906612662	1.8989050826301468	0.06743617616173979	0.7655296950992639	0.10040822337444856	97.62001918827609	107.8597840042294	0.0024014448631505514	1.0001057002597316
2.0780034640911844	1.8989050826301468	0.06743617616173979	0.7655296950992639	0.10040822337444856	97.62001918827609	107.8597840042294	0.0024014448631505514	1.0001057002597316
2.0780034640911844	1.8989050826301468	0.06743617616173979	0.7655296950992639	0.10040822337444856	97.62001918827609	107.8597840042294	0.0024014448631505514	1.0001057002597316
2.0780034640911844	1.8989050826301468	0.06743617616173979	0.7655296950992639	0.10040822337444856	97.62001918827609	107.8597840042294	0.0024014448631505514	1.0001057002597316
2.0780034640911844	1.8989050826301468	0.06743617616173979	0.7655296950992639	0.10040822337444856	97.62001918827609	107.8597840042294	0.0024014448631505514	1.0001057002597316
2.0780034640911844	1.8989050826301468	0.06743617616173979	0.7655296950992639	0.10040827392598499	97.62001918827609	107.8597840042294	0.0024014448631505514	1.0001057002597316
2.0780034640911844	1.8989050826301468	0.06748355578275561	0.7655296950992639	0.10040827392598499	97.62001918827609	107.8597840042294	0.0024014448631505514	1.0001057002597316
2.0755115488432128	1.8989050826301468	0.06748355578275561	0.7655296950992639	0.10040827392598499	97.62001918827609	107.8597840042294	0.0024014448631505514	1.0001057002597316
2.0755115488432128	1.8989050826301468	0.06748355578275561	0.7655296950992639	0.10040823783358976	97.62001918827609	107.8597840042294	0.0024014448631505514	1.0001057002597316
2.0755115488432128	1.8989050826301468	0.06748355578275561	0.7655308518858978	0.10040823783358976	97.62001918827609	107.8597840042294	0.0024014448631505514	1.0001057002597316
2.0755115488432128	1.8989050826301468	0.06748355578275561	0.7655308518858978	0.10040823783358976	97.62001918827609	107.8597840042294	0.0024014448631505514	1.0001057002597316
2.0755115488432128	1.8989050826301468	0.06748355578275561	0.7655308518858978	0.10040823783358976	97.62001918827609	107.8597840042294	0.0024014448631505514	1.0001057002597316
2.0755115488432128	1.8989050826301468	0.06748355578275561	0.7655308518858978	0.10040823783358976	97.62001918827609	107.8597840042294	0.0024014448631505514	1.0001057002597316
2.0755115488432128	1.8989050826301468	0.06748355578275561	0.7655308518858978	0.10040823783358976	97.62001918827609	107.8597840042294	0.002405900861377936	1.0001057002597316
2.075510790115554	1.8989050826301468	0.06748355578275561	0.7655308518858978	0.10040823783358976	97.62001918827609	107.8597840042294	0.002405900861377936	1.0001057002597316
2.075510790115554	1.8989050826301468	0.06748355578275561	0.7655308518858978	0.10040823783358976	97.62001918827609	107.8597840042294	0.002405900861377936	1.0001057002597316
2.075510790115554	1.8989050826301468	0.06748355578275561	0.7655308518858978	0.10040823783358976	97.62001918827609	107.8597840042294	0.002405900861377936	1.0001057002597316
2.075510790115554	1.8989050826301468	0.06748355578275561	0.7655308518858978	0.10040823783358976	97.61983482345732	107.8597840042294	0.002405900861377936	1.0001057002597316
2.075510790115554	1.8989050826301468	0.06748355578275561	0.7655308518858978	0.10040823783358976	97.61983482345732	107.8597840042294	0.002405900861377936	1.0001057002597316
2.075510790115554	1.8989050826301468	0.06748355578275561	0.7655308518858978	0.10040823783358976	97.61983482345732	107.8597840042294	0.002405900861377936	1.0001057002597316
2.075510790115554	1.8989050826301468	0.06748355578275561	0.7655308518858978	0.10040823783358976	97.61983482345732	107.8597840042294	0.002405900861377936	1.0001057002597316
2.075510790115554	1.8989050826301468	0.06748355578275561	0.7655308518858978	0.10040823783358976	97.61983482345732	107.8597840042294	0.002433992226086484	1.0001057002597316
2.075510790115554	1.8988624881884837	0.06748355578275561	0.7655308518858978	0.10040823783358976	97.61983482345732	107.8597840042294	0.002433992226086484	1.0001057002597316
2.075510790115554	1.8988624881884837	0.06748355578275561	0.7655308518858978	0.10040823834659918	97.61983482345732	107.8597840042294	0.002433992226086484	1.0001057002597316
2.075510790115554	1.8988624881884837	0.06748355578275561	0.7655308518858978	0.10040823834659918	97.61983482345732	107.8597840042294	0.002433992226086484	1.0001057002597316
2.075510790115554	1.8988624881884837	0.06748355578275561	0.76557025292005	0.10040823834659918	97.61983482345732	107.8597840042294	0.002433992226086484	1.0001057002597316
2.075510790115554	1.8988624881884837	0.06748355578275561	0.76557025292005	0.10040823834659918	97.61983482345732	107.8597840042294	0.002433992226086484	1.0001057002597316
2.075510790115554	1.8988624881884837	0.06748355578275561	0.76557025292005	0.10040993692300952	97.61983482345732	107.8597840042294	0.002433992226086484	1.0001057002597316
2.075510790115554	1.8988624881884837	0.06748355578275561	0.76557025292005	0.10040993692300952	97.61983482345732	107.8597840042294	0.002433992226086484	1.0001057002597316
2.075510790115554	1.8988624881884837	0.06746661847890598	0.76557025292005	0.10040993692300952	97.61983482345732	107.8597840042294	0.002433992226086484	1.0001057002597316
2.075510790115554	1.8988624881884837	0.06746661847890598	0.76557025292005	0.10040993692300952	97.61983482345732	107.8597840042294	0.002433992226086484	1.0001057002597316
2.075510790115554	1.8988624881884837	0.06746661847890598	0.76557025292005	0.10040993692300952	97.61983482345732	107.8597840042294	0.002433992226086484	1.0001057002597316
2.075510790115554	1.8988624881884837	0.06746661847890598	0.76557025292005	0.10040993692300952	97.61983482345732	107.8597840042294	0.002433992226086484	1.0001057002597316
2.0755088519360245	1.8988624881884837	0.06746661847890598	0.76557025292005	0.10040993692300952	97.61983482345732	107.8597840042294	0.002433992226086484	1.0001057002597316
2.07547820664464	1.8988624881884837	0.06746661847890598	0.76557025292005	0.10040993692300952	97.61983482345732	107.8597840042294	0.002433992226086484	1.0001057002597316
2.07547820664464	1.8988624881884837	0.06746661847890598	0.76557025292005	0.10040993692300952	97.61983482345732	107.8597840042294	0.002433992226086484	1.0001057002597316
2.07547820664464	1.8988624881884837	0.06746661847890598	0.76557025292005	0.10040993692300952	97.61983482345732	107.8597840042294	0.002433992226086484	1.0001057002597316
2.07547820664464	1.8988624881884837	0.06746661847890598	0.7656793070414732	0.10040993692300952	97.61983482345732	107.8597840042294	0.002433992226086484	1.0001057002597316
2.07547820664464	1.8988624881884837	0.06746661847890598	0.7656793070414732	0.10040993692300952	97.61983482345732	107.85979162775442	0.002433992226086484	1.0001057002597316
2.07547820664464	1.8988624881884837	0.06746661847890598	0.7656793070414732	0.10040993692300952	97.61983482345732	107.85979162775442	0.002433992226086484	1.0001057002597316
2.07547820664464	1.8988624881884837	0.06746661847890598	0.7656793070414732	0.10040993692300952	97.61983482345732	107.85979162775442	0.002433992226086484	1.000107326842956
2.07547820664464	1.8988624881884837	0.06746661847890598	0.7656793070414732	0.10040993692300952	97.61983482345732	107.85979162775442	0.002432589062782566	1.000107326842956
2.07547820664464	1.8988624881884837	0.06746661847890598	0.7656793070414732	0.10040993692300952	97.61983482345732	107.85979162775442	0.002432589062782566	1.000107326842956
2.075483267416715	1.8988624881884837	0.06746661847890598	0.7656793070414732	0.10040993692300952	97.61983482345732	107.85979162775442	0.002432589062782566	1.000107326842956
2.075483267416715	1.8988624881884837	0.06746661847890598	0.7656793070414732	0.10040974860936182	97.61983482345732	107.85979162775442	0.002432589062782566	1.000107326842956
2.075483267416715	1.8988624881884837	0.06746661847890598	0.7656793070414732	0.10040974860936182	97.61983482345732	107.85979162775442	0.002432589062782566	1.000107326842956
2.075483267416715	1.8988623734887113	0.06746661847890598	0.7656793070414732	0.10040974860936182	97.61983482345732	107.85979162775442	0.002432589062782566	1.000107326842956
2.075483267416715	1.8988623734887113	0.06746661847890598	0.7656793070414732	0.10040974860936182	97.61858362303936	107.85979162775442	0.002432589062782566	1.000107326842956
2.075483267416715	1.8988623734887113	0.06746661847890598	0.7656793070414732	0.10040974860936182	97.61858362303936	107.85968808660803	0.002432589062782566	1.000107326842956
2.075483267416715	1.8988623734887113	0.06746661847890598	0.7656793070414732	0.10040974860936182	97.61858362303936	107.85968808660803	0.002432589062782566	1.000107326842956
2.075484685938263	1.8988623734887113	0.06746661847890598	0.7656793070414732	0.10040974860936182	97.61858362303936	107.85968808660803	0.002432589062782566	1.000107326842956
2.075484685938263	1.8988623734887113	0.06746661847890598	0.7656793070414732	0.10040974860936182	97.61858809898563	107.85968808660803	0.002432589062782566	1.000107326842956
2.075484685938263	1.8988623734887113	0.06746661847890598	0.7656793070414732	0.10040974860936182	97.61858809898563	107.85968808660803	0.0024324837524168463	1.000107326842956
2.075484685938263	1.8988623734887113	0.06746661847890598	0.7657967085684124	0.10040974860936182	97.61858809898563	107.85968808660803	0.0024324837524168463	1.000107326842956
2.075484685938263	1.8988623734887113	0.06746661847890598	0.7657967085684124	0.10040974860936182	97.61858809898563	107.85968808660803	0.0024324837524168463	1.0001107159841944
2.075484685938263	1.8988623734887113	0.06746661847890598	0.7657967085684124	0.10040974860936182	97.61858809898563	107.85968808660803	0.0024324837524168463	1.0001107159841944
2.075484685938263	1.8988623734887113	0.06746661847890598	0.7657967085684124	0.10040974860936182	97.61858809898563	107.85968808660803	0.0024316491163010943	1.0001107159841944
2.075484685938263	1.8988623734887113	0.06755701217502444	0.7657967085684124	0.10040974860936182	97.61858809898563	107.85968808660803	0.0024316491163010943	1.0001107159841944
2.075484685938263	1.8988623734887113	0.06755701217502444	0.7657967085684124	0.10040974860936182	97.61858809898563	107.85968808660803	0.0024316491163010943	1.0001107159841944
2.075484685938263	1.8988623734887113	0.06755571719548052	0.7657967085684124	0.10040974860936182	97.61858809898563	107.85968808660803	0.0024316491163010943	1.0001107159841944
2.075484685938263	1.8988623734887113	0.06755571719548052	0.7657967085684124	0.10040974860936182	97.61858809898563	107.85968808660803	0.0024316491163010943	1.0001107159841944
2.075484685938263	1.8988623734887113	0.06755571719548052	0.7657967085684124	0.10040974860936182	97.61858809898563	107.85968808660803	0.0024316491163010943	1.0001106269829105
2.075484685938263	1.8988623734887113	0.06755571719548052	0.7657967085684124	0.10040974860936182	97.61862508292877	107.85968808660803	0.0024316491163010943	1.0001106269829105
2.075484685938263	1.8988623734887113	0.06755571719548052	0.7657967085684124	0.10040291169271207	97.61862508292877	107.85968808660803	0.0024316491163010943	1.0001106269829105
2.075484685938263	1.8988623734887113	0.06755571719548052	0.7657967085684124	0.10040291169271207	97.61862508292877	107.85968808660803	0.0024316491163010943	1.0001106269829105
2.075484685938263	1.8988623734887113	0.06755571719548052	0.7657967085684124	0.10040291169271207	97.61862508292877	107.85968808660803	0.0024316491163010943	1.0001106269829105
2.075484685938263	1.8988623734887113	0.06755571719548052	0.7657967085684124	0.10040291169271207	97.61818919825706	107.85968808660803	0.0024316491163010943	1.0001106269829105
2.075484685938263	1.8988623734887113	0.06755571719548052	0.7657967085684124	0.10040291169271207	97.61818919825706	107.85968808660803	0.0024316491163010943	1.0001106269829105
2.075484685938263	1.8988623734887113	0.06755571719548052	0.7657967085684124	0.10040291169271207	97.61818919825706	107.85968808660803	0.0024316491163010943	1.0001106269829105
2.075484685938263	1.8988623734887113	0.06755571719548052	0.7657967085684124	0.10040291169271207	97.61818919825706	107.85968808660803	0.0024316491163010943	1.0001106269829105
2.075484685938263	1.898725469914021	0.06755571719548052	0.7657967085684124	0.10040291169271207	97.61818919825706	107.85968808660803	0.0024316491163010943	1.0001106269829105
2.075484685938263	1.898725469914021	0.06755571719548052	0.7657967085684124	0.10040291169271207	97.61818919825706	107.85968808660803	0.0024316491163010943	1.0001106269829105
2.075484685938263	1.898725469914021	0.06755571719548052	0.7657967085684124	0.10040291169271207	97.61818919825706	107.85968808660803	0.0024316491163010943	1.0001106269829105
2.075484685938263	1.898725469914021	0.06755571719548052	0.7657967085684124	0.10040291169271207	97.61818919825706	107.85968808660803	0.0024316491163010943	1.0001106269829105
2.075484685938263	1.898725469914021	0.06755571719548052	0.7657967085684124	0.10040291169271207	97.61818919825706	107.85968808660803	0.0024316491163010943	1.0001106269829105
2.075484685938263	1.898725469914021	0.06755571719548052	0.7657691758043542	0.10040291169271207	97.61818919825706	107.85968808660803	0.0024316491163010943	1.0001106269829105
2.075484685938263	1.898725469914021	0.06755571719548052	0.7657691758043542	0.10040291169271207	97.61818919825706	107.85968808660803	0.0024316491163010943	1.0001106269829105
2.075484685938263	1.898725469914021	0.06755571719548052	0.7657691758043542	0.10040445349593365	97.61818919825706	107.85968808660803	0.0024316491163010943	1.0001106269829105
2.075484685938263	1.898725469914021	0.0675674401481799	0.7657691758043542	0.10040445349593365	97.61818919825706	107.85968808660803	0.0024316491163010943	1.0001106269829105
2.075484685938263	1.898725469914021	0.0675674401481799	0.7657691758043542	0.10040445349593365	97.61818919825706	106.81243630144156	0.0024316491163010943	1.0001106269829105
2.075484685938263	1.898725469914021	0.0675674401481799	0.7657691758043542	0.10040445349593365	97.61818919825706	106.81243630144156	0.0024316491163010943	1.0001106269829105
2.075484685938263	1.898725469914021	0.0675674401481799	0.7657691758043542	0.10040445349593365	97.61818919825706	105.88718881851372	0.0024316491163010943	1.0001106269829105
2.075484685938263	1.898725469914021	0.0675674401481799	0.7657691758043542	0.10040445349593365	97.61818919825706	105.88718881851372	0.0024333452873230733	1.0001106269829105
2.075484685938263	1.898725469914021	0.0675674401481799	0.765743500350652	0.10040445349593365	97.61818919825706	105.88718881851372	0.0024333452873230733	1.0001106269829105
2.075484685938263	1.898725469914021	0.0675674401481799	0.765743500350652	0.10040445349593365	97.61809570134085	105.88718881851372	0.0024333452873230733	1.0001106269829105
2.075484685938263	1.898725469914021	0.0675674401481799	0.765743500350652	0.10040445349593365	97.61809570134085	104.56944869288348	0.0024333452873230733	1.0001106269829105
2.075484685938263	1.898725469914021	0.0675674401481799	0.765743500350652	0.10040445349593365	97.61809570134085	104.54166039868402	0.0024333452873230733	1.0001106269829105
2.075484685938263	1.898725469914021	0.0675674401481799	0.765743500350652	0.10040445349593365	97.61809570134085	104.54166039868402	0.0024333452873230733	1.0001106269829105
2.075484685938263	1.898725469914021	0.0675674401481799	0.765743500350652	0.10040445349593365	97.61809570134085	104.54166039868402	0.0024333452873230733	1.0001106269829105
2.075484685938263	1.898725469914021	0.0675674401481799	0.765743500350652	0.10040445349593365	97.61809570134085	104.54166039868402	0.0024333452873230733	1.0001106269829105
2.075484685938263	1.898725469914021	0.0675674401481799	0.765743500350652	0.10040445349593365	97.61809570134085	104.54166039868402	0.0024333452873230733	1.0001106269829105
2.075484685938263	1.898725469914021	0.0675674401481799	0.765743500350652	0.10040445349593365	97.61809570134085	104.54166039868402	0.0024333452873230733	1.0001106269829105
2.075484685938263	1.898725469914021	0.0675674401481799	0.765743500350652	0.10040445349593365	97.61809570134085	104.54166039868402	0.0024333452873230733	1.0001106269829105
2.075484685938263	1.898725469914021	0.0675674401481799	0.765743500350652	0.10040445349593365	97.61809570134085	104.54166039868402	0.0024776894073232	1.0001106269829105
2.075484685938263	1.898725469914021	0.0675674401481799	0.765743500350652	0.10040445349593365	97.61809570134085	104.54166039868402	0.0024776894073232	1.0001106269829105
2.0754810900546588	1.898725469914021	0.0675674401481799	0.765743500350652	0.10040445349593365	97.61809570134085	104.54166039868402	0.0024776894073232	1.0001106269829105
2.0754810900546588	1.898725469914021	0.0675674401481799	0.765743500350652	0.10040445349593365	97.61809570134085	104.54166039868402	0.002478405950705588	1.0001106269829105
2.0754810900546588	1.898725469914021	0.0675674401481799	0.765743500350652	0.10040445349593365	97.61809570134085	104.54166039868402	0.002478405950705588	1.0001106269829105
2.0754810900546588	1.898725469914021	0.0675674401481799	0.765743500350652	0.10040445349593365	97.61809570134085	104.54166039868402	0.002478405950705588	1.0001106269829105
2.0754810900546588	1.898725469914021	0.0675674401481799	0.765743500350652	0.10040445349593365	97.61809570134085	104.54166039868402	0.002478405950705588	1.0001106269829105
2.0754810900546588	1.898725469914021	0.0675674401481799	0.7656751723649732	0.10040445349593365	97.61809570134085	104.54166039868402	0.002478405950705588	1.0001106269829105
2.0754810900546588	1.898725469914021	0.0675674401481799	0.7656751723649732	0.10040445349593365	97.61809570134085	104.54166039868402	0.002478405950705588	1.0001106269829105
2.0754810900546588	1.898725469914021	0.0675674401481799	0.7656751723649732	0.10040445349593365	97.61809570134085	104.54166039868402	0.002478405950705588	1.0001106269829105
2.0754810900546588	1.898725469914021	0.0675674401481799	0.7656751723649732	0.10040445349593365	97.61809570134085	104.54166039868402	0.002478405950705588	1.0001106269829105
2.0754810900546588	1.898725469914021	0.0675674401481799	0.7656751723649732	0.10040445349593365	97.61809570134085	104.54166039868402	0.002478405950705588	1.0001106269829105
2.0754810900546588	1.898725469914021	0.0675674401481799	0.7656751723649732	0.10040445349593365	97.61809570134085	104.54166039868402	0.002478405950705588	1.0001106269829105
2.0754810900546588	1.898725469914021	0.0675674401481799	0.7656751723649732	0.10040445349593365	97.61809570134085	104.54166039868402	0.002478405950705588	1.0001106269829105
2.0754810900546588	1.898725469914021	0.06764843999424269	0.7656751723649732	0.10040445349593365	97.61809570134085	104.54166039868402	0.002478405950705588	1.0001106269829105
2.0754810900546588	1.898725469914021	0.06764843999424269	0.7656751723649732	0.10040445349593365	97.61809570134085	104.54166039868402	0.002478405950705588	1.0001106269829105
2.0754810900546588	1.898725469914021	0.06764843999424269	0.7656751723649732	0.10040445349593365	97.61809570134085	104.54134442701958	0.002478405950705588	1.0001106269829105
2.075361450142139	1.898725469914021	0.06764843999424269	0.7656751723649732	0.10040445349593365	97.61809570134085	104.54134442701958	0.002478405950705588	1.0001106269829105
2.075361450142139	1.898725469914021	0.06764843999424269	0.7656751723649732	0.10040445349593365	97.61809570134085	104.54134442701958	0.002478405950705588	1.0001106269829105
2.075361450142139	1.898725469914021	0.06764843999424269	0.7656751723649732	0.10040445349593365	97.61809570134085	104.54134442701958	0.002478405950705588	1.0001106269829105
2.075361450142139	1.898721694386249	0.06764843999424269	0.7656751723649732	0.10040445349593365	97.61809570134085	104.54134442701958	0.002478405950705588	1.0001106269829105
2.075361450142139	1.898721694386249	0.06764843999424269	0.7656751723649732	0.10040763743138563	97.61809570134085	104.54134442701958	0.002478405950705588	1.0001106269829105
2.075361450142139	1.898721694386249	0.06764843999424269	0.7656751723649732	0.10040763743138563	97.61809570134085	104.54134442701958	0.002478405950705588	1.0001106269829105
2.075361450142139	1.898721694386249	0.06764843999424269	0.7656751723649732	0.10040763743138563	97.61809570134085	104.54134442701958	0.002478405950705588	1.0001106269829105
2.075361450142139	1.898721694386249	0.06764843999424269	0.7656751723649732	0.10040763743138563	97.61809570134085	104.54134442701958	0.002478405950705588	1.0001160885450546
2.075361450142139	1.898721694386249	0.06764843999424269	0.7656751723649732	0.10040763743138563	97.61809570134085	104.54134442701958	0.002578768216643025	1.0001160885450546
2.075361450142139	1.898721694386249	0.06764843999424269	0.7656751723649732	0.10038123353785305	97.61809570134085	104.54134442701958	0.002578768216643025	1.0001160885450546
2.075361450142139	1.898721694386249	0.06764843999424269	0.7663912198684738	0.10038123353785305	97.61809570134085	104.54134442701958	0.002578768216643025	1.0001160885450546
2.0747405630981888	1.898721694386249	0.06764843999424269	0.7663912198684738	0.10038123353785305	97.61809570134085	104.54134442701958	0.002578768216643025	1.0001160885450546
2.0747405630981888	1.898721694386249	0.06764843999424269	0.7663912198684738	0.10038123353785305	97.61809570134085	104.54134442701958	0.002578768216643025	1.0001160885450546
2.074697141384105	1.898721694386249	0.06764843999424269	0.7663912198684738	0.10038123353785305	97.61809570134085	104.54134442701958	0.002578768216643025	1.0001160885450546
2.074697141384105	1.898721694386249	0.06764843999424269	0.7663912198684738	0.10038123353785305	97.6180620597038	104.54134442701958	0.002578768216643025	1.0001160885450546
2.074697141384105	1.898721694386249	0.06764843999424269	0.7663912198684738	0.10038123353785305	97.6180620597038	104.54134442701958	0.002578768216643025	1.0001160885450546
2.074697141384105	1.898721694386249	0.0677695916272281	0.7663912198684738	0.10038123353785305	97.6180620597038	104.54134442701958	0.002578768216643025	1.0001160885450546
2.074697141384105	1.898721694386249	0.0677695916272281	0.7663912198684738	0.10036301356534273	97.6180620597038	104.54134442701958	0.002578768216643025	1.0001160885450546
2.0746984650236335	1.898721694386249	0.0677695916272281	0.7663912198684738	0.10036301356534273	97.6180620597038	104.54134442701958	0.002578768216643025	1.0001160885450546
2.0746984650236335	1.898721694386249	0.0677695916272281	0.7663912198684738	0.10036301356534273	97.6180620597038	104.54134442701958	0.002579511796019747	1.0001160885450546
2.0746983232064387	1.898721694386249	0.0677695916272281	0.7663912198684738	0.10036301356534273	97.6180620597038	104.54134442701958	0.002579511796019747	1.0001160885450546
2.0746983232064387	1.898721694386249	0.0677695916272281	0.7663912198684738	0.10036301356534273	97.6180620597038	104.54134442701958	0.002579511796019747	1.0001160885450546
2.0746983232064387	1.898721694386249	0.0677695916272281	0.7663912198684738	0.10036301356534273	97.6180620597038	104.54134442701958	0.002579511796019747	1.0001160885450546
2.0746983232064387	1.898721694386249	0.0677695916272281	0.7663912198684738	0.10036301356534273	97.6180620597038	104.54134442701958	0.002579511796019747	1.0001160885450546
2.0746983232064387	1.8984281406198267	0.0677695916272281	0.7663912198684738	0.10036301356534273	97.6180620597038	104.54134442701958	0.002579511796019747	1.0001160885450546
2.0746983232064387	1.8984281406198267	0.0677695916272281	0.7663912198684738	0.10036301356534273	97.6180620597038	104.54134442701958	0.002579511796019747	1.0001160885450546
2.0746983232064387	1.8984281406198267	0.0677695916272281	0.7663912198684738	0.10036301356534273	97.6180620597038	104.54134442701958	0.002579511796019747	1.000116082640796
2.0746983232064387	1.8984281406198267	0.0677695916272281	0.7663912198684738	0.10036288427358621	97.6180620597038	104.54134442701958	0.002579511796019747	1.000116082640796
2.0746983232064387	1.8984281406198267	0.0677695916272281	0.7663912198684738	0.10036288427358621	97.6180620597038	104.54134442701958	0.002579511796019747	1.000116082640796
2.0746983232064387	1.8984281406198267	0.06778610384076925	0.7663912198684738	0.10036288427358621	97.6180620597038	104.54134442701958	0.002579511796019747	1.000116082640796
2.0746983232064387	1.8984281406198267	0.06778610384076925	0.7663912198684738	0.10036288427358621	97.61725460993412	104.54134442701958	0.002579511796019747	1.000116082640796
2.0746983232064387	1.8984281406198267	0.06778610384076925	0.7663912198684738	0.10036288427358621	97.61725460993412	104.54134442701958	0.002579511796019747	1.000116082640796
2.0746983232064387	1.8984281406198267	0.06778610384076925	0.7663912198684738	0.10036288427358621	97.61725460993412	104.54134442701958	0.002579511796019747	1.000116257058884
2.0746983232064387	1.8984281406198267	0.06778610384076925	0.7663912198684738	0.10036288427358621	97.61725460993412	104.54134442701958	0.002579511796019747	1.000116257058884
2.0746983232064387	1.8984281406198267	0.06778610384076925	0.7663912198684738	0.10048557692189804	97.61725460993412	104.54134442701958	0.002579511796019747	1.000116257058884
2.0746983232064387	1.8984281406198267	0.06778610384076925	0.7663955528342276	0.10048557692189804	97.61725460993412	104.54134442701958	0.002579511796019747	1.000116257058884
2.0747065693884963	1.8984281406198267	0.06778610384076925	0.7663955528342276	0.10048557692189804	97.61725460993412	104.54134442701958	0.002579511796019747	1.000116257058884
2.0747065693884963	1.8984281406198267	0.06778610384076925	0.7663955528342276	0.10048557692189804	97.61725460993412	104.54134442701958	0.002579511796019747	1.000116257058884
2.0747065693884963	1.8984281406198267	0.06778610384076925	0.7663955528342276	0.10048557692189804	97.61725460993412	104.54134442701958	0.002579511796019747	1.000116257058884
2.0747065693884963	1.8984281406198267	0.06778610384076925	0.7663994488229557	0.10048557692189804	97.61725460993412	104.54134442701958	0.002579511796019747	1.000116257058884
2.0747065693884963	1.8984281406198267	0.06778610384076925	0.7663994488229557	0.10048557692189804	97.61725460993412	104.54134442701958	0.002579511796019747	1.000116257058884
2.0747065693884963	1.8984281406198267	0.06778610384076925	0.7663994488229557	0.10048557692189804	97.61725460993412	104.71116503313527	0.002579511796019747	1.000116257058884
2.0747065693884963	1.8984281406198267	0.06778610384076925	0.7663994488229557	0.10048557692189804	97.61725460993412	104.71116503313527	0.002579511796019747	1.000116257058884
2.0747065693884963	1.8984281406198267	0.06778610384076925	0.7663994488229557	0.10048557692189804	97.61725460993412	104.71116503313527	0.002579511796019747	1.000116257058884
2.0747065693884963	1.8984281406198267	0.06778610384076925	0.7663994488229557	0.10048557692189804	97.61725460993412	104.71116503313527	0.002579511796019747	1.0000915419689025
2.0747065693884963	1.8984281406198267	0.06778610384076925	0.7663994488229557	0.10048557692189804	97.61725460993412	104.71116503313527	0.002579511796019747	1.0000915419689025
2.0747065693884963	1.8984284010504309	0.06778610384076925	0.7663994488229557	0.10048557692189804	97.61725460993412	104.71116503313527	0.002579511796019747	1.0000915419689025
2.0747065693884963	1.8984284010504309	0.06778610384076925	0.7663994488229557	0.10048557692189804	97.61725460993412	104.71116503313527	0.002579511796019747	1.0000915419689025
2.0747065693884963	1.8984397161985433	0.06778610384076925	0.7663994488229557	0.10048557692189804	97.61725460993412	104.71116503313527	0.002579511796019747	1.0000915419689025
2.0747065693884963	1.8984397161985433	0.06778610384076925	0.7663994488229557	0.10048557692189804	97.61725460993412	104.65563988073924	0.002579511796019747	1.0000915419689025
2.0747065693884963	1.8984397161985433	0.06778610384076925	0.7663994488229557	0.10048557692189804	97.61725460993412	104.65563988073924	0.002579511796019747	1.0000915419689025
2.0747065693884963	1.8984397161985433	0.06778610384076925	0.7663994488229557	0.10048557692189804	97.6170646294894	104.65563988073924	0.002579511796019747	1.0000915419689025
2.0747065693884963	1.8985352213307507	0.06778610384076925	0.7663994488229557	0.10048557692189804	97.6170646294894	104.65563988073924	0.002579511796019747	1.0000915419689025
2.0747065693884963	1.8985352213307507	0.06778610384076925	0.7663994488229557	0.10048557692189804	97.6170646294894	104.65563988073924	0.002579511796019747	1.0000915419689025
2.0747065693884963	1.8985352213307507	0.06778610384076925	0.7663994488229557	0.10048557692189804	97.6170646294894	104.65563988073924	0.002579511796019747	1.0000915419689025
2.074708285619884	1.8985352213307507	0.06778610384076925	0.7663994488229557	0.10048557692189804	97.6170646294894	104.65563988073924	0.002579511796019747	1.0000915419689025
2.074708285619884	1.8986148057080663	0.06778610384076925	0.7663994488229557	0.10048557692189804	97.6170646294894	104.65563988073924	0.002579511796019747	1.0000915419689025
2.074708285619884	1.8986148057080663	0.06778610384076925	0.7670885325498639	0.10048557692189804	97.6170646294894	104.65563988073924	0.002579511796019747	1.0000915419689025
2.074708285619884	1.8986148057080663	0.06778610384076925	0.7670885325498639	0.10049405919955465	97.6170646294894	104.65563988073924	0.002579511796019747	1.0000915419689025
2.074708285619884	1.8986148057080663	0.06778610384076925	0.7670885325498639	0.10049405919955465	97.6170646294894	104.65563988073924	0.002579511796019747	1.0000915419689025
2.074708285619884	1.8986148057080663	0.06778610384076925	0.7670885325498639	0.10049405919955465	97.6170646294894	104.65582945986291	0.002579511796019747	1.0000915419689025
2.074708285619884	1.8986148057080663	0.06778610384076925	0.7670885325498639	0.10049405919955465	97.6170646294894	104.65582945986291	0.002579511796019747	1.0000915419689025
2.074708285619884	1.8986148057080663	0.06778610384076925	0.7670885325498639	0.10049405919955465	97.6170646294894	104.65582945986291	0.002579511796019747	1.0000915419689025
2.074708285619884	1.8986148057080663	0.06778610384076925	0.7670885325498639	0.10049405919955465	97.6170646294894	104.25173188941024	0.002579511796019747	1.0000915419689025
2.074708285619884	1.8986148057080663	0.06778610384076925	0.7670885325498639	0.10049405919955465	97.6170646294894	104.25173188941024	0.002579511796019747	1.0000915419689025
2.074708285619884	1.8986118381999357	0.06778610384076925	0.7670885325498639	0.10049405919955465	97.6170646294894	104.25173188941024	0.002579511796019747	1.0000915419689025
2.074708285619884	1.8986118381999357	0.06778610384076925	0.7670885325498639	0.10049405919955465	97.6170646294894	104.21361451598416	0.002579511796019747	1.0000915419689025
2.074708285619884	1.8986118381999357	0.06778610384076925	0.7670885325498639	0.10049405919955465	97.6170646294894	104.21361451598416	0.002579511796019747	1.0000915419689025
2.074708285619884	1.8986118381999357	0.06778610384076925	0.7670885325498639	0.10049405919955465	97.6170646294894	104.21361451598416	0.002579511796019747	1.0000915419689025
2.074708285619884	1.898438914377186	0.06778610384076925	0.7670885325498639	0.10049405919955465	97.6170646294894	104.21361451598416	0.002579511796019747	1.0000915419689025
2.074708285619884	1.898438914377186	0.06778610384076925	0.7670885325498639	0.10049405919955465	97.6170646294894	104.21361451598416	0.002579511796019747	1.0000915419689025
2.074708285619884	1.898438914377186	0.06778610384076925	0.7670885325498639	0.10049405919955465	97.6170646294894	104.21361451598416	0.002579511796019747	1.0000915419689025
2.074708285619884	1.898438914377186	0.06778610384076925	0.7670885325498639	0.10049405919955465	97.6170646294894	104.21361451598416	0.002579511796019747	1.0000915419689025
2.074708285619884	1.898438914377186	0.06778610384076925	0.7670885325498639	0.10049405919955465	97.6170646294894	104.21361451598416	0.002579511796019747	1.0000915419689025
2.074708285619884	1.898438914377186	0.06785985764167514	0.7670885325498639	0.10049405919955465	97.6170646294894	104.21361451598416	0.002579511796019747	1.0000915419689025
2.074708285619884	1.8984605040282203	0.06785985764167514	0.7670885325498639	0.10049405919955465	97.6170646294894	104.21361451598416	0.002579511796019747	1.0000915419689025
2.074708285619884	1.8984605040282203	0.06785985764167514	0.7670885325498639	0.10049405919955465	97.6170646294894	104.21353209166287	0.002579511796019747	1.0000915419689025
2.074708285619884	1.8984605040282203	0.06785985764167514	0.7670885325498639	0.10049405919955465	97.6170646294894	104.21353209166287	0.002579511796019747	1.0000915419689025
2.074708285619884	1.8984605040282203	0.06785985764167514	0.7670885325498639	0.10049405919955465	97.6170646294894	104.21353209166287	0.002579511796019747	1.0000913838629233
2.074708285619884	1.8984605040282203	0.06785985764167514	0.7670885325498639	0.10049405919955465	97.6170646294894	104.21353209166287	0.002579511796019747	1.0000917501416988
2.074708285619884	1.8984605040282203	0.06785985764167514	0.7670885325498639	0.10049382744153745	97.6170646294894	104.21353209166287	0.002579511796019747	1.0000917501416988
2.074708285619884	1.8984605040282203	0.06785985764167514	0.7670885325498639	0.10049382744153745	97.6170646294894	104.21353209166287	0.002579511796019747	1.0000917501416988
2.074708285619884	1.8984605040282203	0.06785985764167514	0.7670885325498639	0.10040140006706949	97.6170646294894	104.21353209166287	0.002579511796019747	1.0000917501416988
2.074708285619884	1.8977806887298214	0.06785985764167514	0.7670885325498639	0.10040140006706949	97.6170646294894	104.21353209166287	0.002579511796019747	1.0000917501416988
2.074708285619884	1.8977806887298214	0.06785985764167514	0.7670885325498639	0.10040140006706949	97.6170646294894	104.21353209166287	0.002579511796019747	1.0000919566418303
2.074708285619884	1.8977806887298214	0.06785985764167514	0.7670885325498639	0.10037461152399912	97.6170646294894	104.21353209166287	0.002579511796019747	1.0000919566418303
2.074708285619884	1.8977806887298214	0.06785985764167514	0.7670885325498639	0.10037460801545194	97.6170646294894	104.21353209166287	0.002579511796019747	1.0000919566418303
2.074708285619884	1.8977806887298214	0.06785985764167514	0.7670885325498639	0.10037460801545194	97.6170646294894	104.21353209166287	0.002579511796019747	1.0000919566418303
2.074708285619884	1.8977806887298214	0.06785985764167514	0.7670885325498639	0.10037460801545194	97.6170646294894	103.43991349916185	0.002579511796019747	1.0000919566418303
2.074708285619884	1.8977806887298214	0.06785985764167514	0.7670885325498639	0.10037460801545194	97.6170646294894	103.43991349916185	0.002579511796019747	1.0000919566418303
2.074708285619884	1.8977806887298214	0.06785985764167514	0.7670885325498639	0.10037460801545194	97.6170646294894	102.70602683663579	0.002579511796019747	1.0000919566418303
2.074708285619884	1.8977806887298214	0.06785985764167514	0.7670885325498639	0.10037460801545194	97.6170646294894	102.70602683663579	0.002579511796019747	1.0000919566418303
2.074708285619884	1.8979227409514074	0.06785985764167514	0.7670885325498639	0.10037460801545194	97.6170646294894	102.70602683663579	0.002579511796019747	1.0000919566418303
2.074708285619884	1.8979227409514074	0.06785985764167514	0.7670885325498639	0.10037460801545194	97.6170646294894	102.70602683663579	0.002579511796019747	1.000091934237073
2.074708285619884	1.8979227409514074	0.06785985764167514	0.7670885325498639	0.10037460801545194	97.61396189720209	102.70602683663579	0.002579511796019747	1.000091934237073
2.074708285619884	1.8979227409514074	0.06785985764167514	0.7670885325498639	0.10037460801545194	97.61396189720209	102.70581655056567	0.002579511796019747	1.000091934237073
2.074708285619884	1.8979227409514074	0.06785985764167514	0.7670885325498639	0.10037460801545194	97.61396189720209	102.70581655056567	0.002579511796019747	1.000091934237073
2.074708285619884	1.8979227409514074	0.06785985764167514	0.7670885325498639	0.10037460801545194	97.61396189720209	102.70581655056567	0.002579511796019747	1.000091934237073
2.074708285619884	1.8979227409514074	0.06785985764167514	0.7670885325498639	0.10037460801545194	97.61396189720209	102.70581655056567	0.0025797655020046097	1.000091934237073
2.074708285619884	1.8979227409514074	0.06785985764167514	0.7670885325498639	0.10037460801545194	97.61396189720209	102.70581655056567	0.0025797655020046097	1.000091934237073
2.074708285619884	1.8979227409514074	0.06785985764167514	0.7670885325498639	0.10037460801545194	97.61396189720209	102.70581655056567	0.0025797655020046097	1.000091934237073
2.074708285619884	1.8979227409514074	0.06785985764167514	0.7670885325498639	0.10037460801545194	97.61396189720209	102.7072941238109	0.0025797655020046097	1.000091934237073
2.074708285619884	1.8979227409514074	0.06785985764167514	0.7670885325498639	0.10037460801545194	97.61396189720209	102.70564062533478	0.0025797655020046097	1.000091934237073
2.074708285619884	1.8979227409514074	0.06785985764167514	0.7670885325498639	0.10037460801545194	97.61396189720209	102.70564062533478	0.0025797655020046097	1.000091934237073
2.074708285619884	1.8979227409514074	0.06785985764167514	0.7670885325498639	0.10037460801545194	97.61396189720209	102.70564062533478	0.0025797655020046097	1.000091934237073
2.074708285619884	1.8977890515852065	0.06785985764167514	0.7670885325498639	0.10037460801545194	97.61396189720209	102.70564062533478	0.0025797655020046097	1.000091934237073
2.074708285619884	1.8977890515852065	0.06785985764167514	0.7670885325498639	0.10037460801545194	97.61396189720209	102.32320525773031	0.0025797655020046097	1.000091934237073
2.074708285619884	1.8977890515852065	0.06785985764167514	0.7670885325498639	0.10037460801545194	97.61396189720209	102.32320525773031	0.0025797655020046097	1.0001076780394305
2.074708285619884	1.8977890515852065	0.06785985764167514	0.7670885325498639	0.10037460801545194	97.61396189720209	102.32320525773031	0.0025797655020046097	1.0001076780394305
2.074380531378883	1.8977890515852065	0.06785985764167514	0.7670885325498639	0.10037460801545194	97.61396189720209	102.32320525773031	0.0025797655020046097	1.0001076780394305
2.074380531378883	1.8977890515852065	0.06785985764167514	0.7670885325498639	0.10037460801545194	97.61396189720209	102.32320525773031	0.0025797655020046097	1.0001076780394305
2.074380531378883	1.8977890515852065	0.06790404397539966	0.7670885325498639	0.10037460801545194	97.61396189720209	102.32320525773031	0.0025797655020046097	1.0001076780394305
2.074380531378883	1.8977890515852065	0.06790404397539966	0.7670885325498639	0.1002627193258143	97.61396189720209	102.32320525773031	0.0025797655020046097	1.0001076780394305
2.074380531378883	1.8977890515852065	0.06790404397539966	0.7670885325498639	0.1002627193258143	97.61396189720209	102.32320525773031	0.0025797655020046097	1.0001076780394305
2.074380531378883	1.8977890515852065	0.06790404397539966	0.7670885325498639	0.1002627193258143	97.61396189720209	102.13901444568614	0.0025797655020046097	1.0001076780394305
2.074380531378883	1.8977890515852065	0.06790404397539966	0.7670885325498639	0.1002627193258143	97.61405087263009	102.13901444568614	0.0025797655020046097	1.0001076780394305
2.0742029676811318	1.8977890515852065	0.06790404397539966	0.7670885325498639	0.1002627193258143	97.61405087263009	102.13901444568614	0.0025797655020046097	1.0001076780394305
2.0742029676811318	1.8977890515852065	0.06790404397539966	0.7670885325498639	0.1002627193258143	97.61405087263009	102.13901444568614	0.0025797655020046097	1.0001076780394305
2.0742029676811318	1.8977890515852065	0.06790404397539966	0.7670885325498639	0.1002627193258143	97.61309750456228	102.13901444568614	0.0025797655020046097	1.0001076780394305
2.0742029676811318	1.8977890515852065	0.06790404397539966	0.7670885325498639	0.1002627193258143	97.61309750456228	102.13901444568614	0.0025797655020046097	1.0001076780394305
2.0742034980872743	1.8977890515852065	0.06790404397539966	0.7670885325498639	0.1002627193258143	97.61309750456228	102.13901444568614	0.0025797655020046097	1.0001076780394305
2.0742034980872743	1.8977890515852065	0.06790404397539966	0.7670885325498639	0.1002627193258143	97.61309750456228	102.13901444568614	0.0025797655020046097	1.0001060252334373
2.0742034980872743	1.8977890515852065	0.06790404397539966	0.7674863119581542	0.1002627193258143	97.61309750456228	102.13901444568614	0.0025797655020046097	1.0001060252334373
2.0742034980872743	1.8977890515852065	0.06790404397539966	0.7674863119581542	0.1002627193258143	97.60833450916098	102.13901444568614	0.0025797655020046097	1.0001060252334373
2.0742034980872743	1.8977890515852065	0.06790404397539966	0.7674863119581542	0.1002627193258143	97.60833450916098	102.13901444568614	0.0025797655020046097	1.0001060252334373
2.0742034980872743	1.8977890515852065	0.06790404397539966	0.7674863119581542	0.1002627193258143	97.60833450916098	102.13901444568614	0.0025797655020046097	1.0001060252334373
2.0742034980872743	1.8977890515852065	0.06790404397539966	0.7674863119581542	0.1002627193258143	97.60833450916098	102.13901444568614	0.0025797655020046097	1.0001060252334373
2.0742034980872743	1.8977890515852065	0.06790404397539966	0.7674863119581542	0.1002627193258143	97.60825064042008	102.13901444568614	0.0025797655020046097	1.0001060252334373
2.0742034980872743	1.8977890515852065	0.06790404397539966	0.7674863119581542	0.1002627193258143	97.60825064042008	102.13901444568614	0.0025797655020046097	1.0001060252334373
2.0742034980872743	1.8977890515852065	0.06790404397539966	0.7674863119581542	0.1002627193258143	97.60825064042008	102.13901444568614	0.0025797655020046097	1.0001060252334373
2.0742034980872743	1.8977890515852065	0.06790404397539966	0.7674863119581542	0.1002627193258143	97.60825064042008	102.1246711641958	0.0025797655020046097	1.0001060252334373
2.0742034980872743	1.8977890515852065	0.06790404397539966	0.7674863119581542	0.1002627193258143	97.60825064042008	102.1246711641958	0.0025797655020046097	1.0001060252334373
2.0742034980872743	1.8977890515852065	0.06790404397539966	0.7674863119581542	0.1002627193258143	97.60825064042008	102.1246711641958	0.0025797655020046097	1.0001060252334373
2.0742034980872743	1.8977890515852065	0.06790404397539966	0.7674863119581542	0.1002627193258143	97.60740283331539	102.1246711641958	0.0025797655020046097	1.0001060252334373
2.0742034980872743	1.8977890515852065	0.06790404397539966	0.7674863119581542	0.10006699965699746	97.60740283331539	102.1246711641958	0.0025797655020046097	1.0001060252334373
2.0742034980872743	1.8977890515852065	0.06790404397539966	0.7674863119581542	0.10006699965699746	97.60740283331539	102.1246711641958	0.0025797655020046097	1.0001060252334373
2.0742034980872743	1.8977890515852065	0.06790404397539966	0.7674863119581542	0.10006699965699746	97.60740283331539	102.1246711641958	0.0025797655020046097	1.0001060252334373
2.0742034980872743	1.8977890515852065	0.06790404397539966	0.7674863119581542	0.10006699965699746	97.60174286054514	102.1246711641958	0.0025797655020046097	1.0001060252334373
2.0742034980872743	1.8977890515852065	0.06790404397539966	0.7674863119581542	0.10006699965699746	97.60174286054514	102.1246711641958	0.0025797655020046097	1.0001060252334373
2.0742034980872743	1.8977890515852065	0.06790404397539966	0.7674863119581542	0.10006699965699746	97.60174286054514	102.1246711641958	0.0025797655020046097	1.0001060252334373
2.0742034980872743	1.8977890515852065	0.06790404397539966	0.7674863119581542	0.10006699965699746	97.60174286054514	102.13503087692122	0.0025797655020046097	1.0001060252334373
2.0742034980872743	1.8977890515852065	0.06790404397539966	0.7674863119581542	0.10006699965699746	97.60174286054514	102.13503087692122	0.0025797655020046097	1.0001060252334373
2.0742034980872743	1.8977890515852065	0.06790404397539966	0.7674863119581542	0.10006699965699746	97.60174286054514	102.13503087692122	0.0025797655020046097	1.0001060252334373
2.0742034980872743	1.8977890515852065	0.06790404397539966	0.7674863119581542	0.10006699965699746	97.60174286054514	102.13503087692122	0.0025797655020046097	1.0001060252334373
2.0742034980872743	1.8977890515852065	0.06790404397539966	0.7674863119581542	0.10006699965699746	97.598111480584	102.13503087692122	0.0025797655020046097	1.0001060252334373
2.0742034980872743	1.8977890515852065	0.06790404397539966	0.7674863119581542	0.10006699965699746	97.598111480584	102.13503087692122	0.0025797655020046097	1.0001060252334373
2.0742034980872743	1.8977890515852065	0.06790404397539966	0.7674863119581542	0.10006699965699746	97.598111480584	102.13503087692122	0.0025784050420893287	1.0001060252334373
2.0742034980872743	1.8977890515852065	0.06790404397539966	0.7674863119581542	0.10006699965699746	97.598111480584	102.13503087692122	0.0025784050420893287	1.0001060252334373
2.0742034980872743	1.8977890515852065	0.06790404397539966	0.7674863119581542	0.10019463184459236	97.598111480584	102.13503087692122	0.0025784050420893287	1.0001060252334373
2.0742034980872743	1.8977890515852065	0.06790404397539966	0.7674863119581542	0.10019463184459236	97.598111480584	102.13503087692122	0.0025784050420893287	1.0001060252334373
2.0742034980872743	1.8977890515852065	0.06790404397539966	0.7674863119581542	0.10019463184459236	97.598111480584	102.13503087692122	0.0025627373583570158	1.0001060252334373
2.0742034980872743	1.8977890515852065	0.06790404397539966	0.7674863119581542	0.10019463184459236	97.598111480584	102.13503087692122	0.0025627373583570158	1.0001060091816927
2.0742034980872743	1.8977890515852065	0.06790404397539966	0.7674863119581542	0.10019463184459236	97.598111480584	102.13503087692122	0.0025627373583570158	1.0001060091816927
2.0742034980872743	1.8977890515852065	0.06790404397539966	0.7674863119581542	0.10019478951424701	97.598111480584	102.13503087692122	0.0025627373583570158	1.0001060091816927
2.0742034980872743	1.8977890515852065	0.06790404397539966	0.7674863119581542	0.10019478951424701	97.598111480584	102.13503087692122	0.0025627373583570158	1.0001061251306709
2.0742034980872743	1.8977890515852065	0.06790404397539966	0.7674863119581542	0.10019478951424701	97.598111480584	102.13503087692122	0.0025627373583570158	1.0001061251306709
2.0742034980872743	1.8977890515852065	0.06790404397539966	0.7674863119581542	0.10019478951424701	97.598111480584	102.13503087692122	0.0025627373583570158	1.0001061251306709
2.0742034980872743	1.8977890515852065	0.06790404397539966	0.7674863119581542	0.10019478951424701	97.598111480584	102.13503087692122	0.0025627373583570158	1.0001061251306709
2.0742034980872743	1.8977890515852065	0.06790404397539966	0.7674863119581542	0.10019478951424701	97.59817354798012	102.13503087692122	0.0025627373583570158	1.0001061251306709
2.0741830792232188	1.8977890515852065	0.06790404397539966	0.7674863119581542	0.10019478951424701	97.59817354798012	102.13503087692122	0.0025627373583570158	1.0001061251306709
2.0741830792232188	1.8977890515852065	0.06790887028769606	0.7674863119581542	0.10019478951424701	97.59817354798012	102.13503087692122	0.0025627373583570158	1.0001061251306709
2.0741830792232188	1.8977890515852065	0.06790887028769606	0.7674863119581542	0.10019478951424701	97.59817354798012	102.13503087692122	0.0025627373583570158	1.0001061251306709
2.0741830792232188	1.8977890515852065	0.06790887028769606	0.7674863119581542	0.10019478951424701	97.59817354798012	102.13503087692122	0.0025627373583570158	1.0001063037425437
2.0741830792232188	1.8977890515852065	0.06790887028769606	0.7674863119581542	0.10019478951424701	97.59817354798012	102.13503087692122	0.0025627373583570158	1.0001066065905775
2.0741830792232188	1.8977890515852065	0.06790887028769606	0.7674863119581542	0.10019478951424701	97.59817354798012	102.13503087692122	0.002560085251622178	1.0001066065905775
2.0741830792232188	1.8977890515852065	0.06790887028769606	0.7674863119581542	0.10019478951424701	97.59817354798012	102.13503087692122	0.002560085251622178	1.0001066065905775
2.0741830792232188	1.8977890515852065	0.06790887028769606	0.7674863119581542	0.10019478951424701	97.59817354798012	102.13622258920076	0.002560085251622178	1.0001066065905775
2.0741830792232188	1.8977890515852065	0.06790887028769606	0.7674863119581542	0.10019478951424701	97.59817354798012	102.13622258920076	0.002586407291710721	1.0001066065905775
2.0741830792232188	1.8977890515852065	0.06790887028769606	0.7674863119581542	0.10019478951424701	97.59817354798012	102.13622258920076	0.002586407291710721	1.0001066065905775
2.0741830792232188	1.8977890515852065	0.06790887028769606	0.7674863119581542	0.10019478951424701	97.59817354798012	102.12063679547074	0.002586407291710721	1.0001066065905775
2.0741830792232188	1.8977890515852065	0.06790887028769606	0.7674863119581542	0.10019478951424701	97.59817354798012	102.12063679547074	0.002586407291710721	1.0001066065905775
2.0741830792232188	1.8977890515852065	0.06790887028769606	0.7674863119581542	0.10019478951424701	97.59817354798012	102.12063679547074	0.002586407291710721	1.0001066065905775
2.0741830792232188	1.8977890515852065	0.06790887028769606	0.7674863119581542	0.10019478951424701	97.59817354798012	102.12063679547074	0.002586407291710721	1.0001066065905775
2.0741830792232188	1.8977945729673726	0.06790887028769606	0.7674863119581542	0.10019478951424701	97.59817354798012	102.12063679547074	0.002586407291710721	1.0001066065905775
2.0741830792232188	1.8977945729673726	0.06790887028769606	0.7674863119581542	0.10019478951424701	97.59817354798012	102.12197427946852	0.002586407291710721	1.0001066065905775
2.0741830792232188	1.8977945729673726	0.06790887028769606	0.7674863119581542	0.10019478951424701	97.59817354798012	102.12197427946852	0.002586407291710721	1.0001066065905775
2.0741830792232188	1.8977945729673726	0.06790887028769606	0.7674863119581542	0.10019478951424701	97.59817354798012	102.12197427946852	0.002586407291710721	1.0001066065905775
2.0741830792232188	1.8977880073503033	0.06790887028769606	0.7674863119581542	0.10019478951424701	97.59817354798012	102.12197427946852	0.002586407291710721	1.0001066065905775
2.0741830792232188	1.8977880073503033	0.06790887028769606	0.7674863119581542	0.10018635811496246	97.59817354798012	102.12197427946852	0.002586407291710721	1.0001066065905775
2.0741830792232188	1.8977880073503033	0.06790887028769606	0.7674863119581542	0.10018635811496246	97.59817354798012	102.12197427946852	0.002586407291710721	1.0001066065905775
2.0741830792232188	1.8977880073503033	0.06790887028769606	0.7674863119581542	0.10018635811496246	97.59817354798012	102.12197427946852	0.002586407291710721	1.0001066065905775
2.0741830792232188	1.8977880073503033	0.06791675278314545	0.7674863119581542	0.10018635811496246	97.59817354798012	102.12197427946852	0.002586407291710721	1.0001066065905775
2.0741830792232188	1.8977880073503033	0.06791675278314545	0.7674863119581542	0.10018635811496246	97.59817354798012	102.12211588281407	0.002586407291710721	1.0001066065905775
2.0741830792232188	1.8977880073503033	0.06791675278314545	0.7674863119581542	0.10018635811496246	97.59817354798012	102.12211588281407	0.002586407291710721	1.0001006385145794
2.074178428960699	1.8977880073503033	0.06791675278314545	0.7674863119581542	0.10018635811496246	97.59817354798012	102.12211588281407	0.002586407291710721	1.0001006385145794
2.074178428960699	1.8977880073503033	0.06791675278314545	0.7674863119581542	0.10018635811496246	97.59817354798012	102.12211588281407	0.002586407291710721	1.0001006385145794
2.074178428960699	1.8977880073503033	0.06791675278314545	0.7674863119581542	0.10018635811496246	97.59817354798012	102.12211588281407	0.002586407291710721	1.0001006385145794
2.074178428960699	1.8977880073503033	0.06791675278314545	0.7674863119581542	0.10018635811496246	97.59817354798012	102.12211588281407	0.002586407291710721	1.0001006385145794
2.074178428960699	1.8977880073503033	0.06791675278314545	0.7674863119581542	0.10018635811496246	97.59817354798012	102.12211588281407	0.002586407291710721	1.0001006385145794
2.074178428960699	1.8977880073503033	0.06791675278314545	0.7674863119581542	0.10018635811496246	97.59817354798012	102.12211588281407	0.002586407291710721	1.0001006385145794
2.074179356470101	1.8977880073503033	0.06791675278314545	0.7674863119581542	0.10018635811496246	97.59817354798012	102.12211588281407	0.002586407291710721	1.0001006385145794
2.074179356470101	1.8977880073503033	0.06791675278314545	0.7674863119581542	0.10018635811496246	97.59817354798012	102.12211588281407	0.002586407291710721	1.0001006385145794
2.074179356470101	1.8977880073503033	0.06791675278314545	0.7674863119581542	0.10018635811496246	97.59817354798012	102.12211588281407	0.002586407291710721	1.0001006385145794
2.074179356470101	1.8977880073503033	0.06791675278314545	0.7674863119581542	0.10018635811496246	97.59817354798012	101.71650560263673	0.002586407291710721	1.0001006385145794
2.074179356470101	1.8977880073503033	0.06798227288451142	0.7674863119581542	0.10018635811496246	97.59817354798012	101.71650560263673	0.002586407291710721	1.0001006385145794
2.074179356470101	1.8977880073503033	0.0679837320400802	0.7674863119581542	0.10018635811496246	97.59817354798012	101.71650560263673	0.002586407291710721	1.0001006385145794
2.074179356470101	1.8977880073503033	0.0679837320400802	0.7674863119581542	0.10018635811496246	97.59817354798012	101.71650560263673	0.002586323068381756	1.0001006385145794
2.074179356470101	1.8977880073503033	0.0679837320400802	0.7674476050319419	0.10018635811496246	97.59817354798012	101.71650560263673	0.002586323068381756	1.0001006385145794
2.074179356470101	1.8977880073503033	0.0679837320400802	0.7674476050319419	0.10018635811496246	97.59817354798012	101.71650560263673	0.002586323068381756	1.0001006385145794
2.074179356470101	1.8977880073503033	0.0679837320400802	0.7674476050319419	0.10018635811496246	97.59817354798012	103.25774781107124	0.002586323068381756	1.0001006385145794
2.074179356470101	1.8977880073503033	0.0679837320400802	0.7674476050319419	0.10018812517115167	97.59817354798012	103.25774781107124	0.002586323068381756	1.0001006385145794
2.074179356470101	1.8977880073503033	0.0679837320400802	0.7674476050319419	0.10018812517115167	97.59817354798012	103.25774781107124	0.002586323068381756	1.0001006385145794
2.074179356470101	1.8977880073503033	0.0679837320400802	0.7674476050319419	0.10018812517115167	97.59817354798012	103.25774781107124	0.002586323068381756	1.0000989913197615
2.074179356470101	1.8977880073503033	0.0679837320400802	0.7674476050319419	0.10018812517115167	97.59817354798012	103.25774781107124	0.002586323068381756	1.0000989913197615
2.074179356470101	1.8977880073503033	0.06798213758358906	0.7674476050319419	0.10018812517115167	97.59817354798012	103.25774781107124	0.002586323068381756	1.0000989913197615
2.074179356470101	1.8977880073503033	0.06798213758358906	0.7674476050319419	0.10018812517115167	97.59803983182105	103.25774781107124	0.002586323068381756	1.0000989913197615
2.074179356470101	1.8977880073503033	0.06798213758358906	0.7674476050319419	0.10018812517115167	97.59803983182105	103.25774781107124	0.002586323068381756	1.0000989913197615
2.074179356470101	1.8977880073503033	0.06798213758358906	0.7674476050319419	0.10018812517115167	97.59803983182105	103.24080712650868	0.002586323068381756	1.0000989913197615
2.074179356470101	1.8977884128752116	0.06798213758358906	0.7674476050319419	0.10018812517115167	97.59803983182105	103.24080712650868	0.002586323068381756	1.0000989913197615
2.0741757293438536	1.8977884128752116	0.06798213758358906	0.7674476050319419	0.10018812517115167	97.59803983182105	103.24080712650868	0.002586323068381756	1.0000989913197615
2.0741757293438536	1.8977884128752116	0.06798213758358906	0.7674476050319419	0.10018812517115167	97.59779328818675	103.24080712650868	0.002586323068381756	1.0000989913197615
2.0744236111575654	1.8977884128752116	0.06798213758358906	0.7674476050319419	0.10018812517115167	97.59779328818675	103.24080712650868	0.002586323068381756	1.0000989913197615
2.0744236111575654	1.8977884128752116	0.06798213758358906	0.7676143174520427	0.10018812517115167	97.59779328818675	103.24080712650868	0.002586323068381756	1.0000989913197615
2.0744236111575654	1.8977884128752116	0.06798213758358906	0.7676143174520427	0.10018812517115167	97.59779328818675	103.24056313040896	0.002586323068381756	1.0000989913197615
2.0744236111575654	1.8977884128752116	0.06798213758358906	0.7676143174520427	0.10018812517115167	97.59779328818675	103.24056313040896	0.002586323068381756	1.0000989913197615
2.0744236111575654	1.8977884128752116	0.06798213758358906	0.7676143174520427	0.10018812517115167	97.59779328818675	103.24056313040896	0.002586323068381756	1.0000989913197615
2.0744236111575654	1.8977884128752116	0.06798213758358906	0.7676143174520427	0.10018812517115167	97.59779328818675	103.24056313040896	0.002586323068381756	1.0000989913197615
2.0744236111575654	1.8977884128752116	0.06798213758358906	0.7676143174520427	0.10018812517115167	97.59779328818675	103.21304823622336	0.002586323068381756	1.0000989913197615
2.0744236111575654	1.8977884128752116	0.06798213758358906	0.7676143174520427	0.10018812517115167	97.59779328818675	103.21304823622336	0.002586323068381756	1.0000989913197615
2.0744783550129364	1.8977884128752116	0.06798213758358906	0.7676143174520427	0.10018812517115167	97.59779328818675	103.21304823622336	0.002586323068381756	1.0000989913197615
2.0744783550129364	1.8977884128752116	0.06798213758358906	0.7676143174520427	0.10018812517115167	97.59779328818675	103.21304823622336	0.002586323068381756	1.0000987115424151
2.0744783550129364	1.8977884128752116	0.06798213758358906	0.7676143174520427	0.1001879594172233	97.59779328818675	103.21304823622336	0.002586323068381756	1.0000987115424151
2.0744783550129364	1.8977884128752116	0.06798213758358906	0.7676143174520427	0.1001879594172233	97.59779328818675	103.21304823622336	0.002586323068381756	1.0000987115424151
2.0744783550129364	1.8977884128752116	0.06798213758358906	0.7676143174520427	0.1001879594172233	97.59779328818675	103.21304823622336	0.002586323068381756	1.0000987115424151
2.0744783550129364	1.8977884128752116	0.06798213758358906	0.7676143174520427	0.1001879594172233	97.59779328818675	103.21304823622336	0.002586323068381756	1.0000987115424151
2.0744783550129364	1.8977884128752116	0.06798213758358906	0.7676143174520427	0.1001879594172233	97.59779328818675	103.21304823622336	0.002586323068381756	1.0000986472287925
2.0744783550129364	1.8977884128752116	0.06798213758358906	0.7676143174520427	0.1001879594172233	97.59779328818675	103.21304823622336	0.002586323068381756	1.0000986472287925
2.0744783550129364	1.8977884128752116	0.06798213758358906	0.7676143174520427	0.1001879594172233	97.59779328818675	103.21304823622336	0.002586323068381756	1.0000986472287925
2.0744783550129364	1.8977884128752116	0.06798213758358906	0.7676485584917856	0.1001879594172233	97.59779328818675	103.21304823622336	0.002586323068381756	1.0000986472287925
2.0744783550129364	1.8977884128752116	0.06798213758358906	0.7676485584917856	0.1001879594172233	97.5929894298984	103.21304823622336	0.002586323068381756	1.0000986472287925
2.074485054613225	1.8977884128752116	0.06798213758358906	0.7676485584917856	0.1001879594172233	97.5929894298984	103.21304823622336	0.002586323068381756	1.0000986472287925
2.074485054613225	1.8977884128752116	0.06798213758358906	0.7676485584917856	0.1001879594172233	97.5929894298984	103.21304823622336	0.0025864104005975386	1.0000986472287925
2.074485054613225	1.8977884128752116	0.06798213758358906	0.7676485584917856	0.1001879594172233	97.59266155828891	103.21304823622336	0.0025864104005975386	1.0000986472287925
2.074485054613225	1.8977884128752116	0.06798213758358906	0.7676485584917856	0.1002543113680974	97.59266155828891	103.21304823622336	0.0025864104005975386	1.0000986472287925
2.074485054613225	1.897789784832283	0.06798213758358906	0.7676485584917856	0.1002543113680974	97.59266155828891	103.21304823622336	0.0025864104005975386	1.0000986472287925
2.074485054613225	1.897789784832283	0.06798213758358906	0.7676485584917856	0.1002543113680974	97.59266155828891	103.21304823622336	0.0025864104005975386	1.0000986472287925
2.074485054613225	1.897789784832283	0.06798213758358906	0.7676485584917856	0.1002543113680974	97.59266155828891	103.21304823622336	0.0025864104005975386	1.0000986472287925
2.074485054613225	1.897789784832283	0.06798213758358906	0.7676485584917856	0.1002543113680974	97.59266155828891	103.21304823622336	0.0025864104005975386	1.0000986472287925
2.074485054613225	1.897789784832283	0.06798213758358906	0.7676485584917856	0.10025446188076728	97.59266155828891	103.21304823622336	0.0025864104005975386	1.0000986472287925
2.074485054613225	1.897789784832283	0.06798213758358906	0.7676485584917856	0.10025446188076728	97.59266155828891	103.72512333045667	0.0025864104005975386	1.0000986472287925
2.074485054613225	1.897789784832283	0.06798213758358906	0.7676485584917856	0.10025446188076728	97.59266155828891	103.72485826822145	0.0025864104005975386	1.0000986472287925
2.074485054613225	1.897789784832283	0.06798213758358906	0.7676485584917856	0.10025446188076728	97.59266155828891	103.7865520342354	0.0025864104005975386	1.0000986472287925
2.074485054613225	1.897789784832283	0.06798213758358906	0.7676485584917856	0.10025446188076728	97.59266155828891	103.7865520342354	0.0025871572350872093	1.0000986472287925
2.074485054613225	1.897789784832283	0.06798213758358906	0.7676485584917856	0.10025446188076728	97.59266155828891	103.7865520342354	0.0025871960530008827	1.0000986472287925
2.074485054613225	1.897789784832283	0.06798213758358906	0.7676485584917856	0.10025446188076728	97.59266155828891	103.7865520342354	0.0025871960530008827	1.0000986472287925
2.074485054613225	1.897789784832283	0.06795501789572084	0.7676485584917856	0.10025446188076728	97.59266155828891	103.7865520342354	0.0025871960530008827	1.0000986472287925
2.074485054613225	1.897789784832283	0.06795501789572084	0.7676485584917856	0.10025446188076728	97.59266155828891	103.7865520342354	0.0025871960530008827	1.0000986472287925
2.074485054613225	1.897789784832283	0.06795501789572084	0.7676485584917856	0.10025446188076728	97.59266155828891	103.7865520342354	0.0025871960530008827	1.0000986472287925
2.074485054613225	1.897789784832283	0.06795794611512379	0.7676485584917856	0.10025446188076728	97.59266155828891	103.7865520342354	0.0025871960530008827	1.0000986472287925
2.074485054613225	1.897789784832283	0.06795794611512379	0.7676485584917856	0.10025446188076728	97.59266155828891	103.7865520342354	0.0025871960530008827	1.0000986472287925
2.074485054613225	1.897789784832283	0.06795794611512379	0.7676485584917856	0.10025446188076728	97.59266155828891	103.7865520342354	0.0025871960530008827	1.0000986472287925
2.074485054613225	1.897789784832283	0.06795794611512379	0.7676485584917856	0.10025446188076728	97.59266155828891	103.7865520342354	0.0025871960530008827	1.0000986472287925
2.074485054613225	1.897789784832283	0.06795794611512379	0.7676485584917856	0.10025446188076728	97.59266155828891	103.7865520342354	0.0025871960530008827	1.0000986472287925
2.074485054613225	1.897789784832283	0.06795794611512379	0.7676485584917856	0.10025446188076728	97.59266155828891	103.7865520342354	0.0025871960530008827	1.0000986472287925
2.074485054613225	1.897789784832283	0.06795794611512379	0.7676485584917856	0.10025446188076728	97.59266155828891	104.91147313980987	0.0025871960530008827	1.0000986472287925
2.074485054613225	1.897789784832283	0.06795794611512379	0.7675119674041019	0.10025446188076728	97.59266155828891	104.91147313980987	0.0025871960530008827	1.0000986472287925
2.074485054613225	1.897789784832283	0.0678666664112932	0.7675119674041019	0.10025446188076728	97.59266155828891	104.91147313980987	0.0025871960530008827	1.0000986472287925
2.072137079968784	1.897789784832283	0.0678666664112932	0.7675119674041019	0.10025446188076728	97.59266155828891	104.91147313980987	0.0025871960530008827	1.0000986472287925
2.072137079968784	1.897789784832283	0.0678666664112932	0.7675119674041019	0.10025446188076728	97.59266155828891	104.8573152249044	0.0025871960530008827	1.0000986472287925
2.072137079968784	1.897789784832283	0.0678666664112932	0.7675119674041019	0.10025446188076728	97.59266155828891	104.8573152249044	0.0025871960530008827	1.0000986472287925
2.072137079968784	1.897789784832283	0.0678666664112932	0.7675119674041019	0.10025446188076728	97.59266155828891	104.8573152249044	0.0025871960530008827	1.0000986472287925
2.072137079968784	1.897789784832283	0.0678666664112932	0.7675119674041019	0.10025446188076728	97.59266155828891	104.8573152249044	0.0025871960530008827	1.000097959155766
2.072137079968784	1.897789784832283	0.0678666664112932	0.7675119674041019	0.10025446188076728	97.59266155828891	104.8573152249044	0.0025871960530008827	1.000097959155766
2.072137079968784	1.897789784832283	0.0678666664112932	0.7675119674041019	0.10025446188076728	97.59266155828891	104.8573152249044	0.002588941182467725	1.000097959155766
2.072135543615715	1.897789784832283	0.0678666664112932	0.7675119674041019	0.10025446188076728	97.59266155828891	104.8573152249044	0.002588941182467725	1.000097959155766
2.072135543615715	1.897789784832283	0.0678666664112932	0.7675119674041019	0.10025855199886181	97.59266155828891	104.8573152249044	0.002588941182467725	1.000097959155766
2.072135543615715	1.897789784832283	0.06786786915270838	0.7675119674041019	0.10025855199886181	97.59266155828891	104.8573152249044	0.002588941182467725	1.000097959155766
2.072135543615715	1.897789784832283	0.06786786915270838	0.7675119674041019	0.10025855199886181	97.59253779242997	104.8573152249044	0.002588941182467725	1.000097959155766
2.072135543615715	1.897789784832283	0.06786786915270838	0.7675119674041019	0.10025855199886181	97.59253779242997	104.8573152249044	0.002588941182467725	1.000097959155766
2.072135543615715	1.897789784832283	0.06786786915270838	0.7675119674041019	0.10025854834091195	97.59253779242997	104.8573152249044	0.002588941182467725	1.000097959155766
2.072135543615715	1.897789784832283	0.06786786915270838	0.7675119674041019	0.10025854834091195	97.59253779242997	104.8573152249044	0.002588941182467725	1.0000980116967837
2.0722249881252486	1.897789784832283	0.06786786915270838	0.7675119674041019	0.10025854834091195	97.59253779242997	104.8573152249044	0.002588941182467725	1.0000980116967837
2.0722249881252486	1.897789784832283	0.06786786915270838	0.7675119674041019	0.10025854834091195	97.59253779242997	104.8573152249044	0.002588941182467725	1.0000980116967837
2.0722249881252486	1.897789784832283	0.06786786915270838	0.7675119674041019	0.10025854834091195	97.59295502022053	104.8573152249044	0.002588941182467725	1.0000980116967837
2.0722249881252486	1.897789784832283	0.06786786915270838	0.7675119674041019	0.10025854834091195	97.59295502022053	104.80352433422333	0.002588941182467725	1.0000980116967837
2.0722249881252486	1.897789784832283	0.06786786915270838	0.7675119674041019	0.10025854834091195	97.59295502022053	104.79840405627155	0.002588941182467725	1.0000980116967837
2.0722249881252486	1.897789784832283	0.06786786915270838	0.7676506016470871	0.10025854834091195	97.59295502022053	104.79840405627155	0.002588941182467725	1.0000980116967837
2.0722249881252486	1.897789784832283	0.06786786915270838	0.7676506016470871	0.10025854834091195	97.59295502022053	104.79840405627155	0.002588941182467725	1.0000980116967837
2.0722249881252486	1.897789784832283	0.06786786915270838	0.7677044327463479	0.10025854834091195	97.59295502022053	104.79840405627155	0.002588941182467725	1.0000980116967837
2.0722325364829164	1.897789784832283	0.06786786915270838	0.7677044327463479	0.10025854834091195	97.59295502022053	104.79840405627155	0.002588941182467725	1.0000980116967837
2.0722325364829164	1.897789784832283	0.06786786915270838	0.7677044327463479	0.10025854834091195	97.59295502022053	104.79840405627155	0.002588941182467725	1.0000980116967837
2.0722325364829164	1.897789784832283	0.06786786915270838	0.767631958745146	0.10025854834091195	97.59295502022053	104.79840405627155	0.002588941182467725	1.0000980116967837
2.0722325364829164	1.897789784832283	0.06786786915270838	0.767631958745146	0.10025854834091195	97.59295502022053	104.79840405627155	0.002588941182467725	1.0000980116967837
2.0722325364829164	1.897789784832283	0.06786786915270838	0.767631958745146	0.10025854834091195	97.59295502022053	104.79840405627155	0.002588941182467725	1.000093638458285
2.0722325364829164	1.897789784832283	0.06786786915270838	0.767631958745146	0.10025854834091195	97.59295502022053	104.79840405627155	0.002588941182467725	1.000093638458285
2.0722325364829164	1.897789784832283	0.06786786915270838	0.767631958745146	0.10025854834091195	97.59295502022053	104.79840405627155	0.002588941182467725	1.000093638458285
2.0722325364829164	1.897789784832283	0.06786786915270838	0.767631958745146	0.10025854834091195	97.59295502022053	104.79840405627155	0.002588941182467725	1.000093638458285
2.0722325364829164	1.897789784832283	0.06786786915270838	0.767631958745146	0.10025854834091195	97.59015178532687	104.79840405627155	0.002588941182467725	1.000093638458285
2.0722325364829164	1.897789784832283	0.06786786915270838	0.767631958745146	0.10025854834091195	97.59015178532687	104.79840405627155	0.002588941182467725	1.000093638458285
2.0722325364829164	1.897789784832283	0.06786786915270838	0.767631958745146	0.10025854834091195	97.59015178532687	104.79840405627155	0.002589016787307875	1.000093638458285
2.0722325364829164	1.897789784832283	0.06786786915270838	0.7676145905986722	0.10025854834091195	97.59015178532687	104.79840405627155	0.002589016787307875	1.000093638458285
2.0722325364829164	1.897789784832283	0.06786786915270838	0.7676145905986722	0.10025854834091195	97.59015178532687	104.78635083832604	0.002589016787307875	1.000093638458285
2.0722325364829164	1.897789784832283	0.06786786915270838	0.7676145905986722	0.10025854834091195	97.59015178532687	104.78635083832604	0.002589016787307875	1.000093638458285
2.072288141036444	1.897789784832283	0.06786786915270838	0.7676145905986722	0.10025854834091195	97.59015178532687	104.78635083832604	0.002589016787307875	1.000093638458285
2.072288141036444	1.897789784832283	0.06786786915270838	0.7676145905986722	0.10025854834091195	97.59015178532687	104.78635083832604	0.002589016787307875	1.000093638458285
2.072288141036444	1.8978710073361187	0.06786786915270838	0.7676145905986722	0.10025854834091195	97.59015178532687	104.78635083832604	0.002589016787307875	1.000093638458285
2.072288141036444	1.8978710073361187	0.06786786915270838	0.7676145905986722	0.10025854834091195	97.59015178532687	104.78635083832604	0.002589016787307875	1.000093638458285
2.072288141036444	1.8978710073361187	0.06786786915270838	0.7676145905986722	0.10025854834091195	97.59015178532687	104.78635083832604	0.002589016787307875	1.000093638458285
2.072288141036444	1.8978710073361187	0.06786786915270838	0.7676145905986722	0.10025854834091195	97.59015178532687	104.78635083832604	0.002589016787307875	1.000093638458285
2.072288141036444	1.8978710073361187	0.06786786915270838	0.7676145905986722	0.10025854834091195	97.59015178532687	104.78635083832604	0.0025910209540436144	1.000093638458285
2.072288141036444	1.8978710073361187	0.06786786915270838	0.7676145905986722	0.10025854766165057	97.59015178532687	104.78635083832604	0.0025910209540436144	1.000093638458285
2.072288141036444	1.8978710073361187	0.06786786915270838	0.7676145905986722	0.10025854766165057	97.59015178532687	104.80661844585198	0.0025910209540436144	1.000093638458285
2.072288141036444	1.8978710073361187	0.06786786915270838	0.7676145905986722	0.10025854766165057	97.59015178532687	104.80661844585198	0.0025910209540436144	1.000093638458285
2.072288141036444	1.8978710073361187	0.06786786915270838	0.7676145905986722	0.10025854766165057	97.59015178532687	104.80661844585198	0.0025910209540436144	1.000093638458285
2.072288141036444	1.8978710073361187	0.06786786915270838	0.7676145905986722	0.10025854766165057	97.59015178532687	104.80661844585198	0.0025910209540436144	1.000093638458285
2.072288141036444	1.8978710073361187	0.06786786915270838	0.768068512569107	0.10025854766165057	97.59015178532687	104.80661844585198	0.0025910209540436144	1.000093638458285
2.072288141036444	1.8978710073361187	0.06786786915270838	0.768068512569107	0.10025854766165057	97.59015178532687	104.80661844585198	0.002584553132902243	1.000093638458285
2.072288141036444	1.8978710073361187	0.06786786915270838	0.768061127069184	0.10025854766165057	97.59015178532687	104.80661844585198	0.002584553132902243	1.000093638458285
2.072288141036444	1.8978710073361187	0.06786786915270838	0.768061127069184	0.10025854766165057	97.59015178532687	104.79356923216781	0.002584553132902243	1.000093638458285
2.072288141036444	1.8978710073361187	0.06786786915270838	0.768061127069184	0.10025854766165057	97.59015178532687	104.79356923216781	0.002584553132902243	1.000093638458285
2.072288141036444	1.8978710073361187	0.06786786915270838	0.768061127069184	0.10025854766165057	97.59015178532687	104.7944922446426	0.002584553132902243	1.000093638458285
2.068894344459083	1.8978710073361187	0.06786786915270838	0.768061127069184	0.10025854766165057	97.59015178532687	104.7944922446426	0.002584553132902243	1.000093638458285
2.068894344459083	1.8978710073361187	0.06786786915270838	0.768061127069184	0.10025854766165057	97.59015178532687	104.7944922446426	0.002584553132902243	1.000093638458285
2.068894344459083	1.8978710073361187	0.06786786915270838	0.768061127069184	0.10025854766165057	97.59015178532687	104.7944922446426	0.002584553132902243	1.000093638458285
2.068894344459083	1.8978710073361187	0.06786786915270838	0.768061127069184	0.10025854766165057	97.59015178532687	104.7944922446426	0.002584553132902243	1.000093638458285
2.068894344459083	1.8978710073361187	0.06786786915270838	0.768061127069184	0.10025854766165057	97.59015178532687	104.7944922446426	0.002584553132902243	1.000093638458285
2.068894344459083	1.8978710073361187	0.06786786915270838	0.768061127069184	0.10025854766165057	97.59015178532687	104.7944922446426	0.002584553132902243	1.000093638458285
2.068894344459083	1.8978710073361187	0.06786786915270838	0.768061127069184	0.10025854766165057	97.59015178532687	104.26680200527933	0.002584553132902243	1.000093638458285
2.068894344459083	1.8978710073361187	0.06786786915270838	0.768061127069184	0.10025854766165057	97.59015178532687	104.26680200527933	0.002584553132902243	1.000093638458285
2.068894344459083	1.8978710073361187	0.06786786915270838	0.7678677553254843	0.10025854766165057	97.59015178532687	104.26680200527933	0.002584553132902243	1.000093638458285
2.068894344459083	1.8978710073361187	0.06786786915270838	0.7678677553254843	0.10025854766165057	97.59015178532687	104.26680200527933	0.002584553132902243	1.000093638458285
2.068894344459083	1.8975110583092674	0.06786786915270838	0.7678677553254843	0.10025854766165057	97.59015178532687	104.26680200527933	0.002584553132902243	1.000093638458285
2.068894344459083	1.8975110583092674	0.06786786915270838	0.7678677553254843	0.10025854766165057	97.59015178532687	104.26680200527933	0.002584553132902243	1.000093638458285
2.068894344459083	1.8975110583092674	0.06786786915270838	0.7678677553254843	0.10025860340219474	97.59015178532687	104.26680200527933	0.002584553132902243	1.000093638458285
2.068894344459083	1.8975113511604185	0.06786786915270838	0.7678677553254843	0.10025860340219474	97.59015178532687	104.26680200527933	0.002584553132902243	1.000093638458285
2.068894344459083	1.8975113511604185	0.06786786915270838	0.7678677553254843	0.10025860340219474	97.59015178532687	104.23835233559542	0.002584553132902243	1.000093638458285
2.068894344459083	1.8975113511604185	0.06786786915270838	0.7678677553254843	0.10025860340219474	97.58611041121877	104.23835233559542	0.002584553132902243	1.000093638458285
2.068894344459083	1.8975113511604185	0.06786786915270838	0.7678677553254843	0.10025860340219474	97.58611041121877	104.23835233559542	0.002584553132902243	1.000093638458285
2.068894344459083	1.8975113511604185	0.06786786915270838	0.7678677553254843	0.10025860340219474	97.58595141285811	104.23835233559542	0.002584553132902243	1.000093638458285
2.068894344459083	1.8974634009378513	0.06786786915270838	0.7678677553254843	0.10025860340219474	97.58595141285811	104.23835233559542	0.002584553132902243	1.000093638458285
2.068894344459083	1.8974634009378513	0.06786786915270838	0.7678677553254843	0.10025860340219474	97.58595141285811	104.23835233559542	0.002584553132902243	1.000093638458285
2.068894344459083	1.8974634009378513	0.06786786915270838	0.7678677553254843	0.10025860340219474	97.58595141285811	104.2400306143986	0.002584553132902243	1.000093638458285
2.068894344459083	1.8974634009378513	0.06786786915270838	0.7678677553254843	0.10025860340219474	97.58595141285811	104.14838594438433	0.002584553132902243	1.000093638458285
2.068894344459083	1.8974634009378513	0.06786786915270838	0.7678677553254843	0.10042951391747626	97.58595141285811	104.14838594438433	0.002584553132902243	1.000093638458285
2.068894344459083	1.8974634009378513	0.06786786915270838	0.7678677553254843	0.10042951391747626	97.58595141285811	104.14838594438433	0.002584553132902243	1.000093638458285
2.068894344459083	1.8974634009378513	0.06786786915270838	0.7678677553254843	0.10042951391747626	97.58595141285811	104.14838594438433	0.002584553132902243	1.0000939695596118
2.068894344459083	1.8974634009378513	0.06786786915270838	0.7678677553254843	0.10042951391747626	97.58595141285811	104.14838594438433	0.002584553132902243	1.0000939695596118
2.068894344459083	1.8974634009378513	0.06785820982014863	0.7678677553254843	0.10042951391747626	97.58595141285811	104.14838594438433	0.002584553132902243	1.0000939695596118
2.068894344459083	1.8974634009378513	0.06785820982014863	0.7678677553254843	0.10042951391747626	97.58594708856333	104.14838594438433	0.002584553132902243	1.0000939695596118
2.0685120026572488	1.8974634009378513	0.06785820982014863	0.7678677553254843	0.10042951391747626	97.58594708856333	104.14838594438433	0.002584553132902243	1.0000939695596118
2.0685099397150983	1.8974634009378513	0.06785820982014863	0.7678677553254843	0.10042951391747626	97.58594708856333	104.14838594438433	0.002584553132902243	1.0000939695596118
2.0684740203000724	1.8974634009378513	0.06785820982014863	0.7678677553254843	0.10042951391747626	97.58594708856333	104.14838594438433	0.002584553132902243	1.0000939695596118
2.071641251506914	1.8974634009378513	0.06785820982014863	0.7678677553254843	0.10042951391747626	97.58594708856333	104.14838594438433	0.002584553132902243	1.0000939695596118
2.071641251506914	1.8974627230506516	0.06785820982014863	0.7678677553254843	0.10042951391747626	97.58594708856333	104.14838594438433	0.002584553132902243	1.0000939695596118
2.071641251506914	1.8974627230506516	0.06785820982014863	0.7678677553254843	0.10042951391747626	97.58594708856333	104.14838594438433	0.002584553132902243	1.0000939060580243
2.071641251506914	1.8974627230506516	0.06785820982014863	0.7678677553254843	0.10042951391747626	97.58594708856333	104.14838594438433	0.002584553132902243	1.0000939060580243
2.071641251506914	1.8974627230506516	0.06785820982014863	0.7678677553254843	0.10042951391747626	97.58594708856333	104.14838594438433	0.002584553132902243	1.0000939060580243
2.071641251506914	1.8973742306994108	0.06785820982014863	0.7678677553254843	0.10042951391747626	97.58594708856333	104.14838594438433	0.002584553132902243	1.0000939060580243
2.071641251506914	1.8973742306994108	0.06785820982014863	0.7678677553254843	0.10042951391747626	97.58594708856333	104.14838594438433	0.002610426014436001	1.0000939060580243
2.071641251506914	1.8973742306994108	0.06785820982014863	0.7678677553254843	0.10042951391747626	97.58594708856333	104.14838594438433	0.002610426014436001	1.0000939060580243
2.071641251506914	1.8973742306994108	0.06785820982014863	0.7678677553254843	0.10042951391747626	97.58594708856333	104.14838594438433	0.002610426014436001	1.0000939060580243
2.071641251506914	1.8973742306994108	0.06785820982014863	0.7678677553254843	0.10042951391747626	97.58594708856333	104.14838594438433	0.002610426014436001	1.0000939060580243
2.071641251506914	1.8973742306994108	0.06785820982014863	0.7678677553254843	0.10043043550143554	97.58594708856333	104.14838594438433	0.002610426014436001	1.0000939060580243
2.071641251506914	1.8973742306994108	0.06785820982014863	0.7678677553254843	0.10043043550143554	97.58594708856333	104.14838594438433	0.002610426014436001	1.0000939060580243
2.071641251506914	1.8973742306994108	0.06785815579487213	0.7678677553254843	0.10043043550143554	97.58594708856333	104.14838594438433	0.002610426014436001	1.0000939060580243
2.071641251506914	1.8973742306994108	0.06785815579487213	0.7678677553254843	0.10043043550143554	97.58594708856333	104.14838594438433	0.002610426014436001	1.0000939060580243
2.071641251506914	1.8973742306994108	0.06785815579487213	0.7678677553254843	0.10043043550143554	97.58594708856333	104.14838594438433	0.002610426014436001	1.0000939060580243
2.0716407623064277	1.8973742306994108	0.06785815579487213	0.7678677553254843	0.10043043550143554	97.58594708856333	104.14838594438433	0.002610426014436001	1.0000939060580243
2.0716407623064277	1.8973742306994108	0.06785815579487213	0.7678677553254843	0.10043043550143554	97.58594708856333	104.14838594438433	0.002610426014436001	1.0000958318629645
2.0716407623064277	1.8973742306994108	0.06785815579487213	0.7678677553254843	0.10043043550143554	97.58594708856333	104.14838594438433	0.002610426014436001	1.0000958318629645
2.0716407623064277	1.8973742306994108	0.06785815579487213	0.7678677553254843	0.10043083217707031	97.58594708856333	104.14838594438433	0.002610426014436001	1.0000958318629645
2.0716407623064277	1.9002025136520588	0.06785815579487213	0.7678677553254843	0.10043083217707031	97.58594708856333	104.14838594438433	0.002610426014436001	1.0000958318629645
2.0716407623064277	1.9002025136520588	0.06785815579487213	0.7678584627627939	0.10043083217707031	97.58594708856333	104.14838594438433	0.002610426014436001	1.0000958318629645
2.0716407623064277	1.9002025136520588	0.06785815579487213	0.7678504351676854	0.10043083217707031	97.58594708856333	104.14838594438433	0.002610426014436001	1.0000958318629645
2.0716906635527588	1.9002025136520588	0.06785815579487213	0.7678504351676854	0.10043083217707031	97.58594708856333	104.14838594438433	0.002610426014436001	1.0000958318629645
2.0716906635527588	1.9002025136520588	0.06785815579487213	0.7678504351676854	0.10043083217707031	97.58594708856333	104.14838594438433	0.002610426014436001	1.0000958318629645
2.0716906635527588	1.9002025136520588	0.06785815579487213	0.7678504351676854	0.10000611340776254	97.58594708856333	104.14838594438433	0.002610426014436001	1.0000958318629645
2.0716906635527588	1.9002025136520588	0.06785815579487213	0.7678504351676854	0.10000611340776254	97.58594708856333	104.14838594438433	0.002610426014436001	1.0000958318629645
2.0717486337806172	1.9002025136520588	0.06785815579487213	0.7678504351676854	0.10000611340776254	97.58594708856333	104.14838594438433	0.002610426014436001	1.0000958318629645
2.0717486337806172	1.9002025136520588	0.06785815579487213	0.7678504351676854	0.10000611340776254	97.58594708856333	104.14838594438433	0.002610426014436001	1.0000958318629645
2.0717486337806172	1.9002025136520588	0.06785815579487213	0.7678504351676854	0.10000611340776254	97.58594708856333	104.14838594438433	0.002610426014436001	1.0000954258084507
2.0717486337806172	1.9002025136520588	0.06785815579487213	0.7678316736111733	0.10000611340776254	97.58594708856333	104.14838594438433	0.002610426014436001	1.0000954258084507
2.0717486337806172	1.9002025136520588	0.06785815579487213	0.7678316736111733	0.10000611340776254	97.58594708856333	104.14838594438433	0.002610426014436001	1.0000954258084507
2.0717486337806172	1.9002025136520588	0.06785815579487213	0.7678316736111733	0.10000611340776254	97.58594708856333	104.14838594438433	0.002610426014436001	1.0000954258084507
2.0717486337806172	1.9002025136520588	0.06785815579487213	0.7678316736111733	0.10000611340776254	97.58594708856333	104.14838594438433	0.002610426014436001	1.0000954258084507
2.0717486337806172	1.9002025136520588	0.06785815579487213	0.7678316736111733	0.10000611340776254	97.58594708856333	104.14838594438433	0.002610426014436001	1.0000954258084507
2.0717486337806172	1.9002025136520588	0.06785815579487213	0.7678316736111733	0.10000611340776254	97.58594708856333	104.14759649766029	0.002610426014436001	1.0000954258084507
2.071817663996424	1.9002025136520588	0.06785815579487213	0.7678316736111733	0.10000611340776254	97.58594708856333	104.14759649766029	0.002610426014436001	1.0000954258084507
2.071817663996424	1.9002025136520588	0.06785815579487213	0.7678316736111733	0.10000611340776254	97.58594708856333	104.14759649766029	0.002610426014436001	1.0000954258084507
2.071817663996424	1.9002025136520588	0.06785815579487213	0.7678316736111733	0.10000611340776254	97.58594708856333	104.14399953124774	0.002610426014436001	1.0000954258084507
2.071817663996424	1.9002025136520588	0.06785815579487213	0.7678316736111733	0.10000611340776254	97.58594708856333	104.14399953124774	0.00260845296414417	1.0000954258084507
2.071817663996424	1.9002025136520588	0.06785815579487213	0.7678316736111733	0.10000588016599335	97.58594708856333	104.14399953124774	0.00260845296414417	1.0000954258084507
2.071817663996424	1.9002025136520588	0.06785815579487213	0.7678316736111733	0.10000588016599335	97.58594708856333	104.14399953124774	0.00260845296414417	1.0000954258084507
2.071817663996424	1.9002025136520588	0.06785815579487213	0.7678316736111733	0.10000588016599335	97.58594708856333	104.14399953124774	0.00260845296414417	1.0000954258084507
2.071817663996424	1.9002025136520588	0.06785815579487213	0.7678316736111733	0.10000588016599335	97.58594708856333	104.14399953124774	0.00260845296414417	1.0000954258084507
2.071817663996424	1.9002025136520588	0.06785815579487213	0.7678316736111733	0.10000588016599335	97.58594708856333	104.14399953124774	0.00260845296414417	1.0000954258084507
2.071817663996424	1.9002025136520588	0.06785815579487213	0.7678316736111733	0.10000588016599335	97.58594708856333	104.14399953124774	0.00260845296414417	1.0000954258084507
2.071817663996424	1.9002025136520588	0.06785815579487213	0.7678316736111733	0.10000588016599335	97.54748504563916	104.14399953124774	0.00260845296414417	1.0000954258084507
2.071817663996424	1.9002025136520588	0.06780540224855681	0.7678316736111733	0.10000588016599335	97.54748504563916	104.14399953124774	0.00260845296414417	1.0000954258084507
2.071817663996424	1.9002025136520588	0.06780540224855681	0.7678316736111733	0.10000588016599335	97.54748504563916	104.14399953124774	0.00260845296414417	1.0000954258084507
2.071817663996424	1.9002025136520588	0.06780540224855681	0.7678316736111733	0.10000588016599335	97.54748504563916	104.14399953124774	0.0025964674176919156	1.0000954258084507
2.071817663996424	1.9002025136520588	0.06780540224855681	0.7678316736111733	0.10000588016599335	97.54748504563916	104.15694302167687	0.0025964674176919156	1.0000954258084507
2.071817663996424	1.9002025136520588	0.06776356710520101	0.7678316736111733	0.10000588016599335	97.54748504563916	104.15694302167687	0.0025964674176919156	1.0000954258084507
2.071817663996424	1.9002025136520588	0.06776356710520101	0.7678316736111733	0.10000588016599335	97.54748504563916	104.15694302167687	0.0025964674176919156	1.0000954258084507
2.071817663996424	1.9002025136520588	0.06776356710520101	0.7678316736111733	0.10000588016599335	97.54748504563916	104.20529834069251	0.0025964674176919156	1.0000954258084507
2.071817663996424	1.9002025136520588	0.06776356710520101	0.7678316736111733	0.10000588016599335	97.54748504563916	104.20529834069251	0.0025964674176919156	1.0000954258084507
2.071817663996424	1.9002025136520588	0.06776356710520101	0.7678316736111733	0.10000588016599335	97.54748504563916	104.20529834069251	0.0025964674176919156	1.0000954258084507
2.071817663996424	1.9002025136520588	0.06776356710520101	0.7678316736111733	0.10000588016599335	97.54748504563916	104.20529834069251	0.0025964674176919156	1.0000954258084507
2.071817663996424	1.9002025136520588	0.06776350711650515	0.7678316736111733	0.10000588016599335	97.54748504563916	104.20529834069251	0.0025964674176919156	1.0000954258084507
2.071817663996424	1.9002025136520588	0.06776350711650515	0.7678316736111733	0.10000588016599335	97.54748504563916	104.20529834069251	0.0025964674176919156	1.0000954258084507
2.071817663996424	1.9002025136520588	0.06776350711650515	0.7678316736111733	0.10004295971195722	97.54748504563916	104.20529834069251	0.0025964674176919156	1.0000954258084507
2.071697439593659	1.9002025136520588	0.06776350711650515	0.7678316736111733	0.10004295971195722	97.54748504563916	104.20529834069251	0.0025964674176919156	1.0000954258084507
2.071697439593659	1.9002025136520588	0.06776350711650515	0.7678316736111733	0.10004295971195722	97.54748504563916	104.20529834069251	0.0025964674176919156	1.0000954258084507
2.071697439593659	1.9002025136520588	0.06776350711650515	0.7678316736111733	0.10004295971195722	97.54748504563916	104.20529834069251	0.0025964674176919156	1.0000954258084507
2.071697439593659	1.9002025136520588	0.06776350711650515	0.7678316736111733	0.10004295971195722	97.54748504563916	104.20529834069251	0.0025964674176919156	1.0000928143822156
2.071697439593659	1.9002025136520588	0.06776350711650515	0.7678316736111733	0.10004295971195722	97.54748504563916	104.20529834069251	0.0025964674176919156	1.0000928143822156
2.071697439593659	1.9002025136520588	0.06776350711650515	0.7678316736111733	0.10004295971195722	97.58668867521108	104.20529834069251	0.0025964674176919156	1.0000928143822156
2.071697439593659	1.9002025136520588	0.06776350711650515	0.7678316736111733	0.10004295971195722	97.58668867521108	104.20529834069251	0.0025964674176919156	1.0000928143822156
2.071697439593659	1.9002025136520588	0.06776350711650515	0.7678316736111733	0.10004295971195722	97.58668867521108	104.20529834069251	0.0025964674176919156	1.0000927723109692
2.071697439593659	1.9002025136520588	0.06776350711650515	0.7678316736111733	0.10004295971195722	97.58668867521108	104.20529834069251	0.0025964674176919156	1.0000927723109692
2.071697439593659	1.9002025136520588	0.06776350711650515	0.7678316736111733	0.1001547982451823	97.58668867521108	104.20529834069251	0.0025964674176919156	1.0000927723109692
2.071697439593659	1.9002025136520588	0.06776350711650515	0.7678316736111733	0.1001547982451823	97.58668867521108	104.20529834069251	0.0025964674176919156	1.0000927723109692
2.071697439593659	1.9002025136520588	0.06776350711650515	0.7678316736111733	0.1001547982451823	97.58668867521108	104.20529834069251	0.0025964674176919156	1.0000927723109692
2.071697439593659	1.9002025136520588	0.06776350711650515	0.7678316736111733	0.10017031540235505	97.58668867521108	104.20529834069251	0.0025964674176919156	1.0000927723109692
2.071697439593659	1.9002025136520588	0.06776350711650515	0.7678316736111733	0.10017031540235505	97.58668867521108	104.20529834069251	0.002596440716381956	1.0000927723109692
2.071697439593659	1.9002025136520588	0.06776350711650515	0.7678316736111733	0.10017031540235505	97.58668867521108	104.20529834069251	0.002596440716381956	1.000093395366541
2.071697439593659	1.9002025136520588	0.06776350711650515	0.7678316736111733	0.10017017452528991	97.58668867521108	104.20529834069251	0.002596440716381956	1.000093395366541
2.071697439593659	1.9002025136520588	0.06776350711650515	0.7678316736111733	0.10017017452528991	97.59450579120461	104.20529834069251	0.002596440716381956	1.000093395366541
2.071697439593659	1.9002025136520588	0.06776350711650515	0.7678316736111733	0.10017017452528991	97.59450579120461	104.20529834069251	0.002596440716381956	1.000093395366541
2.071697439593659	1.9002025136520588	0.06776350711650515	0.7678316736111733	0.10017017452528991	97.59450579120461	104.20529834069251	0.002596440716381956	1.000093395366541
2.071697439593659	1.9002025136520588	0.06776350711650515	0.7678316736111733	0.10017017452528991	97.59450579120461	104.20529834069251	0.002596440716381956	1.000093395366541
2.071697439593659	1.9002025136520588	0.06776350711650515	0.7678316736111733	0.10017017452528991	97.59450579120461	104.20529834069251	0.002596440716381956	1.000093395366541
2.071697439593659	1.9002025136520588	0.06776350711650515	0.7678316736111733	0.10017017452528991	97.59450579120461	104.20529834069251	0.002597158223244528	1.000093395366541
2.071697439593659	1.9002025136520588	0.06776350711650515	0.7678316736111733	0.1001703445864207	97.59450579120461	104.20529834069251	0.002597158223244528	1.000093395366541
2.0716957250907555	1.9002025136520588	0.06776350711650515	0.7678316736111733	0.1001703445864207	97.59450579120461	104.20529834069251	0.002597158223244528	1.000093395366541
2.0716957250907555	1.9002025136520588	0.06776350711650515	0.7678316736111733	0.1001703445864207	97.59450579120461	104.20529834069251	0.002597158223244528	1.000093395366541
2.0716957250907555	1.9002025136520588	0.06776350711650515	0.7678316736111733	0.1001703445864207	97.59450579120461	104.20531495020185	0.002597158223244528	1.000093395366541
2.071726372601666	1.9002025136520588	0.06776350711650515	0.7678316736111733	0.1001703445864207	97.59450579120461	104.20531495020185	0.002597158223244528	1.000093395366541
2.071726372601666	1.9002025136520588	0.06776350711650515	0.7678316736111733	0.1001703445864207	97.59450579120461	104.20531495020185	0.002597158223244528	1.000093395366541
2.071726372601666	1.900202322599033	0.06776350711650515	0.7678316736111733	0.1001703445864207	97.59450579120461	104.20531495020185	0.002597158223244528	1.000093395366541
2.071726372601666	1.900202322599033	0.06776350711650515	0.7678316736111733	0.1001703445864207	97.59450579120461	104.20531495020185	0.0025918885110156093	1.000093395366541
2.071726372601666	1.900202322599033	0.06776350711650515	0.7678316736111733	0.1001703445864207	97.59450579120461	104.20531495020185	0.0025918885110156093	1.000093395366541
2.071726372601666	1.900202322599033	0.06776350711650515	0.7678316736111733	0.1001703445864207	97.59722581024664	104.20531495020185	0.0025918885110156093	1.000093395366541
2.071726372601666	1.900202322599033	0.06776350711650515	0.7678316736111733	0.1001703445864207	97.59722581024664	104.20531495020185	0.0025918885110156093	1.000093395366541
2.071726372601666	1.900202322599033	0.06776350711650515	0.7678316736111733	0.1001703445864207	97.59722581024664	103.55340737382316	0.0025918885110156093	1.000093395366541
2.071726372601666	1.900202322599033	0.06776350711650515	0.7678316736111733	0.1001703445864207	97.59722581024664	103.55340737382316	0.002593006270378029	1.000093395366541
2.071459811028759	1.900202322599033	0.06776350711650515	0.7678316736111733	0.1001703445864207	97.59722581024664	103.55340737382316	0.002593006270378029	1.000093395366541
2.071459811028759	1.900202322599033	0.06776350711650515	0.7678316736111733	0.1001703445864207	97.59722581024664	103.55340737382316	0.002593006270378029	1.0000945532231138
2.071459811028759	1.900202322599033	0.06776350711650515	0.7678316736111733	0.1001703445864207	97.59722581024664	103.55340737382316	0.002593006270378029	1.0000945532231138
2.071459811028759	1.900202322599033	0.0677650720086736	0.7678316736111733	0.1001703445864207	97.59722581024664	103.55340737382316	0.002593006270378029	1.0000945532231138
2.071459811028759	1.900202322599033	0.0677650720086736	0.7678316736111733	0.1001703445864207	97.59722581024664	103.55340737382316	0.0025936126834326277	1.0000945532231138
2.071459811028759	1.900202322599033	0.0677650720086736	0.7678316736111733	0.10017026569445621	97.59722581024664	103.55340737382316	0.0025936126834326277	1.0000945532231138
2.071459811028759	1.900202322599033	0.0677650720086736	0.7678316736111733	0.10017026569445621	97.59410368276859	103.55340737382316	0.0025936126834326277	1.0000945532231138
2.071459811028759	1.900202322599033	0.0677650720086736	0.7678316736111733	0.10017026569445621	97.59410368276859	103.55340737382316	0.0025936126834326277	1.0000945532231138
2.071459811028759	1.900202322599033	0.0677650720086736	0.7678316736111733	0.10017002990338374	97.59410368276859	103.55340737382316	0.0025936126834326277	1.0000945532231138
2.071459811028759	1.900202322599033	0.0677650720086736	0.7678316736111733	0.10017014216880442	97.59410368276859	103.55340737382316	0.0025936126834326277	1.0000945532231138
2.071459811028759	1.900202322599033	0.0677650720086736	0.7678316736111733	0.10017014216880442	97.59410368276859	103.55340737382316	0.0025936126834326277	1.0000945532231138
2.071459811028759	1.900202322599033	0.0677650720086736	0.7678316736111733	0.10017014216880442	97.59410368276859	103.55571910435442	0.0025936126834326277	1.0000945532231138
2.071459811028759	1.900202322599033	0.0677650720086736	0.7678316736111733	0.10017014216880442	97.59410368276859	103.55571910435442	0.0025936126834326277	1.0000945532231138
2.071459811028759	1.900202322599033	0.0677650720086736	0.7678316736111733	0.10018366489948544	97.59410368276859	103.55571910435442	0.0025936126834326277	1.0000945532231138
2.071459811028759	1.900202322599033	0.0677650720086736	0.7678316736111733	0.10018366489948544	97.59410368276859	103.55571910435442	0.0025936126834326277	1.0000945532231138
2.071459811028759	1.900202322599033	0.0677650720086736	0.7678316736111733	0.10018369913724555	97.59410368276859	103.55571910435442	0.0025936126834326277	1.0000945532231138
2.071459811028759	1.900202322599033	0.0677650720086736	0.7678316736111733	0.10018369913724555	97.59410368276859	103.55571910435442	0.002594581823374835	1.0000945532231138
2.071459811028759	1.9002931634412712	0.0677650720086736	0.7678316736111733	0.10018369913724555	97.59410368276859	103.55571910435442	0.002594581823374835	1.0000945532231138
2.071459811028759	1.9002931634412712	0.0677650720086736	0.7678316736111733	0.10018369913724555	97.59410368276859	103.5229307840617	0.002594581823374835	1.0000945532231138
2.071459811028759	1.9002931634412712	0.0677650720086736	0.7678316736111733	0.10018369913724555	97.59410368276859	103.5229307840617	0.0026303635838605373	1.0000945532231138
2.071459811028759	1.9002951291367371	0.0677650720086736	0.7678316736111733	0.10018369913724555	97.59410368276859	103.5229307840617	0.0026303635838605373	1.0000945532231138
2.071451381048018	1.9002951291367371	0.0677650720086736	0.7678316736111733	0.10018369913724555	97.59410368276859	103.5229307840617	0.0026303635838605373	1.0000945532231138
2.071451381048018	1.9002951291367371	0.06778499469666538	0.7678316736111733	0.10018369913724555	97.59410368276859	103.5229307840617	0.0026303635838605373	1.0000945532231138
2.071451381048018	1.9002951291367371	0.06778499469666538	0.7678316736111733	0.10018369913724555	97.59410368276859	103.5229307840617	0.0026303635838605373	1.0000945532231138
2.071451381048018	1.9002951291367371	0.06778499469666538	0.7678316736111733	0.10018369913724555	97.59410368276859	103.5229307840617	0.0026303635838605373	1.0000945532231138
2.071451381048018	1.9002951291367371	0.06778499469666538	0.7678316736111733	0.10018369913724555	97.59410368276859	103.69007899472805	0.0026303635838605373	1.0000945532231138
2.071451381048018	1.9002951291367371	0.06778499469666538	0.7678316736111733	0.10018369913724555	97.59410368276859	103.69007899472805	0.0026303635838605373	1.0000946179965635
2.071451381048018	1.9002951291367371	0.06778499469666538	0.7678316736111733	0.10018369913724555	97.59410368276859	103.6901056759673	0.0026303635838605373	1.0000946179965635
2.071451381048018	1.9002951291367371	0.06778499469666538	0.7678316736111733	0.10018369913724555	97.59410368276859	103.6901056759673	0.0026303635838605373	1.0000946179965635
2.071451381048018	1.9002951291367371	0.06778499469666538	0.7678316736111733	0.10018369913724555	97.59410368276859	103.6901056759673	0.0026303635838605373	1.0000946179965635
2.071451381048018	1.9002951291367371	0.06778499469666538	0.7678316736111733	0.10018369913724555	97.59410368276859	103.6901056759673	0.0026303635838605373	1.0001039951399735
2.071451381048018	1.9002951291367371	0.06778499469666538	0.7678316736111733	0.10018369913724555	97.59410368276859	103.6901056759673	0.0026303635838605373	1.0001039951399735
2.071451381048018	1.9002951291367371	0.06778499469666538	0.7678316736111733	0.10018369913724555	97.59410368276859	103.6901056759673	0.0026303635838605373	1.0001044507265746
2.071451381048018	1.9002951291367371	0.06778499469666538	0.7678316736111733	0.10018369913724555	97.59410368276859	103.6901056759673	0.0026303635838605373	1.0001040787402673
2.071451381048018	1.9002951291367371	0.06778499469666538	0.7678500544164143	0.10018369913724555	97.59410368276859	103.6901056759673	0.0026303635838605373	1.0001040787402673
2.071451381048018	1.9002951291367371	0.06778499469666538	0.7678500544164143	0.10018369913724555	97.59410368276859	103.6901056759673	0.0026303635838605373	1.0001040787402673
2.071451381048018	1.9002951291367371	0.06778499469666538	0.7678500544164143	0.10018369913724555	97.59410368276859	103.6901056759673	0.0026303635838605373	1.0001040787402673
2.071451381048018	1.9002951291367371	0.06778499469666538	0.767834148488819	0.10018369913724555	97.59410368276859	103.6901056759673	0.0026303635838605373	1.0001040787402673
2.071451381048018	1.9002951291367371	0.06778499469666538	0.767834148488819	0.10018369913724555	97.59410368276859	103.6901056759673	0.0026303635838605373	1.0001040787402673
2.071451381048018	1.9002951291367371	0.06778499469666538	0.767834148488819	0.10018369913724555	97.59410368276859	103.6901056759673	0.0026303635838605373	1.0001040787402673
2.071451381048018	1.9002951291367371	0.06778499469666538	0.767834148488819	0.10018369913724555	97.59322204631589	103.6901056759673	0.0026303635838605373	1.0001040787402673
2.071451381048018	1.9002951291367371	0.06778499469666538	0.767834148488819	0.10018355372399491	97.59322204631589	103.6901056759673	0.0026303635838605373	1.0001040787402673
2.071451381048018	1.900295614323042	0.06778499469666538	0.767834148488819	0.10018355372399491	97.59322204631589	103.6901056759673	0.0026303635838605373	1.0001040787402673
2.071451381048018	1.900295614323042	0.06778499469666538	0.767834148488819	0.10018355372399491	97.59322204631589	103.6901056759673	0.00263160850766846	1.0001040787402673
2.071451381048018	1.9002948435793816	0.06778499469666538	0.767834148488819	0.10018355372399491	97.59322204631589	103.6901056759673	0.00263160850766846	1.0001040787402673
2.071451381048018	1.9002948435793816	0.06778499469666538	0.767834148488819	0.1001839298585649	97.59322204631589	103.6901056759673	0.00263160850766846	1.0001040787402673
2.071451381048018	1.9002948435793816	0.06778499469666538	0.767834148488819	0.1001839298585649	97.59322204631589	103.6901056759673	0.00263160850766846	1.0001040787402673
2.071451381048018	1.9002948435793816	0.06778499469666538	0.767834148488819	0.1001839298585649	97.59322204631589	103.6901056759673	0.00263160850766846	1.0001040787402673
2.071451381048018	1.9002948435793816	0.06778499469666538	0.767834148488819	0.1001839298585649	97.59322204631589	103.6901056759673	0.002634098522921487	1.0001040787402673
2.071451381048018	1.9002948435793816	0.06778499469666538	0.767834148488819	0.1001839298585649	97.59322204631589	103.6901056759673	0.002634098522921487	1.0001040787402673
2.071451381048018	1.9002948435793816	0.06778499469666538	0.767834148488819	0.1001839298585649	97.59322204631589	103.6901056759673	0.002634098522921487	1.0001040787402673
2.071451381048018	1.9002948435793816	0.06778499469666538	0.767834148488819	0.1001839298585649	97.59322204631589	103.6901056759673	0.002634098522921487	1.0001040787402673
2.071451381048018	1.9002948435793816	0.06778499469666538	0.767834148488819	0.1001839298585649	97.59322204631589	104.79984775831691	0.002634098522921487	1.0001040787402673
2.071451381048018	1.9002948435793816	0.06778499469666538	0.767834148488819	0.1001839298585649	97.59322204631589	104.79811755941492	0.002634098522921487	1.0001040787402673
2.071451381048018	1.9002948435793816	0.06778499469666538	0.767834148488819	0.1001839298585649	97.59322204631589	104.79811755941492	0.002634098522921487	1.0001040787402673
2.071451381048018	1.9002948435793816	0.06778499469666538	0.767834148488819	0.1001839298585649	97.59322204631589	104.79811755941492	0.002634098522921487	1.0001040787402673
2.071451381048018	1.9002948435793816	0.06778499469666538	0.767834148488819	0.1001839298585649	97.59322204631589	104.79811755941492	0.002634098522921487	1.0001040787402673
2.071451381048018	1.9002948435793816	0.06778499469666538	0.767834148488819	0.1001839298585649	97.59322204631589	104.79811755941492	0.002634098522921487	1.0001049473217494
2.071451381048018	1.9002948435793816	0.06778499469666538	0.767834148488819	0.1001839298585649	97.59322204631589	104.79811755941492	0.002630029010494969	1.0001049473217494
2.071451381048018	1.9002948435793816	0.06778499469666538	0.767834148488819	0.1001839298585649	97.59322204631589	104.79811755941492	0.002630029010494969	1.0001049473217494
2.071451381048018	1.9002948435793816	0.06778499469666538	0.767834148488819	0.1001839298585649	97.59322204631589	104.80944210095845	0.002630029010494969	1.0001049473217494
2.071451381048018	1.9019340235117557	0.06778499469666538	0.767834148488819	0.1001839298585649	97.59322204631589	104.80944210095845	0.002630029010494969	1.0001049473217494
2.071451381048018	1.9019340235117557	0.06778499469666538	0.767834148488819	0.1001839298585649	97.59322204631589	104.80944210095845	0.002630029010494969	1.0001049473217494
2.071451381048018	1.901756619813704	0.06778499469666538	0.767834148488819	0.1001839298585649	97.59322204631589	104.80944210095845	0.002630029010494969	1.0001049473217494
2.071389690173591	1.901756619813704	0.06778499469666538	0.767834148488819	0.1001839298585649	97.59322204631589	104.80944210095845	0.002630029010494969	1.0001049473217494
2.071389690173591	1.901756619813704	0.06778499469666538	0.767834148488819	0.1001839298585649	97.59322204631589	104.80606526802394	0.002630029010494969	1.0001049473217494
2.071389690173591	1.901756619813704	0.06778499469666538	0.767834148488819	0.1001839298585649	97.59322204631589	104.80606526802394	0.002684936412800633	1.0001049473217494
2.071389690173591	1.901756619813704	0.06778499469666538	0.767834148488819	0.1001839298585649	97.59322204631589	105.00919854186827	0.002684936412800633	1.0001049473217494
2.071389690173591	1.901756619813704	0.06778499469666538	0.767834148488819	0.1001839298585649	97.59322204631589	105.00919854186827	0.002684936412800633	1.0001049473217494
2.071389690173591	1.901756619813704	0.06778499469666538	0.767834148488819	0.10018403479345601	97.59322204631589	105.00919854186827	0.002684936412800633	1.0001049473217494
2.071389690173591	1.901756619813704	0.06778499469666538	0.767834148488819	0.10018403479345601	97.59322204631589	105.00919854186827	0.002684936412800633	1.0001049473217494
2.071389690173591	1.901756619813704	0.06778499469666538	0.767834148488819	0.1001840543976021	97.59322204631589	105.00919854186827	0.002684936412800633	1.0001049473217494
2.071389690173591	1.901756619813704	0.06778499469666538	0.767834148488819	0.1001840543976021	97.59322204631589	105.00919854186827	0.002684936412800633	1.0001049473217494
2.071389690173591	1.901756619813704	0.06778499469666538	0.767834148488819	0.1001840543976021	97.59322204631589	105.00919854186827	0.002684936412800633	1.0001049473217494
2.071389690173591	1.901756619813704	0.06778499469666538	0.767834148488819	0.1001840543976021	97.59322204631589	105.82757558656719	0.002684936412800633	1.0001049473217494
2.071389690173591	1.901756619813704	0.06778499469666538	0.767834148488819	0.1001840543976021	97.59322204631589	105.82757558656719	0.002684936412800633	1.0001049473217494
2.071389690173591	1.901756619813704	0.06778499469666538	0.767834148488819	0.100184094145567	97.59322204631589	105.82757558656719	0.002684936412800633	1.0001049473217494
2.071389690173591	1.901756619813704	0.06778499469666538	0.767834148488819	0.100184094145567	97.59322204631589	105.82757558656719	0.002684936412800633	1.0001049473217494
2.071389690173591	1.901756619813704	0.06778499469666538	0.767834148488819	0.100184094145567	97.59322204631589	105.82109598452581	0.002684936412800633	1.0001049473217494
2.071389690173591	1.901756619813704	0.06778499469666538	0.7679265243314535	0.100184094145567	97.59322204631589	105.82109598452581	0.002684936412800633	1.0001049473217494
2.071389690173591	1.901756619813704	0.06778499469666538	0.7679265243314535	0.100184094145567	97.59322204631589	105.82109598452581	0.002684936412800633	1.0001049473217494
2.071389690173591	1.901756619813704	0.06778499469666538	0.7679265243314535	0.100184094145567	97.59322204631589	105.82109598452581	0.002684936412800633	1.0001049473217494
2.071389690173591	1.9017561975109833	0.06778499469666538	0.7679265243314535	0.100184094145567	97.59322204631589	105.82109598452581	0.002684936412800633	1.0001049473217494
2.071389690173591	1.9017561975109833	0.06778499469666538	0.7679265243314535	0.100184094145567	97.59322204631589	105.82109598452581	0.002684936412800633	1.0001049473217494
2.071389690173591	1.9044002590920446	0.06778499469666538	0.7679265243314535	0.100184094145567	97.59322204631589	105.82109598452581	0.002684936412800633	1.0001049473217494
2.071389690173591	1.9044002590920446	0.06778499469666538	0.7679265243314535	0.100184094145567	97.59322204631589	105.82109598452581	0.002684936412800633	1.0001049473217494
2.071389690173591	1.9044002590920446	0.06778499469666538	0.7679265243314535	0.10035105418184453	97.59322204631589	105.82109598452581	0.002684936412800633	1.0001049473217494
2.071389690173591	1.9044002590920446	0.06778499469666538	0.7679265243314535	0.10035105418184453	97.59335933564343	105.82109598452581	0.002684936412800633	1.0001049473217494
2.071389690173591	1.9044002590920446	0.06778499469666538	0.7679265243314535	0.09995384370049924	97.59335933564343	105.82109598452581	0.002684936412800633	1.0001049473217494
2.071389690173591	1.9044002590920446	0.06778499469666538	0.7679265243314535	0.09995384370049924	97.59335933564343	105.82109598452581	0.0026848205033175566	1.0001049473217494
2.071389690173591	1.9044002590920446	0.06778499469666538	0.7679265243314535	0.09995384370049924	97.59279186408382	105.82109598452581	0.0026848205033175566	1.0001049473217494
2.071389690173591	1.9044002590920446	0.06778499469666538	0.7679265243314535	0.09995384370049924	97.59279186408382	105.55908972126012	0.0026848205033175566	1.0001049473217494
2.071389690173591	1.9044002590920446	0.06778499469666538	0.7679265243314535	0.0999540186073365	97.59279186408382	105.55908972126012	0.0026848205033175566	1.0001049473217494
2.071389690173591	1.9044002590920446	0.06778499469666538	0.7679265243314535	0.0999540186073365	97.59279186408382	105.55908972126012	0.0026848205033175566	1.0001049473217494
2.071389690173591	1.9044002590920446	0.06778499469666538	0.7679265243314535	0.0999540186073365	97.59279186408382	105.55908972126012	0.0026856191192715564	1.0001049473217494
2.071389690173591	1.9044002590920446	0.06778499469666538	0.7679265243314535	0.0999541218400134	97.59279186408382	105.55908972126012	0.0026856191192715564	1.0001049473217494
2.071389690173591	1.9044002590920446	0.06778499469666538	0.7679265243314535	0.0999541218400134	97.59279186408382	105.50709514439525	0.0026856191192715564	1.0001049473217494
2.071389690173591	1.9044002590920446	0.06778499469666538	0.7679265243314535	0.0999541218400134	97.59279186408382	105.50709514439525	0.0027161980749244898	1.0001049473217494
2.0708074522962034	1.9044002590920446	0.06778499469666538	0.7679265243314535	0.0999541218400134	97.59279186408382	105.50709514439525	0.0027161980749244898	1.0001049473217494
2.0708074522962034	1.9044002590920446	0.06778499469666538	0.7679669812097848	0.0999541218400134	97.59279186408382	105.50709514439525	0.0027161980749244898	1.0001049473217494
2.0708074522962034	1.9044002590920446	0.06778499469666538	0.7679669812097848	0.0999541218400134	97.59279186408382	105.50709514439525	0.0027161980749244898	1.0001049473217494
2.0708074522962034	1.9044002590920446	0.06778499469666538	0.7679669812097848	0.0999541218400134	97.59279186408382	105.50659020043312	0.0027161980749244898	1.0001049473217494
2.0708074522962034	1.9044002590920446	0.06778499469666538	0.7679669812097848	0.0999541218400134	97.59273010739449	105.50659020043312	0.0027161980749244898	1.0001049473217494
2.0708074522962034	1.9044002590920446	0.06778499469666538	0.7679669812097848	0.0999541218400134	97.59273010739449	105.50659020043312	0.0027161980749244898	1.0001049473217494
2.0708074522962034	1.9044002590920446	0.06778499469666538	0.7679669812097848	0.0999541218400134	97.59273010739449	105.50231307249871	0.0027161980749244898	1.0001049473217494
2.0708074522962034	1.9044068115417776	0.06778499469666538	0.7679669812097848	0.0999541218400134	97.59273010739449	105.50231307249871	0.0027161980749244898	1.0001049473217494
2.0708074522962034	1.9044022388512734	0.06778499469666538	0.7679669812097848	0.0999541218400134	97.59273010739449	105.50231307249871	0.0027161980749244898	1.0001049473217494
2.0708074522962034	1.9044022388512734	0.06778499469666538	0.7679669812097848	0.0999541218400134	97.59273010739449	105.50231307249871	0.0027161980749244898	1.0001049473217494
2.0708074522962034	1.9044022388512734	0.06778499469666538	0.7679669812097848	0.0999541218400134	97.59273010739449	105.50231307249871	0.0027161980749244898	1.0001049473217494
2.0708074522962034	1.9044022388512734	0.06778499469666538	0.7679669812097848	0.0999541218400134	97.59273010739449	105.50266238452315	0.0027161980749244898	1.0001049473217494
2.0708074522962034	1.9044022388512734	0.06778499469666538	0.7679758330368562	0.0999541218400134	97.59273010739449	105.50266238452315	0.0027161980749244898	1.0001049473217494
2.0708074522962034	1.9044022388512734	0.06778499469666538	0.7679758330368562	0.0999541218400134	97.59273010739449	105.50266238452315	0.0027161980749244898	1.0001049473217494
2.0708074522962034	1.9044022388512734	0.06778499469666538	0.7679758330368562	0.0999541218400134	97.59273010739449	105.50266238452315	0.002719664375618145	1.0001049473217494
2.0708074522962034	1.9044022388512734	0.06778499469666538	0.7679758330368562	0.0999541218400134	97.59273010739449	105.50266238452315	0.002719664375618145	1.0001049473217494
2.0708074522962034	1.9044022388512734	0.06778499469666538	0.767317173198559	0.0999541218400134	97.59273010739449	105.50266238452315	0.002719664375618145	1.0001049473217494
2.0708074522962034	1.9044022388512734	0.06778499469666538	0.767317173198559	0.0999541218400134	97.59262619429789	105.50266238452315	0.002719664375618145	1.0001049473217494
2.0708074522962034	1.9044022388512734	0.06778499469666538	0.767317173198559	0.0999541218400134	97.59262619429789	105.50266238452315	0.002719664375618145	1.0001049473217494
2.0708074522962034	1.904402743347213	0.06778499469666538	0.767317173198559	0.0999541218400134	97.59262619429789	105.50266238452315	0.002719664375618145	1.0001049473217494
2.0708074522962034	1.904402743347213	0.06778499469666538	0.767317173198559	0.0999541218400134	97.59262619429789	105.50266238452315	0.002719664375618145	1.0001049473217494
2.0708074522962034	1.904402743347213	0.06778499469666538	0.767317173198559	0.0999541218400134	97.59262619429789	105.50266238452315	0.002719664375618145	1.0001049473217494
2.0708074522962034	1.904402743347213	0.06778499469666538	0.767317173198559	0.0999541218400134	97.59261579753795	105.50266238452315	0.002719664375618145	1.0001049473217494
2.0708074522962034	1.904402743347213	0.06778499469666538	0.767317173198559	0.0999541218400134	97.59268619339792	105.50266238452315	0.002719664375618145	1.0001049473217494
2.0708074522962034	1.904402743347213	0.06778499469666538	0.767317173198559	0.0999541218400134	97.561068828098	105.50266238452315	0.002719664375618145	1.0001049473217494
2.0708074522962034	1.904402743347213	0.06778894583538139	0.767317173198559	0.0999541218400134	97.561068828098	105.50266238452315	0.002719664375618145	1.0001049473217494
2.0708074522962034	1.904402743347213	0.06778894583538139	0.767317173198559	0.0999541218400134	97.561068828098	105.51782935755372	0.002719664375618145	1.0001049473217494
2.0708074522962034	1.904402743347213	0.06778894583538139	0.767317173198559	0.0999541218400134	97.561068828098	105.51782935755372	0.002719664375618145	1.0001049473217494
2.0708074522962034	1.904402743347213	0.06778894583538139	0.767317173198559	0.0999541218400134	97.561068828098	105.51782935755372	0.002719664375618145	1.0001049473217494
2.0708074522962034	1.904402743347213	0.06778894583538139	0.767317173198559	0.0999541218400134	97.561068828098	104.7224077256135	0.002719664375618145	1.0001049473217494
2.0708074522962034	1.904402743347213	0.06778894583538139	0.767317173198559	0.0999541218400134	97.561068828098	104.7224077256135	0.002719664375618145	1.0001049473217494
2.0708074522962034	1.904402743347213	0.06778894583538139	0.767317173198559	0.0999541218400134	97.561068828098	104.7224077256135	0.0027196467682839448	1.0001049473217494
2.0708074522962034	1.904402743347213	0.06778894583538139	0.767317173198559	0.0999541218400134	97.561068828098	104.7224077256135	0.0027196467682839448	1.0001049473217494
2.0708074522962034	1.9045026763152457	0.06778894583538139	0.767317173198559	0.0999541218400134	97.561068828098	104.7224077256135	0.0027196467682839448	1.0001049473217494
2.070807533590826	1.9045026763152457	0.06778894583538139	0.767317173198559	0.0999541218400134	97.561068828098	104.7224077256135	0.0027196467682839448	1.0001049473217494
2.0706596605727197	1.9045026763152457	0.06778894583538139	0.767317173198559	0.0999541218400134	97.561068828098	104.7224077256135	0.0027196467682839448	1.0001049473217494
2.0706596605727197	1.9045026763152457	0.06778894583538139	0.767317173198559	0.0999541218400134	97.5610414230098	104.7224077256135	0.0027196467682839448	1.0001049473217494
2.0706596605727197	1.9045026763152457	0.06778894583538139	0.767317173198559	0.0999541218400134	97.5610414230098	104.7224077256135	0.0027196467682839448	1.0001049473217494
2.0706596605727197	1.9045556233536087	0.06778894583538139	0.767317173198559	0.0999541218400134	97.5610414230098	104.7224077256135	0.0027196467682839448	1.0001049473217494
2.0706596605727197	1.9045556233536087	0.06778894583538139	0.767317173198559	0.0999541218400134	97.5610414230098	104.7224077256135	0.0027196467682839448	1.0001048695115242
2.0706596605727197	1.9045556233536087	0.06778894583538139	0.767317173198559	0.0999541218400134	97.56167033721268	104.7224077256135	0.0027196467682839448	1.0001048695115242
2.0706596605727197	1.9045556233536087	0.06778894583538139	0.767317173198559	0.09995386020724245	97.56167033721268	104.7224077256135	0.0027196467682839448	1.0001048695115242
2.0706596605727197	1.9045556233536087	0.06778894583538139	0.767317173198559	0.09995386020724245	97.56167033721268	104.7224077256135	0.0027196467682839448	1.0001048695115242
2.0706596605727197	1.904556588719967	0.06778894583538139	0.767317173198559	0.09995386020724245	97.56167033721268	104.7224077256135	0.0027196467682839448	1.0001048695115242
2.0706596605727197	1.904556588719967	0.06778894583538139	0.767317173198559	0.09995386020724245	97.56167033721268	104.7224077256135	0.0027196467682839448	1.0001048695115242
2.0706596605727197	1.904556588719967	0.06773637103149494	0.767317173198559	0.09995386020724245	97.56167033721268	104.7224077256135	0.0027196467682839448	1.0001048695115242
2.0706596605727197	1.904556588719967	0.06773738044131748	0.767317173198559	0.09995386020724245	97.56167033721268	104.7224077256135	0.0027196467682839448	1.0001048695115242
2.0707701450103775	1.904556588719967	0.06773738044131748	0.767317173198559	0.09995386020724245	97.56167033721268	104.7224077256135	0.0027196467682839448	1.0001048695115242
2.0707701450103775	1.904556588719967	0.06766660993087964	0.767317173198559	0.09995386020724245	97.56167033721268	104.7224077256135	0.0027196467682839448	1.0001048695115242
2.0707701450103775	1.904556588719967	0.06766660993087964	0.767317173198559	0.09995386020724245	97.56167033721268	104.72251790625917	0.0027196467682839448	1.0001048695115242
2.0707701450103775	1.904556588719967	0.06766660993087964	0.767317173198559	0.09995386020724245	97.56167033721268	104.72251790625917	0.0027196467682839448	1.0001048695115242
2.0707701450103775	1.9005078021931796	0.06766660993087964	0.767317173198559	0.09995386020724245	97.56167033721268	104.72251790625917	0.0027196467682839448	1.0001048695115242
2.0707701450103775	1.9005078021931796	0.06766660993087964	0.767317173198559	0.09995386020724245	97.56167033721268	104.72251790625917	0.0027196467682839448	1.0001048695115242
2.0707701450103775	1.9005078021931796	0.06766660993087964	0.767317173198559	0.09995386020724245	97.56167033721268	104.72251790625917	0.0027196467682839448	1.0001048695115242
2.0707701450103775	1.9005078021931796	0.06766660993087964	0.767317173198559	0.09995386020724245	97.56167033721268	104.72251790625917	0.0027204493447764836	1.0001048695115242
2.0707701450103775	1.9005078021931796	0.06766660993087964	0.767317173198559	0.09995386020724245	97.56167033721268	104.72251790625917	0.0027204493447764836	1.0001048695115242
2.0707701450103775	1.9005078021931796	0.06766660993087964	0.767317173198559	0.09995386020724245	97.56167033721268	105.36574306720085	0.0027204493447764836	1.0001048695115242
2.0707701450103775	1.9005078021931796	0.06766660993087964	0.767317173198559	0.09995386020724245	97.56167033721268	105.36542651002745	0.0027204493447764836	1.0001048695115242
2.0707701450103775	1.9005078021931796	0.06766660993087964	0.767317173198559	0.09995386020724245	97.56167033721268	105.36542651002745	0.0027204493447764836	1.0001048695115242
2.0707701450103775	1.9005078021931796	0.06766660993087964	0.767317173198559	0.09995386020724245	97.56167033721268	105.36542651002745	0.0027204493447764836	1.0001048695115242
2.0707701450103775	1.9005078021931796	0.06766660993087964	0.767317173198559	0.09995386020724245	97.56167033721268	105.36542651002745	0.002604164466135865	1.0001048695115242
2.070780330709746	1.9005078021931796	0.06766660993087964	0.767317173198559	0.09995386020724245	97.56167033721268	105.36542651002745	0.002604164466135865	1.0001048695115242
2.070780330709746	1.9005078021931796	0.06766660993087964	0.767317173198559	0.09995386020724245	97.56167033721268	105.36542651002745	0.002604164466135865	1.0001048695115242
2.070780330709746	1.9005053903301434	0.06766660993087964	0.767317173198559	0.09995386020724245	97.56167033721268	105.36542651002745	0.002604164466135865	1.0001048695115242
2.070780330709746	1.9005053903301434	0.06766660993087964	0.767317173198559	0.09995386020724245	97.56167033721268	105.37383374669545	0.002604164466135865	1.0001048695115242
2.070780330709746	1.9005053903301434	0.06766660993087964	0.767317173198559	0.09995386020724245	97.56167033721268	105.37383374669545	0.002604164466135865	1.0001048695115242
2.070780330709746	1.9005053903301434	0.06766660993087964	0.767317173198559	0.09995386020724245	97.56167033721268	105.37383374669545	0.002604164466135865	1.0001048695115242
2.070780330709746	1.9005053903301434	0.06766660993087964	0.767317173198559	0.09995386020724245	97.56167033721268	105.37383374669545	0.002604164466135865	1.0001048695115242
2.070780330709746	1.9005053903301434	0.06766660993087964	0.767317173198559	0.09995386020724245	97.56167033721268	105.37383374669545	0.002604164466135865	1.0001048695115242
2.070780330709746	1.9005053903301434	0.0676805627064144	0.767317173198559	0.09995386020724245	97.56167033721268	105.37383374669545	0.002604164466135865	1.0001048695115242
2.070780330709746	1.9005053903301434	0.0676805627064144	0.767317173198559	0.09995386020724245	97.56167033721268	105.37161686357557	0.002604164466135865	1.0001048695115242
2.070780330709746	1.900355535112715	0.0676805627064144	0.767317173198559	0.09995386020724245	97.56167033721268	105.37161686357557	0.002604164466135865	1.0001048695115242
2.070780330709746	1.900355535112715	0.0676805627064144	0.767317173198559	0.09995386020724245	97.56167033721268	105.37161686357557	0.002604164466135865	1.0001048695115242
2.070780330709746	1.900355535112715	0.0676805627064144	0.767317173198559	0.09995386020724245	97.56167033721268	105.37161686357557	0.002604164466135865	1.0001048695115242
2.070780330709746	1.900355535112715	0.0676805627064144	0.767317173198559	0.09999468606933816	97.56167033721268	105.37161686357557	0.002604164466135865	1.0001048695115242
2.070780330709746	1.9001005659890917	0.0676805627064144	0.767317173198559	0.09999468606933816	97.56167033721268	105.37161686357557	0.002604164466135865	1.0001048695115242
2.070780330709746	1.9001005659890917	0.0676805627064144	0.767317173198559	0.09999468606933816	97.56167033721268	105.37161686357557	0.0026043138102355367	1.0001048695115242
2.070780330709746	1.9001005659890917	0.0676805627064144	0.767317173198559	0.09999468606933816	97.56167033721268	105.37161686357557	0.0026043138102355367	1.0001048695115242
2.070780330709746	1.9001005659890917	0.0676805627064144	0.767317173198559	0.09997628036293746	97.56167033721268	105.37161686357557	0.0026043138102355367	1.0001048695115242
2.070780330709746	1.9001005659890917	0.0676805627064144	0.767317173198559	0.09997699179446201	97.56167033721268	105.37161686357557	0.0026043138102355367	1.0001048695115242
2.070780330709746	1.8989408414858004	0.0676805627064144	0.767317173198559	0.09997699179446201	97.56167033721268	105.37161686357557	0.0026043138102355367	1.0001048695115242
2.070780330709746	1.8989408414858004	0.0676805627064144	0.767317173198559	0.09997699179446201	97.56167033721268	105.37161686357557	0.0026043138102355367	1.0001048695115242
2.070779719838176	1.8989408414858004	0.0676805627064144	0.767317173198559	0.09997699179446201	97.56167033721268	105.37161686357557	0.0026043138102355367	1.0001048695115242
2.070779719838176	1.8989408414858004	0.0676805627064144	0.767317173198559	0.09997699179446201	97.56140810109794	105.37161686357557	0.0026043138102355367	1.0001048695115242
2.070779719838176	1.8989408414858004	0.0676805627064144	0.767317173198559	0.09997699179446201	97.56140810109794	105.37161686357557	0.0026043138102355367	1.0001048695115242
2.070779719838176	1.8989408414858004	0.0676805627064144	0.767317173198559	0.09997699179446201	97.56140810109794	105.37161686357557	0.0026043138102355367	1.0001048695115242
2.070779719838176	1.8989408414858004	0.0676805627064144	0.767317173198559	0.09995287729555631	97.56140810109794	105.37161686357557	0.0026043138102355367	1.0001048695115242
2.070779719838176	1.8989408414858004	0.0676805627064144	0.767317173198559	0.09995287729555631	97.56140810109794	105.37161686357557	0.0026043138102355367	1.0001048695115242
2.070779719838176	1.8989408414858004	0.0676805627064144	0.767317173198559	0.09995287729555631	97.56140810109794	105.37161686357557	0.0026043138102355367	1.0001048695115242
2.070779719838176	1.8989408414858004	0.0676805627064144	0.767317173198559	0.09995287729555631	97.56140810109794	105.37161686357557	0.0026043138102355367	1.0001048695115242
2.0707519946645987	1.8989408414858004	0.0676805627064144	0.767317173198559	0.09995287729555631	97.56140810109794	105.37161686357557	0.0026043138102355367	1.0001048695115242
2.0707519946645987	1.8989408414858004	0.0676805627064144	0.767317173198559	0.09995287729555631	97.56140810109794	105.37161686357557	0.0026043138102355367	1.0001048695115242
2.0707519946645987	1.8989408414858004	0.0676805627064144	0.767317173198559	0.09995287729555631	97.56140810109794	105.37161686357557	0.0026043138102355367	1.0001048695115242
2.0707519946645987	1.8989408414858004	0.0676805627064144	0.767317173198559	0.09994617702679322	97.56140810109794	105.37161686357557	0.0026043138102355367	1.0001048695115242
2.0707519946645987	1.8989408414858004	0.0676805627064144	0.767317173198559	0.09994617702679322	97.56140810109794	105.418911582181	0.0026043138102355367	1.0001048695115242
2.0707519946645987	1.8989408414858004	0.0676805627064144	0.767317173198559	0.09994617702679322	97.56140810109794	105.418911582181	0.0026043138102355367	1.0001048695115242
2.0707519946645987	1.8989408414858004	0.0676805627064144	0.767317173198559	0.09994617702679322	97.56140810109794	105.418911582181	0.0026043138102355367	1.0001048695115242
2.0707519946645987	1.8989408414858004	0.0676805627064144	0.767317173198559	0.09994617702679322	97.56140810109794	105.418911582181	0.0026043138102355367	1.0001048695115242
2.0707519946645987	1.8989408414858004	0.0676805627064144	0.767317173198559	0.09994617702679322	97.56140810109794	105.418911582181	0.0026043138102355367	1.0001048695115242
2.0707519946645987	1.8989408414858004	0.0676805627064144	0.767317173198559	0.09994617702679322	97.56140810109794	105.418911582181	0.0026043138102355367	1.0001048695115242
2.0707519946645987	1.8989408414858004	0.0676805627064144	0.767317173198559	0.09994617702679322	97.56140810109794	105.418911582181	0.0026043138102355367	1.0001048695115242
2.0707519946645987	1.8989408414858004	0.0676805627064144	0.767317173198559	0.09994617702679322	97.56140810109794	105.418911582181	0.0026043138102355367	1.0001048695115242
2.0707519946645987	1.8989408414858004	0.0676805627064144	0.767317173198559	0.09994754150964143	97.56140810109794	105.418911582181	0.0026043138102355367	1.0001048695115242
2.0707519946645987	1.8989408414858004	0.0676805627064144	0.767317173198559	0.09994754150964143	97.56140810109794	105.418911582181	0.0026043138102355367	1.0001048695115242
2.0707519946645987	1.8989408414858004	0.0676805627064144	0.767317173198559	0.09994754150964143	97.56140810109794	105.43124588693533	0.0026043138102355367	1.0001048695115242
2.0707519946645987	1.8989408414858004	0.0676805627064144	0.767317173198559	0.09994754150964143	97.56140810109794	105.43124588693533	0.0026043138102355367	1.0001056887689999
2.0707513225559535	1.8989408414858004	0.0676805627064144	0.767317173198559	0.09994754150964143	97.56140810109794	105.43124588693533	0.0026043138102355367	1.0001056887689999
2.0707513225559535	1.8989408414858004	0.0676805627064144	0.767317173198559	0.09994754150964143	97.56140810109794	105.43124588693533	0.0026043138102355367	1.0001056887689999
2.0707513225559535	1.8989408414858004	0.0676805627064144	0.767317173198559	0.09994754150964143	97.56140810109794	105.4151901929724	0.0026043138102355367	1.0001056887689999
2.0707513225559535	1.8989408414858004	0.0676805627064144	0.767317173198559	0.09994754150964143	97.56140810109794	105.4151901929724	0.0026043138102355367	1.0001056887689999
2.0707513225559535	1.8989408414858004	0.0676805627064144	0.767317173198559	0.09994754150964143	97.56140810109794	105.4151901929724	0.0026043138102355367	1.0001056887689999
2.0707513225559535	1.8989408414858004	0.0676805627064144	0.767317173198559	0.09994754150964143	97.56140810109794	105.266661008523	0.0026043138102355367	1.0001056887689999
2.0707513225559535	1.8989408414858004	0.0676805627064144	0.767317173198559	0.09994754150964143	97.56140810109794	105.266661008523	0.0026043138102355367	1.0001056887689999
2.0707513225559535	1.8989408414858004	0.0676805627064144	0.767317173198559	0.09994754150964143	97.56140810109794	105.266661008523	0.0026043138102355367	1.0001056887689999
2.0707513225559535	1.8989408414858004	0.0676805627064144	0.767317173198559	0.09994754150964143	97.56140810109794	105.266661008523	0.002444503025431194	1.0001056887689999
2.0707513225559535	1.8989408414858004	0.0676805627064144	0.767317173198559	0.09992192052848953	97.56140810109794	105.266661008523	0.002444503025431194	1.0001056887689999
2.0706383776505417	1.8989408414858004	0.0676805627064144	0.767317173198559	0.09992192052848953	97.56140810109794	105.266661008523	0.002444503025431194	1.0001056887689999
2.0706383776505417	1.8989408414858004	0.0676805627064144	0.767317173198559	0.09992192052848953	97.56140810109794	105.266661008523	0.002444503025431194	1.0001056887689999
2.0706383776505417	1.8989408414858004	0.0676805627064144	0.767317173198559	0.09992192052848953	97.56140810109794	105.266661008523	0.002444503025431194	1.0001056887689999
2.0706383776505417	1.8989408414858004	0.0676805627064144	0.7673545494517365	0.09992192052848953	97.56140810109794	105.266661008523	0.002444503025431194	1.0001056887689999
2.0706383776505417	1.8989408414858004	0.0676805627064144	0.7673545494517365	0.09992192052848953	97.56140810109794	105.2488947083252	0.002444503025431194	1.0001056887689999
2.0706383776505417	1.8989408414858004	0.0676805627064144	0.7673545494517365	0.09992192052848953	97.56176029036527	105.2488947083252	0.002444503025431194	1.0001056887689999
2.0706383776505417	1.8989408414858004	0.0676805627064144	0.7673545494517365	0.09992192052848953	97.56176029036527	105.2488947083252	0.002444503025431194	1.0001011734620762
2.0706383776505417	1.8989408414858004	0.0676805627064144	0.7673545494517365	0.09992192052848953	97.56176029036527	105.2488947083252	0.002444503025431194	1.000104302567663
2.0706383776505417	1.8989408414858004	0.0676805627064144	0.7673545494517365	0.09992206129859095	97.56176029036527	105.2488947083252	0.002444503025431194	1.000104302567663
2.0706383776505417	1.8989408414858004	0.0676805627064144	0.7673545494517365	0.09992206129859095	97.56176029036527	105.2488947083252	0.002444503025431194	1.000104302567663
2.0706383776505417	1.8989408414858004	0.0676805627064144	0.7673473271536293	0.09992206129859095	97.56176029036527	105.2488947083252	0.002444503025431194	1.000104302567663
2.0706383776505417	1.8989408414858004	0.0676805627064144	0.7673473271536293	0.09992206129859095	97.56176029036527	105.2488947083252	0.002444503025431194	1.000104302567663
2.070623963794167	1.8989408414858004	0.0676805627064144	0.7673473271536293	0.09992206129859095	97.56176029036527	105.2488947083252	0.002444503025431194	1.000104302567663
2.070623963794167	1.8989408414858004	0.0676805627064144	0.7673473271536293	0.09992206129859095	97.56176029036527	105.2488947083252	0.002444503025431194	1.000104302567663
2.070623963794167	1.8989408414858004	0.0676805627064144	0.7673473271536293	0.09992206129859095	97.56176029036527	105.2488947083252	0.002444503025431194	1.000104302567663
2.070623963794167	1.8989427795964684	0.0676805627064144	0.7673473271536293	0.09992206129859095	97.56176029036527	105.2488947083252	0.002444503025431194	1.000104302567663
2.070623963794167	1.8989427795964684	0.0676805627064144	0.7673473271536293	0.09992206129859095	97.56176029036527	105.2488947083252	0.002444503025431194	1.000104302567663
2.070623963794167	1.9016438067111183	0.0676805627064144	0.7673473271536293	0.09992206129859095	97.56176029036527	105.2488947083252	0.002444503025431194	1.000104302567663
2.070623963794167	1.9016438067111183	0.0676805627064144	0.7673473271536293	0.09992206129859095	97.56176029036527	105.25293207135424	0.002444503025431194	1.000104302567663
2.070623963794167	1.901642540929723	0.0676805627064144	0.7673473271536293	0.09992206129859095	97.56176029036527	105.25293207135424	0.002444503025431194	1.000104302567663
2.070623963794167	1.901642540929723	0.0676805627064144	0.7673473271536293	0.09992206129859095	97.56176029036527	105.25293207135424	0.002444503025431194	1.000104302567663
2.070623963794167	1.901642540929723	0.0676805627064144	0.7673473271536293	0.09992206129859095	97.56176029036527	105.25293207135424	0.002444503025431194	1.000104302567663
2.070623963794167	1.901642540929723	0.0676805627064144	0.7673473271536293	0.0999239705104223	97.56176029036527	105.25293207135424	0.002444503025431194	1.000104302567663
2.07062489760239	1.901642540929723	0.0676805627064144	0.7673473271536293	0.0999239705104223	97.56176029036527	105.25293207135424	0.002444503025431194	1.000104302567663
2.0706184891148056	1.901642540929723	0.0676805627064144	0.7673473271536293	0.0999239705104223	97.56176029036527	105.25293207135424	0.002444503025431194	1.000104302567663
2.0706184891148056	1.901642540929723	0.0676805627064144	0.7673473271536293	0.0999239705104223	97.56176029036527	105.25293207135424	0.002444503025431194	1.000104302567663
2.0706184891148056	1.901642540929723	0.0676805627064144	0.7673473271536293	0.0999239705104223	97.56176029036527	105.25293207135424	0.002444503025431194	1.000104302567663
2.0706184891148056	1.9015961055115598	0.0676805627064144	0.7673473271536293	0.0999239705104223	97.56176029036527	105.25293207135424	0.002444503025431194	1.000104302567663
2.0706184891148056	1.9015961055115598	0.0676805627064144	0.7673473271536293	0.0999239705104223	97.56194049764214	105.25293207135424	0.002444503025431194	1.000104302567663
2.0706184891148056	1.9015961055115598	0.0676805627064144	0.7673473271536293	0.0999239705104223	97.56194049764214	105.25293207135424	0.002444503025431194	1.000104302567663
2.0706184891148056	1.9015961055115598	0.0676805627064144	0.7673473271536293	0.0999239705104223	97.56194049764214	105.25293207135424	0.002444503025431194	1.000104302567663
2.0706184891148056	1.9015961055115598	0.0676805627064144	0.7673473271536293	0.0999239705104223	97.56194049764214	105.25293207135424	0.002444503025431194	1.000104302567663
2.0706184891148056	1.9015961055115598	0.0676805627064144	0.7673473271536293	0.0999239705104223	97.56194049764214	105.25293207135424	0.002444503025431194	1.000104302567663
2.0706184891148056	1.9015961055115598	0.0676805627064144	0.7673473271536293	0.0999239705104223	97.56194049764214	105.25293207135424	0.002444503025431194	1.000104302567663
2.0706184891148056	1.9015961055115598	0.0676805627064144	0.7673473271536293	0.0999239705104223	97.56194049764214	105.25293207135424	0.0024646914633167723	1.000104302567663
2.0706184891148056	1.9015961055115598	0.0676805627064144	0.767484705488093	0.0999239705104223	97.56194049764214	105.25293207135424	0.0024646914633167723	1.000104302567663
2.0706184891148056	1.9015961055115598	0.0676805627064144	0.767484705488093	0.0999239705104223	97.56194049764214	105.25293207135424	0.0024646914633167723	1.000104302567663
2.0706184891148056	1.9015961055115598	0.0676805627064144	0.767484705488093	0.0999239705104223	97.56194049764214	105.25293207135424	0.0024646914633167723	1.000104302567663
2.0706184891148056	1.9015834531429392	0.0676805627064144	0.767484705488093	0.0999239705104223	97.56194049764214	105.25293207135424	0.0024646914633167723	1.000104302567663
2.0706184891148056	1.9015834531429392	0.0676805627064144	0.767484705488093	0.0999239705104223	97.56194049764214	105.25293207135424	0.0024646914633167723	1.000104302567663
2.0706184891148056	1.9015834531429392	0.0676805627064144	0.767484705488093	0.0999239705104223	97.56194049764214	105.25293207135424	0.0024646914633167723	1.000104302567663
2.0706184891148056	1.9015834531429392	0.0676805627064144	0.7675279585882729	0.0999239705104223	97.56194049764214	105.25293207135424	0.0024646914633167723	1.000104302567663
2.0706184891148056	1.9015834531429392	0.0676805627064144	0.7675279585882729	0.0999239705104223	97.56194049764214	105.25293207135424	0.0024646914633167723	1.000104302567663
2.0706184891148056	1.9015834531429392	0.0676805627064144	0.7675279585882729	0.0999239705104223	97.56194049764214	105.25293207135424	0.0024646914633167723	1.000104302567663
2.0706184891148056	1.9015834531429392	0.0676805627064144	0.7675279585882729	0.0999239705104223	97.56194049764214	105.80074973052392	0.0024646914633167723	1.000104302567663
2.0706184891148056	1.9015834531429392	0.0676805627064144	0.7675279585882729	0.0999239705104223	97.56194049764214	105.80074973052392	0.0024739240565318735	1.000104302567663
2.0706184891148056	1.9015834531429392	0.0676805627064144	0.7675279585882729	0.0999239705104223	97.5570353449888	105.80074973052392	0.0024739240565318735	1.000104302567663
2.0706184891148056	1.9015834531429392	0.0676805627064144	0.7675279585882729	0.1000121372918182	97.5570353449888	105.80074973052392	0.0024739240565318735	1.000104302567663
2.0706184891148056	1.9015834531429392	0.06767904984061249	0.7675279585882729	0.1000121372918182	97.5570353449888	105.80074973052392	0.0024739240565318735	1.000104302567663
2.0706184891148056	1.9015834531429392	0.06767904984061249	0.7675279585882729	0.1000121372918182	97.5570353449888	105.80074973052392	0.002473699489611698	1.000104302567663
2.0706184891148056	1.9015834531429392	0.06767904984061249	0.7675279585882729	0.1000121372918182	97.5570353449888	105.80074973052392	0.002473699489611698	1.000104302567663
2.0706184891148056	1.9015834531429392	0.06767904984061249	0.7675279585882729	0.1000121372918182	97.5570353449888	105.80074973052392	0.002473699489611698	1.000104302567663
2.0706184891148056	1.9015834531429392	0.06767904984061249	0.7675279585882729	0.1000121372918182	97.5570353449888	105.80074973052392	0.002473699489611698	1.000104302567663
2.0706184891148056	1.9015834531429392	0.06767904984061249	0.7675279585882729	0.1000121372918182	97.5570353449888	105.80074973052392	0.002473699489611698	1.000104302567663
2.0706184891148056	1.9015834531429392	0.06767904984061249	0.7675279585882729	0.1000121372918182	97.5570353449888	105.80074973052392	0.002473699489611698	1.000104302567663
2.0706184891148056	1.9015834531429392	0.06767904984061249	0.7675279585882729	0.10001213793012073	97.5570353449888	105.80074973052392	0.002473699489611698	1.000104302567663
2.0706184891148056	1.9015834531429392	0.06767904984061249	0.7675279585882729	0.10001213793012073	97.5570353449888	105.80074973052392	0.002473699489611698	1.000104302567663
2.0706184891148056	1.9015834531429392	0.0676675569704026	0.7675279585882729	0.10001213793012073	97.5570353449888	105.80074973052392	0.002473699489611698	1.000104302567663
2.0706184891148056	1.9015834531429392	0.0676675569704026	0.7675279585882729	0.10001213793012073	97.5570353449888	105.80074973052392	0.002473699489611698	1.000104302567663
2.0706184891148056	1.9015834531429392	0.0676675569704026	0.7675279585882729	0.10001213793012073	97.55427775594704	105.80074973052392	0.002473699489611698	1.000104302567663
2.0706184891148056	1.9015834531429392	0.0676675569704026	0.7675279585882729	0.10001213793012073	97.55427775594704	103.32722551895662	0.002473699489611698	1.000104302567663
2.0706184891148056	1.9015834531429392	0.0676675569704026	0.7675279585882729	0.10001213793012073	97.55427775594704	103.32722551895662	0.002473699489611698	1.000104302567663
2.0707744806018242	1.9015834531429392	0.0676675569704026	0.7675279585882729	0.10001213793012073	97.55427775594704	103.32722551895662	0.002473699489611698	1.000104302567663
2.0707744806018242	1.9015834531429392	0.0676675569704026	0.7675279585882729	0.10001213793012073	97.55427775594704	103.32722551895662	0.002473699489611698	1.000104302567663
2.0707744806018242	1.9015886036896568	0.0676675569704026	0.7675279585882729	0.10001213793012073	97.55427775594704	103.32722551895662	0.002473699489611698	1.000104302567663
2.0707744806018242	1.9015886036896568	0.0676675569704026	0.7675279585882729	0.10001213793012073	97.55427775594704	103.32722551895662	0.002473699489611698	1.000104302567663
2.0707744806018242	1.9015886036896568	0.0676675569704026	0.7675279585882729	0.10001213793012073	97.55427775594704	103.32722551895662	0.002473699489611698	1.000104302567663
2.0707744806018242	1.9015886036896568	0.0676675569704026	0.7675279585882729	0.10001213793012073	97.55427775594704	103.32722551895662	0.002473699489611698	1.000104302567663
2.0707744806018242	1.9015886036896568	0.0676675569704026	0.7675279585882729	0.10001213793012073	97.55427775594704	103.32722551895662	0.0024727806702253786	1.000104302567663
2.0707744806018242	1.9015886036896568	0.0676675569704026	0.7675279585882729	0.10001213793012073	97.55427775594704	103.32722551895662	0.002477554196264053	1.000104302567663
2.0707744806018242	1.9015886036896568	0.0676675569704026	0.7675279585882729	0.10001213793012073	97.55427775594704	103.32722551895662	0.002477554196264053	1.000104302567663
2.0707744806018242	1.9015886036896568	0.0676675569704026	0.7675279585882729	0.10001213793012073	97.55442011851099	103.32722551895662	0.002477554196264053	1.000104302567663
2.0707744806018242	1.9015886036896568	0.0676675569704026	0.7675279585882729	0.10001213793012073	97.55442011851099	103.30001774969105	0.002477554196264053	1.000104302567663
2.0707744806018242	1.9017046513569855	0.0676675569704026	0.7675279585882729	0.10001213793012073	97.55442011851099	103.30001774969105	0.002477554196264053	1.000104302567663
2.0707744806018242	1.9017046513569855	0.0676675569704026	0.7675279585882729	0.10001213793012073	97.55442011851099	103.30001774969105	0.002477554196264053	1.0000985542963567
2.0707744806018242	1.9017046513569855	0.0676675569704026	0.7675279585882729	0.10001213793012073	97.55442011851099	103.30001774969105	0.002477554196264053	1.0000985542963567
2.0707744806018242	1.9017046513569855	0.0676675569704026	0.7675279585882729	0.10001213793012073	97.55442011851099	103.30001774969105	0.002477554196264053	1.0000985542963567
2.0707744806018242	1.9017046513569855	0.0676675569704026	0.7675279585882729	0.10001213793012073	97.55588866782297	103.30001774969105	0.002477554196264053	1.0000985542963567
2.0707744806018242	1.9017046513569855	0.0676675569704026	0.7675279585882729	0.10001213793012073	97.55588866782297	103.30001774969105	0.002477554196264053	1.0000985542963567
2.0707744806018242	1.9017046513569855	0.0676675569704026	0.7675279585882729	0.10001213793012073	97.55588866782297	103.30001774969105	0.002477554196264053	1.0000985542963567
2.0707744806018242	1.9017046513569855	0.0676675569704026	0.7675279585882729	0.10001213793012073	97.55588866782297	103.30001774969105	0.002477554196264053	1.0000985542963567
2.0707744806018242	1.9017046513569855	0.0676675569704026	0.7675279585882729	0.10001213793012073	97.55588866782297	103.30001774969105	0.002477554196264053	1.0000985542963567
2.0707744806018242	1.9017046513569855	0.0676675569704026	0.7675279585882729	0.10001213793012073	97.55588866782297	103.30001774969105	0.002477554196264053	1.0000985542963567
2.0707753751276847	1.9017046513569855	0.0676675569704026	0.7675279585882729	0.10001213793012073	97.55588866782297	103.30001774969105	0.002477554196264053	1.0000985542963567
2.0729393177630016	1.9017046513569855	0.0676675569704026	0.7675279585882729	0.10001213793012073	97.55588866782297	103.30001774969105	0.002477554196264053	1.0000985542963567
2.0729393177630016	1.9017046513569855	0.0676675569704026	0.7675279585882729	0.10001201940865923	97.55588866782297	103.30001774969105	0.002477554196264053	1.0000985542963567
2.0729393177630016	1.9017046513569855	0.0676675569704026	0.7675279585882729	0.10001201940865923	97.55588866782297	102.57411657852465	0.002477554196264053	1.0000985542963567
2.0729393177630016	1.9017046513569855	0.0676675569704026	0.7675279585882729	0.10001201940865923	97.55616176245532	102.57411657852465	0.002477554196264053	1.0000985542963567
2.073056465862128	1.9017046513569855	0.0676675569704026	0.7675279585882729	0.10001201940865923	97.55616176245532	102.57411657852465	0.002477554196264053	1.0000985542963567
