2.3222895842812603	1.8611176746513134	0.06890581270282932	0.732458220602699	0.10218029427547397	99.78882694572671	100.74411686340682	0.0022184158665898334	1.0000927129893802
2.3222895842812603	1.8611176746513134	0.06890581270282932	0.732458220602699	0.10218029427547397	99.78882694572671	100.74411686340682	0.0022184158665898334	1.0000927129893802
2.322292726346312	1.8611176746513134	0.06890581270282932	0.732458220602699	0.10218029427547397	99.78882694572671	100.74411686340682	0.0022184158665898334	1.0000927129893802
2.322292726346312	1.8611176746513134	0.06890581270282932	0.732458220602699	0.10218029427547397	99.78882694572671	100.74413771488848	0.0022184158665898334	1.0000927129893802
2.322292726346312	1.8611176746513134	0.06890581270282932	0.732458220602699	0.10218029427547397	99.78882694572671	100.74413771488848	0.0022184158665898334	1.0000926980817053
2.322292726346312	1.8611176746513134	0.06890581270282932	0.732458220602699	0.10218029427547397	99.78882694572671	100.74413771488848	0.002218686731137729	1.0000926980817053
2.322292726346312	1.8611179491367422	0.06890581270282932	0.732458220602699	0.10218029427547397	99.78882694572671	100.74413771488848	0.002218686731137729	1.0000926980817053
2.322292726346312	1.8611179491367422	0.06890581270282932	0.732458220602699	0.10218029427547397	99.78882694572671	100.74413771488848	0.002218686731137729	1.0000926980817053
2.322292726346312	1.8611179491367422	0.06890581270282932	0.732458220602699	0.10218029427547397	99.78882694572671	100.74413771488848	0.0022194510857204437	1.0000926980817053
2.322292726346312	1.8611179491367422	0.06890581270282932	0.732458220602699	0.10218029427547397	99.78882694572671	100.74413771488848	0.0022194510857204437	1.0000926980817053
2.322292726346312	1.8611179491367422	0.06890581270282932	0.732458220602699	0.10218029427547397	99.78882694572671	100.74413771488848	0.0022194510857204437	1.0000926980817053
2.322292726346312	1.8611179491367422	0.06890581270282932	0.732458220602699	0.1021943009991156	99.78882694572671	100.74413771488848	0.0022194510857204437	1.0000926980817053
2.322292726346312	1.8611179491367422	0.0688701997795923	0.732458220602699	0.1021943009991156	99.78882694572671	100.74413771488848	0.0022194510857204437	1.0000926980817053
2.322292726346312	1.8611179491367422	0.0688701997795923	0.7325582059957031	0.1021943009991156	99.78882694572671	100.74413771488848	0.0022194510857204437	1.0000926980817053
2.322292726346312	1.8611179491367422	0.0688701997795923	0.7325582059957031	0.10219025071631048	99.78882694572671	100.74413771488848	0.0022194510857204437	1.0000926980817053
2.322292726346312	1.8611179491367422	0.0688701997795923	0.7325582059957031	0.10219025071631048	99.78882694572671	100.74413771488848	0.0022194510857204437	1.0000926980817053
2.322292726346312	1.8611179491367422	0.0688701997795923	0.7325582059957031	0.10219025071631048	99.78891027087484	100.74413771488848	0.0022194510857204437	1.0000926980817053
2.322292726346312	1.8611179491367422	0.0688701997795923	0.732577337197572	0.10219025071631048	99.78891027087484	100.74413771488848	0.0022194510857204437	1.0000926980817053
2.322292726346312	1.8611179491367422	0.0688701997795923	0.732577337197572	0.10219025071631048	99.78878294942272	100.74413771488848	0.0022194510857204437	1.0000926980817053
2.322292726346312	1.8611179491367422	0.0688701997795923	0.732577337197572	0.10219025071631048	99.78878294942272	100.74413771488848	0.0022194510857204437	1.0000926980817053
2.322292726346312	1.8611179491367422	0.0688701997795923	0.732577337197572	0.10219025071631048	99.78878294942272	100.74413771488848	0.0022194510857204437	1.0000926980817053
2.322292726346312	1.8611179491367422	0.0688701997795923	0.732577337197572	0.10219025071631048	99.78859713816904	100.74413771488848	0.0022194510857204437	1.0000926980817053
2.322292726346312	1.8611179491367422	0.0688701997795923	0.732577337197572	0.10219025071631048	99.78859713816904	100.74413771488848	0.0022194510857204437	1.0000926980817053
2.322292726346312	1.8611179491367422	0.0688701997795923	0.732577337197572	0.10220632903409448	99.78859713816904	100.74413771488848	0.0022194510857204437	1.0000926980817053
2.322292726346312	1.8611220381223705	0.0688701997795923	0.732577337197572	0.10220632903409448	99.78859713816904	100.74413771488848	0.0022194510857204437	1.0000926980817053
2.322292726346312	1.8611220381223705	0.0688701997795923	0.732577337197572	0.10227971720879435	99.78859713816904	100.74413771488848	0.0022194510857204437	1.0000926980817053
2.322292726346312	1.8611220381223705	0.0688701997795923	0.732577337197572	0.10227971720879435	99.78859713816904	100.74413771488848	0.0022194510857204437	1.0000926980817053
2.322292726346312	1.8611220381223705	0.0688701997795923	0.732577337197572	0.10227971720879435	99.78859713816904	100.74413771488848	0.0022194510857204437	1.0000926980817053
2.322292726346312	1.8611220381223705	0.0688701997795923	0.732577337197572	0.10227971720879435	99.78859713816904	100.74413771488848	0.0022906876642861253	1.0000926980817053
2.322292726346312	1.8611220381223705	0.0688701997795923	0.732577337197572	0.10227971720879435	99.78859713816904	100.74413771488848	0.0022906876642861253	1.0000926980817053
2.322292726346312	1.8611220381223705	0.0688701997795923	0.732577337197572	0.10227971720879435	99.78859713816904	100.74413771488848	0.0022906876642861253	1.0000921434842163
2.322292726346312	1.8611220381223705	0.0688701997795923	0.732577337197572	0.10227971720879435	99.78859713816904	100.74413771488848	0.0022906876642861253	1.0000921434842163
2.322292726346312	1.8611220381223705	0.0688701997795923	0.732577337197572	0.10227971720879435	99.78859713816904	100.74648105479301	0.0022906876642861253	1.0000921434842163
2.322292726346312	1.8611220381223705	0.0688701997795923	0.732577337197572	0.10227971720879435	99.76683236244467	100.74648105479301	0.0022906876642861253	1.0000921434842163
2.322292726346312	1.8611220381223705	0.0688701997795923	0.732577337197572	0.10227971720879435	99.76683236244467	100.74648105479301	0.002291657958323587	1.0000921434842163
2.322292726346312	1.8611220381223705	0.0688701997795923	0.732577337197572	0.10227971720879435	99.76683236244467	100.74648105479301	0.0020593790191532494	1.0000921434842163
2.322292726346312	1.8611220381223705	0.0688701997795923	0.732577337197572	0.10227971720879435	99.76683236244467	100.74648105479301	0.0020593790191532494	1.0000921434842163
2.322292726346312	1.8611220381223705	0.0688701997795923	0.732577337197572	0.10227971720879435	99.76683236244467	100.74648105479301	0.0020593790191532494	1.0000921434842163
2.322292726346312	1.8611220381223705	0.06890668444709955	0.732577337197572	0.10227971720879435	99.76683236244467	100.74648105479301	0.0020593790191532494	1.0000921434842163
2.322292726346312	1.8611220381223705	0.06890668444709955	0.732577337197572	0.10227971720879435	99.76683236244467	100.74618125285468	0.0020593790191532494	1.0000921434842163
2.322292726346312	1.8611220381223705	0.06890668444709955	0.732577337197572	0.10227971720879435	99.76683236244467	100.91686835155821	0.0020593790191532494	1.0000921434842163
2.322292726346312	1.8611220381223705	0.06890668444709955	0.732577337197572	0.10228060714225895	99.76683236244467	100.91686835155821	0.0020593790191532494	1.0000921434842163
2.322292726346312	1.8611220381223705	0.06890668444709955	0.732577337197572	0.10228060714225895	99.76683236244467	100.91686835155821	0.0020593790191532494	1.0000921434842163
2.3222920171424786	1.8611220381223705	0.06890668444709955	0.732577337197572	0.10228060714225895	99.76683236244467	100.91686835155821	0.0020593790191532494	1.0000921434842163
2.3222920171424786	1.8611220381223705	0.06890668444709955	0.732577337197572	0.10228060714225895	99.76669694827291	100.91686835155821	0.0020593790191532494	1.0000921434842163
2.3222920171424786	1.8611220381223705	0.06890668444709955	0.732577337197572	0.10228060714225895	99.76669694827291	100.91686835155821	0.0020593790191532494	1.0000921434842163
2.3222920171424786	1.8611220381223705	0.06890668444709955	0.732577337197572	0.10228060714225895	99.76669694827291	100.91686835155821	0.0020593790191532494	1.0000921434842163
2.3222920171424786	1.8611220381223705	0.06890668444709955	0.732577337197572	0.10228060714225895	99.76652106319716	100.91686835155821	0.0020593790191532494	1.0000921434842163
2.3222920171424786	1.8611220381223705	0.06890668444709955	0.732577337197572	0.10228060714225895	99.76652106319716	100.91686835155821	0.0020593790191532494	1.0000921434842163
2.3222920171424786	1.8611220381223705	0.06890668444709955	0.732577337197572	0.10228060714225895	99.76652106319716	100.91686835155821	0.0020593790191532494	1.0000921434842163
2.3222951343524163	1.8611220381223705	0.06890668444709955	0.732577337197572	0.10228060714225895	99.76652106319716	100.91686835155821	0.0020593790191532494	1.0000921434842163
2.3222951343524163	1.8611220381223705	0.06890668444709955	0.732577337197572	0.10228060714225895	99.76652106319716	100.91686835155821	0.0020593790191532494	1.0000915592106416
2.3226243587485875	1.8611220381223705	0.06890668444709955	0.732577337197572	0.10228060714225895	99.76652106319716	100.91686835155821	0.0020593790191532494	1.0000915592106416
2.3226243587485875	1.8611220381223705	0.06890668444709955	0.732577337197572	0.10228060714225895	99.76652106319716	100.91686835155821	0.0020593790191532494	1.0000915592106416
2.3226243587485875	1.8611220381223705	0.06890668444709955	0.732577337197572	0.10228060714225895	99.76869863842289	100.91686835155821	0.0020593790191532494	1.0000915592106416
2.3226243587485875	1.8611220381223705	0.06890668444709955	0.732577337197572	0.10228059840555068	99.76869863842289	100.91686835155821	0.0020593790191532494	1.0000915592106416
2.3226243587485875	1.8611220381223705	0.06890668444709955	0.732577337197572	0.10228059840555068	99.76869863842289	100.9161065637262	0.0020593790191532494	1.0000915592106416
2.3226243587485875	1.8611220381223705	0.06890668444709955	0.732575500796917	0.10228059840555068	99.76869863842289	100.9161065637262	0.0020593790191532494	1.0000915592106416
2.3226243587485875	1.8611220381223705	0.06890668444709955	0.732575500796917	0.10228059840555068	99.76869863842289	100.9161065637262	0.0020593790191532494	1.0000915592106416
2.3226243587485875	1.8611220381223705	0.06890668444709955	0.732575500796917	0.10228059840555068	99.76869863842289	100.9161065637262	0.0020593790191532494	1.0000915592106416
2.3225557952335385	1.8611220381223705	0.06890668444709955	0.732575500796917	0.10228059840555068	99.76869863842289	100.9161065637262	0.0020593790191532494	1.0000915592106416
2.3225557952335385	1.8611220381223705	0.06890668444709955	0.732575500796917	0.10228059840555068	99.76869863842289	100.9161065637262	0.0020593790191532494	1.0000915592106416
2.3225557952335385	1.8611220381223705	0.06890668444709955	0.732575500796917	0.10228059840555068	99.76869863842289	100.9161065637262	0.0020593790191532494	1.0000915592106416
2.3225557952335385	1.8611220381223705	0.06890668444709955	0.732575500796917	0.10227867506254372	99.76869863842289	100.9161065637262	0.0020593790191532494	1.0000915592106416
2.3225557952335385	1.8611220381223705	0.06890668444709955	0.732575500796917	0.10227867506254372	99.76869863842289	100.9161065637262	0.0020593790191532494	1.0000908788723375
2.3225557952335385	1.8611220381223705	0.06890668444709955	0.732575500796917	0.10227867506254372	99.76869863842289	100.9161065637262	0.0020593790191532494	1.0000908788723375
2.3225557952335385	1.8611220381223705	0.06890668444709955	0.732575500796917	0.10227867506254372	99.76843107016805	100.9161065637262	0.0020593790191532494	1.0000908788723375
2.3225557952335385	1.8611220381223705	0.06890668444709955	0.732575500796917	0.10227867506254372	99.76843107016805	100.9161065637262	0.0020593790191532494	1.0000908788723375
2.3225557952335385	1.8611220381223705	0.06890668444709955	0.732575500796917	0.10227867506254372	99.76843107016805	100.84718252753277	0.0020593790191532494	1.0000908788723375
2.3225557952335385	1.8611220381223705	0.06890668444709955	0.732575500796917	0.10227867506254372	99.76843107016805	109.15411525181497	0.0020593790191532494	1.0000908788723375
2.3225557952335385	1.8611220381223705	0.06890668444709955	0.732575500796917	0.10227867506254372	99.76843107016805	109.13527241748788	0.0020593790191532494	1.0000908788723375
2.3225557952335385	1.8611220381223705	0.06890668444709955	0.732575500796917	0.10227867506254372	99.76843107016805	109.13527241748788	0.0020593790191532494	1.0000908788723375
2.3225557952335385	1.8611220381223705	0.06890668444709955	0.732575500796917	0.10227867506254372	99.76843107016805	109.13527241748788	0.0020593790191532494	1.0000908788723375
2.3225557952335385	1.8611220381223705	0.06891037538650709	0.732575500796917	0.10227867506254372	99.76843107016805	109.13527241748788	0.0020593790191532494	1.0000908788723375
2.3225557952335385	1.8611220381223705	0.06891037538650709	0.732575500796917	0.10227867506254372	99.76843107016805	109.13527241748788	0.0020593790191532494	1.0000908788723375
2.3225557952335385	1.8611220381223705	0.06890552148225991	0.732575500796917	0.10227867506254372	99.76843107016805	109.13527241748788	0.0020593790191532494	1.0000908788723375
2.3225557952335385	1.8611220381223705	0.06890552148225991	0.732575500796917	0.10227867506254372	99.76843107016805	109.13527241748788	0.0020593790191532494	1.0000908788723375
2.3225557952335385	1.8611220381223705	0.06890552148225991	0.732575500796917	0.10227867506254372	99.7683839894683	109.13527241748788	0.0020593790191532494	1.0000908788723375
2.3225557952335385	1.8611220381223705	0.06890552148225991	0.732575500796917	0.10227867506254372	99.7683839894683	109.13527241748788	0.0020593790191532494	1.0000908788723375
2.322554597806832	1.8611220381223705	0.06890552148225991	0.732575500796917	0.10227867506254372	99.7683839894683	109.13527241748788	0.0020593790191532494	1.0000908788723375
2.322554597806832	1.8611220381223705	0.06890552148225991	0.732575500796917	0.10227867506254372	99.7683839894683	109.13527241748788	0.0020585145954109684	1.0000908788723375
2.322554597806832	1.8611220381223705	0.06890552148225991	0.732575500796917	0.10227867506254372	99.7683839894683	109.13527241748788	0.0020585145954109684	1.0000908788723375
2.322554597806832	1.8611220381223705	0.06890552148225991	0.732575500796917	0.10227867506254372	99.7683839894683	109.13527241748788	0.0020585145954109684	1.0000903961701908
2.322554597806832	1.8611220381223705	0.06890478234544406	0.732575500796917	0.10227867506254372	99.7683839894683	109.13527241748788	0.0020585145954109684	1.0000903961701908
2.3225553839772397	1.8611220381223705	0.06890478234544406	0.732575500796917	0.10227867506254372	99.7683839894683	109.13527241748788	0.0020585145954109684	1.0000903961701908
2.3225553839772397	1.8611220381223705	0.06890478234544406	0.732575500796917	0.10227867506254372	99.76834934762248	109.13527241748788	0.0020585145954109684	1.0000903961701908
2.3225553839772397	1.8611220381223705	0.06890478234544406	0.732575500796917	0.10227867506254372	99.76834934762248	108.23476507929806	0.0020585145954109684	1.0000903961701908
2.3225553839772397	1.8611220381223705	0.06890478234544406	0.732575500796917	0.10227867506254372	99.76834730677703	108.23476507929806	0.0020585145954109684	1.0000903961701908
2.3225553839772397	1.8611220381223705	0.06890478234544406	0.732575500796917	0.10227867506254372	99.76834730677703	108.23476507929806	0.0020585145954109684	1.0000903961701908
2.3225553839772397	1.8611220381223705	0.06890478234544406	0.732575500796917	0.10227867506254372	99.76834730677703	108.23476507929806	0.0020585145954109684	1.0000904941430406
2.3225553839772397	1.8611220381223705	0.06890478234544406	0.732575500796917	0.10227867506254372	99.76834730677703	108.23476507929806	0.0020585145954109684	1.0000904941430406
2.3225553839772397	1.8611220381223705	0.06890478234544406	0.732575500796917	0.10227867506254372	99.76834730677703	104.02570782006708	0.0020585145954109684	1.0000904941430406
2.3225553839772397	1.8611220381223705	0.06890478234544406	0.732575500796917	0.10227867506254372	99.76834730677703	104.02570782006708	0.0020585145954109684	1.0000904941430406
2.3225553839772397	1.8611220381223705	0.06890478234544406	0.732575500796917	0.10230697298533671	99.76834730677703	104.02570782006708	0.0020585145954109684	1.0000904941430406
2.3225553839772397	1.8611220381223705	0.06890478234544406	0.732575500796917	0.10230697298533671	99.76834730677703	104.02570782006708	0.0020585145954109684	1.0000907709264502
2.3225553839772397	1.8611220381223705	0.06890478234544406	0.732575500796917	0.10230697298533671	99.76834730677703	104.02570782006708	0.0020585145954109684	1.0000907709264502
2.3225553839772397	1.8611220381223705	0.06890478234544406	0.732575500796917	0.10230697298533671	99.76834730677703	104.02570782006708	0.0020585145954109684	1.0000918517639346
2.3225553839772397	1.8611220381223705	0.06890478234544406	0.732575500796917	0.10230697298533671	99.76834730677703	104.02570782006708	0.0020585145954109684	1.0000918517639346
2.3225553839772397	1.8611229962059077	0.06890478234544406	0.732575500796917	0.10230697298533671	99.76834730677703	104.02570782006708	0.0020585145954109684	1.0000918517639346
2.3225553839772397	1.8611229962059077	0.06890478234544406	0.732575500796917	0.10230697298533671	99.76834730677703	104.02570782006708	0.0020585145954109684	1.000091862234534
2.3225553839772397	1.8611229962059077	0.06890478234544406	0.732575500796917	0.10230697298533671	99.76834730677703	104.02570782006708	0.0020585145954109684	1.000091862234534
2.3225553839772397	1.8611229962059077	0.06890478234544406	0.732575500796917	0.10230697298533671	99.76834730677703	102.75618779283009	0.0020585145954109684	1.000091862234534
2.3225553839772397	1.8611229962059077	0.06890478234544406	0.732575500796917	0.10230697298533671	99.76834730677703	102.75618779283009	0.0020585145954109684	1.0000917956674886
2.3225553839772397	1.8611229962059077	0.06890478234544406	0.732575500796917	0.10230697298533671	99.76834730677703	102.72364830862676	0.0020585145954109684	1.0000917956674886
2.3225553839772397	1.8611229962059077	0.06890478234544406	0.732575500796917	0.10230697298533671	99.76834730677703	102.72364830862676	0.002058334774658156	1.0000917956674886
2.3225553839772397	1.8611229962059077	0.06890478234544406	0.732575500796917	0.10230697298533671	99.76834730677703	102.72364830862676	0.002058334774658156	1.0000917956674886
2.3225553839772397	1.8611229962059077	0.06890478234544406	0.732575500796917	0.10230697298533671	99.76839873390753	102.72364830862676	0.002058334774658156	1.0000917956674886
2.3225553839772397	1.8611229962059077	0.06890478234544406	0.732772386682348	0.10230697298533671	99.76839873390753	102.72364830862676	0.002058334774658156	1.0000917956674886
2.3225553839772397	1.8611229962059077	0.06890478234544406	0.732772386682348	0.10231705548758956	99.76839873390753	102.72364830862676	0.002058334774658156	1.0000917956674886
2.3225553839772397	1.8611229962059077	0.06890077970614006	0.732772386682348	0.10231705548758956	99.76839873390753	102.72364830862676	0.002058334774658156	1.0000917956674886
2.3225553839772397	1.8611263585069517	0.06890077970614006	0.732772386682348	0.10231705548758956	99.76839873390753	102.72364830862676	0.002058334774658156	1.0000917956674886
2.3225553839772397	1.8611263585069517	0.06890077970614006	0.732772386682348	0.10231705548758956	99.76839873390753	102.72364830862676	0.002058334774658156	1.0000917956674886
2.3225553839772397	1.8611263585069517	0.06890077970614006	0.732689894069928	0.10231705548758956	99.76839873390753	102.72364830862676	0.002058334774658156	1.0000917956674886
2.3225553839772397	1.8611263585069517	0.06890077970614006	0.732689894069928	0.10231705548758956	99.76839873390753	102.72364830862676	0.002058334774658156	1.0000917617669771
2.3225553839772397	1.8611263585069517	0.06890077970614006	0.732689894069928	0.1022773840435069	99.76839873390753	102.72364830862676	0.002058334774658156	1.0000917617669771
2.3225553839772397	1.8611263585069517	0.06890077970614006	0.732689894069928	0.1022773840435069	99.76839873390753	102.72374005348927	0.002058334774658156	1.0000917617669771
2.3225553839772397	1.8611263585069517	0.06890077970614006	0.732689894069928	0.1022773840435069	99.76839873390753	102.72374005348927	0.002058334774658156	1.0000917617669771
2.3225553839772397	1.860962964317458	0.06890077970614006	0.732689894069928	0.1022773840435069	99.76839873390753	102.72374005348927	0.002058334774658156	1.0000917617669771
2.3225553839772397	1.860962964317458	0.06890077970614006	0.732689894069928	0.1022773840435069	99.76839873390753	102.72374005348927	0.002058334774658156	1.0000917617669771
2.3225553839772397	1.860962964317458	0.06890077970614006	0.732689894069928	0.1022773840435069	99.76839873390753	102.72374005348927	0.002058334774658156	1.0000917617669771
2.3225553839772397	1.8616148516257802	0.06890077970614006	0.732689894069928	0.1022773840435069	99.76839873390753	102.72374005348927	0.002058334774658156	1.0000917617669771
2.3225553839772397	1.8616148516257802	0.06890077970614006	0.732689894069928	0.1022773840435069	99.76839873390753	102.72374005348927	0.002058334774658156	1.0000917617669771
2.3225553839772397	1.8616148516257802	0.06890077970614006	0.732689894069928	0.10206560677223359	99.76839873390753	102.72374005348927	0.002058334774658156	1.0000917617669771
2.3225553839772397	1.8616148516257802	0.06890077970614006	0.732689894069928	0.10206560677223359	99.76839873390753	102.72374005348927	0.002058325065620363	1.0000917617669771
2.3225553839772397	1.8616148516257802	0.06890077970614006	0.732689894069928	0.10206560677223359	99.76839873390753	102.72324313042016	0.002058325065620363	1.0000917617669771
2.3225553839772397	1.8616148516257802	0.06890077970614006	0.732689894069928	0.10206560677223359	99.76839873390753	102.72324313042016	0.0020583080365199533	1.0000917617669771
2.3225553839772397	1.8616148516257802	0.06890077970614006	0.732689894069928	0.10206560677223359	99.76839873390753	102.72324313042016	0.0020583080365199533	1.0000917617669771
2.3225553839772397	1.8616148516257802	0.06890077970614006	0.732689894069928	0.10206560677223359	99.76839873390753	102.72324313042016	0.0020583080365199533	1.0000917617669771
2.3225553839772397	1.8616148516257802	0.06890077970614006	0.732689894069928	0.10206560677223359	99.76839873390753	102.72324313042016	0.0020583080365199533	1.0000917285280444
2.3225553839772397	1.8616148516257802	0.06890077970614006	0.732689894069928	0.10206560677223359	99.76839873390753	102.72324313042016	0.0020583080365199533	1.0000917285280444
2.3225553839772397	1.8616148516257802	0.06890077970614006	0.732689894069928	0.10206560677223359	99.76839873390753	102.72324313042016	0.0020583080365199533	1.0000917285280444
2.3225553839772397	1.8616148516257802	0.06885453483968601	0.732689894069928	0.10206560677223359	99.76839873390753	102.72324313042016	0.0020583080365199533	1.0000917285280444
2.3225553839772397	1.8616148516257802	0.06885453483968601	0.732689894069928	0.10206560677223359	99.76839873390753	102.72324313042016	0.0020583080365199533	1.0000917285280444
2.3225553839772397	1.8616148516257802	0.06885453483968601	0.7326361631814898	0.10206560677223359	99.76839873390753	102.72324313042016	0.0020583080365199533	1.0000917285280444
2.3225553839772397	1.8616148516257802	0.06885453483968601	0.7326361631814898	0.10206560677223359	99.76839873390753	102.72324313042016	0.0020583080365199533	1.0000917285280444
2.3225553839772397	1.8616148516257802	0.06885453483968601	0.7326361631814898	0.10211223725106792	99.76839873390753	102.72324313042016	0.0020583080365199533	1.0000917285280444
2.3225553839772397	1.8616157908716555	0.06885453483968601	0.7326361631814898	0.10211223725106792	99.76839873390753	102.72324313042016	0.0020583080365199533	1.0000917285280444
2.3225553839772397	1.8616157908716555	0.06885453483968601	0.7326361631814898	0.10211223725106792	99.76839873390753	102.72324313042016	0.0020583080365199533	1.0000917285280444
2.3225553839772397	1.8616157908716555	0.06885453483968601	0.7326361631814898	0.10211223725106792	99.76839873390753	102.72324313042016	0.0020583080365199533	1.0000917285280444
2.3225553839772397	1.8616157908716555	0.06885453483968601	0.7325430210135802	0.10211223725106792	99.76839873390753	102.72324313042016	0.0020583080365199533	1.0000917285280444
2.3225553839772397	1.8616157908716555	0.06885453483968601	0.7325430210135802	0.10211223725106792	99.76839873390753	102.72324313042016	0.0020583080365199533	1.0000917285280444
2.3225553839772397	1.8616157908716555	0.06885453483968601	0.7325430210135802	0.10211223725106792	99.76839873390753	102.72324313042016	0.002056823479204756	1.0000917285280444
2.3225553839772397	1.8616157908716555	0.06885453483968601	0.7325430210135802	0.10211223725106792	99.76839873390753	102.72324313042016	0.002056823479204756	1.0000917285280444
2.3225553839772397	1.8616157908716555	0.06885453483968601	0.7325430210135802	0.10211223725106792	99.76839873390753	102.72324313042016	0.002056823479204756	1.0000917285280444
2.3225553839772397	1.8616155873006721	0.06885453483968601	0.7325430210135802	0.10211223725106792	99.76839873390753	102.72324313042016	0.002056823479204756	1.0000917285280444
2.3224637326078685	1.8616155873006721	0.06885453483968601	0.7325430210135802	0.10211223725106792	99.76839873390753	102.72324313042016	0.002056823479204756	1.0000917285280444
2.3224637326078685	1.8616155873006721	0.06885453483968601	0.7325430210135802	0.10211223725106792	99.76839873390753	102.72324313042016	0.002056823479204756	1.0000917285280444
2.3224637326078685	1.8616155873006721	0.06885453483968601	0.7325430210135802	0.10211223725106792	99.76839873390753	102.72324313042016	0.002056823479204756	1.0000917285280444
2.3224637326078685	1.8616155873006721	0.06885453483968601	0.7325430210135802	0.10211223725106792	99.76839873390753	102.72324313042016	0.002056823479204756	1.0000917285280444
2.3224637326078685	1.8616155873006721	0.06885453483968601	0.7325430210135802	0.10211223725106792	99.76839873390753	102.72324313042016	0.002057617318023919	1.0000917285280444
2.3224637326078685	1.8616155873006721	0.06885453483968601	0.7325430210135802	0.10211223725106792	99.76839873390753	102.72324313042016	0.002057617318023919	1.0000917285280444
2.3224637326078685	1.8616155873006721	0.06885453483968601	0.7325430210135802	0.10211223725106792	99.76839873390753	102.72324313042016	0.002057617318023919	1.0000917285280444
2.3224637326078685	1.8616155873006721	0.06885453483968601	0.7325430210135802	0.10211223725106792	99.76839873390753	102.72324313042016	0.002057617318023919	1.0000917285280444
2.3224637326078685	1.8616155873006721	0.0688614537141891	0.7325430210135802	0.10211223725106792	99.76839873390753	102.72324313042016	0.002057617318023919	1.0000917285280444
2.3224637326078685	1.8616155873006721	0.0688614537141891	0.7325430210135802	0.10211223725106792	99.76839873390753	102.72324313042016	0.002057617318023919	1.0000917285280444
2.3224637326078685	1.8616155873006721	0.0688614537141891	0.7325430210135802	0.10211223725106792	99.76839873390753	102.72324313042016	0.002057617318023919	1.0000917285280444
2.3224637326078685	1.8616155873006721	0.0688614537141891	0.7325430210135802	0.10211223725106792	99.76839873390753	102.72324313042016	0.002057617318023919	1.0000917285280444
2.3224637326078685	1.8616155873006721	0.0688614537141891	0.7325430210135802	0.10211223725106792	99.76839873390753	102.72324313042016	0.002057617318023919	1.0000917285280444
2.3224637326078685	1.8616155873006721	0.0688614537141891	0.7325430210135802	0.10211223725106792	99.76839873390753	102.72324313042016	0.002057617318023919	1.0001007296895672
2.3224637326078685	1.8616155873006721	0.0688614537141891	0.7325430210135802	0.10211223725106792	99.76839873390753	102.72324313042016	0.0023333984282848733	1.0001007296895672
2.3224637326078685	1.8616155873006721	0.0688614537141891	0.7325430210135802	0.10211223725106792	99.76839873390753	102.7579077129969	0.0023333984282848733	1.0001007296895672
2.3224637326078685	1.8616155873006721	0.0688614537141891	0.7325430210135802	0.10211223725106792	99.76839873390753	102.7579077129969	0.0023333984282848733	1.0001007296895672
2.3224637326078685	1.8616155873006721	0.0688614537141891	0.7325430210135802	0.10211223725106792	99.76839873390753	102.7579077129969	0.0023333984282848733	1.0001007752562536
2.3224637326078685	1.8616155873006721	0.0688614537141891	0.7325430210135802	0.10211223725106792	99.76839873390753	102.7182152264527	0.0023333984282848733	1.0001007752562536
2.3224637326078685	1.8616155873006721	0.0688614537141891	0.7325430210135802	0.10211223725106792	99.76839873390753	102.7182152264527	0.0023333984282848733	1.0001007752562536
2.3224637326078685	1.8616155873006721	0.0688614537141891	0.7325430210135802	0.10211223725106792	99.75121196464163	102.7182152264527	0.0023333984282848733	1.0001007752562536
2.3224637326078685	1.8616155873006721	0.0688614537141891	0.7325430210135802	0.10211223725106792	99.75121196464163	102.7182152264527	0.0023333984282848733	1.0001007752562536
2.3224637326078685	1.8616155873006721	0.0688614537141891	0.7325430210135802	0.10211223725106792	99.75121196464163	102.7182152264527	0.0023333984282848733	1.0001007752562536
2.3224637326078685	1.8616155873006721	0.0688614537141891	0.7325430210135802	0.10211223725106792	99.75121196464163	102.7182152264527	0.0023333984282848733	1.0001007752562536
2.3224637326078685	1.8616155873006721	0.0688614537141891	0.7325430210135802	0.10211223725106792	99.75121196464163	102.7182152264527	0.0023333984282848733	1.0001007752562536
2.322880241513016	1.8616155873006721	0.0688614537141891	0.7325430210135802	0.10211223725106792	99.75121196464163	102.7182152264527	0.0023333984282848733	1.0001007752562536
2.322880241513016	1.8616155873006721	0.0688614537141891	0.7325430210135802	0.10211223725106792	99.75121196464163	102.7182152264527	0.0023333984282848733	1.0001007752562536
2.322880241513016	1.8616155873006721	0.0688614537141891	0.7325430210135802	0.10211223725106792	99.75121196464163	102.7182152264527	0.0023333984282848733	1.0001007752562536
2.322880241513016	1.8616155873006721	0.0688614537141891	0.7325430210135802	0.10211223725106792	99.75121196464163	102.7182152264527	0.0023333984282848733	1.0001007752562536
2.322880241513016	1.8616155873006721	0.0688614537141891	0.7325430210135802	0.10211223725106792	99.75121196464163	102.7182152264527	0.0023333984282848733	1.0001007752562536
2.322880241513016	1.8616155873006721	0.0688614537141891	0.7325853839614461	0.10211223725106792	99.75121196464163	102.7182152264527	0.0023333984282848733	1.0001007752562536
2.322880241513016	1.8616155873006721	0.0688614537141891	0.7325853839614461	0.10211223725106792	99.75151470804678	102.7182152264527	0.0023333984282848733	1.0001007752562536
2.322880241513016	1.8616155873006721	0.0688614537141891	0.7325853839614461	0.10211223725106792	99.75151470804678	102.7182152264527	0.0023333984282848733	1.0001007752562536
2.322880241513016	1.8616155873006721	0.0688614537141891	0.7325853839614461	0.10211223725106792	99.75151470804678	102.7182152264527	0.0023333984282848733	1.0001007752562536
2.3228817221371467	1.8616155873006721	0.0688614537141891	0.7325853839614461	0.10211223725106792	99.75151470804678	102.7182152264527	0.0023333984282848733	1.0001007752562536
2.3228817221371467	1.8616155873006721	0.0688614537141891	0.7325853839614461	0.10211223725106792	99.75151470804678	102.7182152264527	0.0023333984282848733	1.0001007752562536
2.3228817221371467	1.8616112507183835	0.0688614537141891	0.7325853839614461	0.10211223725106792	99.75151470804678	102.7182152264527	0.0023333984282848733	1.0001007752562536
2.322882441323619	1.8616112507183835	0.0688614537141891	0.7325853839614461	0.10211223725106792	99.75151470804678	102.7182152264527	0.0023333984282848733	1.0001007752562536
2.322882441323619	1.8616112507183835	0.0688614537141891	0.7325687505307762	0.10211223725106792	99.75151470804678	102.7182152264527	0.0023333984282848733	1.0001007752562536
2.322882441323619	1.8616112507183835	0.0688614537141891	0.7325687505307762	0.10211223725106792	99.75151470804678	102.7182152264527	0.0023333984282848733	1.0001007752562536
2.322882441323619	1.8616112507183835	0.0688614537141891	0.7325687505307762	0.10211223725106792	99.75151470804678	102.7182152264527	0.0023333984282848733	1.0001007752562536
2.322113535157849	1.8616112507183835	0.0688614537141891	0.7325687505307762	0.10211223725106792	99.75151470804678	102.7182152264527	0.0023333984282848733	1.0001007752562536
2.322113535157849	1.8616112507183835	0.0688614537141891	0.7325687505307762	0.10211223725106792	99.75151470804678	102.7182152264527	0.0023531236535175443	1.0001007752562536
2.322113535157849	1.8616112507183835	0.0688614537141891	0.7325687505307762	0.10211223725106792	99.75151470804678	102.7182152264527	0.0023531236535175443	1.0001007752562536
2.322113535157849	1.8616112507183835	0.0688614537141891	0.7325687505307762	0.10211223725106792	99.75151470804678	102.7182152264527	0.002353149762216469	1.0001007752562536
2.322113535157849	1.8616112507183835	0.0688614537141891	0.7325687505307762	0.10211223725106792	99.75151470804678	102.7182152264527	0.002353149762216469	1.0001007752562536
2.322113535157849	1.8616112507183835	0.0688614537141891	0.7325687505307762	0.10211223725106792	99.75151470804678	102.7182152264527	0.002353149762216469	1.0001007752562536
2.322113535157849	1.8616112507183835	0.06869691235516054	0.7325687505307762	0.10211223725106792	99.75151470804678	102.7182152264527	0.002353149762216469	1.0001007752562536
2.3227790835573887	1.8616112507183835	0.06869691235516054	0.7325687505307762	0.10211223725106792	99.75151470804678	102.7182152264527	0.002353149762216469	1.0001007752562536
2.3227790835573887	1.8616112507183835	0.06869691235516054	0.7325687505307762	0.10211223725106792	99.75151470804678	102.7182152264527	0.002353149762216469	1.0001007752562536
2.3227790835573887	1.8616112507183835	0.06869691235516054	0.7325687505307762	0.10211223725106792	99.75151470804678	102.7182152264527	0.002353149762216469	1.0001007752562536
2.3227790835573887	1.8616112507183835	0.06869691235516054	0.7325687505307762	0.10211223725106792	99.75151470804678	102.71797834120756	0.002353149762216469	1.0001007752562536
2.3227790835573887	1.8616112507183835	0.0687486912365481	0.7325687505307762	0.10211223725106792	99.75151470804678	102.71797834120756	0.002353149762216469	1.0001007752562536
2.3227790835573887	1.8616112507183835	0.0687486912365481	0.7325687505307762	0.10211223725106792	99.75151470804678	102.71797834120756	0.002353149762216469	1.0001007752562536
2.3227790835573887	1.8616112507183835	0.0687486912365481	0.7325687505307762	0.10211223725106792	99.75151470804678	102.71797834120756	0.002353149762216469	1.0001007752562536
2.3227790835573887	1.8616112507183835	0.06880541230258377	0.7325687505307762	0.10211223725106792	99.75151470804678	102.71797834120756	0.002353149762216469	1.0001007752562536
2.3227790835573887	1.8616184633691517	0.06880541230258377	0.7325687505307762	0.10211223725106792	99.75151470804678	102.71797834120756	0.002353149762216469	1.0001007752562536
2.3227790835573887	1.8616184633691517	0.06880541230258377	0.7325687505307762	0.10211223725106792	99.75151470804678	102.71797834120756	0.002353149762216469	1.0001007752562536
2.3227790835573887	1.8616184633691517	0.06880541230258377	0.7325687505307762	0.10211223725106792	99.75151470804678	102.71545397402606	0.002353149762216469	1.0001007752562536
2.3227790835573887	1.8616184633691517	0.06880541230258377	0.7325687505307762	0.10211223725106792	99.75151470804678	102.71545397402606	0.002353149762216469	1.0001007752562536
2.3227790835573887	1.8616184633691517	0.06880541230258377	0.7325687505307762	0.10211223725106792	99.75151470804678	102.71545397402606	0.002353149762216469	1.0001007752562536
2.3227790835573887	1.8616184633691517	0.06880541230258377	0.7325687505307762	0.10211223725106792	99.75151470804678	102.71545397402606	0.002353149762216469	1.0001007752562536
2.3227790835573887	1.8616184633691517	0.06880541230258377	0.7325687505307762	0.10211223725106792	99.75151470804678	102.71545397402606	0.002353149762216469	1.0001007752562536
2.3227790835573887	1.8616184633691517	0.0687981885750796	0.7325687505307762	0.10211223725106792	99.75151470804678	102.71545397402606	0.002353149762216469	1.0001007752562536
2.3227790835573887	1.8616184633691517	0.0687981885750796	0.7325687505307762	0.10208765372255496	99.75151470804678	102.71545397402606	0.002353149762216469	1.0001007752562536
2.3227790835573887	1.8616184633691517	0.0687981885750796	0.7325687505307762	0.10208765372255496	99.75151470804678	102.66452742512455	0.002353149762216469	1.0001007752562536
2.3227790835573887	1.8616338091506197	0.0687981885750796	0.7325687505307762	0.10208765372255496	99.75151470804678	102.66452742512455	0.002353149762216469	1.0001007752562536
2.3227790835573887	1.8616359269907286	0.0687981885750796	0.7325687505307762	0.10208765372255496	99.75151470804678	102.66452742512455	0.002353149762216469	1.0001007752562536
2.3227790835573887	1.8616359269907286	0.0687981885750796	0.7325687505307762	0.10208765372255496	99.75151470804678	102.66452742512455	0.002353234645801101	1.0001007752562536
2.3227790835573887	1.8616359269907286	0.0687981885750796	0.7325687505307762	0.10208765372255496	99.75151470804678	102.66452742512455	0.002353234645801101	1.0001007752562536
2.3227790835573887	1.8616359269907286	0.06881640085165042	0.7325687505307762	0.10208765372255496	99.75151470804678	102.66452742512455	0.002353234645801101	1.0001007752562536
2.3227790835573887	1.8616359269907286	0.06881640085165042	0.7325687505307762	0.10208765372255496	99.75151470804678	102.66452742512455	0.002353234645801101	1.0001007752562536
2.3227790835573887	1.8616359269907286	0.06881640085165042	0.7325687505307762	0.10208765372255496	99.75151470804678	102.66452742512455	0.002353234645801101	1.0001007752562536
2.3227790835573887	1.8616359269907286	0.06881640085165042	0.7325687505307762	0.10211731816755007	99.75151470804678	102.66452742512455	0.002353234645801101	1.0001007752562536
2.3227790835573887	1.8616359269907286	0.06881640085165042	0.7325755542633454	0.10211731816755007	99.75151470804678	102.66452742512455	0.002353234645801101	1.0001007752562536
2.3227790835573887	1.8616359269907286	0.06881640085165042	0.7325755542633454	0.10212233548955439	99.75151470804678	102.66452742512455	0.002353234645801101	1.0001007752562536
2.3227790835573887	1.861640888494782	0.06881640085165042	0.7325755542633454	0.10212233548955439	99.75151470804678	102.66452742512455	0.002353234645801101	1.0001007752562536
2.3227790835573887	1.861640888494782	0.06880782081550176	0.7325755542633454	0.10212233548955439	99.75151470804678	102.66452742512455	0.002353234645801101	1.0001007752562536
2.3227790835573887	1.8614133119523668	0.06880782081550176	0.7325755542633454	0.10212233548955439	99.75151470804678	102.66452742512455	0.002353234645801101	1.0001007752562536
2.3227790835573887	1.863953787491315	0.06880782081550176	0.7325755542633454	0.10212233548955439	99.75151470804678	102.66452742512455	0.002353234645801101	1.0001007752562536
2.3227790835573887	1.863953787491315	0.06880782081550176	0.7325755542633454	0.10212233548955439	99.75151470804678	102.66452742512455	0.002353234645801101	1.0000984924015823
2.3227790835573887	1.863953787491315	0.06880782081550176	0.7325755542633454	0.10212233548955439	99.75151470804678	102.66294900863251	0.002353234645801101	1.0000984924015823
2.3227790835573887	1.863953787491315	0.06880782081550176	0.7325755542633454	0.10212233548955439	99.75151470804678	102.66294900863251	0.0023317329783585877	1.0000984924015823
2.3227790835573887	1.863953787491315	0.06880782081550176	0.7325755542633454	0.10212233548955439	99.75151470804678	102.66294900863251	0.0023317329783585877	1.0000984924015823
2.3227790835573887	1.863953787491315	0.06880782081550176	0.7325755542633454	0.10212233548955439	99.75151470804678	102.66294900863251	0.002331667973992415	1.0000984924015823
2.3227790835573887	1.863953787491315	0.06880782081550176	0.7325755542633454	0.10212233548955439	99.75151470804678	102.66294900863251	0.002331667973992415	1.0000984924015823
2.3227790835573887	1.863953787491315	0.06880782081550176	0.7325755542633454	0.10212233548955439	99.75159803905686	102.66294900863251	0.002331667973992415	1.0000984924015823
2.3227790835573887	1.863953787491315	0.06880782081550176	0.7325755542633454	0.10212233548955439	99.75159803905686	102.66294900863251	0.002331667973992415	1.0001020261471443
2.3227790835573887	1.863953787491315	0.06880782081550176	0.7325755542633454	0.10212233548955439	99.75159803905686	102.66294900863251	0.002331667973992415	1.0001020261471443
2.3227790835573887	1.863953787491315	0.06880782081550176	0.7325755542633454	0.10212233548955439	99.75159803905686	102.66294900863251	0.002331667973992415	1.000102274234066
2.322771000228133	1.863953787491315	0.06880782081550176	0.7325755542633454	0.10212233548955439	99.75159803905686	102.66294900863251	0.002331667973992415	1.000102274234066
2.322771000228133	1.863953787491315	0.06880782081550176	0.7325823873434357	0.10212233548955439	99.75159803905686	102.66294900863251	0.002331667973992415	1.000102274234066
2.322771000228133	1.863953787491315	0.06880782081550176	0.7325823873434357	0.10212233548955439	99.75159803905686	102.66294900863251	0.002331667973992415	1.000102274234066
2.322771000228133	1.863953787491315	0.06880782081550176	0.7325823873434357	0.1021228879977557	99.75159803905686	102.66294900863251	0.002331667973992415	1.000102274234066
2.322771000228133	1.863953787491315	0.06880782081550176	0.7325823873434357	0.1021228879977557	99.75159803905686	102.66294900863251	0.002331667973992415	1.000102274234066
2.322771000228133	1.863953787491315	0.06880782081550176	0.7325823873434357	0.1021228879977557	99.75159803905686	102.66294900863251	0.00244237855680901	1.000102274234066
2.322771000228133	1.863953787491315	0.06880782081550176	0.7325823873434357	0.1021228879977557	99.75159803905686	102.66294900863251	0.002514436255164292	1.000102274234066
2.322771000228133	1.863953787491315	0.06880782081550176	0.7325764080912667	0.1021228879977557	99.75159803905686	102.66294900863251	0.002514436255164292	1.000102274234066
2.322771000228133	1.863953787491315	0.06880782081550176	0.7325764080912667	0.1021228879977557	99.75159803905686	102.66294900863251	0.002514436255164292	1.000102274234066
2.322771000228133	1.863953787491315	0.06880782081550176	0.7325764080912667	0.10213104786924593	99.75159803905686	102.66294900863251	0.002514436255164292	1.000102274234066
2.322771000228133	1.865052831685082	0.06880782081550176	0.7325764080912667	0.10213104786924593	99.75159803905686	102.66294900863251	0.002514436255164292	1.000102274234066
2.322771000228133	1.865052831685082	0.06880782081550176	0.7325764080912667	0.10213104786924593	99.75159803905686	102.64305930210777	0.002514436255164292	1.000102274234066
2.322771000228133	1.865052831685082	0.06880782081550176	0.7325764080912667	0.10213104786924593	99.75159803905686	102.64305930210777	0.002514436255164292	1.000102274234066
2.322771000228133	1.865052831685082	0.06880782081550176	0.7325350212468829	0.10213104786924593	99.75159803905686	102.64305930210777	0.002514436255164292	1.000102274234066
2.322904862498403	1.865052831685082	0.06880782081550176	0.7325350212468829	0.10213104786924593	99.75159803905686	102.64305930210777	0.002514436255164292	1.000102274234066
2.322904862498403	1.865052831685082	0.06880782081550176	0.7325350212468829	0.10213104786924593	99.75159803905686	102.64305930210777	0.002514436255164292	1.000102274234066
2.322904862498403	1.865052831685082	0.06879216799258507	0.7325350212468829	0.10213104786924593	99.75159803905686	102.64305930210777	0.002514436255164292	1.000102274234066
2.322904862498403	1.865052831685082	0.06879216799258507	0.7331761382820116	0.10213104786924593	99.75159803905686	102.64305930210777	0.002514436255164292	1.000102274234066
2.322904862498403	1.8649943132771178	0.06879216799258507	0.7331761382820116	0.10213104786924593	99.75159803905686	102.64305930210777	0.002514436255164292	1.000102274234066
2.322904862498403	1.8649943132771178	0.06879216799258507	0.7331761382820116	0.10213104786924593	99.75159803905686	100.54802691054044	0.002514436255164292	1.000102274234066
2.3228803471905985	1.8649943132771178	0.06879216799258507	0.7331761382820116	0.10213104786924593	99.75159803905686	100.54802691054044	0.002514436255164292	1.000102274234066
2.3228803471905985	1.8649943132771178	0.06879216799258507	0.7331761382820116	0.10213104786924593	99.75159803905686	100.54802691054044	0.002514436255164292	1.0000994053187944
2.3228803471905985	1.8649943132771178	0.06879216799258507	0.7331761382820116	0.10213104786924593	99.75159803905686	100.54750172384031	0.002514436255164292	1.0000994053187944
2.3228803471905985	1.8649943132771178	0.06879216799258507	0.7331761382820116	0.10213104786924593	99.75159803905686	97.3458199847214	0.002514436255164292	1.0000994053187944
2.3228803471905985	1.8649943132771178	0.06879216799258507	0.7331761382820116	0.10213104786924593	99.75159803905686	97.3458199847214	0.002514436255164292	1.0000994053187944
2.3228803471905985	1.8649943132771178	0.06879216799258507	0.7331761382820116	0.10213135357248943	99.75159803905686	97.3458199847214	0.002514436255164292	1.0000994053187944
2.3228803471905985	1.8649943132771178	0.06879216799258507	0.7331761382820116	0.10213135357248943	99.75159803905686	97.3458199847214	0.002514436255164292	1.0000994053187944
2.3228803471905985	1.8649943132771178	0.06879216799258507	0.7331761382820116	0.10213135357248943	99.75159803905686	97.3458199847214	0.002514436255164292	1.0000994053187944
2.3228803471905985	1.8649943132771178	0.06879216799258507	0.7331761382820116	0.10213135357248943	99.76560843059599	97.3458199847214	0.002514436255164292	1.0000994053187944
2.3228803471905985	1.8649943132771178	0.06879216799258507	0.7331761382820116	0.10213135357248943	99.76560843059599	97.3458199847214	0.002514436255164292	1.0000994053187944
2.3228803471905985	1.8649943132771178	0.06879216799258507	0.7331761382820116	0.10213135357248943	99.76560843059599	97.3458199847214	0.002516338797558298	1.0000994053187944
2.3228803471905985	1.8649943132771178	0.06879216799258507	0.7331761382820116	0.10213135357248943	99.76560843059599	97.3458199847214	0.002516338797558298	1.0000994053187944
2.3228803471905985	1.8649943132771178	0.06879216799258507	0.7331761382820116	0.10213135357248943	99.76560843059599	97.3458199847214	0.002516338797558298	1.0000994053187944
2.3228803471905985	1.8649943132771178	0.06879216799258507	0.7331761382820116	0.10213135357248943	99.76560843059599	97.3458199847214	0.002516338797558298	1.0000994053187944
2.3228803471905985	1.8649971811432855	0.06879216799258507	0.7331761382820116	0.10213135357248943	99.76560843059599	97.3458199847214	0.002516338797558298	1.0000994053187944
2.3228803471905985	1.8649971811432855	0.06879216799258507	0.7331761382820116	0.10213135357248943	99.76560843059599	97.3458199847214	0.002516338797558298	1.0000994053187944
2.3228803471905985	1.8649971811432855	0.06879216799258507	0.7331761382820116	0.10213134799054727	99.76560843059599	97.3458199847214	0.002516338797558298	1.0000994053187944
2.3228803471905985	1.8649971811432855	0.06879216799258507	0.7331761382820116	0.10213881522325774	99.76560843059599	97.3458199847214	0.002516338797558298	1.0000994053187944
2.3228803471905985	1.8649971811432855	0.06879216799258507	0.7331761382820116	0.10213881522325774	99.76560843059599	97.3458199847214	0.002509073948747777	1.0000994053187944
2.3228803471905985	1.8649971811432855	0.06879216799258507	0.7331761382820116	0.10213881522325774	99.76560843059599	97.3458199847214	0.002509073948747777	1.0000994053187944
2.3228803471905985	1.8649971811432855	0.06879216799258507	0.7331761382820116	0.10213881522325774	99.76560843059599	97.34374623148636	0.002509073948747777	1.0000994053187944
2.321870081461338	1.8649971811432855	0.06879216799258507	0.7331761382820116	0.10213881522325774	99.76560843059599	97.34374623148636	0.002509073948747777	1.0000994053187944
2.321870081461338	1.8649971811432855	0.06879216799258507	0.7331761382820116	0.10213881522325774	99.76560843059599	97.34374623148636	0.002509073948747777	1.0000994053187944
2.321870081461338	1.8649971811432855	0.06879216799258507	0.7331761382820116	0.10213881522325774	99.76560843059599	97.34374623148636	0.002509073948747777	1.0000994053187944
2.321870081461338	1.8649971811432855	0.06879216799258507	0.7331761382820116	0.10213881522325774	99.76560843059599	97.34374623148636	0.002509073948747777	1.0000994053187944
2.321870081461338	1.8649971811432855	0.06879216799258507	0.7331761382820116	0.10213881522325774	99.76560843059599	97.34374623148636	0.002509073948747777	1.0000994053187944
2.321870081461338	1.8649971811432855	0.06879216799258507	0.7331761382820116	0.10213881522325774	99.76542068704822	97.34374623148636	0.002509073948747777	1.0000994053187944
2.321870081461338	1.8649971811432855	0.06879216799258507	0.7331761382820116	0.10213881522325774	99.76542068704822	97.34374623148636	0.002509073948747777	1.0000994053187944
2.321870081461338	1.8649971811432855	0.06879216799258507	0.7331761382820116	0.10213884844235023	99.76542068704822	97.34374623148636	0.002509073948747777	1.0000994053187944
2.321870081461338	1.8649971811432855	0.06879216799258507	0.7332928186487232	0.10213884844235023	99.76542068704822	97.34374623148636	0.002509073948747777	1.0000994053187944
2.3215179552999174	1.8649971811432855	0.06879216799258507	0.7332928186487232	0.10213884844235023	99.76542068704822	97.34374623148636	0.002509073948747777	1.0000994053187944
2.3215179552999174	1.8649971811432855	0.06879216799258507	0.7332928186487232	0.10223141038018517	99.76542068704822	97.34374623148636	0.002509073948747777	1.0000994053187944
2.3215179552999174	1.8649971811432855	0.06879216799258507	0.7332928186487232	0.10223141038018517	99.76542068704822	97.34374623148636	0.002509073948747777	1.0000994053187944
2.3215055664539848	1.8649971811432855	0.06879216799258507	0.7332928186487232	0.10223141038018517	99.76542068704822	97.34374623148636	0.002509073948747777	1.0000994053187944
2.3215055664539848	1.8649971811432855	0.06879216799258507	0.7332928186487232	0.10223141038018517	99.76542068704822	97.34374623148636	0.002509073948747777	1.0000994053187944
2.3215055664539848	1.8649971811432855	0.06879216799258507	0.7332928186487232	0.10223141038018517	99.76542068704822	97.34374623148636	0.002509073948747777	1.0000994053187944
2.3215055664539848	1.8649971811432855	0.06879216799258507	0.7332928186487232	0.10223141038018517	99.76534911296932	97.34374623148636	0.002509073948747777	1.0000994053187944
2.3215055664539848	1.8649971811432855	0.06879216799258507	0.7332928186487232	0.10223141038018517	99.76534911296932	97.34374623148636	0.002509073948747777	1.0000994053187944
2.3215055664539848	1.8649971811432855	0.06879216799258507	0.7332928186487232	0.10223141038018517	99.76534911296932	97.28594530627142	0.002509073948747777	1.0000994053187944
2.3215055664539848	1.8649971811432855	0.06879216799258507	0.7332928186487232	0.10223141038018517	99.76534911296932	97.28594530627142	0.002509073948747777	1.0000994053187944
2.3215055664539848	1.8649971811432855	0.06879216799258507	0.7332928186487232	0.10223141038018517	99.76534911296932	97.28594530627142	0.002774923566337962	1.0000994053187944
2.3215055664539848	1.8649971811432855	0.06879216799258507	0.7332928186487232	0.10223141038018517	99.76534911296932	97.28594530627142	0.002774923566337962	1.0000994053187944
2.3215055664539848	1.8649971811432855	0.06879216799258507	0.7332928186487232	0.10223141038018517	99.76534911296932	97.28594530627142	0.002774923566337962	1.0000994053187944
2.3215055664539848	1.8649971811432855	0.06879216799258507	0.7332928186487232	0.10223141038018517	99.76534911296932	97.28594530627142	0.002774923566337962	1.0000994053187944
2.3215055664539848	1.8649971811432855	0.06879216799258507	0.7332928186487232	0.10223141038018517	99.76534911296932	97.28594530627142	0.002774923566337962	1.0000994053187944
2.3215055664539848	1.8649971811432855	0.06879216799258507	0.733295041685005	0.10223141038018517	99.76534911296932	97.28594530627142	0.002774923566337962	1.0000994053187944
2.3215055664539848	1.8649971811432855	0.06879216799258507	0.733295041685005	0.10223141038018517	99.76534911296932	97.28594530627142	0.002587321102240085	1.0000994053187944
2.3215055664539848	1.8649971811432855	0.06879216799258507	0.733295041685005	0.10223141038018517	99.76534911296932	97.28594530627142	0.002587321102240085	1.0000994053187944
2.3215055664539848	1.8649971811432855	0.06879216799258507	0.733295041685005	0.10223141038018517	99.76534911296932	97.28594530627142	0.002587321102240085	1.0000994053187944
2.3215055664539848	1.8649971811432855	0.06879216799258507	0.733295041685005	0.10223141038018517	99.76534911296932	97.28594530627142	0.002587069036340842	1.0000994053187944
2.3215055664539848	1.8649971811432855	0.06879216799258507	0.733295041685005	0.10223141038018517	99.76534911296932	97.28594530627142	0.002587069036340842	1.0000994053187944
2.3233994181033966	1.8649971811432855	0.06879216799258507	0.733295041685005	0.10223141038018517	99.76534911296932	97.28594530627142	0.002587069036340842	1.0000994053187944
2.3233994181033966	1.8649971811432855	0.06879216799258507	0.733295041685005	0.10223141038018517	99.76534911296932	97.30157610404147	0.002587069036340842	1.0000994053187944
2.3233994181033966	1.8649971811432855	0.06879216799258507	0.733295041685005	0.10223141038018517	99.76534911296932	97.30157610404147	0.002587069036340842	1.0000994053187944
2.3233994181033966	1.8649971811432855	0.06879216799258507	0.733295041685005	0.10223141038018517	99.76534911296932	97.30157610404147	0.002587069036340842	1.0000994053187944
2.3233994181033966	1.8649971811432855	0.06879362313795225	0.733295041685005	0.10223141038018517	99.76534911296932	97.30157610404147	0.002587069036340842	1.0000994053187944
2.3233994181033966	1.8649971811432855	0.06879362313795225	0.733295041685005	0.10223141038018517	99.76534911296932	97.30157610404147	0.002587069036340842	1.0000994053187944
2.3233994181033966	1.8649971811432855	0.06879362313795225	0.733295041685005	0.10223141038018517	99.76534911296932	97.30157610404147	0.002587069036340842	1.0000994053187944
2.3233994181033966	1.8649971811432855	0.06879362313795225	0.733295041685005	0.10223141038018517	99.76534911296932	97.30157610404147	0.002587207688390659	1.0000994053187944
2.323399868550396	1.8649971811432855	0.06879362313795225	0.733295041685005	0.10223141038018517	99.76534911296932	97.30157610404147	0.002587207688390659	1.0000994053187944
2.323399868550396	1.8649971811432855	0.06879362313795225	0.7332495069214623	0.10223141038018517	99.76534911296932	97.30157610404147	0.002587207688390659	1.0000994053187944
2.323399868550396	1.8659952976722016	0.06879362313795225	0.7332495069214623	0.10223141038018517	99.76534911296932	97.30157610404147	0.002587207688390659	1.0000994053187944
2.323399868550396	1.8659952976722016	0.06879362313795225	0.7332495069214623	0.10223141038018517	99.76534911296932	97.30157610404147	0.002587207688390659	1.0000994053187944
2.323399868550396	1.8659952976722016	0.06879362313795225	0.7332495069214623	0.10223141038018517	99.76534911296932	97.30157610404147	0.002587207688390659	1.0000994053187944
2.323399868550396	1.8659952976722016	0.06879362313795225	0.7332495069214623	0.10223141038018517	99.76534911296932	97.30157610404147	0.002587207688390659	1.0000994053187944
2.323399868550396	1.8659952976722016	0.06879362313795225	0.7332495069214623	0.10223141038018517	99.76534911296932	97.30157610404147	0.002587207688390659	1.0000994053187944
2.323399868550396	1.8659952976722016	0.06879362313795225	0.7332495069214623	0.10223141038018517	99.76534911296932	97.30157610404147	0.002587207688390659	1.0000994053187944
2.323399868550396	1.8659952976722016	0.06879362313795225	0.7332495069214623	0.10223141038018517	99.76534911296932	97.30157610404147	0.0025770122858193322	1.0000994053187944
2.323399868550396	1.8659952976722016	0.06879362313795225	0.7332495069214623	0.10223141038018517	99.76534911296932	97.3891448593396	0.0025770122858193322	1.0000994053187944
2.323399868550396	1.8659952976722016	0.06879362313795225	0.7332495069214623	0.10223141038018517	99.76534911296932	97.3891448593396	0.0025770122858193322	1.0000994260786997
2.323399868550396	1.8659952976722016	0.06879362313795225	0.7332495069214623	0.10223141038018517	99.76534911296932	97.39395383573354	0.0025770122858193322	1.0000994260786997
2.323399868550396	1.8659952976722016	0.06879362313795225	0.7332495069214623	0.10223141038018517	99.76534911296932	97.39395383573354	0.0025770122858193322	1.0000994260786997
2.323399868550396	1.8659952976722016	0.06879362313795225	0.7332495069214623	0.10223141038018517	99.76582689400058	97.39395383573354	0.0025770122858193322	1.0000994260786997
2.323399868550396	1.8659952976722016	0.06879362313795225	0.7332495069214623	0.10223141038018517	99.76582689400058	97.39395383573354	0.0025770122858193322	1.0000994260786997
2.323399868550396	1.8659952976722016	0.06879362313795225	0.7332495069214623	0.10223141038018517	99.76582689400058	97.39395383573354	0.0025770122858193322	1.0000994260786997
2.323399868550396	1.8659952976722016	0.06879362313795225	0.7332495069214623	0.10223141038018517	99.76582689400058	97.39395383573354	0.0025770122858193322	1.0000994260786997
2.323399868550396	1.8659952976722016	0.06879362313795225	0.7332495069214623	0.10223143125326793	99.76582689400058	97.39395383573354	0.0025770122858193322	1.0000994260786997
2.323399868550396	1.8659952976722016	0.06879362313795225	0.7332495069214623	0.10212591169993954	99.76582689400058	97.39395383573354	0.0025770122858193322	1.0000994260786997
2.323399868550396	1.8659952976722016	0.06879362313795225	0.7332495069214623	0.10212591169993954	99.76582689400058	97.39395383573354	0.0025770122858193322	1.0000994260786997
2.323399868550396	1.8659952976722016	0.06879362313795225	0.7332495069214623	0.10212591169993954	99.76582689400058	97.39395383573354	0.0025770122858193322	1.0000994260786997
2.323399868550396	1.8659952976722016	0.06875969670368987	0.7332495069214623	0.10212591169993954	99.76582689400058	97.39395383573354	0.0025770122858193322	1.0000994260786997
2.323399868550396	1.8659952976722016	0.06875969670368987	0.7332495069214623	0.10212591169993954	99.76582689400058	97.39395383573354	0.0025770122858193322	1.0000994260786997
2.323399868550396	1.8659530766925587	0.06875969670368987	0.7332495069214623	0.10212591169993954	99.76582689400058	97.39395383573354	0.0025770122858193322	1.0000994260786997
2.323399868550396	1.8659530766925587	0.06875969670368987	0.7332495069214623	0.10212591169993954	99.76582689400058	97.39395383573354	0.0025770122858193322	1.0000994260786997
2.323399868550396	1.8659530766925587	0.06875969670368987	0.7332495069214623	0.10212591169993954	99.76582689400058	97.39395383573354	0.0025770122858193322	1.0001047701364285
2.323399868550396	1.8659530766925587	0.06875969670368987	0.7332495069214623	0.10212591169993954	99.76582689400058	97.39395383573354	0.0025770122858193322	1.000101377360835
2.323399868550396	1.8659530766925587	0.06875969670368987	0.7332495069214623	0.10212591169993954	99.76582689400058	97.39395383573354	0.0025770122858193322	1.000099965582789
2.323399868550396	1.8659530766925587	0.06875969670368987	0.7332495069214623	0.10212591169993954	99.76582689400058	97.39395383573354	0.0025770122858193322	1.000099965582789
2.323399868550396	1.8659530766925587	0.06875969670368987	0.7332495069214623	0.10212591169993954	99.76671519012105	97.39395383573354	0.0025770122858193322	1.000099965582789
2.323399868550396	1.8659530766925587	0.06875969670368987	0.7332495069214623	0.10212591169993954	99.76671519012105	97.3935023240552	0.0025770122858193322	1.000099965582789
2.323399868550396	1.8659530766925587	0.06875969670368987	0.7332495069214623	0.10212591169993954	99.76671519012105	97.3935023240552	0.0025770122858193322	1.000099965582789
2.323399868550396	1.8659530766925587	0.06875969670368987	0.7332495069214623	0.10212591169993954	99.76671519012105	97.39382098173526	0.0025770122858193322	1.000099965582789
2.323399868550396	1.8659530766925587	0.06875969670368987	0.7332495069214623	0.10212591169993954	99.76671519012105	97.39382098173526	0.0025841083150261656	1.000099965582789
2.323399868550396	1.8659530766925587	0.06875969670368987	0.7332495069214623	0.10212591169993954	99.76671519012105	97.39382098173526	0.0024468841516195193	1.000099965582789
2.323399868550396	1.8659530766925587	0.06875969670368987	0.7332495069214623	0.10221172676500574	99.76671519012105	97.39382098173526	0.0024468841516195193	1.000099965582789
2.323399868550396	1.8659530766925587	0.06875969670368987	0.7332495069214623	0.10221172676500574	99.76671519012105	97.39382098173526	0.0024468841516195193	1.000099965582789
2.323399868550396	1.8659530766925587	0.06875969670368987	0.7332495069214623	0.10221172676500574	99.76654540824089	97.39382098173526	0.0024468841516195193	1.000099965582789
2.323399868550396	1.8659530766925587	0.06875969670368987	0.7332495069214623	0.10221172676500574	99.76654540824089	97.39382098173526	0.0024468841516195193	1.000099965582789
2.323399868550396	1.8659530766925587	0.06875969670368987	0.7332495069214623	0.10221172676500574	99.76654540824089	97.39382098173526	0.0024468841516195193	1.000099965582789
2.323399868550396	1.8659530766925587	0.06875969670368987	0.7332495069214623	0.10221172676500574	99.76654540824089	97.39382098173526	0.0024468841516195193	1.000099965582789
2.323399868550396	1.8659530766925587	0.06875969670368987	0.7332495069214623	0.10221172676500574	99.76654540824089	97.39382098173526	0.0024468841516195193	1.0001002540901869
2.323399868550396	1.8659530766925587	0.06875969670368987	0.7332495069214623	0.10221172676500574	99.76654540824089	97.39382098173526	0.0024468841516195193	1.0001002540901869
2.323399868550396	1.8659530766925587	0.06875969670368987	0.7332495069214623	0.10221172676500574	99.76654540824089	97.39382098173526	0.0024468841516195193	1.0001002540901869
2.3183420250968068	1.8659530766925587	0.06875969670368987	0.7332495069214623	0.10221172676500574	99.76654540824089	97.39382098173526	0.0024468841516195193	1.0001002540901869
2.3183420250968068	1.8659530766925587	0.06875969670368987	0.7330813086301866	0.10221172676500574	99.76654540824089	97.39382098173526	0.0024468841516195193	1.0001002540901869
2.3183420250968068	1.8659530766925587	0.06875969670368987	0.7330832190307531	0.10221172676500574	99.76654540824089	97.39382098173526	0.0024468841516195193	1.0001002540901869
2.3183420250968068	1.8659530766925587	0.06847332927353045	0.7330832190307531	0.10221172676500574	99.76654540824089	97.39382098173526	0.0024468841516195193	1.0001002540901869
2.3183420250968068	1.8659530766925587	0.06847332927353045	0.7330832190307531	0.10221172676500574	99.76654540824089	97.39382098173526	0.0024468841516195193	1.0001002540901869
2.3183420250968068	1.8659530766925587	0.06847332927353045	0.7330832190307531	0.1022084142590808	99.76654540824089	97.39382098173526	0.0024468841516195193	1.0001002540901869
2.3183420250968068	1.8659530766925587	0.06847332927353045	0.7330832190307531	0.1022084142590808	99.76654540824089	99.87343204286447	0.0024468841516195193	1.0001002540901869
2.3183420250968068	1.8659530766925587	0.06847332927353045	0.7330832190307531	0.1022084142590808	99.7665001935722	99.87343204286447	0.0024468841516195193	1.0001002540901869
2.3183420250968068	1.8659530766925587	0.06847332927353045	0.7330832190307531	0.1022084142590808	99.7665001935722	99.87343204286447	0.0024468841516195193	1.0001002540901869
2.318346170620202	1.8659530766925587	0.06847332927353045	0.7330832190307531	0.1022084142590808	99.7665001935722	99.87343204286447	0.0024468841516195193	1.0001002540901869
2.318346170620202	1.8659530766925587	0.06847332927353045	0.7330832190307531	0.10222070394627877	99.7665001935722	99.87343204286447	0.0024468841516195193	1.0001002540901869
2.318346170620202	1.8659530766925587	0.06847332927353045	0.7330832190307531	0.10222070394627877	99.7665001935722	99.87343204286447	0.0024468841516195193	1.0001002540901869
2.318346170620202	1.8660030610540126	0.06847332927353045	0.7330832190307531	0.10222070394627877	99.7665001935722	99.87343204286447	0.0024468841516195193	1.0001002540901869
2.318346170620202	1.8660030610540126	0.06847332927353045	0.7330832190307531	0.10222070394627877	99.7665001935722	99.87343204286447	0.0024468841516195193	1.0001002540901869
2.318346170620202	1.8660030610540126	0.06847332927353045	0.7330832190307531	0.10222070394627877	99.7665001935722	99.87343204286447	0.0024468841516195193	1.0001002540901869
2.3163836954869046	1.8660030610540126	0.06847332927353045	0.7330832190307531	0.10222070394627877	99.7665001935722	99.87343204286447	0.0024468841516195193	1.0001002540901869
2.3163836954869046	1.8660030610540126	0.06847332927353045	0.7330832190307531	0.10222070394627877	99.7665001935722	99.87343204286447	0.0024468841516195193	1.0001002540901869
2.3163836954869046	1.8660030610540126	0.06847332927353045	0.7330832190307531	0.10222070394627877	99.7665001935722	99.87343204286447	0.0024468841516195193	1.0001002540901869
2.3163836954869046	1.8660030610540126	0.06847332927353045	0.7330832190307531	0.10222070394627877	99.7665001935722	99.87343204286447	0.0024468841516195193	1.0001002540901869
2.3163836954869046	1.8660030610540126	0.06847332927353045	0.7330832190307531	0.10222070394627877	99.7665001935722	99.86433978272103	0.0024468841516195193	1.0001002540901869
2.3163836954869046	1.8660030610540126	0.06847261044318874	0.7330832190307531	0.10222070394627877	99.7665001935722	99.86433978272103	0.0024468841516195193	1.0001002540901869
2.3163836954869046	1.8660030610540126	0.06847611471600674	0.7330832190307531	0.10222070394627877	99.7665001935722	99.86433978272103	0.0024468841516195193	1.0001002540901869
2.316385388543007	1.8660030610540126	0.06847611471600674	0.7330832190307531	0.10222070394627877	99.7665001935722	99.86433978272103	0.0024468841516195193	1.0001002540901869
2.316385388543007	1.8660030610540126	0.06847611471600674	0.7330832190307531	0.10222070394627877	99.7665001935722	99.86433978272103	0.0024468841516195193	1.0001002540901869
2.316385388543007	1.8660030610540126	0.06847611471600674	0.7330832190307531	0.10222070394627877	99.7665001935722	99.89422380959738	0.0024468841516195193	1.0001002540901869
2.316385388543007	1.8660030610540126	0.06847611471600674	0.7330832190307531	0.10222070394627877	99.76815939699536	99.89422380959738	0.0024468841516195193	1.0001002540901869
2.316385388543007	1.8660030610540126	0.06847611471600674	0.7330832190307531	0.10222070394627877	99.76815939699536	99.89422380959738	0.0024468841516195193	1.0001002540901869
2.316385388543007	1.8660030610540126	0.06847611471600674	0.7330832190307531	0.10222070394627877	99.76815939699536	99.89422380959738	0.0024468841516195193	1.0001002540901869
2.316385388543007	1.8660030610540126	0.06847611471600674	0.7330832190307531	0.10222070394627877	99.76815939699536	99.89422380959738	0.0024468841516195193	1.0001002540901869
2.316385388543007	1.8660030610540126	0.06847611471600674	0.7330832190307531	0.10222070394627877	99.76815939699536	99.89422380959738	0.0024468841516195193	1.0001002540901869
2.316385388543007	1.8660030610540126	0.06847611471600674	0.7330832190307531	0.10222070394627877	99.76815939699536	99.89422380959738	0.0024468841516195193	1.0001002540901869
2.316385388543007	1.8660030610540126	0.06847611471600674	0.7330832190307531	0.10222070394627877	99.76815939699536	99.87794196777038	0.0024468841516195193	1.0001002540901869
2.316385388543007	1.8660030610540126	0.06847611471600674	0.7330832190307531	0.10222070394627877	99.76815939699536	99.87794196777038	0.0024468841516195193	1.0001002540901869
2.316385388543007	1.8660030610540126	0.06847611471600674	0.7330832190307531	0.10222070394627877	99.76815939699536	99.87794196777038	0.0024468841516195193	1.0001002540901869
2.316385388543007	1.8660030610540126	0.06846954043592325	0.7330832190307531	0.10222070394627877	99.76815939699536	99.87794196777038	0.0024468841516195193	1.0001002540901869
2.316385388543007	1.8660030610540126	0.06846954043592325	0.7330832190307531	0.10222065141551172	99.76815939699536	99.87794196777038	0.0024468841516195193	1.0001002540901869
2.316385388543007	1.8660030610540126	0.06846954043592325	0.7330832190307531	0.10222065141551172	99.76815939699536	99.8788905243263	0.0024468841516195193	1.0001002540901869
2.316385388543007	1.8660030610540126	0.06846954043592325	0.7330832190307531	0.10222065141551172	99.76815939699536	99.8788905243263	0.0024468841516195193	1.0001002540901869
2.316385388543007	1.8660030610540126	0.06846954043592325	0.7330110914457396	0.10222065141551172	99.76815939699536	99.8788905243263	0.0024468841516195193	1.0001002540901869
2.316385388543007	1.8660030610540126	0.06846954043592325	0.7330110914457396	0.10222065141551172	99.76815939699536	99.8788905243263	0.0024468841516195193	1.0001002540901869
2.316385388543007	1.8660030610540126	0.06846954043592325	0.7330110914457396	0.10222307697369555	99.76815939699536	99.8788905243263	0.0024468841516195193	1.0001002540901869
2.316385388543007	1.8660030610540126	0.06846954043592325	0.7330110914457396	0.10222307697369555	99.76815939699536	99.8788905243263	0.0024468841516195193	1.0001002540901869
2.316385388543007	1.8660030610540126	0.06846954043592325	0.7330110914457396	0.10222307697369555	99.76815939699536	99.8788905243263	0.0024468841516195193	1.0001002540901869
2.316385388543007	1.8660030610540126	0.06846954043592325	0.7330110914457396	0.10222307697369555	99.76815939699536	99.8788905243263	0.0024468841516195193	1.0000949911307657
2.316385388543007	1.8660030610540126	0.06846954043592325	0.7330110914457396	0.10222307697369555	99.76815939699536	99.8788905243263	0.0024468841516195193	1.0000949911307657
2.316385388543007	1.8660030610540126	0.06846954043592325	0.7330110914457396	0.10222307697369555	99.76815939699536	99.8788905243263	0.0024468841516195193	1.0000949911307657
2.316385388543007	1.8660030610540126	0.06846954043592325	0.7330110914457396	0.10222307697369555	99.76815939699536	99.8788905243263	0.0024468841516195193	1.0000949911307657
2.3194586098094447	1.8660030610540126	0.06846954043592325	0.7330110914457396	0.10222307697369555	99.76815939699536	99.8788905243263	0.0024468841516195193	1.0000949911307657
2.3194586098094447	1.8660030610540126	0.06846954043592325	0.7330825506960645	0.10222307697369555	99.76815939699536	99.8788905243263	0.0024468841516195193	1.0000949911307657
2.3194586098094447	1.8660030610540126	0.06846954043592325	0.7330825506960645	0.10222307697369555	99.76815939699536	99.88359812682734	0.0024468841516195193	1.0000949911307657
2.3194586098094447	1.8660030610540126	0.06846954043592325	0.7330825506960645	0.10222307697369555	99.76815939699536	99.88359812682734	0.0024468841516195193	1.0000949911307657
2.3194586098094447	1.8664343517116533	0.06846954043592325	0.7330825506960645	0.10222307697369555	99.76815939699536	99.88359812682734	0.0024468841516195193	1.0000949911307657
2.3194586098094447	1.8664343517116533	0.06846954043592325	0.7330825506960645	0.10222307697369555	99.76815939699536	99.88359812682734	0.0024468841516195193	1.0000949911307657
2.3194586098094447	1.8664343517116533	0.06846954043592325	0.7330825506960645	0.10222307697369555	99.76815939699536	99.88359812682734	0.0024468841516195193	1.0000949911307657
2.3194586098094447	1.8664343517116533	0.06846954043592325	0.7330825506960645	0.10222307697369555	99.76815939699536	99.88359812682734	0.0024468841516195193	1.0000995237410286
2.319458072341977	1.8664343517116533	0.06846954043592325	0.7330825506960645	0.10222307697369555	99.76815939699536	99.88359812682734	0.0024468841516195193	1.0000995237410286
2.319458072341977	1.8664343517116533	0.06846954043592325	0.7330825506960645	0.10222307697369555	99.76815939699536	99.88359812682734	0.0024468841516195193	1.0000995237410286
2.319458072341977	1.8664343517116533	0.06846954043592325	0.7330825506960645	0.10222307697369555	99.76815939699536	99.88359812682734	0.0024468841516195193	1.0000995237410286
2.319458072341977	1.8664343517116533	0.06846954043592325	0.7330825506960645	0.10222307697369555	99.76815939699536	99.88359812682734	0.0024468841516195193	1.0000995237410286
2.319458072341977	1.8664343517116533	0.06846954043592325	0.7330825506960645	0.10222307697369555	99.76815939699536	99.88359812682734	0.0024468841516195193	1.0000995237410286
2.319458072341977	1.8664343517116533	0.06846954043592325	0.7330825506960645	0.10222307697369555	99.76815939699536	99.88359812682734	0.0024468841516195193	1.0000995237410286
2.319458072341977	1.8664343517116533	0.06846954043592325	0.7330825506960645	0.10222307697369555	99.76815939699536	99.88359812682734	0.002447152581633123	1.0000995237410286
2.319458072341977	1.8664343517116533	0.06846954043592325	0.7330825506960645	0.10222307697369555	99.76815939699536	99.88359812682734	0.002447152581633123	1.0000994672840249
2.319458072341977	1.8664343517116533	0.06846954043592325	0.7330825506960645	0.10222307697369555	99.76815939699536	99.88359812682734	0.002447152581633123	1.0000994672840249
2.319458072341977	1.8664343517116533	0.06846954043592325	0.7330825506960645	0.10222307697369555	99.76815939699536	99.88359812682734	0.002447152581633123	1.000099322556995
2.319458072341977	1.8664343517116533	0.06846954043592325	0.7330825506960645	0.10222307697369555	99.76815939699536	99.88359812682734	0.002447152581633123	1.0000995646686235
2.319458072341977	1.8664343517116533	0.06846954043592325	0.7330825506960645	0.10222307697369555	99.76815939699536	99.88359812682734	0.002447152581633123	1.0000995646686235
2.319458072341977	1.8664343517116533	0.06846954043592325	0.7330825506960645	0.10222307697369555	99.76815939699536	99.88359812682734	0.0024458747619701287	1.0000995646686235
2.319458072341977	1.8664343517116533	0.06846954043592325	0.7330825506960645	0.10222307697369555	99.76815939699536	99.88359812682734	0.0024458747619701287	1.0000995646686235
2.319458072341977	1.8664343517116533	0.06846954043592325	0.7330825506960645	0.10222307697369555	99.76815939699536	99.88359812682734	0.0024458747619701287	1.0000995646686235
2.319458072341977	1.8664343517116533	0.06846954043592325	0.7330825506960645	0.10222307697369555	99.76815939699536	99.88359812682734	0.0024458747619701287	1.000100230233124
2.3193890755823907	1.8664343517116533	0.06846954043592325	0.7330825506960645	0.10222307697369555	99.76815939699536	99.88359812682734	0.0024458747619701287	1.000100230233124
2.319377009104811	1.8664343517116533	0.06846954043592325	0.7330825506960645	0.10222307697369555	99.76815939699536	99.88359812682734	0.0024458747619701287	1.000100230233124
2.319377009104811	1.8664343517116533	0.06846954043592325	0.7330825506960645	0.10222307697369555	99.76837840605721	99.88359812682734	0.0024458747619701287	1.000100230233124
2.319377009104811	1.8664343517116533	0.06846954043592325	0.7330825506960645	0.10222307697369555	99.76837840605721	99.88359812682734	0.0024458747619701287	1.000100230233124
2.319377009104811	1.8664343517116533	0.06846954043592325	0.7330825506960645	0.10220556783702177	99.76837840605721	99.88359812682734	0.0024458747619701287	1.000100230233124
2.319377009104811	1.8664343517116533	0.06846954043592325	0.7330825506960645	0.10220556783702177	99.76837840605721	99.88359812682734	0.0024458747619701287	1.000100230233124
2.31814105536743	1.8664343517116533	0.06846954043592325	0.7330825506960645	0.10220556783702177	99.76837840605721	99.88359812682734	0.0024458747619701287	1.000100230233124
2.31814105536743	1.8664343517116533	0.06846791531429355	0.7330825506960645	0.10220556783702177	99.76837840605721	99.88359812682734	0.0024458747619701287	1.000100230233124
2.31814105536743	1.8664343517116533	0.06846791531429355	0.7330825506960645	0.10219073002226632	99.76837840605721	99.88359812682734	0.0024458747619701287	1.000100230233124
2.31814105536743	1.8664343517116533	0.06846791531429355	0.7330825506960645	0.10219073002226632	99.76851185388644	99.88359812682734	0.0024458747619701287	1.000100230233124
2.31814105536743	1.8664337873979764	0.06846791531429355	0.7330825506960645	0.10219073002226632	99.76851185388644	99.88359812682734	0.0024458747619701287	1.000100230233124
2.31814105536743	1.8664337873979764	0.06846571091503467	0.7330825506960645	0.10219073002226632	99.76851185388644	99.88359812682734	0.0024458747619701287	1.000100230233124
2.31814105536743	1.8664337873979764	0.06846571091503467	0.7330825506960645	0.10219073002226632	99.76851185388644	99.88359812682734	0.0024458747619701287	1.000100230233124
2.31814105536743	1.8664337873979764	0.06846571091503467	0.7330825506960645	0.10219073002226632	99.76851185388644	99.88359812682734	0.0024458747619701287	1.000100230233124
2.31814105536743	1.8664337873979764	0.06846571091503467	0.7330825506960645	0.10219073002226632	99.76851185388644	99.88359812682734	0.0024458747619701287	1.000100230233124
2.31814105536743	1.8664337873979764	0.06846571091503467	0.7330825506960645	0.10219073002226632	99.76851185388644	99.88359812682734	0.0024458747619701287	1.000100230233124
2.31814105536743	1.8664337873979764	0.06846571091503467	0.7330825506960645	0.10219075380843272	99.76851185388644	99.88359812682734	0.0024458747619701287	1.000100230233124
2.31814105536743	1.8664284786477743	0.06846571091503467	0.7330825506960645	0.10219075380843272	99.76851185388644	99.88359812682734	0.0024458747619701287	1.000100230233124
2.31814105536743	1.8664284786477743	0.06846571091503467	0.7330825506960645	0.10219075380843272	99.76851185388644	99.88359812682734	0.0024458747619701287	1.000100230233124
2.31814105536743	1.8664284786477743	0.06846571091503467	0.7330825506960645	0.10219075380843272	99.76851185388644	99.88359812682734	0.0024458747619701287	1.000100230233124
2.31814105536743	1.8664284786477743	0.06846571091503467	0.7330825506960645	0.10219075380843272	99.76851185388644	99.88359812682734	0.0024458747619701287	1.000100230233124
2.31814105536743	1.8664284786477743	0.06846571091503467	0.7330825506960645	0.10219075380843272	99.76851185388644	99.88359812682734	0.0024458747619701287	1.0001007474576133
2.31814105536743	1.8664284786477743	0.06846571091503467	0.7330825506960645	0.10219075380843272	99.76851185388644	99.88359812682734	0.0024458747619701287	1.0001007474576133
2.31814105536743	1.8664967343587662	0.06846571091503467	0.7330825506960645	0.10219075380843272	99.76851185388644	99.88359812682734	0.0024458747619701287	1.0001007474576133
2.3181534563421	1.8664967343587662	0.06846571091503467	0.7330825506960645	0.10219075380843272	99.76851185388644	99.88359812682734	0.0024458747619701287	1.0001007474576133
2.3181534563421	1.8664967343587662	0.06846571091503467	0.7330825506960645	0.10219075380843272	99.76851185388644	99.88359812682734	0.0024458747619701287	1.0001007474576133
2.3181534563421	1.8664967343587662	0.06846599125369011	0.7330825506960645	0.10219075380843272	99.76851185388644	99.88359812682734	0.0024458747619701287	1.0001007474576133
2.3181534563421	1.8664967343587662	0.06846599125369011	0.7330825506960645	0.10219075380843272	99.76851185388644	99.88359812682734	0.0024458747619701287	1.0001007474576133
2.3181534563421	1.8664967343587662	0.06846599125369011	0.7330825506960645	0.10219075380843272	99.76851185388644	99.88359812682734	0.0024458747619701287	1.0001007474576133
2.318224481423235	1.8664967343587662	0.06846599125369011	0.7330825506960645	0.10219075380843272	99.76851185388644	99.88359812682734	0.0024458747619701287	1.0001007474576133
2.318224481423235	1.8664967343587662	0.06846599125369011	0.7330825506960645	0.10219075380843272	99.76851185388644	99.88359812682734	0.0024458747619701287	1.0001007474576133
2.318224481423235	1.8664967343587662	0.06846599125369011	0.7330825506960645	0.10219075380843272	99.76851185388644	99.88359812682734	0.0024458747619701287	1.0001007474576133
2.3182290828637466	1.8664967343587662	0.06846599125369011	0.7330825506960645	0.10219075380843272	99.76851185388644	99.88359812682734	0.0024458747619701287	1.0001007474576133
2.3182290828637466	1.8664967343587662	0.06846599125369011	0.7330825506960645	0.10219075380843272	99.76851185388644	99.88359812682734	0.0024458747619701287	1.0001007474576133
2.3182290828637466	1.8664967343587662	0.06846599125369011	0.7330825506960645	0.10219075380843272	99.76851185388644	99.88359812682734	0.0024458747619701287	1.0001007474576133
2.3182290828637466	1.8664967343587662	0.06846599125369011	0.7330825506960645	0.10219075380843272	99.76851185388644	99.88359812682734	0.0024458747619701287	1.0001007474576133
2.3182290828637466	1.8664967343587662	0.06846599125369011	0.7330825506960645	0.10219075380843272	99.76851185388644	99.88359812682734	0.0024458747619701287	1.0001007474576133
2.3182290828637466	1.8664967343587662	0.06846599125369011	0.7330825506960645	0.10219075380843272	99.76853304326542	99.88359812682734	0.0024458747619701287	1.0001007474576133
2.3182290828637466	1.8664967343587662	0.06846599125369011	0.7330825506960645	0.10219075380843272	99.76853304326542	99.88359812682734	0.0024458747619701287	1.0001007474576133
2.3182290828637466	1.8664967343587662	0.06846599125369011	0.7330825506960645	0.10219075380843272	99.76782540763195	99.88359812682734	0.0024458747619701287	1.0001007474576133
2.3182290828637466	1.8664967343587662	0.06846599125369011	0.7330825506960645	0.10219075380843272	99.76782540763195	99.88359812682734	0.0024458747619701287	1.0001007474576133
2.3182290828637466	1.8664967343587662	0.06846599125369011	0.7330861999548854	0.10219075380843272	99.76782540763195	99.88359812682734	0.0024458747619701287	1.0001007474576133
2.3182290828637466	1.8664967343587662	0.06846599125369011	0.7330861999548854	0.10219075380843272	99.76782540763195	99.88359812682734	0.0024458747619701287	1.0001007474576133
2.3182290828637466	1.8664967343587662	0.06846599125369011	0.7330861999548854	0.10219075380843272	99.76782540763195	99.88359812682734	0.0024458747619701287	1.0001007474576133
2.3182290828637466	1.8664967343587662	0.06846599125369011	0.7330861999548854	0.10219072783544454	99.76782540763195	99.88359812682734	0.0024458747619701287	1.0001007474576133
2.3182290828637466	1.8664967343587662	0.06846599125369011	0.7330861999548854	0.10219072783544454	99.76782540763195	99.88359812682734	0.0024458747619701287	1.0001007474576133
2.3182290828637466	1.8664967343587662	0.06846599125369011	0.7330861999548854	0.10219169880366633	99.76782540763195	99.88359812682734	0.0024458747619701287	1.0001007474576133
2.3182290828637466	1.8664967343587662	0.06846599125369011	0.7330861999548854	0.10219115151103282	99.76782540763195	99.88359812682734	0.0024458747619701287	1.0001007474576133
2.318228298805068	1.8664967343587662	0.06846599125369011	0.7330861999548854	0.10219115151103282	99.76782540763195	99.88359812682734	0.0024458747619701287	1.0001007474576133
2.318228298805068	1.8664967343587662	0.06846599125369011	0.7330861999548854	0.10219115151103282	99.76782540763195	99.88359812682734	0.0024458747619701287	1.0001007474576133
2.318228298805068	1.8664967343587662	0.06846599125369011	0.7330861999548854	0.10219115151103282	99.76782540763195	99.88359812682734	0.0024458747619701287	1.0001007474576133
2.318228298805068	1.8664751338451433	0.06846599125369011	0.7330861999548854	0.10219115151103282	99.76782540763195	99.88359812682734	0.0024458747619701287	1.0001007474576133
2.318228298805068	1.8664751338451433	0.06846599125369011	0.7330861999548854	0.10219083046915506	99.76782540763195	99.88359812682734	0.0024458747619701287	1.0001007474576133
2.318228298805068	1.868566541319409	0.06846599125369011	0.7330861999548854	0.10219083046915506	99.76782540763195	99.88359812682734	0.0024458747619701287	1.0001007474576133
2.318228298805068	1.868566541319409	0.06846599125369011	0.7330861999548854	0.10219083046915506	99.76782540763195	99.88359812682734	0.0024458747619701287	1.0001007474576133
2.318228298805068	1.868566541319409	0.06846599125369011	0.7330861999548854	0.10219083046915506	99.76782540763195	99.88359812682734	0.0024458747619701287	1.0001012971631842
2.318228298805068	1.868566541319409	0.06846599125369011	0.7330861999548854	0.10219083046915506	99.76782540763195	99.88359812682734	0.0024458747619701287	1.0001027370180857
2.318228298805068	1.868566541319409	0.06846599125369011	0.7330861999548854	0.10219083046915506	99.76782540763195	99.88359812682734	0.002446168931956488	1.0001027370180857
2.318228298805068	1.868566541319409	0.06846599125369011	0.7330861999548854	0.10219138058390695	99.76782540763195	99.88359812682734	0.002446168931956488	1.0001027370180857
2.318228298805068	1.8684900661519654	0.06846599125369011	0.7330861999548854	0.10219138058390695	99.76782540763195	99.88359812682734	0.002446168931956488	1.0001027370180857
2.318228298805068	1.8684900661519654	0.06846599125369011	0.7330861999548854	0.10219138058390695	99.76782540763195	99.89061374915616	0.002446168931956488	1.0001027370180857
2.318228298805068	1.8684900661519654	0.06846599125369011	0.7330861999548854	0.10219138058390695	99.76782540763195	99.89061374915616	0.002446168931956488	1.0001027370180857
2.316390551469938	1.8684900661519654	0.06846599125369011	0.7330861999548854	0.10219138058390695	99.76782540763195	99.89061374915616	0.002446168931956488	1.0001027370180857
2.316390551469938	1.8684900661519654	0.06846599125369011	0.7330861999548854	0.10219138058390695	99.76782540763195	99.89061374915616	0.002446168931956488	1.0001027370180857
2.316390551469938	1.8684900661519654	0.06846599125369011	0.7330861999548854	0.10219138058390695	99.76782540763195	99.89061374915616	0.002446168931956488	1.0001027370180857
2.316390551469938	1.8684900661519654	0.06846599125369011	0.7330861999548854	0.10219138058390695	99.76782540763195	99.89061374915616	0.002446168931956488	1.0001027370180857
2.316390551469938	1.8684900661519654	0.06846599125369011	0.7330861999548854	0.10219138058390695	99.76782540763195	99.89061374915616	0.002446168931956488	1.0001027370180857
2.316390551469938	1.8684900661519654	0.06846599125369011	0.7330861999548854	0.10219138058390695	99.76782540763195	99.89061374915616	0.002446168931956488	1.0001027370180857
2.316390551469938	1.8684900661519654	0.06846599125369011	0.7330861999548854	0.10219219846183751	99.76782540763195	99.89061374915616	0.002446168931956488	1.0001027370180857
2.316390551469938	1.8684900661519654	0.06846599125369011	0.7330861999548854	0.10214665902703665	99.76782540763195	99.89061374915616	0.002446168931956488	1.0001027370180857
2.316390551469938	1.8684900661519654	0.06846599125369011	0.7330861999548854	0.10214665902703665	99.76782540763195	99.89061374915616	0.002445544531412995	1.0001027370180857
2.3173791167124476	1.8684900661519654	0.06846599125369011	0.7330861999548854	0.10214665902703665	99.76782540763195	99.89061374915616	0.002445544531412995	1.0001027370180857
2.3173791167124476	1.8684900661519654	0.06846599125369011	0.7330861999548854	0.10214665902703665	99.76782540763195	99.89061374915616	0.002445544531412995	1.0001027370180857
2.3173791167124476	1.8684900661519654	0.06846599125369011	0.7330861999548854	0.10231230114737055	99.76782540763195	99.89061374915616	0.002445544531412995	1.0001027370180857
2.3173791167124476	1.8684900661519654	0.06848378341836375	0.7330861999548854	0.10231230114737055	99.76782540763195	99.89061374915616	0.002445544531412995	1.0001027370180857
2.3173791167124476	1.8684900661519654	0.06848378341836375	0.7330861999548854	0.10231230114737055	99.76782540763195	99.89061374915616	0.002445544531412995	1.0001027370180857
2.3173791167124476	1.8684900661519654	0.06848378341836375	0.7330861999548854	0.10231230114737055	99.76782540763195	99.89061374915616	0.0024627767125408808	1.0001027370180857
2.3173791167124476	1.8684900661519654	0.06841730427885655	0.7330861999548854	0.10231230114737055	99.76782540763195	99.89061374915616	0.0024627767125408808	1.0001027370180857
2.3173791167124476	1.8684900661519654	0.06841730427885655	0.7330861999548854	0.10231230114737055	99.76782540763195	99.89061374915616	0.0024627767125408808	1.0001027370180857
2.3173791167124476	1.8684900661519654	0.06841730427885655	0.7330861999548854	0.10231230114737055	99.76782540763195	99.89061374915616	0.0024627767125408808	1.0001027370180857
2.3173791167124476	1.8684900661519654	0.06841730427885655	0.7330861999548854	0.10231230114737055	99.76782540763195	99.89061374915616	0.0024627767125408808	1.0001027370180857
2.3173791167124476	1.8684900661519654	0.06841730427885655	0.7330861999548854	0.10231230114737055	99.76782540763195	99.89061374915616	0.0024627767125408808	1.0001027370180857
2.3173791167124476	1.8684900661519654	0.06841730427885655	0.7330861999548854	0.10231230114737055	99.76782540763195	99.89061374915616	0.0024627767125408808	1.0001027370180857
2.3173791167124476	1.8684900661519654	0.06841730427885655	0.7330861999548854	0.10231230114737055	99.76782540763195	99.89061374915616	0.0024627767125408808	1.0001027370180857
2.3173791167124476	1.8684900661519654	0.06841730427885655	0.7330861999548854	0.10231230114737055	99.76782540763195	99.89061374915616	0.0024765661656703927	1.0001027370180857
2.3173791167124476	1.8684900661519654	0.06841730427885655	0.7330861999548854	0.10231230114737055	99.76782540763195	99.89061374915616	0.0024765661656703927	1.0001027370180857
2.3174718743630063	1.8684900661519654	0.06841730427885655	0.7330861999548854	0.10231230114737055	99.76782540763195	99.89061374915616	0.0024765661656703927	1.0001027370180857
2.3174718743630063	1.8684900661519654	0.06841730427885655	0.7330861999548854	0.10231230114737055	99.76782540763195	99.89061374915616	0.0024765661656703927	1.0001027370180857
2.3174718743630063	1.8684900661519654	0.06841730427885655	0.7330861999548854	0.10231230114737055	99.76782540763195	99.89061374915616	0.0024765661656703927	1.0001027370180857
2.3174718743630063	1.8719319192928356	0.06841730427885655	0.7330861999548854	0.10231230114737055	99.76782540763195	99.89061374915616	0.0024765661656703927	1.0001027370180857
2.3174718743630063	1.8719319192928356	0.06841730427885655	0.7331036074849977	0.10231230114737055	99.76782540763195	99.89061374915616	0.0024765661656703927	1.0001027370180857
2.3174718743630063	1.8719319192928356	0.06841730427885655	0.7331036074849977	0.10231230114737055	99.76782540763195	99.89061374915616	0.0024765661656703927	1.0001027370180857
2.3174718743630063	1.8719319192928356	0.06841730427885655	0.7331036074849977	0.10231230114737055	99.76782540763195	99.89061374915616	0.0024765661656703927	1.0001027370180857
2.3174718743630063	1.8719319192928356	0.06841369932939492	0.7331036074849977	0.10231230114737055	99.76782540763195	99.89061374915616	0.0024765661656703927	1.0001027370180857
2.3174718743630063	1.8719319192928356	0.06841369932939492	0.7333492025437576	0.10231230114737055	99.76782540763195	99.89061374915616	0.0024765661656703927	1.0001027370180857
2.3174718743630063	1.8719319192928356	0.06841369932939492	0.7333492025437576	0.10231230114737055	99.76782540763195	99.89061374915616	0.0024765661656703927	1.0001027370180857
2.3174718743630063	1.8719319192928356	0.06841369932939492	0.7333492025437576	0.10230442340800573	99.76782540763195	99.89061374915616	0.0024765661656703927	1.0001027370180857
2.3174718743630063	1.8719441385761708	0.06841369932939492	0.7333492025437576	0.10230442340800573	99.76782540763195	99.89061374915616	0.0024765661656703927	1.0001027370180857
2.3174718743630063	1.8719441385761708	0.06841369932939492	0.7333492025437576	0.10230442340800573	99.76782540763195	99.89061374915616	0.0024765661656703927	1.0001027370180857
2.3174718743630063	1.8719441385761708	0.06841369932939492	0.7333492025437576	0.10230442340800573	99.76782540763195	99.89061374915616	0.0024765661656703927	1.0001027370180857
2.317472706317996	1.8719441385761708	0.06841369932939492	0.7333492025437576	0.10230442340800573	99.76782540763195	99.89061374915616	0.0024765661656703927	1.0001027370180857
2.317472706317996	1.8719441385761708	0.06841369932939492	0.7333492025437576	0.10230442340800573	99.76782540763195	99.89061374915616	0.0024765661656703927	1.0001027370180857
2.317472706317996	1.8719441385761708	0.06841369932939492	0.7333492025437576	0.10230442340800573	99.76782540763195	99.89061374915616	0.00246557169273133	1.0001027370180857
2.317472706317996	1.8719441385761708	0.06841369932939492	0.7331161314593586	0.10230442340800573	99.76782540763195	99.89061374915616	0.00246557169273133	1.0001027370180857
2.317472706317996	1.871883504695049	0.06841369932939492	0.7331161314593586	0.10230442340800573	99.76782540763195	99.89061374915616	0.00246557169273133	1.0001027370180857
2.317472706317996	1.871883504695049	0.06841369932939492	0.7331161314593586	0.10230442340800573	99.76782540763195	99.89061374915616	0.00246557169273133	1.0001027370180857
2.317468842678758	1.871883504695049	0.06841369932939492	0.7331161314593586	0.10230442340800573	99.76782540763195	99.89061374915616	0.00246557169273133	1.0001027370180857
2.317468842678758	1.8718828210816096	0.06841369932939492	0.7331161314593586	0.10230442340800573	99.76782540763195	99.89061374915616	0.00246557169273133	1.0001027370180857
2.317468842678758	1.8718828210816096	0.06841369932939492	0.7331161314593586	0.10230442340800573	99.76782540763195	99.89061374915616	0.00246557169273133	1.0001027370180857
2.317468842678758	1.8718828210816096	0.06841369932939492	0.7331161314593586	0.10232255834995674	99.76782540763195	99.89061374915616	0.00246557169273133	1.0001027370180857
2.317468842678758	1.8718828210816096	0.06841369932939492	0.7331161314593586	0.10232255834995674	99.76782540763195	99.89061374915616	0.00246557169273133	1.0001027370180857
2.317468842678758	1.8718828210816096	0.06841369932939492	0.7331161314593586	0.10232255834995674	99.76782540763195	99.89061374915616	0.00246557169273133	1.0001027370180857
2.317468842678758	1.8718828210816096	0.06841369932939492	0.7331161314593586	0.10232255834995674	99.76782540763195	99.89061374915616	0.00246557169273133	1.000104935230926
2.317468842678758	1.8718828210816096	0.06841369932939492	0.7331161314593586	0.10232255834995674	99.76782540763195	99.89061374915616	0.0024655755699451586	1.000104935230926
2.3174681242570925	1.8718828210816096	0.06841369932939492	0.7331161314593586	0.10232255834995674	99.76782540763195	99.89061374915616	0.0024655755699451586	1.000104935230926
2.3174681242570925	1.8718828210816096	0.06841369932939492	0.7331161314593586	0.10232255834995674	99.76782540763195	99.89061374915616	0.0024655755699451586	1.000104935230926
2.3174681242570925	1.8718044717643523	0.06841369932939492	0.7331161314593586	0.10232255834995674	99.76782540763195	99.89061374915616	0.0024655755699451586	1.000104935230926
2.3174681242570925	1.8712682064692159	0.06841369932939492	0.7331161314593586	0.10232255834995674	99.76782540763195	99.89061374915616	0.0024655755699451586	1.000104935230926
2.3174681242570925	1.8712682064692159	0.06841369932939492	0.7331161314593586	0.10232255834995674	99.76782540763195	99.89061374915616	0.0024655755699451586	1.000104935230926
2.3174681242570925	1.8712682064692159	0.06841369932939492	0.7331161314593586	0.10232253424111908	99.76782540763195	99.89061374915616	0.0024655755699451586	1.000104935230926
2.3174681242570925	1.8712682064692159	0.06841369932939492	0.7331161314593586	0.10232253424111908	99.76782540763195	99.89061374915616	0.0024655755699451586	1.000104935230926
2.3174681242570925	1.8712682064692159	0.06841369932939492	0.7331161314593586	0.10232253424111908	99.76782540763195	99.89061374915616	0.0024655755699451586	1.000104935230926
2.3174681242570925	1.8712682064692159	0.06841369932939492	0.7331161314593586	0.10232253424111908	99.76782540763195	99.89061374915616	0.0024655755699451586	1.000104935230926
2.3174681242570925	1.8712682064692159	0.06841369932939492	0.7331161314593586	0.10232253424111908	99.76782540763195	99.89061374915616	0.0024655755699451586	1.000104935230926
2.3174681242570925	1.8712682064692159	0.06841369932939492	0.7331161314593586	0.10232253424111908	99.76782540763195	99.88199721822285	0.0024655755699451586	1.000104935230926
2.3174681242570925	1.8712682064692159	0.06841369932939492	0.7331161314593586	0.10232253424111908	99.76782540763195	99.88199721822285	0.0024655755699451586	1.000104935230926
2.3174681242570925	1.8712682064692159	0.06841369932939492	0.7331161314593586	0.10240261546502766	99.76782540763195	99.88199721822285	0.0024655755699451586	1.000104935230926
2.3174669897755744	1.8712682064692159	0.06841369932939492	0.7331161314593586	0.10240261546502766	99.76782540763195	99.88199721822285	0.0024655755699451586	1.000104935230926
2.3174669897755744	1.8712682064692159	0.06841369932939492	0.7331161314593586	0.10240261546502766	99.76782540763195	99.88199721822285	0.002466575783739314	1.000104935230926
2.3174669897755744	1.8712682064692159	0.06841369932939492	0.7331161314593586	0.10240261546502766	99.76782540763195	99.88199721822285	0.002466575783739314	1.000104935230926
2.3174669897755744	1.8712682064692159	0.06841369932939492	0.7331161314593586	0.10240261546502766	99.76782540763195	99.88199721822285	0.002466575783739314	1.0001041827678865
2.3174669897755744	1.8712682064692159	0.06841369932939492	0.7331161314593586	0.10240261546502766	99.76782540763195	99.88199721822285	0.002466575783739314	1.0001041827678865
2.3174669897755744	1.8712682064692159	0.06841369932939492	0.7331161314593586	0.10240261546502766	99.76782540763195	99.88199721822285	0.002466676098434022	1.0001041827678865
2.3174669897755744	1.8712682064692159	0.06841369932939492	0.7331161314593586	0.10240261546502766	99.76782540763195	99.88199721822285	0.002466676098434022	1.0001041827678865
2.3174669897755744	1.8712682064692159	0.06841369932939492	0.7331161314593586	0.10240261546502766	99.76782540763195	99.88199721822285	0.002466676098434022	1.0001041827678865
2.3174669897755744	1.8712682064692159	0.06841369932939492	0.7331161314593586	0.10240261546502766	99.76782540763195	99.90459716999447	0.002466676098434022	1.0001041827678865
2.3174669897755744	1.8712682064692159	0.06841369932939492	0.7331161314593586	0.10240261546502766	99.76782540763195	99.90983865265612	0.002466676098434022	1.0001041827678865
2.3174669897755744	1.87127562275775	0.06841369932939492	0.7331161314593586	0.10240261546502766	99.76782540763195	99.90983865265612	0.002466676098434022	1.0001041827678865
2.3174669897755744	1.87127562275775	0.06841369932939492	0.7331161314593586	0.10240261546502766	99.76782540763195	99.90983865265612	0.002466676098434022	1.0001041827678865
2.3174669897755744	1.87127562275775	0.06841369932939492	0.7331161314593586	0.10240261546502766	99.76782540763195	99.90983865265612	0.002466676098434022	1.0001041827678865
2.3174669897755744	1.87127562275775	0.06841369932939492	0.7331161314593586	0.10225275588914788	99.76782540763195	99.90983865265612	0.002466676098434022	1.0001041827678865
2.3174669897755744	1.87127562275775	0.06841369932939492	0.7331161314593586	0.10225275588914788	99.77086763941936	99.90983865265612	0.002466676098434022	1.0001041827678865
2.3174669897755744	1.87127562275775	0.06841369932939492	0.7331161314593586	0.10225275588914788	99.77086763941936	99.90983865265612	0.002375959783772516	1.0001041827678865
2.3174669897755744	1.87127562275775	0.06841369932939492	0.7331161314593586	0.10225275588914788	99.77086763941936	99.90983865265612	0.002375959783772516	1.0001041827678865
2.3174669897755744	1.87127562275775	0.06841369932939492	0.7331161314593586	0.10225275588914788	99.77086763941936	99.90983865265612	0.002375959783772516	1.0001041827678865
2.3174669897755744	1.87127562275775	0.06841369932939492	0.7331161314593586	0.10225275588914788	99.77086763941936	99.90983865265612	0.002375959783772516	1.0001041827678865
2.3174669897755744	1.87127562275775	0.06841369932939492	0.7331161314593586	0.10225275588914788	99.77086763941936	101.49127048351316	0.002375959783772516	1.0001041827678865
2.3174669897755744	1.87127562275775	0.06841369932939492	0.7331161314593586	0.10225275588914788	99.77086763941936	101.48941544399118	0.002375959783772516	1.0001041827678865
2.3174669897755744	1.87127562275775	0.06841369932939492	0.7331161314593586	0.10225275588914788	99.77086763941936	101.4305729790694	0.002375959783772516	1.0001041827678865
2.3174669897755744	1.87127562275775	0.06841369932939492	0.7331161314593586	0.10225275588914788	99.77086763941936	101.4305729790694	0.0023949464935040894	1.0001041827678865
2.3174669897755744	1.87127562275775	0.06841369932939492	0.7331161314593586	0.10225275588914788	99.77086763941936	101.4305729790694	0.0023949464935040894	1.0001041827678865
2.3174669897755744	1.8712777144574433	0.06841369932939492	0.7331161314593586	0.10225275588914788	99.77086763941936	101.4305729790694	0.0023949464935040894	1.0001041827678865
2.3174669897755744	1.8712777144574433	0.06841369932939492	0.7331161314593586	0.10225275588914788	99.77086763941936	101.43184472614833	0.0023949464935040894	1.0001041827678865
2.3174669897755744	1.8712777144574433	0.06841369932939492	0.7329215816040443	0.10225275588914788	99.77086763941936	101.43184472614833	0.0023949464935040894	1.0001041827678865
2.3174669897755744	1.8712777144574433	0.06841369932939492	0.7329215816040443	0.10225275588914788	99.77191875217497	101.43184472614833	0.0023949464935040894	1.0001041827678865
2.3174669897755744	1.8712777144574433	0.06841369932939492	0.7329215816040443	0.10225275588914788	99.77191875217497	101.43184472614833	0.0023949464935040894	1.0001041827678865
2.3174669897755744	1.8712777144574433	0.06841369932939492	0.7329215816040443	0.10225275588914788	99.77191875217497	101.43184472614833	0.0023950241615859056	1.0001041827678865
2.3174669897755744	1.8712777144574433	0.06841369932939492	0.7329649327840525	0.10225275588914788	99.77191875217497	101.43184472614833	0.0023950241615859056	1.0001041827678865
2.3174669897755744	1.8712777144574433	0.06841369932939492	0.7329649327840525	0.10225275588914788	99.77191875217497	101.43184472614833	0.0023950241615859056	1.0001041827678865
2.3174669897755744	1.8712777144574433	0.06841369932939492	0.7329649327840525	0.10225275588914788	99.77191875217497	101.43184472614833	0.0023950241615859056	1.0001041827678865
2.3174669897755744	1.8712777144574433	0.06841369932939492	0.7329649327840525	0.10225275588914788	99.77210462190256	101.43184472614833	0.0023950241615859056	1.0001041827678865
2.3174669897755744	1.8712777144574433	0.06841369932939492	0.7329649327840525	0.10225275588914788	99.77210462190256	101.43184472614833	0.0023950241615859056	1.000099882498936
2.3174669897755744	1.8712777144574433	0.06841369932939492	0.7329649327840525	0.10225275588914788	99.77210462190256	101.43184472614833	0.0023950241615859056	1.0000996063843641
2.3174669897755744	1.8712777144574433	0.06841369932939492	0.7329649327840525	0.10225275588914788	99.77210462190256	101.43184472614833	0.0023950241615859056	1.0000996063843641
2.3174669897755744	1.8712777144574433	0.06841369932939492	0.7329649327840525	0.10225275588914788	99.77210462190256	101.43184472614833	0.0023950241615859056	1.0000971796488234
2.3174669897755744	1.8712777144574433	0.06841369932939492	0.7329649327840525	0.10225275588914788	99.77210462190256	101.43184472614833	0.0023950241615859056	1.0000971796488234
2.3174669897755744	1.8712777144574433	0.06841369932939492	0.7329649327840525	0.10225275588914788	99.77210462190256	101.43184472614833	0.0023950241615859056	1.0000967866293777
2.3174669897755744	1.8712777144574433	0.06841369932939492	0.7329649327840525	0.10225275588914788	99.77210462190256	101.43184472614833	0.0023949938824464273	1.0000967866293777
2.3174669897755744	1.8712777144574433	0.06841369932939492	0.7329786492093274	0.10225275588914788	99.77210462190256	101.43184472614833	0.0023949938824464273	1.0000967866293777
2.3174669897755744	1.8712777144574433	0.06841369932939492	0.7329786492093274	0.10225275588914788	99.77210462190256	101.43184472614833	0.0023949938824464273	1.0000967866293777
2.317465224292291	1.8712777144574433	0.06841369932939492	0.7329786492093274	0.10225275588914788	99.77210462190256	101.43184472614833	0.0023949938824464273	1.0000967866293777
2.317465224292291	1.8712777144574433	0.06841369932939492	0.7329786492093274	0.10225275588914788	99.77210462190256	101.43143669666338	0.0023949938824464273	1.0000967866293777
2.317465224292291	1.8712794921230398	0.06841369932939492	0.7329786492093274	0.10225275588914788	99.77210462190256	101.43143669666338	0.0023949938824464273	1.0000967866293777
2.317465224292291	1.8712794921230398	0.06841369932939492	0.7329786492093274	0.10225275588914788	99.77210462190256	101.43143669666338	0.0023949938824464273	1.0000967866293777
2.317465224292291	1.8712899944493369	0.06841369932939492	0.7329786492093274	0.10225275588914788	99.77210462190256	101.43143669666338	0.0023949938824464273	1.0000967866293777
2.317465224292291	1.8712899944493369	0.06841369932939492	0.7329786492093274	0.10225275588914788	99.77210462190256	100.89757043608459	0.0023949938824464273	1.0000967866293777
2.317465224292291	1.8712054264063644	0.06841369932939492	0.7329786492093274	0.10225275588914788	99.77210462190256	100.89757043608459	0.0023949938824464273	1.0000967866293777
2.317465224292291	1.8712039739588495	0.06841369932939492	0.7329786492093274	0.10225275588914788	99.77210462190256	100.89757043608459	0.0023949938824464273	1.0000967866293777
2.317465224292291	1.8712039739588495	0.06841369932939492	0.7329786492093274	0.1022513655227652	99.77210462190256	100.89757043608459	0.0023949938824464273	1.0000967866293777
2.317465224292291	1.8712039739588495	0.06841369932939492	0.7329786492093274	0.1022513655227652	99.77210462190256	100.89757043608459	0.0023949938824464273	1.0000967866293777
2.317465224292291	1.8712039739588495	0.06841369932939492	0.7329786492093274	0.1022513655227652	99.77210462190256	100.89757043608459	0.0023949938824464273	1.0000967866293777
2.317465224292291	1.8712039739588495	0.06841369932939492	0.7329786492093274	0.1022513655227652	99.77200281263993	100.89757043608459	0.0023949938824464273	1.0000967866293777
2.317465224292291	1.8712039739588495	0.06841369932939492	0.7329786492093274	0.10235901151640467	99.77200281263993	100.89757043608459	0.0023949938824464273	1.0000967866293777
2.317465224292291	1.8712039739588495	0.06841852864582267	0.7329786492093274	0.10235901151640467	99.77200281263993	100.89757043608459	0.0023949938824464273	1.0000967866293777
2.317465224292291	1.8712039739588495	0.06841852864582267	0.7329786492093274	0.10235901151640467	99.77200281263993	100.89757043608459	0.0023949938824464273	1.0000967866293777
2.317465224292291	1.8712039739588495	0.06841852864582267	0.7329786492093274	0.10235901151640467	99.77200281263993	100.89757043608459	0.0023949938824464273	1.0000967866293777
2.317465224292291	1.8712039739588495	0.06841852864582267	0.7329786492093274	0.10235901151640467	99.77200281263993	100.89757043608459	0.0023949938824464273	1.0000967866293777
2.317465224292291	1.8712039739588495	0.06841852864582267	0.7329786492093274	0.10236001920491421	99.77200281263993	100.89757043608459	0.0023949938824464273	1.0000967866293777
2.317465224292291	1.871233331771821	0.06841852864582267	0.7329786492093274	0.10236001920491421	99.77200281263993	100.89757043608459	0.0023949938824464273	1.0000967866293777
2.317465224292291	1.871233331771821	0.06841852864582267	0.7329786492093274	0.10236001920491421	99.77200281263993	100.89757043608459	0.0023949938824464273	1.0000967866293777
2.317465224292291	1.8708118330707908	0.06841852864582267	0.7329786492093274	0.10236001920491421	99.77200281263993	100.89757043608459	0.0023949938824464273	1.0000967866293777
2.317465224292291	1.8708118330707908	0.06841852864582267	0.7329786492093274	0.10236001920491421	99.77200281263993	100.89757043608459	0.0023949938824464273	1.0000967866293777
2.317465224292291	1.8708118330707908	0.06841852864582267	0.7329786492093274	0.10236002643817685	99.77200281263993	100.89757043608459	0.0023949938824464273	1.0000967866293777
2.317465224292291	1.8708118330707908	0.06841852864582267	0.7329786492093274	0.10236002643817685	99.77207367405225	100.89757043608459	0.0023949938824464273	1.0000967866293777
2.317465224292291	1.8708118330707908	0.06841852864582267	0.7329786492093274	0.10236002643817685	99.77207367405225	100.89757043608459	0.0023949938824464273	1.0000967866293777
2.317465224292291	1.8708118330707908	0.06841852864582267	0.7329786492093274	0.10236002643817685	99.77207367405225	100.89757043608459	0.0023949938824464273	1.0000958302080738
2.317465224292291	1.8708118330707908	0.06841852864582267	0.7329786492093274	0.10236002643817685	99.77207367405225	100.89757043608459	0.0023949938824464273	1.0000958302080738
2.317465224292291	1.8708118330707908	0.06841852864582267	0.7329786492093274	0.10236002643817685	99.77207367405225	100.89757043608459	0.0023949938824464273	1.0000958302080738
2.317465224292291	1.8692955265872138	0.06841852864582267	0.7329786492093274	0.10236002643817685	99.77207367405225	100.89757043608459	0.0023949938824464273	1.0000958302080738
2.317474258943077	1.8692955265872138	0.06841852864582267	0.7329786492093274	0.10236002643817685	99.77207367405225	100.89757043608459	0.0023949938824464273	1.0000958302080738
2.317474258943077	1.8691290951350479	0.06841852864582267	0.7329786492093274	0.10236002643817685	99.77207367405225	100.89757043608459	0.0023949938824464273	1.0000958302080738
2.317445816476523	1.8691290951350479	0.06841852864582267	0.7329786492093274	0.10236002643817685	99.77207367405225	100.89757043608459	0.0023949938824464273	1.0000958302080738
2.317445595164492	1.8691290951350479	0.06841852864582267	0.7329786492093274	0.10236002643817685	99.77207367405225	100.89757043608459	0.0023949938824464273	1.0000958302080738
2.317445595164492	1.8691290951350479	0.06841852864582267	0.7329786492093274	0.10236002643817685	99.77207367405225	100.89757043608459	0.0023949938824464273	1.0000958302080738
2.317445595164492	1.8691290951350479	0.06841852864582267	0.7329786492093274	0.10236002643817685	99.77207367405225	100.89757043608459	0.0023949938824464273	1.0000958302080738
2.317445595164492	1.8691290951350479	0.06841852864582267	0.7329786492093274	0.10236002643817685	99.77207367405225	100.89757043608459	0.0023949938824464273	1.0000958302080738
2.317445595164492	1.8691290951350479	0.06841852864582267	0.7329786492093274	0.1024249065350096	99.77207367405225	100.89757043608459	0.0023949938824464273	1.0000958302080738
2.317445595164492	1.8691290951350479	0.06841852864582267	0.7329786492093274	0.1024249065350096	99.77207367405225	100.8978235964673	0.0023949938824464273	1.0000958302080738
2.317445595164492	1.8691290951350479	0.06841852864582267	0.7329786492093274	0.1024249065350096	99.77207367405225	100.8978235964673	0.0023949938824464273	1.0000958302080738
2.317445595164492	1.8691290951350479	0.06841852864582267	0.7329786492093274	0.1024249065350096	99.77207367405225	100.8978235964673	0.0023949938824464273	1.0000958302080738
2.317445595164492	1.8691440171755505	0.06841852864582267	0.7329786492093274	0.1024249065350096	99.77207367405225	100.8978235964673	0.0023949938824464273	1.0000958302080738
2.31744336378489	1.8691440171755505	0.06841852864582267	0.7329786492093274	0.1024249065350096	99.77207367405225	100.8978235964673	0.0023949938824464273	1.0000958302080738
2.31943503913484	1.8691440171755505	0.06841852864582267	0.7329786492093274	0.1024249065350096	99.77207367405225	100.8978235964673	0.0023949938824464273	1.0000958302080738
2.31943503913484	1.8691440171755505	0.06841852864582267	0.7329786492093274	0.1024249065350096	99.77207367405225	100.8978235964673	0.0023949938824464273	1.0000958302080738
2.31943503913484	1.8691440171755505	0.06841852864582267	0.7329786492093274	0.1024249065350096	99.77207367405225	100.8978235964673	0.0023949938824464273	1.0000958302080738
2.31943503913484	1.8691440171755505	0.06841852864582267	0.7329786492093274	0.1024249065350096	99.77207367405225	100.8978235964673	0.0023949938824464273	1.0000958302080738
2.31943503913484	1.8691440171755505	0.06841852864582267	0.7329786492093274	0.10243227656345368	99.77207367405225	100.8978235964673	0.0023949938824464273	1.0000958302080738
2.31943503913484	1.8691440171755505	0.06841852864582267	0.7329786492093274	0.10243227656345368	99.77207367405225	100.8978235964673	0.002395025920077244	1.0000958302080738
2.31943503913484	1.8691440171755505	0.06841852864582267	0.7329675701522933	0.10243227656345368	99.77207367405225	100.8978235964673	0.002395025920077244	1.0000958302080738
2.31943503913484	1.8691440171755505	0.06841852864582267	0.7329675701522933	0.10243227656345368	99.77207367405225	100.90114085359876	0.002395025920077244	1.0000958302080738
2.31943503913484	1.8691440171755505	0.06841852864582267	0.7329675701522933	0.10243227656345368	99.77207367405225	100.90114085359876	0.002402070968797903	1.0000958302080738
2.31943503913484	1.8691440171755505	0.06841852864582267	0.7329675701522933	0.10243230574101268	99.77207367405225	100.90114085359876	0.002402070968797903	1.0000958302080738
2.319431823575585	1.8691440171755505	0.06841852864582267	0.7329675701522933	0.10243230574101268	99.77207367405225	100.90114085359876	0.002402070968797903	1.0000958302080738
2.319431823575585	1.8691440171755505	0.06841852864582267	0.7329675701522933	0.10243230574101268	99.77207367405225	100.90386975472619	0.002402070968797903	1.0000958302080738
2.319431823575585	1.8691440171755505	0.06841852864582267	0.7329675701522933	0.10243230574101268	99.77207367405225	100.90386975472619	0.00254813349074733	1.0000958302080738
2.319431823575585	1.8691440171755505	0.06841852864582267	0.7329675701522933	0.10243330259458809	99.77207367405225	100.90386975472619	0.00254813349074733	1.0000958302080738
2.319431823575585	1.8691440171755505	0.06841852864582267	0.7329675701522933	0.10243330259458809	99.77207367405225	100.90386975472619	0.00254813349074733	1.0000958302080738
2.319431823575585	1.8691440171755505	0.06841852864582267	0.7329675701522933	0.10243330259458809	99.77207367405225	100.90386975472619	0.00254813349074733	1.0000958286877553
2.319431823575585	1.8691440171755505	0.06841486818389461	0.7329675701522933	0.10243330259458809	99.77207367405225	100.90386975472619	0.00254813349074733	1.0000958286877553
2.319431823575585	1.8691440171755505	0.06841486818389461	0.7329675701522933	0.10243330259458809	99.77219303741384	100.90386975472619	0.00254813349074733	1.0000958286877553
2.319431823575585	1.8691440171755505	0.06841486818389461	0.7329675701522933	0.10243330259458809	99.77219303741384	100.90386975472619	0.00254813349074733	1.0000958286877553
2.319431823575585	1.8691440171755505	0.06841486818389461	0.7329675701522933	0.10243330259458809	99.77219303741384	100.90386975472619	0.002546557819170222	1.0000958286877553
2.319431823575585	1.8691440171755505	0.06841486818389461	0.7329675701522933	0.10243330259458809	99.77219303741384	100.90386975472619	0.002546557819170222	1.0000958286877553
2.319431823575585	1.8691440171755505	0.06841486818389461	0.7329675701522933	0.10243330259458809	99.77219303741384	100.90503911495833	0.002546557819170222	1.0000958286877553
2.319431823575585	1.8691440171755505	0.06841486818389461	0.7329675701522933	0.10243330259458809	99.77262952368595	100.90503911495833	0.002546557819170222	1.0000958286877553
2.319432019742388	1.8691440171755505	0.06841486818389461	0.7329675701522933	0.10243330259458809	99.77262952368595	100.90503911495833	0.002546557819170222	1.0000958286877553
2.319432019742388	1.8691440171755505	0.06841486818389461	0.7329675701522933	0.10243330259458809	99.69865051135966	100.90503911495833	0.002546557819170222	1.0000958286877553
2.319432019742388	1.8691440171755505	0.06841486818389461	0.7329675701522933	0.10243330259458809	99.69966340242296	100.90503911495833	0.002546557819170222	1.0000958286877553
2.319432019742388	1.8691440171755505	0.06841486818389461	0.7329675701522933	0.10243330259458809	99.69966340242296	100.90503911495833	0.002546557819170222	1.0000958286877553
2.319432019742388	1.8691440171755505	0.06841486818389461	0.7329675701522933	0.10243330259458809	99.69966340242296	100.90503911495833	0.002681365483777853	1.0000958286877553
2.319432019742388	1.8691440171755505	0.06841486818389461	0.7329675701522933	0.10243330259458809	99.69966340242296	100.90503911495833	0.002681365483777853	1.0000958286877553
2.319432019742388	1.8691440171755505	0.06841486818389461	0.7330658447709161	0.10243330259458809	99.69966340242296	100.90503911495833	0.002681365483777853	1.0000958286877553
2.319432019742388	1.8691440171755505	0.06841486818389461	0.7330658447709161	0.10243330259458809	99.69966340242296	100.90503911495833	0.0026822853596780616	1.0000958286877553
2.3194323416704496	1.8691440171755505	0.06841486818389461	0.7330658447709161	0.10243330259458809	99.69966340242296	100.90503911495833	0.0026822853596780616	1.0000958286877553
2.3194323416704496	1.86913981174036	0.06841486818389461	0.7330658447709161	0.10243330259458809	99.69966340242296	100.90503911495833	0.0026822853596780616	1.0000958286877553
2.3194323416704496	1.86913981174036	0.06841486818389461	0.7330658447709161	0.10243330259458809	99.69966340242296	100.90503911495833	0.0026822853596780616	1.0000957469394873
2.3194323416704496	1.86913981174036	0.06841486818389461	0.7330658447709161	0.10243330259458809	99.69966340242296	100.90503911495833	0.0026822853596780616	1.0000957469394873
2.3194312307256237	1.86913981174036	0.06841486818389461	0.7330658447709161	0.10243330259458809	99.69966340242296	100.90503911495833	0.0026822853596780616	1.0000957469394873
2.3194312307256237	1.86913981174036	0.06841486818389461	0.7330658447709161	0.10243330259458809	99.69966340242296	100.90503911495833	0.0026814752327434734	1.0000957469394873
2.3194312307256237	1.86913981174036	0.06841486818389461	0.7330658447709161	0.10171384545585371	99.69966340242296	100.90503911495833	0.0026814752327434734	1.0000957469394873
2.3194312307256237	1.86913981174036	0.06841486818389461	0.7330658447709161	0.10171384545585371	99.69966340242296	100.90503911495833	0.0026814752327434734	1.0000957469394873
2.3194312307256237	1.86913981174036	0.06841578788695812	0.7330658447709161	0.10171384545585371	99.69966340242296	100.90503911495833	0.0026814752327434734	1.0000957469394873
2.3194312307256237	1.86913981174036	0.06841578788695812	0.7330658447709161	0.10171384545585371	99.69966340242296	100.90503911495833	0.002672409508179957	1.0000957469394873
2.3194312307256237	1.86913981174036	0.06841578788695812	0.7330658447709161	0.10171384545585371	99.69966340242296	100.90503911495833	0.002672409508179957	1.0000957469394873
2.3194312307256237	1.86913981174036	0.06842521067738991	0.7330658447709161	0.10171384545585371	99.69966340242296	100.90503911495833	0.002672409508179957	1.0000957469394873
2.3194312307256237	1.8691448596885822	0.06842521067738991	0.7330658447709161	0.10171384545585371	99.69966340242296	100.90503911495833	0.002672409508179957	1.0000957469394873
2.3194312307256237	1.8691448596885822	0.06842521067738991	0.7330658447709161	0.10171384545585371	99.69966340242296	100.90503911495833	0.002672409508179957	1.0000957469394873
2.3194312307256237	1.8691448596885822	0.06842521067738991	0.7330658447709161	0.10197917222867872	99.69966340242296	100.90503911495833	0.002672409508179957	1.0000957469394873
2.3194832095423377	1.8691448596885822	0.06842521067738991	0.7330658447709161	0.10197917222867872	99.69966340242296	100.90503911495833	0.002672409508179957	1.0000957469394873
2.3194832095423377	1.8691448596885822	0.06842521067738991	0.7330658447709161	0.10197917222867872	99.69966340242296	100.90503911495833	0.002672409508179957	1.0000957469394873
2.3194832095423377	1.8691448596885822	0.06843854882424244	0.7330658447709161	0.10197917222867872	99.69966340242296	100.90503911495833	0.002672409508179957	1.0000957469394873
2.3194832095423377	1.8691448596885822	0.06843854882424244	0.7330658447709161	0.10197917222867872	99.69966340242296	100.90503911495833	0.002672409508179957	1.0000957469394873
2.3194832095423377	1.8691523340485485	0.06843854882424244	0.7330658447709161	0.10197917222867872	99.69966340242296	100.90503911495833	0.002672409508179957	1.0000957469394873
2.3194832095423377	1.8691523340485485	0.06843854882424244	0.7330658447709161	0.10197917222867872	99.69966340242296	100.90503911495833	0.002672409508179957	1.0000957469394873
2.3194832095423377	1.8691523340485485	0.06843854882424244	0.7330658447709161	0.10197917222867872	99.69966340242296	100.90503911495833	0.002672409508179957	1.0000957469394873
2.3191887412196217	1.8691523340485485	0.06843854882424244	0.7330658447709161	0.10197917222867872	99.69966340242296	100.90503911495833	0.002672409508179957	1.0000957469394873
2.3191887412196217	1.8691523340485485	0.06843854882424244	0.7330658447709161	0.10197917222867872	99.69966340242296	100.90503911495833	0.002672409508179957	1.0000957469394873
2.3191887412196217	1.8691523340485485	0.06843854882424244	0.7330658447709161	0.10197917222867872	99.69966340242296	100.90503911495833	0.002672409508179957	1.0000929935550935
2.3191887412196217	1.8691523340485485	0.06843854882424244	0.7330658447709161	0.10197917222867872	99.69966340242296	100.721074962386	0.002672409508179957	1.0000929935550935
2.3191887412196217	1.8691523340485485	0.06843854882424244	0.7330658447709161	0.10197917222867872	99.69966340242296	100.72088216187288	0.002672409508179957	1.0000929935550935
2.3191605176599626	1.8691523340485485	0.06843854882424244	0.7330658447709161	0.10197917222867872	99.69966340242296	100.72088216187288	0.002672409508179957	1.0000929935550935
2.3191605176599626	1.86915458296391	0.06843854882424244	0.7330658447709161	0.10197917222867872	99.69966340242296	100.72088216187288	0.002672409508179957	1.0000929935550935
2.3191605176599626	1.86915458296391	0.06843854882424244	0.7330658447709161	0.10197917222867872	99.69966340242296	100.72088216187288	0.002672409508179957	1.0000929935550935
2.3191605176599626	1.86915458296391	0.06843854882424244	0.7330658447709161	0.10197917222867872	99.69966340242296	100.72088216187288	0.002672409508179957	1.0000929935550935
2.3191605176599626	1.86915458296391	0.06843854882424244	0.7330658447709161	0.10197917222867872	99.69966340242296	100.72088216187288	0.002672409508179957	1.0000929935550935
2.3191605176599626	1.86915458296391	0.06843854882424244	0.7330658447709161	0.10217160869844463	99.69966340242296	100.72088216187288	0.002672409508179957	1.0000929935550935
2.3191605176599626	1.86915458296391	0.06843854882424244	0.7330658447709161	0.10217160869844463	99.69966340242296	100.72088216187288	0.002672409508179957	1.0000929935550935
2.3191605176599626	1.86915458296391	0.06843878312057919	0.7330658447709161	0.10217160869844463	99.69966340242296	100.72088216187288	0.002672409508179957	1.0000929935550935
2.3191605176599626	1.86915458296391	0.06843878312057919	0.7330658447709161	0.10217160869844463	99.69966340242296	100.72088216187288	0.002672409508179957	1.0000929935550935
2.3191605176599626	1.86915458296391	0.06843878312057919	0.7330658447709161	0.10217160869844463	99.69966340242296	100.72230374628262	0.002672409508179957	1.0000929935550935
2.3191605176599626	1.869154850891725	0.06843878312057919	0.7330658447709161	0.10217160869844463	99.69966340242296	100.72230374628262	0.002672409508179957	1.0000929935550935
2.3191605176599626	1.869154850891725	0.06843878312057919	0.7330658447709161	0.10217160869844463	99.69966340242296	100.72230374628262	0.002672409508179957	1.0000929935550935
2.3191605176599626	1.869154850891725	0.06843878312057919	0.7330658447709161	0.10217160869844463	99.69966340242296	100.72230374628262	0.002672409508179957	1.0000929935550935
2.3191605176599626	1.869157017232154	0.06843878312057919	0.7330658447709161	0.10217160869844463	99.69966340242296	100.72230374628262	0.002672409508179957	1.0000929935550935
2.3191605176599626	1.8718454090777394	0.06843878312057919	0.7330658447709161	0.10217160869844463	99.69966340242296	100.72230374628262	0.002672409508179957	1.0000929935550935
2.3191605176599626	1.8718454090777394	0.06843878312057919	0.7330658447709161	0.10217160869844463	99.69966340242296	100.72230374628262	0.002672409508179957	1.0000929935550935
2.3191605176599626	1.8718454090777394	0.06843878312057919	0.7330658447709161	0.10217160869844463	99.69966340242296	100.72230374628262	0.002672409508179957	1.0000929935550935
2.3191605176599626	1.8718454090777394	0.06843878312057919	0.7330658447709161	0.10217160869844463	99.69966340242296	100.71568057014214	0.002672409508179957	1.0000929935550935
2.3191635108712325	1.8718454090777394	0.06843878312057919	0.7330658447709161	0.10217160869844463	99.69966340242296	100.71568057014214	0.002672409508179957	1.0000929935550935
2.319160086136018	1.8718454090777394	0.06843878312057919	0.7330658447709161	0.10217160869844463	99.69966340242296	100.71568057014214	0.002672409508179957	1.0000929935550935
2.319160086136018	1.8718454090777394	0.06843878312057919	0.7330658447709161	0.10217160869844463	99.69956879341007	100.71568057014214	0.002672409508179957	1.0000929935550935
2.319160086136018	1.8718454090777394	0.06843878312057919	0.7330658447709161	0.10217160869844463	99.69956879341007	100.71568057014214	0.002672247400228818	1.0000929935550935
2.319160086136018	1.8718454090777394	0.06843878312057919	0.7331533536530909	0.10217160869844463	99.69956879341007	100.71568057014214	0.002672247400228818	1.0000929935550935
2.319160086136018	1.8718454090777394	0.06843878312057919	0.7331533536530909	0.10217160869844463	99.69956879341007	100.71568057014214	0.002672247400228818	1.0000929935550935
2.319160086136018	1.8718454090777394	0.06843878312057919	0.7331533536530909	0.10217160869844463	99.69603324279474	100.71568057014214	0.002672247400228818	1.0000929935550935
2.3191601992067006	1.8718454090777394	0.06843878312057919	0.7331533536530909	0.10217160869844463	99.69603324279474	100.71568057014214	0.002672247400228818	1.0000929935550935
2.3191601992067006	1.8718454090777394	0.06843878312057919	0.7331473024930051	0.10217160869844463	99.69603324279474	100.71568057014214	0.002672247400228818	1.0000929935550935
2.3191601992067006	1.8718454090777394	0.06843878312057919	0.7331473024930051	0.10217160869844463	99.69857202917414	100.71568057014214	0.002672247400228818	1.0000929935550935
2.3191601992067006	1.8718454090777394	0.06843878312057919	0.7331473024930051	0.10217160869844463	99.69857202917414	100.71568057014214	0.002672247400228818	1.0000879866637709
2.3191601992067006	1.8718454090777394	0.06843878312057919	0.7331473024930051	0.10217160869844463	99.69857202917414	100.71568057014214	0.002672247400228818	1.0000879866637709
2.3191119217959115	1.8718454090777394	0.06843878312057919	0.7331473024930051	0.10217160869844463	99.69857202917414	100.71568057014214	0.002672247400228818	1.0000879866637709
2.3191119217959115	1.8718454090777394	0.06843878312057919	0.7331473024930051	0.10217160869844463	99.69857202917414	100.71568057014214	0.002672247400228818	1.0000879866637709
2.3191119217959115	1.8718454090777394	0.06843878312057919	0.7331473024930051	0.10217160869844463	99.69857202917414	100.71568057014214	0.002672247400228818	1.0000879866637709
2.3191119217959115	1.8718454090777394	0.06843878312057919	0.7331473024930051	0.10217160869844463	99.69848143514668	100.71568057014214	0.002672247400228818	1.0000879866637709
2.3191119217959115	1.8718454090777394	0.06843878312057919	0.7331473024930051	0.10217160869844463	99.69848143514668	100.71568057014214	0.002672376362089715	1.0000879866637709
2.3191119217959115	1.8718454090777394	0.06843878312057919	0.7331473024930051	0.10217160869844463	99.69848143514668	100.71568057014214	0.002672377394312683	1.0000879866637709
2.3191119217959115	1.8718454090777394	0.06843878312057919	0.7331473024930051	0.10217160869844463	99.69848143514668	100.71568057014214	0.0026532452337641884	1.0000879866637709
2.3191119217959115	1.8718454090777394	0.06843878312057919	0.7331473024930051	0.10217160869844463	99.69848143514668	100.71568057014214	0.0026532452337641884	1.0000879866637709
2.3191119217959115	1.8718454090777394	0.06843878312057919	0.7331473024930051	0.10217160869844463	99.69848143514668	100.71568057014214	0.0026532452337641884	1.0000879866637709
2.3191119217959115	1.8718454090777394	0.06843878312057919	0.7331473024930051	0.10217160869844463	99.69848143514668	100.71568057014214	0.0026532452337641884	1.0000879866637709
2.3191119217959115	1.8718454090777394	0.06845126549496923	0.7331473024930051	0.10217160869844463	99.69848143514668	100.71568057014214	0.0026532452337641884	1.0000879866637709
2.3191119217959115	1.8718499043164982	0.06845126549496923	0.7331473024930051	0.10217160869844463	99.69848143514668	100.71568057014214	0.0026532452337641884	1.0000879866637709
2.3191119217959115	1.8718499043164982	0.06845126549496923	0.7331473024930051	0.10217160869844463	99.69848143514668	100.96984881762324	0.0026532452337641884	1.0000879866637709
2.3191119217959115	1.8718499043164982	0.06845126549496923	0.7331473024930051	0.10217160869844463	99.69848143514668	100.96984881762324	0.0026532452337641884	1.0000879866637709
2.3191119217959115	1.8718499043164982	0.06840482944702028	0.7331473024930051	0.10217160869844463	99.69848143514668	100.96984881762324	0.0026532452337641884	1.0000879866637709
2.3191119217959115	1.871941292798412	0.06840482944702028	0.7331473024930051	0.10217160869844463	99.69848143514668	100.96984881762324	0.0026532452337641884	1.0000879866637709
2.3191119217959115	1.871941292798412	0.06840482944702028	0.7331473024930051	0.10217160869844463	99.69848143514668	100.96984881762324	0.0026532452337641884	1.0000879866637709
2.3191119217959115	1.871941292798412	0.06840482944702028	0.7331473024930051	0.10217160869844463	99.69848143514668	100.96984881762324	0.0026532452337641884	1.0000879866637709
2.3191119217959115	1.871941292798412	0.06840482944702028	0.7331473024930051	0.10217160869844463	99.69848143514668	100.96984881762324	0.0026532452337641884	1.0000879866637709
2.3191119217959115	1.871941292798412	0.06840482944702028	0.7331473024930051	0.10217160869844463	99.69848143514668	100.96984881762324	0.0026532452337641884	1.0000879866637709
2.3191119217959115	1.871941292798412	0.06840482944702028	0.7331473024930051	0.10217160869844463	99.69881322812435	100.96984881762324	0.0026532452337641884	1.0000879866637709
2.3191119217959115	1.871941292798412	0.06840482944702028	0.7331473024930051	0.10217160869844463	99.69881322812435	100.96984881762324	0.0026509321297749633	1.0000879866637709
2.3191119217959115	1.871941292798412	0.06840482944702028	0.7331473024930051	0.10217160869844463	99.69881322812435	100.96984881762324	0.0026509321297749633	1.0000879866637709
2.3191119217959115	1.871941292798412	0.06840482944702028	0.7331473024930051	0.10217160869844463	99.69881322812435	100.96984881762324	0.002651087869308211	1.0000879866637709
2.3191119217959115	1.871941292798412	0.06840482944702028	0.7331473024930051	0.10217160869844463	99.69881322812435	100.96984881762324	0.002651087869308211	1.0000879866637709
2.3191119217959115	1.871941292798412	0.06840482944702028	0.7331473024930051	0.10217160869844463	99.69881322812435	100.96984881762324	0.002651087869308211	1.0000879866637709
2.3191119217959115	1.871941292798412	0.06840482944702028	0.7331473024930051	0.10217160869844463	99.69881322812435	100.96984881762324	0.002651087869308211	1.0000879866637709
2.3190911054700956	1.871941292798412	0.06840482944702028	0.7331473024930051	0.10217160869844463	99.69881322812435	100.96984881762324	0.002651087869308211	1.0000879866637709
2.3190911054700956	1.871941292798412	0.06840482944702028	0.7331473024930051	0.10217160869844463	99.69881322812435	100.96984881762324	0.002651087869308211	1.0000879866637709
2.3190911054700956	1.871941292798412	0.06840482944702028	0.7331473024930051	0.10217160869844463	99.69881322812435	100.96984881762324	0.002651087869308211	1.0000874078674984
2.3190911054700956	1.871941292798412	0.06840482944702028	0.7331473024930051	0.10217160869844463	99.69881322812435	100.96984881762324	0.002651087869308211	1.0000876028302548
2.3190911054700956	1.871941292798412	0.06840482944702028	0.7331473024930051	0.10217160869844463	99.69881322812435	100.96984881762324	0.002651087869308211	1.0000885948174645
2.3190911054700956	1.871941292798412	0.06840482944702028	0.7331473024930051	0.10217160869844463	99.69881322812435	100.96984881762324	0.002651087869308211	1.0000885948174645
2.3190911054700956	1.871941292798412	0.06840482944702028	0.7331473024930051	0.10217160869844463	99.69881322812435	100.96984881762324	0.002651087869308211	1.0000885948174645
2.3180181515970277	1.871941292798412	0.06840482944702028	0.7331473024930051	0.10217160869844463	99.69881322812435	100.96984881762324	0.002651087869308211	1.0000885948174645
2.3180181515970277	1.871941292798412	0.06840482944702028	0.7331473024930051	0.10217160869844463	99.69881322812435	100.97136566690774	0.002651087869308211	1.0000885948174645
2.3180181515970277	1.871941292798412	0.06840482944702028	0.7331473024930051	0.10217160869844463	99.69881322812435	100.97136566690774	0.002651087869308211	1.0000885948174645
2.3180181515970277	1.871941292798412	0.06840482944702028	0.7331473024930051	0.10217160869844463	99.69881322812435	100.97136566690774	0.002651087869308211	1.0000885948174645
2.3180181515970277	1.8719266112078636	0.06840482944702028	0.7331473024930051	0.10217160869844463	99.69881322812435	100.97136566690774	0.002651087869308211	1.0000885948174645
2.3180181515970277	1.8719266112078636	0.06840482944702028	0.7331473024930051	0.10217160869844463	99.69881322812435	100.97136566690774	0.002651087869308211	1.0000885948174645
2.3178234542405387	1.8719266112078636	0.06840482944702028	0.7331473024930051	0.10217160869844463	99.69881322812435	100.97136566690774	0.002651087869308211	1.0000885948174645
2.3178234542405387	1.8719266112078636	0.06840482944702028	0.7331473024930051	0.10217160869844463	99.69881322812435	100.97562372984015	0.002651087869308211	1.0000885948174645
2.3178234542405387	1.8719266112078636	0.06840657602175688	0.7331473024930051	0.10217160869844463	99.69881322812435	100.97562372984015	0.002651087869308211	1.0000885948174645
2.3178234542405387	1.8719266112078636	0.06840657602175688	0.7331473024930051	0.10217160869844463	99.69881322812435	100.97562372984015	0.002651087869308211	1.0000885948174645
2.3178234542405387	1.8719266112078636	0.06840657602175688	0.7331473024930051	0.10217160869844463	99.69881322812435	100.97562372984015	0.002651338364121092	1.0000885948174645
2.3178234542405387	1.8719266112078636	0.06840657602175688	0.7331473024930051	0.10217160869844463	99.69881322812435	100.97562372984015	0.002651338364121092	1.0000885948174645
2.3178234542405387	1.8719266112078636	0.06840657602175688	0.7331473024930051	0.10217160869844463	99.69881322812435	100.97562372984015	0.002651338364121092	1.000088958361715
2.3178234542405387	1.8719266112078636	0.06840657602175688	0.7331473024930051	0.10217160869844463	99.69881322812435	100.97562372984015	0.002651338364121092	1.000088958361715
2.3178234542405387	1.8716577373987373	0.06840657602175688	0.7331473024930051	0.10217160869844463	99.69881322812435	100.97562372984015	0.002651338364121092	1.000088958361715
2.3178234542405387	1.8716577373987373	0.06840657602175688	0.7331473024930051	0.10218094173098961	99.69881322812435	100.97562372984015	0.002651338364121092	1.000088958361715
2.317821954981872	1.8716577373987373	0.06840657602175688	0.7331473024930051	0.10218094173098961	99.69881322812435	100.97562372984015	0.002651338364121092	1.000088958361715
2.317821954981872	1.8716575161435856	0.06840657602175688	0.7331473024930051	0.10218094173098961	99.69881322812435	100.97562372984015	0.002651338364121092	1.000088958361715
2.3178388155687997	1.8716575161435856	0.06840657602175688	0.7331473024930051	0.10218094173098961	99.69881322812435	100.97562372984015	0.002651338364121092	1.000088958361715
2.3178388155687997	1.8716575161435856	0.06840657602175688	0.7331473024930051	0.10218094173098961	99.69881322812435	100.97562372984015	0.002651338364121092	1.000088958361715
2.3178388155687997	1.8716575161435856	0.06840657602175688	0.7331473024930051	0.10218094173098961	99.69881322812435	100.97562372984015	0.002651338364121092	1.000088958361715
2.3178388155687997	1.8716575161435856	0.06840657602175688	0.7331473024930051	0.10218094173098961	99.69881322812435	100.97562372984015	0.002651338364121092	1.000088958361715
2.3178388155687997	1.8716575161435856	0.06840657602175688	0.7331473024930051	0.10218094173098961	99.69881322812435	100.97562372984015	0.002651338364121092	1.000088958361715
2.3178388155687997	1.8716575161435856	0.06840657602175688	0.7331473024930051	0.10218094173098961	99.69881322812435	100.97562372984015	0.002651338364121092	1.000088958361715
2.3178388155687997	1.8716575161435856	0.06840657602175688	0.7331473024930051	0.10218094173098961	99.69881322812435	101.02239735990723	0.002651338364121092	1.000088958361715
2.3178388155687997	1.8716575161435856	0.06840657602175688	0.7331473024930051	0.10218094173098961	99.6975850781634	101.02239735990723	0.002651338364121092	1.000088958361715
2.3178388155687997	1.8716575161435856	0.06840657602175688	0.7331473024930051	0.10218094173098961	99.6975850781634	101.02239735990723	0.002651338364121092	1.000088958361715
2.3178388155687997	1.8716575161435856	0.06840657602175688	0.7331473024930051	0.10218094173098961	99.6975850781634	101.02239735990723	0.002651338364121092	1.000088958361715
2.3178388155687997	1.8716575161435856	0.06840657602175688	0.7331473024930051	0.10218094173098961	99.6975850781634	101.02239735990723	0.002651338364121092	1.000088958361715
2.3178388155687997	1.8716575161435856	0.06840657602175688	0.7331473024930051	0.10218094173098961	99.6975850781634	101.02239735990723	0.002651338364121092	1.000088958361715
2.3178388155687997	1.8716575161435856	0.06840657602175688	0.7331473024930051	0.10218094173098961	99.6975850781634	101.02239735990723	0.002651338364121092	1.000088958361715
2.3178388155687997	1.8716575161435856	0.06840657602175688	0.7331473024930051	0.10218094173098961	99.6975850781634	101.02239735990723	0.002652767722570466	1.000088958361715
2.3178388155687997	1.8716575161435856	0.06840657602175688	0.7331473024930051	0.10218094173098961	99.6975850781634	101.02239735990723	0.002652767722570466	1.000088958361715
2.3178388155687997	1.8716575161435856	0.06840657602175688	0.7331473024930051	0.10218094173098961	99.69072451798158	101.02239735990723	0.002652767722570466	1.000088958361715
2.3178388155687997	1.8707336569961441	0.06840657602175688	0.7331473024930051	0.10218094173098961	99.69072451798158	101.02239735990723	0.002652767722570466	1.000088958361715
2.3178388155687997	1.8707336569961441	0.06839624563140534	0.7331473024930051	0.10218094173098961	99.69072451798158	101.02239735990723	0.002652767722570466	1.000088958361715
2.3178388155687997	1.8707336569961441	0.06840147900293045	0.7331473024930051	0.10218094173098961	99.69072451798158	101.02239735990723	0.002652767722570466	1.000088958361715
2.3178388155687997	1.8753578194107747	0.06840147900293045	0.7331473024930051	0.10218094173098961	99.69072451798158	101.02239735990723	0.002652767722570466	1.000088958361715
2.3178388155687997	1.8753578194107747	0.06840147900293045	0.7331473024930051	0.10218094173098961	99.69072451798158	101.02239735990723	0.002652767722570466	1.000088958361715
2.3178388155687997	1.8753578194107747	0.06840147900293045	0.7331473024930051	0.10218094173098961	99.69072451798158	101.02239735990723	0.002652767722570466	1.0000889984466177
2.3178388155687997	1.8753578194107747	0.06840147900293045	0.7331075824115827	0.10218094173098961	99.69072451798158	101.02239735990723	0.002652767722570466	1.0000889984466177
2.3178388155687997	1.8753578194107747	0.06840147900293045	0.7331075824115827	0.10218094173098961	99.69072451798158	101.02239735990723	0.002652767722570466	1.0000889984466177
2.3178388155687997	1.8753578194107747	0.06840147900293045	0.7331075824115827	0.10218094173098961	99.69072451798158	101.02239735990723	0.002652767722570466	1.0000889984466177
2.3178388155687997	1.8753578194107747	0.06840147900293045	0.7331068437388678	0.10218094173098961	99.69072451798158	101.02239735990723	0.002652767722570466	1.0000889984466177
2.3178388155687997	1.8753578194107747	0.06840147900293045	0.7331068437388678	0.10218094173098961	99.69072451798158	100.78836746813384	0.002652767722570466	1.0000889984466177
2.3178388155687997	1.8753578194107747	0.06840147900293045	0.7331068437388678	0.10218094173098961	99.69072451798158	100.78836746813384	0.002652767722570466	1.0000889984466177
2.3178388155687997	1.8753578194107747	0.06840147900293045	0.7331068437388678	0.1017782612812707	99.69072451798158	100.78836746813384	0.002652767722570466	1.0000889984466177
2.3178552720169754	1.8753578194107747	0.06840147900293045	0.7331068437388678	0.1017782612812707	99.69072451798158	100.78836746813384	0.002652767722570466	1.0000889984466177
2.3178552720169754	1.8753578194107747	0.06840147900293045	0.7331068437388678	0.1017782612812707	99.69072451798158	100.78836746813384	0.002652767722570466	1.0000889984466177
2.3178552720169754	1.8753578194107747	0.06840147900293045	0.7331068437388678	0.1017782612812707	99.69072451798158	100.78836746813384	0.002652767722570466	1.0000889984466177
2.3178552720169754	1.8753578194107747	0.06840147900293045	0.7331068437388678	0.1017782612812707	99.69072451798158	100.78836746813384	0.00261973952040242	1.0000889984466177
2.3178552720169754	1.8753485958244203	0.06840147900293045	0.7331068437388678	0.1017782612812707	99.69072451798158	100.78836746813384	0.00261973952040242	1.0000889984466177
2.3178552720169754	1.8753485958244203	0.06840147900293045	0.7331068437388678	0.1017782612812707	99.69072451798158	100.63975633720423	0.00261973952040242	1.0000889984466177
2.3178552720169754	1.8753485958244203	0.06840147900293045	0.7331068437388678	0.1017782612812707	99.69072451798158	100.63975633720423	0.00261973952040242	1.0000889984466177
2.3178552720169754	1.8753485958244203	0.06840147900293045	0.7331068437388678	0.1017782612812707	99.69072451798158	100.56409978016121	0.00261973952040242	1.0000889984466177
2.3178552720169754	1.8753485958244203	0.06840147900293045	0.7331068437388678	0.1017782612812707	99.68522609118699	100.56409978016121	0.00261973952040242	1.0000889984466177
2.3178552720169754	1.8753485958244203	0.06840147900293045	0.7331068437388678	0.1017782612812707	99.68522609118699	100.56409978016121	0.00261973952040242	1.0000889984466177
2.3178552720169754	1.8753485958244203	0.06840147900293045	0.7331068437388678	0.1017782612812707	99.68522609118699	100.56409978016121	0.00261973952040242	1.0000889984466177
2.3178552720169754	1.8753485958244203	0.06840147900293045	0.7331068437388678	0.1017782612812707	99.68522609118699	100.56409978016121	0.00261973952040242	1.0000888786848297
2.3178552720169754	1.8727584694928985	0.06840147900293045	0.7331068437388678	0.1017782612812707	99.68522609118699	100.56409978016121	0.00261973952040242	1.0000888786848297
2.3178552720169754	1.8727584694928985	0.06840147900293045	0.7331068437388678	0.10177865437574887	99.68522609118699	100.56409978016121	0.00261973952040242	1.0000888786848297
2.3178552720169754	1.8727584694928985	0.06840147900293045	0.7331068437388678	0.10177865437574887	99.68522609118699	100.48966650252723	0.00261973952040242	1.0000888786848297
2.3178552720169754	1.8727584694928985	0.06840147900293045	0.7331068437388678	0.10178121634149138	99.68522609118699	100.48966650252723	0.00261973952040242	1.0000888786848297
2.3178552720169754	1.8727584694928985	0.06840147900293045	0.7331068437388678	0.10178121634149138	99.68522609118699	100.48966650252723	0.00261973952040242	1.0000888786848297
2.3178552720169754	1.8727584694928985	0.06840147900293045	0.7331068437388678	0.10178121634149138	99.68522609118699	100.48966650252723	0.00261973952040242	1.0000888786848297
2.3178552720169754	1.8727584694928985	0.06840147900293045	0.7331068437388678	0.10178121634149138	99.68522609118699	100.48966650252723	0.00261973952040242	1.0000887916970307
2.3178552720169754	1.8727584694928985	0.06840147900293045	0.7331068437388678	0.10178121634149138	99.68522609118699	100.48966650252723	0.00261973952040242	1.0000887916970307
2.3178552720169754	1.8727584694928985	0.06840147900293045	0.7331068437388678	0.10178121634149138	99.68522609118699	100.48970427683591	0.00261973952040242	1.0000887916970307
2.3178552720169754	1.8727584694928985	0.06840147900293045	0.7331068437388678	0.10178121634149138	99.68522609118699	100.48970427683591	0.00261973952040242	1.0000887916970307
2.3178552720169754	1.8727584694928985	0.06840147900293045	0.7331068437388678	0.10178121634149138	99.68522609118699	100.48970427683591	0.00261973952040242	1.0000887916970307
2.3178552720169754	1.8727584694928985	0.06840147900293045	0.7331068437388678	0.10178121634149138	99.68522609118699	100.48970427683591	0.00261973952040242	1.0000887916970307
2.3178552720169754	1.8727584694928985	0.06840147900293045	0.7331068437388678	0.10178121634149138	99.68522609118699	100.48970427683591	0.00261973952040242	1.0000890036384116
2.3178552720169754	1.8727584694928985	0.06840147900293045	0.7331068437388678	0.10178121634149138	99.68522609118699	100.48970427683591	0.00261973952040242	1.0000890036384116
2.3178552720169754	1.8727584694928985	0.06840147900293045	0.7331068437388678	0.10178121634149138	99.68522609118699	100.48970427683591	0.00261973952040242	1.0000890036384116
2.3178552720169754	1.8749877705579372	0.06840147900293045	0.7331068437388678	0.10178121634149138	99.68522609118699	100.48970427683591	0.00261973952040242	1.0000890036384116
2.3178552720169754	1.8749877705579372	0.06840147900293045	0.7331068437388678	0.10178121634149138	99.68522609118699	100.48970427683591	0.00261973952040242	1.0000890036384116
2.3178463883470517	1.8749877705579372	0.06840147900293045	0.7331068437388678	0.10178121634149138	99.68522609118699	100.48970427683591	0.00261973952040242	1.0000890036384116
2.3178463883470517	1.8749877705579372	0.06840147900293045	0.7331068437388678	0.10178121634149138	99.68522609118699	100.48970427683591	0.00261973952040242	1.0000890036384116
2.3178463883470517	1.8749877705579372	0.06840147900293045	0.7331068437388678	0.10178121634149138	99.68522609118699	100.48970427683591	0.00261973952040242	1.0000890036384116
2.3178463883470517	1.8749877705579372	0.06840147900293045	0.7331068437388678	0.10178121634149138	99.68522609118699	100.48970427683591	0.00261973952040242	1.0000890036384116
2.3178463883470517	1.8749877705579372	0.06840147900293045	0.7331068437388678	0.10178121634149138	99.67851697503511	100.48970427683591	0.00261973952040242	1.0000890036384116
2.3178463883470517	1.8748710292302195	0.06840147900293045	0.7331068437388678	0.10178121634149138	99.67851697503511	100.48970427683591	0.00261973952040242	1.0000890036384116
2.3178463883470517	1.8748710292302195	0.06840147900293045	0.7331068437388678	0.10178121634149138	99.67851697503511	99.29485181195544	0.00261973952040242	1.0000890036384116
2.3178463883470517	1.8748710292302195	0.06840147900293045	0.7331068437388678	0.10178121634149138	99.67851697503511	99.29485181195544	0.00261973952040242	1.0000890036384116
2.3178463883470517	1.8748710292302195	0.06829991388834288	0.7331068437388678	0.10178121634149138	99.67851697503511	99.29485181195544	0.00261973952040242	1.0000890036384116
2.3178463883470517	1.8748710292302195	0.06829991388834288	0.7331068437388678	0.10178121634149138	99.67851697503511	99.29929883284453	0.00261973952040242	1.0000890036384116
2.3178463883470517	1.8748710292302195	0.06829991388834288	0.7331068437388678	0.10178121634149138	99.67851697503511	99.29929883284453	0.00261973952040242	1.0000890036384116
2.3178463883470517	1.8748710292302195	0.06829991388834288	0.7331068437388678	0.10178121634149138	99.67851697503511	99.29929883284453	0.00261973952040242	1.0000890036384116
2.3178463883470517	1.8748710292302195	0.06829991388834288	0.7331068437388678	0.10184630505582845	99.67851697503511	99.29929883284453	0.00261973952040242	1.0000890036384116
2.3178463883470517	1.8748710292302195	0.06830684160064238	0.7331068437388678	0.10184630505582845	99.67851697503511	99.29929883284453	0.00261973952040242	1.0000890036384116
2.3178463883470517	1.8748710292302195	0.06830684160064238	0.7331068437388678	0.10184630505582845	99.67851697503511	99.29929883284453	0.00261973952040242	1.0000890036384116
2.3178463883470517	1.8748710292302195	0.06830684160064238	0.7331068437388678	0.10184630505582845	99.67851697503511	99.29929883284453	0.00261973952040242	1.0000890036384116
2.3178463883470517	1.8748710292302195	0.06831182508447604	0.7331068437388678	0.10184630505582845	99.67851697503511	99.29929883284453	0.00261973952040242	1.0000890036384116
2.3178463883470517	1.8748710292302195	0.06831182508447604	0.7331068437388678	0.10184630505582845	99.67851697503511	99.29929883284453	0.00261973952040242	1.0000890036384116
2.3178463883470517	1.8748710292302195	0.06831182508447604	0.7331068437388678	0.10184630505582845	99.67851697503511	99.29929883284453	0.0025773606406727834	1.0000890036384116
2.3178463883470517	1.8748710292302195	0.06831182508447604	0.7331068437388678	0.10184630505582845	99.67851697503511	99.29929883284453	0.0025773606406727834	1.0000890036384116
2.3178463883470517	1.8748710292302195	0.06831182508447604	0.7331068437388678	0.10184630505582845	99.67851697503511	99.29929883284453	0.002579415044783641	1.0000890036384116
2.3178463883470517	1.8748710292302195	0.06831182508447604	0.7331068437388678	0.10184630505582845	99.67851697503511	99.29929883284453	0.002579415044783641	1.0000890036384116
2.3178463883470517	1.8748710292302195	0.06831182508447604	0.7331068437388678	0.10188119105547766	99.67851697503511	99.29929883284453	0.002579415044783641	1.0000890036384116
2.3178463883470517	1.8748710292302195	0.06831182508447604	0.7331068437388678	0.10188119105547766	99.67851697503511	99.29929883284453	0.002579415044783641	1.0000883913840628
2.3178463883470517	1.8748710292302195	0.06831182508447604	0.7331068437388678	0.10188119105547766	99.67851697503511	99.29709785848038	0.002579415044783641	1.0000883913840628
2.3178463883470517	1.8748710292302195	0.06831182508447604	0.7331068437388678	0.10188119105547766	99.67851697503511	99.29709785848038	0.002579415044783641	1.0000883913840628
2.3178463883470517	1.8748710292302195	0.06831182508447604	0.7331068437388678	0.10188119105547766	99.67851697503511	99.29709785848038	0.002579415044783641	1.0000883913840628
2.3178463883470517	1.8748710292302195	0.06831182508447604	0.7331068437388678	0.10188119105547766	99.67851697503511	99.29709785848038	0.002579415044783641	1.0000883913840628
2.3178463883470517	1.8748710292302195	0.06831182508447604	0.7331068437388678	0.10188119105547766	99.67851697503511	99.29709785848038	0.002579415044783641	1.0000883913840628
2.3178463883470517	1.8748710811726952	0.06831182508447604	0.7331068437388678	0.10188119105547766	99.67851697503511	99.29709785848038	0.002579415044783641	1.0000883913840628
2.3178338690120555	1.8748710811726952	0.06831182508447604	0.7331068437388678	0.10188119105547766	99.67851697503511	99.29709785848038	0.002579415044783641	1.0000883913840628
2.3178105763316745	1.8748710811726952	0.06831182508447604	0.7331068437388678	0.10188119105547766	99.67851697503511	99.29709785848038	0.002579415044783641	1.0000883913840628
2.3178105763316745	1.8748710811726952	0.06831182508447604	0.7331068437388678	0.10188119105547766	99.67851697503511	99.29709785848038	0.002580191851420892	1.0000883913840628
2.3178105763316745	1.8748710811726952	0.06831182508447604	0.7331068437388678	0.10188119105547766	99.67851697503511	99.29709785848038	0.002580191851420892	1.0000883913840628
2.3178105763316745	1.8748710811726952	0.06831182508447604	0.7331068437388678	0.10188119105547766	99.67851697503511	99.29709785848038	0.002580451825465004	1.0000883913840628
2.3178105763316745	1.8748710811726952	0.06831182508447604	0.7331068437388678	0.10188119105547766	99.67851697503511	99.29709785848038	0.002580451825465004	1.0000883913840628
2.3178105763316745	1.8748710811726952	0.06831182508447604	0.7331068437388678	0.10188119105547766	99.67851697503511	99.22042407484344	0.002580451825465004	1.0000883913840628
2.3176403882360277	1.8748710811726952	0.06831182508447604	0.7331068437388678	0.10188119105547766	99.67851697503511	99.22042407484344	0.002580451825465004	1.0000883913840628
2.317641323510857	1.8748710811726952	0.06831182508447604	0.7331068437388678	0.10188119105547766	99.67851697503511	99.22042407484344	0.002580451825465004	1.0000883913840628
2.317641323510857	1.8748710811726952	0.06831182508447604	0.7331068437388678	0.10189905728827053	99.67851697503511	99.22042407484344	0.002580451825465004	1.0000883913840628
2.317641323510857	1.8748710811726952	0.06831182508447604	0.7331068437388678	0.10189905728827053	99.67851697503511	99.18260470103819	0.002580451825465004	1.0000883913840628
2.317641323510857	1.8748710811726952	0.06831182508447604	0.7331068437388678	0.10189905728827053	99.67851697503511	99.18260470103819	0.002580451825465004	1.0000883913840628
2.317641323510857	1.8748710811726952	0.06831182508447604	0.7331068437388678	0.10189905728827053	99.67793155444818	99.18260470103819	0.002580451825465004	1.0000883913840628
2.317641323510857	1.8748686752871904	0.06831182508447604	0.7331068437388678	0.10189905728827053	99.67793155444818	99.18260470103819	0.002580451825465004	1.0000883913840628
2.317641323510857	1.8748686752871904	0.06831182508447604	0.7331068437388678	0.10189905728827053	99.67793155444818	99.18260470103819	0.002580451825465004	1.0000883913840628
2.317641323510857	1.8748686752871904	0.06831182508447604	0.7331068437388678	0.10189905728827053	99.6709908786302	99.18260470103819	0.002580451825465004	1.0000883913840628
2.317641323510857	1.8748686752871904	0.06831182508447604	0.7331068437388678	0.10189905728827053	99.67020399128782	99.18260470103819	0.002580451825465004	1.0000883913840628
2.317641323510857	1.8748686752871904	0.06830158047532597	0.7331068437388678	0.10189905728827053	99.67020399128782	99.18260470103819	0.002580451825465004	1.0000883913840628
2.317641323510857	1.8748686752871904	0.06830158047532597	0.7331068437388678	0.10189905728827053	99.67020399128782	99.18260470103819	0.002580451825465004	1.0000883913840628
2.317641323510857	1.8748686752871904	0.06830158047532597	0.7331068437388678	0.10189905728827053	99.67020399128782	99.18260470103819	0.002581013587935506	1.0000883913840628
2.317641323510857	1.8748686752871904	0.06830158047532597	0.7331068437388678	0.10189905728827053	99.67020399128782	99.18260470103819	0.002581013587935506	1.0000883913840628
2.3176385068393994	1.8748686752871904	0.06830158047532597	0.7331068437388678	0.10189905728827053	99.67020399128782	99.18260470103819	0.002581013587935506	1.0000883913840628
2.3176385068393994	1.8748686752871904	0.06830158047532597	0.7331068437388678	0.10189905728827053	99.67020399128782	99.17423765196968	0.002581013587935506	1.0000883913840628
2.3176385068393994	1.8748686752871904	0.06830158047532597	0.7331068437388678	0.10189905728827053	99.67018645403611	99.17423765196968	0.002581013587935506	1.0000883913840628
2.3176385068393994	1.8748686752871904	0.06830158047532597	0.7331068437388678	0.10189905728827053	99.67018645403611	99.17423765196968	0.002581013587935506	1.0000883913840628
2.3176385068393994	1.8748686752871904	0.06830158047532597	0.7331068437388678	0.10189905728827053	99.67018645403611	99.17423765196968	0.002581013587935506	1.0000883913840628
2.3176385068393994	1.8748686752871904	0.06830158047532597	0.7331068437388678	0.10189905728827053	99.67018645403611	99.17423765196968	0.002581013587935506	1.0000883913840628
2.3176385068393994	1.8748686752871904	0.06830158047532597	0.7331068437388678	0.10189905728827053	99.67018645403611	99.17423765196968	0.002581013587935506	1.0000883913840628
2.3176385068393994	1.8748686752871904	0.06830158047532597	0.7331068437388678	0.10189905728827053	99.67018645403611	99.17423765196968	0.002581013587935506	1.0000883913840628
2.3176385068393994	1.8748686752871904	0.06830158047532597	0.7331068437388678	0.10189905728827053	99.67018645403611	99.17423765196968	0.002581013587935506	1.0000883913840628
2.3176385068393994	1.8748686752871904	0.06830158047532597	0.7331068437388678	0.10189905728827053	99.67032864552426	99.17423765196968	0.002581013587935506	1.0000883913840628
2.3176385068393994	1.8748686752871904	0.06830158047532597	0.7328264819566741	0.10189905728827053	99.67032864552426	99.17423765196968	0.002581013587935506	1.0000883913840628
2.3176385068393994	1.8748686752871904	0.06830158047532597	0.7328264819566741	0.10189905728827053	99.67032864552426	99.17423765196968	0.002581013587935506	1.0000883913840628
2.3206002267750274	1.8748686752871904	0.06830158047532597	0.7328264819566741	0.10189905728827053	99.67032864552426	99.17423765196968	0.002581013587935506	1.0000883913840628
2.3206002267750274	1.8748686752871904	0.06830158047532597	0.7328264819566741	0.10189905728827053	99.67032864552426	99.17423765196968	0.002581013587935506	1.000089702064731
2.3206002267750274	1.8748686752871904	0.06830158047532597	0.7328264819566741	0.10189905728827053	99.67032864552426	99.17423765196968	0.002581013587935506	1.000089702064731
2.3206073815192148	1.8748686752871904	0.06830158047532597	0.7328264819566741	0.10189905728827053	99.67032864552426	99.17423765196968	0.002581013587935506	1.000089702064731
2.3206073815192148	1.8748686752871904	0.06830158047532597	0.7328264819566741	0.10189905728827053	99.67032864552426	99.17423765196968	0.002581013587935506	1.000089702064731
2.3206073815192148	1.8748686752871904	0.06830158047532597	0.7328264819566741	0.10189905728827053	99.67032864552426	99.17423765196968	0.002606331334034496	1.000089702064731
2.3206073815192148	1.8748686752871904	0.06830158047532597	0.7328264819566741	0.10189905728827053	99.67032864552426	99.17423765196968	0.002606331334034496	1.000089702064731
2.3206073815192148	1.8748686752871904	0.06830158047532597	0.7328264819566741	0.10189885835297705	99.67032864552426	99.17423765196968	0.002606331334034496	1.000089702064731
2.3206073815192148	1.8748686752871904	0.06830158047532597	0.7328264819566741	0.10189885835297705	99.67032864552426	99.17423765196968	0.002606331334034496	1.000089702064731
2.3206073815192148	1.8748686752871904	0.06830158047532597	0.7328264819566741	0.10189872457541196	99.67032864552426	99.17423765196968	0.002606331334034496	1.000089702064731
2.3206073815192148	1.8748686752871904	0.06830158047532597	0.7328264819566741	0.10155184557649918	99.67032864552426	99.17423765196968	0.002606331334034496	1.000089702064731
2.3206073815192148	1.8748686752871904	0.06830158047532597	0.7328264819566741	0.10155184557649918	99.67032864552426	99.17423765196968	0.0025721413885539707	1.000089702064731
2.3206073815192148	1.8748686752871904	0.06830158047532597	0.7328264819566741	0.10155184557649918	99.67232639865064	99.17423765196968	0.0025721413885539707	1.000089702064731
2.3206073815192148	1.8748686752871904	0.06830158047532597	0.7328264819566741	0.10155184557649918	99.67232639865064	99.17423765196968	0.0025721413885539707	1.000089702064731
2.3206116575062077	1.8748686752871904	0.06830158047532597	0.7328264819566741	0.10155184557649918	99.67232639865064	99.17423765196968	0.0025721413885539707	1.000089702064731
2.3206116575062077	1.8748686752871904	0.06830158047532597	0.7328264819566741	0.10155184557649918	99.67238872138708	99.17423765196968	0.0025721413885539707	1.000089702064731
2.3206116575062077	1.8748686752871904	0.06830158047532597	0.7328264819566741	0.10155769987509133	99.67238872138708	99.17423765196968	0.0025721413885539707	1.000089702064731
2.3206116575062077	1.8748686752871904	0.06830158047532597	0.7328264819566741	0.10155769987509133	99.67238872138708	99.1744556005466	0.0025721413885539707	1.000089702064731
2.3206116575062077	1.8748686752871904	0.06830158047532597	0.7328426101950316	0.10155769987509133	99.67238872138708	99.1744556005466	0.0025721413885539707	1.000089702064731
2.3206116575062077	1.8748686752871904	0.06830158047532597	0.7328426101950316	0.10155769987509133	99.67238872138708	99.1744556005466	0.0025721413885539707	1.000089702064731
2.3206116575062077	1.8748686752871904	0.06830158047532597	0.7328426101950316	0.10155769987509133	99.67238872138708	99.1744556005466	0.0025721413885539707	1.0000895138861534
2.3206116575062077	1.8748686752871904	0.06830158047532597	0.7328426101950316	0.10155769987509133	99.67238872138708	99.1744556005466	0.0025721413885539707	1.0000895138861534
2.3206116575062077	1.8748686752871904	0.06830158047532597	0.7328426101950316	0.10155769987509133	99.67238872138708	99.1744556005466	0.0025721413885539707	1.0000895138861534
2.3206116575062077	1.8748686752871904	0.06830976412174294	0.7328426101950316	0.10155769987509133	99.67238872138708	99.1744556005466	0.0025721413885539707	1.0000895138861534
2.3206116575062077	1.8748686752871904	0.06830976412174294	0.7328426101950316	0.10155769987509133	99.67243403699445	99.1744556005466	0.0025721413885539707	1.0000895138861534
2.3206116575062077	1.8748686752871904	0.06830976412174294	0.7328426101950316	0.10155769987509133	99.67294151812571	99.1744556005466	0.0025721413885539707	1.0000895138861534
2.3206116575062077	1.8748686752871904	0.06830976412174294	0.7328426101950316	0.10155769987509133	99.67294151812571	99.17310671711743	0.0025721413885539707	1.0000895138861534
2.3206116575062077	1.8748686752871904	0.06830976412174294	0.7328426101950316	0.10155769987509133	99.67294151812571	99.17303365302112	0.0025721413885539707	1.0000895138861534
2.3206116575062077	1.8749824327127809	0.06830976412174294	0.7328426101950316	0.10155769987509133	99.67294151812571	99.17303365302112	0.0025721413885539707	1.0000895138861534
2.3206116575062077	1.8749824327127809	0.06830976412174294	0.7328426101950316	0.10155769987509133	99.67294151812571	99.16483799230478	0.0025721413885539707	1.0000895138861534
2.3206116575062077	1.8749824327127809	0.06830976412174294	0.7328426101950316	0.10156030284550521	99.67294151812571	99.16483799230478	0.0025721413885539707	1.0000895138861534
2.3206116575062077	1.8749824327127809	0.06830976412174294	0.7328426101950316	0.10156030284550521	99.67294151812571	99.16483799230478	0.0025721413885539707	1.0000895138861534
2.3206116575062077	1.8749824327127809	0.06830976412174294	0.7328426101950316	0.10156030284550521	99.67294151812571	99.16483799230478	0.0025721413885539707	1.0000895138861534
2.3206116575062077	1.8749824327127809	0.06830976412174294	0.7328426101950316	0.10156030284550521	99.67294151812571	99.16483799230478	0.0025721413885539707	1.0000895138861534
2.3206116575062077	1.8749824327127809	0.06830976412174294	0.7328426101950316	0.10156030284550521	99.67294151812571	99.16483799230478	0.0025721413885539707	1.0000895138861534
2.3206116575062077	1.8749824327127809	0.06830976412174294	0.7328426101950316	0.10156030284550521	99.67294151812571	99.16483799230478	0.0025721413885539707	1.0000895138861534
2.3206116575062077	1.8749824327127809	0.06832836645227494	0.7328426101950316	0.10156030284550521	99.67294151812571	99.16483799230478	0.0025721413885539707	1.0000895138861534
2.3206116575062077	1.8749824327127809	0.06832836645227494	0.7328426101950316	0.10156030284550521	99.67294151812571	99.16483799230478	0.0025721413885539707	1.0000895138861534
2.3206116575062077	1.8749824327127809	0.06832836645227494	0.7328426101950316	0.10156030284550521	99.67294151812571	99.16483799230478	0.0025721413885539707	1.0000895138861534
2.320744479677572	1.8749824327127809	0.06832836645227494	0.7328426101950316	0.10156030284550521	99.67294151812571	99.16483799230478	0.0025721413885539707	1.0000895138861534
2.320744479677572	1.8749825468443628	0.06832836645227494	0.7328426101950316	0.10156030284550521	99.67294151812571	99.16483799230478	0.0025721413885539707	1.0000895138861534
2.320744479677572	1.8749825468443628	0.06832836645227494	0.7328426101950316	0.10156030284550521	99.67294151812571	99.16483799230478	0.0025721413885539707	1.0000895138861534
2.3209645532226877	1.8749825468443628	0.06832836645227494	0.7328426101950316	0.10156030284550521	99.67294151812571	99.16483799230478	0.0025721413885539707	1.0000895138861534
2.3209645532226877	1.8749805842989384	0.06832836645227494	0.7328426101950316	0.10156030284550521	99.67294151812571	99.16483799230478	0.0025721413885539707	1.0000895138861534
2.3209645532226877	1.8749805842989384	0.06832836645227494	0.7328426101950316	0.10156030284550521	99.67294151812571	99.17110974555004	0.0025721413885539707	1.0000895138861534
2.3209645532226877	1.8749805842989384	0.06832836645227494	0.7328426101950316	0.10156030284550521	99.67294151812571	99.17110974555004	0.0025721413885539707	1.0000895138861534
2.3209645532226877	1.8749805842989384	0.06832836645227494	0.7328426101950316	0.10156030284550521	99.67294151812571	99.17110974555004	0.0025721413885539707	1.0000895138861534
2.3209645532226877	1.8749805842989384	0.06832836645227494	0.7328426101950316	0.10156030284550521	99.67294151812571	99.17110974555004	0.002566622809536327	1.0000895138861534
2.3209645532226877	1.8749805842989384	0.06832836645227494	0.7328426101950316	0.10156030284550521	99.67294151812571	99.17110974555004	0.002566622809536327	1.0000895138861534
2.3209645532226877	1.8749805842989384	0.06832836645227494	0.7328426101950316	0.10156030284550521	99.67294151812571	99.17110974555004	0.002566622809536327	1.0000895138861534
2.3209645532226877	1.8749805842989384	0.06832836645227494	0.7328426101950316	0.10156030284550521	99.67294151812571	99.17110974555004	0.002566622809536327	1.0000895138861534
2.3209645532226877	1.8749805842989384	0.06832836645227494	0.7328426101950316	0.10156030284550521	99.67294151812571	99.17110974555004	0.002566622809536327	1.0000895138861534
2.3209645532226877	1.8749805842989384	0.06832836645227494	0.7328426101950316	0.10156331168091083	99.67294151812571	99.17110974555004	0.002566622809536327	1.0000895138861534
2.3209645532226877	1.8749805842989384	0.06832836645227494	0.7328426101950316	0.10147783995232215	99.67294151812571	99.17110974555004	0.002566622809536327	1.0000895138861534
2.3209645532226877	1.8749805842989384	0.06832836645227494	0.7328426101950316	0.10147783995232215	99.67294151812571	99.17110974555004	0.002566622809536327	1.0000895138861534
2.3209645532226877	1.8749805842989384	0.06832836645227494	0.7328426101950316	0.10147783995232215	99.67294151812571	99.17110974555004	0.002566622809536327	1.0000895138861534
2.3209645532226877	1.8749805842989384	0.06832836645227494	0.7328426101950316	0.10150721025387145	99.67294151812571	99.17110974555004	0.002566622809536327	1.0000895138861534
2.3209645532226877	1.8749805842989384	0.06832836645227494	0.7328426101950316	0.10150721025387145	99.67294151812571	99.17110974555004	0.002566622809536327	1.0000895138861534
2.3209645532226877	1.8749805842989384	0.06832836645227494	0.7328426101950316	0.10150721025387145	99.67294151812571	99.17110974555004	0.002566622809536327	1.0000895138861534
2.3209645532226877	1.8749805842989384	0.06832836645227494	0.7328426101950316	0.10150721025387145	99.67294151812571	99.17110974555004	0.002566622809536327	1.0000895138861534
2.3209645532226877	1.8749805842989384	0.06832836645227494	0.7328426101950316	0.10150721025387145	99.67294151812571	99.17110974555004	0.002566622809536327	1.0000895138861534
2.3209645532226877	1.8767536850916087	0.06832836645227494	0.7328426101950316	0.10150721025387145	99.67294151812571	99.17110974555004	0.002566622809536327	1.0000895138861534
2.3209645532226877	1.8767536850916087	0.06832836645227494	0.7328426101950316	0.10150721025387145	99.67294151812571	99.17110974555004	0.002566622809536327	1.0000895138861534
2.3209645532226877	1.8767536850916087	0.06832836645227494	0.7328426101950316	0.10150721025387145	99.67291940254937	99.17110974555004	0.002566622809536327	1.0000895138861534
2.3209645532226877	1.8767536850916087	0.06832836645227494	0.7328426101950316	0.10150721025387145	99.67291940254937	99.17110974555004	0.0025703136466553133	1.0000895138861534
2.3209645532226877	1.8767536850916087	0.06832836645227494	0.7328426101950316	0.10150721025387145	99.67291940254937	99.17110974555004	0.002570365708518754	1.0000895138861534
2.3209645532226877	1.8767536850916087	0.06832836645227494	0.7328426101950316	0.10150721025387145	99.65248316717394	99.17110974555004	0.002570365708518754	1.0000895138861534
2.3209645532226877	1.8767536850916087	0.06832836645227494	0.7328426101950316	0.10150721025387145	99.65248316717394	99.17110974555004	0.002570365708518754	1.0001069782940482
2.3209645532226877	1.8767536850916087	0.06832836645227494	0.7328426101950316	0.1015104900206936	99.65248316717394	99.17110974555004	0.002570365708518754	1.0001069782940482
2.3209645532226877	1.8767536850916087	0.06832836645227494	0.7328426101950316	0.1015104900206936	99.65248316717394	99.17110974555004	0.002570365708518754	1.0001069782940482
2.3209645532226877	1.8767536850916087	0.06832836645227494	0.7328426101950316	0.1015104900206936	99.65248316717394	99.17110974555004	0.002570365708518754	1.0001069782940482
2.3209645532226877	1.8767536850916087	0.06832836645227494	0.7328426101950316	0.1015104900206936	99.65248316717394	99.17110974555004	0.002570365708518754	1.0001054997991794
2.3209645532226877	1.8767536850916087	0.06832836645227494	0.7328426101950316	0.1015104900206936	99.65250898484072	99.17110974555004	0.002570365708518754	1.0001054997991794
2.3209645532226877	1.8767536850916087	0.06832836645227494	0.7328426101950316	0.10150829760239968	99.65250898484072	99.17110974555004	0.002570365708518754	1.0001054997991794
2.3209645532226877	1.8767536850916087	0.06832836645227494	0.7328426101950316	0.10150829760239968	99.65250898484072	98.9408113681773	0.002570365708518754	1.0001054997991794
2.3209645532226877	1.8767536850916087	0.06832607077564387	0.7328426101950316	0.10150829760239968	99.65250898484072	98.9408113681773	0.002570365708518754	1.0001054997991794
2.3209645532226877	1.8767536850916087	0.06832607077564387	0.7328426101950316	0.10150829760239968	99.65250898484072	98.9408113681773	0.002570365708518754	1.0001054997991794
2.3209645532226877	1.8767536850916087	0.06832607077564387	0.7328426101950316	0.10150829760239968	99.65250898484072	98.9408113681773	0.002570365708518754	1.0001054997991794
2.3209645532226877	1.8767536850916087	0.06832607077564387	0.7328426101950316	0.10150829760239968	99.65250898484072	98.9408113681773	0.002570365708518754	1.0001054997991794
2.3209645532226877	1.8767536850916087	0.06832607077564387	0.7328426101950316	0.10150829760239968	99.65250898484072	98.9408113681773	0.002570365708518754	1.0001054997991794
2.3209645532226877	1.8767536850916087	0.06832607077564387	0.7328426101950316	0.10150829760239968	99.65250898484072	98.94025921114587	0.002570365708518754	1.0001054997991794
2.3209645532226877	1.8767536850916087	0.06832607077564387	0.7328444774897992	0.10150829760239968	99.65250898484072	98.94025921114587	0.002570365708518754	1.0001054997991794
2.3209645532226877	1.8767536850916087	0.06832607077564387	0.7328444774897992	0.10150829760239968	99.65250898484072	98.94025921114587	0.002570365708518754	1.0001054997991794
2.3209645532226877	1.8767536850916087	0.06832607077564387	0.7328444774897992	0.10150829760239968	99.65250898484072	98.93499014086987	0.002570365708518754	1.0001054997991794
2.3209645532226877	1.8767536850916087	0.06832607077564387	0.7328444774897992	0.10150829760239968	99.65250898484072	98.93541091032058	0.002570365708518754	1.0001054997991794
2.3209645532226877	1.8767536850916087	0.06832607077564387	0.7328444774897992	0.10150829760239968	99.65250898484072	98.93541091032058	0.002570365708518754	1.0001054997991794
2.3209645532226877	1.8767536850916087	0.06832607077564387	0.7328444774897992	0.10150829760239968	99.65250898484072	98.93541091032058	0.002570365708518754	1.0001054997991794
2.3209645532226877	1.8767536850916087	0.06832607077564387	0.7328444774897992	0.10150985244852881	99.65250898484072	98.93541091032058	0.002570365708518754	1.0001054997991794
2.320961919306251	1.8767536850916087	0.06832607077564387	0.7328444774897992	0.10150985244852881	99.65250898484072	98.93541091032058	0.002570365708518754	1.0001054997991794
2.320961919306251	1.8767536850916087	0.06832607077564387	0.7328444774897992	0.10150985244852881	99.65250898484072	98.93541091032058	0.002570365708518754	1.0001054997991794
2.320961919306251	1.8767536850916087	0.06832607077564387	0.7328444774897992	0.10150985244852881	99.65250898484072	98.93541091032058	0.002570365708518754	1.0001054997991794
2.320961919306251	1.8767536850916087	0.06832607077564387	0.7328444774897992	0.10150985244852881	99.65250898484072	98.93541091032058	0.002570365708518754	1.0001095944053717
2.320961919306251	1.8767536850916087	0.06832607077564387	0.7328444774897992	0.10150985244852881	99.65250898484072	98.93541091032058	0.002570365708518754	1.0001095944053717
2.321160077953509	1.8767536850916087	0.06832607077564387	0.7328444774897992	0.10150985244852881	99.65250898484072	98.93541091032058	0.002570365708518754	1.0001095944053717
2.321160077953509	1.8767536850916087	0.06832607077564387	0.7328444774897992	0.10150985244852881	99.65250898484072	98.93541091032058	0.002570365708518754	1.0001095944053717
2.321160077953509	1.8767536850916087	0.06832607077564387	0.7331388348440258	0.10150985244852881	99.65250898484072	98.93541091032058	0.002570365708518754	1.0001095944053717
2.321160077953509	1.8767536850916087	0.06832607077564387	0.7331388348440258	0.10150985244852881	99.65250898484072	98.93541091032058	0.002570365708518754	1.0001095944053717
2.321160077953509	1.8767536850916087	0.06832607077564387	0.7331388348440258	0.10150985244852881	99.65250898484072	98.93624955956754	0.002570365708518754	1.0001095944053717
