2.1087054614367653	1.9004611035290728	0.06828255364448545	0.7653054629543569	0.09999234787285317	97.80845126884469	106.69944134768708	0.0021319912135157955	1.0000877388589526
2.1087054614367653	1.9004611035290728	0.06828255364448545	0.7653054629543569	0.09999234787285317	97.80845126884469	106.69944134768708	0.0021319912135157955	1.0000878062810457
2.1087054614367653	1.9004611035290728	0.06828255364448545	0.7653054629543569	0.09999234787285317	97.80845126884469	106.69944134768708	0.0021319912135157955	1.0000878062810457
2.1087054614367653	1.9004611035290728	0.06828255364448545	0.7653054629543569	0.09999234787285317	97.80845126884469	106.69944134768708	0.0021319912135157955	1.0001114380260387
2.1087054614367653	1.900447924742093	0.06828255364448545	0.7653054629543569	0.09999234787285317	97.80845126884469	106.69944134768708	0.0021319912135157955	1.0001114380260387
2.1087054614367653	1.900447924742093	0.06828255364448545	0.7653054629543569	0.09999234787285317	97.80845126884469	106.69944134768708	0.0021319912135157955	1.0001114380260387
2.1087054614367653	1.900447924742093	0.06828255364448545	0.7653054629543569	0.09999234787285317	97.80845126884469	106.69944134768708	0.0021319912135157955	1.0001114380260387
2.1087054614367653	1.900447924742093	0.06828255364448545	0.7653054629543569	0.09999234787285317	97.80845126884469	106.69944134768708	0.002128676671688264	1.0001114380260387
2.1087054614367653	1.900447924742093	0.06828255364448545	0.7653054629543569	0.09999234787285317	97.80845126884469	106.86586958439501	0.002128676671688264	1.0001114380260387
2.1087054614367653	1.900447924742093	0.06828255364448545	0.7653054629543569	0.09999234787285317	97.80845126884469	106.86586958439501	0.002128676671688264	1.0001114380260387
2.1087054614367653	1.900447924742093	0.06828255364448545	0.7653054629543569	0.09999234787285317	97.80845126884469	106.86586958439501	0.002128676671688264	1.0001114380260387
2.1087054614367653	1.900447924742093	0.06828255364448545	0.7653054629543569	0.09999234787285317	97.80845126884469	106.86586958439501	0.0021203798521592225	1.0001114380260387
2.1087054614367653	1.900447924742093	0.06828255364448545	0.7653054629543569	0.09999234787285317	97.80845126884469	106.86586958439501	0.0021203798521592225	1.0001114380260387
2.108735410217708	1.900447924742093	0.06828255364448545	0.7653054629543569	0.09999234787285317	97.80845126884469	106.86586958439501	0.0021203798521592225	1.0001114380260387
2.1087256491025075	1.900447924742093	0.06828255364448545	0.7653054629543569	0.09999234787285317	97.80845126884469	106.86586958439501	0.0021203798521592225	1.0001114380260387
2.1087256491025075	1.900447924742093	0.06828255364448545	0.7653054629543569	0.09999234787285317	97.8087528260273	106.86586958439501	0.0021203798521592225	1.0001114380260387
2.1087256491025075	1.9004744760475407	0.06828255364448545	0.7653054629543569	0.09999234787285317	97.8087528260273	106.86586958439501	0.0021203798521592225	1.0001114380260387
2.1087256491025075	1.9004744760475407	0.06828255364448545	0.7653054629543569	0.09999234787285317	97.8087528260273	106.86586958439501	0.0021203798521592225	1.0001114380260387
2.1087256491025075	1.9004744760475407	0.06828255364448545	0.7653054629543569	0.09999234787285317	97.8087528260273	106.86586958439501	0.0021203798521592225	1.0001114380260387
2.1087256491025075	1.9004744760475407	0.06828255364448545	0.7652979963839183	0.09999234787285317	97.8087528260273	106.86586958439501	0.0021203798521592225	1.0001114380260387
2.1087300575739882	1.9004744760475407	0.06828255364448545	0.7652979963839183	0.09999234787285317	97.8087528260273	106.86586958439501	0.0021203798521592225	1.0001114380260387
2.1087300575739882	1.9004744760475407	0.06828255364448545	0.7652979963839183	0.09999234787285317	97.8087528260273	106.86586958439501	0.0021203798521592225	1.0001114380260387
2.1087116725476496	1.9004744760475407	0.06828255364448545	0.7652979963839183	0.09999234787285317	97.8087528260273	106.86586958439501	0.0021203798521592225	1.0001114380260387
2.1087116725476496	1.9004744760475407	0.06828255364448545	0.7652979963839183	0.09999234787285317	97.8087528260273	106.86586958439501	0.0021203798521592225	1.0001130977413393
2.1087116725476496	1.9004744760475407	0.06828255364448545	0.7652979963839183	0.09999234787285317	97.8087528260273	106.86586958439501	0.0021203798521592225	1.0001130977413393
2.1087116725476496	1.9004744760475407	0.06828255364448545	0.7652979963839183	0.09999234787285317	97.8087528260273	106.86586958439501	0.0021203798521592225	1.0001130977413393
2.1087116725476496	1.9004744760475407	0.06828255364448545	0.7652979963839183	0.09999234787285317	97.8087528260273	106.86586958439501	0.002129731749348635	1.0001130977413393
2.1087116725476496	1.9004744760475407	0.06828255364448545	0.7652979963839183	0.09999234787285317	97.8087528260273	106.86586958439501	0.002129731749348635	1.0001130977413393
2.1087116725476496	1.9004744760475407	0.06828255364448545	0.7652979963839183	0.09999234787285317	97.8087528260273	106.86586958439501	0.002129731749348635	1.0001130644339609
2.1087116725476496	1.9004744760475407	0.06828255364448545	0.7652979963839183	0.09998856132022771	97.8087528260273	106.86586958439501	0.002129731749348635	1.0001130644339609
2.1087116725476496	1.9004744760475407	0.06828255364448545	0.7652979963839183	0.09998856132022771	97.8087528260273	106.86586958439501	0.002129731749348635	1.0001130644339609
2.1087103526858098	1.9004744760475407	0.06828255364448545	0.7652979963839183	0.09998856132022771	97.8087528260273	106.86586958439501	0.002129731749348635	1.0001130644339609
2.1087103526858098	1.9004744760475407	0.06828255364448545	0.7652979963839183	0.09998856132022771	97.8087528260273	106.86586958439501	0.002129731749348635	1.0001130644339609
2.1087103526858098	1.900475029335604	0.06828255364448545	0.7652979963839183	0.09998856132022771	97.8087528260273	106.86586958439501	0.002129731749348635	1.0001130644339609
2.1087103526858098	1.900475029335604	0.06828255364448545	0.7652979963839183	0.09998856132022771	97.8087528260273	106.86586958439501	0.002129731749348635	1.0001125322406808
2.1087103526858098	1.900475029335604	0.06828255364448545	0.7652979963839183	0.10045454164318729	97.8087528260273	106.86586958439501	0.002129731749348635	1.0001125322406808
2.1087103526858098	1.900475029335604	0.06828255364448545	0.7652889547707753	0.10045454164318729	97.8087528260273	106.86586958439501	0.002129731749348635	1.0001125322406808
2.1087103526858098	1.900475029335604	0.06828255364448545	0.7652889547707753	0.10048477831990067	97.8087528260273	106.86586958439501	0.002129731749348635	1.0001125322406808
2.1087436260475125	1.900475029335604	0.06828255364448545	0.7652889547707753	0.10048477831990067	97.8087528260273	106.86586958439501	0.002129731749348635	1.0001125322406808
2.1087436260475125	1.900475029335604	0.06828255364448545	0.7652889547707753	0.10048477831990067	97.8087528260273	105.39154152402911	0.002129731749348635	1.0001125322406808
2.1087436260475125	1.900475029335604	0.06828255364448545	0.7652889547707753	0.10048477831990067	97.8087528260273	105.39154152402911	0.002129731749348635	1.0001125322406808
2.1087436260475125	1.900475029335604	0.06828255364448545	0.7652889547707753	0.10048477831990067	97.8087528260273	105.39154152402911	0.002129731749348635	1.0001125322406808
2.1087436260475125	1.900475029335604	0.06828255364448545	0.7652889547707753	0.10048477831990067	97.8087528260273	105.39154152402911	0.002129731749348635	1.0001125322406808
2.1087436260475125	1.900475029335604	0.06828255364448545	0.7652889547707753	0.10048477831990067	97.8087528260273	105.39154152402911	0.002129731749348635	1.0001125322406808
2.1087436260475125	1.900475029335604	0.06828255364448545	0.7652889547707753	0.10048477831990067	97.8087528260273	105.39154152402911	0.002129731749348635	1.0001125322406808
2.1087436260475125	1.9004410137543588	0.06828255364448545	0.7652889547707753	0.10048477831990067	97.8087528260273	105.39154152402911	0.002129731749348635	1.0001125322406808
2.1087436260475125	1.9004410137543588	0.06828255364448545	0.7652889547707753	0.10048477831990067	97.8087528260273	105.39154152402911	0.002129731749348635	1.0001125322406808
2.1087436260475125	1.9004410137543588	0.06828255364448545	0.7652889547707753	0.10048477831990067	97.8087528260273	105.39154152402911	0.002129731749348635	1.0001125322406808
2.1087436260475125	1.9004410137543588	0.06828255364448545	0.7652889547707753	0.10048477831990067	97.78903821828906	105.39154152402911	0.002129731749348635	1.0001125322406808
2.108436886356956	1.9004410137543588	0.06828255364448545	0.7652889547707753	0.10048477831990067	97.78903821828906	105.39154152402911	0.002129731749348635	1.0001125322406808
2.108436886356956	1.9004376432722134	0.06828255364448545	0.7652889547707753	0.10048477831990067	97.78903821828906	105.39154152402911	0.002129731749348635	1.0001125322406808
2.108436886356956	1.9004376432722134	0.06828255364448545	0.7652889547707753	0.10048477831990067	97.78903821828906	105.39154152402911	0.002408116289907683	1.0001125322406808
2.108436886356956	1.9004376432722134	0.06828255364448545	0.7652889547707753	0.10048477831990067	97.78903821828906	105.39154152402911	0.002408116289907683	1.0001125322406808
2.108436886356956	1.9004376432722134	0.06828255364448545	0.7652889547707753	0.10048477831990067	97.78903821828906	105.39051613755906	0.002408116289907683	1.0001125322406808
2.108436886356956	1.9004376432722134	0.06828255364448545	0.7652889547707753	0.10048477831990067	97.78903821828906	105.39051613755906	0.002408116289907683	1.0001125322406808
2.108436886356956	1.9004376432722134	0.06828255364448545	0.7652889547707753	0.10048477831990067	97.78903821828906	105.34114109932412	0.002408116289907683	1.0001125322406808
2.108436886356956	1.9004376432722134	0.06828255364448545	0.7652889547707753	0.10048477831990067	97.78903821828906	105.34733263788185	0.002408116289907683	1.0001125322406808
2.108436886356956	1.9004376432722134	0.06828255364448545	0.7652889547707753	0.10048477831990067	97.78903821828906	105.34733263788185	0.002408116289907683	1.0001173564543762
2.108436886356956	1.9004376432722134	0.06828255364448545	0.7652889547707753	0.10048477831990067	97.78903821828906	105.34733263788185	0.002408116289907683	1.0001173564543762
2.108436886356956	1.9004376432722134	0.06828255364448545	0.7652889547707753	0.10048477831990067	97.78903821828906	105.34733263788185	0.002408116289907683	1.0001173564543762
2.108436886356956	1.9004376432722134	0.06828255364448545	0.7652889547707753	0.10048477831990067	97.78903821828906	105.34733263788185	0.0024080751216444003	1.0001173564543762
2.108436886356956	1.9004376432722134	0.06828255364448545	0.7652889547707753	0.10048477831990067	97.78903821828906	105.34733263788185	0.0024080751216444003	1.0001173564543762
2.108436886356956	1.9004376432722134	0.06828255364448545	0.7652889547707753	0.10048477831990067	97.78903821828906	105.34733263788185	0.0024080751216444003	1.0001173564543762
2.108436886356956	1.902065691234376	0.06828255364448545	0.7652889547707753	0.10048477831990067	97.78903821828906	105.34733263788185	0.0024080751216444003	1.0001173564543762
2.108436886356956	1.902065691234376	0.06828255364448545	0.7652889547707753	0.10048477831990067	97.78903821828906	105.34733263788185	0.0024080751216444003	1.0001173564543762
2.103295048117483	1.902065691234376	0.06828255364448545	0.7652889547707753	0.10048477831990067	97.78903821828906	105.34733263788185	0.0024080751216444003	1.0001173564543762
2.103295048117483	1.902065691234376	0.06828255364448545	0.7652889547707753	0.10048477831990067	97.78903821828906	105.34733263788185	0.0024080751216444003	1.0001173564543762
2.103295048117483	1.902065691234376	0.06828255364448545	0.7652889547707753	0.10048477831990067	97.78903821828906	105.34733263788185	0.0024080751216444003	1.0001173564543762
2.103295048117483	1.902065691234376	0.06828255364448545	0.7652889547707753	0.10048477831990067	97.78903821828906	105.34733263788185	0.0024080751216444003	1.0001173564543762
2.103295048117483	1.9029264236282457	0.06828255364448545	0.7652889547707753	0.10048477831990067	97.78903821828906	105.34733263788185	0.0024080751216444003	1.0001173564543762
2.103295048117483	1.9029264236282457	0.06828255364448545	0.7652889547707753	0.10048477831990067	97.78903821828906	105.34733263788185	0.0024080751216444003	1.0001173564543762
2.103295048117483	1.9029264236282457	0.06828255364448545	0.7652889547707753	0.10048477831990067	97.78903821828906	106.008107612473	0.0024080751216444003	1.0001173564543762
2.1032540047233863	1.9029264236282457	0.06828255364448545	0.7652889547707753	0.10048477831990067	97.78903821828906	106.008107612473	0.0024080751216444003	1.0001173564543762
2.1032540047233863	1.9029264236282457	0.06828255364448545	0.7652889547707753	0.10048477831990067	97.78903821828906	106.008107612473	0.0024080751216444003	1.0001173564543762
2.1032540047233863	1.9029264236282457	0.06828255364448545	0.7657365669094708	0.10048477831990067	97.78903821828906	106.008107612473	0.0024080751216444003	1.0001173564543762
2.1032540047233863	1.9029264236282457	0.06828144140393931	0.7657365669094708	0.10048477831990067	97.78903821828906	106.008107612473	0.0024080751216444003	1.0001173564543762
2.1032540047233863	1.9029264236282457	0.06828144140393931	0.7657365669094708	0.10048477831990067	97.78903821828906	106.008107612473	0.0024080751216444003	1.0001165378125028
2.1032540047233863	1.9029264236282457	0.06828144140393931	0.7657365669094708	0.10048477831990067	97.78903821828906	106.008107612473	0.0024080751216444003	1.0001165378125028
2.1032540047233863	1.9029475124245738	0.06828144140393931	0.7657365669094708	0.10048477831990067	97.78903821828906	106.008107612473	0.0024080751216444003	1.0001165378125028
2.1032540047233863	1.9029475124245738	0.06828144140393931	0.7657365669094708	0.10048477831990067	97.78903821828906	106.008107612473	0.0024080751216444003	1.0001165378125028
2.103361749020125	1.9029475124245738	0.06828144140393931	0.7657365669094708	0.10048477831990067	97.78903821828906	106.008107612473	0.0024080751216444003	1.0001165378125028
2.103361749020125	1.9029475124245738	0.06828144140393931	0.7657365669094708	0.10048477831990067	97.78903821828906	105.90937174939599	0.0024080751216444003	1.0001165378125028
2.103361749020125	1.9029475124245738	0.06828144140393931	0.7657365669094708	0.10048477831990067	97.78903821828906	105.90937174939599	0.00240799338674471	1.0001165378125028
2.103361749020125	1.9029475124245738	0.06828144140393931	0.7657365669094708	0.10048477831990067	97.78903821828906	109.49296448894032	0.00240799338674471	1.0001165378125028
2.103361749020125	1.9029475124245738	0.06828144140393931	0.7657140869482731	0.10048477831990067	97.78903821828906	109.49296448894032	0.00240799338674471	1.0001165378125028
2.103361749020125	1.9029475124245738	0.06828144140393931	0.7657140869482731	0.10048477831990067	97.78903821828906	109.49296448894032	0.00240799338674471	1.0001165378125028
2.103361749020125	1.9029475124245738	0.06828144140393931	0.7657140869482731	0.10048477831990067	97.7864177918054	109.49296448894032	0.00240799338674471	1.0001165378125028
2.103361749020125	1.9029475124245738	0.06828144140393931	0.7657140869482731	0.10048477831990067	97.7864177918054	109.49296448894032	0.00240799338674471	1.0001165378125028
2.103361749020125	1.9029475124245738	0.06828144140393931	0.7657140869482731	0.10048477831990067	97.7864177918054	109.49296448894032	0.00240799338674471	1.0001165378125028
2.103361749020125	1.9029475124245738	0.06828144140393931	0.7657140869482731	0.10047071890523122	97.7864177918054	109.49296448894032	0.00240799338674471	1.0001165378125028
2.103361749020125	1.9029475124245738	0.06828144140393931	0.7657140869482731	0.10047071890523122	97.7864177918054	109.49296448894032	0.00240799338674471	1.0001165378125028
2.103361749020125	1.9029475124245738	0.06828144140393931	0.7654875104393511	0.10047071890523122	97.7864177918054	109.49296448894032	0.00240799338674471	1.0001165378125028
2.103361749020125	1.9029475124245738	0.06828144140393931	0.7654875104393511	0.10047071890523122	97.7864177918054	109.49296448894032	0.00240799338674471	1.0001167958523496
2.103361749020125	1.9029475124245738	0.06828144140393931	0.7654875104393511	0.10047071890523122	97.7864177918054	109.49296448894032	0.00240799338674471	1.0001167958523496
2.103361749020125	1.9029475124245738	0.06828144140393931	0.7654875104393511	0.10047071890523122	97.7864177918054	109.49296448894032	0.00240799338674471	1.0001167958523496
2.103361749020125	1.9029475124245738	0.06828144140393931	0.7654875104393511	0.10047071890523122	97.7864177918054	109.49296448894032	0.00240799338674471	1.0001167958523496
2.103361749020125	1.9029475124245738	0.06828144140393931	0.7654875104393511	0.10047071890523122	97.7864177918054	109.49296448894032	0.00240799338674471	1.0001167958523496
2.103361749020125	1.9029475124245738	0.06828144140393931	0.7654875104393511	0.10047071890523122	97.7864177918054	109.49296448894032	0.00240799338674471	1.0001167958523496
2.103361749020125	1.9029475124245738	0.06828144140393931	0.7656371634427221	0.10047071890523122	97.7864177918054	109.49296448894032	0.00240799338674471	1.0001167958523496
2.103361749020125	1.9029475124245738	0.06828144140393931	0.7656371634427221	0.10047071890523122	97.7864177918054	109.49296448894032	0.00240799338674471	1.0001167958523496
2.103361749020125	1.9029475124245738	0.06828144140393931	0.7656371634427221	0.10044501874580264	97.7864177918054	109.49296448894032	0.00240799338674471	1.0001167958523496
2.103361749020125	1.9029475124245738	0.06828144140393931	0.7656371634427221	0.10044326055684145	97.7864177918054	109.49296448894032	0.00240799338674471	1.0001167958523496
2.103361749020125	1.9029475124245738	0.06828144140393931	0.7656371634427221	0.10038319975630688	97.7864177918054	109.49296448894032	0.00240799338674471	1.0001167958523496
2.103361749020125	1.9029475124245738	0.06828144140393931	0.7656371634427221	0.10038319975630688	97.7864177918054	109.49296448894032	0.00240799338674471	1.0001167958523496
2.103361749020125	1.9029475124245738	0.06828144140393931	0.7656371634427221	0.10038319975630688	97.7864177918054	109.49296448894032	0.0023243614769259597	1.0001167958523496
2.103361749020125	1.9029475124245738	0.06828144140393931	0.7656371634427221	0.10039142873026702	97.7864177918054	109.49296448894032	0.0023243614769259597	1.0001167958523496
2.103361749020125	1.9029475124245738	0.06828144140393931	0.7656371634427221	0.10039142873026702	97.7864177918054	109.49296448894032	0.0023243614769259597	1.0001167958523496
2.103361749020125	1.9029475124245738	0.06828144140393931	0.7656371634427221	0.10039142873026702	97.7864177918054	109.49296448894032	0.0023243614769259597	1.0001167958523496
2.103361749020125	1.9029475124245738	0.06832083342983165	0.7656371634427221	0.10039142873026702	97.7864177918054	109.49296448894032	0.0023243614769259597	1.0001167958523496
2.103361749020125	1.9029475124245738	0.06832083342983165	0.7656371634427221	0.10039142873026702	97.7864177918054	109.49296448894032	0.0023243614769259597	1.0001167958523496
2.103361749020125	1.9029475124245738	0.06832083342983165	0.7655596517271694	0.10039142873026702	97.7864177918054	109.49296448894032	0.0023243614769259597	1.0001167958523496
2.103361749020125	1.9029475124245738	0.06832083342983165	0.7655596517271694	0.10039142873026702	97.7864177918054	109.49296448894032	0.0023243614769259597	1.000118342013494
2.103361749020125	1.9029475124245738	0.06832083342983165	0.7655596517271694	0.10039142873026702	97.7864177918054	109.49296448894032	0.0023243614769259597	1.000118342013494
2.103361749020125	1.9029475124245738	0.06832083342983165	0.7655596517271694	0.10039142873026702	97.7864177918054	109.49296448894032	0.0023243614769259597	1.000118342013494
2.103361749020125	1.9029475124245738	0.06832083342983165	0.7655596517271694	0.10039142873026702	97.7864177918054	109.49296448894032	0.0023243614769259597	1.000118342013494
2.103361749020125	1.9029475124245738	0.06832083342983165	0.7655596517271694	0.10039142873026702	97.7864177918054	109.49296448894032	0.0023243614769259597	1.0001000922812457
2.103361749020125	1.9029475124245738	0.06832083342983165	0.7655596517271694	0.10039142873026702	97.7864177918054	109.49296448894032	0.0023243614769259597	1.0001000922812457
2.103361749020125	1.9029475124245738	0.06832083342983165	0.7655596517271694	0.10039142873026702	97.7864177918054	109.49296448894032	0.0023243614769259597	1.0001000922812457
2.103361749020125	1.9029475124245738	0.06832083342983165	0.7655596517271694	0.10039142873026702	97.7864177918054	109.49296448894032	0.0023243614769259597	1.000100352389025
2.103361749020125	1.9029475124245738	0.06832083342983165	0.7655596517271694	0.10039142873026702	97.7864177918054	109.49296448894032	0.0023243614769259597	1.000100352389025
2.103361749020125	1.9029475124245738	0.06832083342983165	0.7655596517271694	0.10039142873026702	97.7864177918054	109.49296448894032	0.0023243614769259597	1.0001006061077027
2.103361749020125	1.9029475124245738	0.06832083342983165	0.7655596517271694	0.10039142873026702	97.7864177918054	109.49296448894032	0.0023243614769259597	1.0001006061077027
2.103361749020125	1.9029475124245738	0.06832083342983165	0.7655596517271694	0.10039142873026702	97.7864177918054	109.49296448894032	0.0023243614769259597	1.0001006061077027
2.103469732539749	1.9029475124245738	0.06832083342983165	0.7655596517271694	0.10039142873026702	97.7864177918054	109.49296448894032	0.0023243614769259597	1.0001006061077027
2.103469732539749	1.9029475124245738	0.0681218201310796	0.7655596517271694	0.10039142873026702	97.7864177918054	109.49296448894032	0.0023243614769259597	1.0001006061077027
2.103469732539749	1.9029475124245738	0.0681218201310796	0.7655596517271694	0.10039142873026702	97.78490799153317	109.49296448894032	0.0023243614769259597	1.0001006061077027
2.103469732539749	1.9029475124245738	0.0681218201310796	0.7655596517271694	0.10039142873026702	97.78490799153317	109.49296448894032	0.0023243614769259597	1.0001006061077027
2.103469732539749	1.9029475124245738	0.0681218201310796	0.7655596517271694	0.10039142873026702	97.78490799153317	109.49296448894032	0.0023243614769259597	1.0001006061077027
2.103469732539749	1.9029475124245738	0.0681218201310796	0.7655596517271694	0.10039142873026702	97.78490799153317	109.49296448894032	0.0023243614769259597	1.0001006061077027
2.103469732539749	1.9029475124245738	0.0681218201310796	0.7655596517271694	0.10039142873026702	97.76937431676532	109.49296448894032	0.0023243614769259597	1.0001006061077027
2.103469732539749	1.9029311344641393	0.0681218201310796	0.7655596517271694	0.10039142873026702	97.76937431676532	109.49296448894032	0.0023243614769259597	1.0001006061077027
2.103469732539749	1.9029311344641393	0.0681218201310796	0.7655596517271694	0.10039142873026702	97.76937431676532	109.49296448894032	0.0023243614769259597	1.0000999744201235
2.103469732539749	1.9029311344641393	0.0681218201310796	0.7655596517271694	0.10039142873026702	97.76937431676532	109.49296448894032	0.0023243614769259597	1.0000999744201235
2.103469732539749	1.9029311344641393	0.0681218201310796	0.7655596517271694	0.10039142873026702	97.76937431676532	109.49296448894032	0.0023243614769259597	1.0000999744201235
2.103469732539749	1.9029311344641393	0.0681218201310796	0.7655596517271694	0.10039142873026702	97.76937431676532	109.49296448894032	0.0023243614769259597	1.0000999744201235
2.103469732539749	1.9029311344641393	0.0681218201310796	0.7655596517271694	0.10039142873026702	97.76937431676532	109.55773079607957	0.0023243614769259597	1.0000999744201235
2.103469732539749	1.9029311344641393	0.0681218201310796	0.7655596517271694	0.10039142873026702	97.76937431676532	109.55773079607957	0.0023243614769259597	1.0000999744201235
2.103469732539749	1.9029311344641393	0.0681218201310796	0.7655596517271694	0.10039142873026702	97.76927242550619	109.55773079607957	0.0023243614769259597	1.0000999744201235
2.103469732539749	1.9029311344641393	0.0681255465098687	0.7655596517271694	0.10039142873026702	97.76927242550619	109.55773079607957	0.0023243614769259597	1.0000999744201235
2.103469732539749	1.9029311344641393	0.0681255465098687	0.7655596517271694	0.10039142873026702	97.76927242550619	109.55773079607957	0.0023243614769259597	1.0000999744201235
2.103469732539749	1.9029311344641393	0.0681255465098687	0.7655596517271694	0.10039142873026702	97.76927242550619	109.55773079607957	0.0023243614769259597	1.0000999744201235
2.103469732539749	1.9029311344641393	0.0681255465098687	0.7655596517271694	0.10039142873026702	97.76927242550619	109.55773079607957	0.0023243614769259597	1.0000999744201235
2.103469732539749	1.9029311344641393	0.0681255465098687	0.7655596517271694	0.10039142873026702	97.76927242550619	109.55773079607957	0.0023243614769259597	1.0000999744201235
2.103469732539749	1.9029311344641393	0.0681255465098687	0.7655596517271694	0.10039142873026702	97.76927242550619	109.55773079607957	0.0023243614769259597	1.0000999744201235
2.103469732539749	1.9029311344641393	0.0681255465098687	0.7655596517271694	0.10039142873026702	97.76927242550619	109.55773079607957	0.002324564037479964	1.0000999744201235
2.103469732539749	1.902931392292232	0.0681255465098687	0.7655596517271694	0.10039142873026702	97.76927242550619	109.55773079607957	0.002324564037479964	1.0000999744201235
2.103469732539749	1.902931392292232	0.0681255465098687	0.7655596517271694	0.10039160146119597	97.76927242550619	109.55773079607957	0.002324564037479964	1.0000999744201235
2.103469732539749	1.902931392292232	0.0681255465098687	0.7655596517271694	0.10039160146119597	97.76927242550619	109.55773079607957	0.002324564037479964	1.0000999744201235
2.103470116432671	1.902931392292232	0.0681255465098687	0.7655596517271694	0.10039160146119597	97.76927242550619	109.55773079607957	0.002324564037479964	1.0000999744201235
2.103470116432671	1.902931392292232	0.0681255465098687	0.7655596517271694	0.10039160146119597	97.76927242550619	109.55773079607957	0.002324564037479964	1.0000999744201235
2.103470116432671	1.902931392292232	0.0681255465098687	0.7655596517271694	0.10039160146119597	97.76927242550619	109.55773079607957	0.002324564037479964	1.0000999744201235
2.103470116432671	1.902931392292232	0.0681255465098687	0.7655596517271694	0.10039160146119597	97.76927242550619	109.82389766021707	0.002324564037479964	1.0000999744201235
2.103470116432671	1.902931392292232	0.0681255465098687	0.7655596517271694	0.10039160146119597	97.76927242550619	109.82389766021707	0.002324564037479964	1.0000999744201235
2.103470116432671	1.9029308744526159	0.0681255465098687	0.7655596517271694	0.10039160146119597	97.76927242550619	109.82389766021707	0.002324564037479964	1.0000999744201235
2.1034696897132954	1.9029308744526159	0.0681255465098687	0.7655596517271694	0.10039160146119597	97.76927242550619	109.82389766021707	0.002324564037479964	1.0000999744201235
2.1034696897132954	1.9029308744526159	0.0681255465098687	0.7655596517271694	0.10039160146119597	97.76938911328902	109.82389766021707	0.002324564037479964	1.0000999744201235
2.1034696897132954	1.9029308744526159	0.0681255465098687	0.7655596517271694	0.10039160146119597	97.76938911328902	109.82389766021707	0.002324564037479964	1.0000999744201235
2.1034696897132954	1.9029308744526159	0.0681255465098687	0.7655596517271694	0.10039160146119597	97.76938911328902	109.82389766021707	0.002324564037479964	1.0000999744201235
2.103468657935272	1.9029308744526159	0.0681255465098687	0.7655596517271694	0.10039160146119597	97.76938911328902	109.82389766021707	0.002324564037479964	1.0000999744201235
2.103468657935272	1.9029308744526159	0.0681255465098687	0.7655596517271694	0.10039160146119597	97.76938911328902	109.82389766021707	0.002324564037479964	1.0000999744201235
2.103468657935272	1.9029308744526159	0.0681255465098687	0.7655596517271694	0.10039160146119597	97.76938911328902	109.82389766021707	0.002324564037479964	1.0000999744201235
2.103468657935272	1.9029308744526159	0.0681255465098687	0.7655596517271694	0.10039160146119597	97.76938911328902	109.82389766021707	0.002324564037479964	1.0000999744201235
2.103468657935272	1.9029308744526159	0.0681255465098687	0.7655596517271694	0.10039160146119597	97.76938911328902	109.82389766021707	0.002324564037479964	1.0000999744201235
2.103468657935272	1.9029308744526159	0.0681255465098687	0.7652851797607297	0.10039160146119597	97.76938911328902	109.82389766021707	0.002324564037479964	1.0000999744201235
2.103468657935272	1.9029308744526159	0.0681255465098687	0.7652851797607297	0.10039160146119597	97.76938911328902	109.82389766021707	0.002324564037479964	1.0000999744201235
2.103468657935272	1.9029308744526159	0.0681255465098687	0.7652851797607297	0.10039160146119597	97.76938911328902	109.82389766021707	0.002027856628690675	1.0000999744201235
2.103468657935272	1.9029308744526159	0.0681255465098687	0.7652851797607297	0.10039160146119597	97.76938911328902	109.82389766021707	0.0018992425194177766	1.0000999744201235
2.103468657935272	1.9029308744526159	0.0681255465098687	0.7652851797607297	0.10039160146119597	97.76938911328902	109.82389766021707	0.0018992425194177766	1.0000999744201235
2.103468657935272	1.9029308744526159	0.0681255465098687	0.7652851797607297	0.10039160146119597	97.76931134490661	109.82389766021707	0.0018992425194177766	1.0000999744201235
2.103468657935272	1.9029308744526159	0.0681255465098687	0.7652851797607297	0.10039160146119597	97.77806586900348	109.82389766021707	0.0018992425194177766	1.0000999744201235
2.103468657935272	1.9029308744526159	0.0681255465098687	0.7652851797607297	0.10038517802679965	97.77806586900348	109.82389766021707	0.0018992425194177766	1.0000999744201235
2.103468657935272	1.9029308744526159	0.0681255465098687	0.7652851797607297	0.10038579262800691	97.77806586900348	109.82389766021707	0.0018992425194177766	1.0000999744201235
2.103468657935272	1.9029308744526159	0.0681255465098687	0.7652851797607297	0.10038579262800691	97.8103761196141	109.82389766021707	0.0018992425194177766	1.0000999744201235
2.103468657935272	1.9029308744526159	0.0681255465098687	0.7652851797607297	0.10038650923210365	97.8103761196141	109.82389766021707	0.0018992425194177766	1.0000999744201235
2.103468657935272	1.9029177892480822	0.0681255465098687	0.7652851797607297	0.10038650923210365	97.8103761196141	109.82389766021707	0.0018992425194177766	1.0000999744201235
2.103468657935272	1.9029177892480822	0.0681255465098687	0.7652851797607297	0.10038650923210365	97.8103761196141	109.82389766021707	0.0018992425194177766	1.0000999744201235
2.1034671770359448	1.9029177892480822	0.0681255465098687	0.7652851797607297	0.10038650923210365	97.8103761196141	109.82389766021707	0.0018992425194177766	1.0000999744201235
2.1034671770359448	1.9029177892480822	0.0681255465098687	0.7652851797607297	0.10038650923210365	97.8103761196141	109.82389766021707	0.0019022629029165927	1.0000999744201235
2.1034671770359448	1.9029177892480822	0.0681255465098687	0.765241858721467	0.10038650923210365	97.8103761196141	109.82389766021707	0.0019022629029165927	1.0000999744201235
2.1034671770359448	1.9029177892480822	0.0681255465098687	0.765241858721467	0.10037030483256193	97.8103761196141	109.82389766021707	0.0019022629029165927	1.0000999744201235
2.1034671770359448	1.9029177892480822	0.0681255465098687	0.765241858721467	0.10037030483256193	97.8103761196141	109.82389766021707	0.0019022629029165927	1.0000999744201235
2.1034671770359448	1.9029177892480822	0.0681255465098687	0.765241858721467	0.10037030483256193	97.8103761196141	109.82389766021707	0.0019022629029165927	1.0000999744201235
2.1034671770359448	1.9029177892480822	0.0681255465098687	0.765241858721467	0.10037030483256193	97.8103761196141	109.82389766021707	0.0019022629029165927	1.0000999744201235
2.1034671770359448	1.9029177892480822	0.0681255465098687	0.765241858721467	0.10037030483256193	97.8103761196141	109.82389766021707	0.0019022629029165927	1.0000999744201235
2.1034671770359448	1.9029177892480822	0.0681255465098687	0.765241858721467	0.10037030483256193	97.8103761196141	109.82389766021707	0.0019022629029165927	1.0000999744201235
2.1034671770359448	1.9029177892480822	0.0681255465098687	0.765241858721467	0.10037030483256193	97.8103761196141	109.82389766021707	0.0019022629029165927	1.0000999744201235
2.1034671770359448	1.9029177892480822	0.0681255465098687	0.765241858721467	0.10037030483256193	97.8103761196141	109.82389766021707	0.0019022629029165927	1.0000999744201235
2.1034671770359448	1.9029177892480822	0.0681255465098687	0.765241858721467	0.10037021369888857	97.8103761196141	109.82389766021707	0.0019022629029165927	1.0000999744201235
2.1034671770359448	1.9028348931216836	0.0681255465098687	0.765241858721467	0.10037021369888857	97.8103761196141	109.82389766021707	0.0019022629029165927	1.0000999744201235
2.1034671770359448	1.9028348931216836	0.0681255465098687	0.765241858721467	0.10038667933585083	97.8103761196141	109.82389766021707	0.0019022629029165927	1.0000999744201235
2.1034671770359448	1.9028348931216836	0.0681255465098687	0.765241858721467	0.10038667933585083	97.8103761196141	109.82389766021707	0.0019022629029165927	1.0000999744201235
2.1034671770359448	1.9028348931216836	0.0681255465098687	0.765241858721467	0.10038667933585083	97.8103761196141	109.82389766021707	0.0019022629029165927	1.0000999744201235
2.1034671770359448	1.9028348931216836	0.0681255465098687	0.765241858721467	0.10038667933585083	97.8103761196141	109.82389766021707	0.0019022629029165927	1.0000999744201235
2.103463185253005	1.9028348931216836	0.0681255465098687	0.765241858721467	0.10038667933585083	97.8103761196141	109.82389766021707	0.0019022629029165927	1.0000999744201235
2.103465482885132	1.9028348931216836	0.0681255465098687	0.765241858721467	0.10038667933585083	97.8103761196141	109.82389766021707	0.0019022629029165927	1.0000999744201235
2.103465482885132	1.9028348931216836	0.0681255465098687	0.765241858721467	0.10038667933585083	97.8103761196141	109.82389766021707	0.0019022629029165927	1.0000999744201235
2.103465482885132	1.9028348931216836	0.0681255465098687	0.765241858721467	0.10038667933585083	97.8103761196141	109.82389766021707	0.0019022629029165927	1.0000999744201235
2.103465482885132	1.9028348931216836	0.0681255465098687	0.765241858721467	0.10038667933585083	97.8103761196141	109.82389766021707	0.0019022629029165927	1.0000999744201235
2.103465482885132	1.9028348931216836	0.0681255465098687	0.765241858721467	0.10038667933585083	97.8103761196141	109.82389766021707	0.0019022629029165927	1.0000999744201235
2.103465482885132	1.9028348931216836	0.0681255465098687	0.765241858721467	0.10038667933585083	97.8103761196141	109.82389766021707	0.0019022629029165927	1.0000999744201235
2.103465482885132	1.9028348931216836	0.0681255465098687	0.765241858721467	0.10038667933585083	97.8103761196141	109.82389766021707	0.0019022629029165927	1.0000999744201235
2.103465482885132	1.9028420867648397	0.0681255465098687	0.765241858721467	0.10038667933585083	97.8103761196141	109.82389766021707	0.0019022629029165927	1.0000999744201235
2.103465482885132	1.9028420867648397	0.0681255465098687	0.765241858721467	0.10038667933585083	97.8103761196141	109.82389766021707	0.0019022629029165927	1.0000999744201235
2.103465482885132	1.9028420867648397	0.0681255465098687	0.765241858721467	0.10038667933585083	97.8103761196141	109.82389766021707	0.0019022629029165927	1.0000999744201235
2.1034654167969054	1.9028420867648397	0.0681255465098687	0.765241858721467	0.10038667933585083	97.8103761196141	109.82389766021707	0.0019022629029165927	1.0000999744201235
2.1034654167969054	1.9028420867648397	0.0681255465098687	0.765241858721467	0.10038667933585083	97.8103761196141	109.82109504079524	0.0019022629029165927	1.0000999744201235
2.1034654167969054	1.9028420867648397	0.0681255465098687	0.765241858721467	0.10038667933585083	97.8103761196141	109.82109504079524	0.0019022629029165927	1.0000999744201235
2.1034654167969054	1.9028420867648397	0.0681255465098687	0.765241858721467	0.10038667933585083	97.8103761196141	109.82109504079524	0.0019022629029165927	1.0000999744201235
2.1034654167969054	1.9028420867648397	0.0681255465098687	0.765241858721467	0.10038667933585083	97.8103761196141	109.82109504079524	0.0019022629029165927	1.0000999744201235
2.1034654167969054	1.9028420867648397	0.0681255465098687	0.765241858721467	0.10038667933585083	97.8103761196141	109.82109504079524	0.0019022629029165927	1.000098131722359
2.1034654167969054	1.9028420867648397	0.0681255465098687	0.7652020017871878	0.10038667933585083	97.8103761196141	109.82109504079524	0.0019022629029165927	1.000098131722359
2.1034654167969054	1.9028420867648397	0.0681255465098687	0.7652020017871878	0.10038667933585083	97.8103761196141	111.808946421143	0.0019022629029165927	1.000098131722359
2.1034654167969054	1.9025801997314233	0.0681255465098687	0.7652020017871878	0.10038667933585083	97.8103761196141	111.808946421143	0.0019022629029165927	1.000098131722359
2.1034654167969054	1.9025801997314233	0.0681255465098687	0.7652020017871878	0.10038667933585083	97.8103761196141	111.808946421143	0.0019022629029165927	1.000098131722359
2.1034654167969054	1.9025801997314233	0.0681255465098687	0.7652020017871878	0.10038207880740234	97.8103761196141	111.808946421143	0.0019022629029165927	1.000098131722359
2.1034654167969054	1.9025801997314233	0.0681255465098687	0.7652255706114148	0.10038207880740234	97.8103761196141	111.808946421143	0.0019022629029165927	1.000098131722359
2.1034654167969054	1.9025801997314233	0.0681255465098687	0.7652255706114148	0.10038207880740234	97.8103761196141	111.808946421143	0.0019022629029165927	1.0000981381129173
2.1034654167969054	1.9025801997314233	0.0681255465098687	0.7652255706114148	0.10038207880740234	97.8103761196141	111.808946421143	0.0019022629029165927	1.0000981381129173
2.1034654167969054	1.9025801997314233	0.0681255465098687	0.7652255706114148	0.10038207880740234	97.8103761196141	111.808946421143	0.0019022629029165927	1.0000981381129173
2.1034654167969054	1.9025801997314233	0.0681255465098687	0.7652255706114148	0.10038207880740234	97.8103761196141	111.808946421143	0.0019022629029165927	1.0000981381129173
2.1034654167969054	1.9025801997314233	0.0681255465098687	0.7651699317182947	0.10038207880740234	97.8103761196141	111.808946421143	0.0019022629029165927	1.0000981381129173
2.1034654167969054	1.9025801997314233	0.0681255465098687	0.7651699317182947	0.10038207880740234	97.8103761196141	111.808946421143	0.0019022629029165927	1.0000981381129173
2.1034654167969054	1.9025801997314233	0.0681255465098687	0.7651699317182947	0.10038207880740234	97.81115662777607	111.808946421143	0.0019022629029165927	1.0000981381129173
2.1034654167969054	1.9025801997314233	0.0681255465098687	0.7651699317182947	0.10038207880740234	97.81115662777607	111.808946421143	0.0019022629029165927	1.0000981381129173
2.1034654167969054	1.9025801997314233	0.0681255465098687	0.7651699317182947	0.10038207880740234	97.81115662777607	111.808946421143	0.0019022629029165927	1.0000981381129173
2.103514715512861	1.9025801997314233	0.0681255465098687	0.7651699317182947	0.10038207880740234	97.81115662777607	111.808946421143	0.0019022629029165927	1.0000981381129173
2.103514715512861	1.9025801997314233	0.0681255465098687	0.7651699317182947	0.10038220437329962	97.81115662777607	111.808946421143	0.0019022629029165927	1.0000981381129173
2.103514715512861	1.9025801997314233	0.0681255465098687	0.7651699317182947	0.10038220437329962	97.81115662777607	111.808946421143	0.0019022629029165927	1.0000981381129173
2.103514715512861	1.9025801997314233	0.0681255465098687	0.7651699317182947	0.100403271644281	97.81115662777607	111.808946421143	0.0019022629029165927	1.0000981381129173
2.103514715512861	1.9025801997314233	0.0681255465098687	0.7651699317182947	0.100403271644281	97.81115662777607	111.808946421143	0.0019022629029165927	1.0000981381129173
2.103514715512861	1.9025801997314233	0.0681255465098687	0.7651699317182947	0.100403271644281	97.81115662777607	111.808946421143	0.0019022629029165927	1.0000981381129173
2.103514715512861	1.9025801997314233	0.0681255465098687	0.7651699317182947	0.100403271644281	97.81115662777607	111.808946421143	0.0019037113321910381	1.0000981381129173
2.103514715512861	1.9025801997314233	0.0681255465098687	0.7651699317182947	0.100403271644281	97.81115662777607	111.808946421143	0.0019037113321910381	1.0000981381129173
2.103514715512861	1.9025801997314233	0.0681255465098687	0.7651699317182947	0.100403271644281	97.81115662777607	111.808946421143	0.0019037113321910381	1.0000981381129173
2.103514715512861	1.9025801997314233	0.0681255465098687	0.7651699317182947	0.100403271644281	97.81115662777607	111.8407009217351	0.0019037113321910381	1.0000981381129173
2.1035163720795573	1.9025801997314233	0.0681255465098687	0.7651699317182947	0.100403271644281	97.81115662777607	111.8407009217351	0.0019037113321910381	1.0000981381129173
2.1035163720795573	1.9025801997314233	0.0681255465098687	0.7651699317182947	0.100403271644281	97.81115662777607	111.8407009217351	0.0019035510207410689	1.0000981381129173
2.1035163720795573	1.902573337512717	0.0681255465098687	0.7651699317182947	0.100403271644281	97.81115662777607	111.8407009217351	0.0019035510207410689	1.0000981381129173
2.1035163720795573	1.902573337512717	0.0681255465098687	0.7651699317182947	0.100403271644281	97.81174686202968	111.8407009217351	0.0019035510207410689	1.0000981381129173
2.1035163720795573	1.902573337512717	0.0681255465098687	0.7651699317182947	0.100403271644281	97.81174686202968	111.8407009217351	0.0019035510207410689	1.0000981381129173
2.1035163720795573	1.902573337512717	0.0681255465098687	0.7651699317182947	0.100403271644281	97.81174686202968	111.8407009217351	0.0019035510207410689	1.0000981381129173
2.1035163720795573	1.902573337512717	0.0681255465098687	0.7651699317182947	0.100403271644281	97.81174686202968	111.8407009217351	0.0019035510207410689	1.0001060158501753
2.1035163720795573	1.902573337512717	0.0681255465098687	0.7651699317182947	0.100403271644281	97.81250594900925	111.8407009217351	0.0019035510207410689	1.0001060158501753
2.1035163720795573	1.902573337512717	0.06813270173973567	0.7651699317182947	0.100403271644281	97.81250594900925	111.8407009217351	0.0019035510207410689	1.0001060158501753
2.1035163720795573	1.902573337512717	0.06813270173973567	0.7651699317182947	0.100403271644281	97.81250594900925	111.28759881284374	0.0019035510207410689	1.0001060158501753
2.103816369005758	1.902573337512717	0.06813270173973567	0.7651699317182947	0.100403271644281	97.81250594900925	111.28759881284374	0.0019035510207410689	1.0001060158501753
2.103816369005758	1.902573337512717	0.06813270173973567	0.7647032161769862	0.100403271644281	97.81250594900925	111.28759881284374	0.0019035510207410689	1.0001060158501753
2.103816369005758	1.902573337512717	0.06813270173973567	0.7647032161769862	0.100403271644281	97.81250594900925	111.28759881284374	0.0019035510207410689	1.0001060158501753
2.103816369005758	1.902573337512717	0.06813270173973567	0.7647032161769862	0.100403271644281	97.81250594900925	111.28759881284374	0.0019035510207410689	1.0001060158501753
2.103816369005758	1.902573337512717	0.06813270173973567	0.7647032161769862	0.100403271644281	97.81250594900925	111.28759881284374	0.0019035510207410689	1.0001060158501753
2.103816369005758	1.902573337512717	0.06813270173973567	0.7647032161769862	0.100403271644281	97.81250594900925	111.28759881284374	0.0019035510207410689	1.0001060158501753
2.103816369005758	1.902573337512717	0.06813270173973567	0.7647032161769862	0.100403271644281	97.84820782612297	111.28759881284374	0.0019035510207410689	1.0001060158501753
2.103816369005758	1.902573337512717	0.06813270173973567	0.7647032161769862	0.100403271644281	97.84876226673359	111.28759881284374	0.0019035510207410689	1.0001060158501753
2.103816369005758	1.902573337512717	0.06813270173973567	0.7651752178817928	0.100403271644281	97.84876226673359	111.28759881284374	0.0019035510207410689	1.0001060158501753
2.103816369005758	1.902573337512717	0.06813270173973567	0.7651752178817928	0.100403271644281	97.84876226673359	111.28759881284374	0.0019034901996409083	1.0001060158501753
2.103816369005758	1.902573337512717	0.06813270173973567	0.7651752178817928	0.100403271644281	97.84876226673359	111.28759881284374	0.0019034901996409083	1.0001109359102511
2.103816369005758	1.902573337512717	0.06813270173973567	0.7651752178817928	0.100403271644281	97.84876226673359	111.28759881284374	0.0019034901996409083	1.0001109359102511
2.103816369005758	1.902573337512717	0.06813270173973567	0.7651752178817928	0.100403271644281	97.84876226673359	111.28759881284374	0.0019034901996409083	1.0001109359102511
2.103816369005758	1.902573337512717	0.06813270173973567	0.7651752178817928	0.100403271644281	97.84876226673359	111.28759881284374	0.0019034901996409083	1.0001109359102511
2.103816369005758	1.902573337512717	0.06813270173973567	0.7651752178817928	0.100403271644281	97.84876226673359	111.28759881284374	0.001985450762543903	1.0001109359102511
2.103816369005758	1.902573337512717	0.06813270173973567	0.7651752178817928	0.100403271644281	97.84876226673359	111.28759881284374	0.001985450762543903	1.0001109359102511
2.103816369005758	1.902573337512717	0.06813270173973567	0.7651752178817928	0.10094956334947441	97.84876226673359	111.28759881284374	0.001985450762543903	1.0001109359102511
2.103816369005758	1.902573337512717	0.06813270173973567	0.7651752178817928	0.10094956334947441	97.84876226673359	111.28759881284374	0.001985450762543903	1.0001109359102511
2.103816369005758	1.902573337512717	0.06813270173973567	0.7651752178817928	0.10094956334947441	97.84876226673359	111.28759881284374	0.001985450762543903	1.0001109359102511
2.103816369005758	1.902573337512717	0.06813270173973567	0.7651752178817928	0.10094950084794285	97.84876226673359	111.28759881284374	0.001985450762543903	1.0001109359102511
2.103816369005758	1.902573337512717	0.06813270173973567	0.7651752178817928	0.10094950084794285	97.84876226673359	111.28759881284374	0.001985450762543903	1.0001109359102511
2.102152141119786	1.902573337512717	0.06813270173973567	0.7651752178817928	0.10094950084794285	97.84876226673359	111.28759881284374	0.001985450762543903	1.0001109359102511
2.102152141119786	1.902573337512717	0.06813270173973567	0.7651752178817928	0.10094950084794285	97.84876226673359	111.28759881284374	0.001985450762543903	1.0001109359102511
2.102152141119786	1.902573337512717	0.06813270173973567	0.7651752178817928	0.10094950084794285	97.84876226673359	111.28759881284374	0.0020857905446617737	1.0001109359102511
2.102152141119786	1.902573337512717	0.06813270173973567	0.7651752178817928	0.10094950084794285	97.84876226673359	111.28759881284374	0.0020857905446617737	1.0001109359102511
2.102152141119786	1.902573337512717	0.06813270173973567	0.7651752178817928	0.10094950084794285	97.84848730633395	111.28759881284374	0.0020857905446617737	1.0001109359102511
2.102152141119786	1.902573337512717	0.06813270173973567	0.7651752178817928	0.10094950084794285	97.84848730633395	111.28759881284374	0.0020857905446617737	1.0001109359102511
2.102152141119786	1.902573337512717	0.06813270173973567	0.7651752178817928	0.10094020370452411	97.84848730633395	111.28759881284374	0.0020857905446617737	1.0001109359102511
2.102152141119786	1.902573337512717	0.06813270173973567	0.7651752178817928	0.10094020370452411	97.84848730633395	111.28759881284374	0.0020857905446617737	1.0001109359102511
2.102152141119786	1.902573337512717	0.06813270173973567	0.7651752178817928	0.10094116378382223	97.84848730633395	111.28759881284374	0.0020857905446617737	1.0001109359102511
2.102152141119786	1.902573337512717	0.06813270173973567	0.7651752178817928	0.10094116378382223	97.84848730633395	111.28759881284374	0.0020857905446617737	1.0001109771133418
2.102152141119786	1.902573337512717	0.06813270173973567	0.7651752178817928	0.10094116378382223	97.84848730633395	111.28759881284374	0.002280557324580573	1.0001109771133418
2.1025296919513923	1.902573337512717	0.06813270173973567	0.7651752178817928	0.10094116378382223	97.84848730633395	111.28759881284374	0.002280557324580573	1.0001109771133418
2.1025296919513923	1.902573337512717	0.06813270173973567	0.7651752178817928	0.10096360096716533	97.84848730633395	111.28759881284374	0.002280557324580573	1.0001109771133418
2.1025296919513923	1.902573337512717	0.06813270173973567	0.7651752178817928	0.10096360096716533	97.84848730633395	111.28759881284374	0.002280557324580573	1.0001109771133418
2.1025296919513923	1.902573337512717	0.06813270173973567	0.7651752178817928	0.10096211172182036	97.84848730633395	111.28759881284374	0.002280557324580573	1.0001109771133418
2.1025296919513923	1.902573337512717	0.06813270173973567	0.7651752178817928	0.10096211172182036	97.84848730633395	111.28759881284374	0.002280557324580573	1.0001109771133418
2.1025296919513923	1.902573337512717	0.06813270173973567	0.7651752178817928	0.10096211172182036	97.84848730633395	111.28759881284374	0.002280557324580573	1.0000936145668295
2.1025296919513923	1.902573337512717	0.06813270173973567	0.7651752178817928	0.10096211172182036	97.84849446945421	111.28759881284374	0.002280557324580573	1.0000936145668295
2.1025296919513923	1.902573337512717	0.06813270173973567	0.7651752178817928	0.10096211172182036	97.84441680343323	111.28759881284374	0.002280557324580573	1.0000936145668295
2.1025296919513923	1.902573337512717	0.06813270173973567	0.7651752178817928	0.10096211172182036	97.84441680343323	111.28759881284374	0.002280557324580573	1.0000936145668295
2.1025296919513923	1.902573337512717	0.06813270173973567	0.7656562404733374	0.10096211172182036	97.84441680343323	111.28759881284374	0.002280557324580573	1.0000936145668295
2.1025296919513923	1.902573337512717	0.06813270173973567	0.7656562404733374	0.10096211172182036	97.84441680343323	111.28759881284374	0.002280557324580573	1.000093638932829
2.1025296919513923	1.902573337512717	0.06813270173973567	0.7656562404733374	0.10096211172182036	97.84441680343323	111.28759881284374	0.002280557324580573	1.000093638932829
2.1025296919513923	1.902573337512717	0.06813270173973567	0.7656562404733374	0.10096211172182036	97.84441680343323	111.28759881284374	0.002280557324580573	1.000093638932829
2.1025296919513923	1.902573337512717	0.06813270173973567	0.7656562404733374	0.10075063125849823	97.84441680343323	111.28759881284374	0.002280557324580573	1.000093638932829
2.1025296919513923	1.902573337512717	0.06813270173973567	0.7656562404733374	0.10075063125849823	97.84441680343323	111.28759881284374	0.002280557324580573	1.000093638932829
2.1025296919513923	1.902573337512717	0.06813270173973567	0.7656562404733374	0.10075063125849823	97.84441680343323	111.28759881284374	0.002280557324580573	1.000093638932829
2.1025296919513923	1.902573337512717	0.06813270173973567	0.7656562404733374	0.10075063125849823	97.84441680343323	111.28759881284374	0.002280557324580573	1.000093638932829
2.1025296919513923	1.902573337512717	0.06813270173973567	0.7656562404733374	0.10075063125849823	97.84441680343323	111.28811404145584	0.002280557324580573	1.000093638932829
2.1025296919513923	1.902573337512717	0.06813270173973567	0.7656562404733374	0.10075063125849823	97.84441680343323	111.28811404145584	0.002280557324580573	1.000093638932829
2.1025296919513923	1.902573337512717	0.06813270173973567	0.7656562404733374	0.10075063125849823	97.84441680343323	111.28811404145584	0.002280557324580573	1.000093638932829
2.1025296919513923	1.902573337512717	0.06813270173973567	0.7656562404733374	0.10075063125849823	97.84441680343323	111.28811404145584	0.002280557324580573	1.000093638932829
2.1025296919513923	1.902573337512717	0.06813270173973567	0.7656562404733374	0.10075063125849823	97.8156755346085	111.28811404145584	0.002280557324580573	1.000093638932829
2.1025296919513923	1.902573337512717	0.06813270173973567	0.7656562404733374	0.10075063125849823	97.8156755346085	111.28811404145584	0.002280557324580573	1.000093638932829
2.1025296919513923	1.902573337512717	0.06813270173973567	0.7656562404733374	0.10075063125849823	97.8156755346085	111.28811404145584	0.002280557324580573	1.000093638932829
2.1025296919513923	1.9025853347483064	0.06813270173973567	0.7656562404733374	0.10075063125849823	97.8156755346085	111.28811404145584	0.002280557324580573	1.000093638932829
2.1025296919513923	1.9025853347483064	0.06813270173973567	0.7656562404733374	0.10075063125849823	97.8156755346085	111.28811404145584	0.002280557324580573	1.000093638932829
2.1025296919513923	1.9025853347483064	0.06813270173973567	0.7656562404733374	0.10075063125849823	97.8156755346085	111.28811404145584	0.0022806161127004393	1.000093638932829
2.1025296919513923	1.9025853347483064	0.06813270173973567	0.7658706026797335	0.10075063125849823	97.8156755346085	111.28811404145584	0.0022806161127004393	1.000093638932829
2.1025296919513923	1.9025853347483064	0.06813270173973567	0.7658706026797335	0.10075063125849823	97.8156755346085	111.28811404145584	0.0022806161127004393	1.000093638932829
2.1025296919513923	1.9023866424936642	0.06813270173973567	0.7658706026797335	0.10075063125849823	97.8156755346085	111.28811404145584	0.0022806161127004393	1.000093638932829
2.1025296919513923	1.9023866424936642	0.06813270173973567	0.7658706026797335	0.10075063125849823	97.8156755346085	111.28811404145584	0.002280627171424294	1.000093638932829
2.1025296919513923	1.9023866424936642	0.06813270173973567	0.7658706026797335	0.10075063125849823	97.8156755346085	111.28811404145584	0.002280627171424294	1.000093638932829
2.1025296919513923	1.9023866424936642	0.06812375370927092	0.7658706026797335	0.10075063125849823	97.8156755346085	111.28811404145584	0.002280627171424294	1.000093638932829
2.1025296919513923	1.9023866424936642	0.06812375370927092	0.7658706026797335	0.10075063125849823	97.8156755346085	111.28760066857996	0.002280627171424294	1.000093638932829
2.1025296919513923	1.9023866424936642	0.06812375370927092	0.7658706026797335	0.10075063125849823	97.8156755346085	111.39599358551934	0.002280627171424294	1.000093638932829
2.1025296919513923	1.9023866424936642	0.06812375370927092	0.7658706026797335	0.10075063125849823	97.8156755346085	111.39599358551934	0.002280627171424294	1.000090385749264
2.1025296919513923	1.9023866424936642	0.06812375370927092	0.7658706026797335	0.10075063125849823	97.8156755346085	111.39599358551934	0.002280615729504565	1.000090385749264
2.1025296919513923	1.9023866424936642	0.06812375370927092	0.7658706026797335	0.10075026741599169	97.8156755346085	111.39599358551934	0.002280615729504565	1.000090385749264
2.1025296919513923	1.9023866424936642	0.06812375370927092	0.7658706026797335	0.10075026741599169	97.8156755346085	111.39599358551934	0.002280615729504565	1.000090385749264
2.1025296919513923	1.9023866424936642	0.06812375370927092	0.7658706026797335	0.10075026741599169	97.8156755346085	111.39599358551934	0.002280615729504565	1.000090385749264
2.1025296919513923	1.9023866424936642	0.06812375370927092	0.7658706026797335	0.10075026741599169	97.8156755346085	111.39599358551934	0.002280615729504565	1.000090385749264
2.1025296919513923	1.9023866424936642	0.06814267307825816	0.7658706026797335	0.10075026741599169	97.8156755346085	111.39599358551934	0.002280615729504565	1.000090385749264
2.1025296919513923	1.9023866424936642	0.06814267307825816	0.7658706026797335	0.10075026741599169	97.8156755346085	111.39599358551934	0.002280615729504565	1.000090385749264
2.102506498759576	1.9023866424936642	0.06814267307825816	0.7658706026797335	0.10075026741599169	97.8156755346085	111.39599358551934	0.002280615729504565	1.000090385749264
2.102506498759576	1.9023866424936642	0.06814267307825816	0.7658706026797335	0.10075026741599169	97.8156755346085	111.39599358551934	0.002280615729504565	1.000090385749264
2.102506498759576	1.9023866424936642	0.06814267307825816	0.7658706026797335	0.10075026741599169	97.8156755346085	111.39599358551934	0.002280615729504565	1.0000978671930618
2.102506498759576	1.9023866424936642	0.06814267307825816	0.7658706026797335	0.10075026741599169	97.8156755346085	111.39599358551934	0.002280615729504565	1.0000978671930618
2.102506498759576	1.9023866424936642	0.06814267307825816	0.7658706026797335	0.10075026741599169	97.8156755346085	111.39599358551934	0.002280615729504565	1.0000978671930618
2.102506498759576	1.9023866424936642	0.06814267307825816	0.7658706026797335	0.10075026741599169	97.8156755346085	111.39599358551934	0.002280615729504565	1.0000978671930618
2.102506498759576	1.9023866424936642	0.06814267307825816	0.7658706026797335	0.10075026741599169	97.8156755346085	111.39599358551934	0.002280615729504565	1.0000978671930618
2.102506498759576	1.9023354639145937	0.06814267307825816	0.7658706026797335	0.10075026741599169	97.8156755346085	111.39599358551934	0.002280615729504565	1.0000978671930618
2.102506498759576	1.9023354639145937	0.06814267307825816	0.7657706122003533	0.10075026741599169	97.8156755346085	111.39599358551934	0.002280615729504565	1.0000978671930618
2.102506498759576	1.9023354639145937	0.06814267307825816	0.7657706122003533	0.10075026741599169	97.8156755346085	111.39599358551934	0.002280615729504565	1.0000978671930618
2.102506498759576	1.9023354639145937	0.06814267307825816	0.7657706122003533	0.10075026741599169	97.8156755346085	111.39599358551934	0.002280615729504565	1.0000978671930618
2.102506498759576	1.9023354639145937	0.06814267307825816	0.7657706122003533	0.10075026741599169	97.8156755346085	111.39599358551934	0.002282356127117984	1.0000978671930618
2.102506498759576	1.9023354639145937	0.06814267307825816	0.7657706122003533	0.10075026741599169	97.8156755346085	111.39599358551934	0.002282356127117984	1.0000978671930618
2.102506498759576	1.9023354639145937	0.06814267307825816	0.7657706122003533	0.10075026741599169	97.8156755346085	111.39599358551934	0.002282356127117984	1.0000978671930618
2.102506498759576	1.9023354639145937	0.06814267307825816	0.7657706122003533	0.10075026741599169	97.8156755346085	111.39599358551934	0.002271156829489233	1.0000978671930618
2.102506498759576	1.9023354639145937	0.06814267307825816	0.7657706122003533	0.10075026741599169	97.8156755346085	111.43993214537888	0.002271156829489233	1.0000978671930618
2.102506498759576	1.9023354639145937	0.06814267307825816	0.765764197416717	0.10075026741599169	97.8156755346085	111.43993214537888	0.002271156829489233	1.0000978671930618
2.102506498759576	1.9024095759529134	0.06814267307825816	0.765764197416717	0.10075026741599169	97.8156755346085	111.43993214537888	0.002271156829489233	1.0000978671930618
2.102506498759576	1.9024095759529134	0.06814267307825816	0.765764197416717	0.10075026741599169	97.8156755346085	111.43993214537888	0.002271156829489233	1.0000978671930618
2.102506498759576	1.9024095759529134	0.06814267307825816	0.765764197416717	0.10075026741599169	97.8156755346085	111.43993214537888	0.002271156829489233	1.0000978671930618
2.102506498759576	1.9024095759529134	0.06814267307825816	0.765764197416717	0.10075026741599169	97.8156755346085	111.43993214537888	0.002271156829489233	1.0000978671930618
2.102506498759576	1.9024095759529134	0.06814267307825816	0.765764197416717	0.10075026741599169	97.8156755346085	111.44106632968182	0.002271156829489233	1.0000978671930618
2.1025013956720704	1.9024095759529134	0.06814267307825816	0.765764197416717	0.10075026741599169	97.8156755346085	111.44106632968182	0.002271156829489233	1.0000978671930618
2.0959022434221475	1.9024095759529134	0.06814267307825816	0.765764197416717	0.10075026741599169	97.8156755346085	111.44106632968182	0.002271156829489233	1.0000978671930618
2.0959022434221475	1.9024095759529134	0.06814267307825816	0.765764197416717	0.10075026741599169	97.8156755346085	111.44106632968182	0.002271156829489233	1.0000979052155712
2.0959022434221475	1.9024095759529134	0.06814267307825816	0.765764197416717	0.10075026741599169	97.8156755346085	111.44106632968182	0.002271156829489233	1.0000979052155712
2.0959022434221475	1.9024095759529134	0.06814267307825816	0.765764197416717	0.10075026741599169	97.8156755346085	111.44106632968182	0.002271156829489233	1.0000979052155712
2.0959022434221475	1.9024095759529134	0.06814267307825816	0.765764197416717	0.10075026741599169	97.8156755346085	111.43859280636143	0.002271156829489233	1.0000979052155712
2.0959022434221475	1.9024095759529134	0.06814267307825816	0.765764197416717	0.10075026741599169	97.8156755346085	111.43859280636143	0.002271156829489233	1.000094076279038
2.0959022434221475	1.9024095759529134	0.06814267307825816	0.765764197416717	0.10075026741599169	97.8156755346085	111.43859280636143	0.002271156829489233	1.000094076279038
2.0959022434221475	1.9024095759529134	0.06814267307825816	0.765764197416717	0.10075026741599169	97.8156755346085	111.43859280636143	0.002271156829489233	1.000094076279038
2.0959022434221475	1.9024095759529134	0.06814267307825816	0.765764197416717	0.10075026741599169	97.8156755346085	111.43859280636143	0.002271156829489233	1.000094076279038
2.0959022434221475	1.9024095759529134	0.06814267307825816	0.765764197416717	0.10075026741599169	97.8156755346085	111.43859280636143	0.002271156829489233	1.000094076279038
2.0959022434221475	1.9024095759529134	0.06817179142019231	0.765764197416717	0.10075026741599169	97.8156755346085	111.43859280636143	0.002271156829489233	1.000094076279038
2.0959022434221475	1.9024095759529134	0.06817179142019231	0.765764197416717	0.10075026741599169	97.8156755346085	111.43859280636143	0.002271156829489233	1.000094076279038
2.0959022434221475	1.9024095759529134	0.06817179142019231	0.765764197416717	0.10075026741599169	97.8156755346085	111.43859280636143	0.002271156829489233	1.000094076279038
2.0959022434221475	1.9024095759529134	0.06817179142019231	0.765764197416717	0.10075026741599169	97.8156755346085	111.43859280636143	0.002271156829489233	1.000094076279038
2.095925440665565	1.9024095759529134	0.06817179142019231	0.765764197416717	0.10075026741599169	97.8156755346085	111.43859280636143	0.002271156829489233	1.000094076279038
2.095925440665565	1.9024095759529134	0.06817179142019231	0.765764197416717	0.10075026741599169	97.8156755346085	111.43859280636143	0.002271156829489233	1.0000940715008202
2.095925440665565	1.9024095759529134	0.06817179142019231	0.765764197416717	0.10075026741599169	97.8156755346085	111.43859280636143	0.002271156829489233	1.0000940715008202
2.095925440665565	1.9024095759529134	0.06817179142019231	0.765764197416717	0.10075026741599169	97.8156755346085	111.43859280636143	0.002271156829489233	1.0000940715008202
2.095925440665565	1.9024095759529134	0.06817179142019231	0.7658278232139545	0.10075026741599169	97.8156755346085	111.43859280636143	0.002271156829489233	1.0000940715008202
2.095925440665565	1.9023517352977075	0.06817179142019231	0.7658278232139545	0.10075026741599169	97.8156755346085	111.43859280636143	0.002271156829489233	1.0000940715008202
2.095925440665565	1.9023517352977075	0.06817179142019231	0.7658278232139545	0.10075026741599169	97.8156755346085	111.43859280636143	0.002271156829489233	1.0000940715008202
2.095925440665565	1.9023517352977075	0.06817179142019231	0.7658278232139545	0.10075026741599169	97.8156755346085	111.43859280636143	0.002271156829489233	1.0000940715008202
2.095925440665565	1.9023517352977075	0.06817179142019231	0.7658278232139545	0.10075026741599169	97.8156755346085	111.43859280636143	0.002271156829489233	1.0000940715008202
2.095925440665565	1.9023517352977075	0.06817179142019231	0.7658278232139545	0.10075026741599169	97.8156755346085	111.43859280636143	0.002271156829489233	1.0000954501802963
2.095925440665565	1.9023517352977075	0.06817179142019231	0.7658278232139545	0.10075026741599169	97.8156755346085	111.43859280636143	0.002271156829489233	1.0000954501802963
2.095925440665565	1.9023517352977075	0.06817179142019231	0.7658278232139545	0.10075026741599169	97.8156755346085	111.43859280636143	0.002271156829489233	1.0000954501802963
2.095925440665565	1.9023517352977075	0.06817179142019231	0.7658278232139545	0.10075026741599169	97.8156755346085	111.43952075186432	0.002271156829489233	1.0000954501802963
2.095925440665565	1.9023517352977075	0.06817179142019231	0.7658278232139545	0.10067427127841218	97.8156755346085	111.43952075186432	0.002271156829489233	1.0000954501802963
2.095925440665565	1.9023517352977075	0.06817179142019231	0.7658278232139545	0.10067427127841218	97.8156755346085	112.0906938859973	0.002271156829489233	1.0000954501802963
2.095925440665565	1.9023517352977075	0.06817089119530817	0.7658278232139545	0.10067427127841218	97.8156755346085	112.0906938859973	0.002271156829489233	1.0000954501802963
2.095925440665565	1.9023517352977075	0.06817089119530817	0.7658278232139545	0.10067427127841218	97.8156755346085	112.0906938859973	0.002271156829489233	1.0000954501802963
2.095925440665565	1.9023517352977075	0.06817089119530817	0.7658278232139545	0.10067427127841218	97.8156755346085	112.09090617159917	0.002271156829489233	1.0000954501802963
2.095925440665565	1.9023517352977075	0.06817089119530817	0.7658278232139545	0.10067427127841218	97.8156755346085	112.09090617159917	0.002271156829489233	1.0000954501802963
2.095925440665565	1.9023517352977075	0.06817089119530817	0.7658278232139545	0.10067427127841218	97.8156755346085	111.61166663749064	0.002271156829489233	1.0000954501802963
2.095925440665565	1.9023517352977075	0.06817089119530817	0.7658278232139545	0.10067427127841218	97.8156755346085	111.61166663749064	0.002271156829489233	1.0000954501802963
2.095925440665565	1.9022705912638276	0.06817089119530817	0.7658278232139545	0.10067427127841218	97.8156755346085	111.61166663749064	0.002271156829489233	1.0000954501802963
2.0954843595279264	1.9022705912638276	0.06817089119530817	0.7658278232139545	0.10067427127841218	97.8156755346085	111.61166663749064	0.002271156829489233	1.0000954501802963
2.0954843595279264	1.9022705912638276	0.06817089119530817	0.7658278232139545	0.10067427127841218	97.8156755346085	111.61166663749064	0.002271156829489233	1.0000954501802963
2.0954843595279264	1.9022705912638276	0.06817089119530817	0.7658278232139545	0.10067427127841218	97.8156755346085	111.61166663749064	0.002271156829489233	1.0000952558604677
2.0954855455290793	1.9022705912638276	0.06817089119530817	0.7658278232139545	0.10067427127841218	97.8156755346085	111.61166663749064	0.002271156829489233	1.0000952558604677
2.0954855455290793	1.9022705912638276	0.06817089119530817	0.7658278232139545	0.10067422357693355	97.8156755346085	111.61166663749064	0.002271156829489233	1.0000952558604677
2.0954855455290793	1.9022705912638276	0.06817089119530817	0.7658278232139545	0.10067422357693355	97.8156755346085	111.35129079224598	0.002271156829489233	1.0000952558604677
2.0954855455290793	1.9022705912638276	0.06817089119530817	0.7658278232139545	0.10067422357693355	97.8156755346085	111.35129079224598	0.002271156829489233	1.0000952558604677
2.0954855455290793	1.9022705912638276	0.06817089119530817	0.7658278232139545	0.10067422357693355	97.8156755346085	107.85084380690577	0.002271156829489233	1.0000952558604677
2.0954855455290793	1.9022705912638276	0.06817089119530817	0.7658278232139545	0.10067422357693355	97.81558466420978	107.85084380690577	0.002271156829489233	1.0000952558604677
2.0954855455290793	1.9022705912638276	0.06817089119530817	0.7658278232139545	0.10067422357693355	97.81558466420978	107.98769515602612	0.002271156829489233	1.0000952558604677
2.0954744145236894	1.9022705912638276	0.06817089119530817	0.7658278232139545	0.10067422357693355	97.81558466420978	107.98769515602612	0.002271156829489233	1.0000952558604677
2.0954744145236894	1.9022705912638276	0.06817089119530817	0.7658278232139545	0.10067422357693355	97.81558466420978	107.98769515602612	0.002271156829489233	1.0000952558604677
2.0953975857157014	1.9022705912638276	0.06817089119530817	0.7658278232139545	0.10067422357693355	97.81558466420978	107.98769515602612	0.002271156829489233	1.0000952558604677
2.0953975857157014	1.9022705912638276	0.06817089119530817	0.7658278232139545	0.10069820562206568	97.81558466420978	107.98769515602612	0.002271156829489233	1.0000952558604677
2.0953975857157014	1.9022705912638276	0.06817089119530817	0.7658278232139545	0.10069820562206568	97.81558466420978	107.98769515602612	0.002271156829489233	1.0000952558604677
2.0953975857157014	1.9022705912638276	0.06817089119530817	0.7658278232139545	0.10069820562206568	97.81558466420978	107.98769515602612	0.002271156829489233	1.0000952558604677
2.0953975857157014	1.9022705912638276	0.06817089119530817	0.7658278232139545	0.10069820562206568	97.81558466420978	107.98769515602612	0.002271156829489233	1.0000952558604677
2.0953975857157014	1.9022705912638276	0.06817089119530817	0.7658278232139545	0.10077123056378907	97.81558466420978	107.98769515602612	0.002271156829489233	1.0000952558604677
2.09539458499755	1.9022705912638276	0.06817089119530817	0.7658278232139545	0.10077123056378907	97.81558466420978	107.98769515602612	0.002271156829489233	1.0000952558604677
2.09539458499755	1.9022705912638276	0.06817089119530817	0.7658278232139545	0.10077123056378907	97.81558466420978	107.98769515602612	0.0022721456127985954	1.0000952558604677
2.09539458499755	1.9022705912638276	0.06817089119530817	0.7658278232139545	0.10077123056378907	97.81558466420978	107.98769515602612	0.0022721456127985954	1.0000952558604677
2.09539458499755	1.9022705912638276	0.06817089119530817	0.7658278232139545	0.10077123056378907	97.81558466420978	107.96752916980165	0.0022721456127985954	1.0000952558604677
2.09539458499755	1.9022705912638276	0.06817089119530817	0.7658278232139545	0.10077123056378907	97.81558466420978	107.96752916980165	0.0022721108890783486	1.0000952558604677
2.09539458499755	1.9022705912638276	0.06817089119530817	0.7658278232139545	0.10077123056378907	97.8307731899838	107.96752916980165	0.0022721108890783486	1.0000952558604677
2.09539458499755	1.9022705912638276	0.06817089119530817	0.7658278232139545	0.10077123056378907	97.8307731899838	107.96752916980165	0.002272152653304087	1.0000952558604677
2.09539458499755	1.9022705912638276	0.06817089119530817	0.7658278232139545	0.10077123056378907	97.8307731899838	107.96752916980165	0.0022709201137061557	1.0000952558604677
2.09539458499755	1.9022705912638276	0.06817089119530817	0.7658278232139545	0.10077123056378907	97.8307731899838	109.11098032089805	0.0022709201137061557	1.0000952558604677
2.09539458499755	1.9022705912638276	0.06817089119530817	0.7658278232139545	0.10077123056378907	97.8307731899838	109.11098032089805	0.0022709201137061557	1.0000952558604677
2.09539458499755	1.9022705912638276	0.06817089119530817	0.7658278232139545	0.10050451695335118	97.8307731899838	109.11098032089805	0.0022709201137061557	1.0000952558604677
2.09539458499755	1.9022705912638276	0.06817089119530817	0.7658278232139545	0.10050451695335118	97.8307731899838	109.11098032089805	0.0022709201137061557	1.0000952558604677
2.09539458499755	1.9022705912638276	0.06817089119530817	0.7658278232139545	0.10050448608863202	97.8307731899838	109.11098032089805	0.0022709201137061557	1.0000952558604677
2.09539458499755	1.9022705912638276	0.06817089119530817	0.7658278232139545	0.10050448608863202	97.8307731899838	109.11098032089805	0.00241480759094036	1.0000952558604677
2.09539458499755	1.9022705912638276	0.06817089119530817	0.7658278232139545	0.10050448608863202	97.8307731899838	109.11098032089805	0.00241480759094036	1.0000952558604677
2.09539458499755	1.9022705912638276	0.06817089119530817	0.7658278232139545	0.10050448608863202	97.8307731899838	109.11098032089805	0.00241480759094036	1.0000952558604677
2.09539458499755	1.9022705912638276	0.06817089119530817	0.7658278232139545	0.10050448608863202	97.8307731899838	109.12059831564709	0.00241480759094036	1.0000952558604677
2.09541992092723	1.9022705912638276	0.06817089119530817	0.7658278232139545	0.10050448608863202	97.8307731899838	109.12059831564709	0.00241480759094036	1.0000952558604677
2.09541992092723	1.9022705912638276	0.06817089119530817	0.7658278232139545	0.10050448608863202	97.8307731899838	109.12059831564709	0.00241480759094036	1.0000952558604677
2.09541992092723	1.9022705912638276	0.06817089119530817	0.7658278232139545	0.10050448608863202	97.8307731899838	109.12059831564709	0.00241480759094036	1.0000951837803054
2.09541992092723	1.9022705912638276	0.06817089119530817	0.7658278232139545	0.10050448608863202	97.8307731899838	109.12059831564709	0.00241480759094036	1.0000951837803054
2.09541992092723	1.9022705912638276	0.06817089119530817	0.7658278232139545	0.10050448608863202	97.8307731899838	109.12059831564709	0.00241480759094036	1.0000951837803054
2.09541992092723	1.9022705912638276	0.06817089119530817	0.7658278232139545	0.10050448608863202	97.8307731899838	109.12059831564709	0.00241480759094036	1.0000951837803054
2.09541992092723	1.9022705912638276	0.06817089119530817	0.7658278232139545	0.10050448608863202	97.83095061828385	109.12059831564709	0.00241480759094036	1.0000951837803054
2.09541992092723	1.9022705912638276	0.06817089119530817	0.7658278232139545	0.10050448608863202	97.83095061828385	109.12059831564709	0.00241480759094036	1.0000951837803054
2.09541992092723	1.9022705912638276	0.06817089119530817	0.7658278232139545	0.10050448608863202	97.83117594739424	109.12059831564709	0.00241480759094036	1.0000951837803054
2.09541992092723	1.9022705912638276	0.06817089119530817	0.7658278232139545	0.10050448608863202	97.83117594739424	109.12062592332116	0.00241480759094036	1.0000951837803054
2.09541992092723	1.9022705912638276	0.06817089119530817	0.7658278232139545	0.10050448608863202	97.83117594739424	109.12062592332116	0.002406065315656137	1.0000951837803054
2.09541992092723	1.9022705912638276	0.06817089119530817	0.7658278232139545	0.10050448608863202	97.83117594739424	109.12062592332116	0.002406065315656137	1.0000951837803054
2.09541992092723	1.9022705912638276	0.06817089119530817	0.7658278232139545	0.10050448608863202	97.83128148065543	109.12062592332116	0.002406065315656137	1.0000951837803054
2.09541992092723	1.9022705912638276	0.06817089119530817	0.7658278232139545	0.10050448608863202	97.83128148065543	109.12062592332116	0.002406065315656137	1.0000951837803054
2.09541992092723	1.9022705912638276	0.06817089119530817	0.7658278232139545	0.10050448608863202	97.83140035314372	109.12062592332116	0.002406065315656137	1.0000951837803054
2.09541992092723	1.9022705912638276	0.06817089119530817	0.7658278232139545	0.10050448608863202	97.83140035314372	109.12062592332116	0.002406065315656137	1.0000951837803054
2.09541992092723	1.9022705912638276	0.06817089119530817	0.7658278232139545	0.10050448608863202	97.83140035314372	109.1328546839045	0.002406065315656137	1.0000951837803054
2.09541992092723	1.9022705912638276	0.06817089119530817	0.7658278232139545	0.10050448608863202	97.83140035314372	109.1328546839045	0.002406065315656137	1.0000951837803054
2.09541992092723	1.9022705912638276	0.06817089119530817	0.7658278232139545	0.10050448608863202	97.83140035314372	109.1328546839045	0.002406065315656137	1.0000951837803054
2.09541992092723	1.9022705912638276	0.06817089119530817	0.7658278232139545	0.10050448608863202	97.83140035314372	109.1328546839045	0.002406065315656137	1.0000951837803054
2.09541992092723	1.9022705912638276	0.06817089119530817	0.7658278232139545	0.10050448608863202	97.83140035314372	109.1328546839045	0.002406065315656137	1.0000951837803054
2.09541992092723	1.9022705912638276	0.06817089119530817	0.7658278232139545	0.10050448608863202	97.83443646465165	109.1328546839045	0.002406065315656137	1.0000951837803054
2.09541992092723	1.9022705912638276	0.06817089119530817	0.7658278232139545	0.10050448608863202	97.83443646465165	109.1328546839045	0.002406065315656137	1.0000951837803054
2.09541992092723	1.9022705912638276	0.06817089119530817	0.7658278232139545	0.10050448608863202	97.83443646465165	109.15989526183985	0.002406065315656137	1.0000951837803054
2.09541992092723	1.9022705912638276	0.06817089119530817	0.7658278232139545	0.10050448608863202	97.83443646465165	109.15989526183985	0.002406065315656137	1.0000951837803054
2.09541992092723	1.9022705912638276	0.06817089119530817	0.7658278232139545	0.10050448608863202	97.83443646465165	109.15989526183985	0.002406065315656137	1.0000952952516142
2.09541992092723	1.9022705912638276	0.06817089119530817	0.7658278232139545	0.10050448608863202	97.83443646465165	109.15989526183985	0.002406065315656137	1.0000952952516142
2.09541992092723	1.9022705912638276	0.06817089119530817	0.7658278232139545	0.10050448608863202	97.83443646465165	109.22128246313163	0.002406065315656137	1.0000952952516142
2.09541992092723	1.9022705912638276	0.06817089119530817	0.7658278232139545	0.10050448608863202	97.83443646465165	109.22128246313163	0.002406065315656137	1.0000952952516142
2.09541992092723	1.9022705912638276	0.06817089119530817	0.7658278232139545	0.10050448608863202	97.83443646465165	109.22128246313163	0.002406065315656137	1.0000952952516142
2.09541992092723	1.9022705912638276	0.06817089119530817	0.7658278232139545	0.10050448608863202	97.818049829678	109.22128246313163	0.002406065315656137	1.0000952952516142
2.09541992092723	1.8951738180021585	0.06817089119530817	0.7658278232139545	0.10050448608863202	97.818049829678	109.22128246313163	0.002406065315656137	1.0000952952516142
2.09541992092723	1.8951738180021585	0.06817089119530817	0.7658278232139545	0.10050448608863202	97.818049829678	109.22128246313163	0.002406102872989069	1.0000952952516142
2.09541992092723	1.8951738180021585	0.06817089119530817	0.7659065470753964	0.10050448608863202	97.818049829678	109.22128246313163	0.002406102872989069	1.0000952952516142
2.09541992092723	1.8951738180021585	0.06817089119530817	0.7659065470753964	0.10050448608863202	97.818049829678	109.22128246313163	0.002406102872989069	1.0000952952516142
2.09541992092723	1.8951738180021585	0.06817089119530817	0.7659065470753964	0.10050448608863202	97.818049829678	109.22128246313163	0.002406102872989069	1.0000952952516142
2.09541992092723	1.8951738180021585	0.06817089119530817	0.7659065470753964	0.10050448608863202	97.818049829678	109.22128246313163	0.002406135561146929	1.0000952952516142
2.09541992092723	1.8951738180021585	0.06817089119530817	0.7659065470753964	0.10050448608863202	97.818049829678	109.22128246313163	0.002406135561146929	1.0000952952516142
2.09541992092723	1.8951738180021585	0.06817089119530817	0.7659065470753964	0.10050448608863202	97.818049829678	109.22128246313163	0.002406135561146929	1.0000952610118559
2.09541992092723	1.8951738180021585	0.06817089119530817	0.7659065470753964	0.10050571815185778	97.818049829678	109.22128246313163	0.002406135561146929	1.0000952610118559
2.09541992092723	1.8951738180021585	0.06817089119530817	0.7659065470753964	0.10050571815185778	97.818049829678	109.22128246313163	0.002406135561146929	1.0000952610118559
2.09541992092723	1.8951738180021585	0.06817089119530817	0.7659065470753964	0.10050571815185778	97.818049829678	109.22128246313163	0.002406135561146929	1.0000952610118559
2.09541992092723	1.8951738180021585	0.06817089119530817	0.7659065470753964	0.10051826704081596	97.818049829678	109.22128246313163	0.002406135561146929	1.0000952610118559
2.09541992092723	1.8951738180021585	0.06817089119530817	0.7659065470753964	0.10051826704081596	97.818049829678	109.67863701649016	0.002406135561146929	1.0000952610118559
2.09541992092723	1.8951738180021585	0.06817089119530817	0.7659065470753964	0.10051826704081596	97.818049829678	109.67863701649016	0.002406135561146929	1.0000952610118559
2.09541992092723	1.8951738180021585	0.06817089119530817	0.7659065470753964	0.10051826704081596	97.818049829678	109.67863701649016	0.002406135561146929	1.0000952610118559
2.09541992092723	1.8951738180021585	0.06817089119530817	0.7659065470753964	0.1005348019507443	97.818049829678	109.67863701649016	0.002406135561146929	1.0000952610118559
2.09541992092723	1.8951738180021585	0.06817089119530817	0.7659065470753964	0.1005348019507443	97.818049829678	109.67863701649016	0.002406135561146929	1.0000952610118559
2.09541992092723	1.8951738180021585	0.06817089119530817	0.7659065470753964	0.1005348019507443	97.818049829678	109.67863701649016	0.002399287744412754	1.0000952610118559
2.0954995413197386	1.8951738180021585	0.06817089119530817	0.7659065470753964	0.1005348019507443	97.818049829678	109.67863701649016	0.002399287744412754	1.0000952610118559
2.0954995413197386	1.8951738180021585	0.06817089119530817	0.7659065470753964	0.1005348019507443	97.818049829678	109.67863701649016	0.002399287744412754	1.0000953259738286
2.0954995413197386	1.8951738180021585	0.06817089119530817	0.7659065470753964	0.1005348019507443	97.818049829678	109.67863701649016	0.002399287744412754	1.0000953259738286
2.0954995413197386	1.8951738180021585	0.06817059122788566	0.7659065470753964	0.1005348019507443	97.818049829678	109.67863701649016	0.002399287744412754	1.0000953259738286
2.0954995413197386	1.8951738180021585	0.06817059122788566	0.7659065470753964	0.1005348019507443	97.818049829678	109.67863701649016	0.002399287744412754	1.0000953259738286
2.0954995413197386	1.8951738180021585	0.06813690681629199	0.7659065470753964	0.1005348019507443	97.818049829678	109.67863701649016	0.002399287744412754	1.0000953259738286
2.0954995413197386	1.8951814425142035	0.06813690681629199	0.7659065470753964	0.1005348019507443	97.818049829678	109.67863701649016	0.002399287744412754	1.0000953259738286
2.0954995413197386	1.8951814425142035	0.06813690681629199	0.7659065470753964	0.1005348019507443	97.818049829678	109.67863701649016	0.002399287744412754	1.0000953259738286
2.095491970771264	1.8951814425142035	0.06813690681629199	0.7659065470753964	0.1005348019507443	97.818049829678	109.67863701649016	0.002399287744412754	1.0000953259738286
2.095491970771264	1.8951791534908937	0.06813690681629199	0.7659065470753964	0.1005348019507443	97.818049829678	109.67863701649016	0.002399287744412754	1.0000953259738286
2.095491970771264	1.8951791534908937	0.06813690681629199	0.7659065470753964	0.1003822249723586	97.818049829678	109.67863701649016	0.002399287744412754	1.0000953259738286
2.095491970771264	1.8951791534908937	0.06813690681629199	0.7659065470753964	0.1003822249723586	97.8182053219983	109.67863701649016	0.002399287744412754	1.0000953259738286
2.0955021136784153	1.8951791534908937	0.06813690681629199	0.7659065470753964	0.1003822249723586	97.8182053219983	109.67863701649016	0.002399287744412754	1.0000953259738286
2.0955021136784153	1.8951791534908937	0.06813690681629199	0.7659065470753964	0.1003822249723586	97.8182053219983	103.27994688312673	0.002399287744412754	1.0000953259738286
2.0955021136784153	1.8951791534908937	0.06813717595600503	0.7659065470753964	0.1003822249723586	97.8182053219983	103.27994688312673	0.002399287744412754	1.0000953259738286
2.0955021136784153	1.8951791534908937	0.06813717595600503	0.7659065470753964	0.1003822249723586	97.81926003540799	103.27994688312673	0.002399287744412754	1.0000953259738286
2.0955021136784153	1.8951791534908937	0.06813717595600503	0.7659065470753964	0.1003822249723586	97.81926003540799	103.27994688312673	0.002399287744412754	1.0000953259738286
2.0952097229281286	1.8951791534908937	0.06813717595600503	0.7659065470753964	0.1003822249723586	97.81926003540799	103.27994688312673	0.002399287744412754	1.0000953259738286
2.0952097229281286	1.8951791534908937	0.06813717595600503	0.7659065470753964	0.1003822249723586	97.81926003540799	103.27994688312673	0.002399287744412754	1.0000953259738286
2.0952097229281286	1.8951791534908937	0.06813717595600503	0.7659065470753964	0.1003822249723586	97.82050002346838	103.27994688312673	0.002399287744412754	1.0000953259738286
2.0952097229281286	1.8951791534908937	0.06813717595600503	0.7659065470753964	0.1003822249723586	97.82050002346838	103.48126267014865	0.002399287744412754	1.0000953259738286
2.0952097229281286	1.8951791534908937	0.06813717595600503	0.7659065470753964	0.10038221986387566	97.82050002346838	103.48126267014865	0.002399287744412754	1.0000953259738286
2.0952097229281286	1.8951791534908937	0.06813717595600503	0.7659065470753964	0.10038221986387566	97.82050002346838	103.48126267014865	0.002399287744412754	1.0000953259738286
2.0952097229281286	1.8951791534908937	0.06813717595600503	0.7659065470753964	0.10038221986387566	97.82050002346838	103.48126267014865	0.002399287744412754	1.0000953259738286
2.0952097229281286	1.8951791534908937	0.06813717595600503	0.7659065470753964	0.10038221986387566	97.82050002346838	103.48126267014865	0.002399287744412754	1.0000953259738286
2.0952097229281286	1.8951791534908937	0.06813717595600503	0.7659065470753964	0.10038221986387566	97.82050002346838	103.48126267014865	0.0023898715083283104	1.0000953259738286
2.0952097229281286	1.8951791534908937	0.06813717595600503	0.7659065470753964	0.10038221986387566	97.81548487180552	103.48126267014865	0.0023898715083283104	1.0000953259738286
2.0952097229281286	1.9017036827702458	0.06813717595600503	0.7659065470753964	0.10038221986387566	97.81548487180552	103.48126267014865	0.0023898715083283104	1.0000953259738286
2.0952097229281286	1.9017036827702458	0.06813717595600503	0.7659065470753964	0.10038221986387566	97.81548487180552	103.48126267014865	0.0023898715083283104	1.0000953259738286
2.0952097229281286	1.9017036827702458	0.06813717595600503	0.7659065470753964	0.10038221986387566	97.81548487180552	103.48126267014865	0.0023898715083283104	1.0000953259738286
2.0952097229281286	1.9017036827702458	0.06813717595600503	0.7659065470753964	0.10038221986387566	97.81548487180552	103.45868637691716	0.0023898715083283104	1.0000953259738286
2.0952097229281286	1.9017036827702458	0.06813717595600503	0.7659065470753964	0.10038221986387566	97.81548487180552	103.45868637691716	0.0023898715083283104	1.0000952345122078
2.0952160522176344	1.9017036827702458	0.06813717595600503	0.7659065470753964	0.10038221986387566	97.81548487180552	103.45868637691716	0.0023898715083283104	1.0000952345122078
2.0952160522176344	1.9017036827702458	0.06813717595600503	0.7659065470753964	0.10038221986387566	97.81548487180552	103.05125537992414	0.0023898715083283104	1.0000952345122078
2.0952160522176344	1.9017036827702458	0.06813717595600503	0.7659065470753964	0.10038221986387566	97.81548487180552	103.28155112777775	0.0023898715083283104	1.0000952345122078
2.0952160522176344	1.9017036827702458	0.06813717595600503	0.7659065470753964	0.10038221986387566	97.81548487180552	103.28155112777775	0.0023898715083283104	1.0000952345122078
2.0952160522176344	1.9017036827702458	0.06813717595600503	0.7659065470753964	0.10038221986387566	97.81548487180552	103.28155112777775	0.0023898715083283104	1.0000909887746445
2.0952160522176344	1.9017036827702458	0.06813717595600503	0.7659065470753964	0.10038221986387566	97.81548487180552	103.28155112777775	0.0023898715083283104	1.0000909887746445
2.0952160522176344	1.9017036827702458	0.06813717595600503	0.7659065470753964	0.10038221986387566	97.81511336744099	103.28155112777775	0.0023898715083283104	1.0000909887746445
2.0952160522176344	1.9017036827702458	0.06813717595600503	0.7659065470753964	0.10038221986387566	97.80820244316217	103.28155112777775	0.0023898715083283104	1.0000909887746445
2.0952160522176344	1.9017036827702458	0.06813717595600503	0.7659065470753964	0.10038221986387566	97.80820244316217	103.28155112777775	0.0023897933733990715	1.0000909887746445
2.0952160522176344	1.9017036827702458	0.06812259257105838	0.7659065470753964	0.10038221986387566	97.80820244316217	103.28155112777775	0.0023897933733990715	1.0000909887746445
2.0952160522176344	1.9017034579581829	0.06812259257105838	0.7659065470753964	0.10038221986387566	97.80820244316217	103.28155112777775	0.0023897933733990715	1.0000909887746445
2.0952160522176344	1.9017034579581829	0.06812259257105838	0.7659065470753964	0.10038221986387566	97.80820244316217	103.28155112777775	0.0023897933733990715	1.0000909887746445
2.0952160522176344	1.9017034579581829	0.06812259257105838	0.7659065470753964	0.10038221986387566	97.80820244316217	103.28155112777775	0.0023897933733990715	1.0000909887746445
2.0952160522176344	1.9017034579581829	0.06812259257105838	0.7659065470753964	0.10038221986387566	97.80820244316217	103.28155112777775	0.0023897933733990715	1.0000909887746445
2.0952160522176344	1.9017034579581829	0.06812259257105838	0.7659065470753964	0.10038221986387566	97.80820244316217	103.28155112777775	0.0023897933733990715	1.0000874477483475
2.0952160522176344	1.9017034579581829	0.06812259257105838	0.7659065470753964	0.10038203821294824	97.80820244316217	103.28155112777775	0.0023897933733990715	1.0000874477483475
2.0952160522176344	1.9017034579581829	0.06812259257105838	0.7659065470753964	0.10038203821294824	97.80820244316217	103.28155112777775	0.0023897933733990715	1.0000874477483475
2.0952160522176344	1.9017034579581829	0.06812259257105838	0.7659065470753964	0.10038203821294824	97.80952718617132	103.28155112777775	0.0023897933733990715	1.0000874477483475
2.0952160522176344	1.9017034579581829	0.06812259257105838	0.7659065470753964	0.10038203821294824	97.80952718617132	103.28155112777775	0.0023897933733990715	1.0000874477483475
2.0952160522176344	1.9017034579581829	0.06812259257105838	0.7659065470753964	0.10038203821294824	97.80952718617132	103.18152734931498	0.0023897933733990715	1.0000874477483475
2.0952160522176344	1.9017034579581829	0.06812259257105838	0.7659065470753964	0.10038203821294824	97.80952718617132	103.18152734931498	0.0023897933733990715	1.0000874477483475
2.0952160522176344	1.8952818881298243	0.06812259257105838	0.7659065470753964	0.10038203821294824	97.80952718617132	103.18152734931498	0.0023897933733990715	1.0000874477483475
2.0952160522176344	1.8952818881298243	0.06812259257105838	0.7659065470753964	0.10038203821294824	97.80952718617132	103.18152734931498	0.0023897933733990715	1.0000874477483475
2.0952160522176344	1.8952818881298243	0.06812259257105838	0.7659065470753964	0.10038203821294824	97.80952718617132	103.18152734931498	0.0023897933733990715	1.0000874477483475
2.0952160522176344	1.8952818881298243	0.06812259257105838	0.7659065470753964	0.10038203821294824	97.80952718617132	103.18152734931498	0.0023897933733990715	1.0000874477483475
2.0952160522176344	1.8952818881298243	0.06812259257105838	0.7659065470753964	0.1003614904408726	97.80952718617132	103.18152734931498	0.0023897933733990715	1.0000874477483475
2.0952160522176344	1.8952818881298243	0.06812259257105838	0.7659065470753964	0.1003614904408726	97.80952718617132	103.18152734931498	0.0023897933733990715	1.0000874477483475
2.0952160522176344	1.8952818881298243	0.06812259257105838	0.7659065470753964	0.1003614904408726	97.80952718617132	103.18152734931498	0.0023897933733990715	1.0000874477483475
2.0952160522176344	1.8952818881298243	0.06812259257105838	0.7659065470753964	0.1003614904408726	97.80952718617132	103.18152734931498	0.0023897933733990715	1.0000874477483475
2.0951890045101447	1.8952818881298243	0.06812259257105838	0.7659065470753964	0.1003614904408726	97.80952718617132	103.18152734931498	0.0023897933733990715	1.0000874477483475
2.090625773853658	1.8952818881298243	0.06812259257105838	0.7659065470753964	0.1003614904408726	97.80952718617132	103.18152734931498	0.0023897933733990715	1.0000874477483475
2.0906311076386817	1.8952818881298243	0.06812259257105838	0.7659065470753964	0.1003614904408726	97.80952718617132	103.18152734931498	0.0023897933733990715	1.0000874477483475
2.0906311076386817	1.8952818881298243	0.06812259257105838	0.7659065470753964	0.1003614904408726	97.78863016505257	103.18152734931498	0.0023897933733990715	1.0000874477483475
2.0906311076386817	1.8952818881298243	0.06812259257105838	0.7659065470753964	0.1003614904408726	97.78848932467682	103.18152734931498	0.0023897933733990715	1.0000874477483475
2.0906311076386817	1.8952818881298243	0.06812259257105838	0.7659065470753964	0.1003614904408726	97.78848932467682	103.18152734931498	0.0023897933733990715	1.0000874477483475
2.0906311076386817	1.8952818881298243	0.06812259257105838	0.7659065470753964	0.1003614904408726	97.78848932467682	103.18152734931498	0.0023897933733990715	1.0000874477483475
2.0906311076386817	1.8952818881298243	0.06812259257105838	0.7659065470753964	0.1003614904408726	97.78848932467682	103.18152734931498	0.0023897933733990715	1.0000874477483475
2.0906311076386817	1.8952818881298243	0.06812259257105838	0.7659065470753964	0.1003614904408726	97.78848932467682	103.18152734931498	0.0023897933733990715	1.0000874477483475
2.0906311076386817	1.8952818881298243	0.06812259257105838	0.7661487318462101	0.1003614904408726	97.78848932467682	103.18152734931498	0.0023897933733990715	1.0000874477483475
2.0906311076386817	1.8952818881298243	0.06812259257105838	0.7661487318462101	0.1003614904408726	97.78848932467682	103.18152734931498	0.0023897933733990715	1.0000874477483475
2.0906311076386817	1.8952818881298243	0.06812259257105838	0.7661487318462101	0.1003614904408726	97.78848739728687	103.18152734931498	0.0023897933733990715	1.0000874477483475
2.0906311076386817	1.8952818881298243	0.06812259257105838	0.7661487318462101	0.1003614904408726	97.78848739728687	103.18152734931498	0.0023897933733990715	1.0000874477483475
2.0906311076386817	1.8952818881298243	0.06812259257105838	0.7661487318462101	0.1003614904408726	97.78848739728687	103.18152734931498	0.0023897933733990715	1.0000874477483475
2.0906311076386817	1.8952818881298243	0.06812259257105838	0.7661487318462101	0.1003614904408726	97.78848739728687	103.18152734931498	0.0023894979047987945	1.0000874477483475
2.0906311076386817	1.8952818881298243	0.06812259257105838	0.7661487318462101	0.1003614904408726	97.78848739728687	103.18152734931498	0.0023894979047987945	1.0000874477483475
2.0906311076386817	1.8952818881298243	0.06812259257105838	0.7661487318462101	0.1003614904408726	97.78848739728687	103.144618882601	0.0023894979047987945	1.0000874477483475
2.090632086338655	1.8952818881298243	0.06812259257105838	0.7661487318462101	0.1003614904408726	97.78848739728687	103.144618882601	0.0023894979047987945	1.0000874477483475
2.090632086338655	1.8952818881298243	0.06812259257105838	0.7661487318462101	0.1003614904408726	97.78848739728687	103.144618882601	0.0024021881794152383	1.0000874477483475
2.090632086338655	1.8952818881298243	0.06812259257105838	0.7661487318462101	0.1003614904408726	97.78848739728687	103.144618882601	0.0024021881794152383	1.0001025610981478
2.090632086338655	1.8952818881298243	0.06812259257105838	0.7661487318462101	0.1003614904408726	97.78848739728687	103.144618882601	0.0024021881794152383	1.0001025610981478
2.090632086338655	1.8952822335695871	0.06812259257105838	0.7661487318462101	0.1003614904408726	97.78848739728687	103.144618882601	0.0024021881794152383	1.0001025610981478
2.090632086338655	1.8952822335695871	0.06812259257105838	0.7661487318462101	0.1003614904408726	97.78848739728687	103.14543449918754	0.0024021881794152383	1.0001025610981478
2.090632086338655	1.8952822335695871	0.06812259257105838	0.7661487318462101	0.1003614904408726	97.78848739728687	103.14543449918754	0.0024021881794152383	1.0001025610981478
2.090632086338655	1.8952822335695871	0.06812259257105838	0.7661487318462101	0.1003614904408726	97.78848739728687	103.14543449918754	0.00240342128137104	1.0001025610981478
2.090632086338655	1.8952822335695871	0.06812259257105838	0.7661487318462101	0.1003614904408726	97.78848739728687	103.14543449918754	0.00240342128137104	1.0001025610981478
2.090632086338655	1.8952822335695871	0.06812259257105838	0.7661487318462101	0.1003614904408726	97.78848739728687	103.14543449918754	0.0024034482577185126	1.0001025610981478
2.090632086338655	1.8952822335695871	0.06812259257105838	0.7661487318462101	0.1003614904408726	97.78848739728687	103.14543449918754	0.0024034482577185126	1.0001025610981478
2.090632086338655	1.8952822335695871	0.06812259257105838	0.7661487318462101	0.1003614904408726	97.78848739728687	103.1466010159645	0.0024034482577185126	1.0001025610981478
2.090632086338655	1.8952822335695871	0.06812259257105838	0.7661487318462101	0.1003614904408726	97.78848739728687	103.1466010159645	0.0024034482577185126	1.0001025610981478
2.090632086338655	1.8951912352114042	0.06812259257105838	0.7661487318462101	0.1003614904408726	97.78848739728687	103.1466010159645	0.0024034482577185126	1.0001025610981478
2.090632086338655	1.8951912352114042	0.06812259257105838	0.7661487318462101	0.1003614904408726	97.78848739728687	103.1466010159645	0.002413874746913902	1.0001025610981478
2.090632086338655	1.8951912352114042	0.06823680695266772	0.7661487318462101	0.1003614904408726	97.78848739728687	103.1466010159645	0.002413874746913902	1.0001025610981478
2.090632086338655	1.8951912352114042	0.06823680695266772	0.7661487318462101	0.1003614904408726	97.78848739728687	103.1466010159645	0.002413874746913902	1.0001025610981478
2.090632082435146	1.8951912352114042	0.06823680695266772	0.7661487318462101	0.1003614904408726	97.78848739728687	103.1466010159645	0.002413874746913902	1.0001025610981478
2.090632082435146	1.8951912352114042	0.06823680695266772	0.7661487318462101	0.1003495353578501	97.78848739728687	103.1466010159645	0.002413874746913902	1.0001025610981478
2.090632082435146	1.8951912352114042	0.06823680695266772	0.7661487318462101	0.1003495353578501	97.78848739728687	103.1466010159645	0.002413874746913902	1.0001025742494911
2.090632082435146	1.8951912352114042	0.06823680695266772	0.7661487318462101	0.1003495353578501	97.78848739728687	103.1466010159645	0.002413874746913902	1.0001025742494911
2.090632082435146	1.8951912352114042	0.06823680695266772	0.7661487318462101	0.1003495353578501	97.78848739728687	103.1466010159645	0.002413874746913902	1.0001025742494911
2.090632082435146	1.8951912352114042	0.06823680695266772	0.7661487318462101	0.1003495353578501	97.78848739728687	103.14274423018833	0.002413874746913902	1.0001025742494911
2.090632082435146	1.8951912352114042	0.06823680695266772	0.7661487318462101	0.1003495353578501	97.78848739728687	103.14274423018833	0.002413874746913902	1.0001025742494911
2.090632082435146	1.8951912352114042	0.06823680695266772	0.7661487318462101	0.1003495353578501	97.78848739728687	103.14274423018833	0.002413771219374016	1.0001025742494911
2.090632082435146	1.8951912352114042	0.06823680695266772	0.7661487318462101	0.1003495353578501	97.78848739728687	103.14508908577638	0.002413771219374016	1.0001025742494911
2.090632082435146	1.8951912352114042	0.06823680695266772	0.7661487318462101	0.10034390073358215	97.78848739728687	103.14508908577638	0.002413771219374016	1.0001025742494911
2.0906323505137725	1.8951912352114042	0.06823680695266772	0.7661487318462101	0.10034390073358215	97.78848739728687	103.14508908577638	0.002413771219374016	1.0001025742494911
2.0906323505137725	1.8951912352114042	0.06823680695266772	0.7661487318462101	0.10034112888664826	97.78848739728687	103.14508908577638	0.002413771219374016	1.0001025742494911
2.0906323505137725	1.8938027826425872	0.06823680695266772	0.7661487318462101	0.10034112888664826	97.78848739728687	103.14508908577638	0.002413771219374016	1.0001025742494911
2.0906323505137725	1.8938027826425872	0.06823680695266772	0.7661528170171064	0.10034112888664826	97.78848739728687	103.14508908577638	0.002413771219374016	1.0001025742494911
2.0906323505137725	1.8938027826425872	0.06823680695266772	0.7661528170171064	0.10034112888664826	97.78848739728687	103.14508908577638	0.0024137599143432037	1.0001025742494911
2.0906323505137725	1.8938027826425872	0.06823680695266772	0.7659327107403435	0.10034112888664826	97.78848739728687	103.14508908577638	0.0024137599143432037	1.0001025742494911
2.0906323505137725	1.8938027826425872	0.06823680695266772	0.7659327107403435	0.10036084945993667	97.78848739728687	103.14508908577638	0.0024137599143432037	1.0001025742494911
2.0906323505137725	1.8938027826425872	0.06823680695266772	0.7659327107403435	0.10036084945993667	97.78848739728687	103.14508908577638	0.0024137599143432037	1.0001025742494911
2.0906323505137725	1.8938027826425872	0.06823680695266772	0.7659327107403435	0.10036084945993667	97.78848739728687	103.14508908577638	0.0024137599143432037	1.0001025742494911
2.0906323505137725	1.8938027826425872	0.06823680695266772	0.7659506150903935	0.10036084945993667	97.78848739728687	103.14508908577638	0.0024137599143432037	1.0001025742494911
2.0906323505137725	1.8938027826425872	0.06823680695266772	0.7660019625600458	0.10036084945993667	97.78848739728687	103.14508908577638	0.0024137599143432037	1.0001025742494911
2.0906323505137725	1.8938027826425872	0.06823680695266772	0.7660019625600458	0.10036084945993667	97.78848739728687	103.14508908577638	0.0024137599143432037	1.0001025742494911
2.0906323505137725	1.8938027826425872	0.06823680695266772	0.7660019625600458	0.10036084945993667	97.78848739728687	103.14508908577638	0.0024137599143432037	1.0001025742494911
2.0906323505137725	1.8938027826425872	0.06823680695266772	0.7660019625600458	0.10036084945993667	97.78848739728687	103.14455837126862	0.0024137599143432037	1.0001025742494911
2.0906323505137725	1.8938027826425872	0.06823680695266772	0.7660019625600458	0.10036084945993667	97.78848739728687	103.14455837126862	0.0024137599143432037	1.0001025742494911
2.0906323505137725	1.8938027826425872	0.06823680695266772	0.7660019625600458	0.10036084945993667	97.78848739728687	103.14455837126862	0.0024137599143432037	1.0001025742494911
2.0906323505137725	1.8938027826425872	0.06823680695266772	0.7660019625600458	0.10036084945993667	97.78848739728687	103.14455837126862	0.0024137599143432037	1.0001025742494911
2.0906323505137725	1.8907993372303156	0.06823680695266772	0.7660019625600458	0.10036084945993667	97.78848739728687	103.14455837126862	0.0024137599143432037	1.0001025742494911
2.0906323505137725	1.8907993372303156	0.06823680695266772	0.7660019625600458	0.10036084945993667	97.72513162319584	103.14455837126862	0.0024137599143432037	1.0001025742494911
2.0904433363588932	1.8907993372303156	0.06823680695266772	0.7660019625600458	0.10036084945993667	97.72513162319584	103.14455837126862	0.0024137599143432037	1.0001025742494911
2.0904649898365455	1.8907993372303156	0.06823680695266772	0.7660019625600458	0.10036084945993667	97.72513162319584	103.14455837126862	0.0024137599143432037	1.0001025742494911
2.0904649898365455	1.8907993372303156	0.06823680695266772	0.7660019625600458	0.10036084945993667	97.72513162319584	103.14455837126862	0.0024137599143432037	1.0001025742494911
2.0904649898365455	1.8907993372303156	0.06823680695266772	0.7660019625600458	0.10036082366491904	97.72513162319584	103.14455837126862	0.0024137599143432037	1.0001025742494911
2.0904649898365455	1.8907993372303156	0.06823680695266772	0.7659948530893522	0.10036082366491904	97.72513162319584	103.14455837126862	0.0024137599143432037	1.0001025742494911
2.0904649898365455	1.890848461418057	0.06823680695266772	0.7659948530893522	0.10036082366491904	97.72513162319584	103.14455837126862	0.0024137599143432037	1.0001025742494911
2.0904649898365455	1.890848461418057	0.06823680695266772	0.7659948530893522	0.10036082366491904	97.72513162319584	103.14455837126862	0.0024137599143432037	1.0001025742494911
2.0904649898365455	1.890848461418057	0.06823680695266772	0.7659948530893522	0.10036082366491904	97.72513162319584	103.14455837126862	0.0024144355965340534	1.0001025742494911
2.0904649898365455	1.8908489530704942	0.06823680695266772	0.7659948530893522	0.10036082366491904	97.72513162319584	103.14455837126862	0.0024144355965340534	1.0001025742494911
2.0904649898365455	1.8908489530704942	0.06823680695266772	0.7659948530893522	0.10036082366491904	97.72513162319584	103.14455837126862	0.0024144355965340534	1.0001025742494911
2.0904649898365455	1.8908489530704942	0.06823680695266772	0.7659948530893522	0.10036082366491904	97.72513162319584	103.14455837126862	0.0024144355965340534	1.0001025742494911
2.0904649898365455	1.8908489530704942	0.06823680695266772	0.7659948530893522	0.10036082366491904	97.72513162319584	102.84555852798722	0.0024144355965340534	1.0001025742494911
2.0904649898365455	1.8908489530704942	0.06823680695266772	0.7659948530893522	0.10036082366491904	97.7251912137957	102.84555852798722	0.0024144355965340534	1.0001025742494911
2.0904649898365455	1.8908489530704942	0.06823680695266772	0.7659948530893522	0.10036082366491904	97.7251912137957	102.84555852798722	0.0024144355965340534	1.0001025742494911
2.0904649898365455	1.8908489530704942	0.06823680695266772	0.7659948530893522	0.10037507627559783	97.7251912137957	102.84555852798722	0.0024144355965340534	1.0001025742494911
2.0904649898365455	1.8908489530704942	0.06823680695266772	0.7659948530893522	0.10037507627559783	97.7251912137957	102.84555852798722	0.0024144355965340534	1.0001025742494911
2.090460036000559	1.8908489530704942	0.06823680695266772	0.7659948530893522	0.10037507627559783	97.7251912137957	102.84555852798722	0.0024144355965340534	1.0001025742494911
2.090460036000559	1.8908489530704942	0.06823680695266772	0.7659948530893522	0.10037507627559783	97.7251912137957	102.84555852798722	0.0024144355965340534	1.0001014892304423
2.090460036000559	1.8908489530704942	0.06823680695266772	0.7659948530893522	0.1003752075575743	97.7251912137957	102.84555852798722	0.0024144355965340534	1.0001014892304423
2.090460036000559	1.8908489530704942	0.06823680695266772	0.7659948530893522	0.1003752075575743	97.7251912137957	102.84555852798722	0.0024144355965340534	1.0001014892304423
2.090460036000559	1.890820503735243	0.06823680695266772	0.7659948530893522	0.1003752075575743	97.7251912137957	102.84555852798722	0.0024144355965340534	1.0001014892304423
2.090460036000559	1.8908268498929612	0.06823680695266772	0.7659948530893522	0.1003752075575743	97.7251912137957	102.84555852798722	0.0024144355965340534	1.0001014892304423
2.090460036000559	1.8908268498929612	0.06823680695266772	0.7659948530893522	0.1003752075575743	97.7251912137957	102.84555444833892	0.0024144355965340534	1.0001014892304423
2.090460036000559	1.8908268498929612	0.06823680695266772	0.7659948530893522	0.1003752075575743	97.7251912137957	102.84586204178376	0.0024144355965340534	1.0001014892304423
2.090460036000559	1.8908268498929612	0.06823680695266772	0.7659948530893522	0.1003752075575743	97.7251912137957	102.84586204178376	0.0024144355965340534	1.0001014892304423
2.090460036000559	1.8908268498929612	0.06823680695266772	0.7659948530893522	0.1003752075575743	97.7251912137957	102.84586204178376	0.0024144355965340534	1.0001014892304423
2.090460036000559	1.8908268498929612	0.06823680695266772	0.7659948530893522	0.1003752075575743	97.72517210388023	102.84586204178376	0.0024144355965340534	1.0001014892304423
2.090460036000559	1.8908268498929612	0.06823680695266772	0.7659948530893522	0.1003752075575743	97.72517210388023	103.05456198381268	0.0024144355965340534	1.0001014892304423
2.090460456072354	1.8908268498929612	0.06823680695266772	0.7659948530893522	0.1003752075575743	97.72517210388023	103.05456198381268	0.0024144355965340534	1.0001014892304423
2.090460456072354	1.8908268498929612	0.06823680695266772	0.7659948530893522	0.1003752075575743	97.72517210388023	103.05456198381268	0.0024144355965340534	1.0001014892304423
2.090460456072354	1.8908268498929612	0.06823680695266772	0.7659948530893522	0.1003752075575743	97.72517210388023	103.05456198381268	0.0024144355965340534	1.0001014892304423
2.0904302220616175	1.8908268498929612	0.06823680695266772	0.7659948530893522	0.1003752075575743	97.72517210388023	103.05456198381268	0.0024144355965340534	1.0001014892304423
2.0904302220616175	1.8908268498929612	0.06823680695266772	0.7659948530893522	0.10037619740657046	97.72517210388023	103.05456198381268	0.0024144355965340534	1.0001014892304423
2.0904302220616175	1.8908268498929612	0.06823680695266772	0.7659948530893522	0.10037619740657046	97.72517210388023	103.05456198381268	0.0024144355965340534	1.0001014892304423
2.0904302220616175	1.8908268498929612	0.06823680695266772	0.7659948530893522	0.10037619740657046	97.72517210388023	103.05456198381268	0.0024144355965340534	1.0001014892304423
2.0904302220616175	1.8908268498929612	0.06823680695266772	0.7659948530893522	0.10037619740657046	97.72517210388023	103.05456198381268	0.0024144355965340534	1.0001014892304423
2.0904302220616175	1.8908268498929612	0.06823680695266772	0.7659948530893522	0.10037619740657046	97.72517210388023	103.14475338083929	0.0024144355965340534	1.0001014892304423
2.0904302220616175	1.8908268498929612	0.06823680695266772	0.7659948530893522	0.10037619740657046	97.72517210388023	103.14475338083929	0.0024144355965340534	1.0001014892304423
2.0904302220616175	1.8908268498929612	0.06823680695266772	0.7659948530893522	0.10037619740657046	97.72517210388023	103.14475338083929	0.0024144355965340534	1.0001014892304423
2.0904302220616175	1.8908268498929612	0.06823680695266772	0.7659948530893522	0.10037619740657046	97.72517210388023	103.14475338083929	0.0024144355965340534	1.000101017778817
2.0904302220616175	1.8908268498929612	0.06823680695266772	0.765997480776293	0.10037619740657046	97.72517210388023	103.14475338083929	0.0024144355965340534	1.000101017778817
2.0904302220616175	1.8908268498929612	0.06823680695266772	0.765997480776293	0.10037619740657046	97.72517210388023	103.14475338083929	0.0024144355965340534	1.000101017778817
2.0904302220616175	1.8908268498929612	0.06823680695266772	0.765997480776293	0.10037619740657046	97.71471442896403	103.14475338083929	0.0024144355965340534	1.000101017778817
2.089718798948465	1.8908268498929612	0.06823680695266772	0.765997480776293	0.10037619740657046	97.71471442896403	103.14475338083929	0.0024144355965340534	1.000101017778817
2.089718798948465	1.8908268498929612	0.06823680695266772	0.765997480776293	0.10037619740657046	97.71471442896403	103.14475338083929	0.0024144355965340534	1.000101017778817
2.089721480526976	1.8908268498929612	0.06823680695266772	0.765997480776293	0.10037619740657046	97.71471442896403	103.14475338083929	0.0024144355965340534	1.000101017778817
2.089721480526976	1.8908268498929612	0.06823680695266772	0.765997480776293	0.10037619740657046	97.71471442896403	103.14475338083929	0.0024144355965340534	1.000101017778817
2.089721480526976	1.8908268498929612	0.06823680695266772	0.765997480776293	0.10037619740657046	97.71471442896403	103.15979232746918	0.0024144355965340534	1.000101017778817
2.0897238264645943	1.8908268498929612	0.06823680695266772	0.765997480776293	0.10037619740657046	97.71471442896403	103.15979232746918	0.0024144355965340534	1.000101017778817
2.0897238264645943	1.8908268498929612	0.06823680695266772	0.765997480776293	0.10037619740657046	97.71471442896403	103.15979232746918	0.0024641306978435817	1.000101017778817
2.0897238264645943	1.8908268498929612	0.06823680695266772	0.765997480776293	0.10037619740657046	97.71471442896403	103.15979232746918	0.0024641306978435817	1.000101017778817
2.0897238264645943	1.8908268498929612	0.06823680695266772	0.765997480776293	0.10037619740657046	97.71471442896403	103.15979232746918	0.0024641306978435817	1.000101017778817
2.0897238264645943	1.8908268498929612	0.06823680695266772	0.765997480776293	0.10037619740657046	97.71471442896403	103.15979232746918	0.0024641306978435817	1.000101017778817
2.0897238264645943	1.8908268498929612	0.06823680695266772	0.765997480776293	0.10037619740657046	97.71471442896403	103.15979232746918	0.0024641306978435817	1.000101017778817
2.0897238264645943	1.8908268498929612	0.06823680695266772	0.765997480776293	0.10037619740657046	97.71471442896403	103.15979232746918	0.0024641306978435817	1.000101017778817
2.0897238264645943	1.8908345367590638	0.06823680695266772	0.765997480776293	0.10037619740657046	97.71471442896403	103.15979232746918	0.0024641306978435817	1.000101017778817
2.0897238264645943	1.8908345367590638	0.06823680695266772	0.765997480776293	0.10037619740657046	97.71471442896403	103.15979232746918	0.0024641306978435817	1.000101017778817
2.0897238264645943	1.8908345367590638	0.06823680695266772	0.765997480776293	0.10037619740657046	97.71471442896403	103.15979232746918	0.0024641306978435817	1.000101017778817
2.0897238264645943	1.8908345367590638	0.06823680695266772	0.765997480776293	0.10037619740657046	97.71471442896403	103.15979232746918	0.0024641306978435817	1.000101017778817
2.0897238264645943	1.8908345367590638	0.06823680695266772	0.765997480776293	0.10037581794547486	97.71471442896403	103.15979232746918	0.0024641306978435817	1.000101017778817
2.0897238264645943	1.8908345367590638	0.06823680695266772	0.765997480776293	0.10037581794547486	97.71471442896403	103.15979232746918	0.0024641306978435817	1.000101017778817
2.0897238264645943	1.8908359807370794	0.06823680695266772	0.765997480776293	0.10037581794547486	97.71471442896403	103.15979232746918	0.0024641306978435817	1.000101017778817
2.089352339100659	1.8908359807370794	0.06823680695266772	0.765997480776293	0.10037581794547486	97.71471442896403	103.15979232746918	0.0024641306978435817	1.000101017778817
2.089352339100659	1.8908359807370794	0.06823680695266772	0.765997480776293	0.10037581794547486	97.71471442896403	103.15979232746918	0.0024641306978435817	1.0001010332934046
2.089352339100659	1.8908359807370794	0.06823680695266772	0.765997480776293	0.10037581794547486	97.71471442896403	103.15979232746918	0.002458747408990578	1.0001010332934046
2.089352339100659	1.8908359807370794	0.06823680695266772	0.765997480776293	0.10037581794547486	97.71471442896403	103.16578511359818	0.002458747408990578	1.0001010332934046
2.089352339100659	1.8908359807370794	0.06823680695266772	0.765997480776293	0.10037581794547486	97.71471442896403	103.16578511359818	0.002458747408990578	1.0001010332934046
2.089352339100659	1.8908359807370794	0.06823680695266772	0.765997480776293	0.10037581794547486	97.71471442896403	103.16702254303158	0.002458747408990578	1.0001010332934046
2.089352339100659	1.8908359807370794	0.06823680695266772	0.765997480776293	0.10037581794547486	97.71471442896403	103.16702254303158	0.002458747408990578	1.0001010332934046
2.089352339100659	1.890843660244222	0.06823680695266772	0.765997480776293	0.10037581794547486	97.71471442896403	103.16702254303158	0.002458747408990578	1.0001010332934046
2.089352339100659	1.890843660244222	0.06823680695266772	0.765997480776293	0.10037581794547486	97.71471442896403	103.16702254303158	0.002458747408990578	1.0001010332934046
2.089352339100659	1.890843660244222	0.06823680695266772	0.765997480776293	0.10037581794547486	97.71471442896403	103.16702254303158	0.002458747408990578	1.0001010332934046
2.089352339100659	1.890823496206656	0.06823680695266772	0.765997480776293	0.10037581794547486	97.71471442896403	103.16702254303158	0.002458747408990578	1.0001010332934046
2.089352339100659	1.890823496206656	0.06823680695266772	0.765997480776293	0.10037581794547486	97.71471442896403	103.16702254303158	0.002458747408990578	1.0001011082890785
2.089352339100659	1.890823496206656	0.06823680695266772	0.765997480776293	0.10037585812364602	97.71471442896403	103.16702254303158	0.002458747408990578	1.0001011082890785
2.089352339100659	1.890823496206656	0.06823680695266772	0.765997480776293	0.10037585812364602	97.71471442896403	103.16702254303158	0.002458747408990578	1.0001011082890785
2.089352339100659	1.890823496206656	0.06823680695266772	0.765997480776293	0.10037585812364602	97.71471442896403	103.16702254303158	0.002458747408990578	1.0001011082890785
2.089352339100659	1.890823496206656	0.06823680695266772	0.765997480776293	0.10037585812364602	97.71471442896403	103.16702254303158	0.002458747408990578	1.0001011082890785
2.089352339100659	1.890823496206656	0.06823680695266772	0.765997480776293	0.10037585812364602	97.71471442896403	103.16702254303158	0.002458747408990578	1.0001003664264436
2.089352339100659	1.890823496206656	0.06823680695266772	0.765997480776293	0.10037585812364602	97.71471442896403	103.16702254303158	0.002458747408990578	1.0001003664264436
2.089352339100659	1.890823496206656	0.06823680695266772	0.765997480776293	0.10037585812364602	97.71471442896403	103.16702254303158	0.002458747408990578	1.0001003664264436
2.089352339100659	1.890823496206656	0.06823680695266772	0.765997480776293	0.10037585812364602	97.71463416939305	103.16702254303158	0.002458747408990578	1.0001003664264436
2.089352339100659	1.890823496206656	0.06828098982784742	0.765997480776293	0.10037585812364602	97.71463416939305	103.16702254303158	0.002458747408990578	1.0001003664264436
2.089352339100659	1.890823496206656	0.06828098982784742	0.765997480776293	0.10037585812364602	97.71463416939305	103.16702254303158	0.002458747408990578	1.0001003664264436
2.089352339100659	1.890823496206656	0.06828098982784742	0.765997480776293	0.10037585812364602	97.71463416939305	103.16684483086544	0.002458747408990578	1.0001003664264436
2.089352339100659	1.890823496206656	0.06828098982784742	0.765997480776293	0.10037585812364602	97.71463416939305	103.16684483086544	0.002458747408990578	1.0001003664264436
2.089352339100659	1.890823496206656	0.06828098982784742	0.765997480776293	0.10037585812364602	97.71463416939305	103.16684483086544	0.002458747408990578	1.0001003664264436
2.089352339100659	1.890823496206656	0.06828098982784742	0.765997480776293	0.10037585812364602	97.71463416939305	103.16684483086544	0.002458747408990578	1.0001003664264436
2.089352339100659	1.890823496206656	0.06828098982784742	0.765997480776293	0.10037585812364602	97.71463416939305	103.16684483086544	0.002458747408990578	1.0001003664264436
2.089352339100659	1.890823496206656	0.06828098982784742	0.7659832899327613	0.10037585812364602	97.71463416939305	103.16684483086544	0.002458747408990578	1.0001003664264436
2.089352339100659	1.890823496206656	0.06828098982784742	0.7659832899327613	0.10037585812364602	97.71463416939305	103.16684483086544	0.002458747408990578	1.0001003664264436
2.089352339100659	1.890823496206656	0.06828098982784742	0.7659832899327613	0.10037585812364602	97.71463416939305	103.16684483086544	0.0024553860621427132	1.0001003664264436
2.089352339100659	1.890823496206656	0.06828098982784742	0.7659832899327613	0.10037585812364602	97.71463416939305	103.16684483086544	0.0024553860621427132	1.0001003664264436
2.089352339100659	1.890823496206656	0.06828098982784742	0.7659832899327613	0.10037585812364602	97.71463416939305	103.16684483086544	0.0024553860621427132	1.0001003664264436
2.089352339100659	1.890823496206656	0.06828098982784742	0.7659832899327613	0.10037585812364602	97.71463416939305	103.16684483086544	0.0024553860621427132	1.0001003796783627
2.089352339100659	1.890823496206656	0.06828098982784742	0.7658924044110239	0.10037585812364602	97.71463416939305	103.16684483086544	0.0024553860621427132	1.0001003796783627
2.089352339100659	1.890827266498991	0.06828098982784742	0.7658924044110239	0.10037585812364602	97.71463416939305	103.16684483086544	0.0024553860621427132	1.0001003796783627
2.089352339100659	1.890827266498991	0.06828098982784742	0.7658924044110239	0.10037585812364602	97.71463416939305	103.16684483086544	0.0024553860621427132	1.0001003796783627
2.089352339100659	1.8907300123443422	0.06828098982784742	0.7658924044110239	0.10037585812364602	97.71463416939305	103.16684483086544	0.0024553860621427132	1.0001003796783627
2.089352339100659	1.8907300123443422	0.06828098982784742	0.7658924044110239	0.10037585812364602	97.71463416939305	103.16684483086544	0.0024553860621427132	1.0001003796783627
2.089352339100659	1.8907300123443422	0.06828098982784742	0.7659149686829336	0.10037585812364602	97.71463416939305	103.16684483086544	0.0024553860621427132	1.0001003796783627
2.089352339100659	1.8907300123443422	0.06828098982784742	0.7659149686829336	0.10037585812364602	97.71463416939305	103.16684483086544	0.0024553860621427132	1.0001003796783627
2.089352339100659	1.8907300123443422	0.06828098982784742	0.7659149686829336	0.10037585812364602	97.71463416939305	103.16684483086544	0.0024553860621427132	1.0001003796783627
2.089352339100659	1.8907300123443422	0.06828098982784742	0.7659149686829336	0.10037585812364602	97.71463416939305	103.16684483086544	0.0024553860621427132	1.0001003796783627
2.089352339100659	1.8907300123443422	0.06828098982784742	0.7659149686829336	0.10037585812364602	97.71463416939305	103.16684483086544	0.0024554165100587567	1.0001003796783627
2.089352339100659	1.8907300123443422	0.06828098982784742	0.7659149686829336	0.10037585812364602	97.71463416939305	103.16684483086544	0.0024554165100587567	1.0001003796783627
2.089352339100659	1.8907300123443422	0.06828098982784742	0.7659149686829336	0.10037585812364602	97.71463416939305	103.16684483086544	0.0024554165100587567	1.0001003796783627
2.089352339100659	1.8907300123443422	0.06828098982784742	0.7659149686829336	0.10038721675219978	97.71463416939305	103.16684483086544	0.0024554165100587567	1.0001003796783627
2.089352339100659	1.8907300123443422	0.06828098982784742	0.7659149686829336	0.10038721675219978	97.71463416939305	103.16684483086544	0.0024554165100587567	1.0001003796783627
2.089352339100659	1.8907300123443422	0.06828098982784742	0.7659149686829336	0.10038721675219978	97.71382342728815	103.16684483086544	0.0024554165100587567	1.0001003796783627
2.089352339100659	1.8907300123443422	0.06828098982784742	0.7659149686829336	0.10038838511592602	97.71382342728815	103.16684483086544	0.0024554165100587567	1.0001003796783627
2.089352339100659	1.8907300123443422	0.06828098982784742	0.7659149686829336	0.10038838511592602	97.71382342728815	103.16684483086544	0.0024554165100587567	1.000100373185182
2.089352339100659	1.8907300123443422	0.06828098982784742	0.7659149686829336	0.10038838511592602	97.71382342728815	103.16684483086544	0.0024554165100587567	1.000100373185182
2.089352339100659	1.8907300123443422	0.06828098982784742	0.7659149686829336	0.10038838511592602	97.71393420097985	103.16684483086544	0.0024554165100587567	1.000100373185182
2.089352339100659	1.8907300123443422	0.06828098982784742	0.7659149686829336	0.10038838511592602	97.71393420097985	103.16684483086544	0.0024554165100587567	1.000100373185182
2.089352339100659	1.8907300123443422	0.06828098982784742	0.7659553859100159	0.10038838511592602	97.71393420097985	103.16684483086544	0.0024554165100587567	1.000100373185182
2.089352339100659	1.8907300123443422	0.06828098982784742	0.7659553859100159	0.10038321082878346	97.71393420097985	103.16684483086544	0.0024554165100587567	1.000100373185182
2.089352339100659	1.8907300123443422	0.06828098982784742	0.7659553859100159	0.10038321082878346	97.71393420097985	103.07400120848914	0.0024554165100587567	1.000100373185182
2.0893539307008924	1.8907300123443422	0.06828098982784742	0.7659553859100159	0.10038321082878346	97.71393420097985	103.07400120848914	0.0024554165100587567	1.000100373185182
2.0893539307008924	1.8907300123443422	0.06828098982784742	0.7659553859100159	0.10038321082878346	97.71393420097985	103.07400120848914	0.0024554165100587567	1.000100373185182
2.0893539307008924	1.8907300123443422	0.06828098982784742	0.7659553859100159	0.10038321082878346	97.71393420097985	103.11871070172144	0.0024554165100587567	1.000100373185182
2.0893539307008924	1.8907300123443422	0.06828098982784742	0.7659553859100159	0.10038321082878346	97.71393420097985	103.11871070172144	0.0024554165100587567	1.000100373185182
2.0893539307008924	1.8907300123443422	0.06828098982784742	0.7659553859100159	0.10038321082878346	97.713736623667	103.11871070172144	0.0024554165100587567	1.000100373185182
2.0893539307008924	1.8907300123443422	0.06828098982784742	0.7659553859100159	0.10038321082878346	97.713736623667	103.1195600777866	0.0024554165100587567	1.000100373185182
2.089173447948355	1.8907300123443422	0.06828098982784742	0.7659553859100159	0.10038321082878346	97.713736623667	103.1195600777866	0.0024554165100587567	1.000100373185182
2.089173447948355	1.8907300123443422	0.06828098982784742	0.7659553859100159	0.10038321082878346	97.7601529891035	103.1195600777866	0.0024554165100587567	1.000100373185182
2.089173447948355	1.8907300123443422	0.06828098982784742	0.7659553859100159	0.10038321082878346	97.7601529891035	103.1195600777866	0.0024554165100587567	1.000100373185182
2.089173447948355	1.8907300123443422	0.06828098982784742	0.7659553859100159	0.10038321082878346	97.7601529891035	103.1195600777866	0.0024554165100587567	1.000100373185182
2.089173447948355	1.8907300123443422	0.06828098982784742	0.7659553859100159	0.10040717436904852	97.7601529891035	103.1195600777866	0.0024554165100587567	1.000100373185182
2.089173447948355	1.8907300123443422	0.06828098982784742	0.7659553859100159	0.10040717436904852	97.7601529891035	103.1195600777866	0.0024554165100587567	1.0001007646287214
2.089173447948355	1.8907300123443422	0.06828098982784742	0.7659553859100159	0.10040717436904852	97.7601529891035	103.1195600777866	0.0024554165100587567	1.0001007646287214
2.0894042329163645	1.8907300123443422	0.06828098982784742	0.7659553859100159	0.10040717436904852	97.7601529891035	103.1195600777866	0.0024554165100587567	1.0001007646287214
2.0894042329163645	1.8907300123443422	0.06828098982784742	0.7659553859100159	0.10040717436904852	97.7601529891035	103.1195600777866	0.0024554165100587567	1.0001012656925459
2.0894042329163645	1.8907300123443422	0.06828098982784742	0.7659553859100159	0.10040717436904852	97.7601529891035	103.1195600777866	0.0024554165100587567	1.0001012656925459
2.0894042329163645	1.8907300123443422	0.06828098982784742	0.7659553859100159	0.10040717436904852	97.7601529891035	103.1195600777866	0.0024475056670300727	1.0001012656925459
2.0894042329163645	1.8907300123443422	0.06828098982784742	0.7659553859100159	0.10040717436904852	97.7601529891035	103.1195600777866	0.0024475056670300727	1.0001012656925459
2.0894042329163645	1.8909715891013799	0.06828098982784742	0.7659553859100159	0.10040717436904852	97.7601529891035	103.1195600777866	0.0024475056670300727	1.0001012656925459
2.0894042329163645	1.8909715891013799	0.06828098982784742	0.7659553859100159	0.10040717436904852	97.76018085626596	103.1195600777866	0.0024475056670300727	1.0001012656925459
2.0894042329163645	1.8909715891013799	0.06828559532993371	0.7659553859100159	0.10040717436904852	97.76018085626596	103.1195600777866	0.0024475056670300727	1.0001012656925459
2.0894042329163645	1.8909715891013799	0.06828559532993371	0.7659553859100159	0.10040717436904852	97.76018085626596	103.1195600777866	0.0024475056670300727	1.0001012656925459
2.0894042329163645	1.8909715891013799	0.06828559532993371	0.7659553859100159	0.10040717436904852	97.76018085626596	103.1195600777866	0.0024475056670300727	1.0001012656925459
2.089455530090244	1.8909715891013799	0.06828559532993371	0.7659553859100159	0.10040717436904852	97.76018085626596	103.1195600777866	0.0024475056670300727	1.0001012656925459
2.089455530090244	1.8909715891013799	0.06828559532993371	0.7659678648995617	0.10040717436904852	97.76018085626596	103.1195600777866	0.0024475056670300727	1.0001012656925459
2.089455530090244	1.8909715891013799	0.06828559532993371	0.7659678648995617	0.10040717436904852	97.76018085626596	103.1195600777866	0.0024475056670300727	1.0001012656925459
2.089455530090244	1.8909715891013799	0.06828559532993371	0.7659678648995617	0.10040717436904852	97.76018085626596	103.1195600777866	0.0024484109516536724	1.0001012656925459
2.089455530090244	1.8909715891013799	0.06828559532993371	0.7659678648995617	0.10040717436904852	97.76018085626596	103.1195600777866	0.002448244073021751	1.0001012656925459
2.089455530090244	1.8909715891013799	0.06828559532993371	0.7659678648995617	0.10040717436904852	97.76018085626596	103.1195600777866	0.002448244073021751	1.0001012656925459
2.089455530090244	1.8909715891013799	0.06828559532993371	0.7659565642706385	0.10040717436904852	97.76018085626596	103.1195600777866	0.002448244073021751	1.0001012656925459
2.089455530090244	1.890975199370978	0.06828559532993371	0.7659565642706385	0.10040717436904852	97.76018085626596	103.1195600777866	0.002448244073021751	1.0001012656925459
2.089455530090244	1.890975199370978	0.06828559532993371	0.7659565642706385	0.10040717436904852	97.76018085626596	103.1195600777866	0.002462730668598569	1.0001012656925459
2.089455530090244	1.890975199370978	0.06828559532993371	0.7659565642706385	0.10040717436904852	97.76018085626596	103.1195600777866	0.0024624784582711954	1.0001012656925459
2.089455530090244	1.8910061373961247	0.06828559532993371	0.7659565642706385	0.10040717436904852	97.76018085626596	103.1195600777866	0.0024624784582711954	1.0001012656925459
2.089455530090244	1.8910061373961247	0.06828559532993371	0.7659565642706385	0.10040717436904852	97.76092220791374	103.1195600777866	0.0024624784582711954	1.0001012656925459
2.089455530090244	1.8910061373961247	0.06828559532993371	0.7659730216745999	0.10040717436904852	97.76092220791374	103.1195600777866	0.0024624784582711954	1.0001012656925459
2.089455530090244	1.8910061373961247	0.06828559532993371	0.7659730216745999	0.10040717436904852	97.76092220791374	103.10370281412033	0.0024624784582711954	1.0001012656925459
2.089455530090244	1.8910061373961247	0.06828559532993371	0.7659730216745999	0.10040717436904852	97.76316050013978	103.10370281412033	0.0024624784582711954	1.0001012656925459
2.089455530090244	1.8910061373961247	0.06828559532993371	0.7659730216745999	0.10040717436904852	97.76316050013978	103.10370281412033	0.0024624784582711954	1.0001012656925459
2.089455530090244	1.8910061373961247	0.06828559532993371	0.7659730216745999	0.10040717436904852	97.76316050013978	103.10370281412033	0.0024624784582711954	1.0001012656925459
2.089455530090244	1.8910075266475481	0.06828559532993371	0.7659730216745999	0.10040717436904852	97.76316050013978	103.10370281412033	0.0024624784582711954	1.0001012656925459
2.0894273654503492	1.8910075266475481	0.06828559532993371	0.7659730216745999	0.10040717436904852	97.76316050013978	103.10370281412033	0.0024624784582711954	1.0001012656925459
2.0894273654503492	1.8910075266475481	0.06828559532993371	0.7659778453525028	0.10040717436904852	97.76316050013978	103.10370281412033	0.0024624784582711954	1.0001012656925459
2.0894273654503492	1.8910075266475481	0.06828559532993371	0.7659778453525028	0.10040717436904852	97.76316050013978	103.10326186906066	0.0024624784582711954	1.0001012656925459
2.0894273654503492	1.8910075266475481	0.06828559532993371	0.7659778453525028	0.10040717436904852	97.76316050013978	103.10326186906066	0.0024520818685761694	1.0001012656925459
2.0894273654503492	1.8910075266475481	0.06828559532993371	0.7659778453525028	0.10048933329011257	97.76316050013978	103.10326186906066	0.0024520818685761694	1.0001012656925459
2.089445197054043	1.8910075266475481	0.06828559532993371	0.7659778453525028	0.10048933329011257	97.76316050013978	103.10326186906066	0.0024520818685761694	1.0001012656925459
2.089445197054043	1.8910075266475481	0.06828559532993371	0.7659778453525028	0.10048933329011257	97.76316050013978	103.10326186906066	0.0024520818685761694	1.0001012656925459
2.089445197054043	1.8910075266475481	0.06828559532993371	0.7659778453525028	0.10048933329011257	97.76316050013978	103.10326186906066	0.0024520818685761694	1.0001012656925459
2.089445197054043	1.8910075266475481	0.06828559532993371	0.7659778453525028	0.10048933329011257	97.76316050013978	103.10326186906066	0.0024504343006825245	1.0001012656925459
2.089445197054043	1.8910075266475481	0.06828559532993371	0.7659778453525028	0.10048933329011257	97.76316050013978	103.10326186906066	0.0024504343006825245	1.0001012656925459
2.089445197054043	1.8910075266475481	0.06828559532993371	0.7659778453525028	0.10048933329011257	97.76316050013978	103.10326186906066	0.0024504343006825245	1.0001012656925459
2.089445197054043	1.8910075266475481	0.06828559532993371	0.7659778453525028	0.10048933329011257	97.76315711187922	103.10326186906066	0.0024504343006825245	1.0001012656925459
2.089445197054043	1.8910075266475481	0.06828559532993371	0.7659778453525028	0.10048933329011257	97.75483040682676	103.10326186906066	0.0024504343006825245	1.0001012656925459
2.089445197054043	1.8910075266475481	0.06828559532993371	0.7659778453525028	0.10048933329011257	97.75483040682676	103.10326186906066	0.0024504343006825245	1.0001012656925459
2.089445197054043	1.8910075266475481	0.06828559532993371	0.7659778453525028	0.10048933329011257	97.75483040682676	103.10341610693169	0.0024504343006825245	1.0001012656925459
2.089445197054043	1.8910075266475481	0.06828559532993371	0.7659778453525028	0.10048933329011257	97.75483040682676	103.10341610693169	0.0024504343006825245	1.0001012656925459
2.089445197054043	1.891060973878868	0.06828559532993371	0.7659778453525028	0.10048933329011257	97.75483040682676	103.10341610693169	0.0024504343006825245	1.0001012656925459
2.089445197054043	1.891060973878868	0.06828559532993371	0.7659778453525028	0.10048933329011257	97.75483040682676	103.10341610693169	0.0024504343006825245	1.0001012656925459
2.089445197054043	1.891060973878868	0.06828559532993371	0.7659778453525028	0.10048933329011257	97.75483040682676	103.10341610693169	0.0024504343006825245	1.0001012656925459
2.089445197054043	1.891060973878868	0.06828559532993371	0.7659778453525028	0.10048933329011257	97.75483040682676	103.10341610693169	0.0024504343006825245	1.0001009539565473
2.089445197054043	1.891060973878868	0.06828559532993371	0.7659778453525028	0.10048933329011257	97.75483040682676	103.10341610693169	0.0024504343006825245	1.0001009539565473
2.089445197054043	1.891060973878868	0.06828559532993371	0.7659778453525028	0.10048933329011257	97.75483040682676	103.10341610693169	0.0024505221507979957	1.0001009539565473
2.089445197054043	1.891060973878868	0.06828559532993371	0.7659778453525028	0.10048933329011257	97.75483040682676	103.10341610693169	0.0024505221507979957	1.0001009539565473
2.089450285207448	1.891060973878868	0.06828559532993371	0.7659778453525028	0.10048933329011257	97.75483040682676	103.10341610693169	0.0024505221507979957	1.0001009539565473
2.089450285207448	1.8910608240412405	0.06828559532993371	0.7659778453525028	0.10048933329011257	97.75483040682676	103.10341610693169	0.0024505221507979957	1.0001009539565473
2.089450285207448	1.8910608240412405	0.06828559532993371	0.7659778453525028	0.10048933329011257	97.75483040682676	103.10341610693169	0.0024505221507979957	1.0001009539565473
2.089450285207448	1.8910608240412405	0.06828559532993371	0.7659778453525028	0.10048937850092064	97.75483040682676	103.10341610693169	0.0024505221507979957	1.0001009539565473
2.0890187979338886	1.8910608240412405	0.06828559532993371	0.7659778453525028	0.10048937850092064	97.75483040682676	103.10341610693169	0.0024505221507979957	1.0001009539565473
2.0890187979338886	1.8910608240412405	0.06828559532993371	0.7659778453525028	0.10048937850092064	97.75483040682676	103.10341610693169	0.0024491007859766406	1.0001009539565473
2.0890187979338886	1.8910608240412405	0.06828559532993371	0.7659778453525028	0.10048937850092064	97.75483040682676	103.10600335277185	0.0024491007859766406	1.0001009539565473
2.0890187979338886	1.8910608240412405	0.06828559532993371	0.7659778453525028	0.10048937850092064	97.75483040682676	103.10471793667412	0.0024491007859766406	1.0001009539565473
2.0890187979338886	1.8910608240412405	0.06828559532993371	0.7659778453525028	0.10048937850092064	97.75483040682676	103.10471793667412	0.0024491007859766406	1.0001009539565473
2.0890187979338886	1.8910608240412405	0.06828559532993371	0.7659778453525028	0.10048937850092064	97.75483040682676	103.10471793667412	0.0024491007859766406	1.0001009539565473
2.0890187979338886	1.8910608240412405	0.06828559532993371	0.7659778453525028	0.10048937850092064	97.75483040682676	103.10471793667412	0.0024491007859766406	1.0001009539565473
2.0890187979338886	1.8910608240412405	0.06828559532993371	0.7659778453525028	0.10048937850092064	97.75483040682676	103.10471793667412	0.0024491007859766406	1.0001009539565473
2.0890187979338886	1.8910608240412405	0.06828559532993371	0.7659778453525028	0.1004864467989314	97.75483040682676	103.10471793667412	0.0024491007859766406	1.0001009539565473
2.0890187979338886	1.8910608240412405	0.06828559532993371	0.7659778453525028	0.1004864467989314	97.75483040682676	103.10471793667412	0.0024491007859766406	1.000101627210995
2.0890187979338886	1.8910608240412405	0.06827456146452393	0.7659778453525028	0.1004864467989314	97.75483040682676	103.10471793667412	0.0024491007859766406	1.000101627210995
2.0890187979338886	1.8903535141970562	0.06827456146452393	0.7659778453525028	0.1004864467989314	97.75483040682676	103.10471793667412	0.0024491007859766406	1.000101627210995
2.0890187979338886	1.8903535141970562	0.06827456146452393	0.7659778453525028	0.1004864467989314	97.75483040682676	103.10471793667412	0.0024491007859766406	1.000101627210995
2.0890187979338886	1.8903535141970562	0.06827456146452393	0.7659778453525028	0.1004864467989314	97.74993475112863	103.10471793667412	0.0024491007859766406	1.000101627210995
2.0890187979338886	1.8903535141970562	0.06827456146452393	0.7659778453525028	0.1004864467989314	97.74993475112863	103.10471793667412	0.0024491007859766406	1.0001045505047332
2.0890187979338886	1.8903535141970562	0.06827456146452393	0.7659778453525028	0.1004864467989314	97.74993475112863	103.10471793667412	0.0024491007859766406	1.0001045505047332
2.0890187979338886	1.8903535141970562	0.06827456146452393	0.7659778453525028	0.1004864467989314	97.74983819695294	103.10471793667412	0.0024491007859766406	1.0001045505047332
2.0890187979338886	1.8903535141970562	0.06827456146452393	0.7659778453525028	0.10045505843299345	97.74983819695294	103.10471793667412	0.0024491007859766406	1.0001045505047332
2.0890187979338886	1.8903535141970562	0.06827456146452393	0.7659778453525028	0.10045505843299345	97.74983819695294	103.10471793667412	0.0024491007859766406	1.0001045505047332
2.0890187979338886	1.8903535141970562	0.06827456146452393	0.7659778453525028	0.10045505843299345	97.74983819695294	103.10471793667412	0.0024491007859766406	1.0001045505047332
2.0890187979338886	1.8903535141970562	0.06827456146452393	0.7659778453525028	0.10046119034524265	97.74983819695294	103.10471793667412	0.0024491007859766406	1.0001045505047332
2.0890187979338886	1.8903535141970562	0.06827456146452393	0.7659778453525028	0.10046119034524265	97.74983819695294	103.10471793667412	0.0024491007859766406	1.0001045505047332
2.0890187979338886	1.8903535141970562	0.06827456146452393	0.7659778453525028	0.10046119034524265	97.74983819695294	103.10471793667412	0.0024491007859766406	1.0001045505047332
2.0890187979338886	1.8903535141970562	0.06827456146452393	0.7659778453525028	0.10046119034524265	97.74983819695294	103.10471793667412	0.0024491007859766406	1.0001045505047332
2.0890187979338886	1.8903535141970562	0.06827456146452393	0.7659778453525028	0.10046119034524265	97.74983819695294	103.10471793667412	0.0024491007859766406	1.0001045505047332
2.0889718798450714	1.8903535141970562	0.06827456146452393	0.7659778453525028	0.10046119034524265	97.74983819695294	103.10471793667412	0.0024491007859766406	1.0001045505047332
2.0889718798450714	1.8903535141970562	0.06827456146452393	0.7659778453525028	0.10046119034524265	97.74983819695294	103.10471793667412	0.0024491007859766406	1.0001045505047332
2.0889718798450714	1.8903535141970562	0.06827456146452393	0.7659778453525028	0.10046119034524265	97.74983819695294	103.10471793667412	0.0024491007859766406	1.0001045505047332
2.0889718798450714	1.8903535141970562	0.06827456146452393	0.7659778453525028	0.10046119034524265	97.74983819695294	103.10471793667412	0.0024490950328609697	1.0001045505047332
2.0889718798450714	1.8903730281962878	0.06827456146452393	0.7659778453525028	0.10046119034524265	97.74983819695294	103.10471793667412	0.0024490950328609697	1.0001045505047332
2.0889718798450714	1.8903730281962878	0.06827912678434175	0.7659778453525028	0.10046119034524265	97.74983819695294	103.10471793667412	0.0024490950328609697	1.0001045505047332
2.0889718798450714	1.8910455703746414	0.06827912678434175	0.7659778453525028	0.10046119034524265	97.74983819695294	103.10471793667412	0.0024490950328609697	1.0001045505047332
2.0889718798450714	1.8910455703746414	0.06827912678434175	0.7659778453525028	0.10046119034524265	97.74983819695294	103.10471793667412	0.0024490950328609697	1.0001045505047332
2.0889718798450714	1.8910455703746414	0.06827912678434175	0.7659778453525028	0.10046119034524265	97.74983819695294	103.10471793667412	0.0024490950328609697	1.0001045505047332
2.089000098864942	1.8910455703746414	0.06827912678434175	0.7659778453525028	0.10046119034524265	97.74983819695294	103.10471793667412	0.0024490950328609697	1.0001045505047332
2.0890028808956447	1.8910455703746414	0.06827912678434175	0.7659778453525028	0.10046119034524265	97.74983819695294	103.10471793667412	0.0024490950328609697	1.0001045505047332
2.0890028808956447	1.8910455703746414	0.06827912678434175	0.7659778453525028	0.10046119034524265	97.74983819695294	103.10471793667412	0.0024490950328609697	1.0001045505047332
2.0890028808956447	1.8910455703746414	0.06827912678434175	0.7659778453525028	0.10046119034524265	97.74983819695294	103.10471793667412	0.0024490950328609697	1.0001045505047332
2.0890028808956447	1.8910455703746414	0.06827912678434175	0.7659778453525028	0.10046119034524265	97.74983819695294	103.10471793667412	0.0024490950328609697	1.0001045505047332
2.0890028808956447	1.8910455703746414	0.06827912678434175	0.7659778453525028	0.1004806613027411	97.74983819695294	103.10471793667412	0.0024490950328609697	1.0001045505047332
2.0890028808956447	1.8910455703746414	0.06827912678434175	0.7659410850167361	0.1004806613027411	97.74983819695294	103.10471793667412	0.0024490950328609697	1.0001045505047332
2.0890028808956447	1.8910455703746414	0.06827912678434175	0.7659410850167361	0.10046214959237856	97.74983819695294	103.10471793667412	0.0024490950328609697	1.0001045505047332
2.0887450200969764	1.8910455703746414	0.06827912678434175	0.7659410850167361	0.10046214959237856	97.74983819695294	103.10471793667412	0.0024490950328609697	1.0001045505047332
2.0887450200969764	1.8910455703746414	0.06827912678434175	0.7659410850167361	0.10046214959237856	97.74983819695294	103.10471793667412	0.0024490950328609697	1.0001045505047332
2.0887450200969764	1.8910455703746414	0.06827912678434175	0.7659410850167361	0.10046214959237856	97.7498399161672	103.10471793667412	0.0024490950328609697	1.0001045505047332
2.0887450200969764	1.8910455703746414	0.06827912678434175	0.7659410850167361	0.10046279216906384	97.7498399161672	103.10471793667412	0.0024490950328609697	1.0001045505047332
2.0887450200969764	1.8910455703746414	0.06827912678434175	0.7659410850167361	0.10046279216906384	97.7498399161672	103.10471793667412	0.0024490950328609697	1.0001045505047332
2.0887450200969764	1.8910455703746414	0.06827293466579416	0.7659410850167361	0.10046279216906384	97.7498399161672	103.10471793667412	0.0024490950328609697	1.0001045505047332
2.0887450200969764	1.88969129098614	0.06827293466579416	0.7659410850167361	0.10046279216906384	97.7498399161672	103.10471793667412	0.0024490950328609697	1.0001045505047332
2.0887450200969764	1.88969129098614	0.06827293466579416	0.7659410850167361	0.10046279216906384	97.7498399161672	103.10471793667412	0.0024490950328609697	1.0001045505047332
2.0887450200969764	1.88969129098614	0.06827293466579416	0.7659410850167361	0.10046279216906384	97.76470461792367	103.10471793667412	0.0024490950328609697	1.0001045505047332
2.0887450200969764	1.88969129098614	0.06827293466579416	0.7659410850167361	0.10046283398870383	97.76470461792367	103.10471793667412	0.0024490950328609697	1.0001045505047332
2.0887450200969764	1.88969129098614	0.06827293466579416	0.7659410850167361	0.1004630989095096	97.76470461792367	103.10471793667412	0.0024490950328609697	1.0001045505047332
2.0887450200969764	1.88969129098614	0.06827293466579416	0.7659410850167361	0.1004630989095096	97.76470461792367	103.10394799519068	0.0024490950328609697	1.0001045505047332
2.0887450200969764	1.889691354182389	0.06827293466579416	0.7659410850167361	0.1004630989095096	97.76470461792367	103.10394799519068	0.0024490950328609697	1.0001045505047332
2.0887450200969764	1.889691354182389	0.06827293466579416	0.7659410850167361	0.1004630989095096	97.76470461792367	103.51469834625901	0.0024490950328609697	1.0001045505047332
2.0887450200969764	1.889691354182389	0.06822744747511839	0.7659410850167361	0.1004630989095096	97.76470461792367	103.51469834625901	0.0024490950328609697	1.0001045505047332
2.0887450200969764	1.889691354182389	0.06822744747511839	0.7659410850167361	0.1004630989095096	97.76470461792367	103.51469834625901	0.0024490921637265193	1.0001045505047332
2.0887450200969764	1.889691354182389	0.06822744747511839	0.7659410850167361	0.1004630989095096	97.76470461792367	103.51469834625901	0.0024490921637265193	1.0001045505047332
2.0887450200969764	1.8896892765375293	0.06822744747511839	0.7659410850167361	0.1004630989095096	97.76470461792367	103.51469834625901	0.0024490921637265193	1.0001045505047332
2.0887450200969764	1.8896892765375293	0.06822744747511839	0.7659410850167361	0.10046307815376752	97.76470461792367	103.51469834625901	0.0024490921637265193	1.0001045505047332
2.0887450200969764	1.8896892765375293	0.06822744747511839	0.7659410850167361	0.10046307815376752	97.76470461792367	103.51469834625901	0.0024182431828503473	1.0001045505047332
2.0887450200969764	1.8896892765375293	0.06822744747511839	0.7659410850167361	0.10046307815376752	97.76470461792367	103.51469834625901	0.0024182431828503473	1.0001045505047332
2.0887450200969764	1.8896892765375293	0.06822744747511839	0.7658990522907794	0.10046307815376752	97.76470461792367	103.51469834625901	0.0024182431828503473	1.0001045505047332
2.0887450200969764	1.8896892765375293	0.06822744747511839	0.7658990522907794	0.10046307815376752	97.7641038734987	103.51469834625901	0.0024182431828503473	1.0001045505047332
2.0887450200969764	1.8896892765375293	0.06822697349599997	0.7658990522907794	0.10046307815376752	97.7641038734987	103.51469834625901	0.0024182431828503473	1.0001045505047332
2.0887450200969764	1.8896892765375293	0.06822697349599997	0.7658990522907794	0.10046307815376752	97.7641038734987	103.51469834625901	0.0024182431828503473	1.0001045505047332
2.0887450200969764	1.8896892765375293	0.06822697349599997	0.7658990522907794	0.10046307815376752	97.7641038734987	103.51492947782313	0.0024182431828503473	1.0001045505047332
2.0887450200969764	1.8896892765375293	0.06822697349599997	0.7658990522907794	0.10046307815376752	97.7641038734987	103.51492947782313	0.0024182431828503473	1.0001045505047332
2.0887450200969764	1.8896892765375293	0.06820674501728122	0.7658990522907794	0.10046307815376752	97.7641038734987	103.51492947782313	0.0024182431828503473	1.0001045505047332
2.0887450200969764	1.8896900259869367	0.06820674501728122	0.7658990522907794	0.10046307815376752	97.7641038734987	103.51492947782313	0.0024182431828503473	1.0001045505047332
2.0887450200969764	1.8896900259869367	0.06820674501728122	0.7658990522907794	0.10046307815376752	97.7641038734987	110.03589732094166	0.0024182431828503473	1.0001045505047332
2.0887450200969764	1.8896735022257305	0.06820674501728122	0.7658990522907794	0.10046307815376752	97.7641038734987	110.03589732094166	0.0024182431828503473	1.0001045505047332
2.0887450200969764	1.8896735022257305	0.06820674501728122	0.7658990522907794	0.10046307815376752	97.7641038734987	110.03589732094166	0.002417259987428877	1.0001045505047332
2.0887450200969764	1.8896735022257305	0.06820674501728122	0.7658990522907794	0.10046307815376752	97.7641038734987	110.03589732094166	0.0024121950451628906	1.0001045505047332
2.0887450200969764	1.8896735022257305	0.06820674501728122	0.7658990522907794	0.10046307815376752	97.7641038734987	110.03589732094166	0.0024121950451628906	1.0001045505047332
2.0887450200969764	1.8954324575576647	0.06820674501728122	0.7658990522907794	0.10046307815376752	97.7641038734987	110.03589732094166	0.0024121950451628906	1.0001045505047332
2.0887450200969764	1.8954324575576647	0.06820674501728122	0.7658990522907794	0.10046307815376752	97.7641038734987	110.03589732094166	0.0024121950451628906	1.0001045505047332
2.0887450200969764	1.8954324575576647	0.06820674501728122	0.7658990522907794	0.10046307815376752	97.7641038734987	110.03589732094166	0.0024121950451628906	1.0001045505047332
2.0887450200969764	1.8954324575576647	0.06820674501728122	0.7658990522907794	0.10046307815376752	97.7641038734987	110.03589732094166	0.0024121950451628906	1.0001045799493193
2.0887450200969764	1.8954324575576647	0.06820674501728122	0.7658990522907794	0.10046307815376752	97.7641038734987	110.03589732094166	0.0023942818761615702	1.0001045799493193
2.0887450200969764	1.8954324575576647	0.06820674501728122	0.7658990522907794	0.10046308493134204	97.7641038734987	110.03589732094166	0.0023942818761615702	1.0001045799493193
2.0887447981481237	1.8954324575576647	0.06820674501728122	0.7658990522907794	0.10046308493134204	97.7641038734987	110.03589732094166	0.0023942818761615702	1.0001045799493193
2.0887447981481237	1.8954324575576647	0.06820674501728122	0.7663989365816085	0.10046308493134204	97.7641038734987	110.03589732094166	0.0023942818761615702	1.0001045799493193
2.0887447981481237	1.8954324575576647	0.06820674501728122	0.7663989365816085	0.10046308493134204	97.7641038734987	110.03359935369058	0.0023942818761615702	1.0001045799493193
2.0887447981481237	1.8954324575576647	0.06820674501728122	0.7663989365816085	0.10046308493134204	97.7641038734987	110.03359935369058	0.002263896465880012	1.0001045799493193
2.0887447981481237	1.8954324575576647	0.06820674501728122	0.7663989365816085	0.10046308493134204	97.7641038734987	110.03359935369058	0.002263896465880012	1.0001045799493193
2.0887447981481237	1.8954293859446423	0.06820674501728122	0.7663989365816085	0.10046308493134204	97.7641038734987	110.03359935369058	0.002263896465880012	1.0001045799493193
2.0887447981481237	1.8954247768976242	0.06820674501728122	0.7663989365816085	0.10046308493134204	97.7641038734987	110.03359935369058	0.002263896465880012	1.0001045799493193
2.0887492173633357	1.8954247768976242	0.06820674501728122	0.7663989365816085	0.10046308493134204	97.7641038734987	110.03359935369058	0.002263896465880012	1.0001045799493193
2.0887492173633357	1.8954247768976242	0.06820674501728122	0.7663989365816085	0.10046308493134204	97.7641038734987	110.03359935369058	0.002263896465880012	1.0001045799493193
2.0887492173633357	1.8954247768976242	0.06820674501728122	0.7663989365816085	0.10046308493134204	97.7641038734987	110.03359935369058	0.002263896465880012	1.0001045799493193
2.0887492173633357	1.8954247768976242	0.06820674501728122	0.7663989365816085	0.10046308493134204	97.7641038734987	110.03359935369058	0.002263896465880012	1.0001045799493193
2.0887492173633357	1.8954247768976242	0.06820674501728122	0.7663989365816085	0.10046308493134204	97.7641038734987	110.03359935369058	0.002263896465880012	1.0001036696765793
2.0887492173633357	1.8954247768976242	0.06820674501728122	0.7663989365816085	0.10046308493134204	97.7641038734987	110.03359935369058	0.002263896465880012	1.000103241012852
2.0887492173633357	1.8954247768976242	0.06820674501728122	0.7663989365816085	0.10046308493134204	97.76438898128285	110.03359935369058	0.002263896465880012	1.000103241012852
2.0887492173633357	1.8954247768976242	0.06820674501728122	0.7663989365816085	0.10046308493134204	97.76438898128285	110.03359935369058	0.0022641348629057153	1.000103241012852
2.0887492173633357	1.8954247768976242	0.06820674501728122	0.7663989365816085	0.10046308493134204	97.76438898128285	110.03359935369058	0.0022641348629057153	1.000103241012852
2.0887492173633357	1.8954247768976242	0.06820674501728122	0.7663989365816085	0.10046308493134204	97.76438898128285	110.03359935369058	0.0022641348629057153	1.000103241012852
2.0887492173633357	1.8954247768976242	0.06820674501728122	0.7663989365816085	0.10046308493134204	97.76438898128285	110.03359935369058	0.0022641348629057153	1.000103241012852
2.0897242879205478	1.8954247768976242	0.06820674501728122	0.7663989365816085	0.10046308493134204	97.76438898128285	110.03359935369058	0.0022641348629057153	1.000103241012852
2.0897242879205478	1.8954247768976242	0.06820674501728122	0.7663989365816085	0.10046308493134204	97.76438898128285	110.03359935369058	0.0022641348629057153	1.0000998468504152
2.0897242879205478	1.8954247768976242	0.06820674501728122	0.7663989365816085	0.10046308493134204	97.76438898128285	110.03359935369058	0.0022641348629057153	1.0000998468504152
2.0897242879205478	1.8954247768976242	0.06820674501728122	0.7663989365816085	0.10046308493134204	97.76438898128285	110.03359935369058	0.0022641348629057153	1.0000998468504152
2.0897242879205478	1.8954247768976242	0.06820674501728122	0.7663989365816085	0.10046308493134204	97.76438898128285	110.03359935369058	0.0022642493756560894	1.0000998468504152
2.0897242879205478	1.8954247768976242	0.06820674501728122	0.7663989365816085	0.10046308493134204	97.76510316311764	110.03359935369058	0.0022642493756560894	1.0000998468504152
2.0897242879205478	1.8954247768976242	0.06820674501728122	0.7664025420116064	0.10046308493134204	97.76510316311764	110.03359935369058	0.0022642493756560894	1.0000998468504152
2.0897242879205478	1.8954247768976242	0.06820674501728122	0.7664025420116064	0.10046308493134204	97.76510316311764	110.03359935369058	0.0022642493756560894	1.0000998468504152
2.0897242879205478	1.8954247768976242	0.06820674501728122	0.7664025420116064	0.10046308493134204	97.76510316311764	110.03359935369058	0.0022642493756560894	1.0000998468504152
2.0897242879205478	1.8954247768976242	0.06820674501728122	0.7664025420116064	0.10046308493134204	97.76420925537076	110.03359935369058	0.0022642493756560894	1.0000998468504152
2.0897242879205478	1.8954247768976242	0.06820674501728122	0.7664025420116064	0.10043559206607038	97.76420925537076	110.03359935369058	0.0022642493756560894	1.0000998468504152
2.0897242879205478	1.8954247768976242	0.0682053217217177	0.7664025420116064	0.10043559206607038	97.76420925537076	110.03359935369058	0.0022642493756560894	1.0000998468504152
2.0897242879205478	1.8954247768976242	0.0682053217217177	0.7664025420116064	0.10043559206607038	97.76420925537076	110.03359935369058	0.0022642493756560894	1.0000998468504152
2.0897242879205478	1.8954247768976242	0.0682053217217177	0.7664025420116064	0.10043559206607038	97.76420925537076	110.03359935369058	0.0022642493756560894	1.0000998468504152
2.0897242879205478	1.8954247768976242	0.0682053217217177	0.7664025420116064	0.10043580973193925	97.76420925537076	110.03359935369058	0.0022642493756560894	1.0000998468504152
2.0897242879205478	1.8954249541967487	0.0682053217217177	0.7664025420116064	0.10043580973193925	97.76420925537076	110.03359935369058	0.0022642493756560894	1.0000998468504152
2.0897242879205478	1.8954249541967487	0.0682053217217177	0.7664025420116064	0.10043580973193925	97.76420925537076	110.03359935369058	0.0022642493756560894	1.0000998468504152
2.0897242879205478	1.8954249541967487	0.0682053217217177	0.7664025420116064	0.10043580973193925	97.76420925537076	110.03359935369058	0.0022642493756560894	1.0000998468504152
2.0897242879205478	1.8954249541967487	0.0682053217217177	0.7664025420116064	0.10043580973193925	97.76420925537076	110.03416974298219	0.0022642493756560894	1.0000998468504152
2.0897242879205478	1.8954249541967487	0.0682053217217177	0.7664025420116064	0.10043580973193925	97.76420925537076	110.03416974298219	0.0022642493756560894	1.0000998468504152
2.0897242879205478	1.8954249541967487	0.0682053217217177	0.766586281358563	0.10043580973193925	97.76420925537076	110.03416974298219	0.0022642493756560894	1.0000998468504152
2.0897242879205478	1.8956137701284352	0.0682053217217177	0.766586281358563	0.10043580973193925	97.76420925537076	110.03416974298219	0.0022642493756560894	1.0000998468504152
2.0897242879205478	1.8956137701284352	0.0682053217217177	0.766586281358563	0.10043580973193925	97.76420925537076	110.03416974298219	0.0022642493756560894	1.0000998468504152
2.0897242879205478	1.8956137701284352	0.0682053217217177	0.766586281358563	0.10043580973193925	97.76420925537076	110.03416974298219	0.0022642493756560894	1.000100080134687
2.0897242879205478	1.8956137701284352	0.0682053217217177	0.7666614874106544	0.10043580973193925	97.76420925537076	110.03416974298219	0.0022642493756560894	1.000100080134687
2.0897242879205478	1.8956137701284352	0.0682053217217177	0.7666614874106544	0.10043580973193925	97.76420925537076	110.03416974298219	0.0022642493756560894	1.000100080134687
2.0897242879205478	1.8956137701284352	0.0682053217217177	0.7666726392490986	0.10043580973193925	97.76420925537076	110.03416974298219	0.0022642493756560894	1.000100080134687
2.0897242879205478	1.8956137701284352	0.0682053217217177	0.7666726392490986	0.10043580973193925	97.76420925537076	110.03416974298219	0.0022642493756560894	1.000100080134687
2.0891490572954634	1.8956137701284352	0.0682053217217177	0.7666726392490986	0.10043580973193925	97.76420925537076	110.03416974298219	0.0022642493756560894	1.000100080134687
2.089156153072106	1.8956137701284352	0.0682053217217177	0.7666726392490986	0.10043580973193925	97.76420925537076	110.03416974298219	0.0022642493756560894	1.000100080134687
2.089156153072106	1.897907860841997	0.0682053217217177	0.7666726392490986	0.10043580973193925	97.76420925537076	110.03416974298219	0.0022642493756560894	1.000100080134687
2.089156153072106	1.897907860841997	0.0682053217217177	0.7666726392490986	0.10043580973193925	97.76420925537076	110.03416974298219	0.0022641916267584126	1.000100080134687
2.089156153072106	1.897907860841997	0.0682053217217177	0.7666726392490986	0.10043580973193925	97.76420925537076	110.03416974298219	0.0022641916267584126	1.000100080134687
2.089156153072106	1.897908121826377	0.0682053217217177	0.7666726392490986	0.10043580973193925	97.76420925537076	110.03416974298219	0.0022641916267584126	1.000100080134687
2.089156153072106	1.897908121826377	0.0682053217217177	0.7666726392490986	0.1004353365381886	97.76420925537076	110.03416974298219	0.0022641916267584126	1.000100080134687
2.089156153072106	1.897908121826377	0.0682053217217177	0.7666726392490986	0.1004353365381886	97.76420925537076	110.03416974298219	0.0022641916267584126	1.000100080134687
2.089156153072106	1.897908121826377	0.0682053217217177	0.7666726392490986	0.1004353365381886	97.76420925537076	110.03416974298219	0.0021582580228980625	1.000100080134687
2.089156153072106	1.897908121826377	0.06820462636851439	0.7666726392490986	0.1004353365381886	97.76420925537076	110.03416974298219	0.0021582580228980625	1.000100080134687
2.089156153072106	1.897908121826377	0.06820462636851439	0.7666726392490986	0.1004353365381886	97.76420925537076	110.03416974298219	0.0021582580228980625	1.000100080134687
2.089156153072106	1.897908121826377	0.06820462636851439	0.7666726392490986	0.1004353365381886	97.76420925537076	110.03416974298219	0.0021582580228980625	1.000100080134687
2.089156153072106	1.897908121826377	0.06820462636851439	0.7666726392490986	0.1004353365381886	97.76420925537076	110.03416974298219	0.0021582580228980625	1.000100080134687
2.089156153072106	1.8982127710126018	0.06820462636851439	0.7666726392490986	0.1004353365381886	97.76420925537076	110.03416974298219	0.0021582580228980625	1.000100080134687
2.089156153072106	1.8982127710126018	0.06820462636851439	0.7666726392490986	0.1004353365381886	97.76420925537076	110.03416974298219	0.0021582580228980625	1.000100080134687
2.089156153072106	1.8982127710126018	0.06820462636851439	0.7666726392490986	0.1004353365381886	97.76420925537076	110.03416974298219	0.0021031879134711293	1.000100080134687
2.0891565763156175	1.8982127710126018	0.06820462636851439	0.7666726392490986	0.1004353365381886	97.76420925537076	110.03416974298219	0.0021031879134711293	1.000100080134687
2.0891565763156175	1.8982127710126018	0.06820462636851439	0.7666726392490986	0.1004353365381886	97.76420925537076	110.03416974298219	0.0021031879134711293	1.000100080134687
2.0891565763156175	1.8982127710126018	0.06820462636851439	0.7666726392490986	0.1004353365381886	97.76420925537076	110.03416974298219	0.0021031879134711293	1.000100080134687
2.0891565763156175	1.8982127710126018	0.06820462636851439	0.7666726392490986	0.1004353365381886	97.76420925537076	110.03416974298219	0.0021031879134711293	1.000100080134687
2.0891565763156175	1.8982127710126018	0.06820462636851439	0.7666726392490986	0.1004353365381886	97.76420925537076	110.03416974298219	0.0021031879134711293	1.000100080134687
2.0891565763156175	1.8982127710126018	0.06820462636851439	0.7666726392490986	0.1004353365381886	97.76420925537076	110.03416974298219	0.0021031879134711293	1.000100080134687
2.0891565763156175	1.8982127710126018	0.06820462636851439	0.7666726392490986	0.1004353365381886	97.76420925537076	110.03416974298219	0.0021031879134711293	1.000100080134687
2.0891565763156175	1.8982127710126018	0.06820462636851439	0.7666726392490986	0.1004353365381886	97.76420925537076	110.03416974298219	0.0021031879134711293	1.000100080134687
2.0892413235699667	1.8982127710126018	0.06820462636851439	0.7666726392490986	0.1004353365381886	97.76420925537076	110.03416974298219	0.0021031879134711293	1.000100080134687
2.0892413235699667	1.8982127710126018	0.06820462636851439	0.7666726392490986	0.1004353365381886	97.76420925537076	110.03416974298219	0.0021031879134711293	1.000100080134687
2.0892413235699667	1.8982127710126018	0.06820462636851439	0.7666726392490986	0.1004353365381886	97.76420925537076	110.03416974298219	0.0021031879134711293	1.000100080134687
2.0892413235699667	1.8982127710126018	0.06820462636851439	0.7669107353371308	0.1004353365381886	97.76420925537076	110.03416974298219	0.0021031879134711293	1.000100080134687
2.0892413235699667	1.8982078041397363	0.06820462636851439	0.7669107353371308	0.1004353365381886	97.76420925537076	110.03416974298219	0.0021031879134711293	1.000100080134687
2.0892413235699667	1.8982078041397363	0.06820462636851439	0.7669107353371308	0.1004353365381886	97.76420925537076	110.03416974298219	0.0021031879134711293	1.000100080134687
2.0892413235699667	1.8982078041397363	0.06820462636851439	0.7669107353371308	0.1004353365381886	97.76420925537076	110.03416974298219	0.0021031879134711293	1.000100080134687
2.0892413235699667	1.8982078041397363	0.06820462636851439	0.7669107353371308	0.1004353365381886	97.76420925537076	110.03416974298219	0.0021031879134711293	1.000100080134687
2.0891209332224245	1.8982078041397363	0.06820462636851439	0.7669107353371308	0.1004353365381886	97.76420925537076	110.03416974298219	0.0021031879134711293	1.000100080134687
2.0891209332224245	1.8982075614569263	0.06820462636851439	0.7669107353371308	0.1004353365381886	97.76420925537076	110.03416974298219	0.0021031879134711293	1.000100080134687
2.0891209332224245	1.8982075614569263	0.06820462636851439	0.7669107353371308	0.1004353365381886	97.76420925537076	110.03416974298219	0.0021031879134711293	1.000100080134687
2.0891209332224245	1.8982075614569263	0.06820462636851439	0.7669107353371308	0.1004353365381886	97.76420925537076	110.03416974298219	0.0021031879134711293	1.000100080134687
2.0891135560207434	1.8982075614569263	0.06820462636851439	0.7669107353371308	0.1004353365381886	97.76420925537076	110.03416974298219	0.0021031879134711293	1.000100080134687
2.0891135560207434	1.8982075614569263	0.06820462636851439	0.7669107353371308	0.1004353365381886	97.76420925537076	110.03427114511574	0.0021031879134711293	1.000100080134687
2.0891135560207434	1.8982075614569263	0.06820462636851439	0.7669107353371308	0.1004353365381886	97.76420925537076	110.03427114511574	0.0021031879134711293	1.000100080134687
2.0891135560207434	1.8982075614569263	0.06820462636851439	0.7669107353371308	0.1004353365381886	97.76420925537076	110.03427114511574	0.0021031879134711293	1.000100080134687
2.0891135560207434	1.8982075614569263	0.06820462636851439	0.7669107353371308	0.1004353365381886	97.76420925537076	110.03427114511574	0.0021031879134711293	1.000100080134687
2.0891135560207434	1.8982075614569263	0.06820462636851439	0.7669107353371308	0.10043523169228295	97.76420925537076	110.03427114511574	0.0021031879134711293	1.000100080134687
2.0891135560207434	1.8982075614569263	0.06820462636851439	0.7669107353371308	0.10043523169228295	97.76420925537076	110.03427114511574	0.0021031879134711293	1.000100080134687
2.0891135560207434	1.8982075614569263	0.06820462636851439	0.7669107353371308	0.10043523169228295	97.76420925537076	110.03427114511574	0.0021097789487780592	1.000100080134687
2.0891135560207434	1.8982075614569263	0.06820462636851439	0.7669107353371308	0.10043523169228295	97.76420925537076	110.03427114511574	0.0021097789487780592	1.000100080134687
2.0891135560207434	1.8982075614569263	0.06820462636851439	0.7669107353371308	0.10043523169228295	97.76420925537076	110.03427114511574	0.0021097335424426528	1.000100080134687
2.0891135560207434	1.8982075614569263	0.06820462636851439	0.7669107353371308	0.10043523169228295	97.76420925537076	110.03427114511574	0.0021097335424426528	1.000100080134687
2.0891135560207434	1.8982075614569263	0.06820462636851439	0.7669107353371308	0.10043523169228295	97.76420925537076	110.03427114511574	0.0021075556331821566	1.000100080134687
2.0891135560207434	1.8982075614569263	0.06820348718772101	0.7669107353371308	0.10043523169228295	97.76420925537076	110.03427114511574	0.0021075556331821566	1.000100080134687
2.0891135560207434	1.8982075614569263	0.06820348718772101	0.7669107353371308	0.10043523169228295	97.76419334734277	110.03427114511574	0.0021075556331821566	1.000100080134687
2.0891135560207434	1.8982075614569263	0.06819107271036827	0.7669107353371308	0.10043523169228295	97.76419334734277	110.03427114511574	0.0021075556331821566	1.000100080134687
2.0891135560207434	1.8982075614569263	0.06819591343752807	0.7669107353371308	0.10043523169228295	97.76419334734277	110.03427114511574	0.0021075556331821566	1.000100080134687
2.0891135560207434	1.8982075614569263	0.06819591343752807	0.7669107353371308	0.10043523169228295	97.76419334734277	110.03427114511574	0.0021075556331821566	1.000100080134687
2.0891135560207434	1.8982075614569263	0.06819591343752807	0.7669107353371308	0.10043523169228295	97.76419334734277	110.03427114511574	0.0021075556331821566	1.000100080134687
2.0891135560207434	1.8982075614569263	0.06819591343752807	0.7669107353371308	0.10043523169228295	97.76419334734277	110.03427114511574	0.0021075556331821566	1.000100080134687
2.0891135560207434	1.8982075614569263	0.06819591343752807	0.7669107353371308	0.10043523169228295	97.76419334734277	110.03427114511574	0.0021075556331821566	1.000100080134687
2.0891135560207434	1.8982075614569263	0.06819591343752807	0.7669107353371308	0.10043523169228295	97.76419334734277	110.03466327873181	0.0021075556331821566	1.000100080134687
2.0891135560207434	1.8982075614569263	0.06819591343752807	0.7669107353371308	0.10043523169228295	97.70972215827429	110.03466327873181	0.0021075556331821566	1.000100080134687
2.0891135560207434	1.8982075614569263	0.06819591343752807	0.7669107353371308	0.10043523169228295	97.70972215827429	110.03466327873181	0.0021075556331821566	1.000100080134687
2.0891135560207434	1.8982075614569263	0.06819591343752807	0.7669107353371308	0.10043523169228295	97.70972215827429	110.03466327873181	0.0021075556331821566	1.0001001077655898
2.0891135560207434	1.8982075614569263	0.06819591343752807	0.7669107353371308	0.10043523169228295	97.70972215827429	110.03466327873181	0.0021075556331821566	1.0001001077655898
2.0891135560207434	1.8982075614569263	0.06819591343752807	0.7669107353371308	0.10043523169228295	97.70972215827429	110.03466327873181	0.0021075556331821566	1.0001001077655898
2.0891135560207434	1.8982075614569263	0.06819591343752807	0.7669107353371308	0.10043523169228295	97.70972215827429	110.03466327873181	0.0021074047672635424	1.0001001077655898
2.0891135560207434	1.8982075614569263	0.06819591343752807	0.7669107353371308	0.10044186159574754	97.70972215827429	110.03466327873181	0.0021074047672635424	1.0001001077655898
2.0891135560207434	1.8982075614569263	0.06819591343752807	0.7669107353371308	0.10044186159574754	97.70972215827429	110.03466327873181	0.0021074047672635424	1.0001001077655898
2.0891135560207434	1.8982153377123239	0.06819591343752807	0.7669107353371308	0.10044186159574754	97.70972215827429	110.03466327873181	0.0021074047672635424	1.0001001077655898
2.0891135560207434	1.8982153377123239	0.06819591343752807	0.7669107353371308	0.10044186159574754	97.70972215827429	110.03466327873181	0.0021074047672635424	1.0001001077655898
2.0891135560207434	1.8982153377123239	0.06819591343752807	0.7669189334555289	0.10044186159574754	97.70972215827429	110.03466327873181	0.0021074047672635424	1.0001001077655898
2.0891135560207434	1.8982153377123239	0.06819591343752807	0.7669189334555289	0.10044186159574754	97.70972215827429	110.03466327873181	0.0021074047672635424	1.0001001077655898
2.0891135560207434	1.897862042332058	0.06819591343752807	0.7669189334555289	0.10044186159574754	97.70972215827429	110.03466327873181	0.0021074047672635424	1.0001001077655898
2.0891135560207434	1.897862042332058	0.0681326648211627	0.7669189334555289	0.10044186159574754	97.70972215827429	110.03466327873181	0.0021074047672635424	1.0001001077655898
2.0891135560207434	1.897862042332058	0.0681326648211627	0.7669189334555289	0.10044186159574754	97.70972215827429	110.03466327873181	0.0021074047672635424	1.0000999542102316
2.0891135560207434	1.897862042332058	0.0681326648211627	0.7669189334555289	0.10044186159574754	97.70972215827429	110.03466327873181	0.0021074047672635424	1.0000999542102316
2.0891135560207434	1.897862042332058	0.0681326648211627	0.7669189334555289	0.10044186159574754	97.70972215827429	110.03466327873181	0.0021074047672635424	1.0000999542102316
2.0891135560207434	1.897862042332058	0.0681326648211627	0.7669189334555289	0.10044186159574754	97.70972215827429	110.03517452629393	0.0021074047672635424	1.0000999542102316
2.0891135560207434	1.897862042332058	0.0681326648211627	0.7669189334555289	0.10044186159574754	97.70972215827429	110.03596668156311	0.0021074047672635424	1.0000999542102316
2.0891135560207434	1.897862042332058	0.06813075121452948	0.7669189334555289	0.10044186159574754	97.70972215827429	110.03596668156311	0.0021074047672635424	1.0000999542102316
2.089118389967225	1.897862042332058	0.06813075121452948	0.7669189334555289	0.10044186159574754	97.70972215827429	110.03596668156311	0.0021074047672635424	1.0000999542102316
2.089118389967225	1.897862042332058	0.06813075121452948	0.7669189334555289	0.10044186159574754	97.70976391675619	110.03596668156311	0.0021074047672635424	1.0000999542102316
2.0859976422512654	1.897862042332058	0.06813075121452948	0.7669189334555289	0.10044186159574754	97.70976391675619	110.03596668156311	0.0021074047672635424	1.0000999542102316
2.0859976422512654	1.897862042332058	0.06813075121452948	0.7669189334555289	0.10044186159574754	97.70976391675619	110.03596668156311	0.0021074047672635424	1.0000999101278834
2.0859976422512654	1.897862042332058	0.06813075121452948	0.7669189334555289	0.10044186159574754	97.70976391675619	110.03596668156311	0.0021074047672635424	1.0000999101278834
2.0859976422512654	1.897862042332058	0.06813075121452948	0.7669189334555289	0.10044186159574754	97.70976391675619	110.03596668156311	0.0021074047672635424	1.0000999101278834
2.0859976422512654	1.897862042332058	0.06813075121452948	0.7669189334555289	0.10044186159574754	97.71025235050209	110.03596668156311	0.0021074047672635424	1.0000999101278834
2.0859976422512654	1.897862042332058	0.06813075121452948	0.7669189334555289	0.10044186159574754	97.71025235050209	110.03596668156311	0.0021074047672635424	1.0000999101278834
2.085993649941781	1.897862042332058	0.06813075121452948	0.7669189334555289	0.10044186159574754	97.71025235050209	110.03596668156311	0.0021074047672635424	1.0000999101278834
2.085993649941781	1.897862042332058	0.06813075121452948	0.7669189334555289	0.10044186159574754	97.71025235050209	110.03596668156311	0.0021074047672635424	1.0000999101278834
2.085993649941781	1.897862042332058	0.06813075121452948	0.7669189334555289	0.10044186159574754	97.71025235050209	110.03596668156311	0.0021074047672635424	1.0000999101278834
2.085993649941781	1.897862042332058	0.06813075121452948	0.7669189334555289	0.10044186159574754	97.71025235050209	110.03596668156311	0.0021074047672635424	1.0000999101278834
2.085993649941781	1.897862042332058	0.06812974139472991	0.7669189334555289	0.10044186159574754	97.71025235050209	110.03596668156311	0.0021074047672635424	1.0000999101278834
2.085993649941781	1.897862042332058	0.0681065952816015	0.7669189334555289	0.10044186159574754	97.71025235050209	110.03596668156311	0.0021074047672635424	1.0000999101278834
2.085993649941781	1.8978625914356613	0.0681065952816015	0.7669189334555289	0.10044186159574754	97.71025235050209	110.03596668156311	0.0021074047672635424	1.0000999101278834
2.085993649941781	1.8978625914356613	0.0681065952816015	0.7669189334555289	0.10044550027072424	97.71025235050209	110.03596668156311	0.0021074047672635424	1.0000999101278834
2.085993649941781	1.8978625914356613	0.0681065952816015	0.7669189334555289	0.10044550027072424	97.71025235050209	110.03596668156311	0.0021074047672635424	1.0000999101278834
2.085993649941781	1.8978625914356613	0.0681065952816015	0.7669189334555289	0.10044550027072424	97.71025235050209	110.39791436881099	0.0021074047672635424	1.0000999101278834
2.085993649941781	1.8978625914356613	0.0681065952816015	0.7669189334555289	0.10044550027072424	97.71025235050209	110.39791436881099	0.0021074047672635424	1.0000999101278834
2.085993649941781	1.8978625914356613	0.0681065952816015	0.7669189334555289	0.10044550027072424	97.71025235050209	110.39791436881099	0.0021074047672635424	1.0000999101278834
2.085993649941781	1.8978625914356613	0.0681065952816015	0.7669189334555289	0.10044550027072424	97.71025235050209	110.39787311745316	0.0021074047672635424	1.0000999101278834
2.085993649941781	1.8978625914356613	0.0681065952816015	0.7669189334555289	0.10063450102962362	97.71025235050209	110.39787311745316	0.0021074047672635424	1.0000999101278834
