2.092176627499286	1.892285908286363	0.06739892186604307	0.761860833952942	0.10041983106526285	97.77135611383636	109.4837160833605	0.0021579854759746523	1.0001057424568944
2.092176627499286	1.892285908286363	0.06739892186604307	0.761860833952942	0.10041983106526285	97.77135611383636	109.43452457680158	0.0021579854759746523	1.0001057424568944
2.092176627499286	1.892285908286363	0.06739892186604307	0.761860833952942	0.10041983106526285	97.77135611383636	109.43452457680158	0.0021579854759746523	1.0001057424568944
2.092176627499286	1.892285908286363	0.06739892186604307	0.761860833952942	0.10041980793274395	97.77135611383636	109.43452457680158	0.0021579854759746523	1.0001057424568944
2.092176627499286	1.892285908286363	0.06739892186604307	0.761860833952942	0.1006989873767205	97.77135611383636	109.43452457680158	0.0021579854759746523	1.0001057424568944
2.092176627499286	1.892285908286363	0.06739892186604307	0.761860833952942	0.1006989873767205	97.77135012818292	109.43452457680158	0.0021579854759746523	1.0001057424568944
2.092176627499286	1.892285908286363	0.06739892186604307	0.761860833952942	0.1006989873767205	97.77135012818292	109.43452457680158	0.002158016623882331	1.0001057424568944
2.092176627499286	1.892285908286363	0.06739892186604307	0.761860833952942	0.1006989873767205	97.77262790241336	109.43452457680158	0.002158016623882331	1.0001057424568944
2.092176627499286	1.892285908286363	0.06739892186604307	0.761860833952942	0.10067138970510836	97.77262790241336	109.43452457680158	0.002158016623882331	1.0001057424568944
2.092176627499286	1.892285908286363	0.06739892186604307	0.761860833952942	0.10067138970510836	97.77262790241336	109.43452457680158	0.002158016623882331	1.0001057424568944
2.092176627499286	1.892285908286363	0.06739892186604307	0.761860833952942	0.10067138970510836	97.77262790241336	109.43452457680158	0.002158016623882331	1.0001057323851554
2.0963080538971353	1.892285908286363	0.06739892186604307	0.761860833952942	0.10067138970510836	97.77262790241336	109.43452457680158	0.002158016623882331	1.0001057323851554
2.0963080538971353	1.892285908286363	0.06739892186604307	0.761860833952942	0.10067138970510836	97.77262790241336	109.43452457680158	0.002158016623882331	1.0001057323851554
2.0963080538971353	1.892285908286363	0.06739892186604307	0.761860833952942	0.10067138970510836	97.77262790241336	109.43452457680158	0.002158016623882331	1.0001057452648143
2.0963080538971353	1.892285908286363	0.06739892186604307	0.761860833952942	0.10067138970510836	97.77262790241336	109.43452457680158	0.00214784838830812	1.0001057452648143
2.0963080538971353	1.892285908286363	0.06739892186604307	0.761860833952942	0.10067138970510836	97.77262790241336	109.43452457680158	0.0021478085419421367	1.0001057452648143
2.0963080538971353	1.8922852052975376	0.06739892186604307	0.761860833952942	0.10067138970510836	97.77262790241336	109.43452457680158	0.0021478085419421367	1.0001057452648143
2.0963080538971353	1.8923126740063354	0.06739892186604307	0.761860833952942	0.10067138970510836	97.77262790241336	109.43452457680158	0.0021478085419421367	1.0001057452648143
2.0963080538971353	1.8923126740063354	0.06739892186604307	0.761860833952942	0.10067138970510836	97.77262790241336	108.84792049230882	0.0021478085419421367	1.0001057452648143
2.0963080538971353	1.8923126740063354	0.06739892186604307	0.761860833952942	0.10067138970510836	97.77262790241336	108.84792049230882	0.0021478085419421367	1.0001057452648143
2.0963080538971353	1.8923126740063354	0.06739892186604307	0.761860833952942	0.10067138970510836	97.77262790241336	108.80123772676822	0.0021478085419421367	1.0001057452648143
2.0963080538971353	1.8924333083468219	0.06739892186604307	0.761860833952942	0.10067138970510836	97.77262790241336	108.80123772676822	0.0021478085419421367	1.0001057452648143
2.0963080538971353	1.8924333083468219	0.06739892186604307	0.761860833952942	0.10067138970510836	97.77262790241336	108.80123772676822	0.0021478085419421367	1.0001057452648143
2.0963080538971353	1.8924333083468219	0.06739892186604307	0.761860833952942	0.10067138970510836	97.77262790241336	108.80123772676822	0.002147730628324654	1.0001057452648143
2.096198042739832	1.8924333083468219	0.06739892186604307	0.761860833952942	0.10067138970510836	97.77262790241336	108.80123772676822	0.002147730628324654	1.0001057452648143
2.096198042739832	1.892432987162398	0.06739892186604307	0.761860833952942	0.10067138970510836	97.77262790241336	108.80123772676822	0.002147730628324654	1.0001057452648143
2.096198042739832	1.892432987162398	0.06739892186604307	0.761860833952942	0.10067138970510836	97.77258880138102	108.80123772676822	0.002147730628324654	1.0001057452648143
2.096198042739832	1.892432987162398	0.06739892186604307	0.761860833952942	0.10067138970510836	97.77258880138102	108.80123772676822	0.002147730628324654	1.0001057452648143
2.096198042739832	1.892432987162398	0.06739892186604307	0.761860833952942	0.10067182515009762	97.77258880138102	108.80123772676822	0.002147730628324654	1.0001057452648143
2.0962050430084487	1.892432987162398	0.06739892186604307	0.761860833952942	0.10067182515009762	97.77258880138102	108.80123772676822	0.002147730628324654	1.0001057452648143
2.0962035118630467	1.892432987162398	0.06739892186604307	0.761860833952942	0.10067182515009762	97.77258880138102	108.80123772676822	0.002147730628324654	1.0001057452648143
2.0962035118630467	1.892432987162398	0.06739892186604307	0.761860833952942	0.10067182515009762	97.77258880138102	108.80123772676822	0.002147730628324654	1.0001057452648143
2.0962035118630467	1.892432987162398	0.06739892186604307	0.761860833952942	0.10067182515009762	97.77258880138102	108.80123772676822	0.002147730628324654	1.0001057452648143
2.0962035118630467	1.892432987162398	0.06739892186604307	0.761860833952942	0.10067182515009762	97.77258880138102	108.80123772676822	0.002147730628324654	1.0001057452648143
2.0962035118630467	1.892432987162398	0.06739892186604307	0.761860833952942	0.10067182515009762	97.77258880138102	108.80123772676822	0.002147730628324654	1.0001057452648143
2.0962035118630467	1.892432987162398	0.06739892186604307	0.761860833952942	0.10067182515009762	97.77258880138102	108.80123772676822	0.002147730628324654	1.0001057452648143
2.0962035118630467	1.892432987162398	0.06739717646454145	0.761860833952942	0.10067182515009762	97.77258880138102	108.80123772676822	0.002147730628324654	1.0001057452648143
2.0962035118630467	1.892432987162398	0.06739717646454145	0.761860833952942	0.10067182515009762	97.77258880138102	108.80123772676822	0.002147730628324654	1.0001057452648143
2.0962035118630467	1.892432987162398	0.06739717646454145	0.761860833952942	0.10067182515009762	97.77253373390953	108.80123772676822	0.002147730628324654	1.0001057452648143
2.0962035118630467	1.892432987162398	0.06739717646454145	0.761860833952942	0.10067182515009762	97.77253373390953	108.80123772676822	0.002147730628324654	1.0001057452648143
2.0962035118630467	1.892432987162398	0.06739717646454145	0.761860833952942	0.10067182515009762	97.77253373390953	108.80123772676822	0.002147730628324654	1.0001057452648143
2.0962035118630467	1.892432987162398	0.06739717646454145	0.761860833952942	0.10067182515009762	97.77253373390953	108.80123772676822	0.0022499805042121524	1.0001057452648143
2.0962035118630467	1.892432987162398	0.06739717646454145	0.761860833952942	0.10067182515009762	97.77253373390953	108.80123772676822	0.0022499805042121524	1.0001057452648143
2.0962035118630467	1.892432987162398	0.06739717646454145	0.761860833952942	0.10067182515009762	97.77253373390953	108.80123772676822	0.0022499805042121524	1.0001057452648143
2.0962035118630467	1.892432987162398	0.06739717646454145	0.761860833952942	0.10067182515009762	97.77253373390953	108.80123772676822	0.0022499805042121524	1.0001057452648143
2.0962035118630467	1.892432987162398	0.06739717646454145	0.761860833952942	0.10067182515009762	97.77253373390953	108.80123772676822	0.0022499805042121524	1.0001057452648143
2.0962035118630467	1.892432987162398	0.06739717646454145	0.761860833952942	0.10066429995634486	97.77253373390953	108.80123772676822	0.0022499805042121524	1.0001057452648143
2.09620251766575	1.892432987162398	0.06739717646454145	0.761860833952942	0.10066429995634486	97.77253373390953	108.80123772676822	0.0022499805042121524	1.0001057452648143
2.09620251766575	1.892432987162398	0.06739717646454145	0.761860833952942	0.10066429995634486	97.77253373390953	108.80123772676822	0.0022499805042121524	1.0001057452648143
2.09620251766575	1.892432987162398	0.06739717646454145	0.761860833952942	0.10066429995634486	97.77253373390953	108.80123772676822	0.0022499805042121524	1.0001057452648143
2.09620251766575	1.892432987162398	0.06739717646454145	0.761860833952942	0.10066429995634486	97.77253373390953	108.80123772676822	0.0022499805042121524	1.0001057452648143
2.09620251766575	1.892432987162398	0.06739717646454145	0.761860833952942	0.10066429995634486	97.77261245089139	108.80123772676822	0.0022499805042121524	1.0001057452648143
2.09620251766575	1.892432987162398	0.06739717646454145	0.761860833952942	0.10064881504427682	97.77261245089139	108.80123772676822	0.0022499805042121524	1.0001057452648143
2.09620251766575	1.8923847145212294	0.06739717646454145	0.761860833952942	0.10064881504427682	97.77261245089139	108.80123772676822	0.0022499805042121524	1.0001057452648143
2.09620251766575	1.8923847145212294	0.06739717646454145	0.761860833952942	0.10064881504427682	97.77261245089139	108.80123772676822	0.0022499805042121524	1.0001057452648143
2.09620251766575	1.8923847145212294	0.06739717646454145	0.761860833952942	0.10064881504427682	97.77261245089139	108.80123772676822	0.0022499805042121524	1.0001057452648143
2.09620251766575	1.8923847145212294	0.06739717646454145	0.7618052329129501	0.10064881504427682	97.77261245089139	108.80123772676822	0.0022499805042121524	1.0001057452648143
2.09620251766575	1.8923847145212294	0.06739717646454145	0.7618052329129501	0.10064881504427682	97.77261245089139	108.79874371545411	0.0022499805042121524	1.0001057452648143
2.09620251766575	1.8923847145212294	0.06739717646454145	0.7618052329129501	0.10064881504427682	97.77261245089139	104.9964356060179	0.0022499805042121524	1.0001057452648143
2.09620251766575	1.8923847145212294	0.06739717646454145	0.7618052329129501	0.10064881504427682	97.77261245089139	104.9964356060179	0.0022499805042121524	1.0001057452648143
2.09620251766575	1.8923849775476687	0.06739717646454145	0.7618052329129501	0.10064881504427682	97.77261245089139	104.9964356060179	0.0022499805042121524	1.0001057452648143
2.0957636243084865	1.8923849775476687	0.06739717646454145	0.7618052329129501	0.10064881504427682	97.77261245089139	104.9964356060179	0.0022499805042121524	1.0001057452648143
2.0957636243084865	1.8923849775476687	0.06739717646454145	0.7618052329129501	0.10064678200359045	97.77261245089139	104.9964356060179	0.0022499805042121524	1.0001057452648143
2.0957636243084865	1.8923849775476687	0.06739717646454145	0.7618052329129501	0.10064678200359045	97.77261245089139	104.9964356060179	0.0022499805042121524	1.0001057452648143
2.0957636243084865	1.8923849775476687	0.06739717646454145	0.7618052329129501	0.10064678200359045	97.77261245089139	104.9964356060179	0.0022499805042121524	1.0001079769738737
2.0957636243084865	1.8923849775476687	0.06739717646454145	0.7618052329129501	0.10064678200359045	97.77261245089139	104.9964356060179	0.0022499805042121524	1.0001079769738737
2.0957636243084865	1.8923849775476687	0.06739717646454145	0.7618052329129501	0.10064678200359045	97.77261245089139	104.9964356060179	0.0022499805042121524	1.0001060874563914
2.0957636243084865	1.8923849775476687	0.06739717646454145	0.7618052329129501	0.10064678200359045	97.77261245089139	104.9964356060179	0.0022499805042121524	1.0001065186788105
2.0957636243084865	1.8923849775476687	0.06739717646454145	0.7618052329129501	0.10064678200359045	97.76405624542764	104.9964356060179	0.0022499805042121524	1.0001065186788105
2.0957636243084865	1.8923849775476687	0.06739717646454145	0.7618052329129501	0.10064678200359045	97.76405624542764	104.98230741886172	0.0022499805042121524	1.0001065186788105
2.0957636243084865	1.8923849775476687	0.06739717646454145	0.7618052329129501	0.10064678200359045	97.76405624542764	104.98230741886172	0.0022499805042121524	1.0001065186788105
2.0957636243084865	1.8923849775476687	0.06739717646454145	0.7618052329129501	0.10064678200359045	97.76405624542764	104.98230741886172	0.002264814896406156	1.0001065186788105
2.0957636243084865	1.8923852644005748	0.06739717646454145	0.7618052329129501	0.10064678200359045	97.76405624542764	104.98230741886172	0.002264814896406156	1.0001065186788105
2.0957636243084865	1.8923852644005748	0.06739717646454145	0.7618052329129501	0.10064678200359045	97.76405624542764	104.98166506444359	0.002264814896406156	1.0001065186788105
2.0957636243084865	1.8926187307278395	0.06739717646454145	0.7618052329129501	0.10064678200359045	97.76405624542764	104.98166506444359	0.002264814896406156	1.0001065186788105
2.0957636243084865	1.8926187307278395	0.06739717646454145	0.7618052329129501	0.10063853695334973	97.76405624542764	104.98166506444359	0.002264814896406156	1.0001065186788105
2.0957636243084865	1.8926187307278395	0.06739717646454145	0.7618052329129501	0.10063853695334973	97.76405624542764	104.98166506444359	0.002264814896406156	1.0001065186788105
2.0957636243084865	1.8926187307278395	0.06739717646454145	0.7618052329129501	0.10063853695334973	97.82247763818813	104.98166506444359	0.002264814896406156	1.0001065186788105
2.0957636243084865	1.8926187307278395	0.06739717646454145	0.7618052329129501	0.10063853695334973	97.82247763818813	104.98166506444359	0.002264814896406156	1.0001065186788105
2.095909310231306	1.8926187307278395	0.06739717646454145	0.7618052329129501	0.10063853695334973	97.82247763818813	104.98166506444359	0.002264814896406156	1.0001065186788105
2.095909310231306	1.8926187307278395	0.06739717646454145	0.7618052329129501	0.10063853695334973	97.82247763818813	104.98166506444359	0.002264814896406156	1.0001065186788105
2.095909310231306	1.8926187307278395	0.06739717646454145	0.7618052329129501	0.10063853695334973	97.82247763818813	104.98166506444359	0.002264814896406156	1.0001065186788105
2.095909310231306	1.8926187307278395	0.06739717646454145	0.7618052329129501	0.10063853695334973	97.82247763818813	104.98166506444359	0.002264814896406156	1.0001065186788105
2.095909310231306	1.8926187307278395	0.06739717646454145	0.7618052329129501	0.10063853695334973	97.82247763818813	105.10604596634855	0.002264814896406156	1.0001065186788105
2.095909310231306	1.8926187307278395	0.06739717646454145	0.7618052329129501	0.10063853695334973	97.82247763818813	105.10604596634855	0.002264814896406156	1.0001065186788105
2.095909310231306	1.8928415421458635	0.06739717646454145	0.7618052329129501	0.10063853695334973	97.82247763818813	105.10604596634855	0.002264814896406156	1.0001065186788105
2.095909310231306	1.8928415421458635	0.06739717646454145	0.7618052329129501	0.10063853695334973	97.82247763818813	105.10604596634855	0.0022602321933918954	1.0001065186788105
2.095909310231306	1.8928415421458635	0.06739717646454145	0.7618052329129501	0.10063853695334973	97.82247763818813	105.10604596634855	0.0022602321933918954	1.0001065186788105
2.095909310231306	1.8928406715557775	0.06739717646454145	0.7618052329129501	0.10063853695334973	97.82247763818813	105.10604596634855	0.0022602321933918954	1.0001065186788105
2.095909310231306	1.8928406715557775	0.06739717646454145	0.7618052329129501	0.10063853695334973	97.82247763818813	105.10604596634855	0.0022602321933918954	1.0001065186788105
2.095909310231306	1.8928406715557775	0.06739717646454145	0.7618052329129501	0.10063659992128259	97.82247763818813	105.10604596634855	0.0022602321933918954	1.0001065186788105
2.095909310231306	1.8928406715557775	0.06739717646454145	0.7618052329129501	0.10063659992128259	97.82247763818813	105.10604596634855	0.0022602321933918954	1.0001065186788105
2.0980225393073044	1.8928406715557775	0.06739717646454145	0.7618052329129501	0.10063659992128259	97.82247763818813	105.10604596634855	0.0022602321933918954	1.0001065186788105
2.0981982785075233	1.8928406715557775	0.06739717646454145	0.7618052329129501	0.10063659992128259	97.82247763818813	105.10604596634855	0.0022602321933918954	1.0001065186788105
2.0981982785075233	1.8928406715557775	0.06739717646454145	0.7618052329129501	0.10063659992128259	97.82247763818813	105.10604596634855	0.0022602321933918954	1.0001065186788105
2.0981967716716996	1.8928406715557775	0.06739717646454145	0.7618052329129501	0.10063659992128259	97.82247763818813	105.10604596634855	0.0022602321933918954	1.0001065186788105
2.0981967716716996	1.8928406715557775	0.06739717646454145	0.7618052329129501	0.10063659992128259	97.82247763818813	105.10604596634855	0.0022602321933918954	1.0001065186788105
2.0981967716716996	1.8923958894714834	0.06739717646454145	0.7618052329129501	0.10063659992128259	97.82247763818813	105.10604596634855	0.0022602321933918954	1.0001065186788105
2.0981967716716996	1.8923958894714834	0.06739717646454145	0.7618469122772837	0.10063659992128259	97.82247763818813	105.10604596634855	0.0022602321933918954	1.0001065186788105
2.0981967716716996	1.8923958894714834	0.06739717646454145	0.7618469122772837	0.10063734679511693	97.82247763818813	105.10604596634855	0.0022602321933918954	1.0001065186788105
2.0981967716716996	1.8923958894714834	0.06739717646454145	0.7618469122772837	0.10063734679511693	97.82247763818813	105.10604596634855	0.0022602321933918954	1.0001065186788105
2.0981967716716996	1.8923958894714834	0.06739717646454145	0.7618469122772837	0.10063734679511693	97.82247763818813	105.10604596634855	0.0022602321933918954	1.0001065186788105
2.0981967716716996	1.8923958894714834	0.06739717646454145	0.7618469122772837	0.10064383202397821	97.82247763818813	105.10604596634855	0.0022602321933918954	1.0001065186788105
2.0981967716716996	1.8923958894714834	0.06739717646454145	0.7618469122772837	0.10064383202397821	97.82247763818813	105.10604596634855	0.0022602321933918954	1.0001065186788105
2.0981967716716996	1.8923958894714834	0.06739717646454145	0.7618469122772837	0.10064383202397821	97.82247763818813	105.10604596634855	0.0022602321933918954	1.0000957513049151
2.0981967716716996	1.8923958894714834	0.06739717646454145	0.7618469122772837	0.10064383202397821	97.82247763818813	105.10604596634855	0.0022602321933918954	1.0000957513049151
2.0981967716716996	1.8923958894714834	0.06735512027066538	0.7618469122772837	0.10064383202397821	97.82247763818813	105.10604596634855	0.0022602321933918954	1.0000957513049151
2.0981967716716996	1.8923958894714834	0.06735512027066538	0.7618469122772837	0.10064383202397821	97.82247763818813	105.10604596634855	0.0022602321933918954	1.0000957513049151
2.0981967716716996	1.8923958894714834	0.06735512027066538	0.7618469122772837	0.10064383202397821	97.82247763818813	105.10604596634855	0.0022602321933918954	1.0000957513049151
2.0981967716716996	1.8923956699322242	0.06735512027066538	0.7618469122772837	0.10064383202397821	97.82247763818813	105.10604596634855	0.0022602321933918954	1.0000957513049151
2.0981967716716996	1.8923956699322242	0.06735512027066538	0.7618469122772837	0.10064383202397821	97.82247763818813	105.09846221561749	0.0022602321933918954	1.0000957513049151
2.0981967716716996	1.8923864467129847	0.06735512027066538	0.7618469122772837	0.10064383202397821	97.82247763818813	105.09846221561749	0.0022602321933918954	1.0000957513049151
2.0981967716716996	1.8923864467129847	0.06735512027066538	0.7618469122772837	0.10064383202397821	97.82247763818813	105.09846221561749	0.0022602321933918954	1.0000957513049151
2.0981967716716996	1.8923864467129847	0.06735512027066538	0.7618469122772837	0.10064383202397821	97.82247763818813	105.09846221561749	0.0022602321933918954	1.0000957513049151
2.0981967716716996	1.8923864467129847	0.06735512027066538	0.7618469122772837	0.10064383202397821	97.82247763818813	105.09846221561749	0.0022602321933918954	1.0000957513049151
2.0981967716716996	1.8923864467129847	0.06735512027066538	0.7618469122772837	0.10064383202397821	97.82247763818813	105.09846221561749	0.0022602321933918954	1.0000957513049151
2.0981967716716996	1.8923864467129847	0.06735512027066538	0.7618469122772837	0.10064383202397821	97.82247763818813	105.09846221561749	0.0022602321933918954	1.0000957513049151
2.0981967716716996	1.8923864467129847	0.06735512027066538	0.7618469122772837	0.10064383202397821	97.82247763818813	105.09846221561749	0.0022602321933918954	1.0000957513049151
2.0981967716716996	1.8923864467129847	0.06735512027066538	0.7618469122772837	0.10063075127442771	97.82247763818813	105.09846221561749	0.0022602321933918954	1.0000957513049151
2.0981967716716996	1.8923864467129847	0.06735512027066538	0.7618469122772837	0.10063075127442771	97.81024952461226	105.09846221561749	0.0022602321933918954	1.0000957513049151
2.0981967716716996	1.8923864467129847	0.06735512027066538	0.7618469122772837	0.10063075127442771	97.81024952461226	105.09846221561749	0.0022602321933918954	1.0000957513049151
2.0981967716716996	1.8923864467129847	0.06735512027066538	0.7618469122772837	0.10063075127442771	97.81024952461226	105.09846221561749	0.002260227520029849	1.0000957513049151
2.0981967716716996	1.8923864467129847	0.06735512027066538	0.7618469122772837	0.10063075127442771	97.81024952461226	105.09846221561749	0.002260227520029849	1.0000957513049151
2.0981967716716996	1.8923864467129847	0.06735512027066538	0.7618469122772837	0.10063075127442771	97.81024952461226	105.09846221561749	0.002260227520029849	1.0000957513049151
2.0981967716716996	1.89386778611394	0.06735512027066538	0.7618469122772837	0.10063075127442771	97.81024952461226	105.09846221561749	0.002260227520029849	1.0000957513049151
2.0981967716716996	1.89386778611394	0.06735512027066538	0.7618469122772837	0.10063075127442771	97.81024952461226	105.09846221561749	0.002260227520029849	1.0000957513049151
2.0981967716716996	1.8964281403893786	0.06735512027066538	0.7618469122772837	0.10063075127442771	97.81024952461226	105.09846221561749	0.002260227520029849	1.0000957513049151
2.0981967716716996	1.8964281403893786	0.06735512027066538	0.7618469122772837	0.10063075127442771	97.80582138011843	105.09846221561749	0.002260227520029849	1.0000957513049151
2.0981967716716996	1.8964281403893786	0.06735512027066538	0.7618469122772837	0.10063075127442771	97.80582138011843	105.09846221561749	0.0022601337492642037	1.0000957513049151
2.0981967716716996	1.8964281403893786	0.06735512027066538	0.7618445655345621	0.10063075127442771	97.80582138011843	105.09846221561749	0.0022601337492642037	1.0000957513049151
2.0981967716716996	1.8964281403893786	0.06735512027066538	0.7618445655345621	0.10063075127442771	97.80582138011843	105.09846221561749	0.0022601337492642037	1.0000957513049151
2.0981967716716996	1.8964281403893786	0.06735512027066538	0.7618445655345621	0.10063075127442771	97.80582138011843	105.09846221561749	0.0022601337492642037	1.0000957513049151
2.0982634597131744	1.8964281403893786	0.06735512027066538	0.7618445655345621	0.10063075127442771	97.80582138011843	105.09846221561749	0.0022601337492642037	1.0000957513049151
2.0982634597131744	1.8964281403893786	0.06735512027066538	0.7618445655345621	0.10063075127442771	97.80582138011843	105.09846221561749	0.0022601337492642037	1.0000957513049151
2.0982634597131744	1.8964281403893786	0.06735512027066538	0.7618445655345621	0.10063075127442771	97.80582138011843	105.09846221561749	0.0022601337492642037	1.0000957513049151
2.0982634597131744	1.8964281403893786	0.06735512027066538	0.7616354492567804	0.10063075127442771	97.80582138011843	105.09846221561749	0.0022601337492642037	1.0000957513049151
2.0982634597131744	1.8964281403893786	0.06735512027066538	0.7616354492567804	0.10063075127442771	97.80582138011843	105.09846221561749	0.0022601337492642037	1.0000957513049151
2.0982634597131744	1.8964281403893786	0.06735512027066538	0.7616354492567804	0.10063075127442771	97.80583459086525	105.09846221561749	0.0022601337492642037	1.0000957513049151
2.0982634597131744	1.8964281403893786	0.06735512027066538	0.7616354492567804	0.10063075127442771	97.80583459086525	105.09846221561749	0.0022601337492642037	1.0000957513049151
2.0982634597131744	1.8964281403893786	0.06735512027066538	0.7616354492567804	0.10063075127442771	97.80583459086525	105.09846221561749	0.0022601337492642037	1.0000957513049151
2.0982634597131744	1.8964281403893786	0.06735512027066538	0.7616354492567804	0.10063075127442771	97.80583459086525	105.09846221561749	0.0022601337492642037	1.0000957513049151
2.0982634597131744	1.8964281403893786	0.06735512027066538	0.7616354492567804	0.10063075127442771	97.80583459086525	105.09846221561749	0.0023381897378062506	1.0000957513049151
2.0982634597131744	1.8964287121505077	0.06735512027066538	0.7616354492567804	0.10063075127442771	97.80583459086525	105.09846221561749	0.0023381897378062506	1.0000957513049151
2.0982631485119265	1.8964287121505077	0.06735512027066538	0.7616354492567804	0.10063075127442771	97.80583459086525	105.09846221561749	0.0023381897378062506	1.0000957513049151
2.0982631485119265	1.8964287121505077	0.06735512027066538	0.7616354492567804	0.10063075127442771	97.80583459086525	105.09846221561749	0.0023381897378062506	1.0000957728107376
2.0982631485119265	1.8964287121505077	0.06735512027066538	0.7616354492567804	0.10063075127442771	97.80583459086525	105.09763003813529	0.0023381897378062506	1.0000957728107376
2.0982631485119265	1.8964287121505077	0.06735512027066538	0.7616354492567804	0.10063074814010534	97.80583459086525	105.09763003813529	0.0023381897378062506	1.0000957728107376
2.0982631485119265	1.8964287121505077	0.06735512027066538	0.7616354492567804	0.10063074814010534	97.8054981320657	105.09763003813529	0.0023381897378062506	1.0000957728107376
2.0982631485119265	1.8964287121505077	0.06735512027066538	0.7616354492567804	0.10063074814010534	97.8054981320657	105.09763003813529	0.0023382681527193646	1.0000957728107376
2.0982631485119265	1.8964287121505077	0.06735512027066538	0.7616354492567804	0.10063074814010534	97.8054981320657	105.1773730712566	0.0023382681527193646	1.0000957728107376
2.0982631485119265	1.8964287121505077	0.06735512027066538	0.7616354492567804	0.10063074814010534	97.8054981320657	105.1773730712566	0.0023382681527193646	1.0000954761544336
2.0982631485119265	1.8964287121505077	0.06735512027066538	0.7616354492567804	0.10063074814010534	97.8054981320657	105.1773730712566	0.0023382681527193646	1.0000954761544336
2.0982631485119265	1.8964287121505077	0.06735512027066538	0.7616354492567804	0.10063072518958639	97.8054981320657	105.1773730712566	0.0023382681527193646	1.0000954761544336
2.0982631485119265	1.8964287121505077	0.06735512027066538	0.7616354492567804	0.10063072518958639	97.8054981320657	107.1177011076971	0.0023382681527193646	1.0000954761544336
2.0982631485119265	1.8964287121505077	0.06735512027066538	0.7616354492567804	0.10063072518958639	97.79556785068092	107.1177011076971	0.0023382681527193646	1.0000954761544336
2.0982631485119265	1.8964287121505077	0.06735512027066538	0.7616354492567804	0.10063072518958639	97.79556785068092	107.11742769275776	0.0023382681527193646	1.0000954761544336
2.0982631485119265	1.8964214122684007	0.06735512027066538	0.7616354492567804	0.10063072518958639	97.79556785068092	107.11742769275776	0.0023382681527193646	1.0000954761544336
2.0982631485119265	1.8964214122684007	0.06735512027066538	0.7616354492567804	0.10063072518958639	97.79556785068092	106.92298008412648	0.0023382681527193646	1.0000954761544336
2.0982631485119265	1.8964214122684007	0.06735512027066538	0.7616354492567804	0.10063072518958639	97.79556785068092	106.93043063725393	0.0023382681527193646	1.0000954761544336
2.0982631485119265	1.8964214122684007	0.06735512027066538	0.7616354492567804	0.10063072518958639	97.79556785068092	106.93043063725393	0.0023382681527193646	1.0000954761544336
2.0982631485119265	1.8964214122684007	0.06735512027066538	0.7616354492567804	0.10063072518958639	97.79556785068092	106.93043063725393	0.0023382681527193646	1.0000954761544336
2.0982631485119265	1.8963990294674489	0.06735512027066538	0.7616354492567804	0.10063072518958639	97.79556785068092	106.93043063725393	0.0023382681527193646	1.0000954761544336
2.0982631485119265	1.8963990294674489	0.06735512027066538	0.7616354492567804	0.10063072518958639	97.79556785068092	106.93043063725393	0.0023382681527193646	1.0000954761544336
2.098241308634986	1.8963990294674489	0.06735512027066538	0.7616354492567804	0.10063072518958639	97.79556785068092	106.93043063725393	0.0023382681527193646	1.0000954761544336
2.098241308634986	1.896391992651156	0.06735512027066538	0.7616354492567804	0.10063072518958639	97.79556785068092	106.93043063725393	0.0023382681527193646	1.0000954761544336
2.098241308634986	1.896391992651156	0.06735512027066538	0.7616354492567804	0.10063072518958639	97.79556785068092	106.93043063725393	0.0023382681527193646	1.0000954761544336
2.098241308634986	1.8963882789028939	0.06735512027066538	0.7616354492567804	0.10063072518958639	97.79556785068092	106.93043063725393	0.0023382681527193646	1.0000954761544336
2.098241308634986	1.8963882789028939	0.06735512027066538	0.7616354492567804	0.10063072518958639	97.79556785068092	106.93043063725393	0.0023382681527193646	1.0000954761544336
2.098241308634986	1.8963882789028939	0.06735512027066538	0.7616354492567804	0.10063072518958639	97.79556785068092	106.93043063725393	0.0023382681527193646	1.0000954761544336
2.098241308634986	1.8963882789028939	0.06735512027066538	0.7616354492567804	0.10063072518958639	97.79556785068092	106.93026030320475	0.0023382681527193646	1.0000954761544336
2.098241308634986	1.8963882789028939	0.06735512027066538	0.7616354492567804	0.10063072518958639	97.79556785068092	106.93026030320475	0.0023382681527193646	1.0000954761544336
2.098241308634986	1.8963882789028939	0.06735512027066538	0.7616354492567804	0.10063072518958639	97.79556785068092	106.93026030320475	0.0023382681527193646	1.0000954761544336
2.098241308634986	1.8963882789028939	0.06735512027066538	0.7616354492567804	0.10063072518958639	97.79556785068092	106.93026030320475	0.0023310568257026527	1.0000954761544336
2.098241308634986	1.8963893496082675	0.06735512027066538	0.7616354492567804	0.10063072518958639	97.79556785068092	106.93026030320475	0.0023310568257026527	1.0000954761544336
2.098241308634986	1.8963893496082675	0.06735512027066538	0.7616354492567804	0.10063072518958639	97.79556785068092	106.93026030320475	0.0023310568257026527	1.0000954761544336
2.098241308634986	1.8963893496082675	0.06735512027066538	0.7616354492567804	0.10063072518958639	97.79556785068092	107.39915342717134	0.0023310568257026527	1.0000954761544336
2.098241308634986	1.8963893496082675	0.06735512027066538	0.7616354492567804	0.10063072518958639	97.79556785068092	107.39915342717134	0.0023310568257026527	1.0000978980418178
2.098241308634986	1.8963893496082675	0.06735512027066538	0.7616354492567804	0.10063072518958639	97.79556785068092	107.39915342717134	0.0023310568257026527	1.0001058741785165
2.098241308634986	1.8963893496082675	0.06735512027066538	0.7616354492567804	0.10063087973011921	97.79556785068092	107.39915342717134	0.0023310568257026527	1.0001058741785165
2.098241308634986	1.8963893496082675	0.06735512027066538	0.7616354492567804	0.10063087973011921	97.79556785068092	107.39915342717134	0.0023310568257026527	1.0001058741785165
2.098261206284775	1.8963893496082675	0.06735512027066538	0.7616354492567804	0.10063087973011921	97.79556785068092	107.39915342717134	0.0023310568257026527	1.0001058741785165
2.098261206284775	1.8963893496082675	0.06735512027066538	0.7616354492567804	0.0999640689759243	97.79556785068092	107.39915342717134	0.0023310568257026527	1.0001058741785165
2.098261206284775	1.8963893496082675	0.06735512027066538	0.7616354492567804	0.0999640689759243	97.79556785068092	107.39915342717134	0.0023310568257026527	1.0001058741785165
2.098261206284775	1.8963893496082675	0.06735512027066538	0.7616354492567804	0.0999640689759243	97.79556785068092	101.97258024889378	0.0023310568257026527	1.0001058741785165
2.098261206284775	1.8963893496082675	0.06735512027066538	0.7616354492567804	0.0999640689759243	97.79556785068092	101.97258024889378	0.0023310568257026527	1.0001039366631475
2.098261206284775	1.8963893496082675	0.06735512027066538	0.7616354492567804	0.0999640689759243	97.79556785068092	101.97258024889378	0.0023310568257026527	1.0001039366631475
2.098261206284775	1.8963815322795443	0.06735512027066538	0.7616354492567804	0.0999640689759243	97.79556785068092	101.97258024889378	0.0023310568257026527	1.0001039366631475
2.098261206284775	1.8963815322795443	0.06735512027066538	0.7616354492567804	0.0999640689759243	97.79556785068092	101.97258024889378	0.002331766949774694	1.0001039366631475
2.098261206284775	1.8963815322795443	0.06735512027066538	0.7616354492567804	0.09996415340832523	97.79556785068092	101.97258024889378	0.002331766949774694	1.0001039366631475
2.098261206284775	1.8963815322795443	0.06735512027066538	0.7616438227330415	0.09996415340832523	97.79556785068092	101.97258024889378	0.002331766949774694	1.0001039366631475
2.098261206284775	1.8963815322795443	0.06735512027066538	0.7616438227330415	0.09996415340832523	97.79556785068092	101.97258024889378	0.002331766949774694	1.0001039366631475
2.098261206284775	1.8963815322795443	0.06735512027066538	0.7616438227330415	0.09996415340832523	97.79556785068092	101.97258024889378	0.002331766949774694	1.0001039366631475
2.098261206284775	1.8963815322795443	0.06735448802837168	0.7616438227330415	0.09996415340832523	97.79556785068092	101.97258024889378	0.002331766949774694	1.0001039366631475
2.098261206284775	1.8963815322795443	0.06735448802837168	0.7616438227330415	0.09996415340832523	97.79556785068092	101.97247850161943	0.002331766949774694	1.0001039366631475
2.098261206284775	1.8963815322795443	0.06735448802837168	0.7616438227330415	0.09996415340832523	97.79556785068092	101.97247850161943	0.0023318484849609283	1.0001039366631475
2.098261206284775	1.8963885517178463	0.06735448802837168	0.7616438227330415	0.09996415340832523	97.79556785068092	101.97247850161943	0.0023318484849609283	1.0001039366631475
2.0982597415404527	1.8963885517178463	0.06735448802837168	0.7616438227330415	0.09996415340832523	97.79556785068092	101.97247850161943	0.0023318484849609283	1.0001039366631475
2.0982597415404527	1.8963885517178463	0.06735448802837168	0.7616438227330415	0.09996415340832523	97.79556785068092	101.97247850161943	0.0023318484849609283	1.0001039366631475
2.0982597415404527	1.8963885517178463	0.06735448802837168	0.7616438227330415	0.09996415340832523	97.79556785068092	101.97247850161943	0.0023318484849609283	1.0001039366631475
2.0982597415404527	1.8963885517178463	0.06735448802837168	0.7616438227330415	0.09996415340832523	97.79556785068092	101.97247850161943	0.0023318484849609283	1.0001039366631475
2.0982597415404527	1.8963885517178463	0.06735448802837168	0.7616438227330415	0.09996415340832523	97.79556785068092	101.97247850161943	0.0023318484849609283	1.0001039366631475
2.099357415261669	1.8963885517178463	0.06735448802837168	0.7616438227330415	0.09996415340832523	97.79556785068092	101.97247850161943	0.0023318484849609283	1.0001039366631475
2.099357415261669	1.8963885517178463	0.06735448802837168	0.7616438227330415	0.09996370030076862	97.79556785068092	101.97247850161943	0.0023318484849609283	1.0001039366631475
2.099357415261669	1.8963885517178463	0.06735448802837168	0.7616530850925477	0.09996370030076862	97.79556785068092	101.97247850161943	0.0023318484849609283	1.0001039366631475
2.099357415261669	1.8963885517178463	0.06735448802837168	0.7616530850925477	0.09996370030076862	97.79556785068092	101.97247850161943	0.002331250996677394	1.0001039366631475
2.099357415261669	1.8969932528051268	0.06735448802837168	0.7616530850925477	0.09996370030076862	97.79556785068092	101.97247850161943	0.002331250996677394	1.0001039366631475
2.099357415261669	1.8969932528051268	0.06735448802837168	0.7616530850925477	0.09996370030076862	97.79556785068092	101.97247850161943	0.002331250996677394	1.0001039366631475
2.099357415261669	1.8969932528051268	0.06735448802837168	0.7616530850925477	0.09996370030076862	97.79556785068092	102.01408456742789	0.002331250996677394	1.0001039366631475
2.099357415261669	1.8969932528051268	0.06735448802837168	0.7616530850925477	0.09996370030076862	97.79556785068092	102.01408456742789	0.0023313802759922855	1.0001039366631475
2.099357415261669	1.8969932528051268	0.06735448802837168	0.7616530850925477	0.09996370030076862	97.79556785068092	102.01513021504951	0.0023313802759922855	1.0001039366631475
2.099357415261669	1.8969932528051268	0.06735448802837168	0.7616530850925477	0.09996370030076862	97.79556785068092	102.01513021504951	0.0023313802759922855	1.0001039366631475
2.099357415261669	1.8969932528051268	0.06735448802837168	0.7616530850925477	0.09996370030076862	97.79556785068092	102.01513021504951	0.002373351282101386	1.0001039366631475
2.099357415261669	1.8969932528051268	0.06735448802837168	0.7616530850925477	0.09996370030076862	97.79556785068092	102.01513021504951	0.002373351282101386	1.0001039366631475
2.099357415261669	1.8969932528051268	0.06735448802837168	0.7616530850925477	0.09996370030076862	97.79556785068092	102.01513021504951	0.002373351282101386	1.0001039366631475
2.099357415261669	1.8969932528051268	0.06735448802837168	0.7616530850925477	0.09996370030076862	97.79556785068092	102.09028068602308	0.002373351282101386	1.0001039366631475
2.099357415261669	1.8969932528051268	0.06735448802837168	0.7616530850925477	0.09996370030076862	97.79556785068092	102.09028068602308	0.002373351282101386	1.0001039366631475
2.099357415261669	1.8969932528051268	0.06735448802837168	0.7616530850925477	0.09996370030076862	97.79556785068092	102.09028068602308	0.002373351282101386	1.0001039366631475
2.099180824203616	1.8969932528051268	0.06735448802837168	0.7616530850925477	0.09996370030076862	97.79556785068092	102.09028068602308	0.002373351282101386	1.0001039366631475
2.099180824203616	1.8969932528051268	0.06735448802837168	0.7616530850925477	0.09991562592789364	97.79556785068092	102.09028068602308	0.002373351282101386	1.0001039366631475
2.099180824203616	1.8969932528051268	0.06735448802837168	0.7616530850925477	0.09988996785778947	97.79556785068092	102.09028068602308	0.002373351282101386	1.0001039366631475
2.099180824203616	1.8969932528051268	0.06735448802837168	0.7616530850925477	0.09988996785778947	97.79556785068092	105.77846111674545	0.002373351282101386	1.0001039366631475
2.099180824203616	1.8969932528051268	0.06735750962377166	0.7616530850925477	0.09988996785778947	97.79556785068092	105.77846111674545	0.002373351282101386	1.0001039366631475
2.099180824203616	1.8968223505010375	0.06735750962377166	0.7616530850925477	0.09988996785778947	97.79556785068092	105.77846111674545	0.002373351282101386	1.0001039366631475
2.099180824203616	1.8968223505010375	0.06735750962377166	0.7616530850925477	0.09988996785778947	97.79556785068092	106.57098383149504	0.002373351282101386	1.0001039366631475
2.099180824203616	1.8968223505010375	0.06735750962377166	0.7616530850925477	0.09988996785778947	97.79556785068092	106.57098383149504	0.002373351282101386	1.0001039366631475
2.099180824203616	1.8968223505010375	0.06735750962377166	0.7616530850925477	0.09988996785778947	97.79556785068092	106.57098383149504	0.002373351282101386	1.0001039366631475
2.099180824203616	1.8968223505010375	0.06735750962377166	0.7616530850925477	0.10062035788488231	97.79556785068092	106.57098383149504	0.002373351282101386	1.0001039366631475
2.099180824203616	1.8968223505010375	0.06733852431107533	0.7616530850925477	0.10062035788488231	97.79556785068092	106.57098383149504	0.002373351282101386	1.0001039366631475
2.099180824203616	1.8968223505010375	0.06733852431107533	0.7616530850925477	0.10062035788488231	97.79556785068092	106.57098383149504	0.002373351282101386	1.0001039366631475
2.099180824203616	1.8968223505010375	0.06733852431107533	0.7616530850925477	0.10062035788488231	97.79556785068092	106.57098383149504	0.002373351282101386	1.0001039366631475
2.099180824203616	1.8968223505010375	0.06733852431107533	0.7616530850925477	0.10062035788488231	97.82124511305635	106.57098383149504	0.002373351282101386	1.0001039366631475
2.099180824203616	1.8968223505010375	0.06733852431107533	0.7616530850925477	0.10062035788488231	97.82124511305635	106.57098383149504	0.002373351282101386	1.0001039366631475
2.099180824203616	1.8968223505010375	0.06733852431107533	0.7616530850925477	0.10062035788488231	97.82124511305635	106.57098383149504	0.002373351282101386	1.0001039366631475
2.099180824203616	1.8968223505010375	0.06733852431107533	0.7616530850925477	0.10062035788488231	97.82124511305635	106.57098383149504	0.002373351282101386	1.0001039366631475
2.099180824203616	1.8968223505010375	0.06733852431107533	0.7616530850925477	0.10062035788488231	97.82140805660958	106.57098383149504	0.002373351282101386	1.0001039366631475
2.099180824203616	1.8968223505010375	0.06733852431107533	0.7616530850925477	0.10062035788488231	97.82140805660958	106.5563287624257	0.002373351282101386	1.0001039366631475
2.098736680293067	1.8968223505010375	0.06733852431107533	0.7616530850925477	0.10062035788488231	97.82140805660958	106.5563287624257	0.002373351282101386	1.0001039366631475
2.098736680293067	1.8968223505010375	0.06733852431107533	0.7616530850925477	0.10062035788488231	97.82140805660958	107.8984687180114	0.002373351282101386	1.0001039366631475
2.098736680293067	1.896820552546148	0.06733852431107533	0.7616530850925477	0.10062035788488231	97.82140805660958	107.8984687180114	0.002373351282101386	1.0001039366631475
2.098736680293067	1.896820552546148	0.06733852431107533	0.7616530850925477	0.10062035788488231	97.82140805660958	107.89856673282162	0.002373351282101386	1.0001039366631475
2.098736680293067	1.896820552546148	0.06733852431107533	0.7616530850925477	0.10062035788488231	97.82140805660958	107.89856673282162	0.002373351282101386	1.0001039366631475
2.098736680293067	1.896820552546148	0.06733852431107533	0.7616530850925477	0.10062035788488231	97.82140805660958	107.89856673282162	0.002373351282101386	1.0001039366631475
2.098736680293067	1.896820552546148	0.06733852431107533	0.7616530850925477	0.10062035788488231	97.82140805660958	107.89856673282162	0.0023733072116964046	1.0001039366631475
2.098736680293067	1.896820552546148	0.06733852431107533	0.7616530850925477	0.10062035788488231	97.82140805660958	107.89856673282162	0.0023733072116964046	1.0001039366631475
2.098735268551185	1.896820552546148	0.06733852431107533	0.7616530850925477	0.10062035788488231	97.82140805660958	107.89856673282162	0.0023733072116964046	1.0001039366631475
2.098735268551185	1.896820552546148	0.06733852431107533	0.7616530850925477	0.10062035788488231	97.82140805660958	107.8792725572347	0.0023733072116964046	1.0001039366631475
2.098735268551185	1.896820552546148	0.06733852431107533	0.7616530850925477	0.10062035788488231	97.82140805660958	107.8792725572347	0.0023742554849491915	1.0001039366631475
2.098735268551185	1.896820552546148	0.06733852431107533	0.7616530850925477	0.10062035788488231	97.82140805660958	107.8792725572347	0.0023742554849491915	1.0001039366631475
2.098720169173949	1.896820552546148	0.06733852431107533	0.7616530850925477	0.10062035788488231	97.82140805660958	107.8792725572347	0.0023742554849491915	1.0001039366631475
2.098720169173949	1.8968168107790084	0.06733852431107533	0.7616530850925477	0.10062035788488231	97.82140805660958	107.8792725572347	0.0023742554849491915	1.0001039366631475
2.098720169173949	1.8968168107790084	0.06733852431107533	0.7616530850925477	0.10063276073022452	97.82140805660958	107.8792725572347	0.0023742554849491915	1.0001039366631475
2.0987725256258973	1.8968168107790084	0.06733852431107533	0.7616530850925477	0.10063276073022452	97.82140805660958	107.8792725572347	0.0023742554849491915	1.0001039366631475
2.0987725256258973	1.8968168107790084	0.06733852431107533	0.7616530850925477	0.10063276073022452	97.82140805660958	107.87827540829834	0.0023742554849491915	1.0001039366631475
2.0987725256258973	1.8968168107790084	0.06733852431107533	0.7616530850925477	0.10063276073022452	97.82140805660958	107.87827540829834	0.0023742554849491915	1.0001039366631475
2.0987725256258973	1.8968168107790084	0.06733852431107533	0.7616530850925477	0.10063276073022452	97.82140805660958	107.87827540829834	0.0023742554849491915	1.0001039366631475
2.0987725256258973	1.8968168107790084	0.06733852431107533	0.7616530850925477	0.10063276073022452	97.82140805660958	107.87827540829834	0.002362691569723928	1.0001039366631475
2.0987725256258973	1.8968168107790084	0.06735346453867785	0.7616530850925477	0.10063276073022452	97.82140805660958	107.87827540829834	0.002362691569723928	1.0001039366631475
2.0987725256258973	1.8968168107790084	0.06735346453867785	0.7616530850925477	0.10063276073022452	97.82140805660958	107.87827540829834	0.002362691569723928	1.0001039366631475
2.0987725256258973	1.8968168107790084	0.06735346453867785	0.7616530850925477	0.10063276073022452	97.82140805660958	107.87827540829834	0.002362691569723928	1.0001039366631475
2.0987725256258973	1.8968168107790084	0.06735346453867785	0.7616530850925477	0.10063276073022452	97.82140805660958	107.87827540829834	0.002362691569723928	1.0001039366631475
2.0987725256258973	1.8968168107790084	0.06735346453867785	0.7616530850925477	0.10051503185387807	97.82140805660958	107.87827540829834	0.002362691569723928	1.0001039366631475
2.0987725256258973	1.8968168107790084	0.06735346453867785	0.7616530850925477	0.10051503185387807	97.82140805660958	107.87827540829834	0.002362691569723928	1.0001039366631475
2.0987725256258973	1.8968168107790084	0.06735346453867785	0.7616530850925477	0.10045667279695099	97.82140805660958	107.87827540829834	0.002362691569723928	1.0001039366631475
2.0987725256258973	1.8968168107790084	0.06735346453867785	0.7616530850925477	0.10045667279695099	97.82140805660958	107.87827540829834	0.002362691569723928	1.000103910929553
2.0987725256258973	1.8968168107790084	0.06735346453867785	0.7616530850925477	0.10052934921622715	97.82140805660958	107.87827540829834	0.002362691569723928	1.000103910929553
2.0987725256258973	1.8968168107790084	0.06735346453867785	0.7616530850925477	0.10052934921622715	97.82140805660958	107.87827540829834	0.002362691569723928	1.000103910929553
2.0987725256258973	1.8968168107790084	0.06735346453867785	0.7616530850925477	0.10052934921622715	97.82140805660958	107.87827540829834	0.002362691569723928	1.0001044992697308
2.0987725256258973	1.8968168107790084	0.06735346453867785	0.7616530850925477	0.10052934921622715	97.82140805660958	107.87827540829834	0.002362691569723928	1.0001044992697308
2.0987725256258973	1.8968168107790084	0.06735346453867785	0.761712283434171	0.10052934921622715	97.82140805660958	107.87827540829834	0.002362691569723928	1.0001044992697308
2.0987725256258973	1.8968168107790084	0.06735346453867785	0.761712283434171	0.10052934921622715	97.82140805660958	107.87827540829834	0.002358233289140627	1.0001044992697308
2.0987725256258973	1.8968168107790084	0.06735346453867785	0.761712283434171	0.10052934921622715	97.82140805660958	107.87827540829834	0.002358233289140627	1.0001044992697308
2.0987725256258973	1.8968168107790084	0.06735346453867785	0.761712283434171	0.10052934921622715	97.82140805660958	107.87827540829834	0.002358233289140627	1.0001035150071438
2.0987725256258973	1.8968168107790084	0.06735346453867785	0.761712283434171	0.10052934921622715	97.82140805660958	107.87827540829834	0.0023596521988310352	1.0001035150071438
2.0987725256258973	1.8968168107790084	0.06735346453867785	0.761712283434171	0.10052934921622715	97.82140805660958	107.87827540829834	0.0023596521988310352	1.0001035150071438
2.0987725256258973	1.8968168107790084	0.06735346453867785	0.761712283434171	0.10052934921622715	97.82140805660958	107.87827540829834	0.0023596521988310352	1.0001035150071438
2.0987725256258973	1.8968168107790084	0.06735346453867785	0.761712283434171	0.10052934921622715	97.82140805660958	107.87827540829834	0.0023596521988310352	1.0001035470408166
2.0987725256258973	1.8968168107790084	0.06735346453867785	0.761712283434171	0.10052934921622715	97.8484839056335	107.87827540829834	0.0023596521988310352	1.0001035470408166
2.0987725256258973	1.8968168107790084	0.06735457451081224	0.761712283434171	0.10052934921622715	97.8484839056335	107.87827540829834	0.0023596521988310352	1.0001035470408166
2.0987725256258973	1.8968168107790084	0.06735457451081224	0.761712283434171	0.10052934921622715	97.8484839056335	107.87827540829834	0.0023596521988310352	1.0001035470408166
2.0987725256258973	1.8968168107790084	0.06735457451081224	0.761712283434171	0.10052934921622715	97.82680453754591	107.87827540829834	0.0023596521988310352	1.0001035470408166
2.0987725256258973	1.8966474534481887	0.06735457451081224	0.761712283434171	0.10052934921622715	97.82680453754591	107.87827540829834	0.0023596521988310352	1.0001035470408166
2.0987725256258973	1.8966477010175726	0.06735457451081224	0.761712283434171	0.10052934921622715	97.82680453754591	107.87827540829834	0.0023596521988310352	1.0001035470408166
2.0987725256258973	1.8966480498303795	0.06735457451081224	0.761712283434171	0.10052934921622715	97.82680453754591	107.87827540829834	0.0023596521988310352	1.0001035470408166
2.0987725256258973	1.8966480498303795	0.06735457451081224	0.761712283434171	0.10052934921622715	97.82680453754591	107.7868275496742	0.0023596521988310352	1.0001035470408166
2.0987725256258973	1.8966480498303795	0.06735457451081224	0.761712283434171	0.10052934921622715	97.82680453754591	107.7868275496742	0.0023596521988310352	1.0001035470408166
2.0987725256258973	1.8966480498303795	0.06735457451081224	0.761712283434171	0.10052934921622715	97.82680453754591	107.7868275496742	0.0023596521988310352	1.0001035470408166
2.0987725256258973	1.8966480498303795	0.06735457451081224	0.761712283434171	0.10052934921622715	97.82680453754591	107.7868275496742	0.0023596521988310352	1.0001035470408166
2.0987725256258973	1.8966480498303795	0.06735457451081224	0.761712283434171	0.1005311235309133	97.82680453754591	107.7868275496742	0.0023596521988310352	1.0001035470408166
2.0987725256258973	1.8966480498303795	0.06735450286141473	0.761712283434171	0.1005311235309133	97.82680453754591	107.7868275496742	0.0023596521988310352	1.0001035470408166
2.0988019935259916	1.8966480498303795	0.06735450286141473	0.761712283434171	0.1005311235309133	97.82680453754591	107.7868275496742	0.0023596521988310352	1.0001035470408166
2.0988839509976045	1.8966480498303795	0.06735450286141473	0.761712283434171	0.1005311235309133	97.82680453754591	107.7868275496742	0.0023596521988310352	1.0001035470408166
2.09855581647998	1.8966480498303795	0.06735450286141473	0.761712283434171	0.1005311235309133	97.82680453754591	107.7868275496742	0.0023596521988310352	1.0001035470408166
2.09855581647998	1.8966480498303795	0.06735450286141473	0.7616930292047092	0.1005311235309133	97.82680453754591	107.7868275496742	0.0023596521988310352	1.0001035470408166
2.09855581647998	1.8966480498303795	0.06735450286141473	0.7616930292047092	0.1005311235309133	97.82680453754591	107.7868275496742	0.0023596521988310352	1.0001035470408166
2.09855581647998	1.8956159013372547	0.06735450286141473	0.7616930292047092	0.1005311235309133	97.82680453754591	107.7868275496742	0.0023596521988310352	1.0001035470408166
2.0985166755386206	1.8956159013372547	0.06735450286141473	0.7616930292047092	0.1005311235309133	97.82680453754591	107.7868275496742	0.0023596521988310352	1.0001035470408166
2.0985166755386206	1.8956159013372547	0.06735450286141473	0.7616930292047092	0.1005311235309133	97.82680453754591	107.70959344069676	0.0023596521988310352	1.0001035470408166
2.0985166755386206	1.8956159013372547	0.06735450286141473	0.7616930292047092	0.1005311235309133	97.82631736145625	107.70959344069676	0.0023596521988310352	1.0001035470408166
2.0985166755386206	1.8956159013372547	0.06735450286141473	0.7616930292047092	0.1005311235309133	97.82631736145625	108.67446561092417	0.0023596521988310352	1.0001035470408166
2.0985166755386206	1.8956159013372547	0.06735450286141473	0.7616930292047092	0.1005318935232938	97.82631736145625	108.67446561092417	0.0023596521988310352	1.0001035470408166
2.0985166755386206	1.8956159013372547	0.06735450286141473	0.7616930292047092	0.1005318935232938	97.82631736145625	108.67446561092417	0.0023596521988310352	1.0001035470408166
2.0985166755386206	1.8956159013372547	0.06735450286141473	0.7616930292047092	0.1005318935232938	97.82631736145625	108.67446561092417	0.0023596521988310352	1.0001035470408166
2.0985166755386206	1.8956159013372547	0.06735450286141473	0.7616930292047092	0.1005318935232938	97.82631736145625	108.67446561092417	0.0023596521988310352	1.0001035470408166
2.0985166755386206	1.8956159013372547	0.06735450286141473	0.7616930292047092	0.1005318935232938	97.82631736145625	108.67446561092417	0.0023596521988310352	1.0001035470408166
2.0985166755386206	1.8956159013372547	0.06735450286141473	0.7616930292047092	0.1005318935232938	97.82631736145625	108.67446561092417	0.0023596521988310352	1.0001035470408166
2.0985166755386206	1.8956159013372547	0.06735450286141473	0.7616930292047092	0.1005318935232938	97.82631736145625	108.67283431027187	0.0023596521988310352	1.0001035470408166
2.0985166755386206	1.8956159013372547	0.06735450286141473	0.7616930292047092	0.1005318935232938	97.82631736145625	108.67283431027187	0.0023596521988310352	1.0001035470408166
2.0985166755386206	1.8956159013372547	0.06735450286141473	0.7616930292047092	0.1005318935232938	97.82631736145625	108.67283431027187	0.0023596521988310352	1.0001035470408166
2.0985166755386206	1.8956159013372547	0.06735450286141473	0.7616930292047092	0.1005318935232938	97.82631736145625	108.67283431027187	0.002361895390912968	1.0001035470408166
2.0985166755386206	1.8956159013372547	0.06735450286141473	0.7616930292047092	0.1005318935232938	97.82631736145625	108.67283431027187	0.002361895390912968	1.0001035470408166
2.0985166755386206	1.8956159013372547	0.06735558253459266	0.7616930292047092	0.1005318935232938	97.82631736145625	108.67283431027187	0.002361895390912968	1.0001035470408166
2.0985166755386206	1.8956159013372547	0.06735558253459266	0.7616930292047092	0.1005318935232938	97.82631736145625	108.67283431027187	0.002361895390912968	1.0001035470408166
2.0985166755386206	1.8956157518927814	0.06735558253459266	0.7616930292047092	0.1005318935232938	97.82631736145625	108.67283431027187	0.002361895390912968	1.0001035470408166
2.0985166755386206	1.8956157518927814	0.06735558253459266	0.7616930292047092	0.1005318935232938	97.82631736145625	108.67283431027187	0.002361895390912968	1.0001035470408166
2.0985166755386206	1.8956157518927814	0.06735558253459266	0.7616930292047092	0.1005318935232938	97.82631736145625	108.67283431027187	0.002361895390912968	1.0001035470408166
2.0985166755386206	1.8956157518927814	0.06735558253459266	0.7616930292047092	0.1005318935232938	97.82631736145625	108.67283431027187	0.0022771893461382316	1.0001035470408166
2.0985166755386206	1.8956157518927814	0.06735558253459266	0.7616930292047092	0.1005318935232938	97.82631736145625	108.66862843056174	0.0022771893461382316	1.0001035470408166
2.0985166755386206	1.8956157518927814	0.06735558253459266	0.7616930292047092	0.1005318935232938	97.82631736145625	108.66862843056174	0.0022771893461382316	1.0001035470408166
2.0985166755386206	1.8956157518927814	0.06735558253459266	0.7616930292047092	0.1005315395554052	97.82631736145625	108.66862843056174	0.0022771893461382316	1.0001035470408166
2.0985166755386206	1.8953717256576188	0.06735558253459266	0.7616930292047092	0.1005315395554052	97.82631736145625	108.66862843056174	0.0022771893461382316	1.0001035470408166
2.0985166755386206	1.8953717256576188	0.06735558253459266	0.7616930292047092	0.1005315395554052	97.82631736145625	108.66862843056174	0.0022771893461382316	1.0001035470408166
2.0985166755386206	1.8953656549056572	0.06735558253459266	0.7616930292047092	0.1005315395554052	97.82631736145625	108.66862843056174	0.0022771893461382316	1.0001035470408166
2.0985166755386206	1.8953656549056572	0.06735558253459266	0.7616930292047092	0.1005315395554052	97.82631736145625	108.66862843056174	0.0022771893461382316	1.0001035470408166
2.0985166755386206	1.8953656549056572	0.06735558253459266	0.7616930292047092	0.1005315395554052	97.82631736145625	108.90646869803584	0.0022771893461382316	1.0001035470408166
2.0985166755386206	1.8953656549056572	0.06735558253459266	0.7616930292047092	0.1005315395554052	97.82631736145625	108.90646869803584	0.0022771893461382316	1.0001032531571616
2.0985166755386206	1.8953656549056572	0.06735558253459266	0.7616930292047092	0.1005315395554052	97.82631736145625	108.90646869803584	0.0022771893461382316	1.0001032531571616
2.0985166755386206	1.8953656549056572	0.06735558253459266	0.7616930292047092	0.10053124409891037	97.82631736145625	108.90646869803584	0.0022771893461382316	1.0001032531571616
2.0985167167472007	1.8953656549056572	0.06735558253459266	0.7616930292047092	0.10053124409891037	97.82631736145625	108.90646869803584	0.0022771893461382316	1.0001032531571616
2.0985167167472007	1.8953656549056572	0.06735558253459266	0.7616930292047092	0.10053124409891037	97.82631736145625	108.90646869803584	0.0022771893461382316	1.0001032531571616
2.0985167167472007	1.8953656549056572	0.06735558253459266	0.7616930292047092	0.10053124409891037	97.82619626837337	108.90646869803584	0.0022771893461382316	1.0001032531571616
2.0985167167472007	1.8953656549056572	0.06735558253459266	0.7616930292047092	0.10053124409891037	97.82619626837337	108.90646869803584	0.0022771893461382316	1.0001032531571616
2.0985167167472007	1.8953656549056572	0.06735558253459266	0.7616930292047092	0.10053124409891037	97.82619626837337	108.90646869803584	0.0022771893461382316	1.0001114000353426
2.0985167167472007	1.8953656549056572	0.06735558253459266	0.7616873988294336	0.10053124409891037	97.82619626837337	108.90646869803584	0.0022771893461382316	1.0001114000353426
2.0985167167472007	1.8953656549056572	0.06735558253459266	0.7616873988294336	0.10053124409891037	97.82619626837337	108.90646869803584	0.0022771893461382316	1.0001114000353426
2.0985167167472007	1.8953656549056572	0.06735558253459266	0.7616873988294336	0.10053124409891037	97.82619626837337	108.90646869803584	0.0022779886321165283	1.0001114000353426
2.0985167167472007	1.8953656549056572	0.06735558253459266	0.7616873988294336	0.10053124409891037	97.82619626837337	108.90646869803584	0.0022779886321165283	1.0001114000353426
2.0985167167472007	1.8953656549056572	0.06735558253459266	0.7616657428563525	0.10053124409891037	97.82619626837337	108.90646869803584	0.0022779886321165283	1.0001114000353426
2.0985167167472007	1.8953656549056572	0.06735558253459266	0.7616657428563525	0.10053124409891037	97.82619626837337	108.90646869803584	0.0022779886321165283	1.0001114000353426
2.0985167167472007	1.8953656549056572	0.06735558253459266	0.7616657428563525	0.10053124409891037	97.82619626837337	108.90646869803584	0.0022779886321165283	1.0001114000353426
2.0985167167472007	1.8953656549056572	0.06735558253459266	0.7616657428563525	0.10053124409891037	97.82619626837337	108.90646869803584	0.0022779886321165283	1.0001114000353426
2.0985167167472007	1.8953656549056572	0.06735558253459266	0.7616657428563525	0.10053124409891037	97.82619626837337	108.90646869803584	0.0022779886321165283	1.0001114000353426
2.0985167167472007	1.8953656549056572	0.06735558253459266	0.7616657428563525	0.10053124409891037	97.82619626837337	108.90646869803584	0.002085927095255061	1.0001114000353426
2.0985167167472007	1.8953656549056572	0.06735558253459266	0.7616657428563525	0.10053124409891037	97.82619626837337	108.90646869803584	0.002085927095255061	1.0001114000353426
2.0985167167472007	1.8930112762213116	0.06735558253459266	0.7616657428563525	0.10053124409891037	97.82619626837337	108.90646869803584	0.002085927095255061	1.0001114000353426
2.0985167167472007	1.8930112762213116	0.06735558253459266	0.7616657428563525	0.10053124409891037	97.81870617423148	108.90646869803584	0.002085927095255061	1.0001114000353426
2.0985167167472007	1.8930112762213116	0.06735558253459266	0.7616657428563525	0.10053124409891037	97.81870617423148	108.90646869803584	0.002085927095255061	1.0001114000353426
2.0985167167472007	1.8930112762213116	0.06735558253459266	0.7616657428563525	0.10053124409891037	97.81870617423148	108.90646869803584	0.002085927095255061	1.0001114000353426
2.0985167167472007	1.8930112762213116	0.06735558253459266	0.7616657428563525	0.10053124409891037	97.81870617423148	108.90646869803584	0.002085927095255061	1.0001114000353426
2.0985167167472007	1.8930112762213116	0.06735558253459266	0.7616657428563525	0.10053124409891037	97.8189904132969	108.90646869803584	0.002085927095255061	1.0001114000353426
2.0985167167472007	1.8930112762213116	0.06735558253459266	0.7616657428563525	0.10053124409891037	97.8189904132969	108.90646869803584	0.002085927095255061	1.0001114000353426
2.0985167167472007	1.8930112762213116	0.06758049194704044	0.7616657428563525	0.10053124409891037	97.8189904132969	108.90646869803584	0.002085927095255061	1.0001114000353426
2.0985167167472007	1.8930112762213116	0.06758049194704044	0.7617385517142462	0.10053124409891037	97.8189904132969	108.90646869803584	0.002085927095255061	1.0001114000353426
2.097669284154744	1.8930112762213116	0.06758049194704044	0.7617385517142462	0.10053124409891037	97.8189904132969	108.90646869803584	0.002085927095255061	1.0001114000353426
2.097669284154744	1.8930891449000211	0.06758049194704044	0.7617385517142462	0.10053124409891037	97.8189904132969	108.90646869803584	0.002085927095255061	1.0001114000353426
2.097669284154744	1.8930891449000211	0.06758049194704044	0.7617385517142462	0.10053124409891037	97.8189904132969	108.90646869803584	0.0020863391888488363	1.0001114000353426
2.097669284154744	1.8930891449000211	0.06758049194704044	0.7619884997620069	0.10053124409891037	97.8189904132969	108.90646869803584	0.0020863391888488363	1.0001114000353426
2.097669284154744	1.8930891449000211	0.06758049194704044	0.7619884997620069	0.10053124409891037	97.8189904132969	108.90646869803584	0.0020863391888488363	1.0001130355680372
2.097669284154744	1.8930891449000211	0.06758049194704044	0.7619884997620069	0.10053124409891037	97.8189904132969	108.90646869803584	0.0020863391888488363	1.0001130355680372
2.097669284154744	1.8930891449000211	0.06758049194704044	0.7619884997620069	0.10053124409891037	97.8189904132969	108.90646869803584	0.0020863391888488363	1.0001130355680372
2.097669284154744	1.8930891449000211	0.06758049194704044	0.7619884997620069	0.10053124409891037	97.8189904132969	108.90646869803584	0.0020863391888488363	1.0001130355680372
2.097669284154744	1.8930891449000211	0.06758049194704044	0.7619884997620069	0.10053124409891037	97.8189904132969	108.90646869803584	0.0020863391888488363	1.0001130355680372
2.097669284154744	1.8930891449000211	0.06758049194704044	0.7619884997620069	0.10053124409891037	97.8189904132969	103.2913676373446	0.0020863391888488363	1.0001130355680372
2.097669284154744	1.8930891449000211	0.06758219269212609	0.7619884997620069	0.10053124409891037	97.8189904132969	103.2913676373446	0.0020863391888488363	1.0001130355680372
2.097669284154744	1.8930891449000211	0.06758219269212609	0.7619884997620069	0.10053124409891037	97.8189904132969	103.2913676373446	0.0020863391888488363	1.0001130355680372
2.097669284154744	1.8930891449000211	0.06758219269212609	0.7619884997620069	0.10053124409891037	97.8189904132969	103.2913676373446	0.0020863391888488363	1.0001130355680372
2.097669284154744	1.8930891449000211	0.06758219269212609	0.7619884997620069	0.10053050158563498	97.8189904132969	103.2913676373446	0.0020863391888488363	1.0001130355680372
2.0976710789153756	1.8930891449000211	0.06758219269212609	0.7619884997620069	0.10053050158563498	97.8189904132969	103.2913676373446	0.0020863391888488363	1.0001130355680372
2.0976710789153756	1.8930891449000211	0.06758219269212609	0.7619884997620069	0.10053050158563498	97.8189904132969	112.38154678343362	0.0020863391888488363	1.0001130355680372
2.0976710789153756	1.8930891449000211	0.06758219269212609	0.7619884997620069	0.10053050158563498	97.8189904132969	112.38154678343362	0.0020863391888488363	1.0001130355680372
2.0976710789153756	1.8930891449000211	0.06758219269212609	0.7619884997620069	0.10053050158563498	97.8189904132969	112.38154678343362	0.0020863391888488363	1.0001130355680372
2.0976710789153756	1.8930891449000211	0.06758219269212609	0.7619884997620069	0.10053044981936902	97.8189904132969	112.38154678343362	0.0020863391888488363	1.0001130355680372
2.0976710789153756	1.8930891449000211	0.06749615091916292	0.7619884997620069	0.10053044981936902	97.8189904132969	112.38154678343362	0.0020863391888488363	1.0001130355680372
2.0976710789153756	1.8930891449000211	0.06749615091916292	0.7619884997620069	0.10053044981936902	97.8189904132969	112.38154678343362	0.0020863391888488363	1.0001130355680372
2.0976710789153756	1.8930891449000211	0.06749615091916292	0.7619884997620069	0.10053044981936902	97.8189904132969	112.38154678343362	0.0020863391888488363	1.0001130355680372
2.0976710789153756	1.8930324040677986	0.06749615091916292	0.7619884997620069	0.10053044981936902	97.8189904132969	112.38154678343362	0.0020863391888488363	1.0001130355680372
2.0976710789153756	1.8930324040677986	0.06749615091916292	0.7619884997620069	0.10053044981936902	97.8189904132969	112.37530163260413	0.0020863391888488363	1.0001130355680372
2.0976710789153756	1.8930324040677986	0.06749615091916292	0.7619884997620069	0.10053044981936902	97.8189904132969	112.37530163260413	0.0020863391888488363	1.0001139272951827
2.0976710789153756	1.8930324040677986	0.06749615091916292	0.7619884997620069	0.10053044981936902	97.8189904132969	112.37530163260413	0.0020863391888488363	1.0001139272951827
2.0976710789153756	1.8930324040677986	0.06749615091916292	0.7619884997620069	0.10053044981936902	97.8189904132969	112.28887892197103	0.0020863391888488363	1.0001139272951827
2.0976710789153756	1.8930324040677986	0.06749615091916292	0.7619884997620069	0.10053044981936902	97.8189904132969	112.28887892197103	0.0020863391888488363	1.0001139272951827
2.0976710789153756	1.8930324040677986	0.06749615091916292	0.7619884997620069	0.10053138071643274	97.8189904132969	112.28887892197103	0.0020863391888488363	1.0001139272951827
2.0976710789153756	1.8930324040677986	0.06749615091916292	0.7619884997620069	0.10053138071643274	97.8189904132969	112.28887892197103	0.0020990693782833264	1.0001139272951827
2.098137191373739	1.8930324040677986	0.06749615091916292	0.7619884997620069	0.10053138071643274	97.8189904132969	112.28887892197103	0.0020990693782833264	1.0001139272951827
2.098137191373739	1.8930324040677986	0.06749615091916292	0.7619884997620069	0.10054062580394173	97.8189904132969	112.28887892197103	0.0020990693782833264	1.0001139272951827
2.098137191373739	1.8930324040677986	0.06749615091916292	0.7619884997620069	0.10054062580394173	97.8189904132969	112.28887892197103	0.0020990693782833264	1.0001139272951827
2.098137191373739	1.8930324040677986	0.06749615091916292	0.7619884997620069	0.10054062580394173	97.8189904132969	112.28886709718127	0.0020990693782833264	1.0001139272951827
2.098137191373739	1.8930324040677986	0.06749615091916292	0.7619884997620069	0.10054062580394173	97.8189904132969	112.28886709718127	0.0020990693782833264	1.0001139272951827
2.098137191373739	1.89300509553709	0.06749615091916292	0.7619884997620069	0.10054062580394173	97.8189904132969	112.28886709718127	0.0020990693782833264	1.0001139272951827
2.098137191373739	1.89300509553709	0.06749615091916292	0.7619884997620069	0.10054062580394173	97.8189904132969	112.28886709718127	0.0020990693782833264	1.0001139272951827
2.098137191373739	1.89300509553709	0.06749615091916292	0.7619884997620069	0.10054062580394173	97.81848453245972	112.28886709718127	0.0020990693782833264	1.0001139272951827
2.098137191373739	1.89300509553709	0.06749615091916292	0.7619884997620069	0.10054062580394173	97.81848453245972	107.62173464242481	0.0020990693782833264	1.0001139272951827
2.098137191373739	1.89300509553709	0.06749615091916292	0.7619884997620069	0.10054062580394173	97.81848453245972	107.62389262401786	0.0020990693782833264	1.0001139272951827
2.098137191373739	1.89300509553709	0.06749615091916292	0.7619884997620069	0.10054062580394173	97.81848453245972	107.62389262401786	0.0020990693782833264	1.0001139272951827
2.098137191373739	1.89300509553709	0.06749615091916292	0.7619884997620069	0.10054062580394173	97.81848453245972	107.62389262401786	0.0020990693782833264	1.0001139272951827
2.09813770447063	1.89300509553709	0.06749615091916292	0.7619884997620069	0.10054062580394173	97.81848453245972	107.62389262401786	0.0020990693782833264	1.0001139272951827
2.09813770447063	1.89300509553709	0.06749615091916292	0.7619884997620069	0.10054062580394173	97.81848453245972	107.62389262401786	0.0020990693782833264	1.0001139272951827
2.09813770447063	1.89300509553709	0.06749615091916292	0.7619884997620069	0.10054062580394173	97.81848453245972	107.62389262401786	0.0020990693782833264	1.0001139272951827
2.09813770447063	1.89300509553709	0.06748741637615946	0.7619884997620069	0.10054062580394173	97.81848453245972	107.62389262401786	0.0020990693782833264	1.0001139272951827
2.09813770447063	1.89300509553709	0.06748741637615946	0.7619884997620069	0.10054062580394173	97.81848453245972	107.62389262401786	0.0020990693782833264	1.0001158288518828
2.09813770447063	1.89300509553709	0.06748741637615946	0.7619884997620069	0.10054062580394173	97.81848453245972	107.62389262401786	0.0020990693782833264	1.0001158288518828
2.09813770447063	1.89300509553709	0.06748741637615946	0.7619884997620069	0.10094244043165604	97.81848453245972	107.62389262401786	0.0020990693782833264	1.0001158288518828
2.09813770447063	1.89300509553709	0.06748741637615946	0.7619884997620069	0.10094495234877716	97.81848453245972	107.62389262401786	0.0020990693782833264	1.0001158288518828
2.098138788832321	1.89300509553709	0.06748741637615946	0.7619884997620069	0.10094495234877716	97.81848453245972	107.62389262401786	0.0020990693782833264	1.0001158288518828
2.098138788832321	1.89300509553709	0.06748741637615946	0.7619884997620069	0.10094495234877716	97.81848453245972	107.4772762117728	0.0020990693782833264	1.0001158288518828
2.098138788832321	1.89300509553709	0.06748741637615946	0.7619884997620069	0.10094495234877716	97.81848453245972	107.4772762117728	0.0020990693782833264	1.0001158288518828
2.098138788832321	1.89300509553709	0.06748741637615946	0.7619884997620069	0.10094495234877716	97.81848453245972	107.4772762117728	0.0020990693782833264	1.0001158288518828
2.098138788832321	1.89300509553709	0.06748741637615946	0.7619884997620069	0.10094495234877716	97.81848453245972	107.4772762117728	0.0020990693782833264	1.0001158288518828
2.098138788832321	1.89300509553709	0.06748741637615946	0.7619884997620069	0.10094495234877716	97.81488380902664	107.4772762117728	0.0020990693782833264	1.0001158288518828
2.098138788832321	1.89300509553709	0.06748741637615946	0.7619884997620069	0.10094495234877716	97.81488380902664	107.4772762117728	0.0020990693782833264	1.000115686202503
2.098138788832321	1.89300509553709	0.06748741637615946	0.7619884997620069	0.10094495234877716	97.81488380902664	107.4772762117728	0.0020990693782833264	1.000115686202503
2.098138788832321	1.89300509553709	0.06748741637615946	0.7619884997620069	0.10094495234877716	97.81488380902664	107.4772762117728	0.0020990693782833264	1.000115686202503
2.098138788832321	1.8930066262126843	0.06748741637615946	0.7619884997620069	0.10094495234877716	97.81488380902664	107.4772762117728	0.0020990693782833264	1.000115686202503
2.098138788832321	1.8930066262126843	0.06748741637615946	0.7619884997620069	0.10094495234877716	97.81488380902664	107.4772762117728	0.0020990693782833264	1.000115686202503
2.098138788832321	1.8930066262126843	0.06748741637615946	0.7619884997620069	0.10092594091921736	97.81488380902664	107.4772762117728	0.0020990693782833264	1.000115686202503
2.098138788832321	1.8930066262126843	0.06748741637615946	0.7619884997620069	0.10092594091921736	97.81488380902664	107.4772762117728	0.0020990693782833264	1.000115664671978
2.098138788832321	1.8930066262126843	0.06749267077637	0.7619884997620069	0.10092594091921736	97.81488380902664	107.4772762117728	0.0020990693782833264	1.000115664671978
2.098138788832321	1.8930066262126843	0.06749267077637	0.7619884997620069	0.10092594091921736	97.81488380902664	107.4772762117728	0.0020990693782833264	1.000115664671978
2.098138788832321	1.8930066262126843	0.06749267077637	0.7619884997620069	0.10092594091921736	97.81488380902664	107.47663011571545	0.0020990693782833264	1.000115664671978
2.098135079098273	1.8930066262126843	0.06749267077637	0.7619884997620069	0.10092594091921736	97.81488380902664	107.47663011571545	0.0020990693782833264	1.000115664671978
2.098135079098273	1.8930066262126843	0.06749267077637	0.7619884997620069	0.10092594091921736	97.81488380902664	107.4714561622972	0.0020990693782833264	1.000115664671978
2.098135079098273	1.8930066262126843	0.06749267077637	0.7619884997620069	0.10092594091921736	97.81488380902664	107.48401551306459	0.0020990693782833264	1.000115664671978
2.098135079098273	1.8930066262126843	0.06749267077637	0.7619884997620069	0.10092594091921736	97.81488380902664	107.48401551306459	0.0020990693782833264	1.000115664671978
2.098135079098273	1.8930066262126843	0.06749267077637	0.7619884997620069	0.10092594091921736	97.81488380902664	107.48401551306459	0.0020990693782833264	1.000115664671978
2.098135079098273	1.8930066262126843	0.06749267077637	0.7619884997620069	0.10092594091921736	97.81488380902664	107.48401551306459	0.0020990693782833264	1.000115664671978
2.098135079098273	1.8930066262126843	0.06749267077637	0.7619884997620069	0.10092594091921736	97.81488380902664	107.48401551306459	0.0020990693782833264	1.000115664671978
2.098135079098273	1.8930066262126843	0.06749267077637	0.7619718895638481	0.10092594091921736	97.81488380902664	107.48401551306459	0.0020990693782833264	1.000115664671978
2.098135079098273	1.8930066262126843	0.06749267077637	0.7619718895638481	0.10092594091921736	97.81488380902664	107.48434684314404	0.0020990693782833264	1.000115664671978
2.098135079098273	1.8930066262126843	0.06749267077637	0.7619718895638481	0.10092594091921736	97.81488380902664	107.4971857162385	0.0020990693782833264	1.000115664671978
2.098135079098273	1.8930066262126843	0.06749267077637	0.7619718895638481	0.10092594091921736	97.81488380902664	107.4971857162385	0.0020990693782833264	1.0001194540592342
2.098135079098273	1.8930066262126843	0.06749267077637	0.7619718895638481	0.10092594091921736	97.81488380902664	107.4971857162385	0.0020990693782833264	1.0001194540592342
2.098135079098273	1.8931194403279488	0.06749267077637	0.7619718895638481	0.10092594091921736	97.81488380902664	107.4971857162385	0.0020990693782833264	1.0001194540592342
2.098135079098273	1.8931194403279488	0.06749267077637	0.7619718895638481	0.10092594091921736	97.81488380902664	107.497265163144	0.0020990693782833264	1.0001194540592342
2.098135079098273	1.8931194403279488	0.06749267077637	0.7619718895638481	0.10092594091921736	97.81488380902664	107.497265163144	0.0026124582968577725	1.0001194540592342
2.098135079098273	1.8931194403279488	0.06749267077637	0.7619718895638481	0.10092594091921736	97.81488380902664	107.497265163144	0.0026124582968577725	1.0001194540592342
2.098135079098273	1.8931194403279488	0.06749267077637	0.7619718895638481	0.10092594091921736	97.81488380902664	107.497265163144	0.002612616099078312	1.0001194540592342
2.098135079098273	1.8931194403279488	0.06749267077637	0.7619718895638481	0.10092594091921736	97.81488380902664	107.497265163144	0.00261260251646589	1.0001194540592342
2.098135079098273	1.8931194403279488	0.06749267077637	0.7619718895638481	0.10092594091921736	97.81488380902664	107.497265163144	0.00261260251646589	1.0001200021782755
2.098135079098273	1.8931194403279488	0.06749267077637	0.7619718895638481	0.10092594091921736	97.81488380902664	107.497265163144	0.00261260251646589	1.0001200021782755
2.098135079098273	1.8931194403279488	0.06749267077637	0.7619718895638481	0.10092594091921736	97.81488380902664	107.497265163144	0.00261260251646589	1.0001200021782755
2.098135079098273	1.8931194403279488	0.06749267077637	0.7619718895638481	0.10092594091921736	97.81488380902664	107.497265163144	0.00261260251646589	1.0001200021782755
2.098135079098273	1.8931194403279488	0.06749267077637	0.7619718895638481	0.10092594091921736	97.81488380902664	107.497265163144	0.00261260251646589	1.0001200021782755
2.098135079098273	1.8931194403279488	0.06749267077637	0.7619718895638481	0.10092594091921736	97.81488380902664	107.497265163144	0.00261260251646589	1.0001200021782755
2.098135079098273	1.8931194403279488	0.06749267077637	0.7619718895638481	0.10092594091921736	97.81488380902664	107.497265163144	0.00261260251646589	1.0001200021782755
2.098135079098273	1.8931194403279488	0.06749267077637	0.7619718895638481	0.10092594091921736	97.81488380902664	107.49662553512675	0.00261260251646589	1.0001200021782755
2.098135079098273	1.8931194403279488	0.06749267077637	0.7619718895638481	0.10092594091921736	97.81488380902664	107.49662553512675	0.00261260251646589	1.0001200021782755
2.0987154146344764	1.8931194403279488	0.06749267077637	0.7619718895638481	0.10092594091921736	97.81488380902664	107.49662553512675	0.00261260251646589	1.0001200021782755
2.0987154146344764	1.8931194403279488	0.06749267077637	0.7619718895638481	0.10092594091921736	97.81488380902664	107.11530968463526	0.00261260251646589	1.0001200021782755
2.0987154146344764	1.8931194403279488	0.06749267077637	0.7619718895638481	0.10092594091921736	97.81488380902664	107.11530968463526	0.00261260251646589	1.0001200021782755
2.0987154146344764	1.8931194403279488	0.06749267077637	0.7619718895638481	0.10092594091921736	97.81488380902664	107.11331941101888	0.00261260251646589	1.0001200021782755
2.0987463275442977	1.8931194403279488	0.06749267077637	0.7619718895638481	0.10092594091921736	97.81488380902664	107.11331941101888	0.00261260251646589	1.0001200021782755
2.0987463275442977	1.8931194403279488	0.06749267077637	0.7618906519718208	0.10092594091921736	97.81488380902664	107.11331941101888	0.00261260251646589	1.0001200021782755
2.0987463275442977	1.8931194403279488	0.06749267077637	0.7618906519718208	0.10092594091921736	97.81488380902664	107.11331941101888	0.0026126236811631273	1.0001200021782755
2.0987463275442977	1.8931194403279488	0.06749267077637	0.7618906519718208	0.10092594091921736	97.81488380902664	107.11331941101888	0.0026126236811631273	1.0001200021782755
2.0987463275442977	1.8931194403279488	0.06749267077637	0.7618906519718208	0.10092594091921736	97.81488380902664	107.11331941101888	0.0026126236811631273	1.0001219606233729
2.0987463275442977	1.8931194403279488	0.06749267077637	0.7618906519718208	0.10092594091921736	97.81488380902664	107.11331941101888	0.0026126236811631273	1.0001219606233729
2.0987463275442977	1.8931194403279488	0.06749267077637	0.7618906519718208	0.10092594091921736	97.81488380902664	107.11331941101888	0.0026126236811631273	1.0001219606233729
2.0987463275442977	1.8931194403279488	0.06749267077637	0.7618906519718208	0.10092594091921736	97.81488380902664	106.98467877686548	0.0026126236811631273	1.0001219606233729
2.0987463275442977	1.893227957820637	0.06749267077637	0.7618906519718208	0.10092594091921736	97.81488380902664	106.98467877686548	0.0026126236811631273	1.0001219606233729
2.0987463275442977	1.893227957820637	0.06749267077637	0.7619474223320649	0.10092594091921736	97.81488380902664	106.98467877686548	0.0026126236811631273	1.0001219606233729
2.0987463275442977	1.893227957820637	0.06749267077637	0.7619474223320649	0.10092594091921736	97.81488380902664	106.98467877686548	0.0026126236811631273	1.0001219606233729
2.0987463275442977	1.8949729958661383	0.06749267077637	0.7619474223320649	0.10092594091921736	97.81488380902664	106.98467877686548	0.0026126236811631273	1.0001219606233729
2.0987463275442977	1.8949729958661383	0.06749267077637	0.7619474223320649	0.10090940943705148	97.81488380902664	106.98467877686548	0.0026126236811631273	1.0001219606233729
2.0987463275442977	1.8949729958661383	0.06749267077637	0.7619474223320649	0.10091620449672548	97.81488380902664	106.98467877686548	0.0026126236811631273	1.0001219606233729
2.0987463275442977	1.8949729958661383	0.06749267077637	0.7619474223320649	0.10091620449672548	97.81488380902664	106.98467877686548	0.0026126236811631273	1.0001219606233729
2.0987463275442977	1.8949729958661383	0.06749267077637	0.7619474223320649	0.10091620449672548	97.81488380902664	106.98467877686548	0.0026126236811631273	1.0001219606233729
2.098748781854484	1.8949729958661383	0.06749267077637	0.7619474223320649	0.10091620449672548	97.81488380902664	106.98467877686548	0.0026126236811631273	1.0001219606233729
2.098748781854484	1.8949729958661383	0.06749267077637	0.7619474223320649	0.10091620449672548	97.81488380902664	106.98467877686548	0.0026126236811631273	1.0001219606233729
2.098748781854484	1.8949729958661383	0.06749267077637	0.7619474223320649	0.10091620449672548	97.81488380902664	106.98467877686548	0.0026126236811631273	1.000121938721813
2.098748781854484	1.8949729958661383	0.06749267077637	0.7619474223320649	0.10091620449672548	97.81488380902664	106.98467877686548	0.0026126236811631273	1.000121938721813
2.098748781854484	1.8949729958661383	0.06749267077637	0.7619474223320649	0.10091620449672548	97.81488380902664	106.98467877686548	0.0026126236811631273	1.000121938721813
2.098748781854484	1.8949729958661383	0.06749267077637	0.7619474223320649	0.10091620449672548	97.81488380902664	106.98467877686548	0.0026126236811631273	1.000121938721813
2.098748781854484	1.8949729958661383	0.06749267077637	0.7619474223320649	0.10091620449672548	97.81488380902664	106.98467877686548	0.0026126236811631273	1.000121938721813
2.098748781854484	1.8949729958661383	0.06749267077637	0.7619474223320649	0.10091730757543665	97.81488380902664	106.98467877686548	0.0026126236811631273	1.000121938721813
2.098748781854484	1.8949729958661383	0.06749267077637	0.7619513974666645	0.10091730757543665	97.81488380902664	106.98467877686548	0.0026126236811631273	1.000121938721813
2.098748781854484	1.8949729958661383	0.06749267077637	0.7619513974666645	0.10091730757543665	97.81488380902664	106.98467877686548	0.0026126236811631273	1.000121938721813
2.098748781854484	1.8944921856585826	0.06749267077637	0.7619513974666645	0.10091730757543665	97.81488380902664	106.98467877686548	0.0026126236811631273	1.000121938721813
2.098748781854484	1.8944921856585826	0.06749267077637	0.7619513974666645	0.10091730757543665	97.81524997193264	106.98467877686548	0.0026126236811631273	1.000121938721813
2.098748781854484	1.8944921856585826	0.06749267077637	0.7619513974666645	0.10091730757543665	97.81524997193264	106.98465749331986	0.0026126236811631273	1.000121938721813
2.098748781854484	1.8944921856585826	0.06749267077637	0.7619513974666645	0.10091730757543665	97.81524997193264	106.98465749331986	0.0026126236811631273	1.000121938721813
2.098748781854484	1.8944921856585826	0.06749267077637	0.7619513974666645	0.10091730757543665	97.8149222669232	106.98465749331986	0.0026126236811631273	1.000121938721813
2.098748781854484	1.8944921856585826	0.06749267077637	0.7619513974666645	0.10091730757543665	97.8149222669232	106.98465749331986	0.0026126236811631273	1.000121938721813
2.098748781854484	1.8944921856585826	0.0674943458102125	0.7619513974666645	0.10091730757543665	97.8149222669232	106.98465749331986	0.0026126236811631273	1.000121938721813
2.098750486843903	1.8944921856585826	0.0674943458102125	0.7619513974666645	0.10091730757543665	97.8149222669232	106.98465749331986	0.0026126236811631273	1.000121938721813
2.098750486843903	1.8944921856585826	0.0674943458102125	0.7619513974666645	0.10091730757543665	97.8149222669232	106.98434685864211	0.0026126236811631273	1.000121938721813
2.098750486843903	1.8944921856585826	0.0674943458102125	0.7619513974666645	0.10093170494144836	97.8149222669232	106.98434685864211	0.0026126236811631273	1.000121938721813
2.098750486843903	1.8944921856585826	0.06750098376823993	0.7619513974666645	0.10093170494144836	97.8149222669232	106.98434685864211	0.0026126236811631273	1.000121938721813
2.098750486843903	1.8943958055570957	0.06750098376823993	0.7619513974666645	0.10093170494144836	97.8149222669232	106.98434685864211	0.0026126236811631273	1.000121938721813
2.098750486843903	1.8943958055570957	0.06750098376823993	0.7619513974666645	0.10082882517093558	97.8149222669232	106.98434685864211	0.0026126236811631273	1.000121938721813
2.098750486843903	1.8943958055570957	0.06750098376823993	0.7617374225915035	0.10082882517093558	97.8149222669232	106.98434685864211	0.0026126236811631273	1.000121938721813
2.098750486843903	1.8943958055570957	0.06750098376823993	0.7617374225915035	0.10082882517093558	97.8149222669232	106.98434685864211	0.0026126236811631273	1.000121938721813
2.098750486843903	1.8943958055570957	0.06750098376823993	0.7617374225915035	0.10082882517093558	97.8149222669232	106.98434685864211	0.0026126236811631273	1.000121938721813
2.098750486843903	1.894397252886541	0.06750098376823993	0.7617374225915035	0.10082882517093558	97.8149222669232	106.98434685864211	0.0026126236811631273	1.000121938721813
2.098750486843903	1.894397252886541	0.06750098376823993	0.7617374225915035	0.10082882517093558	97.8149222669232	106.98434685864211	0.0026126236811631273	1.000121938721813
2.098750486843903	1.894397252886541	0.06750098376823993	0.7617374225915035	0.10082882517093558	97.8149222669232	106.98434685864211	0.002605220765155927	1.000121938721813
2.098750486843903	1.894397252886541	0.06750098376823993	0.7617374225915035	0.10082882517093558	97.8149222669232	106.98434685864211	0.002605220765155927	1.000121938721813
2.098750486843903	1.894397252886541	0.06750098376823993	0.7617374225915035	0.10082882517093558	97.8149222669232	106.98434685864211	0.002605220765155927	1.000121938721813
2.098750486843903	1.894397252886541	0.06750098376823993	0.7620034550740162	0.10082882517093558	97.8149222669232	106.98434685864211	0.002605220765155927	1.000121938721813
2.098750486843903	1.894971286832493	0.06750098376823993	0.7620034550740162	0.10082882517093558	97.8149222669232	106.98434685864211	0.002605220765155927	1.000121938721813
2.098750486843903	1.894971286832493	0.06750098376823993	0.7620034550740162	0.10082882517093558	97.8149222669232	106.98434685864211	0.002605220765155927	1.0001220647344766
2.0991486759080584	1.894971286832493	0.06750098376823993	0.7620034550740162	0.10082882517093558	97.8149222669232	106.98434685864211	0.002605220765155927	1.0001220647344766
2.0991486759080584	1.894971286832493	0.06750098376823993	0.7620034550740162	0.10082882517093558	97.8149222669232	106.98434685864211	0.002605220765155927	1.0001220647344766
2.0991486759080584	1.894971286832493	0.06750098376823993	0.7620034550740162	0.10082882517093558	97.8149222669232	106.98434685864211	0.002605220765155927	1.0001220647344766
2.0991486759080584	1.894971286832493	0.06750098376823993	0.7620034550740162	0.10082882517093558	97.8149222669232	106.98434685864211	0.002605220765155927	1.0001220647344766
2.0991486759080584	1.894971286832493	0.06750098376823993	0.7620034550740162	0.10082882517093558	97.8149222669232	106.98434685864211	0.0026037112831215716	1.0001220647344766
2.0991486759080584	1.894971286832493	0.06750098376823993	0.7620034550740162	0.10082882517093558	97.8149222669232	106.98434685864211	0.0026037112831215716	1.0001224787442746
2.0991486759080584	1.894971286832493	0.06750098376823993	0.7620034550740162	0.10082882517093558	97.8149222669232	106.98434685864211	0.0026037112831215716	1.0001224787442746
2.0991486759080584	1.894971286832493	0.06750098376823993	0.7620034550740162	0.10082882517093558	97.8149222669232	106.98434685864211	0.0026037112831215716	1.000122527304035
2.0991486759080584	1.894971286832493	0.06750098376823993	0.7620034550740162	0.10082882517093558	97.8149222669232	106.98422991134406	0.0026037112831215716	1.000122527304035
2.100136087583472	1.894971286832493	0.06750098376823993	0.7620034550740162	0.10082882517093558	97.8149222669232	106.98422991134406	0.0026037112831215716	1.000122527304035
2.100136087583472	1.894971286832493	0.06750124372272258	0.7620034550740162	0.10082882517093558	97.8149222669232	106.98422991134406	0.0026037112831215716	1.000122527304035
2.100136087583472	1.894971286832493	0.06750124372272258	0.7620034550740162	0.10082882517093558	97.8149222669232	106.98422991134406	0.0026037112831215716	1.000122621419137
2.100136087583472	1.894971286832493	0.06750124372272258	0.7620034550740162	0.10082882517093558	97.8149222669232	106.98422991134406	0.0026037112831215716	1.000122621419137
2.100136087583472	1.894971286832493	0.06750124372272258	0.7620034550740162	0.10082882517093558	97.8149222669232	106.98422991134406	0.0025625760141506186	1.000122621419137
2.100136087583472	1.894971286832493	0.06750124372272258	0.7620034550740162	0.10082882517093558	97.8149222669232	106.98422991134406	0.0025469478012675306	1.000122621419137
2.100136087583472	1.894971286832493	0.06750124372272258	0.7620034550740162	0.10082882517093558	97.8149222669232	106.98422991134406	0.0025459808259141563	1.000122621419137
2.100136087583472	1.894971286832493	0.06750073237831121	0.7620034550740162	0.10082882517093558	97.8149222669232	106.98422991134406	0.0025459808259141563	1.000122621419137
2.100136087583472	1.894971286832493	0.06750073237831121	0.7620034550740162	0.10082882517093558	97.8149222669232	106.98422991134406	0.0025640553692333297	1.000122621419137
2.100136087583472	1.894971286832493	0.06750073237831121	0.7620748640306664	0.10082882517093558	97.8149222669232	106.98422991134406	0.0025640553692333297	1.000122621419137
2.099802458549318	1.894971286832493	0.06750073237831121	0.7620748640306664	0.10082882517093558	97.8149222669232	106.98422991134406	0.0025640553692333297	1.000122621419137
2.099802458549318	1.894971286832493	0.06750073237831121	0.7620748640306664	0.10082882517093558	97.8149222669232	106.98422991134406	0.0025640553692333297	1.000122621419137
2.099788716235937	1.894971286832493	0.06750073237831121	0.7620748640306664	0.10082882517093558	97.8149222669232	106.98422991134406	0.0025640553692333297	1.000122621419137
2.099788716235937	1.894971286832493	0.06750073237831121	0.7620748640306664	0.10082882517093558	97.8149222669232	106.98422991134406	0.0025640990866230887	1.000122621419137
2.099788716235937	1.894971286832493	0.06750073237831121	0.7620748640306664	0.10082882517093558	97.8149017667987	106.98422991134406	0.0025640990866230887	1.000122621419137
2.099788716235937	1.894971286832493	0.06750073237831121	0.7620748640306664	0.10082882517093558	97.81694999437988	106.98422991134406	0.0025640990866230887	1.000122621419137
2.099788716235937	1.894971286832493	0.06750073237831121	0.7620748640306664	0.10082882517093558	97.81694710097611	106.98422991134406	0.0025640990866230887	1.000122621419137
2.099788716235937	1.894971286832493	0.06750073237831121	0.7620748640306664	0.10082882517093558	97.81694710097611	106.98422991134406	0.0025640990866230887	1.000122621419137
2.099788716235937	1.894971286832493	0.06750073237831121	0.7620748640306664	0.10082882517093558	97.81694710097611	106.98422991134406	0.0025640990866230887	1.000122621419137
2.099788716235937	1.894971286832493	0.06750073237831121	0.7620748640306664	0.10082882517093558	97.81694710097611	106.9844275987593	0.0025640990866230887	1.000122621419137
2.099788716235937	1.894971286832493	0.06750073237831121	0.7620748640306664	0.10082882517093558	97.81694710097611	106.98388973372197	0.0025640990866230887	1.000122621419137
2.099788716235937	1.894971286832493	0.06750073237831121	0.7620748640306664	0.10082882517093558	97.81501858940133	106.98388973372197	0.0025640990866230887	1.000122621419137
2.099788716235937	1.896571453718363	0.06750073237831121	0.7620748640306664	0.10082882517093558	97.81501858940133	106.98388973372197	0.0025640990866230887	1.000122621419137
2.099788716235937	1.896571453718363	0.06750075298635588	0.7620748640306664	0.10082882517093558	97.81501858940133	106.98388973372197	0.0025640990866230887	1.000122621419137
2.099788716235937	1.896571453718363	0.06750075298635588	0.7620748640306664	0.10082882517093558	97.81501858940133	106.98388973372197	0.002537634196593117	1.000122621419137
2.099788716235937	1.896571453718363	0.06750075298635588	0.7620748640306664	0.10082882517093558	97.81507740403207	106.98388973372197	0.002537634196593117	1.000122621419137
2.099788716235937	1.896571453718363	0.06750075298635588	0.7620748640306664	0.10082882517093558	97.81507740403207	106.98388973372197	0.002537634196593117	1.000122621419137
2.099788716235937	1.896571453718363	0.06750075298635588	0.7620748640306664	0.10082882517093558	97.81507740403207	106.98388973372197	0.002537634196593117	1.000122621419137
2.099788716235937	1.896571453718363	0.06750075298635588	0.7620748640306664	0.10082882517093558	97.81507740403207	106.98388973372197	0.002537634196593117	1.000122621419137
2.099788716235937	1.896571453718363	0.06750075298635588	0.7620136892414217	0.10082882517093558	97.81507740403207	106.98388973372197	0.002537634196593117	1.000122621419137
2.099788716235937	1.896571453718363	0.06750075298635588	0.7620136892414217	0.10082882517093558	97.81507740403207	106.98388973372197	0.002537634196593117	1.000122621419137
2.099831584993925	1.896571453718363	0.06750075298635588	0.7620136892414217	0.10082882517093558	97.81507740403207	106.98388973372197	0.002537634196593117	1.000122621419137
2.099831584993925	1.896571453718363	0.06750075298635588	0.7620136892414217	0.10082882517093558	97.81507740403207	106.98388973372197	0.002537634196593117	1.000122621419137
2.099831584993925	1.896571453718363	0.06750075298635588	0.7620136892414217	0.10082851441717819	97.81507740403207	106.98388973372197	0.002537634196593117	1.000122621419137
2.099831584993925	1.896571453718363	0.06750075298635588	0.7620136892414217	0.10082851441717819	97.81507740403207	106.98388973372197	0.002537634196593117	1.000122621419137
2.099831584993925	1.896571453718363	0.06750075298635588	0.7620135582315021	0.10082851441717819	97.81507740403207	106.98388973372197	0.002537634196593117	1.000122621419137
2.099831584993925	1.896571453718363	0.06748951878197151	0.7620135582315021	0.10082851441717819	97.81507740403207	106.98388973372197	0.002537634196593117	1.000122621419137
2.099831584993925	1.896571453718363	0.06748951878197151	0.7620135582315021	0.10082851441717819	97.81507740403207	106.98326676005344	0.002537634196593117	1.000122621419137
2.099831584993925	1.8965134050789754	0.06748951878197151	0.7620135582315021	0.10082851441717819	97.81507740403207	106.98326676005344	0.002537634196593117	1.000122621419137
2.099831584993925	1.8965134050789754	0.06748951878197151	0.7620135582315021	0.10082851441717819	97.81507740403207	106.98326676005344	0.002537634196593117	1.000122621419137
2.099831584993925	1.8965134050789754	0.06748951878197151	0.7620135582315021	0.10082833502544253	97.81507740403207	106.98326676005344	0.002537634196593117	1.000122621419137
2.099831584993925	1.8965134050789754	0.06748951878197151	0.7620135582315021	0.10082836163796663	97.81507740403207	106.98326676005344	0.002537634196593117	1.000122621419137
2.099831584993925	1.8965134050789754	0.06748951878197151	0.7620135582315021	0.10082951792238891	97.81507740403207	106.98326676005344	0.002537634196593117	1.000122621419137
2.099831584993925	1.8965134050789754	0.06747954785328618	0.7620135582315021	0.10082951792238891	97.81507740403207	106.98326676005344	0.002537634196593117	1.000122621419137
2.099831584993925	1.8965134050789754	0.06747954785328618	0.7620135582315021	0.10082951792238891	97.81507740403207	106.98326676005344	0.002537634196593117	1.000122621419137
2.099831584993925	1.8965134050789754	0.06747954785328618	0.7620135582315021	0.10082951792238891	97.81507740403207	106.98326676005344	0.002301116765390896	1.000122621419137
2.099831584993925	1.8965134050789754	0.06747954785328618	0.7620135582315021	0.10082951792238891	97.81507740403207	106.98326676005344	0.002301116765390896	1.000122621419137
2.099831584993925	1.8965134050789754	0.06747954785328618	0.7620135582315021	0.10082951792238891	97.81507740403207	106.98326676005344	0.002301116765390896	1.000122621419137
2.099831584993925	1.8965134050789754	0.06747954785328618	0.7620135582315021	0.10082951792238891	97.85546658009844	106.98326676005344	0.002301116765390896	1.000122621419137
2.099831584993925	1.8965134050789754	0.06747954785328618	0.7620135582315021	0.10082951792238891	97.85546658009844	106.98364652616053	0.002301116765390896	1.000122621419137
2.099831584993925	1.8965134050789754	0.06747954785328618	0.7620135582315021	0.10083196082095511	97.85546658009844	106.98364652616053	0.002301116765390896	1.000122621419137
2.099831584993925	1.8965134050789754	0.06747954785328618	0.7620135582315021	0.10083196082095511	97.85523838215526	106.98364652616053	0.002301116765390896	1.000122621419137
2.099831584993925	1.8965134050789754	0.06746710410062416	0.7620135582315021	0.10083196082095511	97.85523838215526	106.98364652616053	0.002301116765390896	1.000122621419137
2.099831584993925	1.8965134050789754	0.06746710410062416	0.7620135582315021	0.10083196082095511	97.85523838215526	106.98364652616053	0.002301116765390896	1.000122621419137
2.099831584993925	1.8965134050789754	0.06746710410062416	0.7620135582315021	0.10072294995633134	97.85523838215526	106.98364652616053	0.002301116765390896	1.000122621419137
2.099831584993925	1.8965134050789754	0.06746710410062416	0.7620135582315021	0.10072294995633134	97.85523838215526	106.98364652616053	0.002301116765390896	1.000122621419137
2.099831584993925	1.8965134050789754	0.06746710410062416	0.7620135582315021	0.10072294995633134	97.85523838215526	106.98364652616053	0.002301116765390896	1.000122621419137
2.099831584993925	1.8965134050789754	0.06746710410062416	0.7620135582315021	0.10072294995633134	97.85523838215526	106.98364652616053	0.002301116765390896	1.000122621419137
2.099831584993925	1.8965134050789754	0.06746710410062416	0.7620135582315021	0.10072294995633134	97.85523838215526	106.98364652616053	0.002301117295664357	1.000122621419137
2.099831584993925	1.8965134050789754	0.06746710410062416	0.7620135582315021	0.10072294995633134	97.85523838215526	106.98364652616053	0.002301117295664357	1.000122621419137
2.099831584993925	1.8965134050789754	0.06746710410062416	0.7620135582315021	0.10071450834002908	97.85523838215526	106.98364652616053	0.002301117295664357	1.000122621419137
2.099831584993925	1.8965134050789754	0.06746710410062416	0.7620135582315021	0.10071450834002908	97.76592189639189	106.98364652616053	0.002301117295664357	1.000122621419137
2.099831584993925	1.8965036470028753	0.06746710410062416	0.7620135582315021	0.10071450834002908	97.76592189639189	106.98364652616053	0.002301117295664357	1.000122621419137
2.099831584993925	1.8965036470028753	0.06746710410062416	0.7620135582315021	0.10071450834002908	97.76592189639189	106.98364652616053	0.002251043321075801	1.000122621419137
2.099831584993925	1.8965036470028753	0.06746710410062416	0.7620135582315021	0.10071450834002908	97.76592189639189	106.98364652616053	0.002251043321075801	1.000122621419137
2.099831584993925	1.8965036470028753	0.06746710410062416	0.7620135582315021	0.10071450834002908	97.76592189639189	106.98364652616053	0.002251043321075801	1.000122621419137
2.099831584993925	1.8965036470028753	0.06746710410062416	0.7620135582315021	0.10071450834002908	97.76592189639189	106.98364652616053	0.002251043321075801	1.000122621419137
2.0998361430472823	1.8965036470028753	0.06746710410062416	0.7620135582315021	0.10071450834002908	97.76592189639189	106.98364652616053	0.002251043321075801	1.000122621419137
2.0998361430472823	1.8965036470028753	0.06746710410062416	0.7620135582315021	0.10071450834002908	97.76592189639189	106.98364652616053	0.002251043321075801	1.000122621419137
2.0998365054986197	1.8965036470028753	0.06746710410062416	0.7620135582315021	0.10071450834002908	97.76592189639189	106.98364652616053	0.002251043321075801	1.000122621419137
2.0998365054986197	1.8965036470028753	0.06746710410062416	0.7620135582315021	0.10071450834002908	97.76592189639189	106.98364652616053	0.002302939193764132	1.000122621419137
2.0998365054986197	1.8965036470028753	0.06746710410062416	0.7620135582315021	0.10071450834002908	97.76592189639189	106.96505099790203	0.002302939193764132	1.000122621419137
2.0998365054986197	1.8965036470028753	0.06746710410062416	0.7620135582315021	0.10071450834002908	97.76548350889804	106.96505099790203	0.002302939193764132	1.000122621419137
2.0998443903880184	1.8965036470028753	0.06746710410062416	0.7620135582315021	0.10071450834002908	97.76548350889804	106.96505099790203	0.002302939193764132	1.000122621419137
2.0998443903880184	1.8965036470028753	0.06746710410062416	0.7620135582315021	0.10071450834002908	97.76548350889804	106.96505099790203	0.0023042279275611445	1.000122621419137
2.0998443903880184	1.8965036470028753	0.06746710410062416	0.7620135582315021	0.10071450834002908	97.76548350889804	106.96505099790203	0.0023042279275611445	1.000122621419137
2.0998443903880184	1.8965036470028753	0.06746710410062416	0.7620135582315021	0.10071450834002908	97.76545824295269	106.96505099790203	0.0023042279275611445	1.000122621419137
2.0998443903880184	1.8965036470028753	0.06746710410062416	0.7620135582315021	0.10071450834002908	97.76545824295269	106.96505099790203	0.0023042279275611445	1.0001226389703624
2.0998443903880184	1.8965036470028753	0.06746710410062416	0.7620135582315021	0.10071450834002908	97.76545824295269	106.96505099790203	0.0023042279275611445	1.0001226389703624
2.0998443903880184	1.8965036470028753	0.06746710410062416	0.7620135582315021	0.10071450834002908	97.76545824295269	106.96505099790203	0.0023042279275611445	1.0001221905372366
2.0998443903880184	1.8965036470028753	0.06746710410062416	0.7620135582315021	0.10071450834002908	97.76545824295269	106.96505099790203	0.0022843018298787402	1.0001221905372366
2.0998443903880184	1.8965036470028753	0.06746690393540541	0.7620135582315021	0.10071450834002908	97.76545824295269	106.96505099790203	0.0022843018298787402	1.0001221905372366
2.0998443903880184	1.8965036470028753	0.06746690393540541	0.7620135582315021	0.10071450834002908	97.76545824295269	106.96505099790203	0.0022843018298787402	1.0001221905372366
2.0998443903880184	1.8962958046781133	0.06746690393540541	0.7620135582315021	0.10071450834002908	97.76545824295269	106.96505099790203	0.0022843018298787402	1.0001221905372366
2.0998443903880184	1.8962958046781133	0.06746690393540541	0.7620135582315021	0.10071450834002908	97.76545824295269	106.96505099790203	0.0022843018298787402	1.0001221905372366
2.0998443903880184	1.8962958046781133	0.06746690393540541	0.7620135582315021	0.10071450834002908	97.76545824295269	106.96505099790203	0.0022843018298787402	1.0001221905372366
2.099666481441266	1.8962958046781133	0.06746690393540541	0.7620135582315021	0.10071450834002908	97.76545824295269	106.96505099790203	0.0022843018298787402	1.0001221905372366
2.099666481441266	1.8962958046781133	0.06746690393540541	0.7620135582315021	0.10071450834002908	97.76545824295269	106.96505099790203	0.0022843018298787402	1.0001221905372366
2.099666481441266	1.8962958046781133	0.06746690393540541	0.7620135582315021	0.10071450834002908	97.76545824295269	106.96505099790203	0.0022843018298787402	1.0001221905372366
2.099666481441266	1.8962958046781133	0.06746690393540541	0.7620135582315021	0.10071450834002908	97.76545824295269	106.96505099790203	0.0022843018298787402	1.0001221905372366
2.099666481441266	1.8962958046781133	0.06746690393540541	0.7620135582315021	0.10071450834002908	97.76545824295269	106.96505099790203	0.0022843018298787402	1.0001221905372366
2.099666481441266	1.8962958046781133	0.06746690393540541	0.7620135582315021	0.10071450834002908	97.76545824295269	106.96505099790203	0.0022843018298787402	1.0001221905372366
2.099666481441266	1.8962958046781133	0.06746690393540541	0.7620135582315021	0.10071450834002908	97.76545824295269	106.96505099790203	0.0022843018298787402	1.0001221905372366
2.0966276317670833	1.8962958046781133	0.06746690393540541	0.7620135582315021	0.10071450834002908	97.76545824295269	106.96505099790203	0.0022843018298787402	1.0001221905372366
2.0966276317670833	1.8962958046781133	0.06746690393540541	0.7620135582315021	0.10071450834002908	97.76545824295269	106.96505099790203	0.0022843018298787402	1.0001221905372366
2.0966276317670833	1.8962958046781133	0.06746690393540541	0.7619900800549545	0.10071450834002908	97.76545824295269	106.96505099790203	0.0022843018298787402	1.0001221905372366
2.0966276317670833	1.8962958046781133	0.06746690393540541	0.7619900800549545	0.10071450834002908	97.76545824295269	106.96505099790203	0.0022843018298787402	1.0001221905372366
2.0966276317670833	1.8962958046781133	0.06746690393540541	0.7619900800549545	0.10071450834002908	97.76545824295269	106.96505099790203	0.0022843018298787402	1.0001221905372366
2.0966276317670833	1.8970415230108195	0.06746690393540541	0.7619900800549545	0.10071450834002908	97.76545824295269	106.96505099790203	0.0022843018298787402	1.0001221905372366
2.0966276317670833	1.8970415230108195	0.06746690393540541	0.7619900800549545	0.10071450834002908	97.7671230822883	106.96505099790203	0.0022843018298787402	1.0001221905372366
2.0966276317670833	1.8924260623613607	0.06746690393540541	0.7619900800549545	0.10071450834002908	97.7671230822883	106.96505099790203	0.0022843018298787402	1.0001221905372366
2.0966276317670833	1.8924260623613607	0.06746690393540541	0.7619900800549545	0.10071450834002908	97.7671230822883	106.96505099790203	0.0022843018298787402	1.0001221905372366
2.0966276317670833	1.8924260623613607	0.06746690393540541	0.7619900800549545	0.10071450834002908	97.7671230822883	106.96505099790203	0.0022843018298787402	1.0001221905372366
2.0966276317670833	1.8924260623613607	0.06746690393540541	0.7619900800549545	0.10071450834002908	97.7671230822883	106.96505099790203	0.0022843018298787402	1.0001221905372366
2.0966276317670833	1.8924260623613607	0.06746690393540541	0.7619900800549545	0.10071450834002908	97.7671230822883	106.96505099790203	0.0024025087942422213	1.0001221905372366
2.0966276317670833	1.8924260623613607	0.06746690393540541	0.7619900800549545	0.10071450834002908	97.7671230822883	106.96505099790203	0.0024097291574634895	1.0001221905372366
2.0966276317670833	1.8924260623613607	0.06746690393540541	0.7619900800549545	0.10071450834002908	97.7671230822883	106.97333276426343	0.0024097291574634895	1.0001221905372366
2.0966276317670833	1.8924260623613607	0.06746690393540541	0.7619900800549545	0.10071450834002908	97.7671230822883	106.97333276426343	0.0024097291574634895	1.0001221905372366
2.0966276317670833	1.8924260623613607	0.06746690393540541	0.7619900800549545	0.10071450834002908	97.7671230822883	106.97333276426343	0.0024097291574634895	1.0001221905372366
2.0966276317670833	1.8924260623613607	0.06746690393540541	0.7619900800549545	0.10071450834002908	97.7671230822883	106.97333276426343	0.0024097291574634895	1.0001221905372366
2.0966276317670833	1.8924260623613607	0.06746690393540541	0.7619900800549545	0.10071450834002908	97.7671230822883	106.97333276426343	0.0024097291574634895	1.0001221905372366
2.0966276317670833	1.8924265723914304	0.06746690393540541	0.7619900800549545	0.10071450834002908	97.7671230822883	106.97333276426343	0.0024097291574634895	1.0001221905372366
2.0966276317670833	1.8924265723914304	0.06746690393540541	0.7619900800549545	0.10071450834002908	97.7671230822883	106.97333276426343	0.0024097291574634895	1.0001221905372366
2.0966276317670833	1.8924265723914304	0.06746690393540541	0.7619900800549545	0.10071450834002908	97.7671230822883	106.97333276426343	0.0024097291574634895	1.0001221905372366
2.0966276317670833	1.8924265723914304	0.06746690393540541	0.7619900800549545	0.10071450834002908	97.7671230822883	106.97333276426343	0.0024097291574634895	1.0001221905372366
2.0966276317670833	1.8924265723914304	0.06746690393540541	0.7619900800549545	0.10071450834002908	97.7671230822883	106.97333276426343	0.0024097291574634895	1.0001221905372366
2.0966276317670833	1.8924265723914304	0.06746690393540541	0.7619900800549545	0.10071450834002908	97.7671230822883	106.97333276426343	0.0024091208745630707	1.0001221905372366
2.0966276317670833	1.8924265723914304	0.06746690393540541	0.7619900800549545	0.10071450834002908	97.76865867099832	106.97333276426343	0.0024091208745630707	1.0001221905372366
2.0966276317670833	1.8924265723914304	0.06746690393540541	0.7619900800549545	0.10071450834002908	97.76865867099832	106.97333276426343	0.0024091208745630707	1.0001221905372366
2.0966276317670833	1.8924265723914304	0.06746690393540541	0.7620377922785346	0.10071450834002908	97.76865867099832	106.97333276426343	0.0024091208745630707	1.0001221905372366
2.0966493398131143	1.8924265723914304	0.06746690393540541	0.7620377922785346	0.10071450834002908	97.76865867099832	106.97333276426343	0.0024091208745630707	1.0001221905372366
2.0966493398131143	1.8924265723914304	0.06746690393540541	0.7620377922785346	0.10071450834002908	97.76865867099832	106.97333276426343	0.0024091208745630707	1.0001221905372366
2.0966493398131143	1.8924265723914304	0.06746690393540541	0.7620377922785346	0.10071450834002908	97.76865867099832	106.97333276426343	0.0024091208745630707	1.0001221905372366
2.0966493398131143	1.8924265723914304	0.06746690393540541	0.7620377922785346	0.10070818127829158	97.76865867099832	106.97333276426343	0.0024091208745630707	1.0001221905372366
2.0966493398131143	1.8924265723914304	0.06746690393540541	0.7620377922785346	0.10070818127829158	97.76865867099832	106.97333276426343	0.0024091208745630707	1.0001221905372366
2.0966493398131143	1.8924265723914304	0.06746690393540541	0.7620377922785346	0.10070818127829158	97.76865867099832	106.97333276426343	0.0024091208745630707	1.0001221905372366
2.0966493398131143	1.8924265723914304	0.06746690393540541	0.7620377922785346	0.10070818127829158	97.76865867099832	106.97333276426343	0.0024095032853925983	1.0001221905372366
2.0966493398131143	1.8924265723914304	0.06746816637756319	0.7620377922785346	0.10070818127829158	97.76865867099832	106.97333276426343	0.0024095032853925983	1.0001221905372366
2.0966493398131143	1.8924265723914304	0.06746816637756319	0.7620377922785346	0.10070818127829158	97.76865867099832	106.97333276426343	0.0024095032853925983	1.0001220177065562
2.0966493398131143	1.8924265723914304	0.06746816637756319	0.7620377922785346	0.10070818127829158	97.76865867099832	106.97333276426343	0.0024095032853925983	1.0001220177065562
2.0966493398131143	1.8924265723914304	0.06746816637756319	0.7620377922785346	0.10070818127829158	97.78705354435172	106.97333276426343	0.0024095032853925983	1.0001220177065562
2.0966493398131143	1.8924265723914304	0.06746816637756319	0.7620377922785346	0.10070818127829158	97.78705354435172	106.97333276426343	0.0024095032853925983	1.0001220177065562
2.0966493398131143	1.8924265723914304	0.06746816637756319	0.7620377922785346	0.10070818127829158	97.78705354435172	106.97333276426343	0.0024095032853925983	1.0001220177065562
2.0966493398131143	1.8924265723914304	0.06746816637756319	0.7620377922785346	0.10070818127829158	97.78705354435172	106.97333276426343	0.0024095032853925983	1.0001220177065562
2.0966493398131143	1.8924265723914304	0.06746816637756319	0.7620377922785346	0.10070818127829158	97.78705354435172	106.97333276426343	0.0024095032853925983	1.000121967362373
2.0966493398131143	1.8924265723914304	0.06746816637756319	0.7620377922785346	0.10070798705975682	97.78705354435172	106.97333276426343	0.0024095032853925983	1.000121967362373
2.0966493398131143	1.8924265723914304	0.06746816637756319	0.7620377922785346	0.10070798705975682	97.78705354435172	106.97333276426343	0.0024095032853925983	1.000121967362373
2.0966493398131143	1.8924265723914304	0.06746816637756319	0.7620377922785346	0.10070798705975682	97.78705354435172	106.97333276426343	0.0024095032853925983	1.000121967362373
2.0966925167493913	1.8924265723914304	0.06746816637756319	0.7620377922785346	0.10070798705975682	97.78705354435172	106.97333276426343	0.0024095032853925983	1.000121967362373
2.0966925167493913	1.8924265723914304	0.06746816637756319	0.7620377922785346	0.10062328162133044	97.78705354435172	106.97333276426343	0.0024095032853925983	1.000121967362373
2.0966925167493913	1.8924265723914304	0.06746816637756319	0.7620377922785346	0.10062328162133044	97.78705354435172	106.97333276426343	0.002409941216248837	1.000121967362373
2.0966925167493913	1.8924265723914304	0.06746816637756319	0.7620377922785346	0.10062328162133044	97.78705354435172	106.97333276426343	0.002409941216248837	1.000121967362373
2.0966925167493913	1.8924265723914304	0.06746816637756319	0.7620377922785346	0.10074526383587509	97.78705354435172	106.97333276426343	0.002409941216248837	1.000121967362373
2.0966925167493913	1.8924265723914304	0.06746816637756319	0.7620377922785346	0.10074526383587509	97.78708926972976	106.97333276426343	0.002409941216248837	1.000121967362373
2.0966925167493913	1.8924265723914304	0.06746816637756319	0.7620377922785346	0.10074526383587509	97.78708926972976	106.97333276426343	0.002409941216248837	1.000121967362373
2.0966925167493913	1.8924265723914304	0.06746816637756319	0.7620377922785346	0.10074526383587509	97.78708926972976	106.97333276426343	0.002409941216248837	1.000121967362373
2.0966925167493913	1.8924265723914304	0.06746816637756319	0.7620377922785346	0.10074526383587509	97.7443362798637	106.97333276426343	0.002409941216248837	1.000121967362373
2.0966925167493913	1.8924265723914304	0.06746816637756319	0.7620377922785346	0.10074526383587509	97.7443362798637	106.97333276426343	0.002409941216248837	1.000121967362373
2.0966925167493913	1.8924265723914304	0.06746816637756319	0.7620377922785346	0.10074526383587509	97.7443362798637	106.97333276426343	0.002409941216248837	1.000121967362373
2.0966925167493913	1.8924265723914304	0.06746816637756319	0.7620377922785346	0.10074526383587509	97.7443362798637	106.97333276426343	0.002410141195910144	1.000121967362373
2.0966925167493913	1.8924265723914304	0.06746816637756319	0.7620377922785346	0.10074526383587509	97.7443362798637	106.97333276426343	0.0024422982491889185	1.000121967362373
2.0966925167493913	1.8924265723914304	0.06746816637756319	0.7621627238372037	0.10074526383587509	97.7443362798637	106.97333276426343	0.0024422982491889185	1.000121967362373
2.0966925167493913	1.8924265723914304	0.06746816637756319	0.7621627238372037	0.10074526383587509	97.7443362798637	106.97333276426343	0.0024422982491889185	1.000121967362373
2.0966925167493913	1.8924265723914304	0.06746816637756319	0.7621627238372037	0.10074526383587509	97.7443362798637	106.97333276426343	0.002442351988812573	1.000121967362373
2.0966925167493913	1.8924265723914304	0.06746816637756319	0.7621627238372037	0.10074526383587509	97.7443362798637	106.97333276426343	0.0024385107656430005	1.000121967362373
2.0966925167493913	1.8924265723914304	0.06746816637756319	0.7621627238372037	0.10074526383587509	97.7443362798637	106.97333276426343	0.0024385107656430005	1.0001219478221346
2.0966925167493913	1.8924265723914304	0.06746816637756319	0.7621627238372037	0.10074526383587509	97.7443362798637	106.97333276426343	0.0024385107656430005	1.0001219478221346
2.0966925167493913	1.8924265723914304	0.06746816637756319	0.7621627238372037	0.10074526383587509	97.7443362798637	106.97333276426343	0.0024385107656430005	1.0001219478221346
2.0966925167493913	1.8924265723914304	0.06746816637756319	0.7621627238372037	0.10074526383587509	97.7443362798637	106.97333276426343	0.0024385107656430005	1.0001219478221346
2.0966925167493913	1.8924265723914304	0.06746816637756319	0.7621627238372037	0.10074526383587509	97.74434247575637	106.97333276426343	0.0024385107656430005	1.0001219478221346
2.0966925167493913	1.8924265723914304	0.06746816637756319	0.7621627238372037	0.10074526383587509	97.74434247575637	106.97333276426343	0.0024385107656430005	1.0001219478221346
2.0966925167493913	1.8924265723914304	0.06746817278609202	0.7621627238372037	0.10074526383587509	97.74434247575637	106.97333276426343	0.0024385107656430005	1.0001219478221346
2.0966925167493913	1.8924265723914304	0.06746817278609202	0.7621627238372037	0.10074526383587509	97.74434247575637	106.47490522454345	0.0024385107656430005	1.0001219478221346
2.0966925167493913	1.8924265723914304	0.06746817278609202	0.7621627238372037	0.10074526383587509	97.74434247575637	106.47490522454345	0.0024385107656430005	1.0001219478221346
2.0967888362072795	1.8924265723914304	0.06746817278609202	0.7621627238372037	0.10074526383587509	97.74434247575637	106.47490522454345	0.0024385107656430005	1.0001219478221346
2.0967888362072795	1.8924265723914304	0.06746817278609202	0.7621627238372037	0.10074526383587509	97.74434247575637	106.47483112430042	0.0024385107656430005	1.0001219478221346
2.0967888362072795	1.8924265723914304	0.06746817278609202	0.7621627238372037	0.10074526383587509	97.74434247575637	106.47483112430042	0.0024385107656430005	1.0001219478221346
2.0967888362072795	1.8923961763692665	0.06746817278609202	0.7621627238372037	0.10074526383587509	97.74434247575637	106.47483112430042	0.0024385107656430005	1.0001219478221346
2.0967888362072795	1.8923961763692665	0.06746817278609202	0.7621627238372037	0.10074526383587509	97.74434247575637	106.47483112430042	0.0024385107656430005	1.0001219478221346
2.0967888362072795	1.8923961763692665	0.06744328644186745	0.7621627238372037	0.10074526383587509	97.74434247575637	106.47483112430042	0.0024385107656430005	1.0001219478221346
2.0967888362072795	1.8923961763692665	0.06744328644186745	0.7621627238372037	0.10074526383587509	97.74434247575637	106.47483112430042	0.0024385107656430005	1.0001220486489306
2.0967888362072795	1.8923961763692665	0.06744328644186745	0.7621627238372037	0.10074540284536493	97.74434247575637	106.47483112430042	0.0024385107656430005	1.0001220486489306
2.0967888362072795	1.8923961763692665	0.06744328644186745	0.7621627238372037	0.10074540284536493	97.74434247575637	106.47483112430042	0.0024385107656430005	1.0001220486489306
2.0967888362072795	1.8923961763692665	0.06744328644186745	0.7621627238372037	0.10074540284536493	97.74434247575637	106.26719384629644	0.0024385107656430005	1.0001220486489306
2.0967888362072795	1.8923961763692665	0.06744328644186745	0.7621627238372037	0.10074540284536493	97.74434247575637	106.26719384629644	0.0024385107656430005	1.0001220486489306
2.0967888362072795	1.8923961763692665	0.06744328644186745	0.7621627238372037	0.10074540284536493	97.74434247575637	106.26719384629644	0.00243854641238613	1.0001220486489306
2.0967888362072795	1.8923961763692665	0.06744328644186745	0.7621627238372037	0.10074540284536493	97.74434247575637	106.26719384629644	0.00243854641238613	1.0001220486489306
2.0967888362072795	1.8923961763692665	0.06744328644186745	0.7621627238372037	0.10074540284536493	97.74434247575637	106.26719384629644	0.002429385340788368	1.0001220486489306
2.0967888362072795	1.9003592233525848	0.06744328644186745	0.7621627238372037	0.10074540284536493	97.74434247575637	106.26719384629644	0.002429385340788368	1.0001220486489306
2.0967888362072795	1.9003592233525848	0.06744328644186745	0.7621627238372037	0.10074540284536493	97.74434247575637	106.26719384629644	0.002429385340788368	1.0001220486489306
2.0967888362072795	1.9003592233525848	0.06744328644186745	0.7621627238372037	0.10074540284536493	97.74434247575637	106.26719384629644	0.002429385340788368	1.0001226491468356
2.0967888362072795	1.9003592233525848	0.06744328644186745	0.7621627238372037	0.10074540284536493	97.74434247575637	106.26719384629644	0.002429385340788368	1.0001226491468356
2.0967888362072795	1.9003592233525848	0.06744328644186745	0.7621053929916282	0.10074540284536493	97.74434247575637	106.26719384629644	0.002429385340788368	1.0001226491468356
2.0967888362072795	1.9003592233525848	0.06744328644186745	0.7621053929916282	0.10074540284536493	97.74434247575637	106.26719384629644	0.002429385340788368	1.0001226491468356
2.0967888362072795	1.9003592233525848	0.06744328644186745	0.7621053929916282	0.10074540284536493	97.74434247575637	106.26055764224473	0.002429385340788368	1.0001226491468356
2.0967888362072795	1.9003592233525848	0.06744328644186745	0.7621053929916282	0.10074540284536493	97.74434247575637	106.26055764224473	0.002429385340788368	1.0001226491468356
2.0967888362072795	1.9003592233525848	0.06744328644186745	0.7621053929916282	0.10074540284536493	97.74434247575637	106.26055764224473	0.002429385340788368	1.0001226491468356
2.0967888362072795	1.9003592233525848	0.06744328644186745	0.7621053929916282	0.10074540284536493	97.74434247575637	106.26055764224473	0.002429385340788368	1.0001226491468356
2.0967888362072795	1.9003592233525848	0.06744328644186745	0.7621053929916282	0.10074540284536493	97.74434247575637	106.26055764224473	0.002429385340788368	1.0001226491468356
2.0967888362072795	1.9003592233525848	0.06744328644186745	0.7621053929916282	0.10074540284536493	97.74434247575637	106.26271429650589	0.002429385340788368	1.0001226491468356
2.0967888362072795	1.9003592233525848	0.06744328644186745	0.7621053929916282	0.1004699242936709	97.74434247575637	106.26271429650589	0.002429385340788368	1.0001226491468356
2.0967874262015935	1.9003592233525848	0.06744328644186745	0.7621053929916282	0.1004699242936709	97.74434247575637	106.26271429650589	0.002429385340788368	1.0001226491468356
2.0967874262015935	1.9003592233525848	0.06744328644186745	0.7621053929916282	0.1004699242936709	97.74434247575637	106.26271429650589	0.002429385340788368	1.0001224217877538
2.0967874262015935	1.9003592233525848	0.06744328644186745	0.7621053929916282	0.1004699242936709	97.74434247575637	106.26532211173084	0.002429385340788368	1.0001224217877538
2.0967874262015935	1.9003592233525848	0.06744328644186745	0.7621053929916282	0.10054406857758358	97.74434247575637	106.26532211173084	0.002429385340788368	1.0001224217877538
2.0967874262015935	1.9003592233525848	0.06744328644186745	0.7621053929916282	0.10054406857758358	97.74434247575637	106.26532211173084	0.002429385340788368	1.0001224217877538
2.0967874262015935	1.9003592233525848	0.06744328644186745	0.762087042639104	0.10054406857758358	97.74434247575637	106.26532211173084	0.002429385340788368	1.0001224217877538
2.0967874262015935	1.9003592233525848	0.06744328644186745	0.7620906542819352	0.10054406857758358	97.74434247575637	106.26532211173084	0.002429385340788368	1.0001224217877538
2.0967874262015935	1.9003592233525848	0.06744328644186745	0.7620906542819352	0.10054406857758358	97.74434247575637	106.26532211173084	0.002429385340788368	1.0001224217877538
2.0967874262015935	1.9003592233525848	0.06744328644186745	0.7620906542819352	0.10054406857758358	97.74434247575637	106.26532211173084	0.002429385340788368	1.0001224217877538
2.0967874262015935	1.9003592233525848	0.06744328644186745	0.7620906542819352	0.10054406857758358	97.74434247575637	106.26532211173084	0.002429385340788368	1.0001224217877538
2.0967874262015935	1.9003592233525848	0.06744328644186745	0.7620906542819352	0.10054406857758358	97.74434247575637	106.26532211173084	0.002429385340788368	1.0001224217877538
2.0967874262015935	1.9003592233525848	0.06744328644186745	0.7620906542819352	0.10054415248636286	97.74434247575637	106.26532211173084	0.002429385340788368	1.0001224217877538
2.0967874262015935	1.9003592233525848	0.06744328644186745	0.7620906542819352	0.10054415248636286	97.74434247575637	106.26532211173084	0.002429385340788368	1.0001224217877538
2.0967874262015935	1.9003592233525848	0.06744328644186745	0.7620906542819352	0.10054415248636286	97.74434247575637	106.26532211173084	0.002611052951645125	1.0001224217877538
2.0967874262015935	1.9003592233525848	0.06744328644186745	0.7620906542819352	0.10054415248636286	97.74429222067991	106.26532211173084	0.002611052951645125	1.0001224217877538
2.0967874262015935	1.9003592233525848	0.06744328644186745	0.7620906542819352	0.10054415248636286	97.74429222067991	106.26532211173084	0.002611052951645125	1.0001224217877538
2.0967874262015935	1.9003592233525848	0.06744328644186745	0.7620906542819352	0.10054415248636286	97.74429222067991	106.26532211173084	0.002611052951645125	1.0001224217877538
2.0967874262015935	1.9003592233525848	0.06744328644186745	0.7620906542819352	0.10054415248636286	97.74429222067991	106.26532211173084	0.002611052951645125	1.0001224217877538
2.0967874262015935	1.9006491139634927	0.06744328644186745	0.7620906542819352	0.10054415248636286	97.74429222067991	106.26532211173084	0.002611052951645125	1.0001224217877538
2.0967874262015935	1.9006491139634927	0.06744328644186745	0.7620906542819352	0.10054415248636286	97.74429222067991	106.19727765746714	0.002611052951645125	1.0001224217877538
2.0967874262015935	1.9006491139634927	0.06744328644186745	0.7620906542819352	0.10054415248636286	97.74429222067991	106.19727765746714	0.002610022821885391	1.0001224217877538
2.0967874262015935	1.9006491139634927	0.06744328644186745	0.7620906542819352	0.10054415248636286	97.74429222067991	106.19727765746714	0.002610022821885391	1.0001224217877538
2.0967874262015935	1.9006491139634927	0.06744328644186745	0.7620906542819352	0.10054415248636286	97.74429222067991	105.93697966002763	0.002610022821885391	1.0001224217877538
2.0967874262015935	1.9006491139634927	0.06744328644186745	0.7620906542819352	0.10054415248636286	97.74429222067991	105.93697966002763	0.002610022821885391	1.0001246877860845
2.0967874262015935	1.9006491139634927	0.06744328644186745	0.7620906542819352	0.10054415248636286	97.74429222067991	105.93697966002763	0.002610022821885391	1.0001246877860845
2.0967874262015935	1.9006491139634927	0.06744328644186745	0.7620906542819352	0.10054415248636286	97.74429222067991	105.93697966002763	0.002610022821885391	1.0001260990360936
2.0967874262015935	1.9006491139634927	0.06744328644186745	0.7620906542819352	0.10054415248636286	97.74429222067991	105.93697966002763	0.002610022821885391	1.0001260990360936
2.0967874262015935	1.9006491139634927	0.06744328644186745	0.7620906542819352	0.10054415248636286	97.74429222067991	105.93697966002763	0.002610022821885391	1.0001260990360936
2.0967874262015935	1.9006491139634927	0.06744328644186745	0.7620906542819352	0.10054426931443987	97.74429222067991	105.93697966002763	0.002610022821885391	1.0001260990360936
2.0967874262015935	1.9006491139634927	0.06744328644186745	0.7620906542819352	0.10054426931443987	97.74429222067991	105.93697966002763	0.002610022821885391	1.0001260990360936
2.096790142758568	1.9006491139634927	0.06744328644186745	0.7620906542819352	0.10054426931443987	97.74429222067991	105.93697966002763	0.002610022821885391	1.0001260990360936
2.0967403774890383	1.9006491139634927	0.06744328644186745	0.7620906542819352	0.10054426931443987	97.74429222067991	105.93697966002763	0.002610022821885391	1.0001260990360936
2.0967403774890383	1.9006491139634927	0.06744328644186745	0.7621668939604754	0.10054426931443987	97.74429222067991	105.93697966002763	0.002610022821885391	1.0001260990360936
2.0967403774890383	1.9006491139634927	0.06744328644186745	0.7621668939604754	0.10054426931443987	97.74429222067991	105.93697966002763	0.002610022821885391	1.000126224219211
2.0967403774890383	1.9006491139634927	0.06744328644186745	0.7621668939604754	0.10054426931443987	97.74429222067991	105.93697966002763	0.002610022821885391	1.0001259086375802
2.0967403774890383	1.9006491139634927	0.06744328644186745	0.7621668939604754	0.10054426931443987	97.74429222067991	105.93697966002763	0.002610022821885391	1.0001259086375802
2.0967403774890383	1.9006491139634927	0.06744328644186745	0.7621668939604754	0.10054426931443987	97.74429222067991	105.93697966002763	0.002610022821885391	1.0001259086375802
2.0967403774890383	1.9006491139634927	0.06744328644186745	0.7621668939604754	0.10054426931443987	97.74429222067991	101.68379285325031	0.002610022821885391	1.0001259086375802
2.0967403774890383	1.9006491139634927	0.06744328644186745	0.7621668939604754	0.10054426931443987	97.74429222067991	101.68379285325031	0.002612037130575519	1.0001259086375802
2.0967403774890383	1.9006491139634927	0.06744328644186745	0.7621668939604754	0.10054436894939368	97.74429222067991	101.68379285325031	0.002612037130575519	1.0001259086375802
2.0967403774890383	1.9006491139634927	0.06744328644186745	0.7621668939604754	0.10054436894939368	97.74429222067991	101.68379285325031	0.0026121409504151205	1.0001259086375802
2.0967403774890383	1.9006491139634927	0.06744328644186745	0.7621668939604754	0.10054436894939368	97.74430855725826	101.68379285325031	0.0026121409504151205	1.0001259086375802
2.096764546289805	1.9006491139634927	0.06744328644186745	0.7621668939604754	0.10054436894939368	97.74430855725826	101.68379285325031	0.0026121409504151205	1.0001259086375802
2.096764546289805	1.9006491139634927	0.06744328644186745	0.7621668939604754	0.10054436894939368	97.74430855725826	101.68379285325031	0.0026121409504151205	1.0001259086375802
2.096764546289805	1.9006491139634927	0.06744328644186745	0.7621668939604754	0.10054436894939368	97.74430855725826	101.68379285325031	0.0026121409504151205	1.0001262702120792
2.096764546289805	1.9006491139634927	0.06741384331966456	0.7621668939604754	0.10054436894939368	97.74430855725826	101.68379285325031	0.0026121409504151205	1.0001262702120792
2.096764546289805	1.9006491139634927	0.06741384331966456	0.7621668939604754	0.10054436894939368	97.74430855725826	101.68379285325031	0.0025057396308955596	1.0001262702120792
2.0968569573967573	1.9006491139634927	0.06741384331966456	0.7621668939604754	0.10054436894939368	97.74430855725826	101.68379285325031	0.0025057396308955596	1.0001262702120792
2.0968569573967573	1.9006491139634927	0.06741384331966456	0.7621668939604754	0.10054436894939368	97.74430855725826	101.68480175062066	0.0025057396308955596	1.0001262702120792
2.0968569573967573	1.9006491139634927	0.06741384331966456	0.7621668939604754	0.10054436894939368	97.7444582981922	101.68480175062066	0.0025057396308955596	1.0001262702120792
2.0968569573967573	1.9006491139634927	0.06741384331966456	0.7621668939604754	0.10054436894939368	97.7444582981922	101.68480175062066	0.0024785590594191345	1.0001262702120792
2.096821708012718	1.9006491139634927	0.06741384331966456	0.7621668939604754	0.10054436894939368	97.7444582981922	101.68480175062066	0.0024785590594191345	1.0001262702120792
2.096821708012718	1.9006491139634927	0.06741384331966456	0.7621668939604754	0.10054232089136414	97.7444582981922	101.68480175062066	0.0024785590594191345	1.0001262702120792
2.096821708012718	1.900192970613694	0.06741384331966456	0.7621668939604754	0.10054232089136414	97.7444582981922	101.68480175062066	0.0024785590594191345	1.0001262702120792
2.096821708012718	1.900192970613694	0.06741384331966456	0.7621788737430792	0.10054232089136414	97.7444582981922	101.68480175062066	0.0024785590594191345	1.0001262702120792
2.096821708012718	1.900192970613694	0.06741384331966456	0.7621788737430792	0.10054232089136414	97.7444582981922	101.68480175062066	0.002480079982366563	1.0001262702120792
2.096821708012718	1.900192970613694	0.06741384331966456	0.7621788737430792	0.10054232089136414	97.7444582981922	101.68480175062066	0.002480079982366563	1.0001262702120792
2.096821708012718	1.900192970613694	0.06741384331966456	0.7621788737430792	0.10054232089136414	97.7444582981922	101.68480175062066	0.002480079982366563	1.0001262702120792
2.096821708012718	1.900192970613694	0.06741384331966456	0.7621788737430792	0.10054232089136414	97.7444582981922	101.68480175062066	0.0024801628791049778	1.0001262702120792
2.096821708012718	1.900192970613694	0.06741384331966456	0.7621788737430792	0.10054232089136414	97.7444582981922	101.68480175062066	0.0024801628791049778	1.0001261744390617
2.096821708012718	1.900192970613694	0.06741384331966456	0.7621788737430792	0.10054232089136414	97.7444582981922	101.68480175062066	0.0024801628791049778	1.0001261744390617
2.096821708012718	1.900192970613694	0.06741384331966456	0.7621788737430792	0.10054232089136414	97.7444582981922	101.68480175062066	0.0024801628791049778	1.0001261744390617
2.096821708012718	1.900192970613694	0.06741384331966456	0.7621788737430792	0.10054232089136414	97.7444582981922	101.68480175062066	0.0024142215751101434	1.0001261744390617
2.096821708012718	1.900192970613694	0.06741384331966456	0.7621788737430792	0.10054232089136414	97.7444582981922	101.68480175062066	0.0024142215751101434	1.0001261744390617
2.096821708012718	1.900192970613694	0.06741384331966456	0.7622148122144805	0.10054232089136414	97.7444582981922	101.68480175062066	0.0024142215751101434	1.0001261744390617
2.096821708012718	1.900192970613694	0.06741384331966456	0.7622148122144805	0.10054232089136414	97.7444582981922	101.68480175062066	0.0024142215751101434	1.0001261744390617
2.096821708012718	1.900192970613694	0.06741384331966456	0.7622148122144805	0.10054232089136414	97.7444582981922	101.68480175062066	0.0024142215751101434	1.0001261744390617
2.096821708012718	1.900192970613694	0.06741384331966456	0.7622148122144805	0.10054232089136414	97.7444582981922	101.68480175062066	0.0024142215751101434	1.0001261744390617
2.096821708012718	1.900192970613694	0.06741384331966456	0.7622148122144805	0.10054232089136414	97.7444582981922	101.68480175062066	0.0024142215751101434	1.0001216475505426
2.096821708012718	1.900192970613694	0.06741384331966456	0.7622148122144805	0.10054232089136414	97.7444582981922	101.68480175062066	0.0024142215751101434	1.0001216475505426
2.096821708012718	1.900192970613694	0.06741384331966456	0.7622148122144805	0.10054232089136414	97.7444582981922	101.68480175062066	0.0024142215751101434	1.0001216475505426
2.096821708012718	1.900192970613694	0.06741384331966456	0.7622148122144805	0.10054232089136414	97.7444582981922	101.68480175062066	0.0024142215751101434	1.0001216475505426
2.096821708012718	1.900192970613694	0.06741384331966456	0.7622148122144805	0.10054232089136414	97.7444582981922	101.68480175062066	0.0024142215751101434	1.0001216475505426
2.096821708012718	1.900192970613694	0.06741384331966456	0.7622148122144805	0.10054232089136414	97.7444582981922	101.68480175062066	0.0024142215751101434	1.0001216475505426
2.096821708012718	1.900192970613694	0.06741384331966456	0.7622148122144805	0.10054232089136414	97.7444582981922	101.57867874135708	0.0024142215751101434	1.0001216475505426
2.096821708012718	1.8976876070249507	0.06741384331966456	0.7622148122144805	0.10054232089136414	97.7444582981922	101.57867874135708	0.0024142215751101434	1.0001216475505426
2.096824740483587	1.8976876070249507	0.06741384331966456	0.7622148122144805	0.10054232089136414	97.7444582981922	101.57867874135708	0.0024142215751101434	1.0001216475505426
2.096824740483587	1.8976876070249507	0.06741384331966456	0.7622148122144805	0.10054232089136414	97.7444582981922	101.57867874135708	0.002414215531121226	1.0001216475505426
2.096824740483587	1.8976876070249507	0.06741384331966456	0.7622148122144805	0.10054232089136414	97.7444582981922	101.57867874135708	0.002414215531121226	1.0001216475505426
2.096824740483587	1.8976876070249507	0.06741384331966456	0.7622148122144805	0.10054232089136414	97.7444582981922	101.57867874135708	0.002414215531121226	1.0001216475505426
2.096824740483587	1.8976876070249507	0.06741384331966456	0.7622148122144805	0.10054232089136414	97.7444582981922	101.57867874135708	0.002414215531121226	1.0001216475505426
2.096824740483587	1.8976876070249507	0.06741384331966456	0.7622148122144805	0.10054232089136414	97.7444582981922	101.57867874135708	0.002414215531121226	1.0001216475505426
2.096824740483587	1.8976876070249507	0.06741384331966456	0.7622148122144805	0.10054232089136414	97.7444582981922	101.57867874135708	0.002414215531121226	1.0001216475505426
2.096824740483587	1.8976876070249507	0.06741384331966456	0.7622098200658689	0.10054232089136414	97.7444582981922	101.57867874135708	0.002414215531121226	1.0001216475505426
2.096824740483587	1.8976876070249507	0.06741384331966456	0.7622098200658689	0.10054232089136414	97.7444582981922	101.58543379869919	0.002414215531121226	1.0001216475505426
2.096824740483587	1.8976876070249507	0.06741384331966456	0.7622098200658689	0.10056253139380582	97.7444582981922	101.58543379869919	0.002414215531121226	1.0001216475505426
2.096824740483587	1.8976876070249507	0.06741384331966456	0.7622098200658689	0.10056253139380582	97.7444582981922	101.58543379869919	0.002414215531121226	1.0001216475505426
2.096824740483587	1.8976876070249507	0.06741384331966456	0.7622098200658689	0.10056253139380582	97.7444582981922	101.58543379869919	0.002414215531121226	1.0001216475505426
2.096824740483587	1.8976876070249507	0.06741384331966456	0.7622098200658689	0.10056253139380582	97.7444582981922	101.58543379869919	0.002414215531121226	1.0001216475505426
2.096824740483587	1.8976876070249507	0.06741384331966456	0.7622098200658689	0.10056253139380582	97.79279492050318	101.58543379869919	0.002414215531121226	1.0001216475505426
2.096824740483587	1.8976876070249507	0.06741384331966456	0.7622098200658689	0.10056253139380582	97.79279492050318	101.58543379869919	0.002414215531121226	1.0001216475505426
2.096824740483587	1.8976826263767146	0.06741384331966456	0.7622098200658689	0.10056253139380582	97.79279492050318	101.58543379869919	0.002414215531121226	1.0001216475505426
2.096824740483587	1.8976826263767146	0.06741384331966456	0.7622098200658689	0.10056253139380582	97.79279492050318	101.58543379869919	0.002414215531121226	1.0001216475505426
2.096824740483587	1.8976826263767146	0.06741384331966456	0.7622098200658689	0.10056253139380582	97.79279492050318	101.58543379869919	0.002414735660008127	1.0001216475505426
2.096824740483587	1.8976826263767146	0.06741384331966456	0.7622892953759706	0.10056253139380582	97.79279492050318	101.58543379869919	0.002414735660008127	1.0001216475505426
2.096780415104419	1.8976826263767146	0.06741384331966456	0.7622892953759706	0.10056253139380582	97.79279492050318	101.58543379869919	0.002414735660008127	1.0001216475505426
2.096780415104419	1.8976826263767146	0.06739898208173774	0.7622892953759706	0.10056253139380582	97.79279492050318	101.58543379869919	0.002414735660008127	1.0001216475505426
2.096780415104419	1.8976826263767146	0.06739898208173774	0.7622892953759706	0.10056253139380582	97.79279492050318	101.58543379869919	0.002414735660008127	1.0001216475505426
2.096780415104419	1.8976826263767146	0.06739898208173774	0.7622892953759706	0.10056253139380582	97.80430754410354	101.58543379869919	0.002414735660008127	1.0001216475505426
2.096780415104419	1.8976826263767146	0.06739898208173774	0.7622892953759706	0.10056253139380582	97.80434650265897	101.58543379869919	0.002414735660008127	1.0001216475505426
2.096780415104419	1.8976826263767146	0.06739898208173774	0.7622892953759706	0.10056253139380582	97.80434650265897	101.58543379869919	0.002414735660008127	1.0001216475505426
2.096780415104419	1.8976826263767146	0.06739898208173774	0.7622892953759706	0.1006151636176208	97.80434650265897	101.58543379869919	0.002414735660008127	1.0001216475505426
2.096780415104419	1.8976826263767146	0.06739898208173774	0.7622892953759706	0.1006151636176208	97.80434650265897	101.58771807604657	0.002414735660008127	1.0001216475505426
2.096780415104419	1.8976826263767146	0.06739898208173774	0.7622892953759706	0.1006151636176208	97.80434650265897	101.58771807604657	0.002414735660008127	1.0001216475505426
2.096780415104419	1.8976826263767146	0.06739898208173774	0.7622892953759706	0.1006151636176208	97.80434650265897	101.58771807604657	0.0024147160553254707	1.0001216475505426
2.096769814814393	1.8976826263767146	0.06739898208173774	0.7622892953759706	0.1006151636176208	97.80434650265897	101.58771807604657	0.0024147160553254707	1.0001216475505426
2.096769814814393	1.8976826263767146	0.06739898208173774	0.7622892953759706	0.1006151636176208	97.80434650265897	101.58771807604657	0.0024147160553254707	1.0001216209393586
2.096769814814393	1.8976826263767146	0.06739898208173774	0.7622892953759706	0.1006151636176208	97.80434650265897	101.45371725444281	0.0024147160553254707	1.0001216209393586
2.096769814814393	1.8976826263767146	0.06739898208173774	0.7622892953759706	0.1006151636176208	97.80434650265897	101.45371725444281	0.0024147160553254707	1.0001216209393586
2.096769814814393	1.8976826263767146	0.06739898208173774	0.7622892953759706	0.1006151636176208	97.80434650265897	103.78813962264374	0.0024147160553254707	1.0001216209393586
2.096769814814393	1.8976826263767146	0.06739898208173774	0.7622892953759706	0.1006151636176208	97.80434650265897	103.7881707360537	0.0024147160553254707	1.0001216209393586
2.096769814814393	1.8976826263767146	0.06739898208173774	0.7622892953759706	0.1006151636176208	97.80434650265897	103.78879033553855	0.0024147160553254707	1.0001216209393586
2.096769814814393	1.8976826263767146	0.06739898208173774	0.7622892953759706	0.10061521371107239	97.80434650265897	103.78879033553855	0.0024147160553254707	1.0001216209393586
2.096769814814393	1.8976826263767146	0.06739898208173774	0.7624770895242171	0.10061521371107239	97.80434650265897	103.78879033553855	0.0024147160553254707	1.0001216209393586
2.096769814814393	1.8976826263767146	0.06739898208173774	0.7624770895242171	0.10061521371107239	97.80434650265897	103.84166230436294	0.0024147160553254707	1.0001216209393586
2.096769814814393	1.8976826263767146	0.06739898208173774	0.7624770895242171	0.10061521371107239	97.80434650265897	103.92812490528782	0.0024147160553254707	1.0001216209393586
2.096769814814393	1.8976826263767146	0.06739898208173774	0.7624770895242171	0.10061521371107239	97.80434650265897	103.92812490528782	0.0024147160553254707	1.0001216209393586
2.096769814814393	1.8976819966694676	0.06739898208173774	0.7624770895242171	0.10061521371107239	97.80434650265897	103.92812490528782	0.0024147160553254707	1.0001216209393586
2.096769814814393	1.8976819966694676	0.06739898208173774	0.7624770895242171	0.10061538854596774	97.80434650265897	103.92812490528782	0.0024147160553254707	1.0001216209393586
2.096769814814393	1.8976819966694676	0.06739898208173774	0.7624770895242171	0.10061538854596774	97.80434650265897	103.91401983638933	0.0024147160553254707	1.0001216209393586
2.096769814814393	1.8976819966694676	0.06739898208173774	0.7624770895242171	0.10061538854596774	97.80434650265897	103.91401983638933	0.0024147160553254707	1.0001216209393586
2.096769814814393	1.8976819966694676	0.06739898208173774	0.7624770895242171	0.10061538854596774	97.80434650265897	103.91401983638933	0.0024147160553254707	1.0001216209393586
2.096769814814393	1.8976819966694676	0.06743423787906104	0.7624770895242171	0.10061538854596774	97.80434650265897	103.91401983638933	0.0024147160553254707	1.0001216209393586
2.096769814814393	1.8976819966694676	0.06743423787906104	0.7624770895242171	0.10061538854596774	97.80434650265897	103.91401983638933	0.0024147160553254707	1.0001216209393586
2.096769814814393	1.8976819966694676	0.06743423787906104	0.7624770895242171	0.10061538854596774	97.79116418922787	103.91401983638933	0.0024147160553254707	1.0001216209393586
2.096769814814393	1.8976819966694676	0.06743423787906104	0.7624770895242171	0.10061538854596774	97.79116418922787	103.91401983638933	0.0024147160553254707	1.0001216209393586
2.096769814814393	1.8976819966694676	0.06743423787906104	0.7624770895242171	0.10061538854596774	97.79116418922787	103.91401983638933	0.002386062043138706	1.0001216209393586
2.096769814814393	1.8976819966694676	0.06743423787906104	0.7624770895242171	0.10061538854596774	97.79116418922787	103.91401983638933	0.002386062043138706	1.0001216209393586
2.096769814814393	1.8976819966694676	0.06743423787906104	0.7624770895242171	0.10061538854596774	97.79116418922787	103.91401983638933	0.002394577589977545	1.0001216209393586
2.096769814814393	1.8976819966694676	0.06743423787906104	0.7624770895242171	0.10061538854596774	97.79116418922787	103.91401983638933	0.002394577589977545	1.0001216209393586
2.096769814814393	1.8976819966694676	0.06743423787906104	0.7624770895242171	0.10061538854596774	97.79116418922787	103.91401983638933	0.002394577589977545	1.0001216209393586
2.096769814814393	1.8976819966694676	0.06743423787906104	0.7623298963743829	0.10061538854596774	97.79116418922787	103.91401983638933	0.002394577589977545	1.0001216209393586
2.096769814814393	1.8977091173078413	0.06743423787906104	0.7623298963743829	0.10061538854596774	97.79116418922787	103.91401983638933	0.002394577589977545	1.0001216209393586
2.096769814814393	1.8977091173078413	0.06743423787906104	0.7623298963743829	0.10061538854596774	97.79116418922787	103.91401983638933	0.002394577589977545	1.0001216209393586
2.096769814814393	1.8977091173078413	0.06744922254101753	0.7623298963743829	0.10061538854596774	97.79116418922787	103.91401983638933	0.002394577589977545	1.0001216209393586
2.096769814814393	1.8977091173078413	0.06744922254101753	0.7623298963743829	0.10061538854596774	97.79116418922787	103.91401983638933	0.002394577589977545	1.0001216209393586
2.096769814814393	1.8977091173078413	0.06744922254101753	0.7623298963743829	0.10061538854596774	97.79116418922787	103.91401983638933	0.002394577589977545	1.0001216209393586
2.096769814814393	1.8977091173078413	0.06744922254101753	0.7623298963743829	0.10061538854596774	97.79116418922787	103.91401983638933	0.002689050369041462	1.0001216209393586
2.096769814814393	1.8977091173078413	0.06744922254101753	0.7623298963743829	0.10061538854596774	97.79116418922787	103.91401983638933	0.002689050369041462	1.0001216209393586
2.096769814814393	1.8977091173078413	0.06744922254101753	0.7623259138099305	0.10061538854596774	97.79116418922787	103.91401983638933	0.002689050369041462	1.0001216209393586
2.096769814814393	1.8977255974130625	0.06744922254101753	0.7623259138099305	0.10061538854596774	97.79116418922787	103.91401983638933	0.002689050369041462	1.0001216209393586
2.096769814814393	1.8977255974130625	0.067461622068943	0.7623259138099305	0.10061538854596774	97.79116418922787	103.91401983638933	0.002689050369041462	1.0001216209393586
2.096769814814393	1.8977255974130625	0.067461622068943	0.7623259138099305	0.10061538854596774	97.79116418922787	103.91401983638933	0.002689050369041462	1.0001216209393586
2.096769814814393	1.8977255974130625	0.067461622068943	0.7623164082042491	0.10061538854596774	97.79116418922787	103.91401983638933	0.002689050369041462	1.0001216209393586
2.096769814814393	1.8977255974130625	0.067461622068943	0.7623164082042491	0.10061538854596774	97.82823940818842	103.91401983638933	0.002689050369041462	1.0001216209393586
2.096769814814393	1.8977255974130625	0.067461622068943	0.7623164082042491	0.10061538854596774	97.82823940818842	103.91401983638933	0.002689050369041462	1.0001216209393586
2.096769814814393	1.8977255974130625	0.067461622068943	0.7623164082042491	0.10061538854596774	97.82823940818842	103.91401983638933	0.0026910751022182007	1.0001216209393586
2.096769814814393	1.8977255974130625	0.067461622068943	0.7623164082042491	0.10061538854596774	97.82823940818842	103.91401983638933	0.0026910751022182007	1.0001216209393586
2.096769814814393	1.8977255974130625	0.067461622068943	0.7623164082042491	0.10061538854596774	97.82823940818842	103.91401983638933	0.0026910751022182007	1.0001216209393586
2.096769814814393	1.8977255974130625	0.067461622068943	0.7623164082042491	0.10061538854596774	97.82823940818842	103.91401983638933	0.0026910751022182007	1.0001216209393586
2.096769814814393	1.8977255974130625	0.067461622068943	0.7623164082042491	0.10061538854596774	97.82823940818842	103.91401983638933	0.002629854657960826	1.0001216209393586
2.096769814814393	1.8977255974130625	0.067461622068943	0.7623164082042491	0.10061538854596774	97.82823940818842	103.91401983638933	0.002628806350130908	1.0001216209393586
2.096769814814393	1.8977255974130625	0.067461622068943	0.7623164082042491	0.10061538854596774	97.82823940818842	103.91401983638933	0.002628806350130908	1.0001216209393586
2.096769814814393	1.8977255974130625	0.067461622068943	0.7623164082042491	0.10061538854596774	97.82823940818842	103.91401983638933	0.002628806350130908	1.0001164409830496
2.096769814814393	1.8977255974130625	0.067461622068943	0.7623164082042491	0.10061522928202575	97.82823940818842	103.91401983638933	0.002628806350130908	1.0001164409830496
2.096769814814393	1.8977255974130625	0.067461622068943	0.7623164082042491	0.10061522928202575	97.82823940818842	103.91445100721654	0.002628806350130908	1.0001164409830496
2.096769814814393	1.8977255974130625	0.067461622068943	0.7623164082042491	0.10061522928202575	97.82823940818842	103.91445100721654	0.002628806350130908	1.0001164409830496
2.096769814814393	1.8977255974130625	0.067461622068943	0.7623164082042491	0.10061522928202575	97.82823940818842	103.91445100721654	0.002628806350130908	1.0001164409830496
2.096769814814393	1.8977255974130625	0.067461622068943	0.7623164082042491	0.10061522928202575	97.82823940818842	103.91445100721654	0.002628806350130908	1.0001164409830496
2.096769814814393	1.8977255974130625	0.067461622068943	0.7623164082042491	0.10061522928202575	97.82823940818842	103.91445100721654	0.002628806350130908	1.0001164409830496
2.096769814814393	1.8977255974130625	0.067461622068943	0.7623164082042491	0.10061522928202575	97.82823940818842	103.91429505881317	0.002628806350130908	1.0001164409830496
2.096769814814393	1.8977255974130625	0.067461622068943	0.7623164082042491	0.10046318623158156	97.82823940818842	103.91429505881317	0.002628806350130908	1.0001164409830496
2.096769814814393	1.8977255974130625	0.067461622068943	0.7623164082042491	0.10046318623158156	97.82823940818842	103.91429505881317	0.002628806350130908	1.0001164409830496
2.096769814814393	1.8977255974130625	0.067461622068943	0.7623164082042491	0.10046318623158156	97.82823940818842	104.0934154142692	0.002628806350130908	1.0001164409830496
2.096769814814393	1.8977255974130625	0.067461622068943	0.7623164082042491	0.10046318623158156	97.80695683984426	104.0934154142692	0.002628806350130908	1.0001164409830496
2.096769814814393	1.8977255974130625	0.067461622068943	0.7623164082042491	0.10046318623158156	97.80695683984426	104.0934154142692	0.002628806350130908	1.0001182749925526
2.096769814814393	1.8977255974130625	0.067461622068943	0.7623164082042491	0.10046318623158156	97.80695683984426	104.0934154142692	0.002553872678678362	1.0001182749925526
2.096769814814393	1.8986310687673855	0.067461622068943	0.7623164082042491	0.10046318623158156	97.80695683984426	104.0934154142692	0.002553872678678362	1.0001182749925526
2.096769814814393	1.8986310687673855	0.067461622068943	0.7623164082042491	0.10046318623158156	97.80695683984426	104.0934154142692	0.002553872678678362	1.0001182749925526
2.096769814814393	1.8986310687673855	0.067461622068943	0.7623164082042491	0.10046318623158156	97.80695683984426	104.0934154142692	0.002553872678678362	1.0001182749925526
2.096769814814393	1.8986310687673855	0.067461622068943	0.7623164082042491	0.10046318623158156	97.80764119349254	104.0934154142692	0.002553872678678362	1.0001182749925526
2.096769814814393	1.8986310687673855	0.067461622068943	0.7623164082042491	0.10046318623158156	97.80764119349254	104.0934154142692	0.002553872678678362	1.0001182749925526
2.096769814814393	1.8986310687673855	0.067461622068943	0.7623164082042491	0.10071251573478891	97.80764119349254	104.0934154142692	0.002553872678678362	1.0001182749925526
2.096769814814393	1.8986310687673855	0.067461622068943	0.7623164082042491	0.10071251573478891	97.80764119349254	104.0934154142692	0.002553872678678362	1.0001184439585569
2.096769814814393	1.8986310687673855	0.067461622068943	0.7623164082042491	0.10071251573478891	97.80764119349254	104.0934154142692	0.0025598394606170974	1.0001184439585569
2.096769814814393	1.8986310687673855	0.067461622068943	0.7623164082042491	0.10071251573478891	97.80764119349254	104.09858257991762	0.0025598394606170974	1.0001184439585569
2.096769814814393	1.8986310687673855	0.067461622068943	0.7623164082042491	0.10071251573478891	97.80764119349254	104.09858257991762	0.0025598394606170974	1.0001184439585569
2.096769814814393	1.8986310687673855	0.067461622068943	0.7623164082042491	0.10071251573478891	97.80764119349254	104.09858257991762	0.0025598394606170974	1.0001184439585569
2.096769814814393	1.8986310687673855	0.067461622068943	0.7623164082042491	0.10071251573478891	97.80764119349254	104.09858257991762	0.0025598394606170974	1.0001184439585569
2.096769814814393	1.8986310687673855	0.0674639892570722	0.7623164082042491	0.10071251573478891	97.80764119349254	104.09858257991762	0.0025598394606170974	1.0001184439585569
2.096769814814393	1.8986310687673855	0.0674639892570722	0.7623164082042491	0.10071251573478891	97.80764119349254	104.09858257991762	0.0025598394606170974	1.0001184439585569
2.096769814814393	1.8986310687673855	0.0674639892570722	0.7623164082042491	0.10071251573478891	97.80764119349254	104.09858257991762	0.0025598394606170974	1.0001184439585569
2.096769814814393	1.8986310687673855	0.0674639892570722	0.7623164082042491	0.10071251573478891	97.80764119349254	104.09858257991762	0.0025598394606170974	1.0001184439585569
2.0967687675468856	1.8986310687673855	0.0674639892570722	0.7623164082042491	0.10071251573478891	97.80764119349254	104.09858257991762	0.0025598394606170974	1.0001184439585569
2.0967687675468856	1.8986310687673855	0.0674639892570722	0.7623164082042491	0.10071095679171774	97.80764119349254	104.09858257991762	0.0025598394606170974	1.0001184439585569
2.0967687675468856	1.8986310687673855	0.0674639892570722	0.7623164082042491	0.10071095679171774	97.80764119349254	104.09858257991762	0.0025598394606170974	1.0001184439585569
2.0967687675468856	1.8986310687673855	0.0674639892570722	0.7623164082042491	0.10071095679171774	97.80764119349254	104.09858257991762	0.0025598394606170974	1.0001184439585569
2.0967687675468856	1.8986310687673855	0.0674639892570722	0.7623164082042491	0.10071095679171774	97.80764119349254	104.09858257991762	0.0025598394606170974	1.0001184439585569
2.0967687675468856	1.8986310687673855	0.0674639892570722	0.7623164082042491	0.10071095679171774	97.80764119349254	104.09858257991762	0.0025598394606170974	1.0001184439585569
2.0967687675468856	1.8986310687673855	0.0674639892570722	0.7623164082042491	0.10071095679171774	97.80767761910364	104.09858257991762	0.0025598394606170974	1.0001184439585569
2.0967687675468856	1.8984987184292028	0.0674639892570722	0.7623164082042491	0.10071095679171774	97.80767761910364	104.09858257991762	0.0025598394606170974	1.0001184439585569
2.0967687675468856	1.8984987184292028	0.0674639892570722	0.7623164082042491	0.10071095679171774	97.80767761910364	104.09858257991762	0.0025598394606170974	1.0001184439585569
2.0967687675468856	1.8984991837259713	0.0674639892570722	0.7623164082042491	0.10071095679171774	97.80767761910364	104.09858257991762	0.0025598394606170974	1.0001184439585569
2.096437697755448	1.8984991837259713	0.0674639892570722	0.7623164082042491	0.10071095679171774	97.80767761910364	104.09858257991762	0.0025598394606170974	1.0001184439585569
2.096437697755448	1.8984991837259713	0.0674639892570722	0.7623164082042491	0.10071095679171774	97.80767761910364	104.09858257991762	0.0025598394606170974	1.0001184439585569
2.096437697755448	1.8984991837259713	0.0674639892570722	0.7623164082042491	0.10071095679171774	97.80767761910364	104.09858257991762	0.0025598394606170974	1.0001184439585569
2.096437697755448	1.8984991837259713	0.0674639892570722	0.7623164082042491	0.10071095679171774	97.80767761910364	104.09858257991762	0.0025598394606170974	1.0001184439585569
2.096437697755448	1.8984991837259713	0.06746546219353532	0.7623164082042491	0.10071095679171774	97.80767761910364	104.09858257991762	0.0025598394606170974	1.0001184439585569
2.098189122890899	1.8984991837259713	0.06746546219353532	0.7623164082042491	0.10071095679171774	97.80767761910364	104.09858257991762	0.0025598394606170974	1.0001184439585569
2.098189122890899	1.8984991837259713	0.06746546219353532	0.7623164082042491	0.10071095679171774	97.80767761910364	104.09858257991762	0.0025598394606170974	1.0001184439585569
2.098189122890899	1.8993893740005994	0.06746546219353532	0.7623164082042491	0.10071095679171774	97.80767761910364	104.09858257991762	0.0025598394606170974	1.0001184439585569
2.098189122890899	1.8993893740005994	0.06746546219353532	0.7623164082042491	0.10071095679171774	97.80767761910364	104.1082442080294	0.0025598394606170974	1.0001184439585569
2.098189122890899	1.8993893740005994	0.06746546219353532	0.7623164082042491	0.10071095679171774	97.80767761910364	104.1082442080294	0.0025598394606170974	1.0001184439585569
2.098189122890899	1.899408098868757	0.06746546219353532	0.7623164082042491	0.10071095679171774	97.80767761910364	104.1082442080294	0.0025598394606170974	1.0001184439585569
2.098189122890899	1.899408098868757	0.06746221728613484	0.7623164082042491	0.10071095679171774	97.80767761910364	104.1082442080294	0.0025598394606170974	1.0001184439585569
2.098189122890899	1.899408098868757	0.06746221728613484	0.7623164082042491	0.10071095679171774	97.80767761910364	104.1082442080294	0.0025598394606170974	1.0001184439585569
2.0981691429298914	1.899408098868757	0.06746221728613484	0.7623164082042491	0.10071095679171774	97.80767761910364	104.1082442080294	0.0025598394606170974	1.0001184439585569
2.0981691429298914	1.899408098868757	0.06746221728613484	0.7623164082042491	0.10071095679171774	97.80767761910364	104.1082442080294	0.0025598394606170974	1.000118778379743
2.0981691429298914	1.899408098868757	0.06746221728613484	0.7623164082042491	0.10071095679171774	97.80767761910364	104.1082442080294	0.0025598394606170974	1.000118778379743
2.0981691429298914	1.899408098868757	0.06746221728613484	0.7623164082042491	0.10071095679171774	97.80767761910364	104.1082442080294	0.0025598394606170974	1.000118778379743
2.0981691429298914	1.899408098868757	0.06746221728613484	0.7623164082042491	0.10071095679171774	97.80767761910364	104.1082442080294	0.0025598394606170974	1.000118778379743
2.0981691429298914	1.899408098868757	0.06746221728613484	0.7623164082042491	0.10071095679171774	97.80767761910364	104.1082442080294	0.0025598394606170974	1.000118778379743
2.0981691429298914	1.899408098868757	0.06746221728613484	0.7623164082042491	0.10071095679171774	97.80767761910364	104.1082442080294	0.0025598394606170974	1.0001194095961403
2.0981691429298914	1.899408098868757	0.06746221728613484	0.7623164082042491	0.10071095679171774	97.80767761910364	104.1082442080294	0.0025598394606170974	1.0001194095961403
2.0981691429298914	1.899408098868757	0.06746221728613484	0.7623164082042491	0.10071095679171774	97.80767761910364	104.1082442080294	0.0025598394606170974	1.0001194095961403
2.0981691429298914	1.899408098868757	0.06746221728613484	0.7623164082042491	0.10071095679171774	97.80767761910364	104.1082442080294	0.0025599503908984894	1.0001194095961403
2.0981691429298914	1.89941349856587	0.06746221728613484	0.7623164082042491	0.10071095679171774	97.80767761910364	104.1082442080294	0.0025599503908984894	1.0001194095961403
2.0981691429298914	1.89941349856587	0.06746221728613484	0.7623164082042491	0.10071095679171774	97.80767761910364	104.1082442080294	0.0025599503908984894	1.0001194095961403
2.0981691429298914	1.89941349856587	0.06746221728613484	0.7623164082042491	0.10071095679171774	97.80767761910364	104.1082442080294	0.0025599503908984894	1.0001194095961403
2.0981691429298914	1.89941349856587	0.06746221728613484	0.7623164082042491	0.10071095679171774	97.80744973429499	104.1082442080294	0.0025599503908984894	1.0001194095961403
2.0981691429298914	1.8994136364363274	0.06746221728613484	0.7623164082042491	0.10071095679171774	97.80744973429499	104.1082442080294	0.0025599503908984894	1.0001194095961403
2.0981691429298914	1.8994016134120577	0.06746221728613484	0.7623164082042491	0.10071095679171774	97.80744973429499	104.1082442080294	0.0025599503908984894	1.0001194095961403
2.0981691429298914	1.8994016134120577	0.06746221728613484	0.7623164082042491	0.10071095679171774	97.80744973429499	104.1082442080294	0.0025599503908984894	1.0001194095961403
2.0981691429298914	1.8994016134120577	0.06746221728613484	0.7623164082042491	0.10071095679171774	97.80744973429499	104.10514297403645	0.0025599503908984894	1.0001194095961403
2.0981691429298914	1.8994016134120577	0.06746221728613484	0.7623164082042491	0.10071095679171774	97.80744973429499	103.93197200166655	0.0025599503908984894	1.0001194095961403
2.0981691429298914	1.8994700140372933	0.06746221728613484	0.7623164082042491	0.10071095679171774	97.80744973429499	103.93197200166655	0.0025599503908984894	1.0001194095961403
2.0981691429298914	1.8994700140372933	0.06746221728613484	0.7623164082042491	0.1007112251266957	97.80744973429499	103.93197200166655	0.0025599503908984894	1.0001194095961403
2.0981691429298914	1.8994700140372933	0.06746221728613484	0.7623164082042491	0.1007112251266957	97.80744973429499	103.93197200166655	0.0025599503908984894	1.0001192374344932
2.0981691429298914	1.8994700140372933	0.06746221728613484	0.7623164082042491	0.1007112251266957	97.80744973429499	103.93197200166655	0.0025599503908984894	1.0001192374344932
2.0981691429298914	1.8994700140372933	0.06746221728613484	0.7623265871024653	0.1007112251266957	97.80744973429499	103.93197200166655	0.0025599503908984894	1.0001192374344932
2.0981691429298914	1.8994700140372933	0.06746221728613484	0.7623265871024653	0.1007112251266957	97.80744973429499	103.93197200166655	0.0025599503908984894	1.0001192374344932
2.0981691429298914	1.8994700140372933	0.06746221728613484	0.7623265871024653	0.1007112251266957	97.80744973429499	103.93197200166655	0.0025599503908984894	1.0001192374344932
2.0981691429298914	1.8994700140372933	0.06746221728613484	0.7623265871024653	0.1007112251266957	97.80744973429499	103.93187309589473	0.0025599503908984894	1.0001192374344932
2.0981691429298914	1.8994700140372933	0.06741019590464022	0.7623265871024653	0.1007112251266957	97.80744973429499	103.93187309589473	0.0025599503908984894	1.0001192374344932
2.0981691429298914	1.8994700140372933	0.06741019590464022	0.7623265871024653	0.1007112251266957	97.80744973429499	103.93187309589473	0.0025599503908984894	1.0001192374344932
2.0981691429298914	1.8994700140372933	0.06741019590464022	0.7623265871024653	0.1007112251266957	97.80744973429499	102.7469685032397	0.0025599503908984894	1.0001192374344932
2.0981691429298914	1.8994700140372933	0.06741019590464022	0.7623265871024653	0.1007112251266957	97.80744973429499	102.7469685032397	0.0025596138613648645	1.0001192374344932
2.0981691429298914	1.8994700140372933	0.06741019590464022	0.7623348434916327	0.1007112251266957	97.80744973429499	102.7469685032397	0.0025596138613648645	1.0001192374344932
2.0981691429298914	1.8994700140372933	0.06741019590464022	0.7623426943352977	0.1007112251266957	97.80744973429499	102.7469685032397	0.0025596138613648645	1.0001192374344932
2.0981691429298914	1.8994700140372933	0.06741019590464022	0.7623426943352977	0.10071141619379287	97.80744973429499	102.7469685032397	0.0025596138613648645	1.0001192374344932
2.0981691429298914	1.8994700140372933	0.06741019590464022	0.7623426943352977	0.10071141619379287	97.80744973429499	102.7469685032397	0.002543845516727596	1.0001192374344932
2.0981691429298914	1.9005110098835436	0.06741019590464022	0.7623426943352977	0.10071141619379287	97.80744973429499	102.7469685032397	0.002543845516727596	1.0001192374344932
2.0981691429298914	1.9005110098835436	0.06741019590464022	0.7623426943352977	0.10071141619379287	97.80744973429499	102.7469685032397	0.002543845516727596	1.0001192374344932
2.0981691429298914	1.9005110098835436	0.06741019590464022	0.7623426943352977	0.10071141619379287	97.80744973429499	102.7469685032397	0.002543845516727596	1.0001192374344932
2.0981691429298914	1.9005110098835436	0.06741019590464022	0.7623426943352977	0.10072113098767134	97.80744973429499	102.7469685032397	0.002543845516727596	1.0001192374344932
2.0981691429298914	1.9005162485555784	0.06741019590464022	0.7623426943352977	0.10072113098767134	97.80744973429499	102.7469685032397	0.002543845516727596	1.0001192374344932
2.0983162654341094	1.9005162485555784	0.06741019590464022	0.7623426943352977	0.10072113098767134	97.80744973429499	102.7469685032397	0.002543845516727596	1.0001192374344932
2.0983162654341094	1.9005162485555784	0.06741019590464022	0.7623426943352977	0.10072113098767134	97.80744973429499	102.7469685032397	0.002500755798360106	1.0001192374344932
2.0983162654341094	1.9005162485555784	0.06741019590464022	0.7623426943352977	0.10072113098767134	97.80744973429499	102.7469685032397	0.002500755798360106	1.0001192374344932
2.0983162654341094	1.9005162485555784	0.06741019590464022	0.7623426943352977	0.10072113098767134	97.80744973429499	102.7469685032397	0.002500755798360106	1.0001192374344932
2.0983162654341094	1.9005162485555784	0.06741019590464022	0.7623426943352977	0.10072113098767134	97.76921213751272	102.7469685032397	0.002500755798360106	1.0001192374344932
2.097561676682284	1.9005162485555784	0.06741019590464022	0.7623426943352977	0.10072113098767134	97.76921213751272	102.7469685032397	0.002500755798360106	1.0001192374344932
2.097561676682284	1.9005162485555784	0.06741019590464022	0.7623426943352977	0.10072113098767134	97.76921213751272	102.7469685032397	0.002500755798360106	1.0001192374344932
2.0969019245695915	1.9005162485555784	0.06741019590464022	0.7623426943352977	0.10072113098767134	97.76921213751272	102.7469685032397	0.002500755798360106	1.0001192374344932
2.0969019245695915	1.9005162485555784	0.06741019590464022	0.7623426943352977	0.10072463249520647	97.76921213751272	102.7469685032397	0.002500755798360106	1.0001192374344932
2.096903221159428	1.9005162485555784	0.06741019590464022	0.7623426943352977	0.10072463249520647	97.76921213751272	102.7469685032397	0.002500755798360106	1.0001192374344932
2.096903221159428	1.9005162485555784	0.06741019590464022	0.7623426943352977	0.10072463249520647	97.76913980646655	102.7469685032397	0.002500755798360106	1.0001192374344932
2.096903221159428	1.9005162485555784	0.06741019590464022	0.7623426943352977	0.10072463249520647	97.76913980646655	102.7469685032397	0.002500755798360106	1.0001191551875146
2.096903221159428	1.9005162485555784	0.06740532320946328	0.7623426943352977	0.10072463249520647	97.76913980646655	102.7469685032397	0.002500755798360106	1.0001191551875146
2.096903221159428	1.9005162485555784	0.06740532320946328	0.7623426943352977	0.10078690023415156	97.76913980646655	102.7469685032397	0.002500755798360106	1.0001191551875146
2.096903221159428	1.9005162485555784	0.06740532320946328	0.7623426943352977	0.10078690023415156	97.76913980646655	102.7469685032397	0.002500755798360106	1.0001191551875146
2.096903221159428	1.9005162485555784	0.06740532320946328	0.7623426943352977	0.10078690023415156	97.76913980646655	102.7469685032397	0.002500755798360106	1.0001191551875146
2.096903221159428	1.9005162485555784	0.06740532320946328	0.7623426943352977	0.10078690023415156	97.76913980646655	102.7469685032397	0.002500755798360106	1.0001191551875146
2.096903221159428	1.9005162485555784	0.06740532320946328	0.7623426943352977	0.10078690023415156	97.76913980646655	102.7469685032397	0.002500755798360106	1.0001191551875146
2.096903221159428	1.9005162485555784	0.06740532320946328	0.7623426943352977	0.10078690023415156	97.76913980646655	102.7469685032397	0.002500755798360106	1.0001191551875146
2.096903221159428	1.9005162485555784	0.06740532320946328	0.7623426943352977	0.10078690023415156	97.76913980646655	102.7469685032397	0.002500755798360106	1.0001191551875146
2.0969018623529476	1.9005162485555784	0.06740532320946328	0.7623426943352977	0.10078690023415156	97.76913980646655	102.7469685032397	0.002500755798360106	1.0001191551875146
2.0969018623529476	1.9005162485555784	0.06740532320946328	0.7623426943352977	0.10078690023415156	97.76907320204181	102.7469685032397	0.002500755798360106	1.0001191551875146
2.0969018623529476	1.9005162485555784	0.06740532320946328	0.7623426943352977	0.10078690023415156	97.77694196829424	102.7469685032397	0.002500755798360106	1.0001191551875146
2.0969018623529476	1.9005162485555784	0.06740532320946328	0.7623426943352977	0.10078690023415156	97.77694196829424	102.7469685032397	0.002500755798360106	1.0001191551875146
2.0969018623529476	1.9005162485555784	0.06740532320946328	0.7623426943352977	0.10078690023415156	97.77694196829424	102.7469685032397	0.002500755798360106	1.0001191551875146
2.0969018623529476	1.9005162485555784	0.06740532320946328	0.7623426943352977	0.10078690023415156	97.77694196829424	102.7469685032397	0.002500755798360106	1.0001191551875146
2.0969018623529476	1.9005162485555784	0.06739067689565152	0.7623426943352977	0.10078690023415156	97.77694196829424	102.7469685032397	0.002500755798360106	1.0001191551875146
2.0969018623529476	1.9005162485555784	0.06739067689565152	0.7623426943352977	0.10078690023415156	97.77694196829424	102.7469685032397	0.0025008080446022388	1.0001191551875146
2.0969018623529476	1.9005162485555784	0.06739067689565152	0.7623426943352977	0.10078690023415156	97.77694196829424	102.7469685032397	0.0025008080446022388	1.0001191551875146
2.0969018623529476	1.9005162485555784	0.06739067689565152	0.7623426943352977	0.10078690023415156	97.77694196829424	102.7469685032397	0.0025008080446022388	1.0001191551875146
2.0969018623529476	1.9005162485555784	0.06739067689565152	0.7623426943352977	0.10078690023415156	97.77694196829424	102.7469685032397	0.0025005979568878908	1.0001191551875146
2.0969018623529476	1.9005162485555784	0.06739067689565152	0.7623426943352977	0.10078690023415156	97.77694196829424	102.7469685032397	0.0025005979568878908	1.0001191551875146
2.0969018623529476	1.9005162485555784	0.06739067689565152	0.7623426943352977	0.10078690023415156	97.77694196829424	102.7469685032397	0.0025005979568878908	1.0001191551875146
2.0969018623529476	1.9005162485555784	0.06739067689565152	0.7623426943352977	0.10086951864925382	97.77694196829424	102.7469685032397	0.0025005979568878908	1.0001191551875146
2.0969018623529476	1.9005114402530192	0.06739067689565152	0.7623426943352977	0.10086951864925382	97.77694196829424	102.7469685032397	0.0025005979568878908	1.0001191551875146
2.0969018623529476	1.9005110771415803	0.06739067689565152	0.7623426943352977	0.10086951864925382	97.77694196829424	102.7469685032397	0.0025005979568878908	1.0001191551875146
2.0969018623529476	1.9005110771415803	0.06739067689565152	0.7623426943352977	0.10086951864925382	97.77604585163138	102.7469685032397	0.0025005979568878908	1.0001191551875146
2.0969018623529476	1.9005110771415803	0.06738605015382351	0.7623426943352977	0.10086951864925382	97.77604585163138	102.7469685032397	0.0025005979568878908	1.0001191551875146
2.0969018623529476	1.9005110771415803	0.06738605015382351	0.7623426943352977	0.10086951864925382	97.77604585163138	102.7469685032397	0.0025005986118976317	1.0001191551875146
2.0969018623529476	1.9005110771415803	0.06738605015382351	0.7626368150701294	0.10086951864925382	97.77604585163138	102.7469685032397	0.0025005986118976317	1.0001191551875146
2.0969018623529476	1.9005110771415803	0.06738605015382351	0.7626368150701294	0.10086951864925382	97.77604585163138	102.7469685032397	0.0025005986118976317	1.0001191551875146
2.0969018623529476	1.9005110771415803	0.06738605015382351	0.7626368150701294	0.10086951864925382	97.77604585163138	102.7469685032397	0.0025005986118976317	1.0001191551875146
2.0969018623529476	1.9005110771415803	0.06738605015382351	0.7626368150701294	0.10086951864925382	97.77358017365987	102.7469685032397	0.0025005986118976317	1.0001191551875146
2.0969018623529476	1.9005110771415803	0.06738605015382351	0.7626368150701294	0.10086951864925382	97.77358017365987	102.7469685032397	0.0025005986118976317	1.0001191551875146
2.0969018623529476	1.8992831844444502	0.06738605015382351	0.7626368150701294	0.10086951864925382	97.77358017365987	102.7469685032397	0.0025005986118976317	1.0001191551875146
2.0969018623529476	1.8992831844444502	0.067380242594385	0.7626368150701294	0.10086951864925382	97.77358017365987	102.7469685032397	0.0025005986118976317	1.0001191551875146
2.0969018623529476	1.8992831844444502	0.067380242594385	0.7626368150701294	0.10086951864925382	97.77358017365987	102.7469685032397	0.0025005986118976317	1.0001187896140629
2.0969018623529476	1.8992831844444502	0.067380242594385	0.7626368150701294	0.10086951864925382	97.77358017365987	102.7469685032397	0.0024828174364156853	1.0001187896140629
2.0969018623529476	1.8992831844444502	0.067380242594385	0.7626368150701294	0.10086951864925382	97.77358017365987	102.7469685032397	0.0024828174364156853	1.0001187896140629
2.0969018623529476	1.8992831844444502	0.067380242594385	0.7626368150701294	0.10086951864925382	97.77358017365987	102.7469685032397	0.0024828174364156853	1.0001187896140629
2.0969018623529476	1.8992831844444502	0.067380242594385	0.7626368150701294	0.10086951864925382	97.77358017365987	102.7469685032397	0.0025227476494024993	1.0001187896140629
2.0969018623529476	1.8992831844444502	0.067380242594385	0.7626368150701294	0.10086951864925382	97.77358017365987	102.75292006106615	0.0025227476494024993	1.0001187896140629
2.0969018623529476	1.8992831844444502	0.067380242594385	0.7626368150701294	0.10086951864925382	97.77358017365987	102.75292006106615	0.0025227476494024993	1.0001187896140629
2.0969018623529476	1.8992831844444502	0.067380242594385	0.7626368150701294	0.10086951864925382	97.77358017365987	102.7527728104526	0.0025227476494024993	1.0001187896140629
2.0969018623529476	1.8992831844444502	0.067380242594385	0.7626368150701294	0.10086931275310716	97.77358017365987	102.7527728104526	0.0025227476494024993	1.0001187896140629
