2.112612124536001	1.90312290049283	0.06845040931271347	0.7645138099485701	0.09996460011266431	97.86748824978515	98.85809535466319	0.0028636099621788605	1.0000981077200206
2.1126150826050467	1.90312290049283	0.06845040931271347	0.7645138099485701	0.09996460011266431	97.86748824978515	98.85809535466319	0.0028636099621788605	1.0000981077200206
2.1126150826050467	1.9037098029055795	0.06845040931271347	0.7645138099485701	0.09996460011266431	97.86748824978515	98.85809535466319	0.0028636099621788605	1.0000981077200206
2.1126150826050467	1.9037098029055795	0.06845040931271347	0.7645138099485701	0.0999645614552761	97.86748824978515	98.85809535466319	0.0028636099621788605	1.0000981077200206
2.1126150826050467	1.9037098029055795	0.0680008971101864	0.7645138099485701	0.0999645614552761	97.86748824978515	98.85809535466319	0.0028636099621788605	1.0000981077200206
2.1126150826050467	1.9037098029055795	0.06800083787249937	0.7645138099485701	0.0999645614552761	97.86748824978515	98.85809535466319	0.0028636099621788605	1.0000981077200206
2.1126150826050467	1.9037098029055795	0.06800083787249937	0.7645138099485701	0.0999645614552761	97.86748824978515	98.85809535466319	0.0028636099621788605	1.0000981077200206
2.1126150826050467	1.9037098029055795	0.06800083787249937	0.7645138099485701	0.0999645614552761	97.86748824978515	98.85809535466319	0.0028636099621788605	1.0000981077200206
2.1126150826050467	1.9037098029055795	0.06800467624029716	0.7645138099485701	0.0999645614552761	97.86748824978515	98.85809535466319	0.0028636099621788605	1.0000981077200206
2.1126150826050467	1.9037098029055795	0.06800467624029716	0.7645138099485701	0.0999645614552761	97.86748824978515	98.85809535466319	0.0028636099621788605	1.000098044905364
2.1126150826050467	1.9037098029055795	0.06800467624029716	0.7645138099485701	0.0999645614552761	97.86748824978515	98.85809535466319	0.0028636099621788605	1.000098044905364
2.1126150826050467	1.9037098029055795	0.06800467624029716	0.7645138099485701	0.0999645614552761	97.86748824978515	98.85809535466319	0.0028636099621788605	1.000098044905364
2.1126150826050467	1.9037098029055795	0.06800467624029716	0.7645138099485701	0.0999645614552761	97.86748824978515	98.85809535466319	0.0028636099621788605	1.000098044905364
2.1126150826050467	1.9037098029055795	0.06800467624029716	0.7645138099485701	0.0999645614552761	97.86748824978515	98.85809535466319	0.0028636099621788605	1.000098044905364
2.1126150826050467	1.9037098029055795	0.06800467624029716	0.7645138099485701	0.0999645614552761	97.86748824978515	98.85809535466319	0.0028636099621788605	1.0000845518655128
2.1126150826050467	1.9037098029055795	0.06800467624029716	0.7645138099485701	0.1002856492381988	97.86748824978515	98.85809535466319	0.0028636099621788605	1.0000845518655128
2.1126150826050467	1.9037098029055795	0.06800467624029716	0.7645138099485701	0.1002856492381988	97.86748824978515	98.85432754151141	0.0028636099621788605	1.0000845518655128
2.1126150826050467	1.9037098029055795	0.06800467624029716	0.7645138099485701	0.1002856492381988	97.86748824978515	98.85432754151141	0.0028810757800936445	1.0000845518655128
2.1126150826050467	1.9037098029055795	0.06800467624029716	0.7645138099485701	0.10028606764900105	97.86748824978515	98.85432754151141	0.0028810757800936445	1.0000845518655128
2.1126150826050467	1.9037098029055795	0.06800467624029716	0.7645138099485701	0.10028606764900105	97.86748824978515	98.55648774728722	0.0028810757800936445	1.0000845518655128
2.1126150826050467	1.9037098029055795	0.06800467624029716	0.7645138099485701	0.10028606764900105	97.86748824978515	98.55648774728722	0.0028810757800936445	1.0000845518655128
2.1126150826050467	1.9037098029055795	0.06800467624029716	0.7645138099485701	0.10028606764900105	97.86748824978515	98.55648774728722	0.0028810757800936445	1.0000845518655128
2.1126150826050467	1.9037098029055795	0.06800467624029716	0.7645138099485701	0.10028606764900105	97.86748824978515	98.5552306020708	0.0028810757800936445	1.0000845518655128
2.1126150826050467	1.9037098029055795	0.06800467624029716	0.7645138099485701	0.10028606764900105	97.86748824978515	98.5552306020708	0.0028810757800936445	1.0000845634850974
2.1126150826050467	1.9037098029055795	0.06800467624029716	0.7645138099485701	0.10028606764900105	97.86748824978515	98.5552306020708	0.0028810757800936445	1.0000845634850974
2.1126150826050467	1.9037098029055795	0.06800467624029716	0.7645138099485701	0.10028774530410797	97.86748824978515	98.5552306020708	0.0028810757800936445	1.0000845634850974
2.1126150826050467	1.9037098029055795	0.06800467624029716	0.7645138099485701	0.10028774530410797	97.87175150256198	98.5552306020708	0.0028810757800936445	1.0000845634850974
2.1126150826050467	1.9037098029055795	0.06800467624029716	0.7645138099485701	0.10028774530410797	97.87175150256198	98.5552306020708	0.0028810757800936445	1.0000845634850974
2.1126150826050467	1.9037901222727882	0.06800467624029716	0.7645138099485701	0.10028774530410797	97.87175150256198	98.5552306020708	0.0028810757800936445	1.0000845634850974
2.1126150826050467	1.9037901222727882	0.06800467624029716	0.7645138099485701	0.10028774530410797	97.87175150256198	99.98505939572726	0.0028810757800936445	1.0000845634850974
2.1126150826050467	1.9037901222727882	0.06805672979562716	0.7645138099485701	0.10028774530410797	97.87175150256198	99.98505939572726	0.0028810757800936445	1.0000845634850974
2.1126150826050467	1.9037901222727882	0.06805672979562716	0.7645138099485701	0.10028774530410797	97.87175150256198	99.98505939572726	0.0029016509742978897	1.0000845634850974
2.1126150826050467	1.9051134459645702	0.06805672979562716	0.7645138099485701	0.10028774530410797	97.87175150256198	99.98505939572726	0.0029016509742978897	1.0000845634850974
2.1126150826050467	1.9051134459645702	0.06805672979562716	0.7645138099485701	0.10028774530410797	97.87175150256198	99.98505939572726	0.0029016509742978897	1.0000845634850974
2.1126150826050467	1.9051134459645702	0.06805672979562716	0.7645138099485701	0.10028774530410797	97.87175150256198	99.98505939572726	0.0029016509742978897	1.0000845634850974
2.1126150826050467	1.9051134459645702	0.06812604837718439	0.7645138099485701	0.10028774530410797	97.87175150256198	99.98505939572726	0.0029016509742978897	1.0000845634850974
2.1126150826050467	1.9051134459645702	0.06812604837718439	0.7645138099485701	0.10028774530410797	97.87175150256198	99.98505939572726	0.0029016509742978897	1.0000845634850974
2.1126150826050467	1.9051134459645702	0.06812604837718439	0.7645138099485701	0.10028774530410797	97.87175150256198	99.98505939572726	0.0029016509742978897	1.0000845634850974
2.1126150826050467	1.9051134459645702	0.06812604837718439	0.7645138099485701	0.10028774530410797	97.87175150256198	99.98505939572726	0.0029016509742978897	1.0000845634850974
2.1126150826050467	1.9051134459645702	0.06812604837718439	0.7645047312538279	0.10028774530410797	97.87175150256198	99.98505939572726	0.0029016509742978897	1.0000845634850974
2.1126150826050467	1.9051134459645702	0.06812604837718439	0.7645186024029009	0.10028774530410797	97.87175150256198	99.98505939572726	0.0029016509742978897	1.0000845634850974
2.1126150826050467	1.9051134459645702	0.06812604837718439	0.7645186024029009	0.10028774530410797	97.87175150256198	99.98505939572726	0.0029010181219034674	1.0000845634850974
2.1126150826050467	1.9051134459645702	0.06812604837718439	0.7645186024029009	0.10028774530410797	97.88509453941394	99.98505939572726	0.0029010181219034674	1.0000845634850974
2.1126150826050467	1.9051693444148268	0.06812604837718439	0.7645186024029009	0.10028774530410797	97.88509453941394	99.98505939572726	0.0029010181219034674	1.0000845634850974
2.1126150826050467	1.9051693444148268	0.06812604837718439	0.7645186024029009	0.10028781984076444	97.88509453941394	99.98505939572726	0.0029010181219034674	1.0000845634850974
2.1126150826050467	1.9051693444148268	0.06812604837718439	0.7645186024029009	0.10028781984076444	97.88509453941394	99.0026815358106	0.0029010181219034674	1.0000845634850974
2.1126150826050467	1.9051693444148268	0.06812604837718439	0.7645186024029009	0.10028781984076444	97.88509453941394	99.0026815358106	0.0029010181219034674	1.0000845634850974
2.1126150826050467	1.9051693444148268	0.06812604837718439	0.7645186024029009	0.10028781984076444	97.88509453941394	99.0026815358106	0.0029010181219034674	1.0000845634850974
2.1126150826050467	1.9051693444148268	0.06812604837718439	0.7645186024029009	0.10028781984076444	97.88509453941394	99.0026815358106	0.0029010181219034674	1.0000845634850974
2.1126150826050467	1.9051693444148268	0.06812604837718439	0.7645186024029009	0.10028781984076444	97.88509453941394	99.0026815358106	0.0029010181219034674	1.0000845634850974
2.1126150826050467	1.9051693444148268	0.06812604837718439	0.7645186024029009	0.10028781984076444	97.88509453941394	99.0026815358106	0.002855207118437288	1.0000845634850974
2.1126150826050467	1.9051423849454538	0.06812604837718439	0.7645186024029009	0.10028781984076444	97.88509453941394	99.0026815358106	0.002855207118437288	1.0000845634850974
2.1126150826050467	1.9051423849454538	0.06812604837718439	0.7645186024029009	0.10028781984076444	97.88509453941394	99.0026815358106	0.002855207118437288	1.000089238553067
2.1126150826050467	1.9051423849454538	0.06812604837718439	0.7645186024029009	0.10028781984076444	97.89134512740654	99.0026815358106	0.002855207118437288	1.000089238553067
2.1126150826050467	1.9051423849454538	0.06812604837718439	0.7644710466388387	0.10028781984076444	97.89134512740654	99.0026815358106	0.002855207118437288	1.000089238553067
2.1126150826050467	1.9051423849454538	0.06812604837718439	0.7644710466388387	0.10028781984076444	97.89134512740654	99.0026815358106	0.002855207118437288	1.000089238553067
2.1126150826050467	1.9051423849454538	0.06812604837718439	0.7644710466388387	0.10028781984076444	97.89134512740654	99.0026815358106	0.0028393080714476187	1.000089238553067
2.1126150826050467	1.9051423849454538	0.06812604837718439	0.7644710466388387	0.10028781984076444	97.89134512740654	99.0026815358106	0.0028393080714476187	1.000089238553067
2.1126150826050467	1.9051419872309485	0.06812604837718439	0.7644710466388387	0.10028781984076444	97.89134512740654	99.0026815358106	0.0028393080714476187	1.000089238553067
2.1126157845091726	1.9051419872309485	0.06812604837718439	0.7644710466388387	0.10028781984076444	97.89134512740654	99.0026815358106	0.0028393080714476187	1.000089238553067
2.1126157845091726	1.9051419872309485	0.06812604837718439	0.7644710466388387	0.10028781984076444	97.89134512740654	99.00141965651453	0.0028393080714476187	1.000089238553067
2.1126157845091726	1.9051419872309485	0.06812604837718439	0.7644710466388387	0.10028781984076444	97.89134512740654	99.00141965651453	0.0028393080714476187	1.000089238553067
2.1126157845091726	1.9051419872309485	0.068126289413271	0.7644710466388387	0.10028781984076444	97.89134512740654	99.00141965651453	0.0028393080714476187	1.000089238553067
2.1126157845091726	1.9051419872309485	0.068126289413271	0.7644710466388387	0.10028781984076444	97.89134512740654	99.00141965651453	0.0028393080714476187	1.000089238553067
2.1125162075526887	1.9051419872309485	0.068126289413271	0.7644710466388387	0.10028781984076444	97.89134512740654	99.00141965651453	0.0028393080714476187	1.000089238553067
2.1125162075526887	1.9051419872309485	0.068126289413271	0.7644710466388387	0.10028781984076444	97.89134512740654	99.00141965651453	0.0028393080714476187	1.000089238553067
2.1125162075526887	1.9051419872309485	0.068126289413271	0.7644710466388387	0.10028781984076444	97.89134512740654	98.98009552492105	0.0028393080714476187	1.000089238553067
2.1125162075526887	1.9051419872309485	0.068126289413271	0.7644710466388387	0.10028781984076444	97.88509351468316	98.98009552492105	0.0028393080714476187	1.000089238553067
2.112632669723197	1.9051419872309485	0.068126289413271	0.7644710466388387	0.10028781984076444	97.88509351468316	98.98009552492105	0.0028393080714476187	1.000089238553067
2.112632669723197	1.9051419872309485	0.068126289413271	0.7644710466388387	0.10028781984076444	97.88509351468316	98.98009552492105	0.0028393080714476187	1.000089238553067
2.112632669723197	1.9051419872309485	0.068126289413271	0.7644710466388387	0.10028781984076444	97.88509351468316	98.98009552492105	0.0028393459693816163	1.000089238553067
2.112632669723197	1.9051419872309485	0.068126289413271	0.7644710466388387	0.10028781984076444	97.88509351468316	98.98009552492105	0.0028393459693816163	1.000089238553067
2.112632669723197	1.9051419872309485	0.068126289413271	0.7644710466388387	0.10028819501806273	97.88509351468316	98.98009552492105	0.0028393459693816163	1.000089238553067
2.112632669723197	1.9051419872309485	0.068126289413271	0.7644710466388387	0.10028819501806273	97.88509351468316	98.98009552492105	0.0028393459693816163	1.0001160868992658
2.112632669723197	1.9051419872309485	0.068126289413271	0.7644152903827365	0.10028819501806273	97.88509351468316	98.98009552492105	0.0028393459693816163	1.0001160868992658
2.112632669723197	1.9051419872309485	0.068126289413271	0.7644152903827365	0.10028819501806273	97.88509351468316	98.98009552492105	0.0028393459693816163	1.0001160868992658
2.112632669723197	1.9051419872309485	0.068126289413271	0.7644152903827365	0.10026595218772534	97.88509351468316	98.98009552492105	0.0028393459693816163	1.0001160868992658
2.112632669723197	1.9051419872309485	0.068126289413271	0.7644152903827365	0.10026595218772534	97.88509351468316	98.98009552492105	0.0028393459693816163	1.0001160868992658
2.112632669723197	1.9051419872309485	0.068126289413271	0.7644152903827365	0.10026595218772534	97.88509351468316	98.98009552492105	0.0028393459693816163	1.0001160868992658
2.112632669723197	1.9051419872309485	0.068126289413271	0.7644152903827365	0.10026595218772534	97.88509351468316	98.98009552492105	0.0028393459693816163	1.0001160868992658
2.112632669723197	1.9051419872309485	0.06811999659433007	0.7644152903827365	0.10026595218772534	97.88509351468316	98.98009552492105	0.0028393459693816163	1.0001160868992658
2.112632669723197	1.9051419872309485	0.06811999659433007	0.7644152903827365	0.10026595218772534	97.88509351468316	97.24315905821427	0.0028393459693816163	1.0001160868992658
2.112632669723197	1.9051419872309485	0.06811999659433007	0.7644152903827365	0.10026595218772534	97.88509351468316	97.24315905821427	0.0028393459693816163	1.0001160868992658
2.112632669723197	1.9051419872309485	0.06811999659433007	0.7644152903827365	0.10026601409639392	97.88509351468316	97.24315905821427	0.0028393459693816163	1.0001160868992658
2.112632669723197	1.9051419872309485	0.06811999659433007	0.7642583352814496	0.10026601409639392	97.88509351468316	97.24315905821427	0.0028393459693816163	1.0001160868992658
2.112632669723197	1.9051469226939337	0.06811999659433007	0.7642583352814496	0.10026601409639392	97.88509351468316	97.24315905821427	0.0028393459693816163	1.0001160868992658
2.1126378954202187	1.9051469226939337	0.06811999659433007	0.7642583352814496	0.10026601409639392	97.88509351468316	97.24315905821427	0.0028393459693816163	1.0001160868992658
2.1126378954202187	1.9051770955583307	0.06811999659433007	0.7642583352814496	0.10026601409639392	97.88509351468316	97.24315905821427	0.0028393459693816163	1.0001160868992658
2.1126378954202187	1.9051770955583307	0.06811999659433007	0.7642583352814496	0.10026601409639392	97.88509351468316	97.24315905821427	0.0028393459693816163	1.0001160868992658
2.1126378954202187	1.9051770955583307	0.06811999659433007	0.7642583352814496	0.10026601409639392	97.88509351468316	97.24221868381738	0.0028393459693816163	1.0001160868992658
2.1126378954202187	1.9037397578670219	0.06811999659433007	0.7642583352814496	0.10026601409639392	97.88509351468316	97.24221868381738	0.0028393459693816163	1.0001160868992658
2.1126378954202187	1.9037397578670219	0.06811999659433007	0.7642583352814496	0.10026601409639392	97.88509351468316	97.24221868381738	0.002840272383182478	1.0001160868992658
2.1126378954202187	1.9037397578670219	0.06811999659433007	0.7642583352814496	0.10026601409639392	97.88509351468316	97.24221868381738	0.002840272383182478	1.0001160868992658
2.1126378954202187	1.9037397578670219	0.06811999659433007	0.7642583352814496	0.10026601409639392	97.88509351468316	97.24221868381738	0.0027759168717715584	1.0001160868992658
2.1111423906384763	1.9037397578670219	0.06811999659433007	0.7642583352814496	0.10026601409639392	97.88509351468316	97.24221868381738	0.0027759168717715584	1.0001160868992658
2.1111423906384763	1.9037397578670219	0.06809927009445149	0.7642583352814496	0.10026601409639392	97.88509351468316	97.24221868381738	0.0027759168717715584	1.0001160868992658
2.111227541038208	1.9037397578670219	0.06809927009445149	0.7642583352814496	0.10026601409639392	97.88509351468316	97.24221868381738	0.0027759168717715584	1.0001160868992658
2.111227541038208	1.9037397578670219	0.06809927009445149	0.7642583352814496	0.10026601409639392	97.88509351468316	97.24221868381738	0.0027759168717715584	1.0001160868992658
2.111227541038208	1.9037397578670219	0.06809927009445149	0.7642583352814496	0.10026601409639392	97.88509351468316	97.24221868381738	0.0027759168717715584	1.0001160868992658
2.111227541038208	1.9037397578670219	0.06812819884697938	0.7642583352814496	0.10026601409639392	97.88509351468316	97.24221868381738	0.0027759168717715584	1.0001160868992658
2.111227541038208	1.9037397578670219	0.06812819884697938	0.7642583352814496	0.10026601409639392	97.88509351468316	97.24221868381738	0.0027759168717715584	1.0001160868992658
2.111246389536582	1.9037397578670219	0.06812819884697938	0.7642583352814496	0.10026601409639392	97.88509351468316	97.24221868381738	0.0027759168717715584	1.0001160868992658
2.111246389536582	1.9037397578670219	0.06812819884697938	0.7642583352814496	0.10026601409639392	97.88509351468316	97.24221868381738	0.0027759168717715584	1.0001160868992658
2.111246389536582	1.9037397578670219	0.06812819884697938	0.7642583352814496	0.10026601409639392	97.88451324020983	97.24221868381738	0.0027759168717715584	1.0001160868992658
2.111246389536582	1.9037397578670219	0.06812819884697938	0.7642583352814496	0.10026601409639392	97.88451324020983	97.24221868381738	0.002776079521877569	1.0001160868992658
2.111246389536582	1.9037397578670219	0.06812819884697938	0.7642583352814496	0.10026601409639392	97.88470618609855	97.24221868381738	0.002776079521877569	1.0001160868992658
2.111246389536582	1.9037397578670219	0.06812819884697938	0.7642583352814496	0.10026601409639392	97.88470618609855	97.24221868381738	0.002776079521877569	1.0001160868992658
2.111246389536582	1.9037397578670219	0.06812819884697938	0.7642583352814496	0.10026955325184811	97.88470618609855	97.24221868381738	0.002776079521877569	1.0001160868992658
2.111246389536582	1.9031739387112232	0.06812819884697938	0.7642583352814496	0.10026955325184811	97.88470618609855	97.24221868381738	0.002776079521877569	1.0001160868992658
2.111246389536582	1.9031739387112232	0.06812819884697938	0.7642583352814496	0.10026955325184811	97.88470618609855	97.24221868381738	0.0029094625312974763	1.0001160868992658
2.111246389536582	1.9031688560482958	0.06812819884697938	0.7642583352814496	0.10026955325184811	97.88470618609855	97.24221868381738	0.0029094625312974763	1.0001160868992658
2.111246389536582	1.9031688560482958	0.06812819884697938	0.7642583352814496	0.10026955325184811	97.88470618609855	97.24221868381738	0.0029094625312974763	1.0001160868992658
2.111246389536582	1.9031688560482958	0.06812819884697938	0.7642583352814496	0.10026949571233648	97.88470618609855	97.24221868381738	0.0029094625312974763	1.0001160868992658
2.111246389536582	1.9031688560482958	0.06812819884697938	0.7642583352814496	0.10026949571233648	97.88470618609855	97.24270448859902	0.0029094625312974763	1.0001160868992658
2.111246389536582	1.9031688560482958	0.06812819884697938	0.7642583352814496	0.10026949571233648	97.88470618609855	97.24270448859902	0.0029094625312974763	1.0001160868992658
2.111246389536582	1.9031688560482958	0.06812819884697938	0.7642583352814496	0.10026949571233648	97.88470618609855	97.24270448859902	0.0029094625312974763	1.0001115353961543
2.111281021112381	1.9031688560482958	0.06812819884697938	0.7642583352814496	0.10026949571233648	97.88470618609855	97.24270448859902	0.0029094625312974763	1.0001115353961543
2.111281021112381	1.9031688560482958	0.06812819884697938	0.7642583352814496	0.10026949571233648	97.88470618609855	97.24270448859902	0.0029094625312974763	1.0001161691419007
2.111281021112381	1.9031688560482958	0.06812819884697938	0.7642583352814496	0.10026949571233648	97.88470618609855	97.24270448859902	0.0029094625312974763	1.0001161691419007
2.111281021112381	1.9031688560482958	0.06812819884697938	0.7642583352814496	0.10026949571233648	97.88470618609855	97.24270448859902	0.0029094625312974763	1.0001161272606849
2.111281021112381	1.9031688560482958	0.06812819884697938	0.7642583352814496	0.10026949571233648	97.88470618609855	97.24251101780139	0.0029094625312974763	1.0001161272606849
2.111281021112381	1.9031688560482958	0.06812819884697938	0.7642583352814496	0.10026949571233648	97.88470618609855	97.24251101780139	0.0029094625312974763	1.0001161272606849
2.111281021112381	1.9031688560482958	0.06812819884697938	0.7642583352814496	0.10026949571233648	97.88470618609855	97.24251101780139	0.0029094625312974763	1.0001161272606849
2.111281021112381	1.9031688560482958	0.06812819884697938	0.7642583352814496	0.10026949571233648	97.88470618609855	97.24251101780139	0.0029094625312974763	1.0001161272606849
2.111281021112381	1.9031688560482958	0.06812819884697938	0.7642583352814496	0.10026949571233648	97.88470618609855	97.24251101780139	0.0029094625312974763	1.0001161272606849
2.111767465826831	1.9031688560482958	0.06812819884697938	0.7642583352814496	0.10026949571233648	97.88470618609855	97.24251101780139	0.0029094625312974763	1.0001161272606849
2.111767465826831	1.9031688560482958	0.06812819884697938	0.7642583352814496	0.10026949571233648	97.88470618609855	97.24251101780139	0.0029094625312974763	1.0001161272606849
2.111767465826831	1.9031688560482958	0.06812819884697938	0.7642583352814496	0.10026949571233648	97.88470618609855	97.20969117156756	0.0029094625312974763	1.0001161272606849
2.111767465826831	1.9031688560482958	0.06812819884697938	0.7642583352814496	0.10026949571233648	97.88470618609855	97.21097276004888	0.0029094625312974763	1.0001161272606849
2.111767465826831	1.9031688560482958	0.06812819884697938	0.7642583352814496	0.10026949571233648	97.88470618609855	97.22539607231428	0.0029094625312974763	1.0001161272606849
2.111767465826831	1.9031688560482958	0.06812819884697938	0.7642583352814496	0.10026949571233648	97.88470618609855	97.22539607231428	0.0029094625312974763	1.0001161272606849
2.111767465826831	1.9031688560482958	0.06812819884697938	0.7642583352814496	0.10026949571233648	97.87421012889817	97.22539607231428	0.0029094625312974763	1.0001161272606849
2.111767465826831	1.9031688560482958	0.06818863031375214	0.7642583352814496	0.10026949571233648	97.87421012889817	97.22539607231428	0.0029094625312974763	1.0001161272606849
2.111767465826831	1.9031688560482958	0.06818863031375214	0.7649805778607743	0.10026949571233648	97.87421012889817	97.22539607231428	0.0029094625312974763	1.0001161272606849
2.111767465826831	1.9031688560482958	0.06818863031375214	0.7649805778607743	0.10026949571233648	97.87421012889817	97.22539607231428	0.0029094625312974763	1.0001161272606849
2.111767465826831	1.9031688560482958	0.06818863031375214	0.7649805778607743	0.10026949571233648	97.87421012889817	97.22539607231428	0.002909750074446309	1.0001161272606849
2.111767465826831	1.9031680720440047	0.06818863031375214	0.7649805778607743	0.10026949571233648	97.87421012889817	97.22539607231428	0.002909750074446309	1.0001161272606849
2.111767465826831	1.9031680720440047	0.06820332760314773	0.7649805778607743	0.10026949571233648	97.87421012889817	97.22539607231428	0.002909750074446309	1.0001161272606849
2.111767465826831	1.9031680720440047	0.06820332760314773	0.7649805778607743	0.10026949571233648	97.87421012889817	97.22539607231428	0.002909750074446309	1.0001161272606849
2.111767465826831	1.9031680720440047	0.06820332760314773	0.7649805778607743	0.10027005735696327	97.87421012889817	97.22539607231428	0.002909750074446309	1.0001161272606849
2.111767465826831	1.9031680720440047	0.06820332760314773	0.7649805778607743	0.10027005735696327	97.87421012889817	97.22539607231428	0.002909750074446309	1.0001161272606849
2.111767465826831	1.9031680720440047	0.06820332760314773	0.7649805778607743	0.10027005735696327	97.87421012889817	97.22539607231428	0.002909750074446309	1.0001161272606849
2.111767465826831	1.9031680720440047	0.06820332760314773	0.7649805778607743	0.10027005735696327	97.87421012889817	97.22539607231428	0.0029076561169347846	1.0001161272606849
2.111767465826831	1.9031680720440047	0.06820332760314773	0.7649805778607743	0.10027005735696327	97.87421012889817	97.22738981703742	0.0029076561169347846	1.0001161272606849
2.111767465826831	1.9031680720440047	0.06820332760314773	0.7649805778607743	0.10027005735696327	97.87421012889817	97.22738981703742	0.0029076561169347846	1.0001161272606849
2.111767465826831	1.9031680720440047	0.06820332760314773	0.7649721911523454	0.10027005735696327	97.87421012889817	97.22738981703742	0.0029076561169347846	1.0001161272606849
2.111767465826831	1.9031680720440047	0.06820332760314773	0.7649721911523454	0.10026958174509401	97.87421012889817	97.22738981703742	0.0029076561169347846	1.0001161272606849
2.111767465826831	1.9031680720440047	0.06820332760314773	0.7649721911523454	0.10026958174509401	97.87421012889817	97.22738981703742	0.0029076561169347846	1.0001161272606849
2.111767465826831	1.9031680720440047	0.06820332760314773	0.7649721911523454	0.10026958174509401	97.87421012889817	97.22738981703742	0.0026638113121597038	1.0001161272606849
2.111767465826831	1.9031680720440047	0.06820332760314773	0.7649721911523454	0.10026958174509401	97.87421012889817	97.34218272369621	0.0026638113121597038	1.0001161272606849
2.111767465826831	1.9031680720440047	0.06820332760314773	0.7649721911523454	0.10026958174509401	97.87421012889817	97.34218272369621	0.0026638113121597038	1.0001163409079759
2.111767465826831	1.9031680720440047	0.06820332760314773	0.7649721911523454	0.10026958174509401	97.87421012889817	97.34218272369621	0.0026638113121597038	1.0001163409079759
2.111767465826831	1.9031680720440047	0.06820332760314773	0.7649721911523454	0.10026958174509401	97.87421012889817	97.34218272369621	0.0026638113121597038	1.0001163409079759
2.111767465826831	1.9031680720440047	0.06820332760314773	0.7649721911523454	0.10026958174509401	97.87421012889817	97.56489402734422	0.0026638113121597038	1.0001163409079759
2.111767465826831	1.9031680720440047	0.06820332760314773	0.7649721911523454	0.10026958174509401	97.87421012889817	97.56489402734422	0.002663906027698393	1.0001163409079759
2.111767465826831	1.9031680720440047	0.06820332760314773	0.7649721911523454	0.10026958174509401	97.87421012889817	97.56489402734422	0.002663906027698393	1.0001163409079759
2.111767465826831	1.9031680720440047	0.06820332760314773	0.7649721911523454	0.10026958174509401	97.87421012889817	97.56489402734422	0.002663906027698393	1.0001163409079759
2.111767465826831	1.9031680720440047	0.06820332760314773	0.7649721911523454	0.10026958174509401	97.87421012889817	97.5680234884785	0.002663906027698393	1.0001163409079759
2.111767465826831	1.9031680720440047	0.06820332760314773	0.7649721911523454	0.10026958174509401	97.87421012889817	97.5680234884785	0.002663906027698393	1.0001163409079759
2.111767465826831	1.9043986008981657	0.06820332760314773	0.7649721911523454	0.10026958174509401	97.87421012889817	97.5680234884785	0.002663906027698393	1.0001163409079759
2.111767465826831	1.9043986008981657	0.06820332760314773	0.7649721911523454	0.10026958174509401	97.87421012889817	97.5680234884785	0.002663906027698393	1.0001163409079759
2.111805597910259	1.9043986008981657	0.06820332760314773	0.7649721911523454	0.10026958174509401	97.87421012889817	97.5680234884785	0.002663906027698393	1.0001163409079759
2.111805597910259	1.9043986008981657	0.0682037375737064	0.7649721911523454	0.10026958174509401	97.87421012889817	97.5680234884785	0.002663906027698393	1.0001163409079759
2.111805597910259	1.9043986008981657	0.0682037375737064	0.7649721911523454	0.10026958174509401	97.87421012889817	97.5680234884785	0.002663906027698393	1.0001163409079759
2.111805597910259	1.9043986008981657	0.0682037375737064	0.7649721911523454	0.10026958174509401	97.87453730589752	97.5680234884785	0.002663906027698393	1.0001163409079759
2.111805597910259	1.9043986008981657	0.0682037375737064	0.7649721911523454	0.10026958174509401	97.87453730589752	97.5680234884785	0.002663906027698393	1.0001163409079759
2.111805597910259	1.9043986008981657	0.0682037375737064	0.7649721911523454	0.10026958174509401	97.87453730589752	97.56819298591473	0.002663906027698393	1.0001163409079759
2.111805597910259	1.9043986008981657	0.0682037375737064	0.7649721911523454	0.10026958174509401	97.87453730589752	97.56819298591473	0.002663906027698393	1.0001163409079759
2.111805597910259	1.9043986008981657	0.0682037375737064	0.7649721911523454	0.10026958174509401	97.87453730589752	97.56819298591473	0.002663906027698393	1.0001163409079759
2.111805597910259	1.9043986008981657	0.0682037375737064	0.7649721911523454	0.10026958174509401	97.87453730589752	97.57079704929627	0.002663906027698393	1.0001163409079759
2.111805597910259	1.9043986008981657	0.06820397961153622	0.7649721911523454	0.10026958174509401	97.87453730589752	97.57079704929627	0.002663906027698393	1.0001163409079759
2.111805597910259	1.9043986008981657	0.06820397961153622	0.7649721911523454	0.10026958174509401	97.87453730589752	97.57079704929627	0.002663906027698393	1.0001163409079759
2.111805597910259	1.9043986008981657	0.06820397961153622	0.7649721911523454	0.10026958174509401	97.87453730589752	97.57079704929627	0.002663906027698393	1.0001163409079759
2.111805597910259	1.9043986008981657	0.06820397961153622	0.7649721911523454	0.10026958174509401	97.87453730589752	97.57079704929627	0.002663906027698393	1.0001163409079759
2.1107781448727674	1.9043986008981657	0.06820397961153622	0.7649721911523454	0.10026958174509401	97.87453730589752	97.57079704929627	0.002663906027698393	1.0001163409079759
2.1107781448727674	1.9043986008981657	0.06820258050528324	0.7649721911523454	0.10026958174509401	97.87453730589752	97.57079704929627	0.002663906027698393	1.0001163409079759
2.1107781448727674	1.9043986008981657	0.06820258050528324	0.7649721911523454	0.10026958174509401	97.87453730589752	97.57079704929627	0.002663906027698393	1.0001089929998288
2.1107781448727674	1.9043986008981657	0.06820258050528324	0.7649721911523454	0.10026958174509401	97.87453730589752	97.57079704929627	0.002663906027698393	1.0001089929998288
2.1107781448727674	1.9043986008981657	0.06820258050528324	0.7649678457192552	0.10026958174509401	97.87453730589752	97.57079704929627	0.002663906027698393	1.0001089929998288
2.1107781448727674	1.9043570038890303	0.06820258050528324	0.7649678457192552	0.10026958174509401	97.87453730589752	97.57079704929627	0.002663906027698393	1.0001089929998288
2.1107781448727674	1.9043574392164986	0.06820258050528324	0.7649678457192552	0.10026958174509401	97.87453730589752	97.57079704929627	0.002663906027698393	1.0001089929998288
2.1107781448727674	1.9043574392164986	0.06820258050528324	0.7649678457192552	0.10026958174509401	97.87475814568236	97.57079704929627	0.002663906027698393	1.0001089929998288
2.1107781448727674	1.9043574392164986	0.06820258050528324	0.7649678457192552	0.10026958174509401	97.87475814568236	97.57079704929627	0.0026658553905714606	1.0001089929998288
2.1107781448727674	1.9043574392164986	0.06820258050528324	0.7649678457192552	0.10026958174509401	97.87475814568236	97.57079704929627	0.0026658553905714606	1.0001089929998288
2.1095990800025888	1.9043574392164986	0.06820258050528324	0.7649678457192552	0.10026958174509401	97.87475814568236	97.57079704929627	0.0026658553905714606	1.0001089929998288
2.1095990800025888	1.9043574392164986	0.06820258050528324	0.7649678457192552	0.10026958174509401	97.87475814568236	97.57079704929627	0.0026658553905714606	1.0001089929998288
2.1095990800025888	1.9043574392164986	0.06820258050528324	0.7649678457192552	0.10026958174509401	97.87475814568236	97.71231043723091	0.0026658553905714606	1.0001089929998288
2.1095990800025888	1.9043574392164986	0.06820258050528324	0.7649678457192552	0.10026958174509401	97.87475814568236	97.71231043723091	0.0026658553905714606	1.0001082864994995
2.1095990800025888	1.9043574392164986	0.06820258050528324	0.7649678457192552	0.10060041413469353	97.87475814568236	97.71231043723091	0.0026658553905714606	1.0001082864994995
2.1095990800025888	1.9043574392164986	0.06820258050528324	0.7649678457192552	0.10060041413469353	97.87475814568236	97.71231043723091	0.0026658553905714606	1.0001082864994995
2.1095990800025888	1.9043574392164986	0.06820258050528324	0.7649678457192552	0.10060041413469353	97.87475814568236	97.71231043723091	0.0026658553905714606	1.0001082864994995
2.109562968337453	1.9043574392164986	0.06820258050528324	0.7649678457192552	0.10060041413469353	97.87475814568236	97.71231043723091	0.0026658553905714606	1.0001082864994995
2.109562968337453	1.9043574392164986	0.06820258050528324	0.7649678457192552	0.10060041413469353	97.87475814568236	97.71231043723091	0.0026658553905714606	1.0001082864994995
2.109562968337453	1.9043574392164986	0.06820258050528324	0.7649678457192552	0.10060041413469353	97.87475814568236	97.71231043723091	0.0026658553905714606	1.0001082864994995
2.109562968337453	1.9043574392164986	0.06820258050528324	0.7649678457192552	0.10060041413469353	97.87475814568236	97.71231043723091	0.0026658553905714606	1.0001069149614807
2.109566935274385	1.9043574392164986	0.06820258050528324	0.7649678457192552	0.10060041413469353	97.87475814568236	97.71231043723091	0.0026658553905714606	1.0001069149614807
2.109566935274385	1.9043574392164986	0.06820258050528324	0.7649678457192552	0.10060041413469353	97.87475814568236	97.71231043723091	0.0026658553905714606	1.0001069149614807
2.109566935274385	1.9043574392164986	0.06820258050528324	0.7649678457192552	0.10060041413469353	97.87475814568236	97.71231043723091	0.0026658553905714606	1.0001069149614807
2.109566935274385	1.9043574392164986	0.06820258050528324	0.7649746246361612	0.10060041413469353	97.87475814568236	97.71231043723091	0.0026658553905714606	1.0001069149614807
2.109566935274385	1.9043574392164986	0.06820258050528324	0.7649746246361612	0.10060041413469353	97.87475814568236	97.71231043723091	0.0026658553905714606	1.0001069149614807
2.109566935274385	1.9043574392164986	0.06820258050528324	0.7649746246361612	0.10060041413469353	97.87475814568236	97.71231043723091	0.0026658553905714606	1.0001069149614807
2.109566935274385	1.9043574392164986	0.06820258050528324	0.7649746246361612	0.10060041413469353	97.87475814568236	97.71231043723091	0.0026658553905714606	1.0001069149614807
2.108464373664051	1.9043574392164986	0.06820258050528324	0.7649746246361612	0.10060041413469353	97.87475814568236	97.71231043723091	0.0026658553905714606	1.0001069149614807
2.108464373664051	1.9043574392164986	0.06820258050528324	0.7649746246361612	0.10060041413469353	97.87475814568236	97.71231043723091	0.0026658553905714606	1.0001069149614807
2.108464373664051	1.9043574392164986	0.06820258050528324	0.7649746246361612	0.10060087200437019	97.87475814568236	97.71231043723091	0.0026658553905714606	1.0001069149614807
2.108464373664051	1.9043574392164986	0.06820258050528324	0.7649746246361612	0.10060087200437019	97.87475814568236	97.71231043723091	0.0026658553905714606	1.0001069149614807
2.108464373664051	1.9043574392164986	0.06820258050528324	0.7649746246361612	0.10060087200437019	97.87475814568236	97.71231043723091	0.00266575141433944	1.0001069149614807
2.108464373664051	1.9043574392164986	0.06820258050528324	0.7649746246361612	0.10060087200437019	97.87475814568236	97.71231043723091	0.00266575141433944	1.0001069149614807
2.108464373664051	1.9043574392164986	0.06820258050528324	0.7649746246361612	0.10060087200437019	97.87484869428401	97.71231043723091	0.00266575141433944	1.0001069149614807
2.108464373664051	1.9043574392164986	0.06820258050528324	0.7649746246361612	0.10059749573747506	97.87484869428401	97.71231043723091	0.00266575141433944	1.0001069149614807
2.108445787384828	1.9043574392164986	0.06820258050528324	0.7649746246361612	0.10059749573747506	97.87484869428401	97.71231043723091	0.00266575141433944	1.0001069149614807
2.108445787384828	1.9061978323787068	0.06820258050528324	0.7649746246361612	0.10059749573747506	97.87484869428401	97.71231043723091	0.00266575141433944	1.0001069149614807
2.108445787384828	1.9061978323787068	0.06820258050528324	0.7649746246361612	0.10059749573747506	97.87484869428401	97.71231043723091	0.00266575141433944	1.0001069149614807
2.108445787384828	1.9061978323787068	0.06820258050528324	0.7649746246361612	0.10059749573747506	97.87484869428401	97.71231043723091	0.00266575141433944	1.0001069149614807
2.108445787384828	1.9061978323787068	0.06820258050528324	0.7649746246361612	0.10059749573747506	97.87410653913432	97.71231043723091	0.00266575141433944	1.0001069149614807
2.108445787384828	1.9061978323787068	0.06820258050528324	0.7649746246361612	0.10059749573747506	97.87410653913432	97.71231043723091	0.00266575141433944	1.0001069149614807
2.108445787384828	1.9061978323787068	0.06820258050528324	0.7649746246361612	0.10059749573747506	97.87410653913432	97.71231043723091	0.00266575141433944	1.0001069149614807
2.108445787384828	1.9061978323787068	0.06820258050528324	0.7649746246361612	0.10059749573747506	97.87410653913432	97.71231043723091	0.00266575141433944	1.0001069149614807
2.108445787384828	1.9061978323787068	0.06820258050528324	0.7649746246361612	0.10060655162231866	97.87410653913432	97.71231043723091	0.00266575141433944	1.0001069149614807
2.108445787384828	1.9061978323787068	0.06820258050528324	0.7649746246361612	0.10060655162231866	97.87410653913432	97.71231043723091	0.00266575141433944	1.0001069255238808
2.108445787384828	1.9061978323787068	0.06820258050528324	0.7649746246361612	0.10060655162231866	97.87407560514357	97.71231043723091	0.00266575141433944	1.0001069255238808
2.108445787384828	1.907487349192098	0.06820258050528324	0.7649746246361612	0.10060655162231866	97.87407560514357	97.71231043723091	0.00266575141433944	1.0001069255238808
2.108445787384828	1.907487349192098	0.06820258050528324	0.7649746246361612	0.10060655162231866	97.87407560514357	97.71231043723091	0.00266575141433944	1.0001069255238808
2.108445787384828	1.907487349192098	0.06820258050528324	0.7649746246361612	0.10060655162231866	97.87407560514357	97.71231043723091	0.00266575141433944	1.0001069255238808
2.108445787384828	1.907487349192098	0.06820258050528324	0.7649746246361612	0.10060655162231866	97.87407560514357	97.71231043723091	0.00266575141433944	1.0001069255238808
2.108445787384828	1.907487349192098	0.06798761566732922	0.7649746246361612	0.10060655162231866	97.87407560514357	97.71231043723091	0.00266575141433944	1.0001069255238808
2.108445787384828	1.907487349192098	0.06798761566732922	0.7649746246361612	0.10060655162231866	97.87407560514357	97.71231043723091	0.00266575141433944	1.0001069255238808
2.108445787384828	1.907487349192098	0.06798761566732922	0.7649746246361612	0.10060655162231866	97.87407560514357	97.71231043723091	0.00266575141433944	1.0001069255238808
2.108445787384828	1.9076262344686532	0.06798761566732922	0.7649746246361612	0.10060655162231866	97.87407560514357	97.71231043723091	0.00266575141433944	1.0001069255238808
2.108445787384828	1.9076262344686532	0.06798761566732922	0.7649746246361612	0.10060655162231866	97.87407560514357	97.71231043723091	0.00266575141433944	1.0001069255238808
2.108445787384828	1.9076262344686532	0.06798761566732922	0.7649746246361612	0.10060655162231866	97.87407560514357	97.71231043723091	0.00266575141433944	1.0001069255238808
2.108445787384828	1.9076262344686532	0.06798761566732922	0.7649746246361612	0.10060655162231866	97.87407560514357	97.71231043723091	0.00266575141433944	1.0001069255238808
2.108445787384828	1.9076262344686532	0.06798761566732922	0.7649746246361612	0.10060655162231866	97.87407560514357	97.71231043723091	0.00266575141433944	1.0001069255238808
2.108445787384828	1.9076262344686532	0.06798761566732922	0.7649746246361612	0.10060655162231866	97.87407560514357	97.71231043723091	0.00266575141433944	1.0001069255238808
2.108445787384828	1.9076262344686532	0.06798761566732922	0.7649746246361612	0.10060655162231866	97.87407560514357	97.7123364693956	0.00266575141433944	1.0001069255238808
2.108445787384828	1.9076262344686532	0.06798761566732922	0.7649746246361612	0.10060655162231866	97.87407560514357	97.7123364693956	0.00266575141433944	1.0001069255238808
2.108445787384828	1.9076262344686532	0.06798761566732922	0.7649746246361612	0.10060655162231866	97.87407560514357	97.7123364693956	0.00266575141433944	1.0001069255238808
2.108445787384828	1.9076262344686532	0.06798761566732922	0.7649746246361612	0.10060655162231866	97.87407560514357	97.7123364693956	0.00266575141433944	1.0001069255238808
2.1095247191156794	1.9076262344686532	0.06798761566732922	0.7649746246361612	0.10060655162231866	97.87407560514357	97.7123364693956	0.00266575141433944	1.0001069255238808
2.1095247191156794	1.9076262344686532	0.06798761566732922	0.7649746246361612	0.10060655162231866	97.87407560514357	97.7123364693956	0.00266575141433944	1.0001069255238808
2.1095247191156794	1.9076262344686532	0.06798761566732922	0.7649746246361612	0.10060655162231866	97.87407560514357	97.68445121921283	0.00266575141433944	1.0001069255238808
2.1095247191156794	1.9076262344686532	0.06798761566732922	0.764883639342877	0.10060655162231866	97.87407560514357	97.68445121921283	0.00266575141433944	1.0001069255238808
2.1095247191156794	1.9076262344686532	0.06798761566732922	0.764883639342877	0.10060655162231866	97.87407560514357	97.68445121921283	0.00266575141433944	1.0001069255238808
2.1095247191156794	1.9076262344686532	0.06798761566732922	0.764883639342877	0.10060655162231866	97.87407560514357	97.68445121921283	0.0028830582403935596	1.0001069255238808
2.1095247191156794	1.9076262344686532	0.06798761566732922	0.764883639342877	0.10060655162231866	97.87407560514357	97.68445121921283	0.0028830582403935596	1.0001069255238808
2.1096195792875116	1.9076262344686532	0.06798761566732922	0.764883639342877	0.10060655162231866	97.87407560514357	97.68445121921283	0.0028830582403935596	1.0001069255238808
2.1096195792875116	1.9076262344686532	0.06798761566732922	0.764883639342877	0.10060655162231866	97.87407560514357	97.68445121921283	0.0028830582403935596	1.0001069255238808
2.1096195792875116	1.9076262344686532	0.06798761566732922	0.764883639342877	0.10060655162231866	97.87407560514357	97.68445121921283	0.0028830582403935596	1.0001069255238808
2.1096195792875116	1.9076262344686532	0.06798761566732922	0.764883639342877	0.10047129926281978	97.87407560514357	97.68445121921283	0.0028830582403935596	1.0001069255238808
2.1096195792875116	1.9076262344686532	0.06798761566732922	0.764883639342877	0.10047129926281978	97.87407560514357	97.68445121921283	0.0028830582403935596	1.0001069255238808
2.1096195792875116	1.9076262344686532	0.06798761566732922	0.764883639342877	0.10047129926281978	97.87407560514357	97.68445121921283	0.0028830582403935596	1.0001069255238808
2.1096195792875116	1.9076262344686532	0.06798761566732922	0.764883639342877	0.10047129926281978	97.87407560514357	97.5055924611135	0.0028830582403935596	1.0001069255238808
2.1096195792875116	1.907709853413098	0.06798761566732922	0.764883639342877	0.10047129926281978	97.87407560514357	97.5055924611135	0.0028830582403935596	1.0001069255238808
2.1096195792875116	1.907709853413098	0.06798761566732922	0.764883639342877	0.10047495156170873	97.87407560514357	97.5055924611135	0.0028830582403935596	1.0001069255238808
2.1096195792875116	1.907709853413098	0.06798761566732922	0.764883639342877	0.10047189406610485	97.87407560514357	97.5055924611135	0.0028830582403935596	1.0001069255238808
2.1096195792875116	1.907709853413098	0.06798761566732922	0.764883639342877	0.10047189406610485	97.87407560514357	97.5055924611135	0.0028830582403935596	1.000107080106303
2.1096195792875116	1.907709853413098	0.06798761566732922	0.764883639342877	0.10047189406610485	97.87407560514357	97.56366625517165	0.0028830582403935596	1.000107080106303
2.1096195792875116	1.907709853413098	0.06798761566732922	0.764883639342877	0.10047189406610485	97.87407560514357	97.56366625517165	0.002797316701523837	1.000107080106303
2.1096195792875116	1.907709853413098	0.06798761566732922	0.764883639342877	0.10047189406610485	97.87407560514357	97.56366625517165	0.002797316701523837	1.000107080106303
2.1096195792875116	1.907709853413098	0.06798761566732922	0.764883639342877	0.10043442241619434	97.87407560514357	97.56366625517165	0.002797316701523837	1.000107080106303
2.1096195792875116	1.907709853413098	0.06798761566732922	0.764883639342877	0.10043442241619434	97.87407560514357	97.56366625517165	0.002797316701523837	1.000107080106303
2.1096195792875116	1.907709853413098	0.06798761566732922	0.764883639342877	0.10043442241619434	97.87407560514357	97.56366625517165	0.002797316701523837	1.000107080106303
2.1096195792875116	1.907709853413098	0.06798761566732922	0.764883639342877	0.10043442241619434	97.87407560514357	97.51357266007952	0.002797316701523837	1.000107080106303
2.1096195792875116	1.907709853413098	0.06798761566732922	0.764883639342877	0.100435920447397	97.87407560514357	97.51357266007952	0.002797316701523837	1.000107080106303
2.1096195792875116	1.907709853413098	0.06798761566732922	0.764883639342877	0.100435920447397	97.87407560514357	97.51357266007952	0.002797316701523837	1.000107080106303
2.109627871510119	1.907709853413098	0.06798761566732922	0.764883639342877	0.100435920447397	97.87407560514357	97.51357266007952	0.002797316701523837	1.000107080106303
2.109627871510119	1.907709853413098	0.06798761566732922	0.764883639342877	0.100435920447397	97.87407560514357	97.51357266007952	0.002797316701523837	1.000107080106303
2.109636573644907	1.907709853413098	0.06798761566732922	0.764883639342877	0.100435920447397	97.87407560514357	97.51357266007952	0.002797316701523837	1.000107080106303
2.109636573644907	1.907709853413098	0.06798761566732922	0.764883639342877	0.100435920447397	97.87407560514357	97.51052301950034	0.002797316701523837	1.000107080106303
2.109636573644907	1.907709853413098	0.06799067110692124	0.764883639342877	0.100435920447397	97.87407560514357	97.51052301950034	0.002797316701523837	1.000107080106303
2.109636573644907	1.907709853413098	0.06799067110692124	0.764883639342877	0.100435920447397	97.87407560514357	97.51052301950034	0.002797316701523837	1.000107080106303
2.109636573644907	1.907709853413098	0.06799067110692124	0.764883639342877	0.100435920447397	97.87407560514357	97.51052301950034	0.002797316701523837	1.000107080106303
2.109636573644907	1.907709853413098	0.06799067110692124	0.764883639342877	0.100435920447397	97.87407560514357	97.51052301950034	0.002797316701523837	1.000107080106303
2.109636573644907	1.907709853413098	0.06799067110692124	0.764883639342877	0.10043634579417052	97.87407560514357	97.51052301950034	0.002797316701523837	1.000107080106303
2.109636573644907	1.907709853413098	0.06799067110692124	0.764883639342877	0.10043634579417052	97.87407560514357	97.51052301950034	0.002797316701523837	1.000107080106303
2.109636573644907	1.907709853413098	0.06799067110692124	0.764883639342877	0.10043634579417052	97.87407560514357	97.51052301950034	0.002797316701523837	1.000107080106303
2.109636573644907	1.907709853413098	0.06799067110692124	0.764883639342877	0.10043182632830729	97.87407560514357	97.51052301950034	0.002797316701523837	1.000107080106303
2.1087788761233237	1.907709853413098	0.06799067110692124	0.764883639342877	0.10043182632830729	97.87407560514357	97.51052301950034	0.002797316701523837	1.000107080106303
2.1087788761233237	1.907709853413098	0.06799067110692124	0.764883639342877	0.10043182632830729	97.87407560514357	97.51052301950034	0.002797316701523837	1.000107080106303
2.1087788761233237	1.907709853413098	0.06799067110692124	0.764883639342877	0.10043182632830729	97.87407560514357	97.51052301950034	0.002797316701523837	1.000107080106303
2.1087788761233237	1.907709853413098	0.06799067110692124	0.764883639342877	0.10043182632830729	97.87407560514357	97.50884260705924	0.002797316701523837	1.000107080106303
2.1087788761233237	1.907709853413098	0.06799067110692124	0.764883639342877	0.10043182632830729	97.87407560514357	97.50884260705924	0.002797316701523837	1.000107080106303
2.1087788761233237	1.907709853413098	0.06799067110692124	0.764883639342877	0.10043182632830729	97.87407560514357	97.50884260705924	0.002797316701523837	1.000107080106303
2.1087788761233237	1.907709853413098	0.06799067110692124	0.764883639342877	0.10043182632830729	97.87407560514357	97.50884260705924	0.002797316701523837	1.000107080106303
2.1087788761233237	1.907709853413098	0.06799067110692124	0.7646769395539541	0.10043182632830729	97.87407560514357	97.50884260705924	0.002797316701523837	1.000107080106303
2.1087788761233237	1.907709853413098	0.06799067110692124	0.7646769395539541	0.10043182632830729	97.87407560514357	97.50884260705924	0.002797316701523837	1.000107080106303
2.1087788761233237	1.907709853413098	0.06799067110692124	0.7646769395539541	0.10043182632830729	97.87407560514357	97.50884260705924	0.002800624361745181	1.000107080106303
2.1087788761233237	1.907709853413098	0.06799067110692124	0.7646769395539541	0.10043182632830729	97.87407560514357	97.50884260705924	0.002800624361745181	1.000107080106303
2.1087788761233237	1.907709853413098	0.06799067110692124	0.7646769395539541	0.10043182632830729	97.87407560514357	97.50884260705924	0.002800624361745181	1.000107080106303
2.1087788761233237	1.907709853413098	0.06799067110692124	0.7646769395539541	0.10043182632830729	97.87407560514357	97.50884260705924	0.0028201048459607033	1.000107080106303
2.1087788761233237	1.907709853413098	0.06799067110692124	0.7646769395539541	0.10043182632830729	97.87407560514357	97.50884260705924	0.0028201651950404733	1.000107080106303
2.1087788761233237	1.907709853413098	0.06799067110692124	0.7646769395539541	0.10043182632830729	97.87407560514357	97.50884260705924	0.0028201651950404733	1.000107080106303
2.1087788761233237	1.907709853413098	0.06799067110692124	0.7646769395539541	0.10043182632830729	97.8742080367718	97.50884260705924	0.0028201651950404733	1.000107080106303
2.1087788761233237	1.907709853413098	0.06799067110692124	0.7646769395539541	0.10043182632830729	97.8742080367718	97.50884260705924	0.0028201651950404733	1.000107080106303
2.1087788761233237	1.907709853413098	0.06799067110692124	0.7646769395539541	0.10043182632830729	97.8742080367718	97.50884260705924	0.0028201651950404733	1.000107080106303
2.1087788761233237	1.907709853413098	0.06799067110692124	0.7646769395539541	0.10043182632830729	97.8742080367718	97.50884260705924	0.002846321137242833	1.000107080106303
2.1087788761233237	1.907709853413098	0.06799067110692124	0.764675946548105	0.10043182632830729	97.8742080367718	97.50884260705924	0.002846321137242833	1.000107080106303
2.1087788761233237	1.907709853413098	0.06799067110692124	0.764675946548105	0.10043182632830729	97.8742080367718	97.50884260705924	0.002846321137242833	1.000107080106303
2.1087788761233237	1.907709853413098	0.06799067110692124	0.764675946548105	0.10043182632830729	97.8742080367718	97.50884260705924	0.002846321137242833	1.000107080106303
2.1087788761233237	1.907709853413098	0.06799067110692124	0.764675946548105	0.10043182632830729	97.8742080367718	97.50884260705924	0.002846321137242833	1.000107080106303
2.1087788761233237	1.9067412962923524	0.06799067110692124	0.764675946548105	0.10043182632830729	97.8742080367718	97.50884260705924	0.002846321137242833	1.000107080106303
2.1087788761233237	1.9067412962923524	0.06799067110692124	0.7645265040022509	0.10043182632830729	97.8742080367718	97.50884260705924	0.002846321137242833	1.000107080106303
2.1087787487180867	1.9067412962923524	0.06799067110692124	0.7645265040022509	0.10043182632830729	97.8742080367718	97.50884260705924	0.002846321137242833	1.000107080106303
2.1087787487180867	1.9067412962923524	0.06799067110692124	0.7645265040022509	0.10043182632830729	97.8742080367718	97.50884260705924	0.002846321137242833	1.0001070167379849
2.1087787487180867	1.9067412962923524	0.06799067110692124	0.7645265040022509	0.10043182632830729	97.8742080367718	97.50884260705924	0.002846321137242833	1.0001070167379849
2.1087787487180867	1.9067412962923524	0.06799067110692124	0.7645265040022509	0.10043182632830729	97.8742080367718	97.50884260705924	0.002846321137242833	1.0001070167379849
2.1087787487180867	1.907235683835467	0.06799067110692124	0.7645265040022509	0.10043182632830729	97.8742080367718	97.50884260705924	0.002846321137242833	1.0001070167379849
2.1087787487180867	1.907235683835467	0.06799067110692124	0.7645265040022509	0.10043182632830729	97.8742080367718	97.50884260705924	0.002846321137242833	1.0001070167379849
2.1087787487180867	1.907235683835467	0.06799067110692124	0.7645265040022509	0.10043182632830729	97.8742080367718	97.50884260705924	0.0027935814937261262	1.0001070167379849
2.1087787487180867	1.907235683835467	0.06799067110692124	0.7645265040022509	0.10043182632830729	97.8742080367718	97.50884260705924	0.0027935814937261262	1.0001070167379849
2.1087787487180867	1.907235683835467	0.06799067110692124	0.7645265040022509	0.10043182632830729	97.87407165097642	97.50884260705924	0.0027935814937261262	1.0001070167379849
2.1087787487180867	1.907235683835467	0.06799067110692124	0.7645265040022509	0.10043202658442754	97.87407165097642	97.50884260705924	0.0027935814937261262	1.0001070167379849
2.1087787487180867	1.907235683835467	0.06799067110692124	0.7645265040022509	0.10043202658442754	97.87407165097642	97.50857356277699	0.0027935814937261262	1.0001070167379849
2.1087787487180867	1.907235683835467	0.06799067110692124	0.7645265040022509	0.10043202658442754	97.87407165097642	97.50857356277699	0.002781739811608893	1.0001070167379849
2.1087787487180867	1.907235683835467	0.06799067110692124	0.7645265040022509	0.10043202658442754	97.87407165097642	97.50857356277699	0.002781739811608893	1.0001070167379849
2.1087787487180867	1.907235683835467	0.06799067110692124	0.7645265040022509	0.10043202658442754	97.87407165097642	97.50857356277699	0.002781739811608893	1.0001070167379849
2.1087787487180867	1.907235683835467	0.06799067110692124	0.7645265040022509	0.10043202658442754	97.8757456218092	97.50857356277699	0.002781739811608893	1.0001070167379849
2.1087787487180867	1.907235683835467	0.06799067110692124	0.7645265040022509	0.10043202658442754	97.8757456218092	97.50857356277699	0.002781739811608893	1.0001070167379849
2.1087600429948075	1.907235683835467	0.06799067110692124	0.7645265040022509	0.10043202658442754	97.8757456218092	97.50857356277699	0.002781739811608893	1.0001070167379849
2.1087600429948075	1.9072605481411082	0.06799067110692124	0.7645265040022509	0.10043202658442754	97.8757456218092	97.50857356277699	0.002781739811608893	1.0001070167379849
2.1087600429948075	1.9072605481411082	0.06799067110692124	0.7645265040022509	0.10043202658442754	97.8757456218092	97.50857356277699	0.0027898539511327825	1.0001070167379849
2.1087600429948075	1.9072605481411082	0.06799067110692124	0.7645265040022509	0.10043202658442754	97.8757456218092	97.50857356277699	0.0027898539511327825	1.0001070167379849
2.1087600429948075	1.9072605481411082	0.06799067110692124	0.7645265040022509	0.10043202658442754	97.8757456218092	97.50857356277699	0.0027898539511327825	1.0001070167379849
2.1087600429948075	1.9072605481411082	0.06799067110692124	0.7645265040022509	0.10043202658442754	97.8757456218092	97.50857356277699	0.0027898539511327825	1.0001070167379849
2.1087600429948075	1.9072605481411082	0.06799067110692124	0.7645265040022509	0.10043202658442754	97.8757456218092	97.53256201979919	0.0027898539511327825	1.0001070167379849
2.1087600429948075	1.9072605481411082	0.06799067110692124	0.7645265040022509	0.10043202658442754	97.8757456218092	97.53256201979919	0.0027894000643014856	1.0001070167379849
2.1087600429948075	1.9072605481411082	0.06799067110692124	0.7645265040022509	0.10043202658442754	97.8757456218092	97.53256201979919	0.0027894000643014856	1.0001070167379849
2.1087600429948075	1.9072605481411082	0.06799067110692124	0.7645265040022509	0.10043202658442754	97.8757456218092	97.52717812118247	0.0027894000643014856	1.0001070167379849
2.1087600429948075	1.9072605481411082	0.06799067110692124	0.7645265040022509	0.10043202658442754	97.8757456218092	97.52717812118247	0.0027894000643014856	1.0001070167379849
2.1087600429948075	1.9074521692466613	0.06799067110692124	0.7645265040022509	0.10043202658442754	97.8757456218092	97.52717812118247	0.0027894000643014856	1.0001070167379849
2.1087600429948075	1.9074521692466613	0.06799067110692124	0.7645265040022509	0.10043202658442754	97.8757456218092	97.52726019813079	0.0027894000643014856	1.0001070167379849
2.1087600429948075	1.9074521692466613	0.06799067110692124	0.7645265040022509	0.10043202658442754	97.8757456218092	97.52726019813079	0.0027894000643014856	1.0001070167379849
2.1087600429948075	1.9074521692466613	0.06799067110692124	0.7645265040022509	0.10043202658442754	97.8757456218092	97.25003970515303	0.0027894000643014856	1.0001070167379849
2.1087600429948075	1.9074521692466613	0.06799067110692124	0.7645265040022509	0.10043202658442754	97.8757456218092	97.25003970515303	0.0027894000643014856	1.0001070167379849
2.1087600429948075	1.9074521692466613	0.06799067110692124	0.7645265040022509	0.10043202658442754	97.8757456218092	97.25003970515303	0.0027894000643014856	1.000107404492359
2.1087600429948075	1.9074521692466613	0.06799067110692124	0.7645265040022509	0.10043202658442754	97.8757456218092	97.25003970515303	0.0027894000643014856	1.000107404492359
2.1087600429948075	1.9074521692466613	0.06799067110692124	0.7645265040022509	0.1001794349634943	97.8757456218092	97.25003970515303	0.0027894000643014856	1.000107404492359
2.1087600429948075	1.9074521692466613	0.06799067110692124	0.7645265040022509	0.10019433940677203	97.8757456218092	97.25003970515303	0.0027894000643014856	1.000107404492359
2.1087600429948075	1.9074519585622791	0.06799067110692124	0.7645265040022509	0.10019433940677203	97.8757456218092	97.25003970515303	0.0027894000643014856	1.000107404492359
2.1087600429948075	1.9074519585622791	0.06799067110692124	0.7645265040022509	0.10019433940677203	97.8757456218092	97.25003970515303	0.002714628700364713	1.000107404492359
2.1087600429948075	1.9074519585622791	0.06799067110692124	0.7645265040022509	0.10019433940677203	97.8757456218092	97.25003970515303	0.002714628700364713	1.000107404492359
2.1087600429948075	1.9074519585622791	0.06799067110692124	0.7645265040022509	0.10019433940677203	97.8757456218092	97.25100030945447	0.002714628700364713	1.000107404492359
2.1087600429948075	1.9074519585622791	0.06799067110692124	0.7645265040022509	0.10019433940677203	97.8757456218092	97.25100030945447	0.002714628700364713	1.000107404492359
2.1087600429948075	1.9074519585622791	0.06799067110692124	0.7645265040022509	0.10019433940677203	97.8757456218092	97.25100030945447	0.002714628700364713	1.000107404492359
2.1087600429948075	1.9074519585622791	0.06799067110692124	0.7645265040022509	0.10019433940677203	97.8757456218092	97.25100030945447	0.002714628700364713	1.000107404492359
2.1087600429948075	1.9074519585622791	0.06799067110692124	0.7645265040022509	0.10019433940677203	97.8757456218092	97.25100030945447	0.0027146797018446278	1.000107404492359
2.1087600429948075	1.9074519585622791	0.06799067110692124	0.7645265040022509	0.10019433940677203	97.8757456218092	97.25100030945447	0.0027137743393538635	1.000107404492359
2.1087600429948075	1.9074519585622791	0.06799067110692124	0.7645265040022509	0.10019433940677203	97.8757456218092	97.25100030945447	0.0027137743393538635	1.000107404492359
2.1087600429948075	1.9074519585622791	0.06799067110692124	0.7645265040022509	0.10019433940677203	97.8757456218092	97.25100030945447	0.0027137743393538635	1.000107404492359
2.1087600429948075	1.9074519585622791	0.06799067110692124	0.7645265040022509	0.10019433940677203	97.87557573787285	97.25100030945447	0.0027137743393538635	1.000107404492359
2.1087600429948075	1.9074519585622791	0.06799067110692124	0.7645265040022509	0.10019433940677203	97.87557573787285	97.25100030945447	0.0027137912389179593	1.000107404492359
2.1087600429948075	1.9074519585622791	0.06799067110692124	0.7645265040022509	0.10019433940677203	97.87557573787285	97.25100030945447	0.0027137912389179593	1.000107404492359
2.1087600429948075	1.9074519585622791	0.06799067110692124	0.7645265040022509	0.10019433940677203	97.87557573787285	97.25100030945447	0.0027137912389179593	1.000107404492359
2.1087600429948075	1.9074519585622791	0.06799067110692124	0.7645265040022509	0.10019482853281769	97.87557573787285	97.25100030945447	0.0027137912389179593	1.000107404492359
2.1087600429948075	1.9074653016110068	0.06799067110692124	0.7645265040022509	0.10019482853281769	97.87557573787285	97.25100030945447	0.0027137912389179593	1.000107404492359
2.1087600429948075	1.9074653016110068	0.06799067110692124	0.7645265040022509	0.10019505368044657	97.87557573787285	97.25100030945447	0.0027137912389179593	1.000107404492359
2.1087600429948075	1.9068777647566213	0.06799067110692124	0.7645265040022509	0.10019505368044657	97.87557573787285	97.25100030945447	0.0027137912389179593	1.000107404492359
2.1087600429948075	1.9068777647566213	0.06799067110692124	0.7645265040022509	0.10019505368044657	97.87557573787285	97.25100030945447	0.0027137912389179593	1.000107404492359
2.1087600429948075	1.9068777647566213	0.06799067110692124	0.7645635687365832	0.10019505368044657	97.87557573787285	97.25100030945447	0.0027137912389179593	1.000107404492359
2.1087600429948075	1.9068777647566213	0.06799067110692124	0.7645635687365832	0.10019505368044657	97.87557573787285	97.25100030945447	0.0027137912389179593	1.000107404492359
2.1087600429948075	1.9068777647566213	0.06799067110692124	0.7645635687365832	0.10019505368044657	97.87557573787285	97.25100030945447	0.0027137912389179593	1.000107404492359
2.1087600429948075	1.9068777647566213	0.06799067110692124	0.7645635687365832	0.10019505368044657	97.87557573787285	97.25100030945447	0.0027137912389179593	1.000107404492359
2.1087600429948075	1.9068777647566213	0.06799067110692124	0.7645635687365832	0.10019505368044657	97.87557573787285	97.22319258917663	0.0027137912389179593	1.000107404492359
2.1087600429948075	1.9068777647566213	0.06799067110692124	0.7645635687365832	0.10019505368044657	97.87557573787285	97.22319258917663	0.0027137912389179593	1.000107404492359
2.1087600429948075	1.9068777647566213	0.06799067110692124	0.7645635687365832	0.10019505368044657	97.87557573787285	97.22319258917663	0.0027135911674627815	1.000107404492359
2.1087600429948075	1.9068777647566213	0.06799067110692124	0.7645635687365832	0.10019505368044657	97.87557573787285	97.22319258917663	0.0027135911674627815	1.000107404492359
2.1087600429948075	1.9068777647566213	0.06799067110692124	0.7645635687365832	0.10019505368044657	97.87557573787285	97.22319258917663	0.0027135911674627815	1.000107404492359
2.1087600429948075	1.9068777647566213	0.06799067110692124	0.7645635687365832	0.10019505368044657	97.87557573787285	97.47425912308965	0.0027135911674627815	1.000107404492359
2.1087600429948075	1.9068777647566213	0.06799067110692124	0.7645635687365832	0.10019505368044657	97.87557573787285	97.47425912308965	0.002713500841825405	1.000107404492359
2.1087600429948075	1.9068777647566213	0.06799067110692124	0.7645635687365832	0.10019505368044657	97.87557573787285	97.47425912308965	0.002713500841825405	1.000107404492359
2.1087600429948075	1.9068777647566213	0.06799067110692124	0.7645635687365832	0.10019505368044657	97.87557573787285	97.47425912308965	0.002713500841825405	1.000107404492359
2.1087600429948075	1.9068518783484474	0.06799067110692124	0.7645635687365832	0.10019505368044657	97.87557573787285	97.47425912308965	0.002713500841825405	1.000107404492359
2.1087600429948075	1.9068518783484474	0.06799067110692124	0.7645364333424466	0.10019505368044657	97.87557573787285	97.47425912308965	0.002713500841825405	1.000107404492359
2.1087600429948075	1.9068518783484474	0.06799067110692124	0.7645364333424466	0.10019505368044657	97.87557573787285	97.47425912308965	0.002713500841825405	1.000110486412221
2.1087600429948075	1.9068518783484474	0.06798101908001583	0.7645364333424466	0.10019505368044657	97.87557573787285	97.47425912308965	0.002713500841825405	1.000110486412221
2.1087600429948075	1.9068518783484474	0.06798101908001583	0.7645364333424466	0.10019505368044657	97.87557573787285	97.47163943415023	0.002713500841825405	1.000110486412221
2.108759439910341	1.9068518783484474	0.06798101908001583	0.7645364333424466	0.10019505368044657	97.87557573787285	97.47163943415023	0.002713500841825405	1.000110486412221
2.108759439910341	1.9068518783484474	0.06798101908001583	0.7645364333424466	0.10019505368044657	97.87561463687017	97.47163943415023	0.002713500841825405	1.000110486412221
2.108759439910341	1.9068518783484474	0.06798101908001583	0.7645364333424466	0.10019505368044657	97.87561463687017	97.49505060137263	0.002713500841825405	1.000110486412221
2.108759439910341	1.9068518783484474	0.06798101908001583	0.7645364333424466	0.10019505368044657	97.87561463687017	97.49505060137263	0.002713500841825405	1.000110486412221
2.108759439910341	1.9068518783484474	0.06798101908001583	0.7645364333424466	0.10019505368044657	97.87561463687017	97.49505060137263	0.002713500841825405	1.0001103079789866
2.108759439910341	1.9068518783484474	0.06798101908001583	0.7645364333424466	0.10019505368044657	97.87561463687017	97.49505060137263	0.0027074336969296104	1.0001103079789866
2.108759439910341	1.9068518783484474	0.06798101908001583	0.7645364333424466	0.10019505368044657	97.87561463687017	97.49505060137263	0.0027074336969296104	1.0001103079789866
2.108759439910341	1.9068518783484474	0.06798101908001583	0.7645364333424466	0.10019500264325473	97.87561463687017	97.49505060137263	0.0027074336969296104	1.0001103079789866
2.108759439910341	1.9068518783484474	0.06798101908001583	0.7645364333424466	0.10019500264325473	97.87561463687017	97.49505060137263	0.0027074336969296104	1.0001103079789866
2.108759439910341	1.9068518783484474	0.06798101908001583	0.7645364333424466	0.10019500264325473	97.87561463687017	97.49505060137263	0.0027074336969296104	1.0001103079789866
2.108759439910341	1.9068518783484474	0.06798101908001583	0.7645364333424466	0.10019500264325473	97.83242923041264	97.49505060137263	0.0027074336969296104	1.0001103079789866
2.108759449662163	1.9068518783484474	0.06798101908001583	0.7645364333424466	0.10019500264325473	97.83242923041264	97.49505060137263	0.0027074336969296104	1.0001103079789866
2.108759449662163	1.9068518783484474	0.06798101908001583	0.7645364333424466	0.10019500264325473	97.83242923041264	97.71830663494833	0.0027074336969296104	1.0001103079789866
2.108759449662163	1.9068518783484474	0.06798101908001583	0.7645364333424466	0.10019500264325473	97.83242923041264	97.71830663494833	0.0027074336969296104	1.0001103079789866
2.108759449662163	1.9068518783484474	0.06798101908001583	0.7645364333424466	0.10019500264325473	97.83242923041264	97.7220736051061	0.0027074336969296104	1.0001103079789866
2.108759449662163	1.9068518783484474	0.06798101908001583	0.7645364333424466	0.10019500264325473	97.83242923041264	97.7220736051061	0.0028504243080997175	1.0001103079789866
2.108759449662163	1.9068518783484474	0.06798101908001583	0.7645364333424466	0.10019500264325473	97.83242923041264	97.7220736051061	0.0028504243080997175	1.0001103079789866
2.108717596917867	1.9068518783484474	0.06798101908001583	0.7645364333424466	0.10019500264325473	97.83242923041264	97.7220736051061	0.0028504243080997175	1.0001103079789866
2.108717596917867	1.9068518783484474	0.06798101908001583	0.7645364333424466	0.10019733865158131	97.83242923041264	97.7220736051061	0.0028504243080997175	1.0001103079789866
2.108717596917867	1.9074381791535453	0.06798101908001583	0.7645364333424466	0.10019733865158131	97.83242923041264	97.7220736051061	0.0028504243080997175	1.0001103079789866
2.108717596917867	1.9074381791535453	0.06798101908001583	0.7645364333424466	0.10019728248501447	97.83242923041264	97.7220736051061	0.0028504243080997175	1.0001103079789866
2.108717596917867	1.9074381791535453	0.06798101908001583	0.7644981821700643	0.10019728248501447	97.83242923041264	97.7220736051061	0.0028504243080997175	1.0001103079789866
2.108717596917867	1.9074381791535453	0.06798101908001583	0.7644981821700643	0.10019728248501447	97.83242923041264	97.7220736051061	0.0028504243080997175	1.0001103079789866
2.1087385690716203	1.9074381791535453	0.06798101908001583	0.7644981821700643	0.10019728248501447	97.83242923041264	97.7220736051061	0.0028504243080997175	1.0001103079789866
2.1087385690716203	1.9074381791535453	0.06798101908001583	0.7644981821700643	0.10019728248501447	97.83242923041264	97.7220736051061	0.0028501417492437925	1.0001103079789866
2.1087385690716203	1.9074381791535453	0.06798101908001583	0.7644981821700643	0.10019728248501447	97.83242923041264	97.7220736051061	0.0028647141721342543	1.0001103079789866
2.1087385690716203	1.9074381791535453	0.06798101908001583	0.764726946896446	0.10019728248501447	97.83242923041264	97.7220736051061	0.0028647141721342543	1.0001103079789866
2.1087385690716203	1.9074381791535453	0.06798101908001583	0.764726946896446	0.10019728248501447	97.83242923041264	97.7220736051061	0.0028647141721342543	1.0001103079789866
2.1087385690716203	1.9074381791535453	0.06798101908001583	0.764726946896446	0.10019728248501447	97.83242923041264	97.7220736051061	0.0028647141721342543	1.0001103079789866
2.1087385690716203	1.9074381791535453	0.06798101908001583	0.764726946896446	0.10019728248501447	97.83242923041264	97.7220736051061	0.0028647141721342543	1.0001103079789866
2.1087385690716203	1.9074381791535453	0.06798101908001583	0.764726946896446	0.10019728248501447	97.83242923041264	97.7220736051061	0.0028647141721342543	1.0001103079789866
2.1087385690716203	1.9074381791535453	0.06798101908001583	0.764726946896446	0.10019728248501447	97.83302671285145	97.7220736051061	0.0028647141721342543	1.0001103079789866
2.1087385690716203	1.9074381791535453	0.06798025135223595	0.764726946896446	0.10019728248501447	97.83302671285145	97.7220736051061	0.0028647141721342543	1.0001103079789866
2.1087385690716203	1.9074381791535453	0.06798025135223595	0.764726946896446	0.10019728248501447	97.83302671285145	97.7220736051061	0.0028647141721342543	1.0001103079789866
2.1087385690716203	1.9074381791535453	0.06798025135223595	0.764726946896446	0.10019728248501447	97.83302671285145	97.7220736051061	0.0028647141721342543	1.0001103079789866
2.1087385690716203	1.9074381791535453	0.06798025135223595	0.764726946896446	0.10019728248501447	97.83302671285145	97.7220736051061	0.0028647141721342543	1.000110069401923
2.1087385690716203	1.9074381791535453	0.06798025135223595	0.764726946896446	0.10019728248501447	97.83302671285145	97.7220736051061	0.0028647141721342543	1.0001084571770888
2.1087385690716203	1.9074381791535453	0.06798025135223595	0.764726946896446	0.10019728248501447	97.83302671285145	97.7220736051061	0.0028517750607000214	1.0001084571770888
2.1087385690716203	1.9074381791535453	0.06798025135223595	0.764726946896446	0.10019728248501447	97.83302671285145	97.7220736051061	0.0028517750607000214	1.0001084571770888
2.1087385690716203	1.9074381791535453	0.06798025135223595	0.764726946896446	0.10019728248501447	97.83302671285145	97.7220736051061	0.0028517750607000214	1.0001084571770888
2.1087385690716203	1.9074373960199527	0.06798025135223595	0.764726946896446	0.10019728248501447	97.83302671285145	97.7220736051061	0.0028517750607000214	1.0001084571770888
2.1085500789487996	1.9074373960199527	0.06798025135223595	0.764726946896446	0.10019728248501447	97.83302671285145	97.7220736051061	0.0028517750607000214	1.0001084571770888
2.1085500789487996	1.9074373960199527	0.06798025135223595	0.7649298706665405	0.10019728248501447	97.83302671285145	97.7220736051061	0.0028517750607000214	1.0001084571770888
2.1085500789487996	1.9074373960199527	0.06798025135223595	0.7649298706665405	0.10019728248501447	97.83302671285145	97.7220736051061	0.0028517750607000214	1.0001084571770888
2.1085500789487996	1.9074373960199527	0.06798025135223595	0.7649298706665405	0.10019728248501447	97.83302671285145	97.7220736051061	0.0028517750607000214	1.0001084571770888
2.1085500789487996	1.9074373960199527	0.06798025135223595	0.7649298706665405	0.10019728248501447	97.83302671285145	97.7220736051061	0.0028517750607000214	1.0001084571770888
2.1085500789487996	1.9074373960199527	0.06798025135223595	0.7649298706665405	0.10019728248501447	97.83302671285145	97.7220736051061	0.0028517750607000214	1.0001084571770888
2.1085500789487996	1.9074373960199527	0.06797905189552601	0.7649298706665405	0.10019728248501447	97.83302671285145	97.7220736051061	0.0028517750607000214	1.0001084571770888
2.1085981797657736	1.9074373960199527	0.06797905189552601	0.7649298706665405	0.10019728248501447	97.83302671285145	97.7220736051061	0.0028517750607000214	1.0001084571770888
2.1085513923270183	1.9074373960199527	0.06797905189552601	0.7649298706665405	0.10019728248501447	97.83302671285145	97.7220736051061	0.0028517750607000214	1.0001084571770888
2.1085513923270183	1.9074081794065512	0.06797905189552601	0.7649298706665405	0.10019728248501447	97.83302671285145	97.7220736051061	0.0028517750607000214	1.0001084571770888
2.1085513923270183	1.9074081794065512	0.06797905189552601	0.7649298706665405	0.10019728248501447	97.83302671285145	97.7220736051061	0.0028517750607000214	1.0001084571770888
2.1085513923270183	1.9074081794065512	0.06797905189552601	0.7649298706665405	0.10019728248501447	97.83302671285145	97.7220736051061	0.0028517750607000214	1.0001084909258138
2.1085513923270183	1.9074081794065512	0.06797905189552601	0.7649298706665405	0.1001969811211029	97.83302671285145	97.7220736051061	0.0028517750607000214	1.0001084909258138
2.1086778238150305	1.9074081794065512	0.06797905189552601	0.7649298706665405	0.1001969811211029	97.83302671285145	97.7220736051061	0.0028517750607000214	1.0001084909258138
2.1086778238150305	1.9074081794065512	0.06797905189552601	0.7649298706665405	0.1001969811211029	97.83302671285145	97.7220736051061	0.0028517750607000214	1.0001026414278715
2.1086778238150305	1.9074081794065512	0.06797905189552601	0.7649298706665405	0.1001969811211029	97.83302671285145	97.7217993359387	0.0028517750607000214	1.0001026414278715
2.1086778238150305	1.9074081794065512	0.06797905189552601	0.7649298706665405	0.1001969811211029	97.83302671285145	97.20341631922031	0.0028517750607000214	1.0001026414278715
2.1086778238150305	1.9074081794065512	0.06797905189552601	0.7649298706665405	0.1001969811211029	97.83302671285145	97.20341631922031	0.0028517750607000214	1.0001026414278715
2.1086778238150305	1.9074081794065512	0.06797905189552601	0.7649298706665405	0.1001969811211029	97.83302671285145	97.20341631922031	0.0028517750607000214	1.0000834182290648
2.1086778238150305	1.9074081794065512	0.06797905189552601	0.7649298706665405	0.10020215771896776	97.83302671285145	97.20341631922031	0.0028517750607000214	1.0000834182290648
2.1086875274175005	1.9074081794065512	0.06797905189552601	0.7649298706665405	0.10020215771896776	97.83302671285145	97.20341631922031	0.0028517750607000214	1.0000834182290648
2.1086875274175005	1.9074081794065512	0.06797905189552601	0.7649298706665405	0.10020215771896776	97.83302671285145	97.20341631922031	0.0028302663812004355	1.0000834182290648
2.1086875274175005	1.907413910040714	0.06797905189552601	0.7649298706665405	0.10020215771896776	97.83302671285145	97.20341631922031	0.0028302663812004355	1.0000834182290648
2.1086875274175005	1.907413910040714	0.06797905189552601	0.7649298706665405	0.10020215771896776	97.82708673730015	97.20341631922031	0.0028302663812004355	1.0000834182290648
2.1086875274175005	1.907413910040714	0.06797905189552601	0.7649298706665405	0.10020215771896776	97.82708673730015	97.20341631922031	0.0028302663812004355	1.0000834182290648
2.1086875274175005	1.907413910040714	0.06797905189552601	0.7649298706665405	0.10020215771896776	97.82708673730015	97.20341631922031	0.0028302663812004355	1.0000834182290648
2.1086875274175005	1.907413910040714	0.06797905189552601	0.7647703056721633	0.10020215771896776	97.82708673730015	97.20341631922031	0.0028302663812004355	1.0000834182290648
2.108549083240653	1.907413910040714	0.06797905189552601	0.7647703056721633	0.10020215771896776	97.82708673730015	97.20341631922031	0.0028302663812004355	1.0000834182290648
2.108549083240653	1.907413910040714	0.06797905189552601	0.7647703056721633	0.10020215771896776	97.82708673730015	97.20341631922031	0.0028302663812004355	1.0000834182290648
2.108549083240653	1.907413910040714	0.06797905189552601	0.7647703056721633	0.10020215771896776	97.82708673730015	97.20341631922031	0.0028018379144640533	1.0000834182290648
2.108549083240653	1.9074141905451965	0.06797905189552601	0.7647703056721633	0.10020215771896776	97.82708673730015	97.20341631922031	0.0028018379144640533	1.0000834182290648
2.108549083240653	1.9074141905451965	0.06797905189552601	0.7647620236734634	0.10020215771896776	97.82708673730015	97.20341631922031	0.0028018379144640533	1.0000834182290648
2.108549083240653	1.9074141905451965	0.06797905189552601	0.7647620236734634	0.10020052357032366	97.82708673730015	97.20341631922031	0.0028018379144640533	1.0000834182290648
2.108549083240653	1.9074141905451965	0.06797905189552601	0.7647620236734634	0.10020052357032366	97.82708673730015	97.20341631922031	0.0028018379144640533	1.0000834182290648
2.108549083240653	1.9074141905451965	0.06797905189552601	0.7647620236734634	0.10020052357032366	97.82708673730015	97.20341631922031	0.002809414107731375	1.0000834182290648
2.108549083240653	1.9074141905451965	0.06797905189552601	0.7647620236734634	0.10020052357032366	97.82708673730015	99.79015939294851	0.002809414107731375	1.0000834182290648
2.105227617912079	1.9074141905451965	0.06797905189552601	0.7647620236734634	0.10020052357032366	97.82708673730015	99.79015939294851	0.002809414107731375	1.0000834182290648
2.105227617912079	1.9074141905451965	0.06797905189552601	0.7647620236734634	0.10020052357032366	97.82708673730015	99.79015939294851	0.002809414107731375	1.0000834182290648
2.105227617912079	1.9074141905451965	0.06797905189552601	0.7647620236734634	0.10020052357032366	97.82708673730015	99.79015939294851	0.002809414107731375	1.0000967385281967
2.105227617912079	1.9074141905451965	0.06797905189552601	0.7647620236734634	0.10020052357032366	97.82708673730015	99.79015939294851	0.002809414107731375	1.0000967385281967
2.105227617912079	1.9074141905451965	0.06797905189552601	0.7647620236734634	0.10020052357032366	97.82708673730015	99.79028344310412	0.002809414107731375	1.0000967385281967
2.105586949577863	1.9074141905451965	0.06797905189552601	0.7647620236734634	0.10020052357032366	97.82708673730015	99.79028344310412	0.002809414107731375	1.0000967385281967
2.105586949577863	1.9074141905451965	0.06797905189552601	0.7647620236734634	0.10020052357032366	97.82708673730015	99.79028344310412	0.002809414107731375	1.0000967385281967
2.105586949577863	1.9074141905451965	0.06797905189552601	0.7647620236734634	0.10020052357032366	97.82708673730015	99.79028344310412	0.002809414107731375	1.0000967385281967
2.105586949577863	1.9074141905451965	0.06797905189552601	0.7647620236734634	0.10020052357032366	97.8273779565294	99.79028344310412	0.002809414107731375	1.0000967385281967
2.105586949577863	1.9070320776533911	0.06797905189552601	0.7647620236734634	0.10020052357032366	97.8273779565294	99.79028344310412	0.002809414107731375	1.0000967385281967
2.105586949577863	1.9070320776533911	0.06797905189552601	0.7647620236734634	0.10020052357032366	97.8273779565294	99.79028344310412	0.002809414107731375	1.0000967385281967
2.105586949577863	1.906781842563555	0.06797905189552601	0.7647620236734634	0.10020052357032366	97.8273779565294	99.79028344310412	0.002809414107731375	1.0000967385281967
2.105586949577863	1.906781842563555	0.06797905189552601	0.7647620236734634	0.10020052357032366	97.8273779565294	100.20184770860834	0.002809414107731375	1.0000967385281967
2.105586949577863	1.906781842563555	0.06797905189552601	0.7647620236734634	0.10020052357032366	97.8273779565294	100.20184770860834	0.002809414107731375	1.00009686273083
2.105586949577863	1.906781842563555	0.06797905189552601	0.7647620236734634	0.10020052357032366	97.8273779565294	100.2049117889453	0.002809414107731375	1.00009686273083
2.105586949577863	1.906781842563555	0.06797905189552601	0.7647620236734634	0.10020052357032366	97.8273779565294	100.20888739291465	0.002809414107731375	1.00009686273083
2.105586949577863	1.906781842563555	0.06797905189552601	0.7647620236734634	0.10020052357032366	97.8273779565294	100.20888739291465	0.002809414107731375	1.00009686273083
2.105586949577863	1.9066609966300967	0.06797905189552601	0.7647620236734634	0.10020052357032366	97.8273779565294	100.20888739291465	0.002809414107731375	1.00009686273083
2.105586949577863	1.9066609966300967	0.06797905189552601	0.7647620236734634	0.10020054334571166	97.8273779565294	100.20888739291465	0.002809414107731375	1.00009686273083
2.105586949577863	1.9066609966300967	0.06797905189552601	0.7647620236734634	0.10022083870686106	97.8273779565294	100.20888739291465	0.002809414107731375	1.00009686273083
2.105586949577863	1.9066609966300967	0.06797905189552601	0.7647620236734634	0.10022083870686106	97.8273779565294	100.20888739291465	0.002809414107731375	1.00009686273083
2.105586949577863	1.9066609966300967	0.06797905189552601	0.7647620236734634	0.10022083870686106	97.8273779565294	100.20888739291465	0.0028097249624694075	1.00009686273083
2.105586949577863	1.906049900237175	0.06797905189552601	0.7647620236734634	0.10022083870686106	97.8273779565294	100.20888739291465	0.0028097249624694075	1.00009686273083
2.105586949577863	1.906049900237175	0.06797905189552601	0.7647620236734634	0.10022083870686106	97.8273779565294	100.20888739291465	0.0028097249624694075	1.00009686273083
2.105586949577863	1.906049900237175	0.06797905189552601	0.7647620236734634	0.10022083870686106	97.8273779565294	100.20888739291465	0.0028097249624694075	1.00009686273083
2.105586949577863	1.906049900237175	0.06797905189552601	0.7647620236734634	0.10022083870686106	97.8273779565294	100.20888739291465	0.0028097249624694075	1.00009686273083
2.105586949577863	1.906049900237175	0.06799212229287112	0.7647620236734634	0.10022083870686106	97.8273779565294	100.20888739291465	0.0028097249624694075	1.00009686273083
2.105586949577863	1.906049900237175	0.06799212229287112	0.7647620236734634	0.10022083870686106	97.8273779565294	100.20888739291465	0.0028097249624694075	1.00009686273083
2.105586949577863	1.9060034446371683	0.06799212229287112	0.7647620236734634	0.10022083870686106	97.8273779565294	100.20888739291465	0.0028097249624694075	1.00009686273083
2.105586949577863	1.9060034446371683	0.06799212229287112	0.7647620236734634	0.10022083870686106	97.8273779565294	100.21658145126987	0.0028097249624694075	1.00009686273083
2.105586949577863	1.9060034446371683	0.06799398010525567	0.7647620236734634	0.10022083870686106	97.8273779565294	100.21658145126987	0.0028097249624694075	1.00009686273083
2.105586949577863	1.9060034446371683	0.06799398010525567	0.7647620236734634	0.10022083870686106	97.8273779565294	100.21658145126987	0.0028097249624694075	1.00009686273083
2.105586949577863	1.9060034446371683	0.06799398010525567	0.7647620236734634	0.10022083870686106	97.8273779565294	100.21658145126987	0.0028097249624694075	1.00009686273083
2.105586949577863	1.9059091830173234	0.06799398010525567	0.7647620236734634	0.10022083870686106	97.8273779565294	100.21658145126987	0.0028097249624694075	1.00009686273083
2.105586949577863	1.9059091830173234	0.06799398010525567	0.7647620236734634	0.10022083870686106	97.8273779565294	100.21658145126987	0.0028097249624694075	1.0000976100712646
2.105586949577863	1.9059089554003348	0.06799398010525567	0.7647620236734634	0.10022083870686106	97.8273779565294	100.21658145126987	0.0028097249624694075	1.0000976100712646
2.105586949577863	1.9059089554003348	0.06799398010525567	0.7647620236734634	0.10022083870686106	97.8273779565294	100.21658145126987	0.0028097022479685817	1.0000976100712646
2.105586949577863	1.9059089554003348	0.06799398010525567	0.7647620236734634	0.10022083870686106	97.8273779565294	100.21658145126987	0.0028097022479685817	1.0000976100712646
2.105586949577863	1.9059089554003348	0.06799398010525567	0.7647620236734634	0.10022083870686106	97.82720340617327	100.21658145126987	0.0028097022479685817	1.0000976100712646
2.105586949577863	1.9059089554003348	0.06799398010525567	0.7647620236734634	0.10022083870686106	97.82720340617327	100.21658145126987	0.0028097022479685817	1.0000976100712646
2.105586949577863	1.9059089554003348	0.06799398010525567	0.7647620236734634	0.10022083870686106	97.82914319725579	100.21658145126987	0.0028097022479685817	1.0000976100712646
2.105586949577863	1.9059089554003348	0.06799398010525567	0.7647620236734634	0.10022083870686106	97.82914319725579	100.21658145126987	0.0028097022479685817	1.0000976100712646
2.105586949577863	1.9059089554003348	0.06799398010525567	0.7647620236734634	0.10022083870686106	97.82932823919978	100.21658145126987	0.0028097022479685817	1.0000976100712646
2.105586949577863	1.9059089554003348	0.06799398010525567	0.7647620236734634	0.10022083870686106	97.82932823919978	100.21658145126987	0.0028097022479685817	1.0000976100712646
2.105586949577863	1.9059089554003348	0.06799398010525567	0.7647620236734634	0.10022083870686106	97.82932823919978	100.21658145126987	0.0028097022479685817	1.0000976100712646
2.105586949577863	1.9059089554003348	0.06799398010525567	0.7647620236734634	0.10022083870686106	97.82932823919978	100.21658145126987	0.0028097022479685817	1.0000976100712646
2.105586949577863	1.9059089554003348	0.06799398010525567	0.7647620236734634	0.10022083870686106	97.82932823919978	100.21798673612747	0.0028097022479685817	1.0000976100712646
2.105586949577863	1.9059089554003348	0.06799398010525567	0.7647620236734634	0.10022083870686106	97.82932823919978	101.2066337593452	0.0028097022479685817	1.0000976100712646
2.105586949577863	1.9059089554003348	0.06799398010525567	0.7647620236734634	0.10022083870686106	97.82932823919978	101.2066337593452	0.0028097022479685817	1.0000976100712646
2.105586949577863	1.9059089554003348	0.06799398010525567	0.7647620236734634	0.10022083870686106	97.82932823919978	101.2066337593452	0.0028097022479685817	1.0000976100712646
2.105586949577863	1.9059089554003348	0.06799398010525567	0.7647620236734634	0.10022083870686106	97.82932823919978	101.2066337593452	0.0028097022479685817	1.0000976100712646
2.105586949577863	1.9059089554003348	0.06799398010525567	0.7647620236734634	0.10022083870686106	97.82932823919978	101.2066337593452	0.0028097022479685817	1.0000976100712646
2.105586949577863	1.9059089554003348	0.06799398010525567	0.7647620236734634	0.10022083870686106	97.82932823919978	101.2066337593452	0.0028094579851169945	1.0000976100712646
2.105586949577863	1.9059089554003348	0.06799398010525567	0.7647620236734634	0.10022083870686106	97.82932823919978	101.21332456071873	0.0028094579851169945	1.0000976100712646
2.105586949577863	1.9059089554003348	0.06799398010525567	0.7647620236734634	0.10022083870686106	97.82932823919978	101.21332456071873	0.0028094579851169945	1.0000976100712646
2.105586949577863	1.9059089554003348	0.06799398010525567	0.7647620236734634	0.10022083870686106	97.82932823919978	101.21332456071873	0.0028094579851169945	1.0000976100712646
2.105586949577863	1.9059089554003348	0.06799398010525567	0.7647620236734634	0.10022083870686106	97.82932823919978	101.21332456071873	0.0028094579851169945	1.0000976100712646
2.105586949577863	1.9059089554003348	0.06799398010525567	0.7647620236734634	0.10022083870686106	97.82932823919978	101.21332456071873	0.0026917098740550545	1.0000976100712646
2.105586949577863	1.9059089554003348	0.06799398010525567	0.7647620236734634	0.10022083870686106	97.82932823919978	101.21332456071873	0.0026917098740550545	1.0000976100712646
2.105586949577863	1.9059089554003348	0.06799398010525567	0.7647620236734634	0.10022083870686106	97.82932823919978	101.21332456071873	0.0026916367018013096	1.0000976100712646
2.105586949577863	1.9059089554003348	0.06799398010525567	0.7647620236734634	0.10022083870686106	97.82932823919978	101.21332456071873	0.0026916367018013096	1.0000976100712646
2.105586949577863	1.9059760789962623	0.06799398010525567	0.7647620236734634	0.10022083870686106	97.82932823919978	101.21332456071873	0.0026916367018013096	1.0000976100712646
2.105586949577863	1.9059760789962623	0.06799398010525567	0.7647620236734634	0.10022083870686106	97.82932823919978	101.21332456071873	0.0026916367018013096	1.0000976100712646
2.105586949577863	1.9059404741358001	0.06799398010525567	0.7647620236734634	0.10022083870686106	97.82932823919978	101.21332456071873	0.0026916367018013096	1.0000976100712646
2.105586949577863	1.9059404741358001	0.06799398010525567	0.7647620236734634	0.10022083870686106	97.82932823919978	101.10191526269598	0.0026916367018013096	1.0000976100712646
2.105586949577863	1.9059404741358001	0.06799398010525567	0.7647620236734634	0.10022123028811634	97.82932823919978	101.10191526269598	0.0026916367018013096	1.0000976100712646
2.105586949577863	1.9059404741358001	0.06799398010525567	0.7647620236734634	0.10022123028811634	97.82932823919978	101.10191526269598	0.0027759817388372378	1.0000976100712646
2.105586949577863	1.9059404741358001	0.06799398010525567	0.7647620236734634	0.10022123028811634	97.82932823919978	101.10191526269598	0.0027759817388372378	1.0000976100712646
2.105586949577863	1.9059404741358001	0.06799756993794502	0.7647620236734634	0.10022123028811634	97.82932823919978	101.10191526269598	0.0027759817388372378	1.0000976100712646
2.105586949577863	1.9059412724817215	0.06799756993794502	0.7647620236734634	0.10022123028811634	97.82932823919978	101.10191526269598	0.0027759817388372378	1.0000976100712646
2.105586949577863	1.9059412724817215	0.06799756993794502	0.7647620236734634	0.10022123028811634	97.82932823919978	101.10191526269598	0.0027759817388372378	1.0000976100712646
2.105599603874499	1.9059412724817215	0.06799756993794502	0.7647620236734634	0.10022123028811634	97.82932823919978	101.10191526269598	0.0027759817388372378	1.0000976100712646
2.105599603874499	1.9059412724817215	0.06799756993794502	0.7647620236734634	0.10022123028811634	97.82932823919978	101.10191526269598	0.0027759817388372378	1.0000976100712646
2.105599603874499	1.9059412724817215	0.06799756993794502	0.7647620236734634	0.10022123028811634	97.82932823919978	101.10191526269598	0.0027759817388372378	1.0000976100712646
2.105599603874499	1.9059412724817215	0.06799756993794502	0.7647620236734634	0.10022123028811634	97.82932823919978	96.89283662839424	0.0027759817388372378	1.0000976100712646
2.105599603874499	1.9059412724817215	0.06799756993794502	0.7647620236734634	0.10022123028811634	97.82704966158325	96.89283662839424	0.0027759817388372378	1.0000976100712646
2.105599603874499	1.9059412724817215	0.06799756993794502	0.7647620236734634	0.10022123028811634	97.82704966158325	96.89283662839424	0.0027759817388372378	1.0000976100712646
2.105599603874499	1.9059412724817215	0.06799756993794502	0.7647620236734634	0.10022123028811634	97.82704966158325	96.89283662839424	0.0027759817388372378	1.0000976100712646
2.105599603874499	1.9059412724817215	0.06799756993794502	0.7647620236734634	0.10022123028811634	97.82704966158325	96.89283662839424	0.0027759817388372378	1.0000940982181263
2.105599603874499	1.9059412724817215	0.06799756993794502	0.7647620236734634	0.10022123028811634	97.82704966158325	96.89283662839424	0.0027759817388372378	1.0000940982181263
2.105599603874499	1.9059412724817215	0.06799756993794502	0.7647620236734634	0.10022123028811634	97.82704966158325	96.89283662839424	0.0027759817388372378	1.0000940982181263
2.105599603874499	1.9059412724817215	0.06799756993794502	0.7647620236734634	0.10022123028811634	97.82704966158325	96.89283662839424	0.0027759817388372378	1.0000940982181263
2.105599603874499	1.9059412724817215	0.06799756993794502	0.7647620236734634	0.10022123028811634	97.82704966158325	96.89283662839424	0.0027759817388372378	1.0000940982181263
2.105599603874499	1.9059412724817215	0.06799756993794502	0.7647620236734634	0.10022123028811634	97.82704966158325	96.89283662839424	0.0027759817388372378	1.0000940982181263
2.105599603874499	1.9059412724817215	0.06799733252472437	0.7647620236734634	0.10022123028811634	97.82704966158325	96.89283662839424	0.0027759817388372378	1.0000940982181263
2.105599603874499	1.9059412724817215	0.06799733252472437	0.7647620236734634	0.10022123028811634	97.82704966158325	96.89283662839424	0.0027759817388372378	1.0000940982181263
2.105599603874499	1.9059412724817215	0.06799733252472437	0.7647620236734634	0.10022034206644535	97.82704966158325	96.89283662839424	0.0027759817388372378	1.0000940982181263
2.105599603874499	1.9059412724817215	0.06799733252472437	0.7647620236734634	0.10022585759333237	97.82704966158325	96.89283662839424	0.0027759817388372378	1.0000940982181263
2.105599603874499	1.9059412724817215	0.06799733252472437	0.7647620236734634	0.10022585759333237	97.82704966158325	96.89283662839424	0.0027759817388372378	1.0000940982181263
2.105599603874499	1.9059412724817215	0.06799733252472437	0.7647620236734634	0.10022721382067451	97.82704966158325	96.89283662839424	0.0027759817388372378	1.0000940982181263
2.105599603874499	1.9059412724817215	0.06799733252472437	0.7647620236734634	0.10022720226635388	97.82704966158325	96.89283662839424	0.0027759817388372378	1.0000940982181263
2.105599603874499	1.9059412724817215	0.06799733252472437	0.7647620236734634	0.10023844296325914	97.82704966158325	96.89283662839424	0.0027759817388372378	1.0000940982181263
2.105599603874499	1.9059412724817215	0.06799733252472437	0.7647620236734634	0.10023844296325914	97.82704966158325	96.89283662839424	0.002770113848877426	1.0000940982181263
2.105599603874499	1.9059412724817215	0.06799733252472437	0.7647620236734634	0.10023844296325914	97.82704966158325	96.89283662839424	0.002770113848877426	1.0000940982181263
2.105599603874499	1.9059412724817215	0.06799733252472437	0.7647620236734634	0.10023844296325914	97.82704966158325	96.89283662839424	0.002770113848877426	1.0000940982181263
2.105599603874499	1.9059412724817215	0.06799733252472437	0.7647620236734634	0.10023844296325914	97.82704966158325	96.93016751213477	0.002770113848877426	1.0000940982181263
2.105599603874499	1.9059412724817215	0.06799733252472437	0.7647620236734634	0.10023844296325914	97.82704966158325	96.93023438821986	0.002770113848877426	1.0000940982181263
2.105599603874499	1.9059412724817215	0.06799733252472437	0.7647620236734634	0.10023844296325914	97.82704966158325	96.93023438821986	0.0027700852597565082	1.0000940982181263
2.105599603874499	1.9059412724817215	0.06799733252472437	0.7647620236734634	0.10023844296325914	97.82700810602395	96.93023438821986	0.0027700852597565082	1.0000940982181263
2.1055998984522617	1.9059412724817215	0.06799733252472437	0.7647620236734634	0.10023844296325914	97.82700810602395	96.93023438821986	0.0027700852597565082	1.0000940982181263
2.1055998984522617	1.9059412724817215	0.06799733252472437	0.7647620236734634	0.10023844296325914	97.82700810602395	96.93023438821986	0.0027700852597565082	1.0000940982181263
2.1055998984522617	1.9059412724817215	0.06799733252472437	0.7647620236734634	0.10023844296325914	97.82700810602395	96.93023438821986	0.0027700852597565082	1.0000940982181263
2.1055998984522617	1.9059412724817215	0.06799733252472437	0.7647620236734634	0.10023844296325914	97.82700810602395	96.93023438821986	0.002735459639540315	1.0000940982181263
2.1055998984522617	1.9059412724817215	0.06799733252472437	0.7647620236734634	0.10023844296325914	97.82700810602395	96.93023438821986	0.002735459639540315	1.0000940982181263
2.1055998984522617	1.9059412724817215	0.06799733252472437	0.7645028335071324	0.10023844296325914	97.82700810602395	96.93023438821986	0.002735459639540315	1.0000940982181263
2.1055998984522617	1.9059412724817215	0.06799733252472437	0.7645028335071324	0.10023844296325914	97.82700810602395	96.93023438821986	0.002735459639540315	1.0000940982181263
2.1055998984522617	1.9059412724817215	0.06799733252472437	0.7645028335071324	0.10023844296325914	97.82700810602395	96.93023438821986	0.002735459639540315	1.0000940982181263
2.1055998984522617	1.9059412724817215	0.06799733252472437	0.7645028335071324	0.10023844296325914	97.82700810602395	96.93318646001248	0.002735459639540315	1.0000940982181263
2.1055998984522617	1.9059412724817215	0.06799733252472437	0.7645028335071324	0.10023844296325914	97.82700810602395	96.93318646001248	0.002735459639540315	1.0000940982181263
2.105725054594403	1.9059412724817215	0.06799733252472437	0.7645028335071324	0.10023844296325914	97.82700810602395	96.93318646001248	0.002735459639540315	1.0000940982181263
2.105725054594403	1.9059380062562927	0.06799733252472437	0.7645028335071324	0.10023844296325914	97.82700810602395	96.93318646001248	0.002735459639540315	1.0000940982181263
2.105725054594403	1.9059380062562927	0.06799733252472437	0.7645028335071324	0.10023844296325914	97.82700810602395	96.93318646001248	0.002735459639540315	1.0000940315063842
2.105725054594403	1.9059380062562927	0.06799733252472437	0.7645028335071324	0.10023844296325914	97.82700810602395	96.93318646001248	0.002735459639540315	1.0000940315063842
2.1057209675283777	1.9059380062562927	0.06799733252472437	0.7645028335071324	0.10023844296325914	97.82700810602395	96.93318646001248	0.002735459639540315	1.0000940315063842
2.1057209675283777	1.9059380062562927	0.06799733252472437	0.7645028335071324	0.10023844296325914	97.82700810602395	96.93318646001248	0.002735459639540315	1.0000940315063842
2.1057209675283777	1.9059380062562927	0.06799733252472437	0.7645028335071324	0.10023844296325914	97.82700810602395	96.93318646001248	0.002735459639540315	1.0000940315063842
2.1057209675283777	1.9059380062562927	0.06799733252472437	0.7645028335071324	0.10023844296325914	97.82700810602395	96.93318646001248	0.002735459639540315	1.0000940315063842
2.105717770989494	1.9059380062562927	0.06799733252472437	0.7645028335071324	0.10023844296325914	97.82700810602395	96.93318646001248	0.002735459639540315	1.0000940315063842
2.105717770989494	1.9059380062562927	0.06799733252472437	0.7645028335071324	0.1002365791655981	97.82700810602395	96.93318646001248	0.002735459639540315	1.0000940315063842
2.105717770989494	1.9059380062562927	0.06801309454203473	0.7645028335071324	0.1002365791655981	97.82700810602395	96.93318646001248	0.002735459639540315	1.0000940315063842
2.105717770989494	1.9059380062562927	0.06801309454203473	0.7645028335071324	0.10023593254157706	97.82700810602395	96.93318646001248	0.002735459639540315	1.0000940315063842
2.105717770989494	1.9061332659007297	0.06801309454203473	0.7645028335071324	0.10023593254157706	97.82700810602395	96.93318646001248	0.002735459639540315	1.0000940315063842
2.105717770989494	1.9061332659007297	0.06801309454203473	0.7645028335071324	0.10023593254157706	97.82700810602395	96.9334810972438	0.002735459639540315	1.0000940315063842
2.1057191556892585	1.9061332659007297	0.06801309454203473	0.7645028335071324	0.10023593254157706	97.82700810602395	96.9334810972438	0.002735459639540315	1.0000940315063842
2.1057191556892585	1.9061332659007297	0.06801309454203473	0.7645028335071324	0.10023593254157706	97.82700810602395	97.60367560048667	0.002735459639540315	1.0000940315063842
2.1057191556892585	1.9061332659007297	0.06801309454203473	0.7645028335071324	0.10023593254157706	97.82700810602395	97.60406287997857	0.002735459639540315	1.0000940315063842
2.1057191556892585	1.9061332659007297	0.06801309454203473	0.7645028335071324	0.10023593254157706	97.82700810602395	97.60406287997857	0.002735459639540315	1.0000940315063842
2.10571637892169	1.9061332659007297	0.06801309454203473	0.7645028335071324	0.10023593254157706	97.82700810602395	97.60406287997857	0.002735459639540315	1.0000940315063842
2.10571637892169	1.9061332659007297	0.06801309454203473	0.7645028335071324	0.10023593254157706	97.82700810602395	97.60406287997857	0.002735459639540315	1.0000940315063842
2.10571637892169	1.9061332659007297	0.06801309454203473	0.7645028335071324	0.10023593254157706	97.82700810602395	97.60406287997857	0.002735459639540315	1.0000940315063842
2.10571637892169	1.9061332659007297	0.06800881564112479	0.7645028335071324	0.10023593254157706	97.82700810602395	97.60406287997857	0.002735459639540315	1.0000940315063842
2.10571637892169	1.9061305746076136	0.06800881564112479	0.7645028335071324	0.10023593254157706	97.82700810602395	97.60406287997857	0.002735459639540315	1.0000940315063842
2.10571637892169	1.9061305746076136	0.06800881564112479	0.7645028335071324	0.10023593254157706	97.82700810602395	97.60406287997857	0.002735459639540315	1.0000940315063842
2.10571637892169	1.9061305746076136	0.06800881564112479	0.7645028335071324	0.10023593254157706	97.82700810602395	97.60406287997857	0.002735459639540315	1.0000940315063842
2.10571637892169	1.9061330800811833	0.06800881564112479	0.7645028335071324	0.10023593254157706	97.82700810602395	97.60406287997857	0.002735459639540315	1.0000940315063842
2.10571637892169	1.9061723034149336	0.06800881564112479	0.7645028335071324	0.10023593254157706	97.82700810602395	97.60406287997857	0.002735459639540315	1.0000940315063842
2.10571637892169	1.9061723034149336	0.06801075848114908	0.7645028335071324	0.10023593254157706	97.82700810602395	97.60406287997857	0.002735459639540315	1.0000940315063842
2.10571637892169	1.9061723034149336	0.06801075848114908	0.7645028335071324	0.10023593254157706	97.82700810602395	97.60406287997857	0.002735459639540315	1.0000940315063842
2.10571637892169	1.9061723034149336	0.06801075848114908	0.7645028335071324	0.10023593254157706	97.82700810602395	97.60406287997857	0.002735459639540315	1.0000940315063842
2.10571637892169	1.9061723034149336	0.06801075848114908	0.7645028335071324	0.10023593254157706	97.82700810602395	97.60406287997857	0.002735459639540315	1.0000940315063842
2.10571637892169	1.9061723034149336	0.06801075848114908	0.7645028335071324	0.10023593254157706	97.82700810602395	97.60406287997857	0.002735459639540315	1.0000940315063842
2.10571637892169	1.9063821457404992	0.06801075848114908	0.7645028335071324	0.10023593254157706	97.82700810602395	97.60406287997857	0.002735459639540315	1.0000940315063842
2.10571637892169	1.9063821457404992	0.06801075848114908	0.7645028335071324	0.10023593254157706	97.82701472679754	97.60406287997857	0.002735459639540315	1.0000940315063842
2.10571637892169	1.9063821457404992	0.06801075848114908	0.7645028335071324	0.10023593254157706	97.82701472679754	97.60406287997857	0.002735459639540315	1.0000940315063842
2.10571637892169	1.9063821457404992	0.06801075848114908	0.7645028335071324	0.10023593254157706	97.82701472679754	97.60406287997857	0.002724540472377552	1.0000940315063842
2.10571637892169	1.9063821457404992	0.06801075848114908	0.7645028335071324	0.10023593254157706	97.82701472679754	97.60406287997857	0.002724540472377552	1.0000940315063842
2.10571637892169	1.9063821457404992	0.06801075848114908	0.7645028335071324	0.10023593254157706	97.82687835048259	97.60406287997857	0.002724540472377552	1.0000940315063842
2.10571637892169	1.9063821457404992	0.06801075848114908	0.7645028335071324	0.10023701221971425	97.82687835048259	97.60406287997857	0.002724540472377552	1.0000940315063842
2.105632326250993	1.9063821457404992	0.06801075848114908	0.7645028335071324	0.10023701221971425	97.82687835048259	97.60406287997857	0.002724540472377552	1.0000940315063842
2.105632326250993	1.9063821457404992	0.06801075848114908	0.7645028335071324	0.10023701221971425	97.82687835048259	97.60406287997857	0.002724540472377552	1.0000940315063842
2.105632326250993	1.9063821457404992	0.06801075848114908	0.7645028335071324	0.10023701221971425	97.82687835048259	97.60406287997857	0.002724540472377552	1.0000940315063842
2.105632326250993	1.9063821457404992	0.06801075848114908	0.7645028335071324	0.10023701221971425	97.82687835048259	97.60406287997857	0.002724540472377552	1.0000943566669562
2.105632326250993	1.9063821457404992	0.06801075848114908	0.7645028335071324	0.10023701221971425	97.82687835048259	97.60406287997857	0.002699518396373131	1.0000943566669562
2.105632326250993	1.9063821457404992	0.06801075848114908	0.7645028335071324	0.10023701221971425	97.82687835048259	97.60406287997857	0.002699518396373131	1.0000943566669562
2.105632326250993	1.9063821457404992	0.06801075848114908	0.7645028335071324	0.10023701221971425	97.82687835048259	97.60406287997857	0.0027059153077335996	1.0000943566669562
2.105632326250993	1.9063821457404992	0.06801075848114908	0.7645028335071324	0.10023701221971425	97.82687835048259	97.60406287997857	0.0027059153077335996	1.0000943566669562
2.105632326250993	1.9063821457404992	0.06801075848114908	0.7645028335071324	0.10023701221971425	97.82687835048259	97.60406287997857	0.0027059153077335996	1.0000943566669562
2.105632326250993	1.9063821457404992	0.06801075848114908	0.7645028335071324	0.10023701221971425	97.82687835048259	97.60414392473707	0.0027059153077335996	1.0000943566669562
2.105632326250993	1.9063821457404992	0.06801075848114908	0.7645028335071324	0.10023701221971425	97.82687835048259	97.60414392473707	0.0027059153077335996	1.0000943566669562
2.105632326250993	1.9063821457404992	0.06801075848114908	0.7645028335071324	0.10023701221971425	97.82646902963502	97.60414392473707	0.0027059153077335996	1.0000943566669562
2.104962424151624	1.9063821457404992	0.06801075848114908	0.7645028335071324	0.10023701221971425	97.82646902963502	97.60414392473707	0.0027059153077335996	1.0000943566669562
2.104962424151624	1.9063821457404992	0.06801075848114908	0.7645028335071324	0.10023701221971425	97.82646902963502	97.60414392473707	0.002705727006550682	1.0000943566669562
2.104962424151624	1.9063821457404992	0.06801075848114908	0.7645028335071324	0.10023641154206474	97.82646902963502	97.60414392473707	0.002705727006550682	1.0000943566669562
2.104962424151624	1.9063821457404992	0.06801075848114908	0.7645028335071324	0.10023641154206474	97.82646902963502	97.60414392473707	0.002705727006550682	1.0000943566669562
2.104962424151624	1.9063821457404992	0.06801075848114908	0.7645028335071324	0.10023641154206474	97.82646902963502	97.60414392473707	0.002705727006550682	1.0000943566669562
2.105025701152221	1.9063821457404992	0.06801075848114908	0.7645028335071324	0.10023641154206474	97.82646902963502	97.60414392473707	0.002705727006550682	1.0000943566669562
2.105025701152221	1.9063821457404992	0.06801075848114908	0.7645028335071324	0.10023641154206474	97.82646902963502	97.60414392473707	0.002705727006550682	1.0000943566669562
2.105025701152221	1.9050183898382669	0.06801075848114908	0.7645028335071324	0.10023641154206474	97.82646902963502	97.60414392473707	0.002705727006550682	1.0000943566669562
2.105025701152221	1.9050183898382669	0.06801075848114908	0.7648806647921089	0.10023641154206474	97.82646902963502	97.60414392473707	0.002705727006550682	1.0000943566669562
2.105025701152221	1.9050183898382669	0.06801075848114908	0.7648806647921089	0.10023641154206474	97.82646902963502	98.69571482297198	0.002705727006550682	1.0000943566669562
2.105025701152221	1.9050183898382669	0.06801075848114908	0.7648806647921089	0.10023641154206474	97.82646902963502	98.69571482297198	0.002705727006550682	1.0000943566669562
2.105031964536448	1.9050183898382669	0.06801075848114908	0.7648806647921089	0.10023641154206474	97.82646902963502	98.69571482297198	0.002705727006550682	1.0000943566669562
2.105031964536448	1.9050183898382669	0.06801075848114908	0.7648806647921089	0.10023608125167703	97.82646902963502	98.69571482297198	0.002705727006550682	1.0000943566669562
2.105031964536448	1.9050183898382669	0.06801075848114908	0.7648806647921089	0.10023608125167703	97.82646902963502	98.69571482297198	0.002705727006550682	1.0000943566669562
2.105031964536448	1.9050183898382669	0.06801075848114908	0.7648806647921089	0.10023608125167703	97.82646902963502	98.69571482297198	0.002705727006550682	1.0000943566669562
2.105031964536448	1.9050183898382669	0.06801075848114908	0.7648806647921089	0.10023608125167703	97.82646902963502	98.69571482297198	0.002705727006550682	1.0000943566669562
2.105031964536448	1.9050183898382669	0.06801075848114908	0.7648806647921089	0.10023608125167703	97.82655769627934	98.69571482297198	0.002705727006550682	1.0000943566669562
2.105031964536448	1.9050183898382669	0.06801075848114908	0.764616460116207	0.10023608125167703	97.82655769627934	98.69571482297198	0.002705727006550682	1.0000943566669562
2.105031964536448	1.9050183898382669	0.06801075848114908	0.764616460116207	0.10023608125167703	97.82655769627934	98.69571482297198	0.002705727006550682	1.0000943566669562
2.105031964536448	1.9050183898382669	0.06801075848114908	0.764616460116207	0.10023608125167703	97.82655769627934	98.69571482297198	0.002705727006550682	1.000091542573715
2.105028491672925	1.9050183898382669	0.06801075848114908	0.764616460116207	0.10023608125167703	97.82655769627934	98.69571482297198	0.002705727006550682	1.000091542573715
2.105028491672925	1.9050183898382669	0.06801075848114908	0.764616460116207	0.10023608125167703	97.82655769627934	98.69571482297198	0.002705727006550682	1.000091542573715
2.105028491672925	1.9050183898382669	0.06801075848114908	0.764616460116207	0.10023581563498553	97.82655769627934	98.69571482297198	0.002705727006550682	1.000091542573715
2.105028491672925	1.9050183898382669	0.06801075848114908	0.764616460116207	0.10023581563498553	97.82655769627934	98.6605226244344	0.002705727006550682	1.000091542573715
2.105028491672925	1.9050183898382669	0.06801075848114908	0.764616460116207	0.10023581563498553	97.82655769627934	98.62234098902816	0.002705727006550682	1.000091542573715
2.105028491672925	1.9050183898382669	0.06801075848114908	0.764616460116207	0.10023581563498553	97.82655769627934	98.62234098902816	0.002705727006550682	1.000091542573715
2.105028491672925	1.9050183898382669	0.06801075848114908	0.764616460116207	0.10023581563498553	97.82655769627934	98.62234098902816	0.002705727006550682	1.000091542573715
2.105028491672925	1.9050183898382669	0.06800968279091293	0.764616460116207	0.10023581563498553	97.82655769627934	98.62234098902816	0.002705727006550682	1.000091542573715
2.105028491672925	1.9050183898382669	0.06800213787288374	0.764616460116207	0.10023581563498553	97.82655769627934	98.62234098902816	0.002705727006550682	1.000091542573715
2.105028491672925	1.9050183898382669	0.06800213787288374	0.764616460116207	0.10023724840144736	97.82655769627934	98.62234098902816	0.002705727006550682	1.000091542573715
2.105028491672925	1.9050183898382669	0.06800213787288374	0.7646180855058068	0.10023724840144736	97.82655769627934	98.62234098902816	0.002705727006550682	1.000091542573715
2.105028491672925	1.9050183898382669	0.06800213787288374	0.7646180855058068	0.10023724840144736	97.82655769627934	98.66296133212157	0.002705727006550682	1.000091542573715
2.105028491672925	1.9050183898382669	0.06800213787288374	0.7646180855058068	0.10023724840144736	97.82655769627934	98.66296133212157	0.002705727006550682	1.000091542573715
2.105028491672925	1.9050183898382669	0.06800213787288374	0.7646180855058068	0.10023724840144736	97.82655769627934	98.65484996543478	0.002705727006550682	1.000091542573715
2.105028491672925	1.9050183898382669	0.06800213787288374	0.7646180855058068	0.10023724840144736	97.82655769627934	98.65484996543478	0.002705727006550682	1.000091542573715
2.105028491672925	1.9050183898382669	0.06800213787288374	0.7646180855058068	0.10023724840144736	97.82655769627934	98.65484996543478	0.002705727006550682	1.0000916030156077
2.105028491672925	1.9050183898382669	0.06800213787288374	0.7646180855058068	0.10023724840144736	97.82655769627934	98.65484996543478	0.002531338302494772	1.0000916030156077
2.105028491672925	1.9050183898382669	0.06800213787288374	0.7646180855058068	0.10023724840144736	97.82655769627934	98.65484996543478	0.002531338302494772	1.0000915464771198
2.105028491672925	1.9050183898382669	0.06800213787288374	0.7646180855058068	0.10023724840144736	97.82655769627934	98.65484996543478	0.002531338302494772	1.0000915464771198
2.105028491672925	1.9050183898382669	0.06800213787288374	0.7646180855058068	0.10023724840144736	97.82655769627934	98.65484996543478	0.002531338302494772	1.0000915464771198
2.105028491672925	1.9050183898382669	0.06800534343311732	0.7646180855058068	0.10023724840144736	97.82655769627934	98.65484996543478	0.002531338302494772	1.0000915464771198
2.105028491672925	1.9050183898382669	0.06800534343311732	0.7646180855058068	0.10023724840144736	97.82655769627934	98.65484996543478	0.002407163509207228	1.0000915464771198
2.105028491672925	1.9050183898382669	0.06800534343311732	0.7646180855058068	0.10024433835673782	97.82655769627934	98.65484996543478	0.002407163509207228	1.0000915464771198
2.105028491672925	1.9050183898382669	0.06800534343311732	0.7646180855058068	0.10024646194021285	97.82655769627934	98.65484996543478	0.002407163509207228	1.0000915464771198
2.105028491672925	1.9050183898382669	0.06800534343311732	0.7646180855058068	0.10024646194021285	97.82655769627934	98.65484996543478	0.002407163509207228	1.0000915464771198
2.105028491672925	1.9050183898382669	0.06800534343311732	0.7646180855058068	0.10024646194021285	97.82655769627934	98.65484996543478	0.002407163509207228	1.0000915464771198
2.105028491672925	1.9050183898382669	0.06800534343311732	0.7646180855058068	0.10024646194021285	97.82655769627934	98.65484996543478	0.002407163509207228	1.0000915464771198
2.105028491672925	1.9050183898382669	0.06800534343311732	0.7646180855058068	0.10024646194021285	97.82655769627934	98.65484996543478	0.002407163509207228	1.0000915464771198
2.105028491672925	1.9050183898382669	0.06800534343311732	0.7646180855058068	0.10024646194021285	97.82655769627934	102.13379413835843	0.002407163509207228	1.0000915464771198
2.105028491672925	1.9050183898382669	0.06800534343311732	0.7646180855058068	0.10024646194021285	97.82655769627934	102.13379413835843	0.002407163509207228	1.0000915464771198
2.105028491672925	1.9050183898382669	0.06800534343311732	0.7646180855058068	0.09996973933461184	97.82655769627934	102.13379413835843	0.002407163509207228	1.0000915464771198
2.105028491672925	1.9050183898382669	0.06800534343311732	0.7646180855058068	0.09996973933461184	97.82655769627934	102.13379413835843	0.002407163509207228	1.0000915464771198
2.105028491672925	1.9050183898382669	0.06800534343311732	0.7646180855058068	0.09996973933461184	97.82655769627934	102.13379413835843	0.002407163509207228	1.0000915464771198
2.105028491672925	1.9050183898382669	0.06800534343311732	0.7646180855058068	0.09997232729979658	97.82655769627934	102.13379413835843	0.002407163509207228	1.0000915464771198
2.105028491672925	1.9050183898382669	0.06800534343311732	0.7646180855058068	0.099916329229277	97.82655769627934	102.13379413835843	0.002407163509207228	1.0000915464771198
2.1050291834749766	1.9050183898382669	0.06800534343311732	0.7646180855058068	0.099916329229277	97.82655769627934	102.13379413835843	0.002407163509207228	1.0000915464771198
2.1050291834749766	1.9050183898382669	0.06800534343311732	0.7646180855058068	0.099916329229277	97.82655769627934	102.13379413835843	0.002407163509207228	1.0000916158392932
2.1050291834749766	1.9050183898382669	0.06800534343311732	0.7646180855058068	0.099916329229277	97.82655769627934	102.13379413835843	0.002407163509207228	1.0000916158392932
2.1050291834749766	1.9050183898382669	0.06800534343311732	0.7646180855058068	0.099916329229277	97.82655769627934	102.13379413835843	0.002407163509207228	1.0000916158392932
2.1050291834749766	1.9050183898382669	0.06800534343311732	0.7646180855058068	0.099916329229277	97.82655769627934	102.13379413835843	0.002407163509207228	1.0000916158392932
2.1050291834749766	1.9050183898382669	0.06800534343311732	0.7646180855058068	0.099916329229277	97.82655769627934	101.64689075203347	0.002407163509207228	1.0000916158392932
2.1050291834749766	1.9050183898382669	0.06800534343311732	0.7646180855058068	0.099916329229277	97.82655769627934	101.64689075203347	0.002407163509207228	1.0000916158392932
2.1050291834749766	1.9050183898382669	0.06800534343311732	0.7646180855058068	0.099916329229277	97.82655769627934	101.64689075203347	0.002407163509207228	1.0000918781852106
2.1050291834749766	1.9050183898382669	0.06800534343311732	0.7646820480149403	0.099916329229277	97.82655769627934	101.64689075203347	0.002407163509207228	1.0000918781852106
2.1050291834749766	1.9050183898382669	0.06800534343311732	0.7646820480149403	0.099916329229277	97.82655769627934	101.64689075203347	0.002407163509207228	1.0000918781852106
2.1050291834749766	1.9050183898382669	0.06800534343311732	0.7646820480149403	0.099916329229277	97.82655769627934	101.64689075203347	0.002407163509207228	1.0000918781852106
2.1050291834749766	1.9050183936959502	0.06800534343311732	0.7646820480149403	0.099916329229277	97.82655769627934	101.64689075203347	0.002407163509207228	1.0000918781852106
2.1049298418485733	1.9050183936959502	0.06800534343311732	0.7646820480149403	0.099916329229277	97.82655769627934	101.64689075203347	0.002407163509207228	1.0000918781852106
2.1049298418485733	1.9050183936959502	0.06800534343311732	0.7646820480149403	0.099916329229277	97.82655769627934	100.28307953923304	0.002407163509207228	1.0000918781852106
2.1049298418485733	1.9050183936959502	0.06800534343311732	0.7646820480149403	0.099916329229277	97.82655769627934	100.28307953923304	0.002407040091900078	1.0000918781852106
2.1049298418485733	1.9050183936959502	0.06800644087083126	0.7646820480149403	0.099916329229277	97.82655769627934	100.28307953923304	0.002407040091900078	1.0000918781852106
2.1049298418485733	1.9050183936959502	0.06800644087083126	0.7646820480149403	0.099916329229277	97.82655769627934	100.28307953923304	0.002407040091900078	1.0000918781852106
2.1049298418485733	1.9050183936959502	0.06800644087083126	0.7646820480149403	0.099916329229277	97.82581376835525	100.28307953923304	0.002407040091900078	1.0000918781852106
2.1049298418485733	1.9050183936959502	0.06800644087083126	0.7646820480149403	0.09992496226263935	97.82581376835525	100.28307953923304	0.002407040091900078	1.0000918781852106
2.1049298418485733	1.9050183936959502	0.06800644087083126	0.7646820480149403	0.09992496226263935	97.82581376835525	100.28307953923304	0.002407040091900078	1.0000918781852106
2.1049298418485733	1.9050183936959502	0.06800644087083126	0.7646820480149403	0.09992496226263935	97.82581376835525	100.28307953923304	0.002407040091900078	1.0000918781852106
2.1049298418485733	1.9050183936959502	0.06800644087083126	0.7646820480149403	0.09992496226263935	97.82581376835525	100.28307953923304	0.0024061431730471195	1.0000918781852106
2.1049298418485733	1.9050183936959502	0.06800644087083126	0.7646820480149403	0.09992496226263935	97.82581376835525	100.28307953923304	0.002422871915809104	1.0000918781852106
2.1049298418485733	1.9050183936959502	0.06800644087083126	0.7646820480149403	0.09992483928750437	97.82581376835525	100.28307953923304	0.002422871915809104	1.0000918781852106
2.1049298418485733	1.9050183936959502	0.06800644087083126	0.7646820480149403	0.09992483928750437	97.82581376835525	100.28307953923304	0.002422871915809104	1.000091856138966
2.1049298418485733	1.9050183936959502	0.06800644087083126	0.7646820480149403	0.09992456455867449	97.82581376835525	100.28307953923304	0.002422871915809104	1.000091856138966
2.1049298418485733	1.9050183936959502	0.06800644087083126	0.7646820480149403	0.09992457120185656	97.82581376835525	100.28307953923304	0.002422871915809104	1.000091856138966
2.1049298418485733	1.9050183936959502	0.06800644087083126	0.7646820480149403	0.09992457120185656	97.82581376835525	100.24894123299481	0.002422871915809104	1.000091856138966
2.1049298418485733	1.9050183936959502	0.06800644087083126	0.7646820480149403	0.09992457120185656	97.82581376835525	100.24894123299481	0.002422871915809104	1.000091856138966
2.1049298418485733	1.9050183936959502	0.06800644087083126	0.7646820480149403	0.09992457120185656	97.82581376835525	100.24894123299481	0.002422871915809104	1.000091856138966
2.1049298418485733	1.9050183936959502	0.06800644087083126	0.7646820480149403	0.09992457120185656	97.82581376835525	100.24894123299481	0.002422871915809104	1.000091856138966
2.1049298418485733	1.9050183936959502	0.06800644087083126	0.7646820480149403	0.09992457120185656	97.82581376835525	100.24894123299481	0.0023981814118106317	1.000091856138966
2.1049298418485733	1.9050183936959502	0.06800644087083126	0.7646820480149403	0.09992457120185656	97.82581376835525	100.24894123299481	0.0023981814118106317	1.000091856138966
2.1048999146460705	1.9050183936959502	0.06800644087083126	0.7646820480149403	0.09992457120185656	97.82581376835525	100.24894123299481	0.0023981814118106317	1.000091856138966
2.1048999146460705	1.9050183936959502	0.06800644087083126	0.7646820480149403	0.09992457120185656	97.82581376835525	99.62241391599528	0.0023981814118106317	1.000091856138966
2.1048999146460705	1.9050183936959502	0.06800644087083126	0.7646820480149403	0.09992457120185656	97.82581376835525	99.62241391599528	0.0023981814118106317	1.000091856138966
2.1048999146460705	1.9050183936959502	0.06800644087083126	0.7646820480149403	0.09992457120185656	97.82581376835525	99.62241391599528	0.0023981814118106317	1.000091856138966
2.1048999146460705	1.9050183936959502	0.06800644087083126	0.7646820480149403	0.09992457120185656	97.82581376835525	99.62241391599528	0.0023981814118106317	1.000091856138966
2.1048999146460705	1.9050183936959502	0.06800644087083126	0.7646820480149403	0.09992457120185656	97.82581376835525	99.62241391599528	0.0023885021076424087	1.000091856138966
2.1048999146460705	1.905021305627743	0.06800644087083126	0.7646820480149403	0.09992457120185656	97.82581376835525	99.62241391599528	0.0023885021076424087	1.000091856138966
2.1048999146460705	1.905021305627743	0.06800644087083126	0.7646820480149403	0.09992428789346235	97.82581376835525	99.62241391599528	0.0023885021076424087	1.000091856138966
2.1048999146460705	1.905021305627743	0.06800644087083126	0.7646820480149403	0.09992428789346235	97.82581376835525	99.62241391599528	0.0023885021076424087	1.000091856138966
2.1048999146460705	1.905021305627743	0.06800644087083126	0.7646820480149403	0.09992428789346235	97.82581376835525	99.62241391599528	0.0023885021076424087	1.000091856138966
2.1048999146460705	1.905021305627743	0.06800644087083126	0.7646820480149403	0.09992428789346235	97.82581376835525	100.29979057526897	0.0023885021076424087	1.000091856138966
2.1048999146460705	1.905021305627743	0.06800644087083126	0.7646820480149403	0.09992428789346235	97.82581376835525	100.29979057526897	0.0023885021076424087	1.000091856138966
2.1048999146460705	1.905021305627743	0.06800644087083126	0.7646820480149403	0.09992428789346235	97.82581376835525	100.29979057526897	0.0023885021076424087	1.000091856138966
2.1048999146460705	1.905021305627743	0.06800644087083126	0.7646820480149403	0.09992428789346235	97.82581376835525	100.29979057526897	0.0023885021076424087	1.000091856138966
2.1048972712606946	1.905021305627743	0.06800644087083126	0.7646820480149403	0.09992428789346235	97.82581376835525	100.29979057526897	0.0023885021076424087	1.000091856138966
2.1048972712606946	1.905021305627743	0.06800644087083126	0.7646820480149403	0.09992428789346235	97.82581376835525	106.2992953374687	0.0023885021076424087	1.000091856138966
2.1048972712606946	1.905021305627743	0.06800644087083126	0.7646820480149403	0.09992417143442654	97.82581376835525	106.2992953374687	0.0023885021076424087	1.000091856138966
2.1048972712606946	1.905021305627743	0.06800644087083126	0.7646820480149403	0.09992417143442654	97.82581376835525	106.2992953374687	0.0023885021076424087	1.000091856138966
2.1048972712606946	1.905021305627743	0.06800644087083126	0.7646820480149403	0.09992417143442654	97.82581376835525	106.300101679138	0.0023885021076424087	1.000091856138966
2.1048972712606946	1.905021305627743	0.06800644087083126	0.7646820480149403	0.09992417143442654	97.82581376835525	106.300101679138	0.0023885021076424087	1.000091856138966
2.1048972712606946	1.905021305627743	0.06800644087083126	0.7646820480149403	0.09992417143442654	97.82581376835525	106.300101679138	0.0023885021076424087	1.000091856138966
2.1048972712606946	1.905021305627743	0.06800644087083126	0.7646820480149403	0.09992417143442654	97.82581376835525	106.300101679138	0.002388411665624185	1.000091856138966
2.1048972712606946	1.905021305627743	0.06800644087083126	0.7646820480149403	0.09992417143442654	97.82581376835525	106.300101679138	0.002388411665624185	1.000091856138966
2.1048972712606946	1.905021305627743	0.06800644087083126	0.7646766787423883	0.09992417143442654	97.82581376835525	106.300101679138	0.002388411665624185	1.000091856138966
2.1048972712606946	1.905021305627743	0.06800644087083126	0.7646766787423883	0.09992417143442654	97.82581376835525	106.300101679138	0.002388411665624185	1.000091856138966
2.1048972712606946	1.905021305627743	0.06800644087083126	0.7646784974091076	0.09992417143442654	97.82581376835525	106.300101679138	0.002388411665624185	1.000091856138966
2.1048972712606946	1.905021305627743	0.06797470169688122	0.7646784974091076	0.09992417143442654	97.82581376835525	106.300101679138	0.002388411665624185	1.000091856138966
2.1048972712606946	1.905021305627743	0.06797470169688122	0.7646784974091076	0.09992417143442654	97.82581376835525	106.300101679138	0.002389016325783652	1.000091856138966
2.1048972712606946	1.905021305627743	0.06797470169688122	0.7646784974091076	0.09992417143442654	97.82581376835525	106.300101679138	0.002389016325783652	1.000091856138966
2.1048972712606946	1.905021305627743	0.06797470169688122	0.7646784974091076	0.09992417143442654	97.82581376835525	106.30525221681195	0.002389016325783652	1.000091856138966
2.1047914616374945	1.905021305627743	0.06797470169688122	0.7646784974091076	0.09992417143442654	97.82581376835525	106.30525221681195	0.002389016325783652	1.000091856138966
2.1047914616374945	1.905021305627743	0.06797470169688122	0.7646784974091076	0.09992417143442654	97.82581376835525	106.30525221681195	0.002389016325783652	1.000091856138966
2.1047914616374945	1.9017831546943114	0.06797470169688122	0.7646784974091076	0.09992417143442654	97.82581376835525	106.30525221681195	0.002389016325783652	1.000091856138966
2.1047914616374945	1.9017831546943114	0.06797470169688122	0.7646784974091076	0.09992417143442654	97.82581376835525	106.30525221681195	0.0023697754731025916	1.000091856138966
2.1047914616374945	1.9017831546943114	0.06797470169688122	0.764678411078535	0.09992417143442654	97.82581376835525	106.30525221681195	0.0023697754731025916	1.000091856138966
2.1047914616374945	1.9017831546943114	0.06797470169688122	0.764678411078535	0.09992417143442654	97.82581376835525	106.30525221681195	0.0023697754731025916	1.000091856138966
2.1047914616374945	1.9017831546943114	0.06797470169688122	0.764678411078535	0.09992417143442654	97.82581376835525	106.30525221681195	0.0023697754731025916	1.000091856138966
2.1047914616374945	1.9017831546943114	0.06797470169688122	0.764678411078535	0.09992417143442654	97.82581376835525	106.30525221681195	0.0023697754731025916	1.000091856138966
2.1047914616374945	1.9017831546943114	0.06797470169688122	0.764678411078535	0.09992417143442654	97.82581376835525	106.30525221681195	0.0023697754731025916	1.000091856138966
2.1047914616374945	1.9017831546943114	0.06797470169688122	0.764678411078535	0.0999240704763213	97.82581376835525	106.30525221681195	0.0023697754731025916	1.000091856138966
2.1047914616374945	1.9017655712616977	0.06797470169688122	0.764678411078535	0.0999240704763213	97.82581376835525	106.30525221681195	0.0023697754731025916	1.000091856138966
2.1047914616374945	1.9017655712616977	0.06797470169688122	0.764678411078535	0.0999240704763213	97.82583326182393	106.30525221681195	0.0023697754731025916	1.000091856138966
2.1047914616374945	1.9022595413656127	0.06797470169688122	0.764678411078535	0.0999240704763213	97.82583326182393	106.30525221681195	0.0023697754731025916	1.000091856138966
2.1047914616374945	1.9022595413656127	0.06797470169688122	0.764678411078535	0.09993411171538648	97.82583326182393	106.30525221681195	0.0023697754731025916	1.000091856138966
2.1047914616374945	1.9022595413656127	0.06797470169688122	0.764678411078535	0.09993411171538648	97.82583326182393	106.30525221681195	0.0023697754731025916	1.000091856138966
2.1047914616374945	1.9022595413656127	0.06797470169688122	0.764678411078535	0.09993411171538648	97.82583326182393	106.30525221681195	0.0023697754731025916	1.000091856138966
2.1047914616374945	1.9022595413656127	0.06797470169688122	0.764678411078535	0.09993411171538648	97.82583326182393	106.30525221681195	0.0023697754731025916	1.000091856138966
2.1047914616374945	1.9022595413656127	0.06797470169688122	0.764678411078535	0.09993411171538648	97.82583326182393	106.30525221681195	0.0023697754731025916	1.000091856138966
2.1047914616374945	1.9022595413656127	0.06797470169688122	0.764678411078535	0.09993411171538648	97.82583326182393	106.30525221681195	0.0023697754731025916	1.000091856138966
2.1047914616374945	1.9022595413656127	0.06797470169688122	0.764678411078535	0.09993411171538648	97.82583326182393	106.30525221681195	0.0023697754731025916	1.000091856138966
2.1047914616374945	1.9022595413656127	0.06797470169688122	0.764678411078535	0.09993411171538648	97.82596285888543	106.30525221681195	0.0023697754731025916	1.000091856138966
2.1047914616374945	1.9022595413656127	0.06797470169688122	0.764678411078535	0.09993411171538648	97.82596285888543	106.30525221681195	0.0023697754731025916	1.000091856138966
2.1047914616374945	1.9022595413656127	0.06797470169688122	0.764678411078535	0.09993411171538648	97.82596285888543	106.30525221681195	0.002370578992991663	1.000091856138966
2.1047914616374945	1.9022595413656127	0.06797470169688122	0.764678411078535	0.09993411171538648	97.82596285888543	106.30525221681195	0.002370578992991663	1.000091856138966
2.1047914616374945	1.9022595413656127	0.06797470169688122	0.764678411078535	0.09993411171538648	97.82596285888543	106.30525221681195	0.002370578992991663	1.000091869102286
2.1047914616374945	1.9022595413656127	0.06797470169688122	0.764678411078535	0.09993411171538648	97.82625605993334	106.30525221681195	0.002370578992991663	1.000091869102286
2.1047914616374945	1.9022595413656127	0.06797470169688122	0.764678411078535	0.09993411171538648	97.82625605993334	106.30525221681195	0.002370578992991663	1.000091869102286
2.1047914616374945	1.9022595413656127	0.06797470169688122	0.764678411078535	0.09993411171538648	97.82625605993334	105.58370084675119	0.002370578992991663	1.000091869102286
2.1047914616374945	1.9022595413656127	0.06797470169688122	0.764678411078535	0.09993411171538648	97.82625605993334	105.58370084675119	0.002370578992991663	1.000091869102286
2.1047907463753	1.9022595413656127	0.06797470169688122	0.764678411078535	0.09993411171538648	97.82625605993334	105.58370084675119	0.002370578992991663	1.000091869102286
2.1047907463753	1.9022595413656127	0.06797470169688122	0.764678411078535	0.09993411171538648	97.82625605993334	105.58370084675119	0.002370578992991663	1.000091869102286
2.1047907463753	1.9022595413656127	0.0679764316895682	0.764678411078535	0.09993411171538648	97.82625605993334	105.58370084675119	0.002370578992991663	1.000091869102286
2.1047907463753	1.9022595413656127	0.0679764316895682	0.764678411078535	0.09993411171538648	97.82625605993334	105.58370084675119	0.002370578992991663	1.000091869102286
2.1047907463753	1.9022595413656127	0.0679764316895682	0.764678411078535	0.09993411171538648	97.82625605993334	105.58370084675119	0.002370578992991663	1.000091869102286
2.1047907463753	1.9022595413656127	0.0679764316895682	0.764678411078535	0.09993411171538648	97.82069360847255	105.58370084675119	0.002370578992991663	1.000091869102286
2.1047907463753	1.9022595413656127	0.0679764316895682	0.764678411078535	0.09994146880169784	97.82069360847255	105.58370084675119	0.002370578992991663	1.000091869102286
2.1047907463753	1.9022595413656127	0.0679764316895682	0.764678411078535	0.09994146880169784	97.82069360847255	105.58370084675119	0.00237051545533292	1.000091869102286
2.1047907463753	1.9022595413656127	0.0679764316895682	0.764678411078535	0.09994146880169784	97.82069360847255	105.58370084675119	0.00237051545533292	1.000091869102286
2.1047907463753	1.9022595413656127	0.0679764316895682	0.764678411078535	0.09994146880169784	97.82069360847255	105.58370084675119	0.00237051545533292	1.000091869102286
2.1047907463753	1.9022595413656127	0.0679764316895682	0.764678411078535	0.09994146880169784	97.82069360847255	105.58370084675119	0.00237051545533292	1.000091869102286
2.1047907463753	1.9022595413656127	0.0679764316895682	0.764678411078535	0.09994146880169784	97.82069360847255	105.52062533308923	0.00237051545533292	1.000091869102286
2.1047907463753	1.9022595413656127	0.0679764316895682	0.764678411078535	0.09994705928822338	97.82069360847255	105.52062533308923	0.00237051545533292	1.000091869102286
2.1047907463753	1.9022595413656127	0.0679764316895682	0.764678411078535	0.09994705928822338	97.82069360847255	105.52062533308923	0.00237051545533292	1.000091869102286
2.1047907463753	1.902290757850174	0.0679764316895682	0.764678411078535	0.09994705928822338	97.82069360847255	105.52062533308923	0.00237051545533292	1.000091869102286
2.1047907463753	1.902265597929093	0.0679764316895682	0.764678411078535	0.09994705928822338	97.82069360847255	105.52062533308923	0.00237051545533292	1.000091869102286
2.1047907463753	1.9024806319549559	0.0679764316895682	0.764678411078535	0.09994705928822338	97.82069360847255	105.52062533308923	0.00237051545533292	1.000091869102286
2.1047907463753	1.9024806319549559	0.0679764316895682	0.764678411078535	0.09994681688000143	97.82069360847255	105.52062533308923	0.00237051545533292	1.000091869102286
2.1047907463753	1.9024806319549559	0.0679764316895682	0.764678411078535	0.09994681688000143	97.82069360847255	105.52062533308923	0.00237051545533292	1.000091869102286
2.1047907463753	1.9024806319549559	0.0679764316895682	0.764678411078535	0.09994681688000143	97.82069360847255	105.52019992866224	0.00237051545533292	1.000091869102286
2.1047907463753	1.9024806319549559	0.0679764316895682	0.764678411078535	0.09994681688000143	97.82069360847255	105.52019992866224	0.002370397293031049	1.000091869102286
2.1047907463753	1.9024806319549559	0.0679764316895682	0.764678411078535	0.09994681688000143	97.82069360847255	105.52019992866224	0.002370397293031049	1.000091869102286
2.1047907463753	1.9024806319549559	0.0679764316895682	0.764678411078535	0.09994222424319571	97.82069360847255	105.52019992866224	0.002370397293031049	1.000091869102286
2.1047907463753	1.9024806319549559	0.0679764316895682	0.764678411078535	0.09994444450154052	97.82069360847255	105.52019992866224	0.002370397293031049	1.000091869102286
2.1047907463753	1.9024806319549559	0.0679764316895682	0.764678411078535	0.09994444450154052	97.82069360847255	105.52019992866224	0.002370397293031049	1.000091869102286
2.1047907463753	1.9024806319549559	0.0679764316895682	0.764678411078535	0.09994444450154052	97.82069360847255	105.29624607111683	0.002370397293031049	1.000091869102286
2.104355819113965	1.9024806319549559	0.0679764316895682	0.764678411078535	0.09994444450154052	97.82069360847255	105.29624607111683	0.002370397293031049	1.000091869102286
2.104355819113965	1.9024806319549559	0.0679764316895682	0.764678411078535	0.09994444450154052	97.82069360847255	105.29624607111683	0.002370397293031049	1.000091869102286
2.104355819113965	1.9024806319549559	0.0679764316895682	0.764678411078535	0.09994444450154052	97.81948559543599	105.29624607111683	0.002370397293031049	1.000091869102286
2.104355819113965	1.9024806319549559	0.06801602906239747	0.764678411078535	0.09994444450154052	97.81948559543599	105.29624607111683	0.002370397293031049	1.000091869102286
2.104355819113965	1.9024806319549559	0.06801602906239747	0.764678411078535	0.09994444450154052	97.81948559543599	105.29624607111683	0.002370397293031049	1.000091869102286
2.104355819113965	1.9024806319549559	0.06801602906239747	0.7648181621570685	0.09994444450154052	97.81948559543599	105.29624607111683	0.002370397293031049	1.000091869102286
2.104355819113965	1.9024806319549559	0.06801602906239747	0.7648181621570685	0.09994444450154052	97.81948559543599	105.29624607111683	0.0023704324406418694	1.000091869102286
2.104355819113965	1.9024806319549559	0.06801602906239747	0.7648181621570685	0.09994444450154052	97.81948559543599	105.29624607111683	0.002333399109032964	1.000091869102286
2.104355819113965	1.9024806319549559	0.06801602906239747	0.7648181621570685	0.09994444450154052	97.81948559543599	105.29624607111683	0.002333399109032964	1.000091869102286
2.104355819113965	1.9013219997434279	0.06801602906239747	0.7648181621570685	0.09994444450154052	97.81948559543599	105.29624607111683	0.002333399109032964	1.000091869102286
2.101749031097952	1.9013219997434279	0.06801602906239747	0.7648181621570685	0.09994444450154052	97.81948559543599	105.29624607111683	0.002333399109032964	1.000091869102286
2.101749031097952	1.9013219997434279	0.06801602906239747	0.7648181621570685	0.09994444450154052	97.81948559543599	105.29624607111683	0.002333399109032964	1.000091869102286
2.101749031097952	1.9013219997434279	0.06801602906239747	0.7648181621570685	0.09999072180749788	97.81948559543599	105.29624607111683	0.002333399109032964	1.000091869102286
2.101749031097952	1.9013219997434279	0.06801602906239747	0.7648181621570685	0.09999072180749788	97.81948559543599	105.29624607111683	0.002281661399205578	1.000091869102286
2.101749031097952	1.9013219997434279	0.06801602906239747	0.7648181621570685	0.09999072180749788	97.81948559543599	105.42680459414672	0.002281661399205578	1.000091869102286
2.101749031097952	1.9013219997434279	0.06801602906239747	0.7648181621570685	0.09999072180749788	97.81948559543599	105.42680459414672	0.002281661399205578	1.000091869102286
2.101749031097952	1.9013219997434279	0.06801602906239747	0.7648181621570685	0.09999072180749788	97.81948559543599	105.42680459414672	0.002281661399205578	1.000091869102286
2.102023676156537	1.9013219997434279	0.06801602906239747	0.7648181621570685	0.09999072180749788	97.81948559543599	105.42680459414672	0.002281661399205578	1.000091869102286
2.102023676156537	1.9013219997434279	0.06801602906239747	0.7648181621570685	0.09999072180749788	97.81948559543599	105.42680459414672	0.002281661399205578	1.000091869102286
2.102023676156537	1.9013219997434279	0.06801602906239747	0.7648181621570685	0.09999072180749788	97.81948559543599	105.42680459414672	0.002281661399205578	1.000091869102286
2.102023676156537	1.9013219997434279	0.06801602906239747	0.7648181621570685	0.09999072180749788	97.81948559543599	105.42680459414672	0.0022816039449862447	1.000091869102286
2.102023676156537	1.9013219997434279	0.06801602906239747	0.7648181621570685	0.09999072180749788	97.81948559543599	105.42680459414672	0.0022816039449862447	1.000091869102286
2.102023676156537	1.9013219997434279	0.06801602906239747	0.7648181621570685	0.09999072180749788	97.81948559543599	105.42680459414672	0.0022816039449862447	1.000091869102286
2.1020473638705375	1.9013219997434279	0.06801602906239747	0.7648181621570685	0.09999072180749788	97.81948559543599	105.42680459414672	0.0022816039449862447	1.000091869102286
2.1020473638705375	1.905389230141527	0.06801602906239747	0.7648181621570685	0.09999072180749788	97.81948559543599	105.42680459414672	0.0022816039449862447	1.000091869102286
2.1020473638705375	1.905389230141527	0.06801602906239747	0.7648181621570685	0.09999072180749788	97.81948559543599	105.4266680494937	0.0022816039449862447	1.000091869102286
2.1020473638705375	1.905389230141527	0.06801602906239747	0.7648181621570685	0.09999072180749788	97.8200915613214	105.4266680494937	0.0022816039449862447	1.000091869102286
2.1020473638705375	1.905389230141527	0.06801602906239747	0.7648181621570685	0.09999072180749788	97.8200915613214	105.4266680494937	0.0022816039449862447	1.000091869102286
2.1020473638705375	1.905389230141527	0.06801602906239747	0.7648181621570685	0.09999072180749788	97.8200915613214	105.4266680494937	0.0022816039449862447	1.000091869102286
2.1020473638705375	1.905389230141527	0.06801602906239747	0.7648181621570685	0.09999072180749788	97.8200915613214	105.4266680494937	0.0022816039449862447	1.000091869102286
2.1020473638705375	1.905389230141527	0.06801602906239747	0.7648181621570685	0.09999072180749788	97.8200915613214	105.4266680494937	0.0022816039449862447	1.000091869102286
2.1020473638705375	1.905389230141527	0.06801602906239747	0.7648181621570685	0.09999072180749788	97.8200915613214	105.4266680494937	0.0022816039449862447	1.000091869102286
2.1020473638705375	1.905389230141527	0.06801602906239747	0.7648181621570685	0.09996026299580148	97.8200915613214	105.4266680494937	0.0022816039449862447	1.000091869102286
2.1020473638705375	1.905389230141527	0.06801602906239747	0.7648181621570685	0.09996020304435786	97.8200915613214	105.4266680494937	0.0022816039449862447	1.000091869102286
2.1020473775962416	1.905389230141527	0.06801602906239747	0.7648181621570685	0.09996020304435786	97.8200915613214	105.4266680494937	0.0022816039449862447	1.000091869102286
2.1020473775962416	1.905389230141527	0.06801602906239747	0.7648181621570685	0.09995992902195601	97.8200915613214	105.4266680494937	0.0022816039449862447	1.000091869102286
2.102128345300174	1.905389230141527	0.06801602906239747	0.7648181621570685	0.09995992902195601	97.8200915613214	105.4266680494937	0.0022816039449862447	1.000091869102286
2.102128345300174	1.905389230141527	0.06801602906239747	0.7648181621570685	0.09995992902195601	97.8200915613214	105.4266680494937	0.0022816039449862447	1.000091869102286
2.102128345300174	1.905389230141527	0.06801602906239747	0.7648181621570685	0.09995992902195601	97.8200915613214	105.4266680494937	0.0022816039449862447	1.000091869102286
2.102128345300174	1.905389230141527	0.06801602906239747	0.7648181621570685	0.09995992902195601	97.8200915613214	105.4266680494937	0.0022816039449862447	1.000091869102286
2.102128345300174	1.905389230141527	0.06801602906239747	0.7648181621570685	0.09995992902195601	97.82037282323626	105.4266680494937	0.0022816039449862447	1.000091869102286
2.099242565685517	1.905389230141527	0.06801602906239747	0.7648181621570685	0.09995992902195601	97.82037282323626	105.4266680494937	0.0022816039449862447	1.000091869102286
2.099242565685517	1.905389230141527	0.06801602906239747	0.7648181621570685	0.09995992902195601	97.82037282323626	105.4266680494937	0.0022816039449862447	1.000091869102286
2.099242565685517	1.905389230141527	0.06801602906239747	0.7648181621570685	0.09995992902195601	97.82037282323626	105.4266680494937	0.0022768738680056023	1.000091869102286
2.0992014571099404	1.905389230141527	0.06801602906239747	0.7648181621570685	0.09995992902195601	97.82037282323626	105.4266680494937	0.0022768738680056023	1.000091869102286
2.0992014571099404	1.905389230141527	0.06804953349014278	0.7648181621570685	0.09995992902195601	97.82037282323626	105.4266680494937	0.0022768738680056023	1.000091869102286
2.0992014571099404	1.905389230141527	0.06804953349014278	0.7648181621570685	0.09995992902195601	97.82037282323626	105.4266680494937	0.0022768738680056023	1.000091869102286
2.0992014571099404	1.905389230141527	0.06804953349014278	0.7648181621570685	0.09995992902195601	97.82037282323626	105.41475699592833	0.0022768738680056023	1.000091869102286
2.0992014571099404	1.905389230141527	0.06804953349014278	0.7648181621570685	0.09995992902195601	97.82037282323626	105.40244588138053	0.0022768738680056023	1.000091869102286
2.0992014571099404	1.905389230141527	0.06804953349014278	0.7648181621570685	0.09995992902195601	97.82037282323626	105.40244588138053	0.0022768738680056023	1.000091869102286
2.0992014571099404	1.9047477403797408	0.06804953349014278	0.7648181621570685	0.09995992902195601	97.82037282323626	105.40244588138053	0.0022768738680056023	1.000091869102286
2.0992014571099404	1.9047477403797408	0.06804953349014278	0.7647446236118324	0.09995992902195601	97.82037282323626	105.40244588138053	0.0022768738680056023	1.000091869102286
2.0991771819243694	1.9047477403797408	0.06804953349014278	0.7647446236118324	0.09995992902195601	97.82037282323626	105.40244588138053	0.0022768738680056023	1.000091869102286
2.0991771819243694	1.9046343530028171	0.06804953349014278	0.7647446236118324	0.09995992902195601	97.82037282323626	105.40244588138053	0.0022768738680056023	1.000091869102286
2.0991771819243694	1.9046343530028171	0.06804953349014278	0.7647929215392893	0.09995992902195601	97.82037282323626	105.40244588138053	0.0022768738680056023	1.000091869102286
2.0991771819243694	1.9046343530028171	0.06804953349014278	0.7647929215392893	0.09995775812020873	97.82037282323626	105.40244588138053	0.0022768738680056023	1.000091869102286
2.0991771819243694	1.9046343530028171	0.06804953349014278	0.7647929215392893	0.09995781391542284	97.82037282323626	105.40244588138053	0.0022768738680056023	1.000091869102286
2.0991771819243694	1.9046343530028171	0.06810958082816462	0.7647929215392893	0.09995781391542284	97.82037282323626	105.40244588138053	0.0022768738680056023	1.000091869102286
2.0991771819243694	1.9046343530028171	0.06810958082816462	0.7647929215392893	0.09995781391542284	97.82037282323626	105.40244588138053	0.0022768738680056023	1.000091869102286
2.0991771819243694	1.9046343530028171	0.06810958082816462	0.7647929215392893	0.09995781391542284	97.82037282323626	105.40244588138053	0.0022768738680056023	1.000091869102286
2.0991771819243694	1.9046343530028171	0.06810958082816462	0.7647929215392893	0.09995781391542284	97.82037282323626	105.40244588138053	0.0022768738680056023	1.000091869102286
2.0991771819243694	1.9046343530028171	0.06810958082816462	0.7647929215392893	0.09995781391542284	97.82037282323626	105.40547866357456	0.0022768738680056023	1.000091869102286
2.0991771819243694	1.9046343530028171	0.06810958082816462	0.7647929215392893	0.09995781391542284	97.82037282323626	105.40547866357456	0.0022768738680056023	1.000091869102286
2.0991771819243694	1.904922021861781	0.06810958082816462	0.7647929215392893	0.09995781391542284	97.82037282323626	105.40547866357456	0.0022768738680056023	1.000091869102286
2.0991771819243694	1.9049542493828098	0.06810958082816462	0.7647929215392893	0.09995781391542284	97.82037282323626	105.40547866357456	0.0022768738680056023	1.000091869102286
2.0991771819243694	1.9049542493828098	0.06810958082816462	0.7647929215392893	0.09995870862781657	97.82037282323626	105.40547866357456	0.0022768738680056023	1.000091869102286
2.0991771819243694	1.9049542493828098	0.06810958082816462	0.7647974033070333	0.09995870862781657	97.82037282323626	105.40547866357456	0.0022768738680056023	1.000091869102286
2.0991771819243694	1.9049486099686732	0.06810958082816462	0.7647974033070333	0.09995870862781657	97.82037282323626	105.40547866357456	0.0022768738680056023	1.000091869102286
2.0991771819243694	1.9049486099686732	0.06810958082816462	0.7647974033070333	0.09995870862781657	97.82037282323626	105.40547866357456	0.0022768738680056023	1.000091869102286
2.0991771819243694	1.9049486099686732	0.06810958082816462	0.7647974033070333	0.09995870862781657	97.82037282323626	105.40547866357456	0.0022768738680056023	1.000091869102286
2.0991771819243694	1.9049486099686732	0.06810958082816462	0.7647974033070333	0.09995870862781657	97.82037282323626	105.40547866357456	0.0022768738680056023	1.000091869102286
2.0991771819243694	1.9049486099686732	0.06810958082816462	0.7647974033070333	0.09995870862781657	97.82037282323626	105.40547866357456	0.0022768738680056023	1.000091869102286
2.0991771819243694	1.9049486099686732	0.06810958082816462	0.7647974033070333	0.09995870862781657	97.82037282323626	105.40547866357456	0.0022768738680056023	1.000091869102286
2.0991771819243694	1.9049486099686732	0.06810958082816462	0.7647974033070333	0.09995870862781657	97.82037282323626	105.40547866357456	0.0022768738680056023	1.000091869102286
2.0991771819243694	1.9049486099686732	0.06785929863943627	0.7647974033070333	0.09995870862781657	97.82037282323626	105.40547866357456	0.0022768738680056023	1.000091869102286
2.0991771819243694	1.9049486099686732	0.0678247931372476	0.7647974033070333	0.09995870862781657	97.82037282323626	105.40547866357456	0.0022768738680056023	1.000091869102286
2.0991771819243694	1.9049486099686732	0.0678247931372476	0.7647974033070333	0.09995870862781657	97.82037282323626	105.40547866357456	0.0022768738680056023	1.0000916876180848
2.099532862984099	1.9049486099686732	0.0678247931372476	0.7647974033070333	0.09995870862781657	97.82037282323626	105.40547866357456	0.0022768738680056023	1.0000916876180848
2.099532862984099	1.9049486099686732	0.0678247931372476	0.7647974033070333	0.09995870862781657	97.82037282323626	105.40547866357456	0.0022768738680056023	1.0000916876180848
2.099532862984099	1.9049486099686732	0.0678247931372476	0.7647974033070333	0.09995870862781657	97.82037282323626	105.40547866357456	0.0023956939465321113	1.0000916876180848
2.099532862984099	1.904948332870309	0.0678247931372476	0.7647974033070333	0.09995870862781657	97.82037282323626	105.40547866357456	0.0023956939465321113	1.0000916876180848
2.099517881751942	1.904948332870309	0.0678247931372476	0.7647974033070333	0.09995870862781657	97.82037282323626	105.40547866357456	0.0023956939465321113	1.0000916876180848
2.099517881751942	1.904948332870309	0.06782578810657336	0.7647974033070333	0.09995870862781657	97.82037282323626	105.40547866357456	0.0023956939465321113	1.0000916876180848
2.0995206215887743	1.904948332870309	0.06782578810657336	0.7647974033070333	0.09995870862781657	97.82037282323626	105.40547866357456	0.0023956939465321113	1.0000916876180848
2.0995206215887743	1.903495568640594	0.06782578810657336	0.7647974033070333	0.09995870862781657	97.82037282323626	105.40547866357456	0.0023956939465321113	1.0000916876180848
2.0995206215887743	1.903495568640594	0.06782578810657336	0.7647974033070333	0.09995870862781657	97.82037282323626	105.40547866357456	0.0023956939465321113	1.0000916876180848
2.0995206215887743	1.903495568640594	0.06782578810657336	0.7647974033070333	0.0999585975152779	97.82037282323626	105.40547866357456	0.0023956939465321113	1.0000916876180848
2.0995206215887743	1.903495568640594	0.06782578810657336	0.7647974033070333	0.0999585975152779	97.82043853080695	105.40547866357456	0.0023956939465321113	1.0000916876180848
2.0995206215887743	1.903495568640594	0.06782578810657336	0.7647974033070333	0.0999585975152779	97.82043853080695	105.40547866357456	0.0023956939465321113	1.0000916876180848
2.0995206215887743	1.903495568640594	0.06782578810657336	0.7647974033070333	0.0999585975152779	97.82043853080695	105.40547866357456	0.0023956939465321113	1.0000916876180848
2.0995206215887743	1.903495568640594	0.06781172377002717	0.7647974033070333	0.0999585975152779	97.82043853080695	105.40547866357456	0.0023956939465321113	1.0000916876180848
2.0995206215887743	1.903495568640594	0.06781172377002717	0.7647974033070333	0.10026488122433765	97.82043853080695	105.40547866357456	0.0023956939465321113	1.0000916876180848
2.0995206215887743	1.903495568640594	0.06781172377002717	0.7647974033070333	0.10026488122433765	97.82043853080695	105.40547866357456	0.002392386680750003	1.0000916876180848
2.0995206215887743	1.903495568640594	0.06781172377002717	0.7647974033070333	0.10025434279944956	97.82043853080695	105.40547866357456	0.002392386680750003	1.0000916876180848
2.0995206215887743	1.903495568640594	0.06781172377002717	0.7647974033070333	0.10025434279944956	97.82043853080695	105.40547866357456	0.002392386680750003	1.0000916876180848
2.0995206215887743	1.903495568640594	0.06781172377002717	0.7647974033070333	0.10025434279944956	97.82043853080695	105.40547866357456	0.002392386680750003	1.0000916876180848
2.0995206215887743	1.903495568640594	0.06781172377002717	0.7647974033070333	0.10025434279944956	97.82043853080695	105.40547866357456	0.002392386680750003	1.0000916876180848
2.0995206215887743	1.903495568640594	0.06781172377002717	0.7647974033070333	0.10025434279944956	97.82043853080695	105.40547866357456	0.002392386680750003	1.0000916876180848
2.0995206215887743	1.903495568640594	0.06781172377002717	0.7647974033070333	0.10025434279944956	97.82043853080695	105.40547866357456	0.002392386680750003	1.0000916876180848
2.0995206215887743	1.903495568640594	0.06781172377002717	0.7647974033070333	0.10025434279944956	97.82043853080695	105.40547866357456	0.002392386680750003	1.0000916876180848
2.0995206215887743	1.903495568640594	0.06781172377002717	0.7647974033070333	0.10025434279944956	97.82043853080695	105.40547866357456	0.002392386680750003	1.0000916876180848
2.0995206215887743	1.903495568640594	0.06781172377002717	0.7647974033070333	0.10025434279944956	97.82043853080695	105.40547866357456	0.002392386680750003	1.0000916876180848
2.0995206215887743	1.903451895959211	0.06781172377002717	0.7647974033070333	0.10025434279944956	97.82043853080695	105.40547866357456	0.002392386680750003	1.0000916876180848
2.0995206215887743	1.903451895959211	0.06781172377002717	0.7647974033070333	0.10025434279944956	97.82043853080695	105.40547866357456	0.002392386680750003	1.0000916876180848
2.0995206215887743	1.903451895959211	0.06781172377002717	0.7647974033070333	0.10025434279944956	97.82043853080695	105.40547866357456	0.002392386680750003	1.0000916876180848
2.0995206215887743	1.9033837345426075	0.06781172377002717	0.7647974033070333	0.10025434279944956	97.82043853080695	105.40547866357456	0.002392386680750003	1.0000916876180848
2.0995206215887743	1.9033837345426075	0.06781172377002717	0.7647974033070333	0.10025434279944956	97.82043853080695	105.40547866357456	0.002392386680750003	1.0000916876180848
2.0995206215887743	1.9033837345426075	0.06781172377002717	0.7647974033070333	0.10025434279944956	97.82043853080695	105.40547866357456	0.002392386680750003	1.0000916876180848
2.0995206215887743	1.9033837345426075	0.06781172377002717	0.7647974033070333	0.10025434279944956	97.82043853080695	105.40547866357456	0.002392386680750003	1.0000916876180848
2.0995206215887743	1.9033837345426075	0.06781172377002717	0.7647974033070333	0.10025434279944956	97.82043853080695	105.40547866357456	0.002392386680750003	1.0000916876180848
2.0995206215887743	1.9030879277333153	0.06781172377002717	0.7647974033070333	0.10025434279944956	97.82043853080695	105.40547866357456	0.002392386680750003	1.0000916876180848
2.0995206215887743	1.9030879277333153	0.06781172377002717	0.7647974033070333	0.10025434279944956	97.82043853080695	105.40547866357456	0.002392386680750003	1.0000916876180848
2.0995206215887743	1.9030879277333153	0.06781172377002717	0.7647974033070333	0.10025434279944956	97.82043853080695	105.40547866357456	0.002392477889240908	1.0000916876180848
2.0995206215887743	1.9030879277333153	0.06781172377002717	0.7647974033070333	0.10025434279944956	97.82043853080695	105.40547866357456	0.002392477889240908	1.0000916876180848
2.0995206215887743	1.9030879277333153	0.06781172377002717	0.7647974033070333	0.10025434279944956	97.82043853080695	105.40649846543707	0.002392477889240908	1.0000916876180848
2.0995206215887743	1.9030879277333153	0.06781172377002717	0.7647974033070333	0.10025434279944956	97.82043853080695	105.40649846543707	0.002392477889240908	1.0000905366923871
2.0995206215887743	1.9030879277333153	0.06781172377002717	0.7647974033070333	0.10025434279944956	97.82043853080695	105.40649846543707	0.002392477889240908	1.0000905366923871
2.0995206215887743	1.9030879277333153	0.06781172377002717	0.7647974033070333	0.10025434279944956	97.82043853080695	105.40649846543707	0.002392477889240908	1.0000905366923871
2.0995206215887743	1.9030879277333153	0.06781172377002717	0.7647974033070333	0.10025434279944956	97.82043853080695	105.40649846543707	0.002392477889240908	1.0000905366923871
2.0995206215887743	1.9030879277333153	0.06781172377002717	0.7647974033070333	0.10025434279944956	97.82043853080695	105.40649846543707	0.002392477889240908	1.0000905366923871
2.0995206215887743	1.9030879277333153	0.06781172377002717	0.7647974033070333	0.10025434279944956	97.82043853080695	105.40649846543707	0.002392477889240908	1.0000905366923871
2.0995206215887743	1.9030878546157584	0.06781172377002717	0.7647974033070333	0.10025434279944956	97.82043853080695	105.40649846543707	0.002392477889240908	1.0000905366923871
2.0998848676063675	1.9030878546157584	0.06781172377002717	0.7647974033070333	0.10025434279944956	97.82043853080695	105.40649846543707	0.002392477889240908	1.0000905366923871
2.0998848676063675	1.9030878546157584	0.06781172377002717	0.7647974033070333	0.10031366798721783	97.82043853080695	105.40649846543707	0.002392477889240908	1.0000905366923871
2.0998848676063675	1.9030878546157584	0.06781172377002717	0.7647974033070333	0.10031366798721783	97.82042308654084	105.40649846543707	0.002392477889240908	1.0000905366923871
2.0998848676063675	1.903087709889959	0.06781172377002717	0.7647974033070333	0.10031366798721783	97.82042308654084	105.40649846543707	0.002392477889240908	1.0000905366923871
2.0998848676063675	1.903087709889959	0.06781172377002717	0.7647974033070333	0.10030283212653336	97.82042308654084	105.40649846543707	0.002392477889240908	1.0000905366923871
2.0998848676063675	1.903087709889959	0.06781172377002717	0.7647974033070333	0.10030283212653336	97.82042308654084	105.40649846543707	0.0023942556356028604	1.0000905366923871
2.0998848676063675	1.903087709889959	0.06781172377002717	0.7647974033070333	0.10030283212653336	97.82042308654084	105.40649846543707	0.0023942556356028604	1.0000905366923871
2.0998848676063675	1.903087709889959	0.06781172377002717	0.7647974033070333	0.10030283212653336	97.82042308654084	105.40649846543707	0.0023942556356028604	1.0000905366923871
2.0998848676063675	1.903087709889959	0.06781172377002717	0.7647974033070333	0.10030283212653336	97.82042308654084	105.40649846543707	0.0023942556356028604	1.0000905366923871
2.0998848676063675	1.903087709889959	0.06781172377002717	0.7647974033070333	0.10030283212653336	97.82042308654084	105.40649846543707	0.0023942556356028604	1.0000905366923871
2.0998848676063675	1.903087709889959	0.06781172377002717	0.7647859927177098	0.10030283212653336	97.82042308654084	105.40649846543707	0.0023942556356028604	1.0000905366923871
2.0998848676063675	1.903087709889959	0.06781172377002717	0.7647859927177098	0.10030283212653336	97.82042308654084	105.40649846543707	0.0023942556356028604	1.0000905366923871
2.0998848676063675	1.903087709889959	0.06781172377002717	0.7647859927177098	0.10030283212653336	97.82042308654084	105.40649846543707	0.0023942556356028604	1.0000905366923871
2.0998848676063675	1.903087709889959	0.06781172377002717	0.7648310182271543	0.10030283212653336	97.82042308654084	105.40649846543707	0.0023942556356028604	1.0000905366923871
2.0998848676063675	1.903087709889959	0.06781172377002717	0.7648310182271543	0.10030298338717315	97.82042308654084	105.40649846543707	0.0023942556356028604	1.0000905366923871
2.0998848676063675	1.9030870663443253	0.06781172377002717	0.7648310182271543	0.10030298338717315	97.82042308654084	105.40649846543707	0.0023942556356028604	1.0000905366923871
2.0998848676063675	1.9030870663443253	0.06781172377002717	0.7648310182271543	0.10030298338717315	97.82042308654084	105.40649846543707	0.0023528586879925377	1.0000905366923871
2.0998848676063675	1.9030870663443253	0.0678047384728763	0.7648310182271543	0.10030298338717315	97.82042308654084	105.40649846543707	0.0023528586879925377	1.0000905366923871
2.0998848676063675	1.9030870663443253	0.0678047384728763	0.7648310182271543	0.10030298338717315	97.82042308654084	105.39291638423431	0.0023528586879925377	1.0000905366923871
2.0998848676063675	1.9030870663443253	0.0678047384728763	0.7648310182271543	0.10030298338717315	97.82042308654084	105.39291638423431	0.0023528586879925377	1.0000905366923871
2.0998848676063675	1.9030870663443253	0.0678047384728763	0.7648310182271543	0.10030298338717315	97.82042308654084	105.39291638423431	0.0023528586879925377	1.0000905366923871
2.0998848676063675	1.9030870663443253	0.0678047384728763	0.7648310182271543	0.10030298338717315	97.82042308654084	105.39291638423431	0.0023528586879925377	1.0000905366923871
2.0998848676063675	1.9030870663443253	0.0678047384728763	0.7648310182271543	0.10030298338717315	97.82042308654084	105.39291638423431	0.0023528586879925377	1.0000905366923871
2.0998848676063675	1.9030870663443253	0.0678047384728763	0.7648310182271543	0.10030298338717315	97.82042308654084	105.39291638423431	0.0023528586879925377	1.0000905366923871
2.0998848676063675	1.9030870663443253	0.0678047384728763	0.7648310182271543	0.10030298338717315	97.82042308654084	105.39291638423431	0.0023528586879925377	1.0000905366923871
2.0998848676063675	1.9030870663443253	0.0678047384728763	0.7648310182271543	0.10030298338717315	97.82042308654084	104.31152892700098	0.0023528586879925377	1.0000905366923871
2.0998848676063675	1.9030870663443253	0.0678047384728763	0.7648310182271543	0.10030298338717315	97.82042308654084	104.31152892700098	0.0023528586879925377	1.0000905366923871
2.0998848676063675	1.9030870663443253	0.0678047384728763	0.7648310182271543	0.10030298338717315	97.82042308654084	104.31152892700098	0.0023528586879925377	1.0000909740536998
2.0998848676063675	1.9030870663443253	0.0678047384728763	0.7648310182271543	0.10030298338717315	97.82042308654084	104.31152892700098	0.0023438513973467806	1.0000909740536998
2.0998851713449844	1.9030870663443253	0.0678047384728763	0.7648310182271543	0.10030298338717315	97.82042308654084	104.31152892700098	0.0023438513973467806	1.0000909740536998
2.0998851713449844	1.9030870663443253	0.0678047384728763	0.7648310182271543	0.10030298338717315	97.82042308654084	104.31152892700098	0.0023438513973467806	1.0000909740536998
2.0998851713449844	1.9030870663443253	0.0678047384728763	0.7648310182271543	0.10030298338717315	97.82042308654084	104.31152892700098	0.0023438513973467806	1.0000909740536998
2.0998948847943724	1.9030870663443253	0.0678047384728763	0.7648310182271543	0.10030298338717315	97.82042308654084	104.31152892700098	0.0023438513973467806	1.0000909740536998
2.0998948847943724	1.9030870663443253	0.0678047384728763	0.7648310182271543	0.10030298338717315	97.82042308654084	104.31152892700098	0.0023438513973467806	1.0000909740536998
2.0998948847943724	1.9030870663443253	0.0678047384728763	0.7648310182271543	0.10030298338717315	97.82042308654084	104.31152892700098	0.0023438513973467806	1.0000909740536998
2.0998948847943724	1.9030870663443253	0.0678047384728763	0.7648310182271543	0.10030298338717315	97.82042308654084	104.31152892700098	0.0023438513973467806	1.0000909740536998
2.0998948847943724	1.9030870663443253	0.0678047384728763	0.7648310182271543	0.10030298338717315	97.80267419991402	104.31152892700098	0.0023438513973467806	1.0000909740536998
2.0998948847943724	1.9030870663443253	0.0678047384728763	0.7648310182271543	0.10030298338717315	97.80267419991402	104.31152892700098	0.0023438513973467806	1.000091052519046
2.0998948847943724	1.9030870663443253	0.0678047384728763	0.7648310182271543	0.10030298338717315	97.80267419991402	104.31152892700098	0.0023438513973467806	1.000091052519046
2.0998948847943724	1.9030870663443253	0.0678047384728763	0.7648310182271543	0.10030298338717315	97.80267419991402	104.31152892700098	0.0023438513973467806	1.000091052519046
2.0998948847943724	1.9030870663443253	0.0678047384728763	0.7648310182271543	0.10030645277605649	97.80267419991402	104.31152892700098	0.0023438513973467806	1.000091052519046
2.0998948847943724	1.9030870663443253	0.0678047384728763	0.7648310182271543	0.10030645277605649	97.80267419991402	104.31152892700098	0.0023438513973467806	1.000091052519046
2.0998948847943724	1.9030870663443253	0.0678047384728763	0.7648310182271543	0.1002932117710196	97.80267419991402	104.31152892700098	0.0023438513973467806	1.000091052519046
2.0998948847943724	1.9030870663443253	0.0678047384728763	0.7648310182271543	0.1002932117710196	97.80267419991402	104.31152892700098	0.0023438513973467806	1.000091052519046
2.0998948847943724	1.9030870663443253	0.0678047384728763	0.7648310182271543	0.1002932117710196	97.80267419991402	104.31152892700098	0.0023438513973467806	1.000091052519046
2.0998948847943724	1.9030870663443253	0.0678047384728763	0.7648310182271543	0.1002932117710196	97.80267419991402	104.31265010341887	0.0023438513973467806	1.000091052519046
2.09999903694092	1.9030870663443253	0.0678047384728763	0.7648310182271543	0.1002932117710196	97.80267419991402	104.31265010341887	0.0023438513973467806	1.000091052519046
2.09999903694092	1.9030870663443253	0.0678047384728763	0.7648310182271543	0.10048965897477534	97.80267419991402	104.31265010341887	0.0023438513973467806	1.000091052519046
2.09999903694092	1.9030870663443253	0.0678047384728763	0.7648310182271543	0.10048965897477534	97.80267419991402	104.31265010341887	0.0023438513973467806	1.000091052519046
2.09999903694092	1.9030870663443253	0.0678047384728763	0.7648310182271543	0.10049426826817051	97.80267419991402	104.31265010341887	0.0023438513973467806	1.000091052519046
2.09999903694092	1.9030870663443253	0.0678047384728763	0.7648310182271543	0.10049426826817051	97.80267419991402	104.31265010341887	0.0023438513973467806	1.000091052519046
2.09999903694092	1.9030870663443253	0.0678047384728763	0.7648310182271543	0.10049426826817051	97.80267419991402	104.31265010341887	0.0023438513973467806	1.000091052519046
2.09999903694092	1.9030870663443253	0.0678047384728763	0.7648310182271543	0.10049426826817051	97.80267419991402	104.31265010341887	0.002343360915402543	1.000091052519046
2.09999903694092	1.9030870663443253	0.0678047384728763	0.7648310182271543	0.10049491286161953	97.80267419991402	104.31265010341887	0.002343360915402543	1.000091052519046
2.09999903694092	1.9030870663443253	0.0678047384728763	0.7648310182271543	0.10049491286161953	97.80267419991402	104.31265010341887	0.002343360915402543	1.000091052519046
2.09999903694092	1.9030870663443253	0.0678047384728763	0.7648310182271543	0.10049491286161953	97.80267419991402	104.31265010341887	0.002343360915402543	1.000091052519046
2.09999903694092	1.9030870663443253	0.0678047384728763	0.7648293983837304	0.10049491286161953	97.80267419991402	104.31265010341887	0.002343360915402543	1.000091052519046
2.09999903694092	1.9030870663443253	0.0678047384728763	0.7648293983837304	0.10049491286161953	97.80267419991402	104.31265010341887	0.002343360915402543	1.000091052519046
2.09999903694092	1.9030870663443253	0.0678047384728763	0.7648293983837304	0.10033057337348841	97.80267419991402	104.31265010341887	0.002343360915402543	1.000091052519046
2.09999903694092	1.903063349840114	0.0678047384728763	0.7648293983837304	0.10033057337348841	97.80267419991402	104.31265010341887	0.002343360915402543	1.000091052519046
2.09999903694092	1.903063349840114	0.0678047384728763	0.7648293983837304	0.10033057337348841	97.80267419991402	104.31265010341887	0.002343360915402543	1.000091052519046
2.09999903694092	1.903063349840114	0.0678047384728763	0.7648293983837304	0.10033057337348841	97.80267419991402	104.31265010341887	0.002344406152409894	1.000091052519046
2.09999903694092	1.903063349840114	0.0678047384728763	0.7648293983837304	0.10033057337348841	97.80267419991402	104.31265010341887	0.002344406152409894	1.0000910450015092
2.09999903694092	1.903063349840114	0.0678047384728763	0.7648293983837304	0.10033057337348841	97.80267419991402	104.31265010341887	0.002344406152409894	1.0000910450015092
2.09999903694092	1.903063349840114	0.0678047384728763	0.7648293983837304	0.10021206381049773	97.80267419991402	104.31265010341887	0.002344406152409894	1.0000910450015092
2.09999903694092	1.9029981019166065	0.0678047384728763	0.7648293983837304	0.10021206381049773	97.80267419991402	104.31265010341887	0.002344406152409894	1.0000910450015092
2.09999903694092	1.9029981019166065	0.0678047384728763	0.7648293983837304	0.10021206381049773	97.80267419991402	104.31265010341887	0.002344406152409894	1.0000910450015092
2.09999903694092	1.9029981019166065	0.0678047384728763	0.764877923328666	0.10021206381049773	97.80267419991402	104.31265010341887	0.002344406152409894	1.0000910450015092
2.09999903694092	1.9029981019166065	0.0678047384728763	0.764877923328666	0.10021206381049773	97.80267419991402	104.31265010341887	0.002344406152409894	1.0000910450015092
2.09999903694092	1.9029981019166065	0.0678047384728763	0.764877923328666	0.10023583575057611	97.80267419991402	104.31265010341887	0.002344406152409894	1.0000910450015092
2.09999903694092	1.9029981019166065	0.0678047384728763	0.764877923328666	0.10023583575057611	97.80267419991402	104.31265010341887	0.002344406152409894	1.0000910450015092
2.09999903694092	1.9029981019166065	0.0678047384728763	0.764877923328666	0.10023583575057611	97.80267419991402	104.31265010341887	0.002344406152409894	1.0000910450015092
2.09999903694092	1.9029981019166065	0.0678047384728763	0.7648417004474103	0.10023583575057611	97.80267419991402	104.31265010341887	0.002344406152409894	1.0000910450015092
2.09999903694092	1.9029981019166065	0.0678047384728763	0.7648417004474103	0.10023583575057611	97.80267419991402	104.31265010341887	0.002344406152409894	1.0000910450015092
2.09999903694092	1.9029981019166065	0.0678047384728763	0.7648417004474103	0.10023549771705823	97.80267419991402	104.31265010341887	0.002344406152409894	1.0000910450015092
2.09999903694092	1.9029981019166065	0.0678047384728763	0.7648417004474103	0.10023549771705823	97.80267419991402	104.31265010341887	0.002344406152409894	1.0000910450015092
2.09999903694092	1.9029981019166065	0.0678047384728763	0.7648417004474103	0.10023549771705823	97.80224869678065	104.31265010341887	0.002344406152409894	1.0000910450015092
2.09999903694092	1.9029981019166065	0.0678047384728763	0.7648417004474103	0.10023549771705823	97.80224869678065	104.31187800093255	0.002344406152409894	1.0000910450015092
2.09999903694092	1.9029981019166065	0.0678047384728763	0.7648417004474103	0.10023549771705823	97.80224869678065	104.31187800093255	0.002344406152409894	1.0000910450015092
2.09999903694092	1.9029981019166065	0.0678047384728763	0.7647418988005206	0.10023549771705823	97.80224869678065	104.31187800093255	0.002344406152409894	1.0000910450015092
2.09999903694092	1.9030110325253446	0.0678047384728763	0.7647418988005206	0.10023549771705823	97.80224869678065	104.31187800093255	0.002344406152409894	1.0000910450015092
2.09999903694092	1.9030050726465304	0.0678047384728763	0.7647418988005206	0.10023549771705823	97.80224869678065	104.31187800093255	0.002344406152409894	1.0000910450015092
2.09999903694092	1.9030050726465304	0.06783488624402442	0.7647418988005206	0.10023549771705823	97.80224869678065	104.31187800093255	0.002344406152409894	1.0000910450015092
2.09999903694092	1.9030050726465304	0.06783488624402442	0.7647418988005206	0.10021554668577398	97.80224869678065	104.31187800093255	0.002344406152409894	1.0000910450015092
2.09999903694092	1.9030050726465304	0.06783488624402442	0.7647418988005206	0.10021554668577398	97.80224869678065	104.31187800093255	0.002344406152409894	1.0000910450015092
2.09999903694092	1.9030050726465304	0.06783488624402442	0.7647418988005206	0.10021554668577398	97.80224869678065	104.31194316833006	0.002344406152409894	1.0000910450015092
2.09999903694092	1.9030050726465304	0.06783488624402442	0.7647418988005206	0.10021554668577398	97.80224869678065	104.31194316833006	0.002344406152409894	1.0000910450015092
2.09999903694092	1.9030050726465304	0.06783488624402442	0.7647418988005206	0.10021554668577398	97.80224869678065	104.31194316833006	0.002344406152409894	1.0000910450015092
2.09999903694092	1.9030050726465304	0.06783488624402442	0.7647418988005206	0.1002159734450349	97.80224869678065	104.31194316833006	0.002344406152409894	1.0000910450015092
2.09999903694092	1.9030050726465304	0.06783488624402442	0.7647418988005206	0.1002159734450349	97.80224869678065	104.31194316833006	0.002344406152409894	1.0000910450015092
2.09999903694092	1.9030050726465304	0.06783488624402442	0.7647418988005206	0.1002159734450349	97.80224869678065	104.31194316833006	0.002344406152409894	1.0000910450015092
2.09999903694092	1.9030050726465304	0.06783488624402442	0.7647418988005206	0.1002159734450349	97.80224869678065	104.31194316833006	0.002344406152409894	1.0000934386973719
