2.0711314508942116	1.9142588248255967	0.06818037019764074	0.7708775702071948	0.09956482802315567	97.4689993316967	107.15823055196326	0.0023129669296737374	1.0000945989641
2.0711314508942116	1.9142588248255967	0.06818037019764074	0.7708775702071948	0.09956482802315567	97.4689993316967	107.15823055196326	0.0023129669296737374	1.0000945989641
2.0711314508942116	1.9142588248255967	0.06818037019764074	0.7708775702071948	0.09956482802315567	97.4689993316967	107.15823055196326	0.002312817508804559	1.0000945989641
2.0711314508942116	1.9142588248255967	0.06818037019764074	0.7708775702071948	0.09956482802315567	97.4689993316967	105.833167051888	0.002312817508804559	1.0000945989641
2.0711314508942116	1.9142588248255967	0.06818037019764074	0.7708733785598635	0.09956482802315567	97.4689993316967	105.833167051888	0.002312817508804559	1.0000945989641
2.0711314508942116	1.9142588248255967	0.06818037019764074	0.7708733785598635	0.09956482802315567	97.4689993316967	105.833167051888	0.002312817508804559	1.0000972828335895
2.0711314508942116	1.9142588248255967	0.06818037019764074	0.7708733785598635	0.09956482802315567	97.4689993316967	105.833167051888	0.002312817508804559	1.0000972828335895
2.0711314508942116	1.9142662294812767	0.06818037019764074	0.7708733785598635	0.09956482802315567	97.4689993316967	105.833167051888	0.002312817508804559	1.0000972828335895
2.0711314508942116	1.9142662294812767	0.06818037019764074	0.7708733785598635	0.09956482802315567	97.4689993316967	105.833167051888	0.002312817508804559	1.0000972828335895
2.0711314508942116	1.9142662294812767	0.06818037019764074	0.7708733785598635	0.09956482802315567	97.4802613883883	105.833167051888	0.002312817508804559	1.0000972828335895
2.0711314508942116	1.9142662294812767	0.06818037019764074	0.7713544319415676	0.09956482802315567	97.4802613883883	105.833167051888	0.002312817508804559	1.0000972828335895
2.0711314508942116	1.9142662294812767	0.06818037019764074	0.7713544319415676	0.09956482802315567	97.4802613883883	105.833167051888	0.002312817508804559	1.0000972828335895
2.0711314508942116	1.9123331784634432	0.06818037019764074	0.7713544319415676	0.09956482802315567	97.4802613883883	105.833167051888	0.002312817508804559	1.0000972828335895
2.0711314508942116	1.9123331784634432	0.06818037019764074	0.7713544319415676	0.09956482802315567	97.4802613883883	105.833167051888	0.002312817508804559	1.0000972828335895
2.0711314508942116	1.9123331784634432	0.06818037019764074	0.7713544319415676	0.09956482802315567	97.4802613883883	105.833167051888	0.002312817508804559	1.0000972828335895
2.0711314508942116	1.9123331784634432	0.06818037019764074	0.7713544319415676	0.09956482802315567	97.4802613883883	105.833167051888	0.002312817508804559	1.0000972828335895
2.0711314508942116	1.9123331784634432	0.06818037019764074	0.7713544319415676	0.09956482802315567	97.4802613883883	105.833167051888	0.002312817508804559	1.0000972828335895
2.0711314508942116	1.9123331784634432	0.06818037019764074	0.7713544319415676	0.09956482802315567	97.4802613883883	105.833167051888	0.002312817508804559	1.0000972828335895
2.0711314508942116	1.9123331784634432	0.06818037019764074	0.7713544319415676	0.09956482802315567	97.4802613883883	105.833167051888	0.002312817508804559	1.0000972828335895
2.0711300793849743	1.9123331784634432	0.06818037019764074	0.7713544319415676	0.09956482802315567	97.4802613883883	105.833167051888	0.002312817508804559	1.0000972828335895
2.0711300793849743	1.9123331784634432	0.06818037019764074	0.7713544319415676	0.09956482802315567	97.48224852039053	105.833167051888	0.002312817508804559	1.0000972828335895
2.0711300793849743	1.9123331784634432	0.06818037019764074	0.7713544319415676	0.09956521244710782	97.48224852039053	105.833167051888	0.002312817508804559	1.0000972828335895
2.0711300793849743	1.9123331784634432	0.06818037019764074	0.7713544319415676	0.09956522118417008	97.48224852039053	105.833167051888	0.002312817508804559	1.0000972828335895
2.070500408292887	1.9123331784634432	0.06818037019764074	0.7713544319415676	0.09956522118417008	97.48224852039053	105.833167051888	0.002312817508804559	1.0000972828335895
2.070500408292887	1.9123331784634432	0.06818037019764074	0.7713544319415676	0.09956522118417008	97.48224852039053	105.83309582134525	0.002312817508804559	1.0000972828335895
2.070500408292887	1.9124049985448863	0.06818037019764074	0.7713544319415676	0.09956522118417008	97.48224852039053	105.83309582134525	0.002312817508804559	1.0000972828335895
2.070500408292887	1.9124049985448863	0.06818037019764074	0.7713544319415676	0.09956697270800642	97.48224852039053	105.83309582134525	0.002312817508804559	1.0000972828335895
2.070500408292887	1.9124049985448863	0.06818037019764074	0.7713544319415676	0.09956697270800642	97.46912961457463	105.83309582134525	0.002312817508804559	1.0000972828335895
2.070500408292887	1.9124049985448863	0.06818037019764074	0.7713544319415676	0.09956697270800642	97.46912961457463	105.83309582134525	0.002312817508804559	1.000097075126906
2.070500408292887	1.9124049985448863	0.06818037019764074	0.7713544319415676	0.09956697270800642	97.46912961457463	105.83309582134525	0.002312817508804559	1.000097075126906
2.070500408292887	1.9124049985448863	0.06818037019764074	0.7713544319415676	0.09956697270800642	97.46912961457463	105.83309582134525	0.002312589000368479	1.000097075126906
2.070500408292887	1.9124049985448863	0.06818037019764074	0.7713544319415676	0.09956697270800642	97.46912961457463	105.83309582134525	0.002312589000368479	1.000097075126906
2.070500408292887	1.9124049985448863	0.06818037019764074	0.7713544319415676	0.09956697270800642	97.46912961457463	105.83309582134525	0.002312589000368479	1.00009685830971
2.070500408292887	1.9124049985448863	0.06818037019764074	0.7713544319415676	0.09956697270800642	97.46912961457463	105.82589357792843	0.002312589000368479	1.00009685830971
2.070500408292887	1.9124049985448863	0.06818037019764074	0.7713544319415676	0.09956697270800642	97.46912961457463	105.82589357792843	0.002312589000368479	1.00009685830971
2.070500408292887	1.9124049985448863	0.06818037019764074	0.7713544319415676	0.09956697270800642	97.46912961457463	105.82589357792843	0.002312589000368479	1.00009685830971
2.070500408292887	1.9124049985448863	0.06818037019764074	0.7716190712563412	0.09956697270800642	97.46912961457463	105.82589357792843	0.002312589000368479	1.00009685830971
2.070500408292887	1.9124049985448863	0.06818037019764074	0.7716190712563412	0.09956697270800642	97.46893840795614	105.82589357792843	0.002312589000368479	1.00009685830971
2.070500408292887	1.9124049985448863	0.06818037019764074	0.7716190712563412	0.09956697270800642	97.46893840795614	105.82589357792843	0.002312589000368479	1.00009685830971
2.070500408292887	1.9124049985448863	0.06818037019764074	0.7716190712563412	0.09956697270800642	97.46893840795614	105.82589357792843	0.002312589000368479	1.00009685830971
2.070500408292887	1.9124049985448863	0.06818037019764074	0.7716190712563412	0.09956697270800642	97.46893840795614	105.82589357792843	0.002312589000368479	1.00009685830971
2.070500408292887	1.9124049985448863	0.06818037019764074	0.7716190712563412	0.09956697270800642	97.46893840795614	105.82589357792843	0.0023097520339728206	1.00009685830971
2.070500408292887	1.9124049985448863	0.06818037019764074	0.7716190712563412	0.09956697270800642	97.46893840795614	105.82862804360724	0.0023097520339728206	1.00009685830971
2.070500408292887	1.9124049985448863	0.06818037019764074	0.7716190712563412	0.09956697270800642	97.46893840795614	105.82862804360724	0.0023318682812261547	1.00009685830971
2.070500408292887	1.9124049985448863	0.06818037019764074	0.7716190712563412	0.09956697270800642	97.46893840795614	105.82862804360724	0.0023318682812261547	1.0000967976833908
2.070500408292887	1.9124049985448863	0.06818037019764074	0.7716190712563412	0.09956697270800642	97.46893840795614	105.82862804360724	0.0023318682812261547	1.0000965585477921
2.070500408292887	1.9124049985448863	0.06818037019764074	0.7716190712563412	0.09956697270800642	97.46893840795614	105.82862804360724	0.0023318682812261547	1.0000965585477921
2.070500408292887	1.9124049985448863	0.06818037019764074	0.7716190712563412	0.09956697270800642	97.46893840795614	105.8121692676405	0.0023318682812261547	1.0000965585477921
2.070500408292887	1.9124049985448863	0.06818037019764074	0.7716190712563412	0.09956697270800642	97.46893840795614	105.8121692676405	0.0023318682812261547	1.0000965585477921
2.070500408292887	1.9124049985448863	0.06818037019764074	0.7716190712563412	0.09956697270800642	97.46893840795614	105.8121692676405	0.0023318682812261547	1.0000965585477921
2.070500408292887	1.9124049985448863	0.06818037019764074	0.7716437042108477	0.09956697270800642	97.46893840795614	105.8121692676405	0.0023318682812261547	1.0000965585477921
2.070500408292887	1.9124049985448863	0.06818037019764074	0.7716437042108477	0.09956697270800642	97.46893840795614	105.8121692676405	0.0024022984963024373	1.0000965585477921
2.070500408292887	1.9124049985448863	0.06818037019764074	0.7716437042108477	0.09956697270800642	97.46893840795614	105.8121692676405	0.0024022984963024373	1.0000965585477921
2.070500408292887	1.9124049985448863	0.06818037019764074	0.7716437042108477	0.09956697270800642	97.46893840795614	105.8121692676405	0.0024026176169551572	1.0000965585477921
2.070500408292887	1.9124049985448863	0.06818037019764074	0.7716437042108477	0.09956697270800642	97.46893840795614	105.8121692676405	0.0024026176169551572	1.0000965585477921
2.070500408292887	1.9124049985448863	0.06818037019764074	0.7716437042108477	0.09956697270800642	97.46893840795614	105.8121692676405	0.0024026176169551572	1.0000965585477921
2.070500408292887	1.9124049985448863	0.06818037019764074	0.7716437042108477	0.09956697270800642	97.46893840795614	105.8121692676405	0.0024026176169551572	1.0000965585477921
2.070500408292887	1.9124049985448863	0.06818037019764074	0.7716437042108477	0.09956697270800642	97.46893840795614	105.8121692676405	0.0024026176169551572	1.0000965585477921
2.070500408292887	1.9124049985448863	0.06818037019764074	0.7716437042108477	0.09956697270800642	97.46893840795614	105.9578847678489	0.0024026176169551572	1.0000965585477921
2.070500408292887	1.9124049985448863	0.06818037019764074	0.7716437042108477	0.09956697270800642	97.46893840795614	105.9578847678489	0.0024026176169551572	1.0000965585477921
2.070500408292887	1.9124049985448863	0.06818037019764074	0.7716437042108477	0.09956697270800642	97.46893840795614	105.9578847678489	0.002403807855875274	1.0000965585477921
2.070500408292887	1.9124049985448863	0.06818037019764074	0.7716437042108477	0.09956718393909851	97.46893840795614	105.9578847678489	0.002403807855875274	1.0000965585477921
2.0704947216254004	1.9124049985448863	0.06818037019764074	0.7716437042108477	0.09956718393909851	97.46893840795614	105.9578847678489	0.002403807855875274	1.0000965585477921
2.0704947216254004	1.9124032278368042	0.06818037019764074	0.7716437042108477	0.09956718393909851	97.46893840795614	105.9578847678489	0.002403807855875274	1.0000965585477921
2.0704947216254004	1.9124032278368042	0.06818037019764074	0.7716437042108477	0.09956718393909851	97.46893840795614	105.9578847678489	0.002405809092596646	1.0000965585477921
2.0704947216254004	1.9124032278368042	0.06818037019764074	0.7716437042108477	0.09956718393909851	97.46893840795614	105.9578847678489	0.002405809092596646	1.0000965585477921
2.0704947216254004	1.9124032278368042	0.06818037019764074	0.7716437042108477	0.09956718393909851	97.46893840795614	105.9578847678489	0.002405809092596646	1.0000965585477921
2.0704947216254004	1.912391056785147	0.06818037019764074	0.7716437042108477	0.09956718393909851	97.46893840795614	105.9578847678489	0.002405809092596646	1.0000965585477921
2.0704947216254004	1.9123914297693703	0.06818037019764074	0.7716437042108477	0.09956718393909851	97.46893840795614	105.9578847678489	0.002405809092596646	1.0000965585477921
2.0704947216254004	1.9123914297693703	0.06818037019764074	0.7716437042108477	0.09956718393909851	97.46893840795614	105.8007068249644	0.002405809092596646	1.0000965585477921
2.0704947216254004	1.912965237332727	0.06818037019764074	0.7716437042108477	0.09956718393909851	97.46893840795614	105.8007068249644	0.002405809092596646	1.0000965585477921
2.0704947216254004	1.9129612121214645	0.06818037019764074	0.7716437042108477	0.09956718393909851	97.46893840795614	105.8007068249644	0.002405809092596646	1.0000965585477921
2.0704947216254004	1.9129612121214645	0.06818037019764074	0.7716437042108477	0.09956718393909851	97.46893840795614	105.8007068249644	0.002405809092596646	1.0000965585477921
2.0704947216254004	1.9129612121214645	0.06818037019764074	0.7716437042108477	0.09956718393909851	97.46898127137008	105.8007068249644	0.002405809092596646	1.0000965585477921
2.0704947216254004	1.9129612121214645	0.06818037019764074	0.7716437042108477	0.09956718393909851	97.46898127137008	105.78955226916241	0.002405809092596646	1.0000965585477921
2.0704947216254004	1.9129612121214645	0.06818037019764074	0.7716437042108477	0.09956718393909851	97.46898127137008	105.78955226916241	0.002405809092596646	1.0000965585477921
2.0704947216254004	1.9129612121214645	0.06818037019764074	0.7716437042108477	0.09956718393909851	97.46898127137008	105.78955226916241	0.002405809092596646	1.0000963680886197
2.0704947216254004	1.9129612121214645	0.06818037019764074	0.7716437042108477	0.09956718393909851	97.46898127137008	105.78955226916241	0.002405809092596646	1.0000963680886197
2.0704947216254004	1.9129612121214645	0.06818037019764074	0.7716398246612811	0.09956718393909851	97.46898127137008	105.78955226916241	0.002405809092596646	1.0000963680886197
2.0704947216254004	1.9129612121214645	0.06818037019764074	0.7716398246612811	0.09956718393909851	97.46898127137008	105.78955226916241	0.002405809092596646	1.0000963680886197
2.0704947216254004	1.9129612121214645	0.06818037019764074	0.7716398246612811	0.09956718393909851	97.46898127137008	105.78955226916241	0.002405809092596646	1.0000962630506636
2.0704947216254004	1.9129612121214645	0.06818037019764074	0.7716398246612811	0.09956718393909851	97.46898127137008	105.78955226916241	0.002405809092596646	1.0000962630506636
2.0704947216254004	1.9129612121214645	0.06818037019764074	0.7716398246612811	0.09956718393909851	97.46898127137008	105.78955226916241	0.002405809092596646	1.0000962630506636
2.0704947216254004	1.9129612121214645	0.06818037019764074	0.7716398246612811	0.09956718393909851	97.46898127137008	105.78955226916241	0.002405809092596646	1.0000962630506636
2.0704947216254004	1.9129612121214645	0.06818037019764074	0.7716398246612811	0.09956718393909851	97.46898127137008	105.78955226916241	0.002405809092596646	1.0000962630506636
2.0704947216254004	1.9129612121214645	0.06818226045479704	0.7716398246612811	0.09956718393909851	97.46898127137008	105.78955226916241	0.002405809092596646	1.0000962630506636
2.0705654807807616	1.9129612121214645	0.06818226045479704	0.7716398246612811	0.09956718393909851	97.46898127137008	105.78955226916241	0.002405809092596646	1.0000962630506636
2.0704212431146427	1.9129612121214645	0.06818226045479704	0.7716398246612811	0.09956718393909851	97.46898127137008	105.78955226916241	0.002405809092596646	1.0000962630506636
2.0704212431146427	1.9129612121214645	0.06818226045479704	0.7716398246612811	0.09956718393909851	97.46898127137008	105.78955226916241	0.002405809092596646	1.0000962630506636
2.0704212431146427	1.9129612121214645	0.06818226045479704	0.7716398246612811	0.09956718393909851	97.46898127137008	105.78955226916241	0.002405809092596646	1.0000962630506636
2.0704212431146427	1.9129612121214645	0.06818226045479704	0.7716398246612811	0.09956718393909851	97.46898127137008	105.7255930732512	0.002405809092596646	1.0000962630506636
2.0704212431146427	1.9129612121214645	0.06818226045479704	0.7716398246612811	0.09956718393909851	97.46898127137008	105.7255930732512	0.002405809092596646	1.0000962630506636
2.0704212431146427	1.9129612121214645	0.06818226045479704	0.7716256213475731	0.09956718393909851	97.46898127137008	105.7255930732512	0.002405809092596646	1.0000962630506636
2.0704212431146427	1.9129612121214645	0.06817989327897353	0.7716256213475731	0.09956718393909851	97.46898127137008	105.7255930732512	0.002405809092596646	1.0000962630506636
2.0704719948740977	1.9129612121214645	0.06817989327897353	0.7716256213475731	0.09956718393909851	97.46898127137008	105.7255930732512	0.002405809092596646	1.0000962630506636
2.0704719948740977	1.9129612121214645	0.06817989327897353	0.7716256213475731	0.09956718393909851	97.46898127137008	105.7255930732512	0.002405809092596646	1.0000962630506636
2.070413088692875	1.9129612121214645	0.06817989327897353	0.7716256213475731	0.09956718393909851	97.46898127137008	105.7255930732512	0.002405809092596646	1.0000962630506636
2.070413088692875	1.9129612121214645	0.06817989327897353	0.7716256213475731	0.09956718393909851	97.46898127137008	105.7255930732512	0.002405809092596646	1.0000962630506636
2.070413088692875	1.9129612121214645	0.06817989327897353	0.7716256213475731	0.09956776461249883	97.46898127137008	105.7255930732512	0.002405809092596646	1.0000962630506636
2.070413088692875	1.9129612121214645	0.06817989327897353	0.7716256213475731	0.09956776461249883	97.4761780720225	105.7255930732512	0.002405809092596646	1.0000962630506636
2.070413088692875	1.9129612121214645	0.06817989327897353	0.7716256213475731	0.09956776461249883	97.4761780720225	105.7255930732512	0.002405809092596646	1.0000962630506636
2.070352490622371	1.9129612121214645	0.06817989327897353	0.7716256213475731	0.09956776461249883	97.4761780720225	105.7255930732512	0.002405809092596646	1.0000962630506636
2.070352490622371	1.9129612121214645	0.06817989327897353	0.7716256213475731	0.09956776461249883	97.4761780720225	105.7255930732512	0.0024059172870834894	1.0000962630506636
2.070352490622371	1.9129612121214645	0.06817989327897353	0.7716256213475731	0.09956776461249883	97.4761780720225	105.7255930732512	0.0024059172870834894	1.0000962630506636
2.070352490622371	1.9129612121214645	0.06817989327897353	0.7716256213475731	0.09956776461249883	97.4761780720225	105.7255930732512	0.0024059349645515387	1.0000962630506636
2.070352490622371	1.9129609380315293	0.06817989327897353	0.7716256213475731	0.09956776461249883	97.4761780720225	105.7255930732512	0.0024059349645515387	1.0000962630506636
2.070352490622371	1.9129609380315293	0.06817989327897353	0.7716212269579036	0.09956776461249883	97.4761780720225	105.7255930732512	0.0024059349645515387	1.0000962630506636
2.070352490622371	1.9129609380315293	0.06817989327897353	0.7716212269579036	0.09956776461249883	97.4761780720225	105.7255930732512	0.0024059349645515387	1.0000962630506636
2.070347844639191	1.9129609380315293	0.06817989327897353	0.7716212269579036	0.09956776461249883	97.4761780720225	105.7255930732512	0.0024059349645515387	1.0000962630506636
2.070347844639191	1.9129609380315293	0.06817989327897353	0.7716212269579036	0.09956776461249883	97.4761780720225	105.7255930732512	0.002405979980932259	1.0000962630506636
2.0703210479690624	1.9129609380315293	0.06817989327897353	0.7716212269579036	0.09956776461249883	97.4761780720225	105.7255930732512	0.002405979980932259	1.0000962630506636
2.0703210479690624	1.9129609380315293	0.06817989327897353	0.7716212269579036	0.09956776461249883	97.4761780720225	105.7255930732512	0.002405979980932259	1.0000959637278126
2.0703210479690624	1.9129609380315293	0.06817989327897353	0.7716212269579036	0.09956776461249883	97.4761780720225	105.79548365359682	0.002405979980932259	1.0000959637278126
2.0703210479690624	1.9129609380315293	0.06817989327897353	0.7716212269579036	0.09956776461249883	97.4761780720225	105.79548365359682	0.002405979980932259	1.0000959637278126
2.0703210479690624	1.9129609380315293	0.06817989327897353	0.7716265603184919	0.09956776461249883	97.4761780720225	105.79548365359682	0.002405979980932259	1.0000959637278126
2.0703210479690624	1.9129609380315293	0.06817989327897353	0.7716265603184919	0.09956776461249883	97.4761780720225	105.79548365359682	0.0024060753640525873	1.0000959637278126
2.0703210479690624	1.9129609380315293	0.06817989327897353	0.7716265603184919	0.09956776461249883	97.4761780720225	105.79548365359682	0.0024060753640525873	1.0000959637278126
2.0703210479690624	1.9129609380315293	0.06841532984298572	0.7716265603184919	0.09956776461249883	97.4761780720225	105.79548365359682	0.0024060753640525873	1.0000959637278126
2.0703210479690624	1.9129609380315293	0.06841532984298572	0.7716265603184919	0.09956776461249883	97.47632610549965	105.79548365359682	0.0024060753640525873	1.0000959637278126
2.0703210479690624	1.9129609380315293	0.06841532984298572	0.7716265603184919	0.09956776461249883	97.47632610549965	105.79548365359682	0.0024060753640525873	1.0000959637278126
2.0703210479690624	1.9129609380315293	0.06841532984298572	0.7716265603184919	0.09956776461249883	97.47632610549965	105.68331867212295	0.0024060753640525873	1.0000959637278126
2.070316037902251	1.9129609380315293	0.06841532984298572	0.7716265603184919	0.09956776461249883	97.47632610549965	105.68331867212295	0.0024060753640525873	1.0000959637278126
2.070316037902251	1.9129609380315293	0.06841532984298572	0.7716265603184919	0.09956776461249883	97.4763235043806	105.68331867212295	0.0024060753640525873	1.0000959637278126
2.070316037902251	1.912911955860786	0.06841532984298572	0.7716265603184919	0.09956776461249883	97.4763235043806	105.68331867212295	0.0024060753640525873	1.0000959637278126
2.070316037902251	1.912911955860786	0.06841532984298572	0.7716265603184919	0.09956776461249883	97.4763235043806	105.68331867212295	0.0024060753640525873	1.0000959637278126
2.070316037902251	1.912911955860786	0.06841532984298572	0.7716265603184919	0.09956776461249883	97.4763235043806	105.68331867212295	0.0024060753640525873	1.0000959637278126
2.070316037902251	1.912911955860786	0.06841532984298572	0.7716265603184919	0.09956776461249883	97.4763235043806	105.68331867212295	0.0024060753640525873	1.00009622017648
2.070316037902251	1.912911955860786	0.06841532984298572	0.7716265603184919	0.09956776461249883	97.4763235043806	105.68331867212295	0.0024060753640525873	1.00009622017648
2.070235727560607	1.912911955860786	0.06841532984298572	0.7716265603184919	0.09956776461249883	97.4763235043806	105.68331867212295	0.0024060753640525873	1.00009622017648
2.070235727560607	1.912911955860786	0.06841532984298572	0.7716265603184919	0.09956776461249883	97.4763235043806	105.68331867212295	0.002406140940018382	1.00009622017648
2.070235727560607	1.912911955860786	0.06841532984298572	0.7716265603184919	0.09956776461249883	97.4763235043806	105.68331867212295	0.002406140940018382	1.00009622017648
2.070235727560607	1.912913405244827	0.06841532984298572	0.7716265603184919	0.09956776461249883	97.4763235043806	105.68331867212295	0.002406140940018382	1.00009622017648
2.070235727560607	1.912913405244827	0.06841532984298572	0.7716265603184919	0.09956776461249883	97.4763235043806	105.68331867212295	0.002406140940018382	1.0000963397580696
2.070235727560607	1.912913405244827	0.06841532984298572	0.7716265603184919	0.09956183802918087	97.4763235043806	105.68331867212295	0.002406140940018382	1.0000963397580696
2.0702830850697365	1.912913405244827	0.06841532984298572	0.7716265603184919	0.09956183802918087	97.4763235043806	105.68331867212295	0.002406140940018382	1.0000963397580696
2.0702830850697365	1.912913405244827	0.06841532984298572	0.7716265603184919	0.09956183802918087	97.4763235043806	105.68331867212295	0.002406140940018382	1.0000963397580696
2.07026073944966	1.912913405244827	0.06841532984298572	0.7716265603184919	0.09956183802918087	97.4763235043806	105.68331867212295	0.002406140940018382	1.0000963397580696
2.07026073944966	1.912913405244827	0.06841532984298572	0.7716265603184919	0.09956183802918087	97.4763235043806	105.68331867212295	0.002406140940018382	1.0000963397580696
2.07026073944966	1.912913405244827	0.06841532984298572	0.7716265603184919	0.09956183802918087	97.4763235043806	105.6797456629039	0.002406140940018382	1.0000963397580696
2.07026073944966	1.912913405244827	0.06841532984298572	0.7716265603184919	0.09956183802918087	97.4755863674501	105.6797456629039	0.002406140940018382	1.0000963397580696
2.07026073944966	1.912913405244827	0.06841532984298572	0.7716265603184919	0.09956183802918087	97.4755863674501	105.6797456629039	0.002406140940018382	1.0000963397580696
2.07026073944966	1.912913405244827	0.06841532984298572	0.7716265603184919	0.09956183802918087	97.4755863674501	105.68119119589701	0.002406140940018382	1.0000963397580696
2.07026073944966	1.912913405244827	0.06841532984298572	0.7716265603184919	0.09956183802918087	97.4755863674501	105.67973999967002	0.002406140940018382	1.0000963397580696
2.07026073944966	1.912913405244827	0.06841532984298572	0.7716265603184919	0.09956183802918087	97.4755863674501	105.67973999967002	0.002406140940018382	1.0000963397580696
2.07026073944966	1.912913405244827	0.06841532984298572	0.7716265603184919	0.09956183802918087	97.49397916906614	105.67973999967002	0.002406140940018382	1.0000963397580696
2.07026073944966	1.912913405244827	0.06841532984298572	0.7716265603184919	0.09956183802918087	97.49397916906614	105.67973999967002	0.002406140940018382	1.0000963397580696
2.07026073944966	1.912913405244827	0.06841532984298572	0.7716265603184919	0.09956183802918087	97.49397916906614	105.67973999967002	0.002406140940018382	1.0000963397580696
2.07026073944966	1.912913405244827	0.06841532984298572	0.7716265603184919	0.09956183802918087	97.49397916906614	105.67973999967002	0.002406140940018382	1.0000963397580696
2.07026073944966	1.912913405244827	0.06841532984298572	0.7716265603184919	0.09956183802918087	97.49397916906614	105.67973999967002	0.002406140940018382	1.0000963397580696
2.07026073944966	1.912913405244827	0.06841532984298572	0.7716265603184919	0.09956183802918087	97.49397916906614	105.67973999967002	0.002406140940018382	1.0000963397580696
2.07026073944966	1.912913405244827	0.06841532984298572	0.7716265603184919	0.09956183802918087	97.49397916906614	105.67973999967002	0.002406140940018382	1.0000963397580696
2.07026073944966	1.912913405244827	0.06841532984298572	0.7716265603184919	0.09956183802918087	97.49397916906614	105.67973999967002	0.002406140940018382	1.0000963397580696
2.07026073944966	1.912913405244827	0.06841532984298572	0.7716265603184919	0.09956183802918087	97.4919779406219	105.67973999967002	0.002406140940018382	1.0000963397580696
2.07026073944966	1.912913405244827	0.06841532984298572	0.7716265603184919	0.09956183802918087	97.4919779406219	105.68010348956527	0.002406140940018382	1.0000963397580696
2.07026073944966	1.912913405244827	0.06841532984298572	0.7716265603184919	0.09956183802918087	97.4919779406219	105.68010348956527	0.002406140940018382	1.0000963397580696
2.07026073944966	1.912913405244827	0.06841532984298572	0.7716291611636262	0.09956183802918087	97.4919779406219	105.68010348956527	0.002406140940018382	1.0000963397580696
2.07026073944966	1.912913405244827	0.06841532984298572	0.7716291611636262	0.09956183802918087	97.4919779406219	105.68010348956527	0.002406140940018382	1.0000964306953928
2.0702616509390075	1.912913405244827	0.06841532984298572	0.7716291611636262	0.09956183802918087	97.4919779406219	105.68010348956527	0.002406140940018382	1.0000964306953928
2.070260903670014	1.912913405244827	0.06841532984298572	0.7716291611636262	0.09956183802918087	97.4919779406219	105.68010348956527	0.002406140940018382	1.0000964306953928
2.070260903670014	1.912913405244827	0.06841532984298572	0.7716291611636262	0.09956183802918087	97.4919779406219	105.68010348956527	0.002406140940018382	1.0000964306953928
2.070260903670014	1.912913405244827	0.06831521098881248	0.7716291611636262	0.09956183802918087	97.4919779406219	105.68010348956527	0.002406140940018382	1.0000964306953928
2.070260903670014	1.912913405244827	0.06831521098881248	0.7716291611636262	0.09956183802918087	97.4919779406219	105.68010348956527	0.002406140940018382	1.0000964306953928
2.070012430284934	1.912913405244827	0.06831521098881248	0.7716291611636262	0.09956183802918087	97.4919779406219	105.68010348956527	0.002406140940018382	1.0000964306953928
2.0700160521002853	1.912913405244827	0.06831521098881248	0.7716291611636262	0.09956183802918087	97.4919779406219	105.68010348956527	0.002406140940018382	1.0000964306953928
2.0700160521002853	1.912913405244827	0.06831521098881248	0.7716291611636262	0.09956183802918087	97.4919779406219	105.68010348956527	0.002406140940018382	1.0000964306953928
2.0699859152532207	1.912913405244827	0.06831521098881248	0.7716291611636262	0.09956183802918087	97.4919779406219	105.68010348956527	0.002406140940018382	1.0000964306953928
2.0699859152532207	1.912913405244827	0.06831521098881248	0.7716291611636262	0.09956183802918087	97.4919779406219	105.68010348956527	0.002406140940018382	1.0000964306953928
2.0699859152532207	1.912913405244827	0.06831521098881248	0.7716291611636262	0.09956183802918087	97.4919779406219	105.6782506386407	0.002406140940018382	1.0000964306953928
2.0699859152532207	1.912913405244827	0.06831521098881248	0.7716291611636262	0.09956183802918087	97.4919779406219	105.6782506386407	0.002406140940018382	1.0000964306953928
2.0699859152532207	1.912913405244827	0.06831521098881248	0.7716291611636262	0.09956183802918087	97.4919779406219	105.47307894785435	0.002406140940018382	1.0000964306953928
2.0699859152532207	1.912913405244827	0.06831521098881248	0.7716291611636262	0.09956183802918087	97.4919779406219	105.47307894785435	0.002406140940018382	1.0000964306953928
2.0699859152532207	1.912913405244827	0.06831521098881248	0.7716291611636262	0.09956183802918087	97.4919779406219	105.47307894785435	0.002406140940018382	1.0000964306953928
2.0699859152532207	1.912913405244827	0.06831521098881248	0.7716291611636262	0.09956183802918087	97.4919779406219	105.47307894785435	0.002406140940018382	1.0000964306953928
2.0699859152532207	1.912913405244827	0.06831521098881248	0.7716291611636262	0.09956183802918087	97.49186525611873	105.47307894785435	0.002406140940018382	1.0000964306953928
2.0699859152532207	1.912913405244827	0.06831521098881248	0.7716291611636262	0.09956183802918087	97.49186525611873	105.47307894785435	0.002406140940018382	1.0000964306953928
2.0699859152532207	1.912913405244827	0.06831521098881248	0.7716291611636262	0.09956183802918087	97.49186525611873	105.47307894785435	0.002406140940018382	1.0000964306953928
2.0699859152532207	1.912913405244827	0.06831521098881248	0.7716291611636262	0.09956183802918087	97.49187242782162	105.47307894785435	0.002406140940018382	1.0000964306953928
2.0699859152532207	1.912913405244827	0.06831521098881248	0.7716291611636262	0.09956183802918087	97.49187242782162	105.47307894785435	0.002502772986765426	1.0000964306953928
2.0700168694957912	1.912913405244827	0.06831521098881248	0.7716291611636262	0.09956183802918087	97.49187242782162	105.47307894785435	0.002502772986765426	1.0000964306953928
2.0700168694957912	1.912913405244827	0.06831521098881248	0.7716291611636262	0.09956183802918087	97.49187242782162	105.47307894785435	0.002502772986765426	1.0000964306953928
2.0700168694957912	1.9130996221730407	0.06831521098881248	0.7716291611636262	0.09956183802918087	97.49187242782162	105.47307894785435	0.002502772986765426	1.0000964306953928
2.0700958313456383	1.9130996221730407	0.06831521098881248	0.7716291611636262	0.09956183802918087	97.49187242782162	105.47307894785435	0.002502772986765426	1.0000964306953928
2.0700958313456383	1.9130996221730407	0.06831521098881248	0.7716291611636262	0.09956183802918087	97.49187242782162	105.47307894785435	0.002502772986765426	1.0000964348632464
2.0700958313456383	1.9130996221730407	0.06831521098881248	0.7716291611636262	0.09956183802918087	97.49187242782162	105.47307894785435	0.002502772986765426	1.0000964348632464
2.0700958313456383	1.9130996221730407	0.06831521098881248	0.7716291611636262	0.09956183802918087	97.49187242782162	105.47307894785435	0.002502772986765426	1.0000964348632464
2.0700958313456383	1.9131018050423185	0.06831521098881248	0.7716291611636262	0.09956183802918087	97.49187242782162	105.47307894785435	0.002502772986765426	1.0000964348632464
2.0700958313456383	1.9131018050423185	0.06831521098881248	0.7716291611636262	0.09956183802918087	97.49187242782162	105.47307894785435	0.0025027638381620123	1.0000964348632464
2.0700958313456383	1.9131018050423185	0.06831521098881248	0.7716291611636262	0.09956183802918087	97.49187242782162	105.47307894785435	0.0025027638381620123	1.0000964348632464
2.0700958313456383	1.9131018050423185	0.06831521098881248	0.7716291611636262	0.09956183802918087	97.49187242782162	105.47307894785435	0.0025027638381620123	1.0000964348632464
2.0700958313456383	1.9131018050423185	0.06831521098881248	0.7716291611636262	0.09956183802918087	97.49187242782162	105.47307894785435	0.0025027638381620123	1.0000964348632464
2.0700958313456383	1.9131018050423185	0.06831521098881248	0.7716291611636262	0.09956183802918087	97.49187242782162	105.47307894785435	0.0025027638381620123	1.0000964348632464
2.0700958313456383	1.9131018050423185	0.06831521098881248	0.7716291611636262	0.09956183802918087	97.49187242782162	105.47307894785435	0.0025027638381620123	1.0000964348632464
2.0700958313456383	1.9131018050423185	0.06831521098881248	0.7716291611636262	0.09956183802918087	97.48935168038118	105.47307894785435	0.0025027638381620123	1.0000964348632464
2.0700958313456383	1.9131093924159162	0.06831521098881248	0.7716291611636262	0.09956183802918087	97.48935168038118	105.47307894785435	0.0025027638381620123	1.0000964348632464
2.0700958313456383	1.9131093924159162	0.06830881506569203	0.7716291611636262	0.09956183802918087	97.48935168038118	105.47307894785435	0.0025027638381620123	1.0000964348632464
2.0700958313456383	1.9131093924159162	0.06830881506569203	0.7716291611636262	0.09956183802918087	97.48935168038118	105.47307894785435	0.002502161931819026	1.0000964348632464
2.0700958313456383	1.9131093924159162	0.06830881506569203	0.7716291611636262	0.09956183802918087	97.48935168038118	105.47307894785435	0.002502161931819026	1.0000964348632464
2.0700958313456383	1.9131088891373467	0.06830881506569203	0.7716291611636262	0.09956183802918087	97.48935168038118	105.47307894785435	0.002502161931819026	1.0000964348632464
2.0700958313456383	1.9131088891373467	0.06830881506569203	0.7716291611636262	0.09956183802918087	97.48935168038118	105.47307894785435	0.002502161931819026	1.0000964348632464
2.0700958313456383	1.9131088891373467	0.06830881506569203	0.7716291611636262	0.09956216818806574	97.48935168038118	105.47307894785435	0.002502161931819026	1.0000964348632464
2.0700958313456383	1.9131088891373467	0.06830881506569203	0.7716291611636262	0.09956216818806574	97.48935168038118	105.47307894785435	0.002502161931819026	1.0001003299935474
2.0700958313456383	1.9131088891373467	0.06830029438722951	0.7716291611636262	0.09956216818806574	97.48935168038118	105.47307894785435	0.002502161931819026	1.0001003299935474
2.0700958313456383	1.9131088891373467	0.06830029438722951	0.7716291611636262	0.09956216818806574	97.48935168038118	105.47307894785435	0.002502161931819026	1.0001003299935474
2.0700958313456383	1.9131088891373467	0.06830029438722951	0.7716291611636262	0.09956216818806574	97.48935168038118	105.47307894785435	0.002502161931819026	1.0001003299935474
2.0700958313456383	1.9131088891373467	0.06830029438722951	0.7716291611636262	0.09956216818806574	97.48933864249038	105.47307894785435	0.002502161931819026	1.0001003299935474
2.0700958313456383	1.9131088891373467	0.06830029438722951	0.7716291611636262	0.09956216818806574	97.48933864249038	106.80116930171164	0.002502161931819026	1.0001003299935474
2.0700958313456383	1.9131088891373467	0.06830029438722951	0.7716291611636262	0.09956216818806574	97.48933864249038	106.80116930171164	0.002502161931819026	1.0001003299935474
2.0700958313456383	1.9131088891373467	0.06830029438722951	0.7716291611636262	0.09956216818806574	97.48933864249038	106.80116930171164	0.002502161931819026	1.0001009256178153
2.0700958313456383	1.9131088891373467	0.06830029438722951	0.7716291611636262	0.09956216818806574	97.48933864249038	106.80116930171164	0.002502161931819026	1.0001009256178153
2.0700958313456383	1.9131088891373467	0.06830029438722951	0.7716291611636262	0.09956216818806574	97.48933864249038	106.80116930171164	0.002502161931819026	1.0001009256178153
2.0700958313456383	1.9131088891373467	0.06830029438722951	0.7716291611636262	0.09956216818806574	97.48933864249038	106.80117482790345	0.002502161931819026	1.0001009256178153
2.0700958313456383	1.9131088891373467	0.06830029438722951	0.7716291611636262	0.09956216818806574	97.48933864249038	106.80117482790345	0.002502161931819026	1.0001008356248922
2.0700958313456383	1.9131088891373467	0.06830029438722951	0.7716291611636262	0.09956216818806574	97.48933864249038	106.80117482790345	0.002502161931819026	1.0001008356248922
2.0700958313456383	1.9131088891373467	0.06830029438722951	0.7716291611636262	0.09956216818806574	97.48933864249038	106.80117482790345	0.002502231979758834	1.0001008356248922
2.0700958313456383	1.9131304643519162	0.06830029438722951	0.7716291611636262	0.09956216818806574	97.48933864249038	106.80117482790345	0.002502231979758834	1.0001008356248922
2.0700958313456383	1.9131304643519162	0.06830029438722951	0.7716291611636262	0.09956216818806574	97.48933864249038	106.80117482790345	0.002502231979758834	1.0001008356248922
2.0700958313456383	1.9131304643519162	0.06830029438722951	0.7716291611636262	0.09956216818806574	97.48933864249038	106.80117482790345	0.002502231979758834	1.0000996296151279
2.0700958313456383	1.9131304643519162	0.06830029438722951	0.7716291611636262	0.09956216818806574	97.48933864249038	106.99316734371746	0.002502231979758834	1.0000996296151279
2.0700958313456383	1.9131304643519162	0.06830029438722951	0.7716291611636262	0.09956216818806574	97.48933864249038	106.99316734371746	0.002502231979758834	1.0000996296151279
2.0700958313456383	1.9131304643519162	0.06830029438722951	0.7716291611636262	0.09956212926755471	97.48933864249038	106.99316734371746	0.002502231979758834	1.0000996296151279
2.0700958313456383	1.9131304643519162	0.06830029438722951	0.7716291611636262	0.09956308765100105	97.48933864249038	106.99316734371746	0.002502231979758834	1.0000996296151279
2.0700958313456383	1.9131304643519162	0.06830029438722951	0.7716291611636262	0.09956308765100105	97.48933864249038	106.99316734371746	0.002502333154252539	1.0000996296151279
2.0700958313456383	1.9131304643519162	0.06830029438722951	0.7716291611636262	0.09956308765100105	97.48933864249038	106.99316734371746	0.002502333154252539	1.0000996296151279
2.0700958313456383	1.9131304643519162	0.06830029438722951	0.7716291611636262	0.09956308765100105	97.48933864249038	106.99316734371746	0.002502333154252539	1.0000996296151279
2.0700958313456383	1.9131304643519162	0.06830029438722951	0.7716291611636262	0.09956308765100105	97.48933864249038	106.99316734371746	0.002502333154252539	1.0000996296151279
2.0700958313456383	1.9131304643519162	0.06830029438722951	0.7716291611636262	0.09956308765100105	97.48933864249038	106.99316734371746	0.002502333154252539	1.0000996296151279
2.0700958313456383	1.9129303943016103	0.06830029438722951	0.7716291611636262	0.09956308765100105	97.48933864249038	106.99316734371746	0.002502333154252539	1.0000996296151279
2.0700958313456383	1.9129303943016103	0.06830029438722951	0.7716291611636262	0.09956308765100105	97.48933864249038	106.99316734371746	0.002502333154252539	1.0000996296151279
2.0700958313456383	1.9127394470689838	0.06830029438722951	0.7716291611636262	0.09956308765100105	97.48933864249038	106.99316734371746	0.002502333154252539	1.0000996296151279
2.0700958313456383	1.9127394470689838	0.06830029438722951	0.7716291611636262	0.09954006674791371	97.48933864249038	106.99316734371746	0.002502333154252539	1.0000996296151279
2.0700958313456383	1.9127394470689838	0.06830029438722951	0.7716291611636262	0.09954022645819441	97.48933864249038	106.99316734371746	0.002502333154252539	1.0000996296151279
2.0700958313456383	1.9117297101918977	0.06830029438722951	0.7716291611636262	0.09954022645819441	97.48933864249038	106.99316734371746	0.002502333154252539	1.0000996296151279
2.0700958313456383	1.9117297101918977	0.06830029438722951	0.7716291611636262	0.09954022645819441	97.49077259209902	106.99316734371746	0.002502333154252539	1.0000996296151279
2.0700958313456383	1.9117297101918977	0.06830029438722951	0.7716291611636262	0.09954022645819441	97.49077259209902	106.99316734371746	0.002502333154252539	1.0000996296151279
2.0700958313456383	1.9117297101918977	0.06830029438722951	0.7716291611636262	0.09954022645819441	97.49077259209902	106.99316734371746	0.002502333154252539	1.0000996296151279
2.0700958313456383	1.9117297101918977	0.06830029438722951	0.7716291611636262	0.09954022645819441	97.49077259209902	106.99316734371746	0.002502333154252539	1.0000996296151279
2.0700910617849826	1.9117297101918977	0.06830029438722951	0.7716291611636262	0.09954022645819441	97.49077259209902	106.99316734371746	0.002502333154252539	1.0000996296151279
2.0700910617849826	1.9117297101918977	0.06830029438722951	0.7716291611636262	0.09954022645819441	97.49077259209902	106.99316734371746	0.002502333154252539	1.0000996296151279
2.0700910617849826	1.9117297101918977	0.06830029438722951	0.7716291611636262	0.09954022645819441	97.49077259209902	105.64073512193403	0.002502333154252539	1.0000996296151279
2.0700910617849826	1.9117297101918977	0.06830029438722951	0.7716291611636262	0.09954022645819441	97.49077259209902	105.64073512193403	0.002502333154252539	1.000099649676474
2.0700910617849826	1.9117297101918977	0.06830029438722951	0.7716291611636262	0.09954022645819441	97.49077259209902	105.64073512193403	0.002502333154252539	1.000099649676474
2.0700910617849826	1.9117297101918977	0.06830029438722951	0.7716291611636262	0.09954022645819441	97.49077259209902	105.64073512193403	0.002502333154252539	1.000099649676474
2.0700910617849826	1.9117297101918977	0.06830029438722951	0.7716291611636262	0.09954022645819441	97.49077259209902	105.64073512193403	0.002502333154252539	1.000099649676474
2.0700910617849826	1.9117297101918977	0.06830029438722951	0.7716291611636262	0.09954022645819441	97.49077259209902	105.64073512193403	0.002502333154252539	1.000099649676474
2.0700910617849826	1.9117297101918977	0.06830029438722951	0.7716291611636262	0.09954022645819441	97.49077259209902	105.64073512193403	0.002502333154252539	1.000099649676474
2.0700184674687465	1.9117297101918977	0.06830029438722951	0.7716291611636262	0.09954022645819441	97.49077259209902	105.64073512193403	0.002502333154252539	1.000099649676474
2.0700184674687465	1.9117297101918977	0.06830029438722951	0.7716291611636262	0.09954022645819441	97.49077259209902	105.64073512193403	0.002502333154252539	1.000099649676474
2.0700184674687465	1.9117297101918977	0.06830029438722951	0.7716291611636262	0.09954022645819441	97.49077259209902	105.64073512193403	0.002502333154252539	1.000099649676474
2.0700184674687465	1.9117297101918977	0.06830029438722951	0.7716291611636262	0.09954022645819441	97.50248029679557	105.64073512193403	0.002502333154252539	1.000099649676474
2.0700184674687465	1.9117297101918977	0.06830029438722951	0.7716291611636262	0.09954022645819441	97.50270880378201	105.64073512193403	0.002502333154252539	1.000099649676474
2.0700184674687465	1.9117297101918977	0.06830029438722951	0.7716291611636262	0.09954022645819441	97.50270880378201	105.64079080507658	0.002502333154252539	1.000099649676474
2.0700184674687465	1.9117297101918977	0.06830029438722951	0.7716291611636262	0.09954022645819441	97.50270880378201	105.64079080507658	0.002502333154252539	1.000099649676474
2.0700184674687465	1.9117297101918977	0.06830029438722951	0.7716291611636262	0.09954022645819441	97.5005197998426	105.64079080507658	0.002502333154252539	1.000099649676474
2.0700184674687465	1.9117297101918977	0.06830029438722951	0.7716291611636262	0.09954022645819441	97.5005197998426	105.68265544491123	0.002502333154252539	1.000099649676474
2.0700184674687465	1.9117297101918977	0.06830029438722951	0.7716291611636262	0.0995403717884409	97.5005197998426	105.68265544491123	0.002502333154252539	1.000099649676474
2.0700184674687465	1.9117297101918977	0.06830029438722951	0.7716291611636262	0.0995403717884409	97.50164618539796	105.68265544491123	0.002502333154252539	1.000099649676474
2.0700184674687465	1.9117297101918977	0.06830029438722951	0.7716291611636262	0.0995403717884409	97.50164618539796	105.68265544491123	0.002502333154252539	1.000099649676474
2.0700184674687465	1.9117297101918977	0.06830029438722951	0.7716291611636262	0.0995403717884409	97.50164618539796	105.68265544491123	0.002502333154252539	1.000099649676474
2.0700184674687465	1.9117297101918977	0.06830029438722951	0.7716291611636262	0.0995403717884409	97.50164618539796	105.68265544491123	0.002502333154252539	1.000099649676474
2.0700184674687465	1.9117301485025702	0.06830029438722951	0.7716291611636262	0.0995403717884409	97.50164618539796	105.68265544491123	0.002502333154252539	1.000099649676474
2.0700184674687465	1.9117301485025702	0.06837757835020669	0.7716291611636262	0.0995403717884409	97.50164618539796	105.68265544491123	0.002502333154252539	1.000099649676474
2.0700184674687465	1.90773709233891	0.06837757835020669	0.7716291611636262	0.0995403717884409	97.50164618539796	105.68265544491123	0.002502333154252539	1.000099649676474
2.0700184674687465	1.90773709233891	0.06837757835020669	0.7716291611636262	0.0995403717884409	97.50164618539796	105.68265544491123	0.0024984819743518127	1.000099649676474
2.0700184674687465	1.90773709233891	0.06837757835020669	0.7716291611636262	0.0995403717884409	97.50164618539796	105.68265544491123	0.0024984819743518127	1.000099649676474
2.0700184674687465	1.90773709233891	0.06837757835020669	0.7716291611636262	0.09954287713796078	97.50164618539796	105.68265544491123	0.0024984819743518127	1.000099649676474
2.0700184674687465	1.90773709233891	0.06837757835020669	0.7716291611636262	0.09954287713796078	97.50164618539796	105.68265544491123	0.0024984819743518127	1.000099649676474
2.0700184674687465	1.90773709233891	0.06837757835020669	0.7716291611636262	0.09954287713796078	97.50164618539796	105.68265544491123	0.0024984819743518127	1.0000870947663931
2.0700184674687465	1.90773709233891	0.06837757835020669	0.7716291611636262	0.09954287713796078	97.50165701347437	105.68265544491123	0.0024984819743518127	1.0000870947663931
2.0700184674687465	1.90773709233891	0.06837757835020669	0.7716291611636262	0.09954287713796078	97.50165701347437	105.68265544491123	0.0024984819743518127	1.0000870947663931
2.0700184674687465	1.90773709233891	0.06837757835020669	0.7716291611636262	0.09958809708300788	97.50165701347437	105.68265544491123	0.0024984819743518127	1.0000870947663931
2.0700184674687465	1.90773709233891	0.06837757835020669	0.7716291611636262	0.09958809708300788	97.50165701347437	105.68265544491123	0.0024984819743518127	1.0000870947663931
2.0700184674687465	1.90773709233891	0.06837757835020669	0.7716291611636262	0.09958809708300788	97.50165701347437	105.68265544491123	0.0024984819743518127	1.0000870947663931
2.0700184674687465	1.90773709233891	0.06837757835020669	0.7716291611636262	0.09958809708300788	97.50165701347437	105.68265544491123	0.0024984819743518127	1.0000870947663931
2.0700184674687465	1.9103777228541368	0.06837757835020669	0.7716291611636262	0.09958809708300788	97.50165701347437	105.68265544491123	0.0024984819743518127	1.0000870947663931
2.0700184674687465	1.9103777228541368	0.06837757835020669	0.7716291611636262	0.09958809708300788	97.50165701347437	105.68265544491123	0.0024984819743518127	1.000086906738684
2.0700184674687465	1.9103777228541368	0.06837757835020669	0.7716291611636262	0.09958809708300788	97.50165701347437	105.68265544491123	0.0024984819743518127	1.000086906738684
2.0700184674687465	1.9103777228541368	0.06837757835020669	0.7716291611636262	0.09958809708300788	97.50217040881525	105.68265544491123	0.0024984819743518127	1.000086906738684
2.0700184674687465	1.9103777228541368	0.06837757835020669	0.7716291611636262	0.09958809708300788	97.50217040881525	105.68265544491123	0.0024984819743518127	1.000086906738684
2.0700184674687465	1.9103777228541368	0.06837757835020669	0.7716291611636262	0.09958809708300788	97.50217040881525	105.68265544491123	0.0024984819743518127	1.000091744550922
2.0700184674687465	1.9103777228541368	0.06837757835020669	0.7716291611636262	0.09958809708300788	97.50217040881525	105.68265544491123	0.0024984819743518127	1.000091744550922
2.0700178859001324	1.9103777228541368	0.06837757835020669	0.7716291611636262	0.09958809708300788	97.50217040881525	105.68265544491123	0.0024984819743518127	1.000091744550922
2.0700178859001324	1.9103777228541368	0.06837757835020669	0.7716291611636262	0.09958809708300788	97.50217040881525	105.68265544491123	0.0024984819743518127	1.000091744550922
2.0700178859001324	1.9103777228541368	0.06837757835020669	0.7716291611636262	0.09958809708300788	97.50217040881525	105.68265544491123	0.0024984819743518127	1.000091744550922
2.0700178859001324	1.9103777228541368	0.06837757835020669	0.7716291611636262	0.09958809708300788	97.50217040881525	105.68265544491123	0.0024984819743518127	1.000091744550922
2.0700178859001324	1.9103777228541368	0.06837757835020669	0.7716291611636262	0.09958809708300788	97.50217040881525	105.68265544491123	0.0024984819743518127	1.000091744550922
2.0700178859001324	1.9103777228541368	0.06837757835020669	0.7716291611636262	0.09979480110583361	97.50217040881525	105.68265544491123	0.0024984819743518127	1.000091744550922
2.0700178859001324	1.9103777228541368	0.06837757835020669	0.7716291611636262	0.09979480110583361	97.50217040881525	105.68265544491123	0.0024984819743518127	1.000091744550922
2.0700178859001324	1.9103777228541368	0.06837757835020669	0.7716291611636262	0.09978444535841711	97.50217040881525	105.68265544491123	0.0024984819743518127	1.000091744550922
2.0700178859001324	1.9103777228541368	0.06833903235678124	0.7716291611636262	0.09978444535841711	97.50217040881525	105.68265544491123	0.0024984819743518127	1.000091744550922
2.0700178859001324	1.9103777228541368	0.06833903235678124	0.7716291611636262	0.09978444535841711	97.50217040881525	105.68265544491123	0.0024984819743518127	1.0000916834432998
2.0700178859001324	1.9103777228541368	0.06833903235678124	0.7716291611636262	0.09978444535841711	97.50233256547233	105.68265544491123	0.0024984819743518127	1.0000916834432998
2.0700178859001324	1.9103777228541368	0.06833903235678124	0.7716291611636262	0.09968998360060406	97.50233256547233	105.68265544491123	0.0024984819743518127	1.0000916834432998
2.0700178859001324	1.9103777228541368	0.06833903235678124	0.7716291611636262	0.09968998360060406	97.50233256547233	105.65722187138081	0.0024984819743518127	1.0000916834432998
2.0700178859001324	1.9103777228541368	0.06833903235678124	0.7716291611636262	0.09968998360060406	97.50233256547233	105.65722187138081	0.0024984819743518127	1.0000916834432998
2.0700178859001324	1.9104397810621196	0.06833903235678124	0.7716291611636262	0.09968998360060406	97.50233256547233	105.65722187138081	0.0024984819743518127	1.0000916834432998
2.0700178859001324	1.9104397810621196	0.06833903235678124	0.7716291611636262	0.09968243100062338	97.50233256547233	105.65722187138081	0.0024984819743518127	1.0000916834432998
2.0700178859001324	1.9104397810621196	0.06833903235678124	0.7716291611636262	0.09968243100062338	97.50233256547233	105.65722187138081	0.0024984409419434124	1.0000916834432998
2.0700178859001324	1.9104397810621196	0.06833903235678124	0.7716291611636262	0.09968243100062338	97.50233256547233	105.65722187138081	0.0024984409419434124	1.0000916834432998
2.0700178859001324	1.9104397810621196	0.06833903235678124	0.7716291611636262	0.09968243100062338	97.50233256547233	105.65722187138081	0.0024984409419434124	1.0000914499110032
2.0700178859001324	1.9104397810621196	0.06833903235678124	0.7716291611636262	0.09968243100062338	97.50233256547233	105.65722187138081	0.0024984409419434124	1.0000914499110032
2.0700178859001324	1.9118822309205807	0.06833903235678124	0.7716291611636262	0.09968243100062338	97.50233256547233	105.65722187138081	0.0024984409419434124	1.0000914499110032
2.0700178859001324	1.9118822309205807	0.06833903235678124	0.7716291611636262	0.09968243100062338	97.50233256547233	105.65722187138081	0.0024984409419434124	1.0000914499110032
2.0700178859001324	1.9118822309205807	0.06833903235678124	0.7716291611636262	0.09968243100062338	97.50233256547233	105.65722187138081	0.0024984409419434124	1.0000914499110032
2.0700178859001324	1.9118822309205807	0.06833903235678124	0.7716291611636262	0.09968243100062338	97.50233256547233	105.65722187138081	0.0024984409419434124	1.0000914499110032
2.0700178859001324	1.9118822309205807	0.06833903235678124	0.7716291611636262	0.09968243100062338	97.50233256547233	105.65722187138081	0.0024984409419434124	1.0000914499110032
2.0700178859001324	1.9118822309205807	0.06833903235678124	0.7716291611636262	0.09968243100062338	97.50233256547233	105.65722187138081	0.0024984409419434124	1.0000914499110032
2.0700178859001324	1.9118822309205807	0.06833903235678124	0.7716291611636262	0.09968243100062338	97.50233256547233	105.65722187138081	0.0024984409419434124	1.0000914499110032
2.0700178859001324	1.9107140822199038	0.06833903235678124	0.7716291611636262	0.09968243100062338	97.50233256547233	105.65722187138081	0.0024984409419434124	1.0000914499110032
2.0700178859001324	1.9107140822199038	0.06833903235678124	0.7716291611636262	0.09968243100062338	97.50233256547233	105.65722187138081	0.0024984409419434124	1.0000914499110032
2.0700178859001324	1.9107140822199038	0.06833903235678124	0.7716291611636262	0.09968243100062338	97.50233256547233	105.65722187138081	0.0024984409419434124	1.0000914499110032
2.0700178859001324	1.9107140822199038	0.06833903235678124	0.7716291611636262	0.09968243100062338	97.50233256547233	105.65722187138081	0.0024984409419434124	1.0000914499110032
2.0700178859001324	1.9107140822199038	0.06833903235678124	0.7716291611636262	0.09968234072984937	97.50233256547233	105.65722187138081	0.0024984409419434124	1.0000914499110032
2.0700178859001324	1.9107140822199038	0.06833903235678124	0.7716291611636262	0.09968234072984937	97.50233256547233	105.65722187138081	0.0024984409419434124	1.0000914499110032
2.0700178859001324	1.9107140822199038	0.06833903235678124	0.7716291611636262	0.09968234072984937	97.50233256547233	105.65722187138081	0.002513961130612261	1.0000914499110032
2.0700178859001324	1.9107140822199038	0.06833903235678124	0.7716291611636262	0.09968234072984937	97.50233256547233	105.65722187138081	0.002513961130612261	1.0000914499110032
2.0700178859001324	1.9107140822199038	0.06833903235678124	0.7716291611636262	0.09968234072984937	97.50233256547233	105.65722187138081	0.002513961130612261	1.0000914499110032
2.0700178859001324	1.9107140822199038	0.06833903235678124	0.7716291611636262	0.09968234072984937	97.50025359011617	105.65722187138081	0.002513961130612261	1.0000914499110032
2.0700178859001324	1.9107140822199038	0.06833903235678124	0.7716291611636262	0.09968234072984937	97.50025359011617	105.65722187138081	0.002513961130612261	1.0000914499110032
2.0700178859001324	1.9107140822199038	0.06833903235678124	0.7716291611636262	0.09968234072984937	97.50025359011617	105.65722187138081	0.002513961130612261	1.0000931138995481
2.0700178859001324	1.9107140822199038	0.06833903235678124	0.7716291611636262	0.09968234072984937	97.50025359011617	105.65722187138081	0.002513961130612261	1.0000947901845068
2.0700178859001324	1.9107140822199038	0.06833903235678124	0.7716291611636262	0.09968234072984937	97.50025359011617	105.65722187138081	0.002513961130612261	1.0000947901845068
2.0700178859001324	1.9107140822199038	0.06833903235678124	0.7716291611636262	0.09968234072984937	97.50025359011617	105.65722187138081	0.002513961130612261	1.0000947901845068
2.0700178859001324	1.9107140822199038	0.06833903235678124	0.7716291611636262	0.09968234072984937	97.50025359011617	105.65722187138081	0.002513961130612261	1.0000947901845068
2.0700178859001324	1.9107140822199038	0.06833903235678124	0.7716291611636262	0.09968234072984937	97.50025359011617	105.65722187138081	0.002513961130612261	1.0000947901845068
2.0700178859001324	1.9107140822199038	0.06833903235678124	0.7716291611636262	0.09968234072984937	97.50025359011617	105.65722187138081	0.0025139379545462614	1.0000947901845068
2.0700178859001324	1.9107140822199038	0.06833903235678124	0.7716291611636262	0.09968234072984937	97.50025359011617	105.65722187138081	0.00251511806201694	1.0000947901845068
2.0700178859001324	1.9107140822199038	0.06833903235678124	0.7716291611636262	0.09968234072984937	97.50025359011617	105.65722187138081	0.0025152162355736433	1.0000947901845068
2.0700178859001324	1.9107140822199038	0.06833903235678124	0.7716291611636262	0.09968234072984937	97.50016697003704	105.65722187138081	0.0025152162355736433	1.0000947901845068
2.0700178859001324	1.9107140822199038	0.06833903235678124	0.7716291611636262	0.09968234072984937	97.50016697003704	105.65722187138081	0.0025152162355736433	1.0000947901845068
2.0700178859001324	1.9107863134297756	0.06833903235678124	0.7716291611636262	0.09968234072984937	97.50016697003704	105.65722187138081	0.0025152162355736433	1.0000947901845068
2.069940295903707	1.9107863134297756	0.06833903235678124	0.7716291611636262	0.09968234072984937	97.50016697003704	105.65722187138081	0.0025152162355736433	1.0000947901845068
2.069940295903707	1.9107863134297756	0.06834056641508231	0.7716291611636262	0.09968234072984937	97.50016697003704	105.65722187138081	0.0025152162355736433	1.0000947901845068
2.069940295903707	1.9107863134297756	0.06834056641508231	0.7716291611636262	0.09968234072984937	97.50016697003704	105.65722187138081	0.0025152162355736433	1.0000947901845068
2.069940295903707	1.9107863134297756	0.06834056641508231	0.7716291611636262	0.09968234072984937	97.50016697003704	105.65722187138081	0.0025152162355736433	1.0000947901845068
2.069940295903707	1.9107863134297756	0.06834056641508231	0.7716291611636262	0.09968234072984937	97.50016697003704	105.65722187138081	0.0025357297156594605	1.0000947901845068
2.069940295903707	1.9107863134297756	0.06834056641508231	0.7716291611636262	0.09968234072984937	97.50016697003704	105.65722187138081	0.0025357297156594605	1.0000947901845068
2.069940295903707	1.9107863134297756	0.06834056641508231	0.7716291611636262	0.09968234072984937	97.50016697003704	105.65722187138081	0.0025357297156594605	1.0000947901845068
2.069940295903707	1.9107851910901756	0.06834056641508231	0.7716291611636262	0.09968234072984937	97.50016697003704	105.65722187138081	0.0025357297156594605	1.0000947901845068
2.069940295903707	1.9107851910901756	0.06834056641508231	0.7716291611636262	0.09968234072984937	97.50016697003704	105.67877272841181	0.0025357297156594605	1.0000947901845068
2.069937382314542	1.9107851910901756	0.06834056641508231	0.7716291611636262	0.09968234072984937	97.50016697003704	105.67877272841181	0.0025357297156594605	1.0000947901845068
2.069937382314542	1.9107851910901756	0.06834056641508231	0.7716291611636262	0.09968234072984937	97.50016697003704	105.67877272841181	0.0025357297156594605	1.0000952892212533
2.069937382314542	1.9107851910901756	0.06834056641508231	0.771705001731286	0.09968234072984937	97.50016697003704	105.67877272841181	0.0025357297156594605	1.0000952892212533
2.069937382314542	1.9107851910901756	0.06834056641508231	0.771705001731286	0.09968234072984937	97.50016697003704	105.67877272841181	0.0025357297156594605	1.0000952892212533
2.069937382314542	1.9103821902303797	0.06834056641508231	0.771705001731286	0.09968234072984937	97.50016697003704	105.67877272841181	0.0025357297156594605	1.0000952892212533
2.069937382314542	1.9103821902303797	0.06834056641508231	0.771705001731286	0.09968234072984937	97.50016697003704	105.67877272841181	0.0025357297156594605	1.0000952892212533
2.069937382314542	1.9103821902303797	0.06834056641508231	0.771705001731286	0.09968234072984937	97.50016697003704	105.67944259867664	0.0025357297156594605	1.0000952892212533
2.069937382314542	1.9103821902303797	0.06834056641508231	0.771705001731286	0.09968234072984937	97.50016697003704	105.67944259867664	0.0025357297156594605	1.0000952892212533
2.069937382314542	1.9103821902303797	0.06834056641508231	0.771705001731286	0.09968234072984937	97.50016697003704	105.67944259867664	0.0025357297156594605	1.0000952892212533
2.069937382314542	1.9103821902303797	0.06834056641508231	0.771705001731286	0.09968234072984937	97.50016697003704	105.67944259867664	0.0025357297156594605	1.0000952892212533
2.069937382314542	1.9103821902303797	0.06834056641508231	0.771705001731286	0.09968234072984937	97.50016697003704	105.67944259867664	0.0025357297156594605	1.0000952892212533
2.069937382314542	1.9103821902303797	0.06834056641508231	0.771705001731286	0.09968234072984937	97.50016697003704	105.67944259867664	0.0025357297156594605	1.0000952892212533
2.069937382314542	1.9103821902303797	0.06834056641508231	0.771705001731286	0.09968234072984937	97.50016697003704	105.67944259867664	0.0025357297156594605	1.0000952892212533
2.069937382314542	1.9103821902303797	0.06834056641508231	0.771705001731286	0.09968234072984937	97.50016697003704	105.67944259867664	0.0025357297156594605	1.0000952892212533
2.069937382314542	1.9103821902303797	0.06834056641508231	0.771705001731286	0.09968234072984937	97.50016697003704	105.67944259867664	0.0025357297156594605	1.0000952892212533
2.0699098002451346	1.9103821902303797	0.06834056641508231	0.771705001731286	0.09968234072984937	97.50016697003704	105.67944259867664	0.0025357297156594605	1.0000952892212533
2.0699098002451346	1.9103821902303797	0.06834056641508231	0.771705001731286	0.09968234072984937	97.50016697003704	105.67944259867664	0.0025357297156594605	1.0000952892212533
2.0699098002451346	1.9103821902303797	0.06834056641508231	0.771705001731286	0.09968234072984937	97.50016697003704	105.67944259867664	0.0025357297156594605	1.0000952892212533
2.0699098002451346	1.9103821902303797	0.06834056641508231	0.771705001731286	0.09968234072984937	97.50016697003704	105.67944259867664	0.0025357297156594605	1.0000952892212533
2.0699098002451346	1.9103821902303797	0.06834056641508231	0.771705001731286	0.09968234072984937	97.50016697003704	105.67944259867664	0.0025357297156594605	1.0000952892212533
2.069909965440101	1.9103821902303797	0.06834056641508231	0.771705001731286	0.09968234072984937	97.50016697003704	105.67944259867664	0.0025357297156594605	1.0000952892212533
2.069909965440101	1.9103821902303797	0.0683861057788817	0.771705001731286	0.09968234072984937	97.50016697003704	105.67944259867664	0.0025357297156594605	1.0000952892212533
2.069909965440101	1.9103821902303797	0.0683861057788817	0.771705001731286	0.09968234072984937	97.52142469731193	105.67944259867664	0.0025357297156594605	1.0000952892212533
2.069909965440101	1.9103821902303797	0.0683861057788817	0.771705001731286	0.09968234072984937	97.52159832569383	105.67944259867664	0.0025357297156594605	1.0000952892212533
2.069909965440101	1.9103821902303797	0.0683861057788817	0.771705001731286	0.09968234072984937	97.52159832569383	105.67944259867664	0.0025357297156594605	1.0000952892212533
2.069909965440101	1.9103821902303797	0.0683861057788817	0.771705001731286	0.09968234072984937	97.52159832569383	105.67944259867664	0.0025357297156594605	1.0000952892212533
2.069909965440101	1.9103821902303797	0.0683861057788817	0.771705001731286	0.09968234072984937	97.52159832569383	105.67944259867664	0.0025357297156594605	1.0000954097109431
2.069909965440101	1.9103821902303797	0.0683861057788817	0.771705001731286	0.09968234072984937	97.52159832569383	105.67944259867664	0.0025118981936116357	1.0000954097109431
2.069909965440101	1.9103849707791922	0.0683861057788817	0.771705001731286	0.09968234072984937	97.52159832569383	105.67944259867664	0.0025118981936116357	1.0000954097109431
2.069909965440101	1.9103849707791922	0.0683861057788817	0.771705001731286	0.09968234072984937	97.52159832569383	105.67944259867664	0.0025118981936116357	1.0000954097109431
2.069909965440101	1.9103849707791922	0.0683861057788817	0.771705001731286	0.09968234072984937	97.52159832569383	105.67944259867664	0.0025118981936116357	1.0000954097109431
2.069909965440101	1.9103849707791922	0.0683861057788817	0.771705001731286	0.09968234072984937	97.52159832569383	103.73709800969287	0.0025118981936116357	1.0000954097109431
2.069909965440101	1.9103849707791922	0.0683861057788817	0.771705001731286	0.09968234072984937	97.52159832569383	103.73709800969287	0.002523289621001584	1.0000954097109431
2.069909965440101	1.9103849707791922	0.0683861057788817	0.771705001731286	0.09968234072984937	97.52159832569383	103.73709800969287	0.002523289621001584	1.0000954097109431
2.069909965440101	1.9103778935525038	0.0683861057788817	0.771705001731286	0.09968234072984937	97.52159832569383	103.73709800969287	0.002523289621001584	1.0000954097109431
2.069909965440101	1.9103778935525038	0.0683807595071647	0.771705001731286	0.09968234072984937	97.52159832569383	103.73709800969287	0.002523289621001584	1.0000954097109431
2.0702939159191414	1.9103778935525038	0.0683807595071647	0.771705001731286	0.09968234072984937	97.52159832569383	103.73709800969287	0.002523289621001584	1.0000954097109431
2.0702939159191414	1.910377248131625	0.0683807595071647	0.771705001731286	0.09968234072984937	97.52159832569383	103.73709800969287	0.002523289621001584	1.0000954097109431
2.0702939159191414	1.910377248131625	0.0683807595071647	0.771705001731286	0.09968234072984937	97.52159832569383	103.73709800969287	0.002523289621001584	1.0000954097109431
2.0702939159191414	1.910377248131625	0.0683807595071647	0.771705001731286	0.09968234072984937	97.52159832569383	103.73709800969287	0.002523289621001584	1.0000954097109431
2.0702939159191414	1.910408179781644	0.0683807595071647	0.771705001731286	0.09968234072984937	97.52159832569383	103.73709800969287	0.002523289621001584	1.0000954097109431
2.0702952398815393	1.910408179781644	0.0683807595071647	0.771705001731286	0.09968234072984937	97.52159832569383	103.73709800969287	0.002523289621001584	1.0000954097109431
2.0702952398815393	1.910408179781644	0.0683807595071647	0.771705001731286	0.09968234072984937	97.52159832569383	103.73709800969287	0.002523289621001584	1.0000954097109431
2.0702952398815393	1.910408179781644	0.0683807595071647	0.771705001731286	0.09968234072984937	97.52159832569383	103.73709800969287	0.002523289621001584	1.0000954097109431
2.0702952398815393	1.910408179781644	0.0683807595071647	0.771705001731286	0.09968234072984937	97.52159832569383	103.73709800969287	0.0025242800524681776	1.0000954097109431
2.0702952398815393	1.910408179781644	0.0683807595071647	0.771705001731286	0.09968234072984937	97.52159832569383	103.73709800969287	0.0025242800524681776	1.0000954097109431
2.0702952398815393	1.910408179781644	0.0683807595071647	0.771705001731286	0.09968234072984937	97.52159832569383	103.73709800969287	0.0025242800524681776	1.0000954097109431
2.0702952398815393	1.910408179781644	0.0683807595071647	0.771705001731286	0.09965235825941897	97.52159832569383	103.73709800969287	0.0025242800524681776	1.0000954097109431
2.0702952398815393	1.910408179781644	0.0683807595071647	0.771705001731286	0.09965235825941897	97.52691128501677	103.73709800969287	0.0025242800524681776	1.0000954097109431
2.0702952398815393	1.910408179781644	0.0683807595071647	0.771705001731286	0.09965235825941897	97.52691128501677	103.73709800969287	0.0025241766556093736	1.0000954097109431
2.0702952398815393	1.910408179781644	0.0683807595071647	0.771705001731286	0.09965235825941897	97.52691128501677	103.73709800969287	0.0025241766556093736	1.0000954097109431
2.0702952398815393	1.9110332233042118	0.0683807595071647	0.771705001731286	0.09965235825941897	97.52691128501677	103.73709800969287	0.0025241766556093736	1.0000954097109431
2.0702952398815393	1.9110332233042118	0.0683807595071647	0.771705001731286	0.09965235825941897	97.52691128501677	103.73709800969287	0.0025241766556093736	1.0000954097109431
2.0702952398815393	1.9110332233042118	0.0683807595071647	0.771705001731286	0.09965235825941897	97.52950279985728	103.73709800969287	0.0025241766556093736	1.0000954097109431
2.0702952398815393	1.9110332233042118	0.0683807595071647	0.771705001731286	0.09965235825941897	97.52950279985728	103.73709800969287	0.0025241766556093736	1.0000954097109431
2.0702952398815393	1.9110332233042118	0.0683807595071647	0.771705001731286	0.09965235825941897	97.52950279985728	103.73709800969287	0.0025241766556093736	1.0000954097109431
2.0702952398815393	1.9110332233042118	0.0683807595071647	0.771705001731286	0.09965235825941897	97.52950279985728	103.73709800969287	0.0025241766556093736	1.0000952769032474
2.0702952398815393	1.9110332233042118	0.0683807595071647	0.771705001731286	0.09966238083369588	97.52950279985728	103.73709800969287	0.0025241766556093736	1.0000952769032474
2.0702952398815393	1.9110332233042118	0.0683807595071647	0.771705001731286	0.09966611206624104	97.52950279985728	103.73709800969287	0.0025241766556093736	1.0000952769032474
2.0702952398815393	1.9110332233042118	0.0683807595071647	0.7717007105377383	0.09966611206624104	97.52950279985728	103.73709800969287	0.0025241766556093736	1.0000952769032474
2.0702952398815393	1.9110332233042118	0.0683807595071647	0.7717007105377383	0.09966611206624104	97.52950279985728	103.73709800969287	0.0025241766556093736	1.0000952769032474
2.0702952398815393	1.9110332233042118	0.0683807595071647	0.7717007105377383	0.09966611206624104	97.52950279985728	103.73709800969287	0.0025241766556093736	1.0000952769032474
2.0702952398815393	1.9110332233042118	0.0683807595071647	0.7717007105377383	0.09966611206624104	97.52950279985728	103.73709800969287	0.0025241766556093736	1.0000952769032474
2.0702858173515337	1.9110332233042118	0.0683807595071647	0.7717007105377383	0.09966611206624104	97.52950279985728	103.73709800969287	0.0025241766556093736	1.0000952769032474
2.0702858173515337	1.9110332233042118	0.0683807595071647	0.7717007105377383	0.09966611206624104	97.52950279985728	103.73709800969287	0.0025241766556093736	1.0000952769032474
2.0702858173515337	1.9110332233042118	0.0683807595071647	0.7717007105377383	0.09966611206624104	97.52950279985728	103.73709800969287	0.0025241766556093736	1.0000952769032474
2.0702858173515337	1.9110332233042118	0.0683807595071647	0.7717007105377383	0.09966611206624104	97.52950279985728	103.73709800969287	0.0025253630206341824	1.0000952769032474
2.0703366299323216	1.9110332233042118	0.0683807595071647	0.7717007105377383	0.09966611206624104	97.52950279985728	103.73709800969287	0.0025253630206341824	1.0000952769032474
2.0703366299323216	1.9110332233042118	0.0683807595071647	0.7717007105377383	0.09966611206624104	97.52944179995627	103.73709800969287	0.0025253630206341824	1.0000952769032474
2.0703366299323216	1.9110332233042118	0.0683807595071647	0.7717007105377383	0.09966611206624104	97.52944179995627	103.73709800969287	0.0025253630206341824	1.0000952769032474
2.0703366299323216	1.9110332233042118	0.0683807595071647	0.7717007105377383	0.09966611206624104	97.52944179995627	103.73709800969287	0.0025253630206341824	1.0000952769032474
2.0703366299323216	1.9110332233042118	0.0683807595071647	0.7717007105377383	0.09966611206624104	97.52944179995627	103.73709800969287	0.0025260998282832115	1.0000952769032474
2.0703366299323216	1.9110332233042118	0.0683807595071647	0.7717007105377383	0.09966611206624104	97.52944179995627	103.73709800969287	0.0025260998282832115	1.0000952769032474
2.0703366299323216	1.9110332233042118	0.0683807595071647	0.7717007105377383	0.09966611206624104	97.52944179995627	103.73709800969287	0.0025257366897716727	1.0000952769032474
2.0703366299323216	1.9110332233042118	0.0683807595071647	0.7717007105377383	0.09966611206624104	97.52944179995627	103.73709800969287	0.0025257366897716727	1.0000952769032474
2.0703366299323216	1.9110332233042118	0.0683807595071647	0.7717015369491669	0.09966611206624104	97.52944179995627	103.73709800969287	0.0025257366897716727	1.0000952769032474
2.0703366299323216	1.9110332233042118	0.0683807595071647	0.7717015369491669	0.09966611206624104	97.52944179995627	103.88420152671569	0.0025257366897716727	1.0000952769032474
2.0703366299323216	1.9110332233042118	0.0683807595071647	0.7717015369491669	0.09966611206624104	97.52944179995627	103.88420152671569	0.0025257366897716727	1.0000952769032474
2.0703366299323216	1.9110332233042118	0.0683807595071647	0.7717015369491669	0.09966611206624104	97.52944179995627	103.88420152671569	0.002525697652847475	1.0000952769032474
2.0703366299323216	1.9110332233042118	0.0683807595071647	0.7717015369491669	0.09966611206624104	97.52944179995627	103.88420152671569	0.002525697652847475	1.0000952769032474
2.0703366299323216	1.9110332233042118	0.0683807595071647	0.7717015369491669	0.09966611206624104	97.52944179995627	103.88420152671569	0.002525697652847475	1.0000952769032474
2.0703366299323216	1.9110332233042118	0.0683807595071647	0.7717015369491669	0.09966611206624104	97.52944179995627	103.88420152671569	0.002525164289066851	1.0000952769032474
2.0703366299323216	1.9110332233042118	0.0683807595071647	0.7716925859375134	0.09966611206624104	97.52944179995627	103.88420152671569	0.002525164289066851	1.0000952769032474
2.0703366299323216	1.9110332233042118	0.0683807595071647	0.7716925859375134	0.09966611206624104	97.52944179995627	103.88420152671569	0.002525164289066851	1.0000952769032474
2.0703366299323216	1.9110332233042118	0.0683807595071647	0.7716925859375134	0.09966611206624104	97.52944179995627	103.88420152671569	0.0025251145087501078	1.0000952769032474
2.0703366299323216	1.9110332233042118	0.0683807595071647	0.7716925859375134	0.09966611206624104	97.52944179995627	103.88420152671569	0.0025251145087501078	1.0000952769032474
2.0703366299323216	1.9110332233042118	0.0683807595071647	0.7716925859375134	0.09966611206624104	97.52944179995627	103.88341724012221	0.0025251145087501078	1.0000952769032474
2.0703366299323216	1.9110332233042118	0.0683807595071647	0.7716925859375134	0.09966611206624104	97.52944179995627	103.88341724012221	0.002525072498050147	1.0000952769032474
2.0703366299323216	1.9110323198424901	0.0683807595071647	0.7716925859375134	0.09966611206624104	97.52944179995627	103.88341724012221	0.002525072498050147	1.0000952769032474
2.0703366299323216	1.9110323198424901	0.0683807595071647	0.7716925859375134	0.09966611206624104	97.52944179995627	103.88341724012221	0.002525072498050147	1.0000952769032474
2.0703366299323216	1.9110323198424901	0.0683807595071647	0.7716925859375134	0.09966611206624104	97.52944179995627	103.88341724012221	0.002525072498050147	1.0000874763187368
2.0703366299323216	1.9110323198424901	0.0683807595071647	0.7716925859375134	0.09966611206624104	97.52944179995627	103.88341724012221	0.002459602153877444	1.0000874763187368
2.0703366299323216	1.9110323198424901	0.0683807595071647	0.7716925859375134	0.09966611206624104	97.52944179995627	103.88341724012221	0.0024587116444939575	1.0000874763187368
2.0703366299323216	1.9110323198424901	0.0683807595071647	0.7716925859375134	0.09966611206624104	97.52944179995627	103.88341724012221	0.0024587116444939575	1.0000874763187368
2.0703366299323216	1.9110655837543735	0.0683807595071647	0.7716925859375134	0.09966611206624104	97.52944179995627	103.88341724012221	0.0024587116444939575	1.0000874763187368
2.0703366299323216	1.9110655837543735	0.0683807595071647	0.7716925859375134	0.09966611206624104	97.52944179995627	103.88341724012221	0.0024495047142590763	1.0000874763187368
2.0703366299323216	1.9110655837543735	0.0683807595071647	0.7716925859375134	0.09966611206624104	97.52944179995627	103.88341724012221	0.0024495047142590763	1.0000874763187368
2.070334931181873	1.9110655837543735	0.0683807595071647	0.7716925859375134	0.09966611206624104	97.52944179995627	103.88341724012221	0.0024495047142590763	1.0000874763187368
2.070334931181873	1.9110655837543735	0.0683807595071647	0.7716925859375134	0.1000053919888659	97.52944179995627	103.88341724012221	0.0024495047142590763	1.0000874763187368
2.070334931181873	1.9110655837543735	0.0683807595071647	0.7716925859375134	0.1000053919888659	97.52944179995627	103.88341724012221	0.0024495047142590763	1.0000874763187368
2.070334931181873	1.9100569379674481	0.0683807595071647	0.7716925859375134	0.1000053919888659	97.52944179995627	103.88341724012221	0.0024495047142590763	1.0000874763187368
2.070334931181873	1.9100569379674481	0.0683807595071647	0.7716925859375134	0.1000053919888659	97.52944179995627	103.88341724012221	0.0024495047142590763	1.0000874817368
2.070334931181873	1.9100569379674481	0.0683807595071647	0.7716925859375134	0.1000053919888659	97.52944179995627	103.88341724012221	0.0024495047142590763	1.0000874817368
2.070334569851787	1.9100569379674481	0.0683807595071647	0.7716925859375134	0.1000053919888659	97.52944179995627	103.88341724012221	0.0024495047142590763	1.0000874817368
2.070334569851787	1.9100538476795985	0.0683807595071647	0.7716925859375134	0.1000053919888659	97.52944179995627	103.88341724012221	0.0024495047142590763	1.0000874817368
2.070334569851787	1.9100538476795985	0.0683807595071647	0.7716963640865158	0.1000053919888659	97.52944179995627	103.88341724012221	0.0024495047142590763	1.0000874817368
2.070334569851787	1.9100538476795985	0.0683807595071647	0.7716963640865158	0.1000053919888659	97.52944179995627	103.88341724012221	0.0024495047142590763	1.0000874817368
2.070334569851787	1.9100538476795985	0.0683807595071647	0.7716963640865158	0.1000053919888659	97.52944179995627	103.88341724012221	0.0024495047142590763	1.0000874817368
2.070334569851787	1.9100538476795985	0.0683807595071647	0.7716963640865158	0.1000053919888659	97.52940629921788	103.88341724012221	0.0024495047142590763	1.0000874817368
2.070334569851787	1.9100538476795985	0.06838410932424724	0.7716963640865158	0.1000053919888659	97.52940629921788	103.88341724012221	0.0024495047142590763	1.0000874817368
2.070334569851787	1.9100538476795985	0.06838410932424724	0.7716695629414974	0.1000053919888659	97.52940629921788	103.88341724012221	0.0024495047142590763	1.0000874817368
2.070334569851787	1.9100538476795985	0.06838410932424724	0.7716695629414974	0.1000053919888659	97.52940629921788	103.88341724012221	0.0025607044741779504	1.0000874817368
2.070334569851787	1.9100538476795985	0.06838410932424724	0.7716695629414974	0.1000053919888659	97.52940629921788	105.22177589169397	0.0025607044741779504	1.0000874817368
2.070334569851787	1.9100538476795985	0.06838410932424724	0.7716695629414974	0.1000053919888659	97.52940629921788	105.22177589169397	0.0025607044741779504	1.0000874817368
2.070334569851787	1.9100538476795985	0.06838410932424724	0.7716695629414974	0.1000053919888659	97.52940629921788	105.22177589169397	0.0025607044741779504	1.0000874817368
2.0703093625815616	1.9100538476795985	0.06838410932424724	0.7716695629414974	0.1000053919888659	97.52940629921788	105.22177589169397	0.0025607044741779504	1.0000874817368
2.0703093625815616	1.9100538476795985	0.06838410932424724	0.7716695629414974	0.1000053919888659	97.52940629921788	105.22177589169397	0.0025607044741779504	1.0000874817368
2.0703093625815616	1.9100538476795985	0.06838410932424724	0.7716695629414974	0.1000053919888659	97.52940629921788	105.32831262668493	0.0025607044741779504	1.0000874817368
2.0703093625815616	1.9105672174941823	0.06838410932424724	0.7716695629414974	0.1000053919888659	97.52940629921788	105.32831262668493	0.0025607044741779504	1.0000874817368
2.0703093625815616	1.9105672174941823	0.06838410932424724	0.7716695629414974	0.1000053919888659	97.52940629921788	105.32831262668493	0.0025607044741779504	1.0000874817368
2.0703093625815616	1.9105673814368662	0.06838410932424724	0.7716695629414974	0.1000053919888659	97.52940629921788	105.32831262668493	0.0025607044741779504	1.0000874817368
2.0703093625815616	1.9105673814368662	0.06838410932424724	0.7716695629414974	0.1000053919888659	97.52940629921788	105.32831262668493	0.0025607044741779504	1.0000874817368
2.0703093497959153	1.9105673814368662	0.06838410932424724	0.7716695629414974	0.1000053919888659	97.52940629921788	105.32831262668493	0.0025607044741779504	1.0000874817368
2.0703093497959153	1.9105673814368662	0.06838410932424724	0.7716695629414974	0.1000053919888659	97.52940629921788	105.32831262668493	0.0026165815110811797	1.0000874817368
2.0703093497959153	1.9105673814368662	0.06838410932424724	0.7716695629414974	0.1000053919888659	97.52940629921788	105.32831262668493	0.0026165815110811797	1.0000874817368
2.070307244349208	1.9105673814368662	0.06838410932424724	0.7716695629414974	0.1000053919888659	97.52940629921788	105.32831262668493	0.0026165815110811797	1.0000874817368
2.070307244349208	1.9105673814368662	0.06838410932424724	0.7716695629414974	0.1000053919888659	97.52940629921788	105.32831262668493	0.0026165815110811797	1.0000874817368
2.070307244349208	1.9105673814368662	0.06838410932424724	0.7716695629414974	0.1000053919888659	97.52940629921788	105.32831262668493	0.0026165815110811797	1.0000874817368
2.070307244349208	1.9105673814368662	0.06838410932424724	0.7716695629414974	0.1000053919888659	97.52940629921788	105.32831262668493	0.0026165815110811797	1.0000874817368
2.070307244349208	1.9105673814368662	0.06838410932424724	0.7716695629414974	0.1000053919888659	97.52940629921788	105.32831262668493	0.0026165815110811797	1.0000874817368
2.07030784371097	1.9105673814368662	0.06838410932424724	0.7716695629414974	0.1000053919888659	97.52940629921788	105.32831262668493	0.0026165815110811797	1.0000874817368
2.07030784371097	1.9105673814368662	0.06838410932424724	0.7716695629414974	0.1000053919888659	97.5294788442945	105.32831262668493	0.0026165815110811797	1.0000874817368
2.07030784371097	1.9105673814368662	0.06838410932424724	0.7716695629414974	0.1000053919888659	97.5294788442945	105.32831262668493	0.0026165815110811797	1.0000874817368
2.07030784371097	1.9105673814368662	0.06838410932424724	0.7716695629414974	0.1000053919888659	97.5294788442945	105.32831262668493	0.0026165815110811797	1.0000874817368
2.07030784371097	1.9105673814368662	0.06838410932424724	0.7716695629414974	0.1000053919888659	97.52154958236818	105.32831262668493	0.0026165815110811797	1.0000874817368
2.07030784371097	1.9105673814368662	0.06838410932424724	0.7716695629414974	0.0997692394653693	97.52154958236818	105.32831262668493	0.0026165815110811797	1.0000874817368
2.07030784371097	1.9105673814368662	0.06838410932424724	0.7716695629414974	0.0997692394653693	97.52154958236818	105.32831262668493	0.0026165815110811797	1.0000874817368
2.07030784371097	1.9105673814368662	0.06838410932424724	0.7716695629414974	0.0997692394653693	97.52154958236818	105.32831262668493	0.0026165815110811797	1.0000874817368
2.07030784371097	1.9105673814368662	0.06838410932424724	0.7716695629414974	0.0997692394653693	97.52154958236818	105.32831262668493	0.0026165815110811797	1.0000874817368
2.07030784371097	1.9105673814368662	0.06838410932424724	0.7716695629414974	0.0997692394653693	97.52154958236818	105.32831262668493	0.0026165815110811797	1.0000874817368
2.07030784371097	1.9105630581352262	0.06838410932424724	0.7716695629414974	0.0997692394653693	97.52154958236818	105.32831262668493	0.0026165815110811797	1.0000874817368
2.07030784371097	1.9105630581352262	0.06838410932424724	0.7716695629414974	0.0997692394653693	97.52154958236818	105.32831262668493	0.0026165815110811797	1.0000874817368
2.07030784371097	1.9106679600683307	0.06838410932424724	0.7716695629414974	0.0997692394653693	97.52154958236818	105.32831262668493	0.0026165815110811797	1.0000874817368
2.07030784371097	1.9106679600683307	0.06838410932424724	0.7716695629414974	0.0997692394653693	97.52136210037595	105.32831262668493	0.0026165815110811797	1.0000874817368
2.07030784371097	1.9106679600683307	0.06838410932424724	0.7716695629414974	0.0997692394653693	97.52136210037595	105.32831262668493	0.0026165815110811797	1.0000874609817338
2.07030784371097	1.9106679600683307	0.06838410932424724	0.7716695629414974	0.0997692394653693	97.52136210037595	105.32831262668493	0.0026165815110811797	1.0000874609817338
2.07030784371097	1.9112245528757232	0.06838410932424724	0.7716695629414974	0.0997692394653693	97.52136210037595	105.32831262668493	0.0026165815110811797	1.0000874609817338
2.07030784371097	1.9112245528757232	0.06838410932424724	0.7716695629414974	0.0997692394653693	97.52136210037595	105.32831262668493	0.0026165815110811797	1.0000948777058958
2.070351153476242	1.9112245528757232	0.06838410932424724	0.7716695629414974	0.0997692394653693	97.52136210037595	105.32831262668493	0.0026165815110811797	1.0000948777058958
2.070351153476242	1.9112245528757232	0.06838410932424724	0.7716695629414974	0.09977021514107655	97.52136210037595	105.32831262668493	0.0026165815110811797	1.0000948777058958
2.070351153476242	1.9112623447556698	0.06838410932424724	0.7716695629414974	0.09977021514107655	97.52136210037595	105.32831262668493	0.0026165815110811797	1.0000948777058958
2.070351153476242	1.9112623447556698	0.068352268610205	0.7716695629414974	0.09977021514107655	97.52136210037595	105.32831262668493	0.0026165815110811797	1.0000948777058958
2.070351153476242	1.9112623447556698	0.06835414640331665	0.7716695629414974	0.09977021514107655	97.52136210037595	105.32831262668493	0.0026165815110811797	1.0000948777058958
2.0703572209326073	1.9112623447556698	0.06835414640331665	0.7716695629414974	0.09977021514107655	97.52136210037595	105.32831262668493	0.0026165815110811797	1.0000948777058958
2.0703572209326073	1.9112623447556698	0.06835414640331665	0.7716695629414974	0.09977021514107655	97.52136210037595	105.32831262668493	0.0026168304179267263	1.0000948777058958
2.0703218658579217	1.9112623447556698	0.06835414640331665	0.7716695629414974	0.09977021514107655	97.52136210037595	105.32831262668493	0.0026168304179267263	1.0000948777058958
2.0703218658579217	1.9112623447556698	0.06835414640331665	0.7716695629414974	0.09977021514107655	97.52136210037595	105.32831262668493	0.0026168304179267263	1.0000948777058958
2.0703218658579217	1.9112623447556698	0.06835414640331665	0.7716695629414974	0.09977021514107655	97.52136210037595	105.32831262668493	0.0026168304179267263	1.0000948777058958
2.0703218658579217	1.9112623447556698	0.06835414640331665	0.7716695629414974	0.09977021514107655	97.52527127632943	105.32831262668493	0.0026168304179267263	1.0000948777058958
2.0703218658579217	1.9112623447556698	0.06835414640331665	0.7716695629414974	0.09977021514107655	97.52527127632943	105.32831262668493	0.0026168304179267263	1.0000948777058958
2.0703218658579217	1.9112623447556698	0.06835414640331665	0.7716695629414974	0.09977021514107655	97.52527127632943	105.32831262668493	0.0026168304179267263	1.0000948777058958
2.0703218658579217	1.9112623447556698	0.06835414640331665	0.7716695629414974	0.09977021514107655	97.52527127632943	105.32831262668493	0.0026168304179267263	1.0000948777058958
2.0703218658579217	1.9112623447556698	0.06835414640331665	0.7716695629414974	0.09977021514107655	97.52527127632943	105.32831262668493	0.0026168304179267263	1.0000948777058958
2.0703218658579217	1.9112623447556698	0.06835414640331665	0.7716695629414974	0.09977021514107655	97.52534266731054	105.32831262668493	0.0026168304179267263	1.0000948777058958
2.0703218658579217	1.9112623447556698	0.06835414640331665	0.7716695629414974	0.09977021514107655	97.52534266731054	105.19223502271151	0.0026168304179267263	1.0000948777058958
2.0703218658579217	1.9112623447556698	0.06835414640331665	0.7716719206136876	0.09977021514107655	97.52534266731054	105.19223502271151	0.0026168304179267263	1.0000948777058958
2.0703218658579217	1.9112623447556698	0.06835414640331665	0.7716719206136876	0.09977021514107655	97.52534266731054	105.19223502271151	0.0026168304179267263	1.0000948777058958
2.07043062876431	1.9112623447556698	0.06835414640331665	0.7716719206136876	0.09977021514107655	97.52534266731054	105.19223502271151	0.0026168304179267263	1.0000948777058958
2.07043062876431	1.9112623447556698	0.06835414640331665	0.7716719206136876	0.09977021514107655	97.52534266731054	105.19223502271151	0.0026168304179267263	1.0000948777058958
2.0698899982132826	1.9112623447556698	0.06835414640331665	0.7716719206136876	0.09977021514107655	97.52534266731054	105.19223502271151	0.0026168304179267263	1.0000948777058958
2.0698899982132826	1.9112623447556698	0.06835414640331665	0.7716719206136876	0.09977021514107655	97.52534266731054	105.19223502271151	0.0026168304179267263	1.0000948777058958
2.0698899982132826	1.9112623447556698	0.06835414640331665	0.7716719206136876	0.09977021514107655	97.52534266731054	105.19223502271151	0.0026168304179267263	1.0000948777058958
2.0698899982132826	1.9112623447556698	0.06835414640331665	0.7716719206136876	0.09977021514107655	97.52534266731054	105.19223502271151	0.0026168304179267263	1.0000948777058958
2.0698899982132826	1.9112623447556698	0.06835414640331665	0.7716719206136876	0.09977021514107655	97.52534266731054	105.19250149326588	0.0026168304179267263	1.0000948777058958
2.0698899982132826	1.9112623447556698	0.06835414640331665	0.7716719206136876	0.09977021514107655	97.52534266731054	105.19250149326588	0.0026168304179267263	1.0000948777058958
2.0698899982132826	1.9112623447556698	0.06835414640331665	0.7716719206136876	0.09977021514107655	97.52534266731054	106.5986622793664	0.0026168304179267263	1.0000948777058958
2.0698899982132826	1.9112623447556698	0.06835414640331665	0.7716705018042294	0.09977021514107655	97.52534266731054	106.5986622793664	0.0026168304179267263	1.0000948777058958
2.0698899982132826	1.9112623447556698	0.06835414640331665	0.7716705018042294	0.09977021514107655	97.52534266731054	106.5986622793664	0.0026168304179267263	1.0000948777058958
2.0698899982132826	1.9112623447556698	0.06835414640331665	0.7716705018042294	0.09977044690669024	97.52534266731054	106.5986622793664	0.0026168304179267263	1.0000948777058958
2.0698899982132826	1.9112623447556698	0.06835414640331665	0.7716705018042294	0.09977044690669024	97.52534266731054	106.5986622793664	0.0026168304179267263	1.0000948777058958
2.0698899982132826	1.9112623447556698	0.06835414640331665	0.7716705018042294	0.09977044690669024	97.52534266731054	106.59874847497385	0.0026168304179267263	1.0000948777058958
2.0698899982132826	1.9112623447556698	0.06835414640331665	0.7716705018042294	0.09977044690669024	97.52534266731054	106.59874847497385	0.0026168304179267263	1.0000948777058958
2.0698899982132826	1.9112623447556698	0.06835414640331665	0.7716705018042294	0.09977044690669024	97.52534266731054	106.59874847497385	0.0026103729244835254	1.0000948777058958
2.0698899982132826	1.9112623447556698	0.06835414640331665	0.7716705018042294	0.09977044690669024	97.52534266731054	106.59874847497385	0.0026103729244835254	1.000094969730394
2.0698899982132826	1.9112623447556698	0.06835414640331665	0.7716705018042294	0.09977044690669024	97.52534266731054	106.59874847497385	0.0026103729244835254	1.0001017887587682
2.0698899982132826	1.9112623447556698	0.06835414640331665	0.7716705018042294	0.09977044690669024	97.52534266731054	106.59874847497385	0.0026103729244835254	1.0001017887587682
2.0698899982132826	1.9112623447556698	0.06835536573699476	0.7716705018042294	0.09977044690669024	97.52534266731054	106.59874847497385	0.0026103729244835254	1.0001017887587682
2.0698899982132826	1.9112623447556698	0.06835536573699476	0.7716705018042294	0.09977044690669024	97.52534266731054	106.59874847497385	0.0026103729244835254	1.0001017887587682
2.0698899982132826	1.9112623447556698	0.06835536573699476	0.7716705018042294	0.09977044690669024	97.52534266731054	106.59874847497385	0.0025627445398212502	1.0001017887587682
2.0698899982132826	1.9112623447556698	0.06835536573699476	0.7716705018042294	0.09977044690669024	97.52534266731054	106.61452782527516	0.0025627445398212502	1.0001017887587682
2.0698899982132826	1.9112623447556698	0.06835536573699476	0.7716705018042294	0.09977044690669024	97.52534266731054	106.61452782527516	0.0025627445398212502	1.0001017887587682
2.0698899982132826	1.9112623447556698	0.06835536573699476	0.7716705018042294	0.09976739116379411	97.52534266731054	106.61452782527516	0.0025627445398212502	1.0001017887587682
2.0698899982132826	1.9112623447556698	0.06835536573699476	0.7716705018042294	0.09976739116379411	97.52534266731054	106.61452782527516	0.0025627614017625848	1.0001017887587682
2.0698899982132826	1.9112623447556698	0.06835536573699476	0.7717020907137576	0.09976739116379411	97.52534266731054	106.61452782527516	0.0025627614017625848	1.0001017887587682
2.0698899982132826	1.9112623447556698	0.06835536573699476	0.7717020907137576	0.09976739116379411	97.52534266731054	106.61452782527516	0.0025627614017625848	1.0001017887587682
2.0698899982132826	1.9112623447556698	0.06835536573699476	0.7717020907137576	0.09976739116379411	97.52534266731054	106.61452782527516	0.0025627614017625848	1.0001017887587682
2.0698899982132826	1.9112623447556698	0.06835536573699476	0.7717020907137576	0.09976739116379411	97.52534266731054	106.61452782527516	0.0025627614017625848	1.0001017887587682
2.0698899982132826	1.9112623447556698	0.06835536573699476	0.7717020907137576	0.09976739116379411	97.52534266731054	106.61452782527516	0.002582859042022192	1.0001017887587682
2.0698899982132826	1.9112623447556698	0.06835536573699476	0.7717020907137576	0.09976739116379411	97.52534266731054	106.61452782527516	0.002582859042022192	1.0001017887587682
2.0698899982132826	1.9112623447556698	0.06835536573699476	0.7717020907137576	0.09976739116379411	97.53015487842917	106.61452782527516	0.002582859042022192	1.0001017887587682
2.0698899982132826	1.9112623447556698	0.06835536573699476	0.7717020907137576	0.09976739116379411	97.53015487842917	106.61452782527516	0.002584132310310025	1.0001017887587682
2.0698899982132826	1.9112623447556698	0.06835536573699476	0.7717020907137576	0.09976739116379411	97.53015487842917	106.61452782527516	0.002584132310310025	1.0001017887587682
2.0698899982132826	1.9112623447556698	0.06835536573699476	0.7717020907137576	0.09976739116379411	97.53015487842917	106.61452782527516	0.002584132310310025	1.0001017887587682
2.0698899982132826	1.9112624294079967	0.06835536573699476	0.7717020907137576	0.09976739116379411	97.53015487842917	106.61452782527516	0.002584132310310025	1.0001017887587682
2.0698899982132826	1.9112624294079967	0.06835536573699476	0.7717020907137576	0.09976739116379411	97.53015487842917	106.61452782527516	0.002584132310310025	1.0001017887587682
2.0698899982132826	1.9112624294079967	0.06835536573699476	0.7717020907137576	0.09976739116379411	97.53050450664972	106.61452782527516	0.002584132310310025	1.0001017887587682
2.0698899982132826	1.9112624294079967	0.06835536573699476	0.7717020907137576	0.09976739116379411	97.53050450664972	106.64132449533811	0.002584132310310025	1.0001017887587682
2.0698899982132826	1.9110800218921338	0.06835536573699476	0.7717020907137576	0.09976739116379411	97.53050450664972	106.64132449533811	0.002584132310310025	1.0001017887587682
2.0698899982132826	1.9110800218921338	0.06835536573699476	0.7717020907137576	0.09976739116379411	97.53050450664972	106.64132449533811	0.002584132310310025	1.0001017887587682
2.0698899982132826	1.9110800218921338	0.06835536573699476	0.7717020907137576	0.09976739116379411	97.53050450664972	106.64132449533811	0.002584132310310025	1.0001017887587682
2.069890739238445	1.9110800218921338	0.06835536573699476	0.7717020907137576	0.09976739116379411	97.53050450664972	106.64132449533811	0.002584132310310025	1.0001017887587682
2.0699035859160317	1.9110800218921338	0.06835536573699476	0.7717020907137576	0.09976739116379411	97.53050450664972	106.64132449533811	0.002584132310310025	1.0001017887587682
2.0699035859160317	1.9110800218921338	0.06835536573699476	0.7717020907137576	0.09976739116379411	97.53050450664972	106.64132449533811	0.002584132310310025	1.0001017887587682
2.0699035859160317	1.9110800218921338	0.06835536573699476	0.7717020907137576	0.09976739116379411	97.53050450664972	106.64132449533811	0.002584132310310025	1.0001017887587682
2.0699035859160317	1.9110800218921338	0.06842806555961892	0.7717020907137576	0.09976739116379411	97.53050450664972	106.64132449533811	0.002584132310310025	1.0001017887587682
2.0699035859160317	1.9110802129178759	0.06842806555961892	0.7717020907137576	0.09976739116379411	97.53050450664972	106.64132449533811	0.002584132310310025	1.0001017887587682
2.0699035859160317	1.9110802129178759	0.06842806555961892	0.7717020907137576	0.09976739116379411	97.53052674721278	106.64132449533811	0.002584132310310025	1.0001017887587682
2.0699035859160317	1.9110802129178759	0.06842806555961892	0.7717020907137576	0.09976739116379411	97.53052674721278	106.64132449533811	0.002584132310310025	1.0000975888168386
2.0699035859160317	1.9110802129178759	0.06842806555961892	0.7717020907137576	0.09976739116379411	97.53052674721278	106.64132449533811	0.002584132310310025	1.0000975888168386
2.0698324265635453	1.9110802129178759	0.06842806555961892	0.7717020907137576	0.09976739116379411	97.53052674721278	106.64132449533811	0.002584132310310025	1.0000975888168386
2.0698324265635453	1.9110802129178759	0.06841774265738125	0.7717020907137576	0.09976739116379411	97.53052674721278	106.64132449533811	0.002584132310310025	1.0000975888168386
2.0698324265635453	1.9110802129178759	0.06841774265738125	0.7717020907137576	0.09976739116379411	97.53052674721278	106.64132449533811	0.002584132310310025	1.0000975888168386
2.074927607804375	1.9110802129178759	0.06841774265738125	0.7717020907137576	0.09976739116379411	97.53052674721278	106.64132449533811	0.002584132310310025	1.0000975888168386
2.074927607804375	1.9110802129178759	0.06841774265738125	0.7717020907137576	0.09976739116379411	97.53052674721278	106.64132449533811	0.002584132310310025	1.0000975888168386
2.074927607804375	1.9110851747220599	0.06841774265738125	0.7717020907137576	0.09976739116379411	97.53052674721278	106.64132449533811	0.002584132310310025	1.0000975888168386
2.074927607804375	1.9110851747220599	0.06841774265738125	0.7717020907137576	0.09976739116379411	97.53052674721278	106.64132449533811	0.002584132310310025	1.0000975888168386
2.074927607804375	1.9110851747220599	0.06841774265738125	0.7717020907137576	0.09976739116379411	97.53052674721278	106.64132449533811	0.002584132310310025	1.0000975888168386
2.074927607804375	1.9110851747220599	0.06841774265738125	0.7717020907137576	0.09976739116379411	97.53052674721278	106.64132449533811	0.002584132310310025	1.0000975888168386
2.074927607804375	1.9110851747220599	0.06841774265738125	0.7717020907137576	0.09976739116379411	97.53052674721278	106.64132449533811	0.002584132310310025	1.0000975888168386
2.074927607804375	1.9110851747220599	0.06841774265738125	0.7717020907137576	0.09994987080201508	97.53052674721278	106.64132449533811	0.002584132310310025	1.0000975888168386
2.074927607804375	1.9110851747220599	0.06841774265738125	0.7717020907137576	0.09994987080201508	97.53052674721278	106.64132449533811	0.0025564236031577173	1.0000975888168386
2.074927607804375	1.9110851747220599	0.06841774265738125	0.7717020907137576	0.09994987080201508	97.53054634209792	106.64132449533811	0.0025564236031577173	1.0000975888168386
2.074927607804375	1.9110851747220599	0.06841774265738125	0.7717020907137576	0.09994987080201508	97.53054634209792	106.64132449533811	0.0025564236031577173	1.0000975888168386
2.074927607804375	1.9110851747220599	0.06841774265738125	0.7717020907137576	0.09994987080201508	97.53054634209792	106.64132449533811	0.0025564236031577173	1.0000975888168386
2.0749255934171273	1.9110851747220599	0.06841774265738125	0.7717020907137576	0.09994987080201508	97.53054634209792	106.64132449533811	0.0025564236031577173	1.0000975888168386
2.0749255934171273	1.9110851747220599	0.06843648491305913	0.7717020907137576	0.09994987080201508	97.53054634209792	106.64132449533811	0.0025564236031577173	1.0000975888168386
2.0749255934171273	1.9129007625957213	0.06843648491305913	0.7717020907137576	0.09994987080201508	97.53054634209792	106.64132449533811	0.0025564236031577173	1.0000975888168386
2.074944167333868	1.9129007625957213	0.06843648491305913	0.7717020907137576	0.09994987080201508	97.53054634209792	106.64132449533811	0.0025564236031577173	1.0000975888168386
2.074944167333868	1.9129007625957213	0.06843648491305913	0.7717020907137576	0.09994987080201508	97.53054634209792	106.64132449533811	0.0025564236031577173	1.0000975888168386
2.074944167333868	1.9129007625957213	0.06843648491305913	0.7717020907137576	0.09994641726549058	97.53054634209792	106.64132449533811	0.0025564236031577173	1.0000975888168386
2.074944167333868	1.9129007625957213	0.06844066369731429	0.7717020907137576	0.09994641726549058	97.53054634209792	106.64132449533811	0.0025564236031577173	1.0000975888168386
2.074944167333868	1.9129007625957213	0.06844066369731429	0.7717020907137576	0.09994641726549058	97.53054634209792	106.64132449533811	0.0025564236031577173	1.000097911299443
2.074944167333868	1.9129007625957213	0.06844066369731429	0.7717020907137576	0.09994641726549058	97.53054634209792	106.64132449533811	0.0025564236031577173	1.000097911299443
2.074944167333868	1.9129007625957213	0.06844066369731429	0.7717020907137576	0.09994641726549058	97.53054634209792	106.64132449533811	0.0025564236031577173	1.000097911299443
2.074944167333868	1.9129007625957213	0.06843446683852723	0.7717020907137576	0.09994641726549058	97.53054634209792	106.64132449533811	0.0025564236031577173	1.000097911299443
2.074944167333868	1.9129007625957213	0.06844611115089755	0.7717020907137576	0.09994641726549058	97.53054634209792	106.64132449533811	0.0025564236031577173	1.000097911299443
2.074944167333868	1.912942017947507	0.06844611115089755	0.7717020907137576	0.09994641726549058	97.53054634209792	106.64132449533811	0.0025564236031577173	1.000097911299443
2.074944167333868	1.912942017947507	0.06844611115089755	0.7717020907137576	0.09994641726549058	97.53054634209792	106.64132449533811	0.0025564236031577173	1.000097911299443
2.074944167333868	1.912942017947507	0.06844611115089755	0.7717020907137576	0.09994641726549058	97.53331605757737	106.64132449533811	0.0025564236031577173	1.000097911299443
2.0749318532029495	1.912942017947507	0.06844611115089755	0.7717020907137576	0.09994641726549058	97.53331605757737	106.64132449533811	0.0025564236031577173	1.000097911299443
2.0749318532029495	1.912942017947507	0.06844611115089755	0.7717020907137576	0.09994641726549058	97.53331605757737	106.64114422255108	0.0025564236031577173	1.000097911299443
2.0749318532029495	1.912942017947507	0.06844611115089755	0.7717020907137576	0.09994641726549058	97.53331605757737	106.64114422255108	0.0025564236031577173	1.000097911299443
2.0749318532029495	1.912942017947507	0.06844611115089755	0.7717020907137576	0.09994641726549058	97.53331605757737	106.64114422255108	0.0025564236031577173	1.0000978354835621
2.0749318532029495	1.912942017947507	0.06844611115089755	0.7717020907137576	0.09994641726549058	97.53331605757737	106.64114422255108	0.0025564236031577173	1.0000978354835621
2.0749318532029495	1.912942017947507	0.06844611115089755	0.7717020907137576	0.09994641726549058	97.53331605757737	106.64114422255108	0.0025564236031577173	1.0000978354835621
2.0749318532029495	1.912942017947507	0.06844611115089755	0.7717020907137576	0.09994641726549058	97.53331605757737	107.02572532089631	0.0025564236031577173	1.0000978354835621
2.0749318532029495	1.912942017947507	0.06844611115089755	0.7716850169167156	0.09994641726549058	97.53331605757737	107.02572532089631	0.0025564236031577173	1.0000978354835621
2.0749318532029495	1.912942017947507	0.06844611115089755	0.7716850169167156	0.09994641726549058	97.53331605757737	107.02572532089631	0.0025564236031577173	1.0000978354835621
2.0749318532029495	1.912942017947507	0.06844611115089755	0.7716957000280212	0.09994641726549058	97.53331605757737	107.02572532089631	0.0025564236031577173	1.0000978354835621
2.0749318532029495	1.912941796972628	0.06844611115089755	0.7716957000280212	0.09994641726549058	97.53331605757737	107.02572532089631	0.0025564236031577173	1.0000978354835621
2.0749318532029495	1.912941796972628	0.06844611115089755	0.7716957000280212	0.09994641726549058	97.53331605757737	107.02572532089631	0.0025564236031577173	1.0000978354835621
2.0749318532029495	1.912941796972628	0.06844611115089755	0.7716957000280212	0.09994641726549058	97.53331605757737	107.02572532089631	0.0025564236031577173	1.0000978354835621
2.0749318532029495	1.912941796972628	0.06844611115089755	0.7716957000280212	0.09994641726549058	97.53331605757737	107.02572532089631	0.0025564236031577173	1.0000978354835621
2.0749318532029495	1.912941796972628	0.06844611115089755	0.7716957000280212	0.09994641726549058	97.53331605757737	107.02572532089631	0.0025564236031577173	1.0000978354835621
2.0749318532029495	1.9129405835178988	0.06844611115089755	0.7716957000280212	0.09994641726549058	97.53331605757737	107.02572532089631	0.0025564236031577173	1.0000978354835621
2.07492745104438	1.9129405835178988	0.06844611115089755	0.7716957000280212	0.09994641726549058	97.53331605757737	107.02572532089631	0.0025564236031577173	1.0000978354835621
2.07492745104438	1.9129405835178988	0.06844593284639953	0.7716957000280212	0.09994641726549058	97.53331605757737	107.02572532089631	0.0025564236031577173	1.0000978354835621
2.07492745104438	1.9129405835178988	0.06844593284639953	0.7716957000280212	0.09994641726549058	97.53331605757737	107.3063295305665	0.0025564236031577173	1.0000978354835621
2.074993887420599	1.9129405835178988	0.06844593284639953	0.7716957000280212	0.09994641726549058	97.53331605757737	107.3063295305665	0.0025564236031577173	1.0000978354835621
2.074993887420599	1.9129405835178988	0.06844593284639953	0.7716957000280212	0.09994641726549058	97.53331605757737	107.3063295305665	0.0026910023515752473	1.0000978354835621
2.074993887420599	1.9129405835178988	0.06844593284639953	0.7716957000280212	0.09994641726549058	97.53331605757737	107.3063295305665	0.0026910023515752473	1.0000978354835621
2.074860174673717	1.9129405835178988	0.06844593284639953	0.7716957000280212	0.09994641726549058	97.53331605757737	107.3063295305665	0.0026910023515752473	1.0000978354835621
2.074860174673717	1.9129405835178988	0.06844593284639953	0.7716957000280212	0.09994641726549058	97.53331605757737	107.3063295305665	0.0026916219405191863	1.0000978354835621
2.074860174673717	1.9129405835178988	0.06844593284639953	0.7716957000280212	0.09994641726549058	97.53331605757737	107.3063295305665	0.0026916219405191863	1.0000978354835621
2.074860174673717	1.9129405835178988	0.06844593284639953	0.7716957000280212	0.09994641726549058	97.53331605757737	107.3063295305665	0.0026916219405191863	1.0000978354835621
2.074860174673717	1.9129405835178988	0.06844593284639953	0.7716957000280212	0.09994771595626847	97.53331605757737	107.3063295305665	0.0026916219405191863	1.0000978354835621
2.074860174673717	1.9119737333077302	0.06844593284639953	0.7716957000280212	0.09994771595626847	97.53331605757737	107.3063295305665	0.0026916219405191863	1.0000978354835621
2.0748580834598083	1.9119737333077302	0.06844593284639953	0.7716957000280212	0.09994771595626847	97.53331605757737	107.3063295305665	0.0026916219405191863	1.0000978354835621
2.0748580834598083	1.9119737333077302	0.06844593284639953	0.7716957000280212	0.09994771595626847	97.53331605757737	107.3063295305665	0.002720704242137192	1.0000978354835621
2.0748580834598083	1.9119737333077302	0.06844593284639953	0.7716957000280212	0.09994771595626847	97.53331605757737	107.3063295305665	0.002720704242137192	1.0000978354835621
2.0748580834598083	1.9119737333077302	0.06844593284639953	0.7716957000280212	0.09994771595626847	97.53331605757737	107.3063030466161	0.002720704242137192	1.0000978354835621
2.0748580834598083	1.9119737333077302	0.06844593284639953	0.7716957000280212	0.09994791598371369	97.53331605757737	107.3063030466161	0.002720704242137192	1.0000978354835621
2.0748580834598083	1.9119737333077302	0.06844593284639953	0.7716957000280212	0.09994791598371369	97.53331605757737	107.3063030466161	0.0027205663815979848	1.0000978354835621
2.0748580834598083	1.9119737333077302	0.06844593284639953	0.7716957000280212	0.09994791598371369	97.53331605757737	107.30583328561198	0.0027205663815979848	1.0000978354835621
2.0748580834598083	1.9119737333077302	0.06844593284639953	0.7716957000280212	0.09994791598371369	97.53331605757737	107.30583328561198	0.0027205663815979848	1.0000978354835621
2.0748580834598083	1.9119737333077302	0.06844593284639953	0.7716957000280212	0.09994791598371369	97.53331605757737	107.30583328561198	0.0027205663815979848	1.0000978354835621
2.0748580834598083	1.9119737333077302	0.06844593284639953	0.7716957000280212	0.09994791598371369	97.53331605757737	107.30583328561198	0.0026891727678401657	1.0000978354835621
2.0744426197474968	1.9119737333077302	0.06844593284639953	0.7716957000280212	0.09994791598371369	97.53331605757737	107.30583328561198	0.0026891727678401657	1.0000978354835621
2.0744426197474968	1.9119737333077302	0.06844593284639953	0.7716957000280212	0.09994791598371369	97.53331605757737	107.30583328561198	0.0026891727678401657	1.0000978354835621
2.0744426197474968	1.9119737333077302	0.06844593284639953	0.7716957000280212	0.09994791598371369	97.53331605757737	107.30583328561198	0.0026891727678401657	1.0000978354835621
2.0744426197474968	1.9119737333077302	0.06844593284639953	0.7716957000280212	0.09994791598371369	97.53331605757737	107.30583328561198	0.0026891727678401657	1.0000978354835621
2.0744426197474968	1.9119737333077302	0.06844593284639953	0.7716957000280212	0.09994791598371369	97.53331605757737	107.30583328561198	0.0027236105211563113	1.0000978354835621
2.0744426197474968	1.9119740901103681	0.06844593284639953	0.7716957000280212	0.09994791598371369	97.53331605757737	107.30583328561198	0.0027236105211563113	1.0000978354835621
2.0744426197474968	1.9119740901103681	0.06844593284639953	0.7716957000280212	0.09994791598371369	97.53331605757737	107.30583328561198	0.0027236105211563113	1.0000978354835621
2.0744426197474968	1.9119740901103681	0.06844593284639953	0.7716957000280212	0.09994791598371369	97.53331605757737	107.30583328561198	0.0027232432717335456	1.0000978354835621
2.0744426197474968	1.9119740901103681	0.06844593284639953	0.7716957000280212	0.09994791598371369	97.53331605757737	107.30583328561198	0.0027232432717335456	1.0000978354835621
2.0744426197474968	1.9119740901103681	0.06844593284639953	0.7716957000280212	0.09994791598371369	97.53331605757737	107.30583328561198	0.0027232432717335456	1.0000978354835621
2.0744426197474968	1.9119740901103681	0.06844593284639953	0.7716957000280212	0.09994787569774856	97.53331605757737	107.30583328561198	0.0027232432717335456	1.0000978354835621
2.0775032324502796	1.9119740901103681	0.06844593284639953	0.7716957000280212	0.09994787569774856	97.53331605757737	107.30583328561198	0.0027232432717335456	1.0000978354835621
2.0775032324502796	1.9119740901103681	0.06844593284639953	0.7716957000280212	0.09994787569774856	97.53331605757737	107.80848490430262	0.0027232432717335456	1.0000978354835621
2.0775032324502796	1.9112696653283787	0.06844593284639953	0.7716957000280212	0.09994787569774856	97.53331605757737	107.80848490430262	0.0027232432717335456	1.0000978354835621
2.0775032324502796	1.9112696653283787	0.06844593284639953	0.7716957000280212	0.09994787569774856	97.53331605757737	107.80848490430262	0.002723160104407602	1.0000978354835621
2.0775032324502796	1.9112696653283787	0.06844593284639953	0.7716957000280212	0.09994787569774856	97.53331605757737	107.80848490430262	0.002723102755982784	1.0000978354835621
2.0775032324502796	1.9112696653283787	0.0686897212876016	0.7716957000280212	0.09994787569774856	97.53331605757737	107.80848490430262	0.002723102755982784	1.0000978354835621
2.0775032324502796	1.9112696653283787	0.06872866090108994	0.7716957000280212	0.09994787569774856	97.53331605757737	107.80848490430262	0.002723102755982784	1.0000978354835621
2.0775032324502796	1.9112696653283787	0.06872866090108994	0.7716957000280212	0.09994787569774856	97.53331605757737	107.80848490430262	0.0027290470127424166	1.0000978354835621
2.077291772589257	1.9112696653283787	0.06872866090108994	0.7716957000280212	0.09994787569774856	97.53331605757737	107.80848490430262	0.0027290470127424166	1.0000978354835621
2.0772986439436445	1.9112696653283787	0.06872866090108994	0.7716957000280212	0.09994787569774856	97.53331605757737	107.80848490430262	0.0027290470127424166	1.0000978354835621
2.0772986439436445	1.9112696653283787	0.06872866090108994	0.7716957000280212	0.09994787569774856	97.53331605757737	107.80848490430262	0.0027290470127424166	1.0000978354835621
2.0772986439436445	1.9112696653283787	0.06872866090108994	0.7716957000280212	0.09994787569774856	97.53331605757737	107.80848490430262	0.0027290470127424166	1.0000982148779685
2.0772986439436445	1.9112696653283787	0.06872866090108994	0.7717138386633368	0.09994787569774856	97.53331605757737	107.80848490430262	0.0027290470127424166	1.0000982148779685
2.0772986439436445	1.9112696653283787	0.06872866090108994	0.7717138386633368	0.09994782531388606	97.53331605757737	107.80848490430262	0.0027290470127424166	1.0000982148779685
2.0772986439436445	1.9112696653283787	0.06872866090108994	0.7717138386633368	0.09994782531388606	97.53331605757737	107.80848490430262	0.0027290470127424166	1.0000982148779685
2.0772986439436445	1.9112696653283787	0.06872866090108994	0.7719586321368321	0.09994782531388606	97.53331605757737	107.80848490430262	0.0027290470127424166	1.0000982148779685
2.07729753710892	1.9112696653283787	0.06872866090108994	0.7719586321368321	0.09994782531388606	97.53331605757737	107.80848490430262	0.0027290470127424166	1.0000982148779685
2.07729753710892	1.9112696653283787	0.06872866090108994	0.7719586321368321	0.09994782531388606	97.53331605757737	107.80848490430262	0.0027290470127424166	1.0000982148779685
2.07729753710892	1.9112696653283787	0.06872866090108994	0.7719586321368321	0.09994782531388606	97.53331605757737	107.80848490430262	0.0027290470127424166	1.0000982148779685
2.07729753710892	1.9112696653283787	0.06872866090108994	0.7719586321368321	0.09994782531388606	97.53331605757737	107.80848490430262	0.0027290470127424166	1.0000982148779685
2.07729753710892	1.9112696653283787	0.06872866090108994	0.7719586321368321	0.09994782531388606	97.53331605757737	107.80848490430262	0.0027293638382080107	1.0000982148779685
2.07729753710892	1.9112696653283787	0.06872866090108994	0.7719586321368321	0.09994782531388606	97.54331167761947	107.80848490430262	0.0027293638382080107	1.0000982148779685
2.07729753710892	1.9112696653283787	0.06872866090108994	0.7719586321368321	0.09994782531388606	97.54331167761947	107.80851785138549	0.0027293638382080107	1.0000982148779685
2.07729753710892	1.9112696653283787	0.06872866090108994	0.7719586321368321	0.09994782531388606	97.54331167761947	107.8172892021893	0.0027293638382080107	1.0000982148779685
2.07729753710892	1.9112696653283787	0.06872866090108994	0.7719586321368321	0.09994782531388606	97.54331167761947	107.8172892021893	0.002729315079839281	1.0000982148779685
2.07729753710892	1.9112696653283787	0.06872866090108994	0.7719586321368321	0.09994782531388606	97.54331167761947	107.8172892021893	0.002729315079839281	1.0000982148779685
2.07729753710892	1.9112696653283787	0.06872866090108994	0.7719586321368321	0.09994782531388606	97.54331167761947	107.8172892021893	0.002729315079839281	1.0000982148779685
2.07729753710892	1.9112696653283787	0.06872866090108994	0.7719586321368321	0.09994782531388606	97.54331167761947	107.8172892021893	0.002729315079839281	1.0000982148779685
2.07729753710892	1.9112696653283787	0.06872866090108994	0.7719586321368321	0.09994782531388606	97.54331167761947	107.8172892021893	0.002729315079839281	1.0000982148779685
2.07729753710892	1.9112696653283787	0.06872866090108994	0.7719586321368321	0.09994782531388606	97.54331167761947	107.8172892021893	0.002729315079839281	1.0000982148779685
2.07729753710892	1.9112696653283787	0.06872866090108994	0.7719586321368321	0.09994782531388606	97.54331167761947	107.8172892021893	0.002729315079839281	1.0000982148779685
2.07729753710892	1.911221842588211	0.06872866090108994	0.7719586321368321	0.09994782531388606	97.54331167761947	107.8172892021893	0.002729315079839281	1.0000982148779685
2.07729753710892	1.911221842588211	0.06872866090108994	0.7719586321368321	0.09994782531388606	97.54331167761947	107.8172892021893	0.002729315079839281	1.0000982148779685
2.07729753710892	1.911221842588211	0.06872866090108994	0.7719586321368321	0.09994782531388606	97.54334596710494	107.8172892021893	0.002729315079839281	1.0000982148779685
2.07729753710892	1.911221842588211	0.06872866090108994	0.7719586321368321	0.09994782531388606	97.54334596710494	107.8172892021893	0.0027287458913712033	1.0000982148779685
2.07729753710892	1.911221842588211	0.06872866090108994	0.7719586321368321	0.09994782531388606	97.54247499149416	107.8172892021893	0.0027287458913712033	1.0000982148779685
2.07729753710892	1.911221842588211	0.06872866090108994	0.7719586321368321	0.09994782531388606	97.54247499149416	107.8172892021893	0.0027287458913712033	1.0000982148779685
2.07729753710892	1.911221842588211	0.06872866090108994	0.7719586321368321	0.09994782531388606	97.54247499149416	107.8172892021893	0.0027287458913712033	1.0000982148779685
2.077297731868255	1.911221842588211	0.06872866090108994	0.7719586321368321	0.09994782531388606	97.54247499149416	107.8172892021893	0.0027287458913712033	1.0000982148779685
2.077297731868255	1.911221842588211	0.06872866090108994	0.7719586321368321	0.09994782531388606	97.5426371920619	107.8172892021893	0.0027287458913712033	1.0000982148779685
2.077297731868255	1.911221842588211	0.06872866090108994	0.7719586321368321	0.09994819945807634	97.5426371920619	107.8172892021893	0.0027287458913712033	1.0000982148779685
2.077297731868255	1.911221842588211	0.06872866090108994	0.7719586321368321	0.09994819945807634	97.5426371920619	107.8172892021893	0.0027287458913712033	1.0000982148779685
2.0772821303819415	1.911221842588211	0.06872866090108994	0.7719586321368321	0.09994819945807634	97.5426371920619	107.8172892021893	0.0027287458913712033	1.0000982148779685
2.0772821303819415	1.911221842588211	0.06872866090108994	0.7721403161469735	0.09994819945807634	97.5426371920619	107.8172892021893	0.0027287458913712033	1.0000982148779685
2.0772821303819415	1.911221842588211	0.06872866090108994	0.7721403161469735	0.09994819945807634	97.5426371920619	107.66992802156207	0.0027287458913712033	1.0000982148779685
2.0772821303819415	1.9112228999944316	0.06872866090108994	0.7721403161469735	0.09994819945807634	97.5426371920619	107.66992802156207	0.0027287458913712033	1.0000982148779685
2.0772806522853657	1.9112228999944316	0.06872866090108994	0.7721403161469735	0.09994819945807634	97.5426371920619	107.66992802156207	0.0027287458913712033	1.0000982148779685
2.0772806522853657	1.9112228999944316	0.06872866090108994	0.7721403161469735	0.09994819945807634	97.5426371920619	107.66992802156207	0.0027285902324673747	1.0000982148779685
2.0772806522853657	1.9112228999944316	0.06872866090108994	0.7721403161469735	0.09994816424703806	97.5426371920619	107.66992802156207	0.0027285902324673747	1.0000982148779685
2.0772806522853657	1.9113295400565153	0.06872866090108994	0.7721403161469735	0.09994816424703806	97.5426371920619	107.66992802156207	0.0027285902324673747	1.0000982148779685
2.0772806522853657	1.9113295400565153	0.06872866090108994	0.7721403161469735	0.09994816424703806	97.5426371920619	107.66992802156207	0.0027285902324673747	1.0000982148779685
2.0772806522853657	1.9113295400565153	0.06872970393945581	0.7721403161469735	0.09994816424703806	97.5426371920619	107.66992802156207	0.0027285902324673747	1.0000982148779685
2.077327119066514	1.9113295400565153	0.06872970393945581	0.7721403161469735	0.09994816424703806	97.5426371920619	107.66992802156207	0.0027285902324673747	1.0000982148779685
2.077327119066514	1.9113295400565153	0.06872970393945581	0.7721403161469735	0.09994816424703806	97.5426371920619	107.66992802156207	0.0027285902324673747	1.0000982148779685
2.077327119066514	1.9113295400565153	0.06872970393945581	0.7721403161469735	0.09994816424703806	97.5426371920619	107.66992802156207	0.0027285902324673747	1.0000982148779685
2.077327119066514	1.9113295400565153	0.06872970393945581	0.7721403161469735	0.09994816424703806	97.5426371920619	107.75145640233184	0.0027285902324673747	1.0000982148779685
2.077327119066514	1.9113295400565153	0.06872970393945581	0.7721403161469735	0.09994816424703806	97.5426371920619	107.75145640233184	0.0027285902324673747	1.0000982148779685
2.077327119066514	1.9113295400565153	0.06872970393945581	0.7721403161469735	0.09994816424703806	97.5426371920619	107.75623497144609	0.0027285902324673747	1.0000982148779685
2.077327119066514	1.9113295400565153	0.06872970393945581	0.7721403161469735	0.09994816424703806	97.5426371920619	107.75623497144609	0.0027284322396710554	1.0000982148779685
2.077327119066514	1.9113295400565153	0.06872970393945581	0.7721403161469735	0.09994816424703806	97.5426371920619	107.75623497144609	0.0027284322396710554	1.0000982148779685
2.077327119066514	1.9113295400565153	0.06872970393945581	0.7721403161469735	0.09994816424703806	97.5426371920619	107.75623497144609	0.0027283021745023567	1.0000982148779685
2.077327119066514	1.9113295400565153	0.06872970393945581	0.7721403161469735	0.09994816424703806	97.5426371920619	107.75623497144609	0.0027283021745023567	1.0000982148779685
2.077327119066514	1.9113295400565153	0.06872970393945581	0.7721403161469735	0.09994816424703806	97.5426371920619	107.75623497144609	0.0027283021745023567	1.0000982148779685
2.077327119066514	1.9113295400565153	0.06872970393945581	0.7721403161469735	0.09994816424703806	97.5426371920619	107.75623497144609	0.0027283021745023567	1.0000982148779685
2.077327119066514	1.9113295400565153	0.06872970393945581	0.7721403161469735	0.09994816424703806	97.54748225898695	107.75623497144609	0.0027283021745023567	1.0000982148779685
2.077327119066514	1.9113295400565153	0.06872970393945581	0.7721403161469735	0.09994816424703806	97.55130962860969	107.75623497144609	0.0027283021745023567	1.0000982148779685
2.077327119066514	1.9093186894526837	0.06872970393945581	0.7721403161469735	0.09994816424703806	97.55130962860969	107.75623497144609	0.0027283021745023567	1.0000982148779685
2.077327119066514	1.9093186894526837	0.06872970393945581	0.7721403161469735	0.09994816424703806	97.55130962860969	107.75623497144609	0.0027283021745023567	1.0000982148779685
2.077327119066514	1.9093186894526837	0.06872970393945581	0.7721403161469735	0.09994816424703806	97.55130962860969	107.75623497144609	0.0027283021745023567	1.0000982148779685
2.077327119066514	1.9093186894526837	0.06888807826212544	0.7721403161469735	0.09994816424703806	97.55130962860969	107.75623497144609	0.0027283021745023567	1.0000982148779685
2.077327119066514	1.9093186894526837	0.06888807826212544	0.7721403161469735	0.09994816424703806	97.54924338163784	107.75623497144609	0.0027283021745023567	1.0000982148779685
2.077327119066514	1.9093186894526837	0.06888807826212544	0.7721284665220717	0.09994816424703806	97.54924338163784	107.75623497144609	0.0027283021745023567	1.0000982148779685
2.077327119066514	1.9093186894526837	0.06888807826212544	0.7721382394796825	0.09994816424703806	97.54924338163784	107.75623497144609	0.0027283021745023567	1.0000982148779685
2.077327119066514	1.9093186894526837	0.06888807826212544	0.7721382394796825	0.09994816424703806	97.54924338163784	107.75623497144609	0.0027283021745023567	1.0000982148779685
2.077327119066514	1.9093186894526837	0.06888807826212544	0.7721382394796825	0.09994816424703806	97.54924338163784	107.75623497144609	0.0027283021745023567	1.0000982148779685
2.077327119066514	1.9093186894526837	0.06888807826212544	0.7721382394796825	0.09994816424703806	97.54924338163784	107.75623497144609	0.0027283021745023567	1.0000982148779685
2.077327119066514	1.9093186894526837	0.06888807826212544	0.7721382394796825	0.09994816424703806	97.54924338163784	107.75623497144609	0.0027283021745023567	1.0000982148779685
2.077327119066514	1.9093186894526837	0.06888807826212544	0.7721382394796825	0.09994816424703806	97.54924338163784	107.75623497144609	0.0027283021745023567	1.0000982148779685
2.077327119066514	1.9093186894526837	0.06888807826212544	0.7721382394796825	0.09994818360356257	97.54924338163784	107.75623497144609	0.0027283021745023567	1.0000982148779685
2.077327119066514	1.9093186894526837	0.06888807826212544	0.7721382394796825	0.09994818360356257	97.54924338163784	107.67754603321191	0.0027283021745023567	1.0000982148779685
2.077327119066514	1.9093186894526837	0.06888807826212544	0.7721382394796825	0.09994818360356257	97.54924338163784	107.67754603321191	0.0027283021745023567	1.0000982148779685
2.077327119066514	1.9093186894526837	0.06888807826212544	0.7721382394796825	0.09994818360356257	97.54924338163784	107.67754603321191	0.0027283021745023567	1.0000982148779685
2.077327119066514	1.9093186894526837	0.06888807826212544	0.7721382394796825	0.09994818360356257	97.54924338163784	107.67754603321191	0.0027283021745023567	1.0000982148779685
2.0773067407121717	1.9093186894526837	0.06888807826212544	0.7721382394796825	0.09994818360356257	97.54924338163784	107.67754603321191	0.0027283021745023567	1.0000982148779685
2.0773067407121717	1.9093186894526837	0.06888807826212544	0.7721382394796825	0.09994818360356257	97.54924338163784	107.67754603321191	0.0027283021745023567	1.0000982148779685
2.0773067407121717	1.9093186894526837	0.06892593292602484	0.7721382394796825	0.09994818360356257	97.54924338163784	107.67754603321191	0.0027283021745023567	1.0000982148779685
2.0773067407121717	1.9093186894526837	0.06892593292602484	0.7721382394796825	0.09994818360356257	97.54924338163784	107.67754603321191	0.0027283021745023567	1.0000982148779685
2.0773067407121717	1.9093186894526837	0.06892593292602484	0.7721382394796825	0.09994818360356257	97.54924338163784	107.67754603321191	0.0027283021745023567	1.0000982148779685
2.0773067407121717	1.9093186894526837	0.06892593292602484	0.7721542823542502	0.09994818360356257	97.54924338163784	107.67754603321191	0.0027283021745023567	1.0000982148779685
2.0773067407121717	1.9093186894526837	0.06892593292602484	0.7721542823542502	0.09994818360356257	97.54924338163784	107.67754603321191	0.0027283021745023567	1.0000982148779685
2.0773067407121717	1.9093186894526837	0.06892593292602484	0.7721542823542502	0.09994818360356257	97.54924338163784	107.67754603321191	0.0027283021745023567	1.0000983857296926
2.0773067407121717	1.9093189365920227	0.06892593292602484	0.7721542823542502	0.09994818360356257	97.54924338163784	107.67754603321191	0.0027283021745023567	1.0000983857296926
2.0773067407121717	1.9093189365920227	0.06892593292602484	0.7721542823542502	0.09994818360356257	97.54924338163784	107.67754603321191	0.0027283021745023567	1.0000983857296926
2.0773067407121717	1.9093189365920227	0.06892593292602484	0.7721542823542502	0.09994818360356257	97.54924338163784	108.07047547986217	0.0027283021745023567	1.0000983857296926
2.0773067407121717	1.9093189365920227	0.06892593292602484	0.7721542823542502	0.09994818360356257	97.54924338163784	108.07045861360332	0.0027283021745023567	1.0000983857296926
2.0773067407121717	1.9093189365920227	0.06892593292602484	0.7721542823542502	0.09994818360356257	97.54924338163784	108.07045861360332	0.0027283021745023567	1.0000983857296926
2.0773067407121717	1.9093189365920227	0.06892593292602484	0.7721542823542502	0.1000276749910043	97.54924338163784	108.07045861360332	0.0027283021745023567	1.0000983857296926
2.0773067407121717	1.909319698202295	0.06892593292602484	0.7721542823542502	0.1000276749910043	97.54924338163784	108.07045861360332	0.0027283021745023567	1.0000983857296926
2.0773067407121717	1.909319698202295	0.06892593292602484	0.7721542823542502	0.1000276749910043	97.54924338163784	108.07045861360332	0.0027283021745023567	1.0000983857296926
2.0773067407121717	1.909319698202295	0.06892593292602484	0.7721542823542502	0.1000276749910043	97.54924338163784	108.07045861360332	0.0027283021745023567	1.0000983857296926
2.0773067407121717	1.909319698202295	0.06892593292602484	0.7721542823542502	0.1000276749910043	97.54924338163784	108.07045861360332	0.0027283021745023567	1.0000983857296926
2.0773067407121717	1.909319698202295	0.06892593292602484	0.7721542823542502	0.1000276749910043	97.54924338163784	108.07045861360332	0.0027283021745023567	1.0000983857296926
2.0773067407121717	1.909319698202295	0.06892593292602484	0.7721542823542502	0.1000276749910043	97.54924338163784	108.07045861360332	0.0027283021745023567	1.0000983857296926
2.0773067407121717	1.909319698202295	0.06892593292602484	0.7721542823542502	0.1000057350346086	97.54924338163784	108.07045861360332	0.0027283021745023567	1.0000983857296926
2.0773067407121717	1.909319698202295	0.06892593292602484	0.7722120863147364	0.1000057350346086	97.54924338163784	108.07045861360332	0.0027283021745023567	1.0000983857296926
2.0773067407121717	1.909319698202295	0.06892593292602484	0.7722120863147364	0.1000057350346086	97.54930095884492	108.07045861360332	0.0027283021745023567	1.0000983857296926
2.0773067407121717	1.909319698202295	0.06892593292602484	0.7722120863147364	0.1000057350346086	97.54930095884492	108.07045861360332	0.0027283021745023567	1.0000983857296926
2.0773067407121717	1.909319698202295	0.06892593292602484	0.7722120863147364	0.1000057350346086	97.54930095884492	108.07045861360332	0.0027294368388158523	1.0000983857296926
2.0773067407121717	1.909319698202295	0.06892593292602484	0.7722120863147364	0.1000057350346086	97.54930095884492	108.07045861360332	0.0027294368388158523	1.0000983857296926
2.0773067407121717	1.909319698202295	0.06892593292602484	0.7722120863147364	0.1000057350346086	97.54979928129848	108.07045861360332	0.0027294368388158523	1.0000983857296926
2.0773067407121717	1.909319698202295	0.06892593292602484	0.7722120863147364	0.1000057350346086	97.54979928129848	108.06925237955721	0.0027294368388158523	1.0000983857296926
2.0773067407121717	1.909319698202295	0.06892593292602484	0.7722120863147364	0.1000057350346086	97.54979928129848	108.06925237955721	0.0027294368388158523	1.0000983857296926
2.0773067407121717	1.909319698202295	0.06893316847393145	0.7722120863147364	0.1000057350346086	97.54979928129848	108.06925237955721	0.0027294368388158523	1.0000983857296926
2.0773067407121717	1.9093199269884225	0.06893316847393145	0.7722120863147364	0.1000057350346086	97.54979928129848	108.06925237955721	0.0027294368388158523	1.0000983857296926
2.0773067407121717	1.9093199269884225	0.06893316847393145	0.7722120863147364	0.1000057350346086	97.54979928129848	108.06925237955721	0.0027294368388158523	1.0000983857296926
2.0773067407121717	1.9093199269884225	0.06893316847393145	0.7722120863147364	0.1000057350346086	97.54979928129848	108.06925237955721	0.0027478757209403477	1.0000983857296926
2.0773067407121717	1.9093199269884225	0.06893316847393145	0.7722120863147364	0.1000057350346086	97.5499560816411	108.06925237955721	0.0027478757209403477	1.0000983857296926
2.0773067407121717	1.9093199269884225	0.06893316847393145	0.7722120863147364	0.1000057350346086	97.5499560816411	108.06925237955721	0.0027478757209403477	1.0000983857296926
2.0773067407121717	1.9093199269884225	0.06893316847393145	0.7722120863147364	0.1000057350346086	97.5499560816411	108.06925237955721	0.0027478757209403477	1.0000983857296926
2.0773067407121717	1.9093199269884225	0.06893316847393145	0.7722120863147364	0.1000057350346086	97.5499560816411	108.06925237955721	0.0027478757209403477	1.0000983857296926
2.0773039255411763	1.9093199269884225	0.06893316847393145	0.7722120863147364	0.1000057350346086	97.5499560816411	108.06925237955721	0.0027478757209403477	1.0000983857296926
2.0773039255411763	1.909406661488465	0.06893316847393145	0.7722120863147364	0.1000057350346086	97.5499560816411	108.06925237955721	0.0027478757209403477	1.0000983857296926
2.0773039255411763	1.909406661488465	0.06893316847393145	0.7722120863147364	0.1000057350346086	97.5499560816411	108.06758014723137	0.0027478757209403477	1.0000983857296926
2.0773039255411763	1.909406661488465	0.06893316847393145	0.7722120863147364	0.1000057350346086	97.5499560816411	108.06758014723137	0.0027478757209403477	1.0000983857296926
2.0773039255411763	1.9094084741047845	0.06893316847393145	0.7722120863147364	0.1000057350346086	97.5499560816411	108.06758014723137	0.0027478757209403477	1.0000983857296926
2.0773042805858557	1.9094084741047845	0.06893316847393145	0.7722120863147364	0.1000057350346086	97.5499560816411	108.06758014723137	0.0027478757209403477	1.0000983857296926
2.0773042805858557	1.9094084741047845	0.06893200612420418	0.7722120863147364	0.1000057350346086	97.5499560816411	108.06758014723137	0.0027478757209403477	1.0000983857296926
2.0773042805858557	1.9094084741047845	0.06893200612420418	0.7722120863147364	0.1000057350346086	97.5499560816411	108.07017886169	0.0027478757209403477	1.0000983857296926
2.0773042805858557	1.9094084741047845	0.06893200612420418	0.7722120863147364	0.1000057350346086	97.5499560816411	108.07017886169	0.0027478757209403477	1.0000983857296926
2.0773042805858557	1.9094084741047845	0.06893200612420418	0.7722120863147364	0.10000567619881394	97.5499560816411	108.07017886169	0.0027478757209403477	1.0000983857296926
2.0773042805858557	1.9094084741047845	0.06893200612420418	0.7722120863147364	0.10000567619881394	97.5499560816411	108.07017886169	0.0027478757209403477	1.0000983857296926
2.0773042805858557	1.9094084741047845	0.06893200612420418	0.7722120863147364	0.10000567619881394	97.5499560816411	108.07017886169	0.0027478757209403477	1.0000983857296926
2.0773042805858557	1.9092863152258255	0.06893200612420418	0.7722120863147364	0.10000567619881394	97.5499560816411	108.07017886169	0.0027478757209403477	1.0000983857296926
2.0773042805858557	1.9092863152258255	0.0689254508628044	0.7722120863147364	0.10000567619881394	97.5499560816411	108.07017886169	0.0027478757209403477	1.0000983857296926
2.0773042805858557	1.9092863152258255	0.0689254508628044	0.7722120863147364	0.10000567619881394	97.5499560816411	108.07017886169	0.0027478757209403477	1.0000983857296926
2.0773042805858557	1.9092863152258255	0.0689254508628044	0.7722120863147364	0.10001295655614728	97.5499560816411	108.07017886169	0.0027478757209403477	1.0000983857296926
2.0773042805858557	1.9092863152258255	0.0689254508628044	0.7722120863147364	0.10001295655614728	97.54995048412212	108.07017886169	0.0027478757209403477	1.0000983857296926
2.0773042805858557	1.9092863152258255	0.0689254508628044	0.7722120863147364	0.10001295655614728	97.54995048412212	108.07017886169	0.0027478757209403477	1.0000983857296926
2.0773042805858557	1.9092863152258255	0.0689254508628044	0.7722120863147364	0.10001295655614728	97.54995048412212	107.93496530713725	0.0027478757209403477	1.0000983857296926
2.0773042805858557	1.9092863152258255	0.068779042485292	0.7722120863147364	0.10001295655614728	97.54995048412212	107.93496530713725	0.0027478757209403477	1.0000983857296926
2.0773042805858557	1.9092863152258255	0.068779042485292	0.7722120863147364	0.10001289129734911	97.54995048412212	107.93496530713725	0.0027478757209403477	1.0000983857296926
2.0773042805858557	1.9092863152258255	0.068779042485292	0.7722120863147364	0.10000129834770484	97.54995048412212	107.93496530713725	0.0027478757209403477	1.0000983857296926
2.0773042805858557	1.9092863152258255	0.068779042485292	0.7722120863147364	0.10000129834770484	97.54995048412212	107.93365955800246	0.0027478757209403477	1.0000983857296926
2.0773042805858557	1.9092863152258255	0.068779042485292	0.7722120863147364	0.10000129834770484	97.54995048412212	107.93365955800246	0.0027478757209403477	1.0000983857296926
2.0773042805858557	1.9092863152258255	0.068779042485292	0.7722120863147364	0.10000129834770484	97.54995048412212	106.67024225581879	0.0027478757209403477	1.0000983857296926
2.0773042805858557	1.9092863152258255	0.06878251369803541	0.7722120863147364	0.10000129834770484	97.54995048412212	106.67024225581879	0.0027478757209403477	1.0000983857296926
2.0773042805858557	1.9092863152258255	0.06878251369803541	0.7722120863147364	0.10000129834770484	97.54995048412212	106.67024225581879	0.0027478757209403477	1.0000983857296926
2.0773042805858557	1.9092863152258255	0.06878251369803541	0.7722120863147364	0.10000425522011284	97.54995048412212	106.67024225581879	0.0027478757209403477	1.0000983857296926
2.0773117111810615	1.9092863152258255	0.06878251369803541	0.7722120863147364	0.10000425522011284	97.54995048412212	106.67024225581879	0.0027478757209403477	1.0000983857296926
2.0773117111810615	1.9092863152258255	0.06878251369803541	0.7722120863147364	0.10000425522011284	97.54995048412212	106.67024225581879	0.0027478757209403477	1.0000983857296926
2.0773117111810615	1.9092863152258255	0.06878251369803541	0.7722120863147364	0.10000425522011284	97.54995048412212	106.67024225581879	0.0027478757209403477	1.0000983857296926
2.0773117111810615	1.9092875219581849	0.06878251369803541	0.7722120863147364	0.10000425522011284	97.54995048412212	106.67024225581879	0.0027478757209403477	1.0000983857296926
2.0773117111810615	1.910703483999153	0.06878251369803541	0.7722120863147364	0.10000425522011284	97.54995048412212	106.67024225581879	0.0027478757209403477	1.0000983857296926
2.0773117111810615	1.910703483999153	0.06878251369803541	0.7722120863147364	0.10000425522011284	97.54995048412212	106.67024225581879	0.0027478757209403477	1.0000983857296926
2.0773117111810615	1.910703483999153	0.06878251369803541	0.7722120863147364	0.10000425522011284	97.54995048412212	106.67024225581879	0.0027478757209403477	1.0000983857296926
2.0773117111810615	1.910703483999153	0.06878251369803541	0.7722120863147364	0.10000425522011284	97.54995048412212	106.67024225581879	0.0027478757209403477	1.0000983857296926
2.0773117111810615	1.910703483999153	0.06878251369803541	0.7722120863147364	0.10000425522011284	97.54995048412212	106.67024225581879	0.0027478757209403477	1.0000983857296926
2.0773117111810615	1.910703483999153	0.06878251369803541	0.7722120863147364	0.10000425522011284	97.54995048412212	106.67024225581879	0.0027382959841354268	1.0000983857296926
2.0773117111810615	1.910703483999153	0.06878251369803541	0.7722120863147364	0.10000425522011284	97.54995048412212	106.67024225581879	0.0027382959841354268	1.0000983857296926
2.0773117111810615	1.910703483999153	0.06878251369803541	0.7722120863147364	0.10000425522011284	97.54995048412212	106.67024225581879	0.0027382964715107036	1.0000983857296926
2.0773117111810615	1.910703483999153	0.06878251369803541	0.7722120863147364	0.10000425522011284	97.54996416953395	106.67024225581879	0.0027382964715107036	1.0000983857296926
2.0773117111810615	1.910703483999153	0.06878251369803541	0.7722120863147364	0.10000425522011284	97.54996416953395	106.67024225581879	0.0027382964715107036	1.0000983857296926
2.0773117111810615	1.910703483999153	0.06878251369803541	0.7722120863147364	0.10000425522011284	97.54996416953395	106.67024225581879	0.0027382964715107036	1.0000983857296926
2.0773117111810615	1.910703483999153	0.06878251369803541	0.7722120863147364	0.10000560285893514	97.54996416953395	106.67024225581879	0.0027382964715107036	1.0000983857296926
2.0773117111810615	1.910703483999153	0.06878251369803541	0.7722120863147364	0.10000560285893514	97.54996416953395	106.67024225581879	0.0027382964715107036	1.0000973479726742
2.0773117111810615	1.910735444366562	0.06878251369803541	0.7722120863147364	0.10000560285893514	97.54996416953395	106.67024225581879	0.0027382964715107036	1.0000973479726742
2.0773117111810615	1.910735444366562	0.06878251369803541	0.7722120863147364	0.10000560285893514	97.54996416953395	106.67024225581879	0.0027382964715107036	1.0000973479726742
2.0773117111810615	1.910735444366562	0.06878251369803541	0.7722120863147364	0.10000560285893514	97.54996416953395	106.67024225581879	0.0027382964715107036	1.0000973479726742
2.0773117111810615	1.910735444366562	0.06878251369803541	0.7722120863147364	0.10000560285893514	97.54996416953395	106.67024225581879	0.0027382964715107036	1.0000973479726742
2.0773117111810615	1.910735444366562	0.06878251369803541	0.7722120863147364	0.10000560285893514	97.54996416953395	106.67024225581879	0.0027382964715107036	1.0000973479726742
2.0773117111810615	1.910735444366562	0.06878251369803541	0.7722120863147364	0.10000560285893514	97.54996416953395	95.68421259863436	0.0027382964715107036	1.0000973479726742
2.0773117111810615	1.910735444366562	0.06878251369803541	0.7722120863147364	0.10000560285893514	97.54996416953395	95.68421259863436	0.0027382964715107036	1.0000973479726742
2.074491718473787	1.910735444366562	0.06878251369803541	0.7722120863147364	0.10000560285893514	97.54996416953395	95.68421259863436	0.0027382964715107036	1.0000973479726742
2.074491718473787	1.910735444366562	0.06878251369803541	0.7722833876188322	0.10000560285893514	97.54996416953395	95.68421259863436	0.0027382964715107036	1.0000973479726742
2.074491718473787	1.910735444366562	0.06878251369803541	0.7722833876188322	0.10000560285893514	97.54996416953395	95.68421259863436	0.0027382964715107036	1.0000971999918957
2.074491718473787	1.910735444366562	0.06878251369803541	0.7722833876188322	0.10000560285893514	97.54996416953395	95.68421259863436	0.0027382964715107036	1.0000971999918957
2.074491718473787	1.910735444366562	0.06878251369803541	0.7722833876188322	0.09994270424064532	97.54996416953395	95.68421259863436	0.0027382964715107036	1.0000971999918957
2.074491718473787	1.910735444366562	0.06878251369803541	0.7722833876188322	0.09994270424064532	97.54996416953395	95.68421259863436	0.0027382964715107036	1.0000971999918957
2.074491718473787	1.910735444366562	0.06878251369803541	0.7722833876188322	0.09994270424064532	97.54996416953395	95.68421259863436	0.0027382964715107036	1.0000971999918957
2.074491718473787	1.910735444366562	0.06878251369803541	0.7722833876188322	0.09994270424064532	97.54996416953395	95.68421259863436	0.0027382964715107036	1.0000971999918957
2.074491718473787	1.910735444366562	0.06878251369803541	0.7722833876188322	0.09994283236577786	97.54996416953395	95.68421259863436	0.0027382964715107036	1.0000971999918957
2.074491718473787	1.910735444366562	0.06878251369803541	0.7722833876188322	0.09994283236577786	97.54996416953395	95.68421259863436	0.0027382964715107036	1.0000971999918957
2.074491718473787	1.910735444366562	0.06878251369803541	0.7722833876188322	0.09994283236577786	97.54996416953395	95.68421259863436	0.0027382964715107036	1.0000971999918957
2.074491718473787	1.910735444366562	0.06878251369803541	0.7722833876188322	0.09994283236577786	97.54996416953395	95.68421259863436	0.0027382964715107036	1.0000972458154742
2.074491718473787	1.910735444366562	0.06878251369803541	0.7722833876188322	0.09994283236577786	97.54996416953395	95.68421259863436	0.0027383455785586837	1.0000972458154742
2.074491718473787	1.910735444366562	0.06878251369803541	0.7722833876188322	0.09994283236577786	97.54996416953395	95.68421259863436	0.0027383455785586837	1.0000972458154742
2.074491718473787	1.910735444366562	0.06878251369803541	0.7722833876188322	0.09994283236577786	97.54996416953395	95.68421259863436	0.0027383455785586837	1.0000972458154742
2.074491718473787	1.910735444366562	0.06878251369803541	0.7722833876188322	0.09994283236577786	97.54996416953395	95.68421259863436	0.0027383455785586837	1.0000972458154742
2.074491718473787	1.910735444366562	0.06878251369803541	0.7722833876188322	0.09994283236577786	97.54996416953395	95.68421259863436	0.002738145282543246	1.0000972458154742
2.074497899784723	1.910735444366562	0.06878251369803541	0.7722833876188322	0.09994283236577786	97.54996416953395	95.68421259863436	0.002738145282543246	1.0000972458154742
2.074497899784723	1.910735444366562	0.06878251369803541	0.7722833876188322	0.09994283236577786	97.54996416953395	95.68421259863436	0.002738145282543246	1.0000972458154742
2.074497899784723	1.910735444366562	0.06878251369803541	0.7722833876188322	0.09994283236577786	97.54996416953395	95.68421259863436	0.002738145282543246	1.0000972458154742
2.074497899784723	1.9104519179367034	0.06878251369803541	0.7722833876188322	0.09994283236577786	97.54996416953395	95.68421259863436	0.002738145282543246	1.0000972458154742
2.074497899784723	1.9104519179367034	0.06878251369803541	0.7722833876188322	0.09994283236577786	97.54996416953395	95.68409582627167	0.002738145282543246	1.0000972458154742
2.074497899784723	1.9104519179367034	0.06878251369803541	0.7722833876188322	0.09994283236577786	97.54996416953395	95.68409582627167	0.002738145282543246	1.0000972458154742
2.074497899784723	1.9104519179367034	0.06878251369803541	0.7722833876188322	0.09994283236577786	97.54996416953395	95.68409582627167	0.002738145282543246	1.000095045379708
2.074497899784723	1.9104519179367034	0.06878251369803541	0.7722833876188322	0.09994283236577786	97.54996416953395	95.68409582627167	0.002738145282543246	1.000095045379708
2.074497899784723	1.9104519179367034	0.06878251369803541	0.7722833876188322	0.09994283236577786	97.54996416953395	95.68348760198414	0.002738145282543246	1.000095045379708
2.074497899784723	1.910286247633458	0.06878251369803541	0.7722833876188322	0.09994283236577786	97.54996416953395	95.68348760198414	0.002738145282543246	1.000095045379708
2.0744972507700226	1.910286247633458	0.06878251369803541	0.7722833876188322	0.09994283236577786	97.54996416953395	95.68348760198414	0.002738145282543246	1.000095045379708
2.0744972507700226	1.9102865251648609	0.06878251369803541	0.7722833876188322	0.09994283236577786	97.54996416953395	95.68348760198414	0.002738145282543246	1.000095045379708
2.0744972507700226	1.9102865251648609	0.06878251369803541	0.7722833876188322	0.09994283236577786	97.54996416953395	95.68348760198414	0.002738145282543246	1.0000950701679574
2.0744972507700226	1.910544039005538	0.06878251369803541	0.7722833876188322	0.09994283236577786	97.54996416953395	95.68348760198414	0.002738145282543246	1.0000950701679574
2.0744972507700226	1.910544039005538	0.06878251369803541	0.7722833876188322	0.09994283236577786	97.54996416953395	95.68348760198414	0.002738145282543246	1.0000950701679574
2.0746227063733476	1.910544039005538	0.06878251369803541	0.7722833876188322	0.09994283236577786	97.54996416953395	95.68348760198414	0.002738145282543246	1.0000950701679574
2.0746227063733476	1.910544039005538	0.06878251369803541	0.7722833876188322	0.09994283236577786	97.54996416953395	95.68348760198414	0.002738145282543246	1.0000950701679574
2.0746227063733476	1.910544039005538	0.06878251369803541	0.7722833876188322	0.09994283236577786	97.54996416953395	95.68293267311837	0.002738145282543246	1.0000950701679574
2.0746227063733476	1.910544039005538	0.06878251369803541	0.7722833876188322	0.09994283236577786	97.54996416953395	95.68293267311837	0.002738145282543246	1.0000950701679574
2.0746227063733476	1.910544039005538	0.06878251369803541	0.7722833876188322	0.09994283236577786	97.54996416953395	95.68293267311837	0.002738145282543246	1.0000950701679574
2.0746227063733476	1.910544039005538	0.06878251369803541	0.7722833876188322	0.09994283236577786	97.54996416953395	95.68293267311837	0.002738145282543246	1.0000910616787229
2.0746086408804585	1.910544039005538	0.06878251369803541	0.7722833876188322	0.09994283236577786	97.54996416953395	95.68293267311837	0.002738145282543246	1.0000910616787229
2.0746086408804585	1.910544039005538	0.06878251369803541	0.7722833876188322	0.09994283236577786	97.54996416953395	95.68293267311837	0.002738145282543246	1.0000910616787229
2.0746086408804585	1.910544039005538	0.06878251369803541	0.7722833876188322	0.09994283236577786	97.54996416953395	95.68293267311837	0.002738145282543246	1.0000910616787229
2.0746086408804585	1.910544039005538	0.06878251369803541	0.7722833876188322	0.09994283236577786	97.54996416953395	95.68293267311837	0.0027374867082703255	1.0000910616787229
2.0746086408804585	1.910544039005538	0.06878251369803541	0.7722833876188322	0.09994283236577786	97.54996416953395	95.68293267311837	0.0027374867082703255	1.0000910616787229
2.0746086408804585	1.910544039005538	0.06878251369803541	0.7722833876188322	0.09994283236577786	97.54996416953395	95.68293267311837	0.0027374867082703255	1.0000910616787229
2.0746086408804585	1.910544039005538	0.06878251369803541	0.7722833876188322	0.09994283236577786	97.54996416953395	95.68293267311837	0.0027374867082703255	1.0000910616787229
2.0746086408804585	1.910544039005538	0.06878381473709658	0.7722833876188322	0.09994283236577786	97.54996416953395	95.68293267311837	0.0027374867082703255	1.0000910616787229
2.0746086408804585	1.910544039005538	0.06878381473709658	0.7722833876188322	0.09994283236577786	97.54996416953395	95.68293267311837	0.0027374867082703255	1.0000910616787229
2.0746086408804585	1.910544039005538	0.06878381473709658	0.7722833876188322	0.09999091049188091	97.54996416953395	95.68293267311837	0.0027374867082703255	1.0000910616787229
2.0746086408804585	1.910544039005538	0.06878381473709658	0.7722833876188322	0.09999091049188091	97.54996416953395	95.68293267311837	0.0027374867082703255	1.0000910616787229
2.0746086408804585	1.910544039005538	0.06878381473709658	0.7722833876188322	0.09999091049188091	97.54996416953395	95.68293267311837	0.002725147581959712	1.0000910616787229
2.0746086408804585	1.910544039005538	0.06878381473709658	0.7722833876188322	0.09999091049188091	97.54334208777331	95.68293267311837	0.002725147581959712	1.0000910616787229
2.0746086408804585	1.910544039005538	0.06878381473709658	0.7722833876188322	0.09999091049188091	97.54334208777331	95.68293267311837	0.0027252107788425795	1.0000910616787229
2.0746086408804585	1.910544039005538	0.06878381473709658	0.7722833876188322	0.09999091049188091	97.54334208777331	95.68293267311837	0.0027252107788425795	1.0000910616787229
2.0746086408804585	1.910544039005538	0.06878381473709658	0.7722833876188322	0.09999091049188091	97.54334208777331	95.68293267311837	0.002725212574466247	1.0000910616787229
2.0746086408804585	1.910544039005538	0.06878381473709658	0.7722833876188322	0.09999091049188091	97.54360388704296	95.68293267311837	0.002725212574466247	1.0000910616787229
2.0746086408804585	1.910544039005538	0.06878381473709658	0.7722833876188322	0.09999091049188091	97.54360388704296	95.68293267311837	0.002725212574466247	1.0000910616787229
2.0746086408804585	1.910544039005538	0.06878381473709658	0.7722833876188322	0.09999091049188091	97.54360388704296	95.68293267311837	0.002725212574466247	1.0000910616787229
2.0746086408804585	1.910544039005538	0.06878381473709658	0.7722833876188322	0.09999091049188091	97.54360388704296	95.68293267311837	0.002725212574466247	1.0000910616787229
2.0746086408804585	1.910544039005538	0.06878381473709658	0.7722833876188322	0.09999091049188091	97.54360388704296	95.68293267311837	0.002725212574466247	1.0000910616787229
2.0746086408804585	1.910544039005538	0.06878381473709658	0.7722833876188322	0.09999091049188091	97.54360388704296	95.68293267311837	0.002725212574466247	1.0000910616787229
2.0746086408804585	1.910544039005538	0.06878381473709658	0.7722833876188322	0.09999091049188091	97.54360388704296	95.68293267311837	0.002725212574466247	1.000091026185808
2.0746086408804585	1.910544039005538	0.06878381473709658	0.7722833876188322	0.09999091049188091	97.54360388704296	95.62106059944996	0.002725212574466247	1.000091026185808
2.0746086408804585	1.910544039005538	0.06878381473709658	0.7722833876188322	0.09999091049188091	97.54360388704296	98.04239738637186	0.002725212574466247	1.000091026185808
2.0746086408804585	1.910544039005538	0.06878381473709658	0.7722833876188322	0.09999091049188091	97.54355584702142	98.04239738637186	0.002725212574466247	1.000091026185808
2.0746086408804585	1.910544039005538	0.06878381473709658	0.7722833876188322	0.09999091049188091	97.54355584702142	98.04239738637186	0.002725212574466247	1.000091026185808
2.0746086408804585	1.910544039005538	0.06878381473709658	0.7722833876188322	0.09999091049188091	97.54355584702142	98.04239738637186	0.002725212574466247	1.000091026185808
2.0746086408804585	1.910544039005538	0.06879415552027363	0.7722833876188322	0.09999091049188091	97.54355584702142	98.04239738637186	0.002725212574466247	1.000091026185808
2.0746086408804585	1.9105456899828925	0.06879415552027363	0.7722833876188322	0.09999091049188091	97.54355584702142	98.04239738637186	0.002725212574466247	1.000091026185808
2.0746086408804585	1.9105456899828925	0.06879415552027363	0.7722833876188322	0.09999091049188091	97.54355584702142	98.04239738637186	0.002725212574466247	1.000091026185808
2.0746086408804585	1.9105456899828925	0.06879415552027363	0.7722833876188322	0.09999091049188091	97.54355584702142	98.04239738637186	0.002725212574466247	1.000091026185808
2.0746086408804585	1.9105456899828925	0.06879415552027363	0.7722833876188322	0.09999091049188091	97.54355584702142	98.19238836378105	0.002725212574466247	1.000091026185808
2.0746086408804585	1.9105456899828925	0.06879415552027363	0.7722833876188322	0.09999091049188091	97.54355584702142	98.19238836378105	0.002725212574466247	1.000091026185808
2.0746086408804585	1.9120102150062155	0.06879415552027363	0.7722833876188322	0.09999091049188091	97.54355584702142	98.19238836378105	0.002725212574466247	1.000091026185808
2.0746086408804585	1.9120102150062155	0.06879415552027363	0.7722833876188322	0.09999091049188091	97.54355584702142	98.19238836378105	0.002708224492615739	1.000091026185808
2.0746086408804585	1.9120102150062155	0.06879415552027363	0.7726068586516505	0.09999091049188091	97.54355584702142	98.19238836378105	0.002708224492615739	1.000091026185808
2.0746086408804585	1.9120102150062155	0.06879415552027363	0.7726068586516505	0.10001432789790049	97.54355584702142	98.19238836378105	0.002708224492615739	1.000091026185808
2.0746086408804585	1.9120102150062155	0.06879415552027363	0.7726068586516505	0.10001432789790049	97.54355584702142	98.19238836378105	0.002708224492615739	1.000091026185808
2.0746086408804585	1.9120102150062155	0.06879415552027363	0.7726068586516505	0.10001432789790049	97.54389059787145	98.19238836378105	0.002708224492615739	1.000091026185808
2.0746086408804585	1.9119981567679925	0.06879415552027363	0.7726068586516505	0.10001432789790049	97.54389059787145	98.19238836378105	0.002708224492615739	1.000091026185808
2.0746086408804585	1.9119981567679925	0.06879415552027363	0.7726068586516505	0.10001432789790049	97.54389059787145	98.19238836378105	0.002708224492615739	1.000091026185808
2.0746086408804585	1.9119981567679925	0.06879415552027363	0.7726068586516505	0.10001432789790049	97.54389059787145	98.19238836378105	0.002708224492615739	1.000091026185808
2.0746086408804585	1.910601161190167	0.06879415552027363	0.7726068586516505	0.10001432789790049	97.54389059787145	98.19238836378105	0.002708224492615739	1.000091026185808
2.0746086408804585	1.9106012079453782	0.06879415552027363	0.7726068586516505	0.10001432789790049	97.54389059787145	98.19238836378105	0.002708224492615739	1.000091026185808
2.0746086408804585	1.9106012079453782	0.06879415552027363	0.7726068586516505	0.10001432789790049	97.54389059787145	98.19238836378105	0.002708224492615739	1.000091026185808
2.0746086408804585	1.9106012079453782	0.06879415552027363	0.7726068586516505	0.10001432789790049	97.54389059787145	98.19074733124751	0.002708224492615739	1.000091026185808
2.0746086408804585	1.9106012079453782	0.06879415552027363	0.7726068586516505	0.10001432789790049	97.54389059787145	98.19074733124751	0.002708224492615739	1.0000910248439419
2.0746086408804585	1.9106012079453782	0.06879415552027363	0.7726068672518343	0.10001432789790049	97.54389059787145	98.19074733124751	0.002708224492615739	1.0000910248439419
2.0746086408804585	1.9106012079453782	0.06879415552027363	0.7726068672518343	0.10001432789790049	97.54389059787145	98.19074733124751	0.002708224492615739	1.0000910248439419
2.0746086408804585	1.9106012079453782	0.06879415552027363	0.7726068672518343	0.10001432789790049	97.54389059787145	98.19074733124751	0.002708224492615739	1.0001225265587617
2.0746086408804585	1.9106012079453782	0.06879415552027363	0.7726068672518343	0.10001432789790049	97.54389059787145	98.19074733124751	0.002706981839158746	1.0001225265587617
2.0746086408804585	1.9106012079453782	0.06879415552027363	0.7726068672518343	0.10001432789790049	97.55520297845781	98.19074733124751	0.002706981839158746	1.0001225265587617
2.0746086408804585	1.9106012079453782	0.06879415552027363	0.7726068672518343	0.10001432789790049	97.55520297845781	98.19074733124751	0.002706981839158746	1.0001225265587617
2.0746086408804585	1.9105911056920473	0.06879415552027363	0.7726068672518343	0.10001432789790049	97.55520297845781	98.19074733124751	0.002706981839158746	1.0001225265587617
2.0746086408804585	1.9105911056920473	0.06879415552027363	0.7726068672518343	0.10001432789790049	97.55520297845781	98.19074733124751	0.0027077229205485463	1.0001225265587617
2.0746086408804585	1.9105911056920473	0.06879415552027363	0.7726068672518343	0.10001432789790049	97.55520297845781	98.19074733124751	0.0027077229205485463	1.0001225265587617
2.0746086408804585	1.9093476418116608	0.06879415552027363	0.7726068672518343	0.10001432789790049	97.55520297845781	98.19074733124751	0.0027077229205485463	1.0001225265587617
2.0746086408804585	1.9093476418116608	0.06879415552027363	0.7726068672518343	0.10001432789790049	97.55520297845781	98.19074733124751	0.0027077229205485463	1.0001225265587617
2.0746086408804585	1.9093476418116608	0.06879415552027363	0.7726068672518343	0.10018416964607327	97.55520297845781	98.19074733124751	0.0027077229205485463	1.0001225265587617
2.0746086408804585	1.9093476418116608	0.06879415552027363	0.7726068672518343	0.10018416964607327	97.55520297845781	98.19074733124751	0.0027077229205485463	1.0001225265587617
2.0746086408804585	1.9093476418116608	0.06879415552027363	0.7726068672518343	0.10018416964607327	97.55520297845781	98.19074733124751	0.0027077229205485463	1.0001225265587617
2.0746086408804585	1.9093476418116608	0.06879415552027363	0.7726068672518343	0.10018416964607327	97.55520297845781	98.19074733124751	0.0027077229205485463	1.000121456802811
2.0746230210086503	1.9093476418116608	0.06879415552027363	0.7726068672518343	0.10018416964607327	97.55520297845781	98.19074733124751	0.0027077229205485463	1.000121456802811
2.0746230210086503	1.9093476418116608	0.06879415552027363	0.7726068672518343	0.10018408629905613	97.55520297845781	98.19074733124751	0.0027077229205485463	1.000121456802811
2.0746230210086503	1.9093476418116608	0.06879415552027363	0.7726068672518343	0.10018408629905613	97.55520297845781	98.19074733124751	0.0027077229205485463	1.000121456802811
2.0746230210086503	1.9093476418116608	0.06879415552027363	0.7726068672518343	0.10018392342681982	97.55520297845781	98.19074733124751	0.0027077229205485463	1.000121456802811
2.0746230210086503	1.9093476418116608	0.06879415552027363	0.7726068672518343	0.10018392342681982	97.55520297845781	98.19074733124751	0.0027077229205485463	1.000121456802811
2.0746230210086503	1.9093476418116608	0.06879415552027363	0.7726068672518343	0.10018392342681982	97.55520297845781	98.19074733124751	0.0027077229205485463	1.000121456802811
2.0746230210086503	1.9093476418116608	0.06879415552027363	0.7726068672518343	0.10018392342681982	97.55520297845781	101.72221495280954	0.0027077229205485463	1.000121456802811
2.0746230210086503	1.9093476418116608	0.0689251577682096	0.7726068672518343	0.10018392342681982	97.55520297845781	101.72221495280954	0.0027077229205485463	1.000121456802811
2.0746230210086503	1.9093476418116608	0.06891602520755913	0.7726068672518343	0.10018392342681982	97.55520297845781	101.72221495280954	0.0027077229205485463	1.000121456802811
2.0746230210086503	1.9093491292428746	0.06891602520755913	0.7726068672518343	0.10018392342681982	97.55520297845781	101.72221495280954	0.0027077229205485463	1.000121456802811
2.0746230210086503	1.9093491292428746	0.06891602520755913	0.7726068672518343	0.1001958158351	97.55520297845781	101.72221495280954	0.0027077229205485463	1.000121456802811
2.0746230210086503	1.9093491292428746	0.06891602520755913	0.7726068672518343	0.1001958158351	97.55520297845781	102.04969743282382	0.0027077229205485463	1.000121456802811
2.0746230210086503	1.9093491292428746	0.06891602520755913	0.7726068672518343	0.1001958158351	97.55520297845781	102.04969743282382	0.0027077229205485463	1.000121456802811
2.0746230210086503	1.9093491292428746	0.06891602520755913	0.7726068672518343	0.1001958158351	97.55520297845781	102.04969743282382	0.0027077229205485463	1.000121456802811
2.0746230210086503	1.9093491292428746	0.06891602520755913	0.7726068672518343	0.1001958158351	97.55520297845781	102.04969743282382	0.0027077229205485463	1.000121456802811
2.0746230210086503	1.9093491292428746	0.06891602520755913	0.7726068672518343	0.1001958158351	97.55520297845781	102.04969743282382	0.0027077229205485463	1.000121456802811
2.0746230210086503	1.9093491292428746	0.06891602520755913	0.7726068672518343	0.1001958158351	97.5549921295781	102.04969743282382	0.0027077229205485463	1.000121456802811
2.0746230210086503	1.9093491292428746	0.06891602520755913	0.7726068672518343	0.1001958158351	97.5549921295781	102.04969743282382	0.0027077229205485463	1.000121456802811
2.0746230210086503	1.9093491292428746	0.06891602520755913	0.7726068672518343	0.1001958158351	97.5549921295781	102.04969743282382	0.0027077229205485463	1.000121456802811
2.0746230210086503	1.9093411356809535	0.06891602520755913	0.7726068672518343	0.1001958158351	97.5549921295781	102.04969743282382	0.0027077229205485463	1.000121456802811
2.0746230210086503	1.9093411356809535	0.06891602520755913	0.7726068672518343	0.1001958158351	97.55468020014712	102.04969743282382	0.0027077229205485463	1.000121456802811
2.0746230210086503	1.9093411356809535	0.06891602520755913	0.7726065976412944	0.1001958158351	97.55468020014712	102.04969743282382	0.0027077229205485463	1.000121456802811
2.0746230210086503	1.9093411356809535	0.06891602520755913	0.7726065976412944	0.1001958158351	97.55468020014712	102.04969743282382	0.0027077229205485463	1.000121456802811
2.0746230210086503	1.9093411356809535	0.06891602520755913	0.7726065976412944	0.1001958158351	97.55468020014712	102.04969743282382	0.0027077229205485463	1.000121456802811
2.0746230210086503	1.9093411356809535	0.06891602520755913	0.7726065976412944	0.1001958158351	97.55468020014712	102.04969743282382	0.0027077229205485463	1.000121456802811
2.0746230210086503	1.9093411356809535	0.06891602520755913	0.7726065976412944	0.1001958158351	97.55468020014712	102.04969743282382	0.0027077229205485463	1.000121456802811
2.0746230210086503	1.9093411356809535	0.06891602520755913	0.7726065976412944	0.1001958158351	97.55468020014712	102.04969743282382	0.0027077229205485463	1.000121456802811
2.0746230210086503	1.9093411356809535	0.06891602520755913	0.7726065976412944	0.10019329009234747	97.55468020014712	102.04969743282382	0.0027077229205485463	1.000121456802811
2.0746230210086503	1.9093411356809535	0.06891602520755913	0.7726065976412944	0.10019329009234747	97.55468020014712	102.04969743282382	0.0027077229205485463	1.000121456802811
2.0746230210086503	1.9093411356809535	0.06891602520755913	0.7726065976412944	0.10019329009234747	97.55468020014712	102.04969743282382	0.0027077229205485463	1.000121456802811
2.0746230210086503	1.9093411356809535	0.06891637446246533	0.7726065976412944	0.10019329009234747	97.55468020014712	102.04969743282382	0.0027077229205485463	1.000121456802811
2.0746230210086503	1.9093411356809535	0.06891637446246533	0.7726065976412944	0.10019329009234747	97.55468020014712	102.04969743282382	0.0027077229205485463	1.000121456802811
2.0746230210086503	1.90934151790826	0.06891637446246533	0.7726065976412944	0.10019329009234747	97.55468020014712	102.04969743282382	0.0027077229205485463	1.000121456802811
2.0746371538122803	1.90934151790826	0.06891637446246533	0.7726065976412944	0.10019329009234747	97.55468020014712	102.04969743282382	0.0027077229205485463	1.000121456802811
2.0746371538122803	1.90934151790826	0.06891637446246533	0.7726065976412944	0.10019329009234747	97.55468020014712	102.04969743282382	0.0027077229205485463	1.000121456802811
2.0746371538122803	1.90934151790826	0.06891637446246533	0.7726065976412944	0.10019329009234747	97.55487506860048	102.04969743282382	0.0027077229205485463	1.000121456802811
2.0746371538122803	1.90934151790826	0.06891637446246533	0.7726065976412944	0.10019329009234747	97.55487506860048	102.04969743282382	0.0027077229205485463	1.000121456802811
2.0746371538122803	1.90934151790826	0.06891637446246533	0.7726065976412944	0.10019329009234747	97.55487506860048	102.04969743282382	0.002707468441583579	1.000121456802811
2.0746371538122803	1.90934151790826	0.06891637446246533	0.7726065976412944	0.10019329009234747	97.55487506860048	102.04969743282382	0.0026272445765240667	1.000121456802811
2.0746371538122803	1.90934151790826	0.06891637446246533	0.7726065976412944	0.10019329009234747	97.55487506860048	102.04969743282382	0.0026272445765240667	1.000121456802811
2.0746371538122803	1.90934151790826	0.06891637446246533	0.7726065976412944	0.10019329009234747	97.55487506860048	102.04969743282382	0.002626642554807594	1.000121456802811
2.0746371538122803	1.90934151790826	0.06891637446246533	0.7726065976412944	0.10019329009234747	97.55487506860048	102.04969743282382	0.0026270771501738796	1.000121456802811
2.0746371538122803	1.90934151790826	0.06891637446246533	0.7726065976412944	0.10019329009234747	97.55487506860048	102.04969743282382	0.0026270771501738796	1.000121456802811
2.0746371538122803	1.90934151790826	0.06891637446246533	0.7726065976412944	0.10019329009234747	97.55487506860048	102.04969743282382	0.0026270771501738796	1.000121456802811
2.0746371538122803	1.90934151790826	0.06891637446246533	0.7726000136215712	0.10019329009234747	97.55487506860048	102.04969743282382	0.0026270771501738796	1.000121456802811
2.0746371538122803	1.90934151790826	0.06891637446246533	0.7726000136215712	0.10019329009234747	97.55487506860048	102.04949907727003	0.0026270771501738796	1.000121456802811
2.0746371538122803	1.90934151790826	0.06891637446246533	0.7726000136215712	0.10019329009234747	97.55487506860048	102.17766153457985	0.0026270771501738796	1.000121456802811
2.0746371538122803	1.90934151790826	0.06892380000620173	0.7726000136215712	0.10019329009234747	97.55487506860048	102.17766153457985	0.0026270771501738796	1.000121456802811
2.0746371538122803	1.90934151790826	0.06892380000620173	0.7726000136215712	0.10019329009234747	97.55487506860048	102.17766153457985	0.0026270771501738796	1.000121456802811
2.0746371538122803	1.9093433727514173	0.06892380000620173	0.7726000136215712	0.10019329009234747	97.55487506860048	102.17766153457985	0.0026270771501738796	1.000121456802811
2.0746371538122803	1.9093433727514173	0.06892380000620173	0.7726000136215712	0.10019329009234747	97.55487506860048	102.17766153457985	0.0026270771501738796	1.000121456802811
2.0746371538122803	1.9093433727514173	0.06892380000620173	0.7726000136215712	0.10019329009234747	97.55487506860048	102.17766153457985	0.0026154223098284585	1.000121456802811
2.0746371538122803	1.9093433727514173	0.06892380000620173	0.772591483487036	0.10019329009234747	97.55487506860048	102.17766153457985	0.0026154223098284585	1.000121456802811
2.0746371538122803	1.9093433727514173	0.06892380000620173	0.772591483487036	0.10019329009234747	97.55487506860048	102.17766153457985	0.0026154223098284585	1.000121076917695
2.0746371538122803	1.9093433727514173	0.06892380000620173	0.772591483487036	0.10019329009234747	97.55487506860048	102.31263159373677	0.0026154223098284585	1.000121076917695
2.0746376092468872	1.9093433727514173	0.06892380000620173	0.772591483487036	0.10019329009234747	97.55487506860048	102.31263159373677	0.0026154223098284585	1.000121076917695
2.0746376092468872	1.9093889711882153	0.06892380000620173	0.772591483487036	0.10019329009234747	97.55487506860048	102.31263159373677	0.0026154223098284585	1.000121076917695
2.0746376092468872	1.9093889711882153	0.06892380000620173	0.772591483487036	0.10019329009234747	97.55487506860048	102.31263159373677	0.00261550588970378	1.000121076917695
2.0746376092468872	1.9093889711882153	0.06892380000620173	0.772591483487036	0.10019329009234747	97.55487506860048	102.39546387201118	0.00261550588970378	1.000121076917695
2.0746376092468872	1.9093889711882153	0.06892380000620173	0.7725887211851992	0.10019329009234747	97.55487506860048	102.39546387201118	0.00261550588970378	1.000121076917695
2.0746433471889514	1.9093889711882153	0.06892380000620173	0.7725887211851992	0.10019329009234747	97.55487506860048	102.39546387201118	0.00261550588970378	1.000121076917695
2.0746433471889514	1.9093889711882153	0.06892380000620173	0.7725887211851992	0.10019329009234747	97.55487506860048	102.39546387201118	0.00261550588970378	1.000121076917695
2.0746433471889514	1.9093889711882153	0.06892380000620173	0.7725887211851992	0.10019329009234747	97.55487506860048	102.39546387201118	0.00261550588970378	1.000120059186072
2.0746433471889514	1.9093889711882153	0.06892380000620173	0.7725887211851992	0.10019329009234747	97.55487506860048	102.39546387201118	0.00261550588970378	1.000120059186072
2.0746433471889514	1.9093889711882153	0.06892380000620173	0.7725887211851992	0.10019329009234747	97.54777695690689	102.39546387201118	0.00261550588970378	1.000120059186072
2.0746433471889514	1.9093889711882153	0.06892380000620173	0.7725887211851992	0.10019329009234747	97.54777695690689	102.39546387201118	0.00261550588970378	1.0001208848003453
2.0746433471889514	1.9093889711882153	0.06892380000620173	0.7722782858753667	0.10019329009234747	97.54777695690689	102.39546387201118	0.00261550588970378	1.0001208848003453
2.0746433471889514	1.9093889711882153	0.06892380000620173	0.7722782858753667	0.10019329009234747	97.54777695690689	102.39546387201118	0.00261550588970378	1.0001208848003453
2.0746433471889514	1.9093889711882153	0.06892380000620173	0.7722782858753667	0.10019329009234747	97.54777695690689	102.39546387201118	0.00261550588970378	1.0001208848003453
2.0746433471889514	1.9093889711882153	0.06892380000620173	0.7722782858753667	0.10019329009234747	97.54777695690689	102.39546387201118	0.00261550588970378	1.0001208848003453
2.0746433471889514	1.9093889711882153	0.06892380000620173	0.7722782858753667	0.10019329009234747	97.54777695690689	102.39546387201118	0.00261550588970378	1.0001208848003453
2.0746433471889514	1.9093907772765266	0.06892380000620173	0.7722782858753667	0.10019329009234747	97.54777695690689	102.39546387201118	0.00261550588970378	1.0001208848003453
2.0746433471889514	1.9093907772765266	0.06892380000620173	0.7722782858753667	0.10019329009234747	97.54777695690689	102.39546387201118	0.00261550588970378	1.0001208848003453
2.0746433471889514	1.9093907772765266	0.06892380000620173	0.7722782858753667	0.10019329009234747	97.54777695690689	102.39546387201118	0.00261550588970378	1.0001224671091478
2.0746433471889514	1.9093907772765266	0.06892380000620173	0.7722782858753667	0.10019329009234747	97.54777695690689	103.47838269758181	0.00261550588970378	1.0001224671091478
2.0746433471889514	1.9093907772765266	0.06892380000620173	0.7722782858753667	0.10019329009234747	97.54777695690689	103.47838269758181	0.00261550588970378	1.000099695859975
2.0746433471889514	1.9093907772765266	0.06892380000620173	0.7722782858753667	0.10019329009234747	97.54777695690689	103.47838269758181	0.0023634567519174978	1.000099695859975
2.0746433471889514	1.9093907772765266	0.06892380000620173	0.7722782858753667	0.10019329009234747	97.54777695690689	103.47838269758181	0.0023634567519174978	1.000099695859975
2.0746433471889514	1.9093907772765266	0.06892380000620173	0.7722782858753667	0.10019329009234747	97.54777695690689	103.79751573591241	0.0023634567519174978	1.000099695859975
2.0746433471889514	1.9093907772765266	0.06892380000620173	0.7722782858753667	0.10019315912645557	97.54777695690689	103.79751573591241	0.0023634567519174978	1.000099695859975
2.0746433471889514	1.9093907772765266	0.06892380000620173	0.7722782858753667	0.10019315912645557	97.54777695690689	103.79751573591241	0.0023634567519174978	1.000099695859975
2.0746433471889514	1.909388545283286	0.06892380000620173	0.7722782858753667	0.10019315912645557	97.54777695690689	103.79751573591241	0.0023634567519174978	1.000099695859975
2.0746433471889514	1.909388545283286	0.06892380000620173	0.7722782858753667	0.10019315912645557	97.54773344034633	103.79751573591241	0.0023634567519174978	1.000099695859975
2.0746433471889514	1.909388545283286	0.06892380000620173	0.7722782858753667	0.10019315912645557	97.54773344034633	103.79751573591241	0.0023634567519174978	1.0000997587148188
2.0746433471889514	1.909334483676239	0.06892380000620173	0.7722782858753667	0.10019315912645557	97.54773344034633	103.79751573591241	0.0023634567519174978	1.0000997587148188
2.0746433471889514	1.909334483676239	0.06892380000620173	0.7722782858753667	0.10019315912645557	97.54773344034633	103.79751573591241	0.0023634567519174978	1.0000997587148188
2.0746433471889514	1.909334483676239	0.06892380000620173	0.7722782858753667	0.10019315912645557	97.54773344034633	103.79751573591241	0.0023634567519174978	1.0000997587148188
2.0746433471889514	1.909334483676239	0.06883151257975924	0.7722782858753667	0.10019315912645557	97.54773344034633	103.79751573591241	0.0023634567519174978	1.0000997587148188
2.0746433471889514	1.909334483676239	0.06883151257975924	0.7722782858753667	0.10019270429638939	97.54773344034633	103.79751573591241	0.0023634567519174978	1.0000997587148188
2.0746433471889514	1.909334483676239	0.06883151257975924	0.7722782858753667	0.10019270429638939	97.54773344034633	103.79751573591241	0.0023634567519174978	1.0000997587148188
