2.0671975168660253	1.9026843817841423	0.06787005869311985	0.768759368410287	0.09986927211605766	97.48070002492541	98.93253626668647	0.002639693907168645	1.000106285544965
2.0671975168660253	1.9026843817841423	0.06787005869311985	0.768759368410287	0.09986927211605766	97.48070002492541	98.93253626668647	0.002639693907168645	1.000106285544965
2.067194293110682	1.9026843817841423	0.06787005869311985	0.768759368410287	0.09986927211605766	97.48070002492541	98.93253626668647	0.002639693907168645	1.000106285544965
2.067194293110682	1.9026843817841423	0.06787005869311985	0.768759368410287	0.09986927211605766	97.48070002492541	98.93253626668647	0.0026395771090757005	1.000106285544965
2.067194293110682	1.9026843817841423	0.06787005869311985	0.768759368410287	0.09986927211605766	97.48070002492541	98.93319979275806	0.0026395771090757005	1.000106285544965
2.067247174426496	1.9026843817841423	0.06787005869311985	0.768759368410287	0.09986927211605766	97.48070002492541	98.93319979275806	0.0026395771090757005	1.000106285544965
2.067247174426496	1.9026843817841423	0.06787005869311985	0.768759368410287	0.09986927211605766	97.48070002492541	99.12741315283603	0.0026395771090757005	1.000106285544965
2.067247174426496	1.9026843817841423	0.06787005869311985	0.768759368410287	0.09986927211605766	97.48070002492541	99.12741315283603	0.0026395771090757005	1.000106285544965
2.067503077634421	1.9026843817841423	0.06787005869311985	0.768759368410287	0.09986927211605766	97.48070002492541	99.12741315283603	0.0026395771090757005	1.000106285544965
2.067503077634421	1.9026843817841423	0.06787005869311985	0.768759368410287	0.09986927211605766	97.48070002492541	99.12741315283603	0.0026395771090757005	1.000106285544965
2.067503077634421	1.9026843817841423	0.06787005869311985	0.768759368410287	0.09986927211605766	97.48070002492541	99.12741315283603	0.0026395771090757005	1.000106285544965
2.067503077634421	1.9026843817841423	0.06787005869311985	0.768759368410287	0.09986927211605766	97.48070002492541	99.12741315283603	0.0026395636754674777	1.000106285544965
2.067503077634421	1.9026843817841423	0.06787005869311985	0.768759368410287	0.09986927211605766	97.48070002492541	99.12741315283603	0.0026395636754674777	1.000106285544965
2.067503077634421	1.9026843817841423	0.06787005869311985	0.768759368410287	0.09986927211605766	97.48070002492541	99.12741315283603	0.0026395636754674777	1.000106285544965
2.067503077634421	1.9026843817841423	0.06787005869311985	0.768759368410287	0.09986927211605766	97.48070002492541	99.12741315283603	0.002639550855212545	1.000106285544965
2.067503077634421	1.9026843817841423	0.06787005869311985	0.768759368410287	0.09986927211605766	97.48070002492541	99.12741315283603	0.002639550855212545	1.000106518445536
2.067503077634421	1.9026843817841423	0.06787005869311985	0.768759368410287	0.09986927211605766	97.48070002492541	99.12741315283603	0.002639550855212545	1.000106518445536
2.0675111184468205	1.9026843817841423	0.06787005869311985	0.768759368410287	0.09986927211605766	97.48070002492541	99.12741315283603	0.002639550855212545	1.000106518445536
2.0675111184468205	1.9026843817841423	0.06787005869311985	0.768759368410287	0.09986927211605766	97.48070002492541	99.12741315283603	0.002608576126538235	1.000106518445536
2.0675111184468205	1.9026843817841423	0.06787005869311985	0.768759368410287	0.09986927211605766	97.48070002492541	99.12741315283603	0.002608576126538235	1.000106518445536
2.0675111184468205	1.9026843817841423	0.06787005869311985	0.768759368410287	0.09986927211605766	97.48070002492541	99.12741315283603	0.002642084637991194	1.000106518445536
2.0675111184468205	1.9026843817841423	0.06787136486479274	0.768759368410287	0.09986927211605766	97.48070002492541	99.12741315283603	0.002642084637991194	1.000106518445536
2.0675111184468205	1.9026816488786613	0.06787136486479274	0.768759368410287	0.09986927211605766	97.48070002492541	99.12741315283603	0.002642084637991194	1.000106518445536
2.0675111184468205	1.9026816488786613	0.06787136486479274	0.768759368410287	0.09986927211605766	97.48070002492541	99.12741315283603	0.0026419690767653034	1.000106518445536
2.0675111184468205	1.9026816488786613	0.06787136486479274	0.768759368410287	0.0998693303908758	97.48070002492541	99.12741315283603	0.0026419690767653034	1.000106518445536
2.0675111184468205	1.9026816488786613	0.06787136486479274	0.768759368410287	0.0998693303908758	97.48070002492541	99.12741315283603	0.0026419690767653034	1.000106518445536
2.0675111184468205	1.9026816488786613	0.06787136486479274	0.768759368410287	0.0998693303908758	97.48070002492541	99.12741315283603	0.0026419690767653034	1.000106518445536
2.0675111184468205	1.9026816488786613	0.06787136486479274	0.768759368410287	0.0998693303908758	97.48070002492541	99.61259733140523	0.0026419690767653034	1.000106518445536
2.0675111184468205	1.901797815161013	0.06787136486479274	0.768759368410287	0.0998693303908758	97.48070002492541	99.61259733140523	0.0026419690767653034	1.000106518445536
2.0675111184468205	1.9017970700803457	0.06787136486479274	0.768759368410287	0.0998693303908758	97.48070002492541	99.61259733140523	0.0026419690767653034	1.000106518445536
2.0675111184468205	1.9017970700803457	0.06787136486479274	0.768759368410287	0.0998693303908758	97.48070002492541	99.61259733140523	0.0026419690767653034	1.000106518445536
2.0675111184468205	1.9017970700803457	0.06787136486479274	0.768759368410287	0.0998693303908758	97.48070002492541	99.61259733140523	0.0026419690767653034	1.000106518445536
2.0675111184468205	1.9017970700803457	0.06787136486479274	0.768759368410287	0.0998693303908758	97.48070002492541	99.61259733140523	0.0026419690767653034	1.000106518445536
2.0675111184468205	1.9017970700803457	0.06787136486479274	0.768759368410287	0.0998693303908758	97.48070002492541	99.61253619852505	0.0026419690767653034	1.000106518445536
2.0675065082545308	1.9017970700803457	0.06787136486479274	0.768759368410287	0.0998693303908758	97.48070002492541	99.61253619852505	0.0026419690767653034	1.000106518445536
2.0675065082545308	1.9017970700803457	0.06787136486479274	0.768759368410287	0.0998693303908758	97.48070002492541	99.61253619852505	0.0026419366829217405	1.000106518445536
2.0675065082545308	1.9017970700803457	0.06787136486479274	0.768759368410287	0.0998693303908758	97.48070002492541	99.61253619852505	0.0026419366829217405	1.000106518445536
2.0675065082545308	1.9017970700803457	0.06787136486479274	0.768759368410287	0.0998693303908758	97.48070002492541	99.61253619852505	0.0026419366829217405	1.000106518445536
2.0675065082545308	1.9017970700803457	0.06787136486479274	0.768759368410287	0.0998693303908758	97.48070002492541	103.00031132772929	0.0026419366829217405	1.000106518445536
2.0675065082545308	1.9017970700803457	0.06787136486479274	0.768759368410287	0.09987227985821946	97.48070002492541	103.00031132772929	0.0026419366829217405	1.000106518445536
2.0675065082545308	1.9017970700803457	0.06787136486479274	0.768759368410287	0.09987227985821946	97.48070002492541	103.00031132772929	0.0026419366829217405	1.000106518445536
2.0675065082545308	1.9017970700803457	0.06787136486479274	0.768759368410287	0.09987227985821946	97.48070002492541	103.00031132772929	0.0026419366829217405	1.000106518445536
2.0675065082545308	1.9017970700803457	0.06787136486479274	0.768759368410287	0.09987227985821946	97.48070002492541	103.00031132772929	0.0026419366829217405	1.000106518445536
2.0675065082545308	1.9017970700803457	0.06787136486479274	0.768759368410287	0.09987227985821946	97.48210505795514	103.00031132772929	0.0026419366829217405	1.000106518445536
2.0675065082545308	1.9017970700803457	0.06787136486479274	0.768759368410287	0.09987227985821946	97.48210505795514	103.00031132772929	0.0026419366829217405	1.000106518445536
2.0675065082545308	1.9017970700803457	0.06787136486479274	0.768759368410287	0.09987227985821946	97.48210505795514	103.00031132772929	0.0026435713200997544	1.000106518445536
2.0675065082545308	1.9017970700803457	0.06787136486479274	0.768759368410287	0.09987227985821946	97.48210505795514	103.25930418197062	0.0026435713200997544	1.000106518445536
2.0675065082545308	1.9017970700803457	0.06787136486479274	0.768759368410287	0.09987227985821946	97.48210505795514	103.2650719099701	0.0026435713200997544	1.000106518445536
2.0675065082545308	1.9017970700803457	0.06787136486479274	0.768759368410287	0.09987227985821946	97.48210505795514	103.2650719099701	0.0026435713200997544	1.000106518445536
2.0675065082545308	1.9017970700803457	0.06787136486479274	0.768759368410287	0.09987227985821946	97.46303674589717	103.2650719099701	0.0026435713200997544	1.000106518445536
2.0675065082545308	1.9017970700803457	0.06787136486479274	0.768759368410287	0.09987227985821946	97.46216544035792	103.2650719099701	0.0026435713200997544	1.000106518445536
2.0675065082545308	1.9017970700803457	0.06787136486479274	0.768759368410287	0.09987227985821946	97.46216544035792	103.2650719099701	0.0026435713200997544	1.000106518445536
2.0675065082545308	1.9017970700803457	0.06787136486479274	0.768759368410287	0.09987227985821946	97.46216544035792	103.2650719099701	0.0026435713200997544	1.000106518445536
2.0675065082545308	1.9017970700803457	0.06787136486479274	0.768759368410287	0.09987227985821946	97.46216544035792	103.2650719099701	0.0026435713200997544	1.000106518445536
2.0675065082545308	1.9017970700803457	0.06787136486479274	0.768759368410287	0.09987227985821946	97.46216544035792	103.2650719099701	0.0026489746586592635	1.000106518445536
2.0675065082545308	1.9017970700803457	0.06787136486479274	0.768759368410287	0.09987227985821946	97.46216544035792	103.2650719099701	0.0026489746586592635	1.000106518445536
2.0675065082545308	1.9017970700803457	0.06787136486479274	0.768759368410287	0.09987227985821946	97.46216544035792	103.2650719099701	0.0026489746586592635	1.000106518445536
2.0675343949115894	1.9017970700803457	0.06787136486479274	0.768759368410287	0.09987227985821946	97.46216544035792	103.2650719099701	0.0026489746586592635	1.000106518445536
2.0675343949115894	1.9017970700803457	0.06787136486479274	0.7686931240054797	0.09987227985821946	97.46216544035792	103.2650719099701	0.0026489746586592635	1.000106518445536
2.0675343949115894	1.9017970700803457	0.06787136486479274	0.7686931240054797	0.09993762632656752	97.46216544035792	103.2650719099701	0.0026489746586592635	1.000106518445536
2.0675343949115894	1.9017970700803457	0.06787136486479274	0.7686931240054797	0.0999399750180776	97.46216544035792	103.2650719099701	0.0026489746586592635	1.000106518445536
2.0675343949115894	1.9017970700803457	0.06787136486479274	0.7686931240054797	0.0999399750180776	97.46216544035792	103.2650719099701	0.0026489746586592635	1.000106518445536
2.0675343949115894	1.9017970700803457	0.06787136486479274	0.7686931240054797	0.0999399750180776	97.46216544035792	103.55295289049467	0.0026489746586592635	1.000106518445536
2.0675343949115894	1.9017970700803457	0.06787136486479274	0.7686931240054797	0.0999399750180776	97.46216544035792	103.55295289049467	0.0026489746586592635	1.000106518445536
2.0675343949115894	1.9017970700803457	0.06787136486479274	0.7686931240054797	0.0999399750180776	97.46216544035792	103.55295289049467	0.0026489746586592635	1.000106518445536
2.0675343949115894	1.9017970700803457	0.06787136486479274	0.7686931240054797	0.0999399750180776	97.46216544035792	103.55295289049467	0.0026489746586592635	1.0001066356775188
2.0675343949115894	1.9017970700803457	0.06787136486479274	0.7686931240054797	0.0999399750180776	97.46216544035792	103.55295289049467	0.0026489746586592635	1.0001066356775188
2.0675343949115894	1.9017970700803457	0.06787136486479274	0.7686931240054797	0.0999399750180776	97.46216544035792	103.55295289049467	0.0026489746586592635	1.0001066356775188
2.0675343949115894	1.9017970700803457	0.0678969441410564	0.7686931240054797	0.0999399750180776	97.46216544035792	103.55295289049467	0.0026489746586592635	1.0001066356775188
2.0675343949115894	1.9017970700803457	0.0678969441410564	0.7686931240054797	0.09993924331956289	97.46216544035792	103.55295289049467	0.0026489746586592635	1.0001066356775188
2.0675343949115894	1.9017970700803457	0.0678969441410564	0.7686931240054797	0.09993924331956289	97.46216544035792	103.58160955438824	0.0026489746586592635	1.0001066356775188
2.0675343949115894	1.9017970700803457	0.0678969441410564	0.7686931240054797	0.09993924331956289	97.46216544035792	103.58160955438824	0.0026489746586592635	1.0001066356775188
2.0675343949115894	1.9017970700803457	0.0678969441410564	0.7686931240054797	0.09993924331956289	97.46216544035792	103.58160955438824	0.0026489746586592635	1.0001066356775188
2.0675343949115894	1.9017970700803457	0.0678945888201753	0.7686931240054797	0.09993924331956289	97.46216544035792	103.58160955438824	0.0026489746586592635	1.0001066356775188
2.0675343949115894	1.9017970700803457	0.0678945888201753	0.7686931240054797	0.09993924331956289	97.46216544035792	103.58160955438824	0.0026489746586592635	1.0001066356775188
2.0675343949115894	1.9017970700803457	0.0678945888201753	0.7686931240054797	0.09993924331956289	97.46216544035792	103.58160955438824	0.0026489746586592635	1.0001066356775188
2.0675343949115894	1.9017970700803457	0.0678945888201753	0.7686931240054797	0.09993924331956289	97.46216544035792	103.58160955438824	0.0026489746586592635	1.0001053299856069
2.0675343949115894	1.9017970700803457	0.0678945888201753	0.7686931240054797	0.09993924331956289	97.46216544035792	103.58160955438824	0.0026489746586592635	1.0001053299856069
2.0675343949115894	1.9017970700803457	0.0678945888201753	0.7686931240054797	0.09993924331956289	97.46216544035792	103.58160955438824	0.0026489746586592635	1.0001053299856069
2.0675343949115894	1.9017970700803457	0.0678945888201753	0.7686931240054797	0.09993924331956289	97.46216544035792	103.58160955438824	0.0026489746586592635	1.0001053299856069
2.0675343949115894	1.9017970700803457	0.067878343014304	0.7686931240054797	0.09993924331956289	97.46216544035792	103.58160955438824	0.0026489746586592635	1.0001053299856069
2.0675343949115894	1.9017970700803457	0.067878343014304	0.7686931240054797	0.09993924331956289	97.46216544035792	103.58160955438824	0.0026489746586592635	1.0001053299856069
2.0675343949115894	1.9017970700803457	0.067878343014304	0.7686931240054797	0.09993924331956289	97.46216544035792	103.58160955438824	0.0026439250873653503	1.0001053299856069
2.0675343949115894	1.9017970700803457	0.067878343014304	0.7686931240054797	0.09993924331956289	97.46216544035792	103.58160955438824	0.0026439250873653503	1.0001053299856069
2.0675343949115894	1.9017970700803457	0.067878343014304	0.7686931240054797	0.09993924331956289	97.46216544035792	103.58160955438824	0.0026439250873653503	1.0001053299856069
2.0675343949115894	1.9017970700803457	0.067878343014304	0.7686931240054797	0.09982740707501471	97.46216544035792	103.58160955438824	0.0026439250873653503	1.0001053299856069
2.0675343949115894	1.9018096915339566	0.067878343014304	0.7686931240054797	0.09982740707501471	97.46216544035792	103.58160955438824	0.0026439250873653503	1.0001053299856069
2.0676309951351066	1.9018096915339566	0.067878343014304	0.7686931240054797	0.09982740707501471	97.46216544035792	103.58160955438824	0.0026439250873653503	1.0001053299856069
2.0676309951351066	1.9018096915339566	0.067878343014304	0.7686931240054797	0.09982740707501471	97.46257459301599	103.58160955438824	0.0026439250873653503	1.0001053299856069
2.0676309951351066	1.9018096915339566	0.067878343014304	0.7686931240054797	0.09982740707501471	97.46257459301599	103.58160955438824	0.0026439250873653503	1.0001053299856069
2.0676309951351066	1.9018096915339566	0.067878343014304	0.7686931240054797	0.09982740707501471	97.46257459301599	103.58160955438824	0.0026439250873653503	1.0001053299856069
2.0676309951351066	1.9018096915339566	0.067878343014304	0.7686931240054797	0.09982740707501471	97.46257459301599	103.13628156177022	0.0026439250873653503	1.0001053299856069
2.0676309951351066	1.9018109547085889	0.067878343014304	0.7686931240054797	0.09982740707501471	97.46257459301599	103.13628156177022	0.0026439250873653503	1.0001053299856069
2.0676309951351066	1.9018109547085889	0.067878343014304	0.7686931240054797	0.09982740707501471	97.46257459301599	103.13628156177022	0.002644055213460984	1.0001053299856069
2.0676309951351066	1.9018109547085889	0.067878343014304	0.7686931240054797	0.09982740707501471	97.46257459301599	103.13628156177022	0.002644055213460984	1.0001053299856069
2.0676309951351066	1.9018327282256289	0.067878343014304	0.7686931240054797	0.09982740707501471	97.46257459301599	103.13628156177022	0.002644055213460984	1.0001053299856069
2.0676309951351066	1.9018327282256289	0.067878343014304	0.7686931240054797	0.09982742170885207	97.46257459301599	103.13628156177022	0.002644055213460984	1.0001053299856069
2.0676309951351066	1.9018296300719546	0.067878343014304	0.7686931240054797	0.09982742170885207	97.46257459301599	103.13628156177022	0.002644055213460984	1.0001053299856069
2.0676309951351066	1.9018296300719546	0.067878343014304	0.7686931240054797	0.09982742170885207	97.46257459301599	103.13628156177022	0.002644055213460984	1.0001100551482822
2.0676309951351066	1.9018296300719546	0.067878343014304	0.7686931240054797	0.09982742170885207	97.46257459301599	103.13628156177022	0.002644055213460984	1.0001100551482822
2.0676309951351066	1.9018296300719546	0.067878343014304	0.7686931240054797	0.09982742170885207	97.46257459301599	103.13628156177022	0.0026441331722636546	1.0001100551482822
2.0676309951351066	1.9018297497797714	0.067878343014304	0.7686931240054797	0.09982742170885207	97.46257459301599	103.13628156177022	0.0026441331722636546	1.0001100551482822
2.0676309951351066	1.9018297497797714	0.067878343014304	0.7686931240054797	0.09982742170885207	97.45194052770348	103.13628156177022	0.0026441331722636546	1.0001100551482822
2.0676309951351066	1.9018297497797714	0.067878343014304	0.7686931240054797	0.09982742170885207	97.45194052770348	103.13628156177022	0.0026441331722636546	1.0001100551482822
2.0676309951351066	1.9018297497797714	0.067878343014304	0.7686931240054797	0.09982742170885207	97.45194052770348	103.13628156177022	0.002630383743979878	1.0001100551482822
2.0676309951351066	1.9018715062886347	0.067878343014304	0.7686931240054797	0.09982742170885207	97.45194052770348	103.13628156177022	0.002630383743979878	1.0001100551482822
2.0676309951351066	1.9018715062886347	0.067878343014304	0.7686931240054797	0.09982742170885207	97.45194052770348	103.37885937598662	0.002630383743979878	1.0001100551482822
2.0676309951351066	1.9018715062886347	0.067878343014304	0.7686931240054797	0.09982742170885207	97.45194052770348	103.39580555127833	0.002630383743979878	1.0001100551482822
2.0676309951351066	1.9018715062886347	0.067878343014304	0.7686931240054797	0.09982742170885207	97.45194052770348	103.39580555127833	0.002630383743979878	1.0001070575499955
2.0676309951351066	1.9018715062886347	0.067878343014304	0.7686931240054797	0.09982742170885207	97.45194052770348	103.39580555127833	0.002630383743979878	1.0001046833974334
2.0676309951351066	1.9018715062886347	0.067878343014304	0.7686931240054797	0.09982742170885207	97.45194052770348	103.39580555127833	0.002630383743979878	1.0001035221478505
2.0676309951351066	1.9018715062886347	0.067878343014304	0.7686931240054797	0.09982742170885207	97.45194052770348	103.39580555127833	0.002630383743979878	1.0001047854159042
2.0676309951351066	1.9018715062886347	0.067878343014304	0.7686931240054797	0.09982742170885207	97.45194052770348	103.3971595649402	0.002630383743979878	1.0001047854159042
2.067632945379593	1.9018715062886347	0.067878343014304	0.7686931240054797	0.09982742170885207	97.45194052770348	103.3971595649402	0.002630383743979878	1.0001047854159042
2.067632945379593	1.9018715062886347	0.067878343014304	0.7686931240054797	0.09982742170885207	97.45194052770348	103.3971595649402	0.0026303526855664143	1.0001047854159042
2.067632945379593	1.9018715062886347	0.067878343014304	0.7686931240054797	0.09982742170885207	97.45194052770348	103.3971595649402	0.00263379205701157	1.0001047854159042
2.067632945379593	1.9018715062886347	0.067878343014304	0.7686931240054797	0.09982778197140338	97.45194052770348	103.3971595649402	0.00263379205701157	1.0001047854159042
2.067632945379593	1.9018715062886347	0.067878343014304	0.7686931240054797	0.09982778197140338	97.45194052770348	103.3971595649402	0.00263379205701157	1.0001051612947078
2.067632945379593	1.9018715062886347	0.067878343014304	0.7686985383710092	0.09982778197140338	97.45194052770348	103.3971595649402	0.00263379205701157	1.0001051612947078
2.067632945379593	1.9018715062886347	0.067878343014304	0.7686985383710092	0.09982778197140338	97.45194052770348	103.3971595649402	0.002631849821524721	1.0001051612947078
2.067632945379593	1.9018715062886347	0.067878343014304	0.7686985383710092	0.09982778197140338	97.45194052770348	103.3971595649402	0.002631849821524721	1.0001051612947078
2.067632945379593	1.9018715062886347	0.0679072562998169	0.7686985383710092	0.09982778197140338	97.45194052770348	103.3971595649402	0.002631849821524721	1.0001051612947078
2.067632945379593	1.9018715062886347	0.0679072562998169	0.7686985383710092	0.09982778197140338	97.45194052770348	103.3971595649402	0.002631849821524721	1.0001051612947078
2.067632945379593	1.9018715062886347	0.0679072562998169	0.7686985383710092	0.09982778197140338	97.45194052770348	103.3971595649402	0.002631849821524721	1.0001051612947078
2.067632945379593	1.9018715062886347	0.0679072562998169	0.7686937701171491	0.09982778197140338	97.45194052770348	103.3971595649402	0.002631849821524721	1.0001051612947078
2.067632945379593	1.9018715062886347	0.0679072562998169	0.7686937701171491	0.09982757639778903	97.45194052770348	103.3971595649402	0.002631849821524721	1.0001051612947078
2.067632945379593	1.9018715062886347	0.06790809502335378	0.7686937701171491	0.09982757639778903	97.45194052770348	103.3971595649402	0.002631849821524721	1.0001051612947078
2.067632945379593	1.9018715062886347	0.06790809502335378	0.7686937701171491	0.09982757639778903	97.45194052770348	103.3971595649402	0.002631849821524721	1.0001051612947078
2.067632945379593	1.9018715062886347	0.06790809502335378	0.7686738319543484	0.09982757639778903	97.45194052770348	103.3971595649402	0.002631849821524721	1.0001051612947078
2.067632945379593	1.9018715062886347	0.06790809502335378	0.7686738319543484	0.09982757639778903	97.45194052770348	103.3971595649402	0.002631849821524721	1.0001051612947078
2.067632945379593	1.9018715062886347	0.06790809502335378	0.7686738319543484	0.09982757639778903	97.45155324221865	103.3971595649402	0.002631849821524721	1.0001051612947078
2.067632945379593	1.9018715062886347	0.06790809502335378	0.7686738319543484	0.09982757639778903	97.45155324221865	103.3971595649402	0.002631849821524721	1.0001051612947078
2.067632945379593	1.9018715062886347	0.06790809502335378	0.7686738319543484	0.09982757639778903	97.45155324221865	103.3971595649402	0.002631849821524721	1.0001052222506723
2.067632945379593	1.9018715062886347	0.06790809502335378	0.7686738319543484	0.09982757639778903	97.44462190758584	103.3971595649402	0.002631849821524721	1.0001052222506723
2.067632945379593	1.9018715062886347	0.06790809502335378	0.7686738319543484	0.09982757639778903	97.44462190758584	103.3971595649402	0.0026411190419406835	1.0001052222506723
2.067632945379593	1.9018715062886347	0.06790809502335378	0.7686738319543484	0.09982757639778903	97.44462190758584	103.3971595649402	0.0026411190419406835	1.0001052222506723
2.067632945379593	1.9018715062886347	0.06790809502335378	0.7686738319543484	0.09982757639778903	97.44462190758584	103.3971595649402	0.0026411190419406835	1.0001052222506723
2.067632945379593	1.9018715062886347	0.06790809502335378	0.7686738319543484	0.09982757639778903	97.44462190758584	103.3971595649402	0.0026465036063808216	1.0001052222506723
2.067632945379593	1.9018715062886347	0.06790809502335378	0.7686738319543484	0.09982762042041045	97.44462190758584	103.3971595649402	0.0026465036063808216	1.0001052222506723
2.067632945379593	1.9020866336504965	0.06790809502335378	0.7686738319543484	0.09982762042041045	97.44462190758584	103.3971595649402	0.0026465036063808216	1.0001052222506723
2.067632945379593	1.9020866336504965	0.06790809502335378	0.7686738319543484	0.09982762042041045	97.4430141867754	103.3971595649402	0.0026465036063808216	1.0001052222506723
2.067632945379593	1.9020866336504965	0.06790809502335378	0.7686738319543484	0.09982762042041045	97.4430141867754	102.55240652186076	0.0026465036063808216	1.0001052222506723
2.067632945379593	1.9020866336504965	0.06790809502335378	0.7686738319543484	0.09982850727497271	97.4430141867754	102.55240652186076	0.0026465036063808216	1.0001052222506723
2.069170423440288	1.9020866336504965	0.06790809502335378	0.7686738319543484	0.09982850727497271	97.4430141867754	102.55240652186076	0.0026465036063808216	1.0001052222506723
2.069170423440288	1.9020866336504965	0.06790809502335378	0.7686738319543484	0.09982850727497271	97.4430141867754	102.55240652186076	0.0026465036063808216	1.0001052222506723
2.069170423440288	1.9020866336504965	0.06790809502335378	0.7686738319543484	0.09982850727497271	97.4430141867754	102.55240652186076	0.0026465036063808216	1.0001052222506723
2.069170423440288	1.9020866336504965	0.06790809502335378	0.7686738319543484	0.09982850727497271	97.4430141867754	102.55240652186076	0.0026465036063808216	1.0001052222506723
2.069170423440288	1.9020866336504965	0.06790809502335378	0.7686738319543484	0.09982850727497271	97.4430141867754	102.55240652186076	0.0026465036063808216	1.0001052222506723
2.0689093398191707	1.9020866336504965	0.06790809502335378	0.7686738319543484	0.09982850727497271	97.4430141867754	102.55240652186076	0.0026465036063808216	1.0001052222506723
2.0689603973077237	1.9020866336504965	0.06790809502335378	0.7686738319543484	0.09982850727497271	97.4430141867754	102.55240652186076	0.0026465036063808216	1.0001052222506723
2.0689603973077237	1.9020866336504965	0.06790809502335378	0.7686738319543484	0.09982850727497271	97.4430141867754	102.55240652186076	0.0026465036063808216	1.0001052222506723
2.0689603973077237	1.9020866336504965	0.06790809502335378	0.7686738319543484	0.09982850727497271	97.4430141867754	102.55240652186076	0.0026465036063808216	1.0001052222506723
2.0689603973077237	1.9020866336504965	0.06790809502335378	0.7686738319543484	0.09982850727497271	97.4430141867754	102.55240652186076	0.002679867256432031	1.0001052222506723
2.0689603973077237	1.9020866336504965	0.06790809502335378	0.7686738319543484	0.09982850727497271	97.4430141867754	102.55240652186076	0.002679867256432031	1.0001052222506723
2.0689603973077237	1.9020866336504965	0.06790809502335378	0.7686738319543484	0.09982850727497271	97.4430141867754	102.55240652186076	0.002679867256432031	1.0001052222506723
2.0689603973077237	1.9020866336504965	0.06790809502335378	0.7686738319543484	0.09982779638585214	97.4430141867754	102.55240652186076	0.002679867256432031	1.0001052222506723
2.068972170465958	1.9020866336504965	0.06790809502335378	0.7686738319543484	0.09982779638585214	97.4430141867754	102.55240652186076	0.002679867256432031	1.0001052222506723
2.068972170465958	1.9020866336504965	0.06790809502335378	0.7686738319543484	0.09982779638585214	97.44289593068756	102.55240652186076	0.002679867256432031	1.0001052222506723
2.068972170465958	1.9020866336504965	0.06790809502335378	0.7686738319543484	0.09982779638585214	97.44289593068756	100.6552248514645	0.002679867256432031	1.0001052222506723
2.068972170465958	1.9020866336504965	0.06790809502335378	0.7686738319543484	0.09982779638585214	97.44289593068756	100.6552248514645	0.002679867256432031	1.0001052222506723
2.068972170465958	1.9020866336504965	0.06790809502335378	0.7686738319543484	0.09982779638585214	97.44289593068756	100.6552248514645	0.002679867256432031	1.0001052222506723
2.068972170465958	1.9020843845013866	0.06790809502335378	0.7686738319543484	0.09982779638585214	97.44289593068756	100.6552248514645	0.002679867256432031	1.0001052222506723
2.068972170465958	1.9020843845013866	0.06790809502335378	0.7686738319543484	0.09982779638585214	97.44289593068756	100.6552248514645	0.002679867256432031	1.0001052222506723
2.068972170465958	1.9020974945366247	0.06790809502335378	0.7686738319543484	0.09982779638585214	97.44289593068756	100.6552248514645	0.002679867256432031	1.0001052222506723
2.068972170465958	1.9020974945366247	0.06790809502335378	0.7686738319543484	0.09982779638585214	97.44289593068756	100.6552248514645	0.002679867256432031	1.0001052222506723
2.068972170465958	1.9020974945366247	0.06790809502335378	0.7686738319543484	0.09982779638585214	97.44289593068756	100.6552248514645	0.002679867256432031	1.0001052222506723
2.068972170465958	1.9020974945366247	0.06790809502335378	0.7686738319543484	0.09982779638585214	97.44289593068756	100.6552248514645	0.002679867256432031	1.000106793743833
2.068972170465958	1.9020974945366247	0.06790809502335378	0.7686738319543484	0.09982779638585214	97.44289593068756	100.65867986841087	0.002679867256432031	1.000106793743833
2.068972170465958	1.9020974945366247	0.06790809502335378	0.7686738319543484	0.09982779638585214	97.44289593068756	100.65867986841087	0.002679867256432031	1.000106793743833
2.068972170465958	1.9020974945366247	0.06790809502335378	0.7686738319543484	0.09982779638585214	97.44289593068756	100.65867986841087	0.002679867256432031	1.000106793743833
2.068972170465958	1.9020974945366247	0.06790809502335378	0.7686738319543484	0.09982779638585214	97.44289593068756	100.65867986841087	0.002679867256432031	1.000106793743833
2.068972170465958	1.9020974945366247	0.06790809502335378	0.7686738319543484	0.09982779638585214	97.44289593068756	100.65867986841087	0.002679867256432031	1.000106793743833
2.0689657179654843	1.9020974945366247	0.06790809502335378	0.7686738319543484	0.09982779638585214	97.44289593068756	100.65867986841087	0.002679867256432031	1.000106793743833
2.0689657179654843	1.9020974945366247	0.06790809502335378	0.7686738319543484	0.09982779638585214	97.44289593068756	100.65867986841087	0.002679867256432031	1.000106793743833
2.0689657179654843	1.9020974945366247	0.06790809502335378	0.7686738319543484	0.09982779638585214	97.44289593068756	100.65867986841087	0.002679867256432031	1.0000885641194872
2.0689657179654843	1.9020974945366247	0.06790809502335378	0.7686738319543484	0.09982779638585214	97.44289593068756	100.65867986841087	0.002679867256432031	1.0000885641194872
2.0689657179654843	1.9020974945366247	0.06790809502335378	0.7686738319543484	0.09982779638585214	97.44289593068756	100.65867986841087	0.002679867256432031	1.0000885641194872
2.0689657179654843	1.9020974945366247	0.06790809502335378	0.7686738319543484	0.09982779638585214	97.44289593068756	100.65867986841087	0.002679867256432031	1.0000885641194872
2.0689657179654843	1.9020974945366247	0.06790809502335378	0.7686738319543484	0.09982779638585214	97.44289593068756	100.65911349149259	0.002679867256432031	1.0000885641194872
2.0689657179654843	1.9020974945366247	0.06790809502335378	0.7686738319543484	0.09982779638585214	97.44289593068756	100.65911349149259	0.002679867256432031	1.0000885641194872
2.0689657179654843	1.9020974945366247	0.06790809502335378	0.7686738319543484	0.09982779638585214	97.53103082022406	100.65911349149259	0.002679867256432031	1.0000885641194872
2.0689657179654843	1.9020974945366247	0.06790809502335378	0.7686738319543484	0.09982779638585214	97.53103082022406	100.65911349149259	0.002679867256432031	1.0000885641194872
2.0689657179654843	1.9020974945366247	0.06790809502335378	0.7686738319543484	0.09982779638585214	97.53103082022406	100.65911349149259	0.002679867256432031	1.0000885641194872
2.0689657179654843	1.9020974945366247	0.06790809502335378	0.7686738319543484	0.09982779638585214	97.53103082022406	100.65884516325643	0.002679867256432031	1.0000885641194872
2.0689657179654843	1.9020974945366247	0.06790809502335378	0.7686738319543484	0.09982779638585214	97.53103082022406	100.65884516325643	0.002679867256432031	1.0000885641194872
2.0689657179654843	1.9020974945366247	0.06790809502335378	0.7686738319543484	0.09982779638585214	97.53103082022406	100.65884516325643	0.002679867256432031	1.0000885641194872
2.0689657179654843	1.9020974945366247	0.06790809502335378	0.7686738319543484	0.09982779638585214	97.53103082022406	100.65884516325643	0.0026397000355132512	1.0000885641194872
2.0689657179654843	1.9020974945366247	0.06790809502335378	0.7686738319543484	0.09982779638585214	97.53103082022406	100.6617180885552	0.0026397000355132512	1.0000885641194872
2.0689657179654843	1.9020974945366247	0.06790809502335378	0.7686738319543484	0.09982779638585214	97.53103082022406	100.6617180885552	0.0026397000355132512	1.0000885641194872
2.0689657179654843	1.9020974945366247	0.06790809502335378	0.7686738319543484	0.09982779638585214	97.53103082022406	100.6617180885552	0.0026397000355132512	1.0000885641194872
2.0689657179654843	1.9016862891259718	0.06790809502335378	0.7686738319543484	0.09982779638585214	97.53103082022406	100.6617180885552	0.0026397000355132512	1.0000885641194872
2.0689657179654843	1.9016862891259718	0.06790809502335378	0.7686738319543484	0.09982779638585214	97.53103082022406	100.6617180885552	0.0026397000355132512	1.0000885641194872
2.0689657179654843	1.9016862891259718	0.06790809502335378	0.7686738319543484	0.09982797778025457	97.53103082022406	100.6617180885552	0.0026397000355132512	1.0000885641194872
2.0689657179654843	1.9016862891259718	0.06790809502335378	0.7686738319543484	0.09982797778025457	97.53103082022406	100.6617180885552	0.0026397000355132512	1.0000885641194872
2.0689657179654843	1.9016862891259718	0.06790809502335378	0.7686427999299371	0.09982797778025457	97.53103082022406	100.6617180885552	0.0026397000355132512	1.0000885641194872
2.0689657179654843	1.9016862891259718	0.06790809502335378	0.7686427999299371	0.09982797778025457	97.53103082022406	100.6617180885552	0.0026397000355132512	1.0000885641194872
2.0689657179654843	1.9016862891259718	0.06790813282908972	0.7686427999299371	0.09982797778025457	97.53103082022406	100.6617180885552	0.0026397000355132512	1.0000885641194872
2.0689657179654843	1.9016862891259718	0.06790813282908972	0.7686225062665998	0.09982797778025457	97.53103082022406	100.6617180885552	0.0026397000355132512	1.0000885641194872
2.0689640000818703	1.9016862891259718	0.06790813282908972	0.7686225062665998	0.09982797778025457	97.53103082022406	100.6617180885552	0.0026397000355132512	1.0000885641194872
2.0689640000818703	1.9016862891259718	0.06790813282908972	0.7686225062665998	0.09982797778025457	97.53103082022406	100.6617180885552	0.0026419583008471183	1.0000885641194872
2.0689640000818703	1.9016862891259718	0.06790813282908972	0.7686225062665998	0.09982797778025457	97.53103082022406	103.50701147656238	0.0026419583008471183	1.0000885641194872
2.0689640000818703	1.9016862891259718	0.06790813282908972	0.7686225062665998	0.09982797778025457	97.53103082022406	103.50701147656238	0.0026419583008471183	1.0000885641194872
2.0689640000818703	1.9016862891259718	0.06790813282908972	0.7686225062665998	0.09982797778025457	97.53103082022406	103.50701147656238	0.0026419583008471183	1.0000885641194872
2.0689640000818703	1.9016862891259718	0.06790813282908972	0.7686225062665998	0.09982797778025457	97.53103082022406	103.50701147656238	0.0026419583008471183	1.0000885641194872
2.0689640000818703	1.9016862891259718	0.06790813282908972	0.7686225062665998	0.09982797778025457	97.53103082022406	103.50701147656238	0.0026419583008471183	1.0000885641194872
2.0689640000818703	1.9016862891259718	0.06790813282908972	0.7686225062665998	0.09982797778025457	97.53103082022406	103.50701147656238	0.0026419583008471183	1.0000885217308157
2.0689640000818703	1.9016862891259718	0.06790813282908972	0.7686225062665998	0.09982797778025457	97.53103082022406	103.50701147656238	0.0026419583008471183	1.0000885217308157
2.0689640000818703	1.9016862891259718	0.06790813282908972	0.7686225062665998	0.09982797778025457	97.53103082022406	103.50677379552927	0.0026419583008471183	1.0000885217308157
2.0689640000818703	1.9016862891259718	0.06790813282908972	0.7686225062665998	0.09982797778025457	97.53103082022406	103.50677379552927	0.0026419583008471183	1.0000885217308157
2.0689640000818703	1.9016862891259718	0.06790813282908972	0.7686225062665998	0.09982797778025457	97.53103082022406	103.50677379552927	0.0026419583008471183	1.0000885217308157
2.0689640000818703	1.9016862891259718	0.06790813282908972	0.7686225062665998	0.09982797778025457	97.53103082022406	103.50677379552927	0.0026419583008471183	1.0000885217308157
2.0689640000818703	1.9037659004383312	0.06790813282908972	0.7686225062665998	0.09982797778025457	97.53103082022406	103.50677379552927	0.0026419583008471183	1.0000885217308157
2.0689599330346073	1.9037659004383312	0.06790813282908972	0.7686225062665998	0.09982797778025457	97.53103082022406	103.50677379552927	0.0026419583008471183	1.0000885217308157
2.0689599330346073	1.90376444911788	0.06790813282908972	0.7686225062665998	0.09982797778025457	97.53103082022406	103.50677379552927	0.0026419583008471183	1.0000885217308157
2.0689599330346073	1.90376444911788	0.06790813282908972	0.7686225062665998	0.09982797778025457	97.53103082022406	103.50677379552927	0.0026419583008471183	1.0000885217308157
2.0689599330346073	1.90376444911788	0.06790813282908972	0.7686225062665998	0.09982797778025457	97.53103082022406	103.50677379552927	0.0026419583008471183	1.0000885217308157
2.0689599330346073	1.90376444911788	0.06790813282908972	0.7686225062665998	0.09982797778025457	97.53103082022406	103.50677379552927	0.0026419583008471183	1.0000886144078993
2.0689599330346073	1.90376444911788	0.06790813282908972	0.7686274669065593	0.09982797778025457	97.53103082022406	103.50677379552927	0.0026419583008471183	1.0000886144078993
2.0689599330346073	1.90376444911788	0.06790813282908972	0.7686274669065593	0.09982797778025457	97.5313264366107	103.50677379552927	0.0026419583008471183	1.0000886144078993
2.0689599330346073	1.90376444911788	0.06790813282908972	0.7686274669065593	0.09982797778025457	97.5313264366107	103.50677379552927	0.0026419583008471183	1.0000886144078993
2.0689599330346073	1.90376444911788	0.06790813282908972	0.7686274669065593	0.09982797778025457	97.5313264366107	103.50677379552927	0.0026419583008471183	1.0000886144078993
2.0689599330346073	1.90376444911788	0.06790813282908972	0.7686274669065593	0.09982797778025457	97.5313264366107	103.50677379552927	0.002641988121683936	1.0000886144078993
2.0689599330346073	1.90376444911788	0.06790813282908972	0.7686274669065593	0.09982797778025457	97.5313264366107	103.50677379552927	0.0026347805903889315	1.0000886144078993
2.0689599330346073	1.90376444911788	0.06790970430411039	0.7686274669065593	0.09982797778025457	97.5313264366107	103.50677379552927	0.0026347805903889315	1.0000886144078993
2.0689599330346073	1.90376444911788	0.06790970430411039	0.7686274669065593	0.09982797778025457	97.5313264366107	103.50677379552927	0.0026347805903889315	1.0000886144078993
2.0689599330346073	1.90376444911788	0.06790970430411039	0.7686274669065593	0.09982797778025457	97.5313264366107	103.50677379552927	0.0026347805903889315	1.0000886144078993
2.06898187947968	1.90376444911788	0.06790970430411039	0.7686274669065593	0.09982797778025457	97.5313264366107	103.50677379552927	0.0026347805903889315	1.0000886144078993
2.06898187947968	1.90376444911788	0.06790970430411039	0.7686274669065593	0.09982797778025457	97.5313264366107	103.50677379552927	0.0026347805903889315	1.0000886144078993
2.06898187947968	1.90376444911788	0.06790970430411039	0.7686274669065593	0.09982797778025457	97.5313264366107	103.50677379552927	0.0026347805903889315	1.0000886144078993
2.06898187947968	1.90376444911788	0.06790970430411039	0.7686274669065593	0.09982797778025457	97.5313264366107	103.50677379552927	0.0026347805903889315	1.0000886144078993
2.06898187947968	1.90376444911788	0.06790970430411039	0.7686274669065593	0.09982797778025457	97.53143536730022	103.50677379552927	0.0026347805903889315	1.0000886144078993
2.06898187947968	1.90376444911788	0.06790970430411039	0.7686274669065593	0.09982797778025457	97.53143536730022	103.50677379552927	0.0026347805903889315	1.0000886144078993
2.06898187947968	1.90376444911788	0.06790970430411039	0.7686274669065593	0.09981557402614409	97.53143536730022	103.50677379552927	0.0026347805903889315	1.0000886144078993
2.06898187947968	1.90376444911788	0.06790970430411039	0.7686274669065593	0.09981557402614409	97.53143536730022	103.50677379552927	0.0026347805903889315	1.0000886144078993
2.06898187947968	1.903764694151843	0.06790970430411039	0.7686274669065593	0.09981557402614409	97.53143536730022	103.50677379552927	0.0026347805903889315	1.0000886144078993
2.06898187947968	1.9037851125794805	0.06790970430411039	0.7686274669065593	0.09981557402614409	97.53143536730022	103.50677379552927	0.0026347805903889315	1.0000886144078993
2.06898187947968	1.9037851125794805	0.06790970430411039	0.7686274669065593	0.09981557402614409	97.53160520105163	103.50677379552927	0.0026347805903889315	1.0000886144078993
2.06898187947968	1.9037851125794805	0.06790970430411039	0.7686274669065593	0.09981557402614409	97.53160520105163	103.50677379552927	0.0026347805903889315	1.0000886144078993
2.06898187947968	1.9037851125794805	0.06790970430411039	0.7686274669065593	0.09981557402614409	97.53160520105163	103.50677379552927	0.0026347805903889315	1.0000886144078993
2.06898187947968	1.9037851125794805	0.06790970430411039	0.7686274669065593	0.09981557402614409	97.53160520105163	103.50677379552927	0.002633950312878655	1.0000886144078993
2.06898187947968	1.9037851125794805	0.06790970430411039	0.7686274669065593	0.09981557402614409	97.53160520105163	103.50677379552927	0.002633950312878655	1.0000886144078993
2.06898187947968	1.9037851125794805	0.06790970430411039	0.7686274669065593	0.09981557402614409	97.53160520105163	103.5070321171523	0.002633950312878655	1.0000886144078993
2.06898187947968	1.9037851125794805	0.06790970430411039	0.7686274669065593	0.09981557402614409	97.53160520105163	103.5070321171523	0.002633950312878655	1.0000886144078993
2.06898187947968	1.9037851125794805	0.06790970430411039	0.7686274669065593	0.09981557402614409	97.53160520105163	103.5070321171523	0.002633950312878655	1.0000886144078993
2.06898187947968	1.9037851125794805	0.06790970430411039	0.7686274669065593	0.09981557402614409	97.53160520105163	103.5070321171523	0.002633950312878655	1.0000886144078993
2.06898187947968	1.9037851125794805	0.06790970430411039	0.7686363895845135	0.09981557402614409	97.53160520105163	103.5070321171523	0.002633950312878655	1.0000886144078993
2.06898187947968	1.9037851125794805	0.06790970430411039	0.7686363895845135	0.09981557402614409	97.53160520105163	103.5070321171523	0.002633950312878655	1.0000886144078993
2.0689869050013363	1.9037851125794805	0.06790970430411039	0.7686363895845135	0.09981557402614409	97.53160520105163	103.5070321171523	0.002633950312878655	1.0000886144078993
2.0689869050013363	1.9037851125794805	0.06790970430411039	0.7686363895845135	0.09981557402614409	97.53160520105163	103.5070321171523	0.002633950312878655	1.0000886144078993
2.0696111561920576	1.9037851125794805	0.06790970430411039	0.7686363895845135	0.09981557402614409	97.53160520105163	103.5070321171523	0.002633950312878655	1.0000886144078993
2.0696111561920576	1.9037851125794805	0.06790970430411039	0.7686363895845135	0.09981557402614409	97.53160520105163	103.5070321171523	0.002633950312878655	1.0000886144078993
2.0696111561920576	1.9037851125794805	0.06790970430411039	0.7686363895845135	0.09981557402614409	97.53160520105163	103.5070321171523	0.002633950312878655	1.0000886144078993
2.06866517001726	1.9037851125794805	0.06790970430411039	0.7686363895845135	0.09981557402614409	97.53160520105163	103.5070321171523	0.002633950312878655	1.0000886144078993
2.0686521587814624	1.9037851125794805	0.06790970430411039	0.7686363895845135	0.09981557402614409	97.53160520105163	103.5070321171523	0.002633950312878655	1.0000886144078993
2.06864302431257	1.9037851125794805	0.06790970430411039	0.7686363895845135	0.09981557402614409	97.53160520105163	103.5070321171523	0.002633950312878655	1.0000886144078993
2.06864302431257	1.9037851125794805	0.06790970430411039	0.7686363895845135	0.09981557402614409	97.53160520105163	103.5070321171523	0.002633950312878655	1.0000886144078993
2.06864302431257	1.9037851125794805	0.06790970430411039	0.7686363895845135	0.09981557402614409	97.53160520105163	103.5070321171523	0.002633950312878655	1.0000936483751872
2.06864302431257	1.9037851125794805	0.06790970430411039	0.7686363895845135	0.09981557402614409	97.53160520105163	103.5070321171523	0.002633950312878655	1.0000936483751872
2.06864302431257	1.9037851125794805	0.06790970430411039	0.7686363895845135	0.09981557402614409	97.53160520105163	103.5070321171523	0.002633950312878655	1.0000936483751872
2.06864302431257	1.9037851125794805	0.06790970430411039	0.7686363895845135	0.09981557402614409	97.53160520105163	103.5070321171523	0.002633950312878655	1.0000936483751872
2.06864302431257	1.9037851125794805	0.06790970430411039	0.7686363895845135	0.09981557402614409	97.53160520105163	103.5070321171523	0.002633950312878655	1.0000936483751872
2.06864302431257	1.9037851125794805	0.06790970430411039	0.7686363895845135	0.09981557402614409	97.53160520105163	103.5070321171523	0.002633950312878655	1.0000936483751872
2.06864302431257	1.9037851125794805	0.06790970430411039	0.7686363895845135	0.09981448923693842	97.53160520105163	103.5070321171523	0.002633950312878655	1.0000936483751872
2.06864302431257	1.9037860369617254	0.06790970430411039	0.7686363895845135	0.09981448923693842	97.53160520105163	103.5070321171523	0.002633950312878655	1.0000936483751872
2.06864302431257	1.9037860369617254	0.06790970430411039	0.7686363895845135	0.09981448923693842	97.53160520105163	103.5070321171523	0.002633950312878655	1.0000936483751872
2.06864302431257	1.9037860369617254	0.06790970430411039	0.7686363895845135	0.09981448923693842	97.53160520105163	103.5070321171523	0.0026225354695472223	1.0000936483751872
2.06864302431257	1.9037860369617254	0.06790970430411039	0.7686363895845135	0.09981448923693842	97.53160520105163	103.5070321171523	0.0026225354695472223	1.0000936483751872
2.06864302431257	1.9037860369617254	0.06790970430411039	0.7686363895845135	0.09981448923693842	97.53160520105163	103.5070321171523	0.002622413787269496	1.0000936483751872
2.06864302431257	1.9037860369617254	0.06790970430411039	0.7686363895845135	0.09981448923693842	97.53160520105163	103.5070321171523	0.002622413787269496	1.0000936483751872
2.06864302431257	1.9037860369617254	0.06790970430411039	0.7686363895845135	0.09981448923693842	97.53160520105163	103.5070321171523	0.002622413787269496	1.0000936483751872
2.06864302431257	1.8953937390457911	0.06790970430411039	0.7686363895845135	0.09981448923693842	97.53160520105163	103.5070321171523	0.002622413787269496	1.0000936483751872
2.06864302431257	1.8953937390457911	0.06790970430411039	0.7686363895845135	0.09981448923693842	97.53160520105163	103.5070321171523	0.002622413787269496	1.0000936483751872
2.06864302431257	1.8953937390457911	0.06790673436578822	0.7686363895845135	0.09981448923693842	97.53160520105163	103.5070321171523	0.002622413787269496	1.0000936483751872
2.06864302431257	1.8953937390457911	0.06790673436578822	0.7686363895845135	0.09981448923693842	97.53160520105163	103.5070321171523	0.002622413787269496	1.0000936483751872
2.06864302431257	1.8953937390457911	0.06790673436578822	0.7686363895845135	0.09981448923693842	97.53160520105163	103.5070321171523	0.002559665543711556	1.0000936483751872
2.06864302431257	1.8953937390457911	0.06790673436578822	0.7686363895845135	0.09981448923693842	97.53158673100336	103.5070321171523	0.002559665543711556	1.0000936483751872
2.06864302431257	1.8953937390457911	0.06790673436578822	0.7686363895845135	0.09981448923693842	97.53158673100336	103.5070321171523	0.002559665543711556	1.0000936483751872
2.06864302431257	1.8953937390457911	0.06790673436578822	0.7686363895845135	0.09981448923693842	97.53158673100336	103.5070321171523	0.0025594660491562245	1.0000936483751872
2.06864302431257	1.8953937390457911	0.06790673436578822	0.7686363895845135	0.09981448923693842	97.53158673100336	103.5070321171523	0.0025594660491562245	1.0000936483751872
2.06864302431257	1.8953937390457911	0.0679419078493501	0.7686363895845135	0.09981448923693842	97.53158673100336	103.5070321171523	0.0025594660491562245	1.0000936483751872
2.06864302431257	1.8953937390457911	0.0679419078493501	0.7686363895845135	0.09981448923693842	97.53158673100336	103.5070321171523	0.0025594660491562245	1.0000936483751872
2.06864302431257	1.8953937390457911	0.0679419078493501	0.7686363895845135	0.09981448923693842	97.5316183392334	103.5070321171523	0.0025594660491562245	1.0000936483751872
2.06864302431257	1.8954442238637048	0.0679419078493501	0.7686363895845135	0.09981448923693842	97.5316183392334	103.5070321171523	0.0025594660491562245	1.0000936483751872
2.06864302431257	1.8954442238637048	0.0679419078493501	0.7686363895845135	0.09981448923693842	97.5203299683599	103.5070321171523	0.0025594660491562245	1.0000936483751872
2.06864302431257	1.8954442238637048	0.0679419078493501	0.7686363895845135	0.09980868034172527	97.5203299683599	103.5070321171523	0.0025594660491562245	1.0000936483751872
2.06864302431257	1.8954442238637048	0.0679419078493501	0.7686363895845135	0.09980868034172527	97.5203299683599	103.5070321171523	0.0025594660491562245	1.0000936483751872
2.06864302431257	1.8954442238637048	0.0679419078493501	0.7686363895845135	0.09980868034172527	97.52032537033278	103.5070321171523	0.0025594660491562245	1.0000936483751872
2.06864302431257	1.8954442238637048	0.0679419078493501	0.7686363895845135	0.09980868034172527	97.51978590400216	103.5070321171523	0.0025594660491562245	1.0000936483751872
2.06864302431257	1.8954442238637048	0.0679419078493501	0.7686363895845135	0.09981739152390963	97.51978590400216	103.5070321171523	0.0025594660491562245	1.0000936483751872
2.06864302431257	1.8954442238637048	0.0679419078493501	0.7686363895845135	0.09981739152390963	97.51978590400216	103.5070321171523	0.0025594660491562245	1.0000936483751872
2.06864302431257	1.8954442238637048	0.0679419078493501	0.768639717914086	0.09981739152390963	97.51978590400216	103.5070321171523	0.0025594660491562245	1.0000936483751872
2.06864302431257	1.8954442238637048	0.0679419078493501	0.768639717914086	0.09981739152390963	97.51978590400216	103.5070321171523	0.002570588792781336	1.0000936483751872
2.06864302431257	1.8954442238637048	0.0679419078493501	0.7685991198286306	0.09981739152390963	97.51978590400216	103.5070321171523	0.002570588792781336	1.0000936483751872
2.06864302431257	1.8954442238637048	0.0679419078493501	0.7685991198286306	0.09981739152390963	97.51190458988151	103.5070321171523	0.002570588792781336	1.0000936483751872
2.06864302431257	1.8954442238637048	0.0679419078493501	0.7685991198286306	0.09981739152390963	97.51190458988151	103.5070321171523	0.002570588792781336	1.0000936483751872
2.0686431476354423	1.8954442238637048	0.0679419078493501	0.7685991198286306	0.09981739152390963	97.51190458988151	103.5070321171523	0.002570588792781336	1.0000936483751872
2.0686431476354423	1.8954442238637048	0.0679419078493501	0.7685991198286306	0.09981739152390963	97.51190458988151	103.5070321171523	0.002570588792781336	1.0000936483751872
2.0686431476354423	1.8954442238637048	0.0679419078493501	0.7685991198286306	0.09981739152390963	97.51190458988151	103.47418907488382	0.002570588792781336	1.0000936483751872
2.0686431476354423	1.8954442238637048	0.0679419078493501	0.7685991198286306	0.09981739152390963	97.51190458988151	103.47418907488382	0.002570588792781336	1.0000936413673487
2.0686431476354423	1.8954442238637048	0.0679419078493501	0.7685991198286306	0.09981598736362533	97.51190458988151	103.47418907488382	0.002570588792781336	1.0000936413673487
2.0686431476354423	1.8954442238637048	0.06793661631150746	0.7685991198286306	0.09981598736362533	97.51190458988151	103.47418907488382	0.002570588792781336	1.0000936413673487
2.0686431476354423	1.8954442238637048	0.06793661631150746	0.7685991198286306	0.09981598736362533	97.51190458988151	103.47418907488382	0.002570588792781336	1.0000936413673487
2.0686431476354423	1.8954442238637048	0.06793661631150746	0.7685991198286306	0.09981598736362533	97.51190458988151	103.47418907488382	0.002570588792781336	1.0000932863934051
2.0686431476354423	1.8954442238637048	0.06793661631150746	0.7685991198286306	0.09982451988938014	97.51190458988151	103.47418907488382	0.002570588792781336	1.0000932863934051
2.0686431476354423	1.8954442238637048	0.06793661631150746	0.7685991198286306	0.09982451988938014	97.51190458988151	103.47418907488382	0.002570588792781336	1.0000932863934051
2.0686431476354423	1.8954442238637048	0.06793661631150746	0.7685991198286306	0.0997023981642918	97.51190458988151	103.47418907488382	0.002570588792781336	1.0000932863934051
2.0686431476354423	1.8954442238637048	0.06793661631150746	0.7685991198286306	0.0997023981642918	97.51190458988151	103.47556616472868	0.002570588792781336	1.0000932863934051
2.0686431476354423	1.8954442238637048	0.06793661631150746	0.7685991198286306	0.0997023981642918	97.51190458988151	103.53204971839799	0.002570588792781336	1.0000932863934051
2.0686431476354423	1.8954442238637048	0.06793661631150746	0.7685991198286306	0.0997023981642918	97.5119416106248	103.53204971839799	0.002570588792781336	1.0000932863934051
2.0686431476354423	1.8954442238637048	0.06793661631150746	0.7685991198286306	0.0997023981642918	97.5119416106248	103.53204971839799	0.002570678632419921	1.0000932863934051
2.0686431476354423	1.8954442238637048	0.06793661631150746	0.7685991198286306	0.0997023981642918	97.5119416106248	103.53204971839799	0.002570678632419921	1.0000932863934051
2.0686431476354423	1.8954442238637048	0.06793661631150746	0.7685991198286306	0.0997023981642918	97.5119416106248	103.53204971839799	0.002570678632419921	1.0000932863934051
2.0686431476354423	1.8954442238637048	0.06793661631150746	0.7685991198286306	0.0997023981642918	97.5119416106248	103.55051181362876	0.002570678632419921	1.0000932863934051
2.0686431476354423	1.8954442238637048	0.06793661631150746	0.7685991198286306	0.0997023981642918	97.5119416106248	103.55051181362876	0.002570678632419921	1.0000932863934051
2.0686431476354423	1.8954442238637048	0.06793661631150746	0.7685991198286306	0.0997023981642918	97.5119416106248	103.55051181362876	0.0025721915282558307	1.0000932863934051
2.0686431476354423	1.8954442238637048	0.06793661631150746	0.7685991198286306	0.09969880778818926	97.5119416106248	103.55051181362876	0.0025721915282558307	1.0000932863934051
2.0686431476354423	1.8954442238637048	0.06793661631150746	0.7685991198286306	0.09969880778818926	97.5119416106248	103.55051181362876	0.0025721915282558307	1.0000932863934051
2.0686431476354423	1.8954442238637048	0.06792252708223616	0.7685991198286306	0.09969880778818926	97.5119416106248	103.55051181362876	0.0025721915282558307	1.0000932863934051
2.068643031150073	1.8954442238637048	0.06792252708223616	0.7685991198286306	0.09969880778818926	97.5119416106248	103.55051181362876	0.0025721915282558307	1.0000932863934051
2.068643031150073	1.8954442238637048	0.06792252708223616	0.7685991198286306	0.09969880778818926	97.5119416106248	103.55051181362876	0.0025721915282558307	1.0000932863934051
2.068643031150073	1.8954442238637048	0.06792252708223616	0.7685991198286306	0.09969880778818926	97.5119416106248	103.55051181362876	0.0025721915282558307	1.0000932863934051
2.068643031150073	1.8954442238637048	0.06792252708223616	0.7685991198286306	0.09970026387262879	97.5119416106248	103.55051181362876	0.0025721915282558307	1.0000932863934051
2.068643031150073	1.8954442238637048	0.06792252708223616	0.7685991198286306	0.09970026387262879	97.5119416106248	103.55051181362876	0.0025721915282558307	1.0000932863934051
2.068643031150073	1.8954442238637048	0.06792252708223616	0.7685991198286306	0.09970026387262879	97.5119416106248	103.55051181362876	0.0025721915282558307	1.0000932863934051
2.068643031150073	1.8954442238637048	0.06792252708223616	0.7685991198286306	0.09970026387262879	97.5119416106248	103.55051181362876	0.0025714621890387643	1.0000932863934051
2.068643031150073	1.8954442238637048	0.06792252708223616	0.7685991198286306	0.09970026387262879	97.5119416106248	103.55051181362876	0.0025714621890387643	1.0000932863934051
2.068643031150073	1.8954442238637048	0.06792252708223616	0.7685991198286306	0.09970026387262879	97.5119416106248	103.55051181362876	0.002565553371099235	1.0000932863934051
2.068643031150073	1.8954442238637048	0.06792252708223616	0.7685991198286306	0.09970026387262879	97.5119416106248	103.55051181362876	0.0024434244405635375	1.0000932863934051
2.068643031150073	1.8954442238637048	0.06792252708223616	0.7685991198286306	0.09970026387262879	97.51147889615606	103.55051181362876	0.0024434244405635375	1.0000932863934051
2.068643031150073	1.8954442238637048	0.06792252708223616	0.7685991198286306	0.09970026387262879	97.51147889615606	103.55051181362876	0.0024434244405635375	1.0000932863934051
2.068643031150073	1.8954442238637048	0.06792252708223616	0.7685991198286306	0.09970026387262879	97.49928470745179	103.55051181362876	0.0024434244405635375	1.0000932863934051
2.068643031150073	1.8954442238637048	0.06792923807695042	0.7685991198286306	0.09970026387262879	97.49928470745179	103.55051181362876	0.0024434244405635375	1.0000932863934051
2.068643031150073	1.8954442238637048	0.06792923807695042	0.7685991198286306	0.09970026387262879	97.49928470745179	103.55051181362876	0.0024434244405635375	1.0000932863934051
2.068643031150073	1.8954442238637048	0.06792923807695042	0.7685991198286306	0.09970026387262879	97.49928470745179	103.55051181362876	0.0024372372955038216	1.0000932863934051
2.068643031150073	1.8954442238637048	0.06792923807695042	0.7685991198286306	0.09970026387262879	97.49928470745179	102.27054495430536	0.0024372372955038216	1.0000932863934051
2.068643031150073	1.8954442238637048	0.06792923807695042	0.768595819262231	0.09970026387262879	97.49928470745179	102.27054495430536	0.0024372372955038216	1.0000932863934051
2.06860803387771	1.8954442238637048	0.06792923807695042	0.768595819262231	0.09970026387262879	97.49928470745179	102.27054495430536	0.0024372372955038216	1.0000932863934051
2.06860803387771	1.8954442238637048	0.06792923807695042	0.768595819262231	0.09970026387262879	97.49928470745179	102.27054495430536	0.0024372372955038216	1.0000932863934051
2.06860803387771	1.8954442238637048	0.06792923807695042	0.768595819262231	0.09970026387262879	97.49928470745179	102.27054495430536	0.0024380192429498313	1.0000932863934051
2.06860803387771	1.8954442238637048	0.06792923807695042	0.768595819262231	0.09970026387262879	97.49928470745179	102.27054495430536	0.0024380192429498313	1.0000932863934051
2.06860803387771	1.8954442238637048	0.06792923807695042	0.768595819262231	0.09970026387262879	97.49928470745179	102.27054495430536	0.0024380192429498313	1.0000932863934051
2.0666348404223513	1.8954442238637048	0.06792923807695042	0.768595819262231	0.09970026387262879	97.49928470745179	102.27054495430536	0.0024380192429498313	1.0000932863934051
2.0666348404223513	1.8954436850365575	0.06792923807695042	0.768595819262231	0.09970026387262879	97.49928470745179	102.27054495430536	0.0024380192429498313	1.0000932863934051
2.0666348404223513	1.8953511839188584	0.06792923807695042	0.768595819262231	0.09970026387262879	97.49928470745179	102.27054495430536	0.0024380192429498313	1.0000932863934051
2.0666348404223513	1.8953511839188584	0.06805925114048893	0.768595819262231	0.09970026387262879	97.49928470745179	102.27054495430536	0.0024380192429498313	1.0000932863934051
2.0666348404223513	1.8953511839188584	0.06805925114048893	0.768595819262231	0.09970026387262879	97.49928470745179	102.27054495430536	0.0024380192429498313	1.0000932863934051
2.0666348404223513	1.8953511839188584	0.06805925114048893	0.768595819262231	0.09970026387262879	97.49928470745179	102.27054495430536	0.0024380192429498313	1.0000932863934051
2.0673052303412995	1.8953511839188584	0.06805925114048893	0.768595819262231	0.09970026387262879	97.49928470745179	102.27054495430536	0.0024380192429498313	1.0000932863934051
2.0673052303412995	1.8953511839188584	0.06805925114048893	0.768595819262231	0.09970026387262879	97.49928470745179	102.27054495430536	0.0024608350033271382	1.0000932863934051
2.0673052303412995	1.8953511839188584	0.06805925114048893	0.768595819262231	0.10017364722344906	97.49928470745179	102.27054495430536	0.0024608350033271382	1.0000932863934051
2.0673052303412995	1.8953511839188584	0.06805925114048893	0.768595819262231	0.10017364722344906	97.49928470745179	102.27054495430536	0.002453400755828348	1.0000932863934051
2.0673052303412995	1.8953511839188584	0.06805925114048893	0.768587643481435	0.10017364722344906	97.49928470745179	102.27054495430536	0.002453400755828348	1.0000932863934051
2.0673052303412995	1.8953511839188584	0.06805925114048893	0.768587643481435	0.10017364722344906	97.49928470745179	102.27054495430536	0.002453400755828348	1.0000888570291033
2.0673052303412995	1.8953511839188584	0.06805925114048893	0.768587643481435	0.10017364722344906	97.49928470745179	102.27054495430536	0.002453400755828348	1.0001289622079284
2.0673052303412995	1.8953511839188584	0.06805925114048893	0.768587643481435	0.10017362376121175	97.49928470745179	102.27054495430536	0.002453400755828348	1.0001289622079284
2.0673052303412995	1.8953511839188584	0.06805925114048893	0.768587643481435	0.09987067234768979	97.49928470745179	102.27054495430536	0.002453400755828348	1.0001289622079284
2.0673052303412995	1.8953511839188584	0.06805925114048893	0.768587643481435	0.09987067234768979	97.49928470745179	102.27054495430536	0.002453400755828348	1.0001284765646699
2.0673052303412995	1.8953507128605525	0.06805925114048893	0.768587643481435	0.09987067234768979	97.49928470745179	102.27054495430536	0.002453400755828348	1.0001284765646699
2.0673052303412995	1.8953507128605525	0.06805925114048893	0.768587643481435	0.09987067234768979	97.49928470745179	102.27054495430536	0.002453400755828348	1.0001284765646699
2.0673052303412995	1.899994572851013	0.06805925114048893	0.768587643481435	0.09987067234768979	97.49928470745179	102.27054495430536	0.002453400755828348	1.0001284765646699
2.0673052303412995	1.899994572851013	0.06805925114048893	0.768587643481435	0.09987067234768979	97.49928470745179	102.27054495430536	0.002453400755828348	1.0001284765646699
2.0673052303412995	1.899994572851013	0.06805925114048893	0.768587643481435	0.09987067234768979	97.49928470745179	102.27054495430536	0.002453400755828348	1.0001284765646699
2.0673052303412995	1.899994572851013	0.06805925114048893	0.768587643481435	0.09987067234768979	97.49928470745179	102.27054495430536	0.002453400755828348	1.0001283761736828
2.0673052303412995	1.899994572851013	0.06805925114048893	0.768587643481435	0.09987067234768979	97.49928470745179	102.27054495430536	0.002453400755828348	1.0001283761736828
2.0673052303412995	1.899994572851013	0.06805925114048893	0.768587643481435	0.09987067234768979	97.49928470745179	102.27054495430536	0.002453400755828348	1.0001283761736828
2.0673052303412995	1.899994572851013	0.06805925114048893	0.768587643481435	0.09987067234768979	97.49928470745179	102.27054495430536	0.002453400755828348	1.0001118311568193
2.0673052303412995	1.899994572851013	0.06805925114048893	0.768587643481435	0.09987067234768979	97.49928470745179	102.27054495430536	0.002453400755828348	1.0001118311568193
2.0673052303412995	1.899994572851013	0.06805925114048893	0.768587643481435	0.09987067234768979	97.49928470745179	102.27054495430536	0.002453400755828348	1.0001118311568193
2.0673052303412995	1.899994572851013	0.06805925114048893	0.768587643481435	0.09987067234768979	97.49928470745179	102.27054495430536	0.002453400755828348	1.0001118311568193
2.0673052303412995	1.899994572851013	0.06805925114048893	0.768587643481435	0.09987067234768979	97.49928470745179	102.27361043766241	0.002453400755828348	1.0001118311568193
2.0673052303412995	1.899994572851013	0.06805925114048893	0.768587643481435	0.09987067234768979	97.49928470745179	102.27361043766241	0.002453400755828348	1.0001118311568193
2.0673052303412995	1.899994572851013	0.06805925114048893	0.768587643481435	0.09987067234768979	97.49928470745179	102.27361043766241	0.002453400755828348	1.0001118311568193
2.0673052303412995	1.899994572851013	0.06805925114048893	0.768587643481435	0.09987067234768979	97.49928470745179	102.26989537107106	0.002453400755828348	1.0001118311568193
2.0673052303412995	1.899994572851013	0.06805925114048893	0.768587643481435	0.09987067234768979	97.49928470745179	102.26989537107106	0.002453400755828348	1.0001118311568193
2.0673052303412995	1.899994572851013	0.06805925114048893	0.768587643481435	0.09987067234768979	97.49928470745179	102.26989537107106	0.002453400755828348	1.0001118311568193
2.0673052303412995	1.899994572851013	0.06805925114048893	0.768587643481435	0.09987067234768979	97.49928470745179	102.26989537107106	0.002453400755828348	1.0001118311568193
2.0673052303412995	1.899994572851013	0.06805925114048893	0.768587643481435	0.09987067234768979	97.49928470745179	102.26989537107106	0.002453400755828348	1.0001118311568193
2.0673052303412995	1.899994572851013	0.06805925114048893	0.768587643481435	0.09987067234768979	97.49937219263508	102.26989537107106	0.002453400755828348	1.0001118311568193
2.0673052303412995	1.899994572851013	0.06805925114048893	0.768587643481435	0.09987067234768979	97.49923877413113	102.26989537107106	0.002453400755828348	1.0001118311568193
2.0673052303412995	1.899994572851013	0.06805925114048893	0.768587643481435	0.09987067234768979	97.4992420172983	102.26989537107106	0.002453400755828348	1.0001118311568193
2.0677523035745895	1.899994572851013	0.06805925114048893	0.768587643481435	0.09987067234768979	97.4992420172983	102.26989537107106	0.002453400755828348	1.0001118311568193
2.0677523035745895	1.899994572851013	0.06805925114048893	0.768587643481435	0.09987067234768979	97.4992420172983	102.26989537107106	0.002453400755828348	1.0001118311568193
2.0677523035745895	1.899994572851013	0.06805925114048893	0.7687576533203897	0.09987067234768979	97.4992420172983	102.26989537107106	0.002453400755828348	1.0001118311568193
2.0677523035745895	1.899994572851013	0.06805925114048893	0.7687576533203897	0.09987067234768979	97.4992420172983	102.26989537107106	0.002453400755828348	1.0001118311568193
2.0677523035745895	1.899994572851013	0.06805925114048893	0.7687576533203897	0.09987067234768979	97.4992420172983	102.26989537107106	0.002453400755828348	1.0001118311568193
2.0677523035745895	1.899994572851013	0.06805925114048893	0.7687576533203897	0.09987067234768979	97.49926692070028	102.26989537107106	0.002453400755828348	1.0001118311568193
2.0677523035745895	1.9000190578752278	0.06805925114048893	0.7687576533203897	0.09987067234768979	97.49926692070028	102.26989537107106	0.002453400755828348	1.0001118311568193
2.0677523035745895	1.9000190578752278	0.06805925114048893	0.7687576533203897	0.099868509792904	97.49926692070028	102.26989537107106	0.002453400755828348	1.0001118311568193
2.0677523035745895	1.9000190578752278	0.06793876340211229	0.7687576533203897	0.099868509792904	97.49926692070028	102.26989537107106	0.002453400755828348	1.0001118311568193
2.0677523035745895	1.9000190578752278	0.06793876340211229	0.7686264254720687	0.099868509792904	97.49926692070028	102.26989537107106	0.002453400755828348	1.0001118311568193
2.0678044210895776	1.9000190578752278	0.06793876340211229	0.7686264254720687	0.099868509792904	97.49926692070028	102.26989537107106	0.002453400755828348	1.0001118311568193
2.0678044210895776	1.9000190578752278	0.06793876340211229	0.7686264254720687	0.099868509792904	97.50123546150627	102.26989537107106	0.002453400755828348	1.0001118311568193
2.0678044210895776	1.9000190578752278	0.06793876340211229	0.7686264254720687	0.099868509792904	97.50123546150627	102.5483951150815	0.002453400755828348	1.0001118311568193
2.0678044210895776	1.9000190578752278	0.06793876340211229	0.7686264254720687	0.099868509792904	97.50123546150627	102.5483951150815	0.002453400755828348	1.0001118311568193
2.0678044210895776	1.9000190578752278	0.06793876340211229	0.7686264254720687	0.099868509792904	97.50123546150627	102.5483951150815	0.002453400755828348	1.0001118311568193
2.0678044210895776	1.9000190578752278	0.06793876340211229	0.7686264254720687	0.09986665613638719	97.50123546150627	102.5483951150815	0.002453400755828348	1.0001118311568193
2.0678044210895776	1.9000190578752278	0.06793876340211229	0.7686264254720687	0.09986665613638719	97.50123546150627	102.5483951150815	0.0024533164113092008	1.0001118311568193
2.0678044210895776	1.9000190578752278	0.06793876340211229	0.7686264254720687	0.09986665613638719	97.50123546150627	102.5483951150815	0.002440316640609763	1.0001118311568193
2.0678044210895776	1.9000190578752278	0.06793876340211229	0.7686264254720687	0.09986665613638719	97.50123546150627	102.5483951150815	0.002440549120819399	1.0001118311568193
2.0678044210895776	1.9000190578752278	0.06793876340211229	0.7686264254720687	0.09986665613638719	97.50123546150627	102.5483951150815	0.002440549120819399	1.0001118311568193
2.0678044210895776	1.9000190578752278	0.06793876340211229	0.7686264254720687	0.09986665613638719	97.50123546150627	102.5483951150815	0.0024405984135181438	1.0001118311568193
2.0678044210895776	1.9000190578752278	0.06793876340211229	0.7686264254720687	0.09986665613638719	97.50123546150627	102.5483951150815	0.0024405984135181438	1.0001118311568193
2.0678044210895776	1.9000190578752278	0.06793876340211229	0.7686264254720687	0.09986665613638719	97.50123546150627	102.5483951150815	0.0024405984135181438	1.0001118311568193
2.0678044210895776	1.9000190578752278	0.06793876340211229	0.7686264254720687	0.09986665613638719	97.50123546150627	102.5483951150815	0.0024407981451626177	1.0001118311568193
2.0678044210895776	1.9000190578752278	0.06793876340211229	0.7686264254720687	0.09986665613638719	97.50123546150627	102.54848385917285	0.0024407981451626177	1.0001118311568193
2.0678044210895776	1.9000190578752278	0.06793876340211229	0.7686264254720687	0.09986665613638719	97.50123546150627	102.54848385917285	0.0024222241295162325	1.0001118311568193
2.0678044210895776	1.9000190578752278	0.06793876340211229	0.7686264254720687	0.09986665613638719	97.50123546150627	102.54848385917285	0.0024222241295162325	1.0001118311568193
2.0678044210895776	1.9000190578752278	0.06791648245704346	0.7686264254720687	0.09986665613638719	97.50123546150627	102.54848385917285	0.0024222241295162325	1.0001118311568193
2.0678044210895776	1.9000190578752278	0.06791648245704346	0.7686264254720687	0.09986665613638719	97.50123546150627	102.54848385917285	0.0024222241295162325	1.0001118311568193
2.0678044210895776	1.9000190578752278	0.06791648245704346	0.7686264254720687	0.09986665613638719	97.50123546150627	102.54848385917285	0.0024222241295162325	1.0001118311568193
2.0678044210895776	1.9000190578752278	0.06791648245704346	0.7686264254720687	0.09986665613638719	97.50123546150627	102.54848385917285	0.0024222241295162325	1.0001118311568193
2.0678044210895776	1.9000190578752278	0.06791648245704346	0.7686264254720687	0.09986437367250749	97.50123546150627	102.54848385917285	0.0024222241295162325	1.0001118311568193
2.0678044210895776	1.9000190578752278	0.06791648245704346	0.7686264254720687	0.09986437367250749	97.50123546150627	102.54848385917285	0.0024222241295162325	1.0001118311568193
2.0678044210895776	1.9000190578752278	0.06791648245704346	0.7686264254720687	0.09986437367250749	97.50123546150627	102.54848385917285	0.0024222241295162325	1.0001118311568193
2.0678044210895776	1.9000190578752278	0.06791648245704346	0.7686264254720687	0.09986437367250749	97.50123546150627	102.54848385917285	0.0024222241295162325	1.0001118311568193
2.0678044210895776	1.9000190578752278	0.06791648245704346	0.7686264254720687	0.09986437367250749	97.50123546150627	102.54848385917285	0.0024222241295162325	1.0001118311568193
2.0678044210895776	1.9001092584376549	0.06791648245704346	0.7686264254720687	0.09986437367250749	97.50123546150627	102.54848385917285	0.0024222241295162325	1.0001118311568193
2.067896542919519	1.9001092584376549	0.06791648245704346	0.7686264254720687	0.09986437367250749	97.50123546150627	102.54848385917285	0.0024222241295162325	1.0001118311568193
2.067896542919519	1.9001092584376549	0.06791648245704346	0.7686264254720687	0.09986437367250749	97.50123546150627	102.54848385917285	0.0024222241295162325	1.0001118311568193
2.067896542919519	1.9001092584376549	0.06791648245704346	0.7686264254720687	0.09986437367250749	97.50123546150627	102.63786939417898	0.0024222241295162325	1.0001118311568193
2.067896542919519	1.9001092584376549	0.06791648245704346	0.7686264254720687	0.09986437367250749	97.50123546150627	102.63786939417898	0.0024222241295162325	1.0001118311568193
2.067896542919519	1.9001092584376549	0.06791648245704346	0.7686264254720687	0.09986437367250749	97.50123546150627	102.63786939417898	0.0024222241295162325	1.0001118311568193
2.067896542919519	1.9001092584376549	0.06791648245704346	0.7686264254720687	0.09986437367250749	97.5009721365927	102.63786939417898	0.0024222241295162325	1.0001118311568193
2.067896542919519	1.9001092584376549	0.06791648245704346	0.7686264254720687	0.09986437367250749	97.5009721365927	102.63786939417898	0.0024222241295162325	1.0001118311568193
2.067896542919519	1.9001092584376549	0.06788695123724496	0.7686264254720687	0.09986437367250749	97.5009721365927	102.63786939417898	0.0024222241295162325	1.0001118311568193
2.067896542919519	1.9001092584376549	0.06788695123724496	0.7686264254720687	0.09987268253909987	97.5009721365927	102.63786939417898	0.0024222241295162325	1.0001118311568193
2.067896542919519	1.9001092584376549	0.06788695123724496	0.7686264254720687	0.09987268253909987	97.5009721365927	102.63786939417898	0.0024222241295162325	1.0001118311568193
2.067896542919519	1.9001092584376549	0.06788695123724496	0.7686264254720687	0.09987268253909987	97.5009721365927	102.63786939417898	0.0024222241295162325	1.0001118529255701
2.067896542919519	1.9001092584376549	0.06788695123724496	0.7686264254720687	0.09987268253909987	97.50114390730249	102.63786939417898	0.0024222241295162325	1.0001118529255701
2.067896542919519	1.9001092584376549	0.06788695123724496	0.7686264254720687	0.09987268253909987	97.50147543658126	102.63786939417898	0.0024222241295162325	1.0001118529255701
2.067896542919519	1.9001092584376549	0.06788695123724496	0.7686351063788653	0.09987268253909987	97.50147543658126	102.63786939417898	0.0024222241295162325	1.0001118529255701
2.0679038915731036	1.9001092584376549	0.06788695123724496	0.7686351063788653	0.09987268253909987	97.50147543658126	102.63786939417898	0.0024222241295162325	1.0001118529255701
2.0679038915731036	1.9001092584376549	0.06788695123724496	0.7686351063788653	0.09987268253909987	97.50147543658126	102.63786939417898	0.0024222241295162325	1.0001118529255701
2.0679038915731036	1.9001092584376549	0.06788695123724496	0.7686351063788653	0.09987268253909987	97.50147543658126	102.63786939417898	0.0024222241295162325	1.0001118529255701
2.0679038915731036	1.9001092584376549	0.06788695123724496	0.7686351063788653	0.09987268253909987	97.50147543658126	102.68798699560124	0.0024222241295162325	1.0001118529255701
2.0679038915731036	1.9001092584376549	0.06788695123724496	0.7686351063788653	0.09987268253909987	97.50147543658126	102.7091843883684	0.0024222241295162325	1.0001118529255701
2.0679038915731036	1.9001092584376549	0.06788695123724496	0.7686351063788653	0.09987015996577131	97.50147543658126	102.7091843883684	0.0024222241295162325	1.0001118529255701
2.0679038915731036	1.9001092584376549	0.06788695123724496	0.7686351063788653	0.09987015996577131	97.50147543658126	102.7091843883684	0.0024222241295162325	1.0001120376260584
2.0679038915731036	1.899098767953503	0.06788695123724496	0.7686351063788653	0.09987015996577131	97.50147543658126	102.7091843883684	0.0024222241295162325	1.0001120376260584
2.0679038915731036	1.899098767953503	0.06788695123724496	0.7686351063788653	0.09987015996577131	97.50147543658126	102.7091843883684	0.0024222241295162325	1.0001120376260584
2.0678203072119152	1.899098767953503	0.06788695123724496	0.7686351063788653	0.09987015996577131	97.50147543658126	102.7091843883684	0.0024222241295162325	1.0001120376260584
2.0678203072119152	1.899098767953503	0.06808249918364655	0.7686351063788653	0.09987015996577131	97.50147543658126	102.7091843883684	0.0024222241295162325	1.0001120376260584
2.0678203072119152	1.899098767953503	0.06808249918364655	0.7686351063788653	0.09987015996577131	97.50147543658126	102.7091843883684	0.0024222241295162325	1.0001120376260584
2.0678203072119152	1.899098767953503	0.06808249918364655	0.7686351063788653	0.09987015996577131	97.50147543658126	102.69945721775424	0.0024222241295162325	1.0001120376260584
2.0678203072119152	1.899098767953503	0.06808249918364655	0.7686351063788653	0.09987015996577131	97.50147543658126	102.69945721775424	0.0024222241295162325	1.0001120376260584
2.0678203072119152	1.899098767953503	0.06808249918364655	0.7684398699275948	0.09987015996577131	97.50147543658126	102.69945721775424	0.0024222241295162325	1.0001120376260584
2.0678203072119152	1.899098767953503	0.06808249918364655	0.7684398699275948	0.09987015996577131	97.50147543658126	102.69945721775424	0.0024222241295162325	1.0001120376260584
2.0678203072119152	1.898588963889699	0.06808249918364655	0.7684398699275948	0.09987015996577131	97.50147543658126	102.69945721775424	0.0024222241295162325	1.0001120376260584
2.0678203072119152	1.898588963889699	0.06808249918364655	0.7684398699275948	0.09987015996577131	97.50290713234133	102.69945721775424	0.0024222241295162325	1.0001120376260584
2.0678203072119152	1.898588963889699	0.06808249918364655	0.7684398699275948	0.09987015996577131	97.50290713234133	102.69945721775424	0.0024222241295162325	1.0001120376260584
2.0678203072119152	1.898588963889699	0.06808249918364655	0.7684398699275948	0.09987053385664771	97.50290713234133	102.69945721775424	0.0024222241295162325	1.0001120376260584
2.0678203072119152	1.898588963889699	0.06808249918364655	0.7684398699275948	0.09987053385664771	97.50290713234133	102.69945721775424	0.0024222241295162325	1.0000790799953199
2.0678203072119152	1.898588963889699	0.0680866649336137	0.7684398699275948	0.09987053385664771	97.50290713234133	102.69945721775424	0.0024222241295162325	1.0000790799953199
2.0678203072119152	1.898588963889699	0.0680866649336137	0.7684398699275948	0.09987053385664771	97.50290713234133	102.69945721775424	0.0025288268383539298	1.0000790799953199
2.0678203072119152	1.898588963889699	0.0680866649336137	0.7684398699275948	0.09987053385664771	97.50290713234133	102.69945721775424	0.0025288268383539298	1.0000790799953199
2.0678203072119152	1.8985885288273354	0.0680866649336137	0.7684398699275948	0.09987053385664771	97.50290713234133	102.69945721775424	0.0025288268383539298	1.0000790799953199
2.0678203072119152	1.8986117650284173	0.0680866649336137	0.7684398699275948	0.09987053385664771	97.50290713234133	102.69945721775424	0.0025288268383539298	1.0000790799953199
2.0678203072119152	1.8986117650284173	0.0680866649336137	0.7684398699275948	0.09987053385664771	97.50290713234133	102.69945721775424	0.0025288268383539298	1.0000790799953199
2.0678203072119152	1.8986117650284173	0.0680866649336137	0.7684398699275948	0.09987053385664771	97.50290713234133	102.69945721775424	0.0025288268383539298	1.0000878054683462
2.0678203072119152	1.8986117650284173	0.0680866649336137	0.7684398699275948	0.0998505600129973	97.50290713234133	102.69945721775424	0.0025288268383539298	1.0000878054683462
2.0678203072119152	1.8986117650284173	0.0680866649336137	0.7684398699275948	0.09985237639728735	97.50290713234133	102.69945721775424	0.0025288268383539298	1.0000878054683462
2.0678203072119152	1.8986117650284173	0.0680866649336137	0.7684398699275948	0.09985237639728735	97.50290713234133	102.69945721775424	0.0025288268383539298	1.0000878054683462
2.0678203072119152	1.8986117650284173	0.0680866649336137	0.7684398699275948	0.09985237639728735	97.50290713234133	102.69945721775424	0.0025288268383539298	1.0000878054683462
2.0678203072119152	1.8986117650284173	0.0680866649336137	0.7684398699275948	0.09985237639728735	97.50290713234133	102.69945721775424	0.0025288268383539298	1.0000878054683462
2.0678203072119152	1.8986117650284173	0.06811193492040066	0.7684398699275948	0.09985237639728735	97.50290713234133	102.69945721775424	0.0025288268383539298	1.0000878054683462
2.0678203072119152	1.8986117650284173	0.06811193492040066	0.7684398699275948	0.09985237639728735	97.50290713234133	102.69945721775424	0.0025288268383539298	1.0000859342632948
2.0678203072119152	1.8986117650284173	0.06811193492040066	0.7684398699275948	0.09985237639728735	97.50290713234133	102.69945721775424	0.0025288268383539298	1.0000859342632948
2.0678203072119152	1.8986117650284173	0.06811193492040066	0.7684398699275948	0.09985237639728735	97.50290713234133	102.69945721775424	0.0025288268383539298	1.0000852406870888
2.0678203072119152	1.8986117650284173	0.06811193492040066	0.7684398699275948	0.09985237639728735	97.50290713234133	102.69945721775424	0.0025288268383539298	1.0000852406870888
2.0678203072119152	1.8986117650284173	0.06811193492040066	0.7684398699275948	0.09985237639728735	97.50290713234133	102.69945721775424	0.0025288268383539298	1.0000852406870888
2.0678203072119152	1.8986117650284173	0.06811213468204869	0.7684398699275948	0.09985237639728735	97.50290713234133	102.69945721775424	0.0025288268383539298	1.0000852406870888
2.0678203072119152	1.8986117650284173	0.06811213468204869	0.7684398699275948	0.09985237639728735	97.5028108058407	102.69945721775424	0.0025288268383539298	1.0000852406870888
2.0678203072119152	1.8986117650284173	0.06811213468204869	0.7684398699275948	0.09985237639728735	97.5028108058407	102.69945721775424	0.002506373091895541	1.0000852406870888
2.067824716199594	1.8986117650284173	0.06811213468204869	0.7684398699275948	0.09985237639728735	97.5028108058407	102.69945721775424	0.002506373091895541	1.0000852406870888
2.067824716199594	1.8986117650284173	0.06811213468204869	0.7684398699275948	0.09985237639728735	97.5028108058407	102.69945721775424	0.002506373091895541	1.0000852406870888
2.067824716199594	1.8986117650284173	0.06811213468204869	0.7684398699275948	0.09985237639728735	97.5028108058407	102.69945721775424	0.002506373091895541	1.0000852406870888
2.067824716199594	1.8986117650284173	0.06811213468204869	0.7684398699275948	0.09985237639728735	97.5028108058407	102.69945721775424	0.002506373091895541	1.0000852406870888
2.067824716199594	1.89863767390297	0.06811213468204869	0.7684398699275948	0.09985237639728735	97.5028108058407	102.69945721775424	0.002506373091895541	1.0000852406870888
2.0665409664531347	1.89863767390297	0.06811213468204869	0.7684398699275948	0.09985237639728735	97.5028108058407	102.69945721775424	0.002506373091895541	1.0000852406870888
2.0665409664531347	1.89863767390297	0.06811213468204869	0.7684398699275948	0.09985237639728735	97.5028108058407	102.69945721775424	0.002506373091895541	1.0000852406870888
2.0665409664531347	1.89863767390297	0.06811213468204869	0.7684398699275948	0.09985237639728735	97.5028108058407	102.69945721775424	0.002506373091895541	1.0000852406870888
2.0665409664531347	1.89863767390297	0.06811213468204869	0.7684398699275948	0.09985237639728735	97.5028108058407	102.69945721775424	0.0026600179823629048	1.0000852406870888
2.0665409664531347	1.89863767390297	0.06811325287384176	0.7684398699275948	0.09985237639728735	97.5028108058407	102.69945721775424	0.0026600179823629048	1.0000852406870888
2.0665409664531347	1.89863767390297	0.06811325287384176	0.7684398699275948	0.09985237639728735	97.5028108058407	102.69945721775424	0.00264357887257357	1.0000852406870888
2.0665409664531347	1.89863767390297	0.06811325287384176	0.7684398699275948	0.09985237639728735	97.5028108058407	102.69945721775424	0.00264357887257357	1.0000852406870888
2.0665409664531347	1.89863767390297	0.06811325287384176	0.7684398699275948	0.09985237639728735	97.5028108058407	102.69945721775424	0.00264357887257357	1.0000852406870888
2.0665409664531347	1.89863767390297	0.06811325287384176	0.7684398699275948	0.09985237639728735	97.50271380226326	102.69945721775424	0.00264357887257357	1.0000852406870888
2.0665409664531347	1.89863767390297	0.06811325287384176	0.7684398699275948	0.09985237639728735	97.50271380226326	102.69945721775424	0.00264357887257357	1.0000852406870888
2.0665409664531347	1.89863767390297	0.06811325287384176	0.7684398699275948	0.09985237639728735	97.50271380226326	102.69945721775424	0.00264357887257357	1.000095087863237
2.0665409664531347	1.89863767390297	0.06811325287384176	0.7684398699275948	0.09985237639728735	97.50271380226326	102.69945721775424	0.00264357887257357	1.000095087863237
2.0665409664531347	1.89863767390297	0.06811325287384176	0.7684398699275948	0.09985462423014713	97.50271380226326	102.69945721775424	0.00264357887257357	1.000095087863237
2.0665409664531347	1.89863767390297	0.06811325287384176	0.7684398699275948	0.09985468630241062	97.50271380226326	102.69945721775424	0.00264357887257357	1.000095087863237
2.0665409664531347	1.89863767390297	0.06811325287384176	0.7684398699275948	0.09985468630241062	97.50271380226326	102.69945721775424	0.00264357887257357	1.000095087863237
2.0665409664531347	1.89863767390297	0.06811325287384176	0.7684398699275948	0.09985468630241062	97.50271380226326	102.69945721775424	0.00264357887257357	1.000095087863237
2.0665409664531347	1.89863767390297	0.06811325287384176	0.7684398699275948	0.09985468630241062	97.49385233155756	102.69945721775424	0.00264357887257357	1.000095087863237
2.0665409664531347	1.89863767390297	0.06811325287384176	0.7684398699275948	0.09985468630241062	97.49385233155756	102.69945721775424	0.00264357887257357	1.000095087863237
2.0665409664531347	1.89863767390297	0.06811325287384176	0.7684398699275948	0.09985468630241062	97.5196186610711	102.69945721775424	0.00264357887257357	1.000095087863237
2.0665409664531347	1.89863767390297	0.06811325287384176	0.7684398699275948	0.09985468630241062	97.5196186610711	102.69945721775424	0.00264357887257357	1.000095087863237
2.0665409664531347	1.89863767390297	0.06811325287384176	0.7684398699275948	0.09985468630241062	97.5196186610711	102.69945721775424	0.00264357887257357	1.000095087863237
2.0665409664531347	1.89863767390297	0.06811325287384176	0.7684398699275948	0.09985468630241062	97.5196186610711	102.69945721775424	0.00264357887257357	1.000095087863237
2.0665409664531347	1.89863767390297	0.06811325287384176	0.7684398699275948	0.09985469543405635	97.5196186610711	102.69945721775424	0.00264357887257357	1.000095087863237
2.0665409664531347	1.89863767390297	0.06811325287384176	0.7684398699275948	0.09985469543405635	97.51963834247994	102.69945721775424	0.00264357887257357	1.000095087863237
2.066586167471368	1.89863767390297	0.06811325287384176	0.7684398699275948	0.09985469543405635	97.51963834247994	102.69945721775424	0.00264357887257357	1.000095087863237
2.066586167471368	1.89863767390297	0.06811325287384176	0.7684398699275948	0.09985469543405635	97.51963834247994	105.48822945491713	0.00264357887257357	1.000095087863237
2.066586167471368	1.89863767390297	0.06811325287384176	0.7684398699275948	0.09985469543405635	97.51963834247994	105.48822945491713	0.00264357887257357	1.0000956745993406
2.066586167471368	1.89863767390297	0.06811325287384176	0.7684398699275948	0.09985469543405635	97.51963834247994	105.48822945491713	0.00264357887257357	1.0000956745993406
2.066586167471368	1.89863767390297	0.06811325287384176	0.7684398699275948	0.09985469543405635	97.51963834247994	105.48822945491713	0.00264357887257357	1.0000956745993406
2.0665280788763623	1.89863767390297	0.06811325287384176	0.7684398699275948	0.09985469543405635	97.51963834247994	105.48822945491713	0.00264357887257357	1.0000956745993406
2.0665280788763623	1.8986362262634071	0.06811325287384176	0.7684398699275948	0.09985469543405635	97.51963834247994	105.48822945491713	0.00264357887257357	1.0000956745993406
2.0665280788763623	1.8986362262634071	0.06811325287384176	0.7684398699275948	0.09985469543405635	97.51963834247994	105.48822945491713	0.00264357887257357	1.0000956745993406
2.0665280788763623	1.8986362262634071	0.06811325287384176	0.7684398699275948	0.09985469543405635	97.51963834247994	105.48870919377585	0.00264357887257357	1.0000956745993406
2.0665280788763623	1.8986362262634071	0.06811325287384176	0.7684398699275948	0.09985469543405635	97.51963834247994	105.48870919377585	0.00264357887257357	1.0000956745993406
2.0665280788763623	1.8986362262634071	0.06811325287384176	0.7684398699275948	0.09985469543405635	97.51963834247994	105.48870919377585	0.002643130517350081	1.0000956745993406
2.0665280788763623	1.8986362262634071	0.06811325287384176	0.7684398699275948	0.09985469543405635	97.51963834247994	105.48870919377585	0.00264309621281718	1.0000956745993406
2.0665280788763623	1.8986362262634071	0.06811325287384176	0.7684398699275948	0.09985469543405635	97.51963834247994	105.4958532385429	0.00264309621281718	1.0000956745993406
2.0665280788763623	1.8986362262634071	0.06811325287384176	0.7684398699275948	0.09985469543405635	97.51963834247994	102.20546957857611	0.00264309621281718	1.0000956745993406
2.0665280788763623	1.8986362262634071	0.06811325287384176	0.7684398699275948	0.09985469543405635	97.51963834247994	102.20546957857611	0.00264309621281718	1.0000956745993406
2.0665280788763623	1.8986362262634071	0.06811325287384176	0.7684398699275948	0.09985469543405635	97.52628707605469	102.20546957857611	0.00264309621281718	1.0000956745993406
2.0678052492287473	1.8986362262634071	0.06811325287384176	0.7684398699275948	0.09985469543405635	97.52628707605469	102.20546957857611	0.00264309621281718	1.0000956745993406
2.0678052492287473	1.8986362262634071	0.06811325287384176	0.7684398699275948	0.09985469543405635	97.52628707605469	102.20546957857611	0.00264309621281718	1.0000956745993406
2.0678052492287473	1.8986362262634071	0.06811325287384176	0.7684398699275948	0.09988162567830504	97.52628707605469	102.20546957857611	0.00264309621281718	1.0000956745993406
2.0678052492287473	1.8986362262634071	0.06811325287384176	0.7684398699275948	0.09988162567830504	97.52628707605469	102.20546957857611	0.00264309621281718	1.0000956745993406
2.0678052492287473	1.8986362262634071	0.06811325287384176	0.7684398699275948	0.09988162567830504	97.52628707605469	102.20546957857611	0.00264309621281718	1.0000956745993406
2.0678045376620102	1.8986362262634071	0.06811325287384176	0.7684398699275948	0.09988162567830504	97.52628707605469	102.20546957857611	0.00264309621281718	1.0000956745993406
2.0678045376620102	1.8986362262634071	0.06811325287384176	0.7684398699275948	0.09988162567830504	97.52628707605469	101.30691564468735	0.00264309621281718	1.0000956745993406
2.0678045376620102	1.8986284366886128	0.06811325287384176	0.7684398699275948	0.09988162567830504	97.52628707605469	101.30691564468735	0.00264309621281718	1.0000956745993406
2.0678045376620102	1.8986284366886128	0.06811325287384176	0.7684398699275948	0.09988162567830504	97.52628707605469	101.30691564468735	0.0026425806808337074	1.0000956745993406
2.0678045376620102	1.8986284366886128	0.06811325287384176	0.7684398699275948	0.09988162567830504	97.52628707605469	101.30691564468735	0.0026425806808337074	1.0000956745993406
2.0678045376620102	1.8986284366886128	0.06811325287384176	0.7684398699275948	0.09988162567830504	97.52623727994045	101.30691564468735	0.0026425806808337074	1.0000956745993406
2.0678045376620102	1.8986284366886128	0.06811325287384176	0.7684398699275948	0.09988162567830504	97.52623727994045	101.30691564468735	0.00264257428257558	1.0000956745993406
2.0678045376620102	1.8986284366886128	0.06811325287384176	0.7684398699275948	0.09988162567830504	97.52623727994045	101.30691564468735	0.00264257428257558	1.0000956745993406
2.0678045376620102	1.8986284366886128	0.06811325287384176	0.7684398699275948	0.09988162567830504	97.52623727994045	101.30691564468735	0.00264257428257558	1.0000956745993406
2.0678045376620102	1.8986284366886128	0.06811325287384176	0.7684398699275948	0.09988162567830504	97.52623727994045	101.30691564468735	0.0023162103831619587	1.0000956745993406
2.0678045376620102	1.8986284366886128	0.06811325287384176	0.7684398699275948	0.09988162567830504	97.52623727994045	101.30691564468735	0.0023162103831619587	1.0000956745993406
2.0678045376620102	1.8986284366886128	0.06811325287384176	0.7684398699275948	0.09988162567830504	97.52620464789588	101.30691564468735	0.0023162103831619587	1.0000956745993406
2.0678045376620102	1.8986284366886128	0.06811325287384176	0.7684398699275948	0.09988162567830504	97.52620464789588	101.30691564468735	0.0023162103831619587	1.0000956745993406
2.0678045376620102	1.898624503048746	0.06811325287384176	0.7684398699275948	0.09988162567830504	97.52620464789588	101.30691564468735	0.0023162103831619587	1.0000956745993406
2.0678045376620102	1.898624503048746	0.06811325287384176	0.7684398699275948	0.09988162567830504	97.52620464789588	101.30691564468735	0.0023162103831619587	1.0000956745993406
2.0678045376620102	1.898624503048746	0.06811325287384176	0.7684398699275948	0.09988162567830504	97.52620464789588	101.30691564468735	0.0023117955486034116	1.0000956745993406
2.0678045376620102	1.898624503048746	0.06811325287384176	0.7684398699275948	0.09988162567830504	97.52620464789588	101.30691564468735	0.0023117955486034116	1.0000956745993406
2.0678045376620102	1.898624503048746	0.06811325287384176	0.7684398699275948	0.09988162567830504	97.52620464789588	101.30691564468735	0.0023117955486034116	1.0000956745993406
2.0678043316638566	1.898624503048746	0.06811325287384176	0.7684398699275948	0.09988162567830504	97.52620464789588	101.30691564468735	0.0023117955486034116	1.0000956745993406
2.0678043316638566	1.8985180193965838	0.06811325287384176	0.7684398699275948	0.09988162567830504	97.52620464789588	101.30691564468735	0.0023117955486034116	1.0000956745993406
2.0678043316638566	1.8985180193965838	0.06811325287384176	0.7684398699275948	0.09988162567830504	97.52620464789588	101.30691564468735	0.0023117955486034116	1.0000956745993406
2.0678043316638566	1.8985180193965838	0.06811325287384176	0.7684398699275948	0.09988162567830504	97.52620464789588	101.30691564468735	0.0023117955486034116	1.0000956745993406
2.0678043316638566	1.8985180193965838	0.06811325287384176	0.7684398699275948	0.09988408285014343	97.52620464789588	101.30691564468735	0.0023117955486034116	1.0000956745993406
2.0678043316638566	1.8985180193965838	0.06811325287384176	0.7684398699275948	0.09988408285014343	97.52620464789588	101.30691564468735	0.0023117955486034116	1.0000956745993406
2.0678043316638566	1.8985180193965838	0.06811325287384176	0.7684398699275948	0.09988408285014343	97.52620464789588	101.30691564468735	0.0023117955486034116	1.0000956745993406
2.0678043316638566	1.8985180193965838	0.06811325287384176	0.7694087192821054	0.09988408285014343	97.52620464789588	101.30691564468735	0.0023117955486034116	1.0000956745993406
2.0678043316638566	1.8985180193965838	0.06811325287384176	0.7694087192821054	0.09988408285014343	97.52620464789588	101.30691564468735	0.0023271298908204624	1.0000956745993406
2.0678043316638566	1.8985180193965838	0.06811325287384176	0.7694087192821054	0.09988408285014343	97.52620464789588	101.30691564468735	0.0023271298908204624	1.0000956745993406
2.0678043316638566	1.8985180193965838	0.06811325287384176	0.7694087192821054	0.09988408285014343	97.52620464789588	101.30691564468735	0.0023271298908204624	1.0000974597061847
2.0678043316638566	1.8985180193965838	0.06811325287384176	0.7694087192821054	0.09988408285014343	97.52620464789588	101.30691564468735	0.0024655080620581706	1.0000974597061847
2.067804528290093	1.8985180193965838	0.06811325287384176	0.7694087192821054	0.09988408285014343	97.52620464789588	101.30691564468735	0.0024655080620581706	1.0000974597061847
2.067804528290093	1.8985180193965838	0.06811325287384176	0.7694087192821054	0.09988430122973818	97.52620464789588	101.30691564468735	0.0024655080620581706	1.0000974597061847
2.067804528290093	1.8985180193965838	0.06811325287384176	0.7694087192821054	0.09988430122973818	97.52620464789588	101.30691564468735	0.0024655080620581706	1.0000974597061847
2.067804528290093	1.8985180193965838	0.06811325287384176	0.7694087192821054	0.09988430122973818	97.52620464789588	101.30691564468735	0.0024655080620581706	1.0000974597061847
2.067804528290093	1.8985180708426197	0.06811325287384176	0.7694087192821054	0.09988430122973818	97.52620464789588	101.30691564468735	0.0024655080620581706	1.0000974597061847
2.067804528290093	1.8985180708426197	0.06811325287384176	0.7694087192821054	0.09988430122973818	97.52620464789588	100.89628761544519	0.0024655080620581706	1.0000974597061847
2.067804528290093	1.8985180708426197	0.06811325287384176	0.7694087192821054	0.09988430122973818	97.52620464789588	100.89628761544519	0.0024655080620581706	1.0000974597061847
2.067804528290093	1.8985180708426197	0.06811357056866017	0.7694087192821054	0.09988430122973818	97.52620464789588	100.89628761544519	0.0024655080620581706	1.0000974597061847
2.067804528290093	1.8985180708426197	0.06811357056866017	0.7694087192821054	0.09988430122973818	97.52620464789588	100.89628761544519	0.0024655080620581706	1.0000974597061847
2.067804528290093	1.8985180708426197	0.06811357056866017	0.7694087192821054	0.09988430122973818	97.52620464789588	106.57943079718365	0.0024655080620581706	1.0000974597061847
2.067804528290093	1.8985180708426197	0.06811357056866017	0.7694087192821054	0.09988430122973818	97.52620464789588	106.4021870704233	0.0024655080620581706	1.0000974597061847
2.067804528290093	1.8985180708426197	0.06811357056866017	0.7694087192821054	0.09988430122973818	97.52620464789588	106.4021870704233	0.0024655080620581706	1.0000974597061847
2.067804528290093	1.8985180708426197	0.06811357056866017	0.7694087192821054	0.09988430122973818	97.52620464789588	106.42630214800226	0.0024655080620581706	1.0000974597061847
2.067804528290093	1.8985180708426197	0.06811357056866017	0.7694087192821054	0.09988430122973818	97.52620464789588	106.42630214800226	0.0024655080620581706	1.0000974597061847
2.0682132145951675	1.8985180708426197	0.06811357056866017	0.7694087192821054	0.09988430122973818	97.52620464789588	106.42630214800226	0.0024655080620581706	1.0000974597061847
2.0682132145951675	1.8985180708426197	0.06811357056866017	0.7694087192821054	0.0998865044983888	97.52620464789588	106.42630214800226	0.0024655080620581706	1.0000974597061847
2.0682132145951675	1.8985180708426197	0.06811357056866017	0.7694087192821054	0.0998865044983888	97.52620464789588	106.42630214800226	0.0024655080620581706	1.0000974597061847
2.0682132145951675	1.8985180708426197	0.06811357056866017	0.7694087192821054	0.0998865044983888	97.52620464789588	106.61500635257242	0.0024655080620581706	1.0000974597061847
2.0682132145951675	1.8985180708426197	0.06811357056866017	0.7687908633002574	0.0998865044983888	97.52620464789588	106.61500635257242	0.0024655080620581706	1.0000974597061847
2.0682132145951675	1.8985180708426197	0.06811357056866017	0.7687908633002574	0.0998865044983888	97.52620464789588	106.61500635257242	0.0024655080620581706	1.0000974597061847
2.0682132145951675	1.8985180708426197	0.06811357056866017	0.7687908633002574	0.0998865044983888	97.52620464789588	106.61500635257242	0.0024655080620581706	1.0000974597061847
2.0682132145951675	1.8985180708426197	0.06811357056866017	0.7687908633002574	0.0998865044983888	97.52556492135916	106.61500635257242	0.0024655080620581706	1.0000974597061847
2.0682132145951675	1.8985180708426197	0.06811357056866017	0.7687908633002574	0.0998865044983888	97.52556492135916	106.61500635257242	0.0024668332755296307	1.0000974597061847
2.0682124330707237	1.8985180708426197	0.06811357056866017	0.7687908633002574	0.0998865044983888	97.52556492135916	106.61500635257242	0.0024668332755296307	1.0000974597061847
2.0682114565841054	1.8985180708426197	0.06811357056866017	0.7687908633002574	0.0998865044983888	97.52556492135916	106.61500635257242	0.0024668332755296307	1.0000974597061847
2.0682114565841054	1.8985180708426197	0.06811357056866017	0.7687908633002574	0.0998865044983888	97.52556492135916	106.61500635257242	0.0024668332755296307	1.0000974597061847
2.0682114565841054	1.8985180708426197	0.06811357056866017	0.7687908633002574	0.0998865044983888	97.52556492135916	106.61500635257242	0.0024668332755296307	1.0000974597061847
2.0681944465950273	1.8985180708426197	0.06811357056866017	0.7687908633002574	0.0998865044983888	97.52556492135916	106.61500635257242	0.0024668332755296307	1.0000974597061847
2.0681944465950273	1.8985180708426197	0.06811357056866017	0.7687908633002574	0.0998865044983888	97.52556492135916	106.62464101771583	0.0024668332755296307	1.0000974597061847
2.0681944465950273	1.8985180708426197	0.06811357056866017	0.7687908633002574	0.0998865044983888	97.5256469664408	106.62464101771583	0.0024668332755296307	1.0000974597061847
2.0681944465950273	1.8985180708426197	0.06811487104041376	0.7687908633002574	0.0998865044983888	97.5256469664408	106.62464101771583	0.0024668332755296307	1.0000974597061847
2.0681858183323034	1.8985180708426197	0.06811487104041376	0.7687908633002574	0.0998865044983888	97.5256469664408	106.62464101771583	0.0024668332755296307	1.0000974597061847
2.0681858183323034	1.8985180708426197	0.06811487104041376	0.7687908633002574	0.0998865044983888	97.5256469664408	106.62464101771583	0.0024668332755296307	1.0001103998666072
2.0681860355701933	1.8985180708426197	0.06811487104041376	0.7687908633002574	0.0998865044983888	97.5256469664408	106.62464101771583	0.0024668332755296307	1.0001103998666072
2.0681860355701933	1.8985180708426197	0.06811487104041376	0.7687908633002574	0.0998865044983888	97.5253443277517	106.62464101771583	0.0024668332755296307	1.0001103998666072
2.0681860355701933	1.8985180708426197	0.06811487104041376	0.7687908633002574	0.0998865044983888	97.5253443277517	106.62464101771583	0.002298461195386017	1.0001103998666072
2.0681860355701933	1.8985180708426197	0.06811487104041376	0.7687908633002574	0.0998865044983888	97.5253443277517	106.62464101771583	0.002298461195386017	1.0001103998666072
2.0681860355701933	1.8985180708426197	0.06811487104041376	0.7687908633002574	0.0998865044983888	97.5253443277517	106.62464101771583	0.002298461195386017	1.0001103998666072
2.0681860355701933	1.8985180708426197	0.06811487104041376	0.7687908633002574	0.0998865044983888	97.5253443277517	106.62464101771583	0.002298461195386017	1.0001105951912244
2.0681860355701933	1.8985180708426197	0.06811487104041376	0.768777072918237	0.0998865044983888	97.5253443277517	106.62464101771583	0.002298461195386017	1.0001105951912244
2.0681860355701933	1.8985180708426197	0.06811487104041376	0.768777072918237	0.0998865044983888	97.5253443277517	106.62464101771583	0.002298461195386017	1.0001105951912244
2.0681860355701933	1.8985180708426197	0.06811487104041376	0.768777072918237	0.0998865044983888	97.5253443277517	106.62464101771583	0.002298461195386017	1.0001105951912244
2.0681860355701933	1.8985180708426197	0.06811487104041376	0.768777072918237	0.0998865044983888	97.5253443277517	106.62464101771583	0.002298461195386017	1.0001105951912244
2.0681860355701933	1.8985180708426197	0.06811487104041376	0.768777072918237	0.0998865044983888	97.5253443277517	106.62464101771583	0.002298461195386017	1.0001105951912244
2.0681860355701933	1.8985180708426197	0.06811487104041376	0.768777072918237	0.0998865044983888	97.5253443277517	106.62464101771583	0.002512406780144518	1.0001105951912244
2.0681860355701933	1.8985180708426197	0.06811487104041376	0.768777072918237	0.0998865044983888	97.5253443277517	106.62464101771583	0.002512406780144518	1.0001105951912244
2.0681860355701933	1.8985180708426197	0.06811487104041376	0.768777072918237	0.0998865044983888	97.5253443277517	106.62481959854577	0.002512406780144518	1.0001105951912244
2.0681860355701933	1.8985180708426197	0.06811487104041376	0.768777072918237	0.0998865044983888	97.5253443277517	106.62481959854577	0.002512406780144518	1.0001105951912244
2.0742730423372526	1.8985180708426197	0.06811487104041376	0.768777072918237	0.0998865044983888	97.5253443277517	106.62481959854577	0.002512406780144518	1.0001105951912244
2.0742730423372526	1.8985180708426197	0.06811487104041376	0.768777072918237	0.0998865044983888	97.5253443277517	106.62481959854577	0.002512406780144518	1.0001105951912244
2.0742730423372526	1.8985180708426197	0.06811487104041376	0.768777072918237	0.0998865044983888	97.5253443277517	106.62481959854577	0.002512406780144518	1.0001081682721498
2.0742730423372526	1.8985180708426197	0.06811487104041376	0.768777072918237	0.0998865044983888	97.5253443277517	106.95518368254712	0.002512406780144518	1.0001081682721498
2.074269247535688	1.8985180708426197	0.06811487104041376	0.768777072918237	0.0998865044983888	97.5253443277517	106.95518368254712	0.002512406780144518	1.0001081682721498
2.074269247535688	1.8985180708426197	0.06811487104041376	0.768777072918237	0.0998865044983888	97.5253443277517	106.95518368254712	0.002512406780144518	1.0001081682721498
2.074269247535688	1.8985180708426197	0.06811487104041376	0.768777072918237	0.0998865044983888	97.5253443277517	106.95518368254712	0.002512406780144518	1.0001081682721498
2.074269247535688	1.8985180708426197	0.06811487104041376	0.768777072918237	0.0998865044983888	97.5253443277517	106.95518368254712	0.002512406780144518	1.0001081682721498
2.074268709176552	1.8985180708426197	0.06811487104041376	0.768777072918237	0.0998865044983888	97.5253443277517	106.95518368254712	0.002512406780144518	1.0001081682721498
2.074268709176552	1.8985180708426197	0.06811487104041376	0.768735536791853	0.0998865044983888	97.5253443277517	106.95518368254712	0.002512406780144518	1.0001081682721498
2.074268709176552	1.8985180708426197	0.06811487104041376	0.768735536791853	0.0998865044983888	97.5253443277517	106.95518368254712	0.002512406780144518	1.0001081682721498
2.074308611344053	1.8985180708426197	0.06811487104041376	0.768735536791853	0.0998865044983888	97.5253443277517	106.95518368254712	0.002512406780144518	1.0001081682721498
2.074308611344053	1.8985180708426197	0.06811487104041376	0.768735536791853	0.0998865044983888	97.5253443277517	106.95518368254712	0.002512406780144518	1.0001003085846067
2.0743138919832806	1.8985180708426197	0.06811487104041376	0.768735536791853	0.0998865044983888	97.5253443277517	106.95518368254712	0.002512406780144518	1.0001003085846067
2.0743138919832806	1.8985180708426197	0.06811487104041376	0.768735536791853	0.0998865044983888	97.5253443277517	106.95518368254712	0.002512406780144518	1.0001003085846067
2.0743138919832806	1.8985180708426197	0.06811487104041376	0.768735536791853	0.0998865044983888	97.5253443277517	106.95475389602659	0.002512406780144518	1.0001003085846067
2.0743138919832806	1.8985180708426197	0.06811487104041376	0.768735536791853	0.09988657467373498	97.5253443277517	106.95475389602659	0.002512406780144518	1.0001003085846067
2.0743138919832806	1.8985180708426197	0.06811487104041376	0.768735536791853	0.09988657467373498	97.5253443277517	106.94860107932354	0.002512406780144518	1.0001003085846067
2.0743138919832806	1.8985180708426197	0.06811487104041376	0.768735536791853	0.09988508545148056	97.5253443277517	106.94860107932354	0.002512406780144518	1.0001003085846067
2.0743138919832806	1.8985180708426197	0.06811487104041376	0.768735536791853	0.09988508545148056	97.5253443277517	106.94860107932354	0.002512406780144518	1.0001003085846067
2.0743138919832806	1.8985180708426197	0.06811487104041376	0.768735536791853	0.09988508545148056	97.5253443277517	106.94935913651578	0.002512406780144518	1.0001003085846067
2.0743138919832806	1.8985130401318513	0.06811487104041376	0.768735536791853	0.09988508545148056	97.5253443277517	106.94935913651578	0.002512406780144518	1.0001003085846067
2.0743138919832806	1.8985130401318513	0.06811487104041376	0.768735536791853	0.09988508545148056	97.5253443277517	106.94935913651578	0.002512406780144518	1.0001003085846067
2.0743138919832806	1.8985130401318513	0.06811487104041376	0.768735536791853	0.09988508545148056	97.5253443277517	106.94935913651578	0.002512406780144518	1.0001003085846067
2.0743138919832806	1.8985130401318513	0.06811487104041376	0.768735536791853	0.09988508545148056	97.5253443277517	106.94916252651038	0.002512406780144518	1.0001003085846067
2.0743138919832806	1.8985130401318513	0.06811487104041376	0.768735536791853	0.09988508545148056	97.5253443277517	106.94916252651038	0.002512406780144518	1.0001003085846067
2.0743138919832806	1.8985130401318513	0.06811487104041376	0.768735536791853	0.09988508545148056	97.52537379207752	106.94916252651038	0.002512406780144518	1.0001003085846067
2.0743138919832806	1.8985130401318513	0.06811487104041376	0.768735536791853	0.09988508545148056	97.56083244841875	106.94916252651038	0.002512406780144518	1.0001003085846067
2.0743138919832806	1.8985130401318513	0.06811487104041376	0.768735536791853	0.09988508545148056	97.56154194923329	106.94916252651038	0.002512406780144518	1.0001003085846067
2.074325334473081	1.8985130401318513	0.06811487104041376	0.768735536791853	0.09988508545148056	97.56154194923329	106.94916252651038	0.002512406780144518	1.0001003085846067
2.074325334473081	1.8985130401318513	0.06811487104041376	0.768735536791853	0.09988508545148056	97.56116756641563	106.94916252651038	0.002512406780144518	1.0001003085846067
2.074325334473081	1.8985130401318513	0.06811487104041376	0.768735536791853	0.09988638219270522	97.56116756641563	106.94916252651038	0.002512406780144518	1.0001003085846067
2.074325334473081	1.8985130401318513	0.06811487104041376	0.768735536791853	0.09988638219270522	97.56116756641563	106.94916252651038	0.002512406780144518	1.0001003085846067
2.074325334473081	1.8985130401318513	0.06811487104041376	0.768735536791853	0.09988638219270522	97.56116756641563	106.94916252651038	0.002512406780144518	1.0001003085846067
2.074325334473081	1.8985130401318513	0.06811487104041376	0.768735536791853	0.09977381502387736	97.56116756641563	106.94916252651038	0.002512406780144518	1.0001003085846067
2.074325334473081	1.8985130401318513	0.06811487104041376	0.768735536791853	0.09977381502387736	97.56116756641563	106.94916252651038	0.002512406780144518	1.000098453037657
2.074325334473081	1.8985130401318513	0.06811487104041376	0.768735536791853	0.09977381502387736	97.56116756641563	106.92037853141942	0.002512406780144518	1.000098453037657
2.074325334473081	1.8985130401318513	0.06811487104041376	0.768735536791853	0.09977381502387736	97.56116756641563	106.92037853141942	0.002512406780144518	1.000098453037657
2.074325334473081	1.8985130401318513	0.06811487104041376	0.768735536791853	0.09977381502387736	97.56116756641563	106.92037853141942	0.002512406780144518	1.000098453037657
2.074325334473081	1.8985130401318513	0.06811487104041376	0.768735536791853	0.09977381502387736	97.56116756641563	106.92037853141942	0.002512406780144518	1.000098453037657
2.074325334473081	1.8985130401318513	0.06811487104041376	0.768735536791853	0.09977381502387736	97.56116756641563	106.92037853141942	0.002512406780144518	1.000098453037657
2.074325334473081	1.8985481974063632	0.06811487104041376	0.768735536791853	0.09977381502387736	97.56116756641563	106.92037853141942	0.002512406780144518	1.000098453037657
2.074325334473081	1.8985481974063632	0.06811487104041376	0.768735536791853	0.09977381502387736	97.56116756641563	106.92037853141942	0.002512406780144518	1.000098453037657
2.074325334473081	1.8985481974063632	0.06811487104041376	0.768735536791853	0.0997685165807975	97.56116756641563	106.92037853141942	0.002512406780144518	1.000098453037657
2.074325334473081	1.8985481974063632	0.06811487104041376	0.768735536791853	0.0997685165807975	97.56116756641563	106.92037853141942	0.002512406780144518	1.000098453037657
2.074325334473081	1.8985481974063632	0.06811487104041376	0.768735536791853	0.0997685165807975	97.56116756641563	106.92037853141942	0.002267827703509094	1.000098453037657
2.074325334473081	1.8985481974063632	0.06811487104041376	0.768735536791853	0.0997685165807975	97.56116756641563	106.92037853141942	0.002267827703509094	1.000098453037657
2.074325334473081	1.8985481974063632	0.06811487104041376	0.768735536791853	0.0997685165807975	97.56116756641563	106.92037853141942	0.002267827703509094	1.000098453037657
2.074325334473081	1.898548240897865	0.06811487104041376	0.768735536791853	0.0997685165807975	97.56116756641563	106.92037853141942	0.002267827703509094	1.000098453037657
2.074325334473081	1.898548240897865	0.06811487104041376	0.768735536791853	0.0997685165807975	97.56116756641563	106.92037853141942	0.002267827703509094	1.000098453037657
2.074325334473081	1.898548240897865	0.06811487104041376	0.768735536791853	0.0997685165807975	97.56116756641563	106.92037853141942	0.002267827703509094	1.000098453037657
2.0741277703769883	1.898548240897865	0.06811487104041376	0.768735536791853	0.0997685165807975	97.56116756641563	106.92037853141942	0.002267827703509094	1.000098453037657
2.0741277703769883	1.898548240897865	0.06811487104041376	0.768735536791853	0.0997685165807975	97.56116756641563	106.91797117505054	0.002267827703509094	1.000098453037657
2.0741277703769883	1.898548240897865	0.06811487104041376	0.768735536791853	0.0997685165807975	97.56116756641563	106.91797117505054	0.002267827703509094	1.000098453037657
2.0741277703769883	1.898548240897865	0.06811487104041376	0.768735536791853	0.0997685165807975	97.56140098854915	106.91797117505054	0.002267827703509094	1.000098453037657
2.0741277703769883	1.8972600080432689	0.06811487104041376	0.768735536791853	0.0997685165807975	97.56140098854915	106.91797117505054	0.002267827703509094	1.000098453037657
2.0741277703769883	1.8972600080432689	0.06811487104041376	0.768735536791853	0.0997685165807975	97.56140098854915	106.38222650074393	0.002267827703509094	1.000098453037657
2.0741277703769883	1.8972600080432689	0.06811487104041376	0.768735536791853	0.0997685165807975	97.56140098854915	106.38222650074393	0.002267827703509094	1.000098453037657
2.0741277703769883	1.8972364914787132	0.06811487104041376	0.768735536791853	0.0997685165807975	97.56140098854915	106.38222650074393	0.002267827703509094	1.000098453037657
2.0741277703769883	1.8972364914787132	0.06811487104041376	0.768735536791853	0.09969256748378337	97.56140098854915	106.38222650074393	0.002267827703509094	1.000098453037657
2.0741277703769883	1.8972364914787132	0.06811487104041376	0.768735536791853	0.09969256748378337	97.51884162013376	106.38222650074393	0.002267827703509094	1.000098453037657
2.0741277703769883	1.8972364914787132	0.06811487104041376	0.768735536791853	0.09969256748378337	97.51884162013376	106.38222650074393	0.002267827703509094	1.000098453037657
2.0741277703769883	1.8972364914787132	0.06811487104041376	0.768735536791853	0.09969256748378337	97.51884162013376	106.38222650074393	0.002267827703509094	1.0000969614995745
2.0741277703769883	1.8972364914787132	0.06811487104041376	0.768735536791853	0.09969256748378337	97.51884162013376	106.38222650074393	0.002267827703509094	1.0000969614995745
2.0741277703769883	1.8972364914787132	0.06811487104041376	0.768735536791853	0.09969256748378337	97.51884162013376	106.38222650074393	0.0022917490544178245	1.0000969614995745
2.074154259770124	1.8972364914787132	0.06811487104041376	0.768735536791853	0.09969256748378337	97.51884162013376	106.38222650074393	0.0022917490544178245	1.0000969614995745
2.074154259770124	1.8972364914787132	0.06815640092490392	0.768735536791853	0.09969256748378337	97.51884162013376	106.38222650074393	0.0022917490544178245	1.0000969614995745
2.074154259770124	1.8972364914787132	0.06815640092490392	0.768735536791853	0.09969256748378337	97.51884162013376	106.38222650074393	0.0022917490544178245	1.0000969614995745
2.074154259770124	1.8978355173941908	0.06815640092490392	0.768735536791853	0.09969256748378337	97.51884162013376	106.38222650074393	0.0022917490544178245	1.0000969614995745
2.074154259770124	1.8978355173941908	0.06815640092490392	0.768735536791853	0.09969256748378337	97.51884162013376	106.38222650074393	0.0022917490544178245	1.0000969614995745
2.074154259770124	1.8978355173941908	0.06815640092490392	0.768735536791853	0.09969256748378337	97.51884162013376	106.38222650074393	0.0022917490544178245	1.0000969614995745
2.074154259770124	1.8978355173941908	0.06815640092490392	0.768735536791853	0.09969256748378337	97.51884162013376	106.38222650074393	0.0022917490544178245	1.0000969614995745
2.074154259770124	1.8978355173941908	0.06815640092490392	0.7687288517820399	0.09969256748378337	97.51884162013376	106.38222650074393	0.0022917490544178245	1.0000969614995745
2.074154259770124	1.8978355173941908	0.06815640092490392	0.7687288517820399	0.09969256748378337	97.51884162013376	106.38222650074393	0.0022917490544178245	1.0000969614995745
2.074154259770124	1.8978355173941908	0.06815640092490392	0.7687288517820399	0.09969256748378337	97.51884162013376	106.38222650074393	0.0022917490544178245	1.0000969614995745
2.074154259770124	1.8978355173941908	0.06815640092490392	0.7687288517820399	0.09969256748378337	97.51884162013376	106.38222650074393	0.0022917490544178245	1.0000969614995745
2.074154259770124	1.8978355117770007	0.06815640092490392	0.7687288517820399	0.09969256748378337	97.51884162013376	106.38222650074393	0.0022917490544178245	1.0000969614995745
2.074154259770124	1.8978355117770007	0.06815640092490392	0.7687288517820399	0.09969256748378337	97.51884162013376	106.38222650074393	0.0022917490544178245	1.0000969614995745
2.074154259770124	1.8978355117770007	0.06815640092490392	0.7687288517820399	0.09969256748378337	97.51884162013376	106.38222650074393	0.0022917490544178245	1.0000969614995745
2.074154259770124	1.8978355117770007	0.06815640092490392	0.7687288517820399	0.09969256748378337	97.51884162013376	106.38222650074393	0.0022917490544178245	1.0000969614995745
2.074154259770124	1.8978355117770007	0.06815640092490392	0.7688787096365564	0.09969256748378337	97.51884162013376	106.38222650074393	0.0022917490544178245	1.0000969614995745
2.074154259770124	1.8978355117770007	0.06815640092490392	0.7688787096365564	0.09969261437741378	97.51884162013376	106.38222650074393	0.0022917490544178245	1.0000969614995745
2.074154259770124	1.8978368500362037	0.06815640092490392	0.7688787096365564	0.09969261437741378	97.51884162013376	106.38222650074393	0.0022917490544178245	1.0000969614995745
2.074154259770124	1.8978368500362037	0.06815640092490392	0.7688194704147088	0.09969261437741378	97.51884162013376	106.38222650074393	0.0022917490544178245	1.0000969614995745
2.074154259770124	1.8978368500362037	0.06815640092490392	0.7688194704147088	0.09969261437741378	97.51884162013376	106.38222650074393	0.0022917490544178245	1.0000969614995745
2.074154259770124	1.8978368500362037	0.06815640092490392	0.7688194704147088	0.09969261437741378	97.51800993755667	106.38222650074393	0.0022917490544178245	1.0000969614995745
2.074154259770124	1.8978368500362037	0.0681542070736948	0.7688194704147088	0.09969261437741378	97.51800993755667	106.38222650074393	0.0022917490544178245	1.0000969614995745
2.073995750888986	1.8978368500362037	0.0681542070736948	0.7688194704147088	0.09969261437741378	97.51800993755667	106.38222650074393	0.0022917490544178245	1.0000969614995745
2.073995750888986	1.8978368500362037	0.0681542070736948	0.7688194704147088	0.09969261437741378	97.51800993755667	106.38222650074393	0.0022917490544178245	1.0000969614995745
2.073995750888986	1.8978368500362037	0.0681542070736948	0.7688194704147088	0.09971294958682635	97.51800993755667	106.38222650074393	0.0022917490544178245	1.0000969614995745
2.073995750888986	1.8978368500362037	0.0681542070736948	0.7687937675780638	0.09971294958682635	97.51800993755667	106.38222650074393	0.0022917490544178245	1.0000969614995745
2.073995750888986	1.8978368500362037	0.0681542070736948	0.7687937675780638	0.09971294958682635	97.51800993755667	106.38222650074393	0.0022917490544178245	1.0000969614995745
2.073995750888986	1.8978368500362037	0.0681542070736948	0.7687937675780638	0.09971294958682635	97.51800993755667	106.38222650074393	0.0022917490544178245	1.0000974012280468
2.073995750888986	1.8975502367790464	0.0681542070736948	0.7687937675780638	0.09971294958682635	97.51800993755667	106.38222650074393	0.0022917490544178245	1.0000974012280468
2.073995750888986	1.8975522666895066	0.0681542070736948	0.7687937675780638	0.09971294958682635	97.51800993755667	106.38222650074393	0.0022917490544178245	1.0000974012280468
2.073995750888986	1.8975522666895066	0.06815401073797552	0.7687937675780638	0.09971294958682635	97.51800993755667	106.38222650074393	0.0022917490544178245	1.0000974012280468
2.073995750888986	1.8975522666895066	0.06815401073797552	0.7687937675780638	0.09971294958682635	97.51800993755667	106.38222650074393	0.0022917490544178245	1.0000974012280468
2.073995750888986	1.8975522666895066	0.06815401073797552	0.7687937675780638	0.09971294958682635	97.51418838155702	106.38222650074393	0.0022917490544178245	1.0000974012280468
2.073995750888986	1.8975522666895066	0.06815401073797552	0.7687937675780638	0.09971294958682635	97.51418838155702	106.38222650074393	0.0022917490544178245	1.0000974012280468
2.073995750888986	1.8975522666895066	0.06815401073797552	0.7687937675780638	0.09971294958682635	97.51418838155702	106.38222650074393	0.0022917490544178245	1.0000974012280468
2.073995750888986	1.8975522666895066	0.06815401073797552	0.7687937675780638	0.09971294958682635	97.51418838155702	107.77999982644187	0.0022917490544178245	1.0000974012280468
2.073995750888986	1.8975522666895066	0.06815401073797552	0.7687937675780638	0.09971294958682635	97.51418838155702	107.77999982644187	0.0022917490544178245	1.0000974012280468
2.073995750888986	1.8975522666895066	0.06815401073797552	0.7685696457223086	0.09971294958682635	97.51418838155702	107.77999982644187	0.0022917490544178245	1.0000974012280468
2.073995750888986	1.8975522666895066	0.06815401073797552	0.7685696457223086	0.09971294958682635	97.51418838155702	107.77999982644187	0.0022917490544178245	1.0000974012280468
2.073995750888986	1.8975522666895066	0.06815401073797552	0.7685696457223086	0.0997128455352209	97.51418838155702	107.77999982644187	0.0022917490544178245	1.0000974012280468
2.0739962151880498	1.8975522666895066	0.06815401073797552	0.7685696457223086	0.0997128455352209	97.51418838155702	107.77999982644187	0.0022917490544178245	1.0000974012280468
2.0739962151880498	1.8975522666895066	0.06815401073797552	0.7685696457223086	0.0997128455352209	97.51418838155702	107.77999982644187	0.0022917490544178245	1.0000974012280468
2.0739962151880498	1.8975522666895066	0.06815401073797552	0.7685696457223086	0.0997128455352209	97.51418838155702	107.77999982644187	0.0022917490544178245	1.0000974012280468
2.0739962151880498	1.8975522666895066	0.06815401073797552	0.7685696457223086	0.0997128455352209	97.51418838155702	107.77999982644187	0.0022917490544178245	1.0000976566950002
2.0739962151880498	1.8975522666895066	0.06815401073797552	0.7685696457223086	0.0997128455352209	97.51418838155702	107.77999982644187	0.0022917490544178245	1.0000976566950002
2.0739962151880498	1.8975522666895066	0.06815401073797552	0.7685696457223086	0.0997128455352209	97.51418838155702	107.77999982644187	0.0022917490544178245	1.00009768578975
2.0739962151880498	1.8975522666895066	0.06815401073797552	0.7685696457223086	0.0997128455352209	97.51289769078126	107.77999982644187	0.0022917490544178245	1.00009768578975
2.0739962151880498	1.8975384657583807	0.06815401073797552	0.7685696457223086	0.0997128455352209	97.51289769078126	107.77999982644187	0.0022917490544178245	1.00009768578975
2.0739962151880498	1.8975384657583807	0.06815401073797552	0.7685696457223086	0.09971206898544273	97.51289769078126	107.77999982644187	0.0022917490544178245	1.00009768578975
2.0739962151880498	1.8975384657583807	0.06815401073797552	0.7685696457223086	0.09971206898544273	97.51289769078126	107.77999982644187	0.0022917490544178245	1.00009768578975
2.0739962151880498	1.8975384657583807	0.06815401073797552	0.7685696457223086	0.09971206898544273	97.51289769078126	107.77999982644187	0.0022917490544178245	1.00009768578975
2.0733811353797433	1.8975384657583807	0.06815401073797552	0.7685696457223086	0.09971206898544273	97.51289769078126	107.77999982644187	0.0022917490544178245	1.00009768578975
2.0733811353797433	1.8975384657583807	0.06815401073797552	0.7685696457223086	0.09971206898544273	97.51289769078126	107.77999982644187	0.0022917490544178245	1.00009768578975
2.0733811353797433	1.8975384657583807	0.06815401073797552	0.7682766746447957	0.09971206898544273	97.51289769078126	107.77999982644187	0.0022917490544178245	1.00009768578975
2.0733811353797433	1.8975509987290744	0.06815401073797552	0.7682766746447957	0.09971206898544273	97.51289769078126	107.77999982644187	0.0022917490544178245	1.00009768578975
2.0733811353797433	1.8975519923097086	0.06815401073797552	0.7682766746447957	0.09971206898544273	97.51289769078126	107.77999982644187	0.0022917490544178245	1.00009768578975
2.0733811353797433	1.8975519923097086	0.06815401073797552	0.7682766746447957	0.09971206898544273	97.51289769078126	107.77999982644187	0.0022917490544178245	1.0000970834111635
2.0733811353797433	1.8975519923097086	0.06815401073797552	0.7682766746447957	0.09971206898544273	97.51289769078126	107.77999982644187	0.0022917490544178245	1.0000970834111635
2.0733811353797433	1.8975519923097086	0.06815401073797552	0.7682766746447957	0.09971206898544273	97.51289769078126	107.77999982644187	0.0022917490544178245	1.0000970521179915
2.0733811353797433	1.8975519923097086	0.06815401073797552	0.7682766746447957	0.09971197926139047	97.51289769078126	107.77999982644187	0.0022917490544178245	1.0000970521179915
2.0733811353797433	1.8975524550146081	0.06815401073797552	0.7682766746447957	0.09971197926139047	97.51289769078126	107.77999982644187	0.0022917490544178245	1.0000970521179915
2.0733811353797433	1.8975524550146081	0.06815401073797552	0.7682766746447957	0.09971197926139047	97.51289769078126	107.77999982644187	0.0022917490544178245	1.0000970521179915
2.0733811353797433	1.8975524550146081	0.06815401073797552	0.7682766746447957	0.09971197926139047	97.51220261375455	107.77999982644187	0.0022917490544178245	1.0000970521179915
2.0733811353797433	1.8975524550146081	0.06815401073797552	0.7682766746447957	0.09971197926139047	97.51220261375455	107.77999982644187	0.0022917490544178245	1.0000970521179915
2.0733811353797433	1.897552484231387	0.06815401073797552	0.7682766746447957	0.09971197926139047	97.51220261375455	107.77999982644187	0.0022917490544178245	1.0000970521179915
2.0733811353797433	1.897552484231387	0.06815401073797552	0.7682766746447957	0.09971197926139047	97.51220261375455	107.77999982644187	0.0022917490544178245	1.0000970521179915
2.0733811353797433	1.897552484231387	0.06815401073797552	0.7682766746447957	0.09971197926139047	97.51220261375455	107.69321426636888	0.0022917490544178245	1.0000970521179915
2.0733811353797433	1.897552484231387	0.06814541813918532	0.7682766746447957	0.09971197926139047	97.51220261375455	107.69321426636888	0.0022917490544178245	1.0000970521179915
2.0733811353797433	1.897552484231387	0.06814541813918532	0.7682766746447957	0.09971197926139047	97.51220261375455	107.69321426636888	0.0022917490544178245	1.0000970521179915
2.0733811353797433	1.897552484231387	0.06814541813918532	0.7682766746447957	0.09971197926139047	97.51220261375455	107.69321426636888	0.0022917490544178245	1.0000970521179915
2.0733811353797433	1.897552484231387	0.06814541813918532	0.7682766746447957	0.09971573033422351	97.51220261375455	107.69321426636888	0.0022917490544178245	1.0000970521179915
2.0733811353797433	1.897552484231387	0.06814541813918532	0.7682766746447957	0.09971573033422351	97.51220261375455	107.69321426636888	0.0022917490544178245	1.0000970521179915
2.0733811353797433	1.897552484231387	0.06814541813918532	0.7682766746447957	0.09971573033422351	97.51220261375455	107.69321426636888	0.0022917490544178245	1.0000970521179915
2.0733811353797433	1.897552484231387	0.06814541813918532	0.7682766746447957	0.09971573033422351	97.51220261375455	107.69321426636888	0.0022917490544178245	1.0000970521179915
2.0733811353797433	1.897552484231387	0.06814541813918532	0.7682766746447957	0.09971573033422351	97.51220261375455	107.69336777331378	0.0022917490544178245	1.0000970521179915
2.0733811353797433	1.897552484231387	0.06814541813918532	0.7682766746447957	0.09971573033422351	97.51220261375455	107.69336777331378	0.0022876930424709572	1.0000970521179915
2.0733811353797433	1.897552484231387	0.06814541813918532	0.7682766746447957	0.09971573033422351	97.51220261375455	107.69335284453948	0.0022876930424709572	1.0000970521179915
2.0733811353797433	1.897552484231387	0.06814541813918532	0.7682766746447957	0.09971573033422351	97.51220261375455	107.69335284453948	0.0022876930424709572	1.0000970521179915
2.0733811353797433	1.897552484231387	0.06814541813918532	0.7682766746447957	0.09971573033422351	97.51220261375455	107.69335284453948	0.0022876930424709572	1.0000970521179915
2.0733811353797433	1.897552484231387	0.06814541813918532	0.7682766746447957	0.09971573033422351	97.51220261375455	107.69335284453948	0.0022876930424709572	1.0000970521179915
2.0733811353797433	1.9002513352838146	0.06814541813918532	0.7682766746447957	0.09971573033422351	97.51220261375455	107.69335284453948	0.0022876930424709572	1.0000970521179915
2.0733811353797433	1.9002513352838146	0.06814541813918532	0.7682766746447957	0.09971698804224673	97.51220261375455	107.69335284453948	0.0022876930424709572	1.0000970521179915
2.0733811353797433	1.9002513352838146	0.06814541813918532	0.7682766746447957	0.09971698804224673	97.51220261375455	107.69335284453948	0.0022876930424709572	1.0000970521179915
2.0733811353797433	1.8999271246689993	0.06814541813918532	0.7682766746447957	0.09971698804224673	97.51220261375455	107.69335284453948	0.0022876930424709572	1.0000970521179915
2.0733811353797433	1.8999271246689993	0.06814541813918532	0.7682766746447957	0.09971698804224673	97.51220261375455	107.69335284453948	0.0022876930424709572	1.0000970521179915
2.0733811353797433	1.8999274402959154	0.06814541813918532	0.7682766746447957	0.09971698804224673	97.51220261375455	107.69335284453948	0.0022876930424709572	1.0000970521179915
2.0733811353797433	1.8999274402959154	0.06814541813918532	0.7682766746447957	0.09971698804224673	97.51226961905718	107.69335284453948	0.0022876930424709572	1.0000970521179915
2.0733811353797433	1.8999274402959154	0.06814541813918532	0.7682766746447957	0.09971698804224673	97.51226961905718	107.69335284453948	0.0022880213151490222	1.0000970521179915
2.0733811353797433	1.8999274402959154	0.06814541813918532	0.7682766746447957	0.09971698804224673	97.51226961905718	107.69335284453948	0.0022880213151490222	1.0000970521179915
2.0733832639508196	1.8999274402959154	0.06814541813918532	0.7682766746447957	0.09971698804224673	97.51226961905718	107.69335284453948	0.0022880213151490222	1.0000970521179915
2.0733832639508196	1.8999274402959154	0.06814541813918532	0.7682766746447957	0.09971698804224673	97.50825453690089	107.69335284453948	0.0022880213151490222	1.0000970521179915
2.0733832639508196	1.8999274402959154	0.06814541813918532	0.7682766746447957	0.09971698804224673	97.50825453690089	107.69335284453948	0.0022880213151490222	1.0000970521179915
2.0733832639508196	1.8999274402959154	0.06814541813918532	0.7682766746447957	0.09971698804224673	97.50825453690089	108.36251085359571	0.0022880213151490222	1.0000970521179915
2.0733832639508196	1.8999274402959154	0.06814541813918532	0.7682766746447957	0.09971698804224673	97.50825453690089	108.3605460729258	0.0022880213151490222	1.0000970521179915
2.0733832639508196	1.8999274402959154	0.06814541813918532	0.7682766746447957	0.09971698804224673	97.50825453690089	108.3605460729258	0.0022880213151490222	1.0000970521179915
2.0733832639508196	1.8999274402959154	0.06814541813918532	0.7682766746447957	0.09971698804224673	97.50787479321272	108.3605460729258	0.0022880213151490222	1.0000970521179915
2.0733832639508196	1.8999565656536714	0.06814541813918532	0.7682766746447957	0.09971698804224673	97.50787479321272	108.3605460729258	0.0022880213151490222	1.0000970521179915
2.0733832639508196	1.8999565656536714	0.06814541813918532	0.7682766746447957	0.09971698804224673	97.50787479321272	108.3605460729258	0.0022880213151490222	1.0000970521179915
2.0733832639508196	1.8999565656536714	0.06814541813918532	0.7682766746447957	0.09971698804224673	97.50787479321272	108.3605460729258	0.0022880213151490222	1.0000970521179915
2.0733832639508196	1.8999565656536714	0.06814541813918532	0.7682766746447957	0.09971698804224673	97.50787479321272	108.3605460729258	0.0022880213151490222	1.0000970521179915
2.0733832639508196	1.8999565656536714	0.06814541813918532	0.7682766746447957	0.09971698804224673	97.50787479321272	108.3605460729258	0.0022880213151490222	1.0001047667704457
2.0733832639508196	1.8999565656536714	0.06814541813918532	0.7682766746447957	0.09971698804224673	97.50787479321272	108.5152811555202	0.0022880213151490222	1.0001047667704457
2.0733832639508196	1.8999565656536714	0.06814541813918532	0.7682766746447957	0.09971616860243555	97.50787479321272	108.5152811555202	0.0022880213151490222	1.0001047667704457
2.0733832639508196	1.8999565656536714	0.06814541813918532	0.7682766746447957	0.09973676235856506	97.50787479321272	108.5152811555202	0.0022880213151490222	1.0001047667704457
2.0733832639508196	1.8999565656536714	0.06814541813918532	0.7682766746447957	0.09973676235856506	97.50787479321272	108.5152811555202	0.0022880213151490222	1.0001047667704457
2.0733832639508196	1.8999565656536714	0.06814541813918532	0.7682766746447957	0.09973676235856506	97.50787479321272	108.47377946954775	0.0022880213151490222	1.0001047667704457
2.0733832639508196	1.8998523960080431	0.06814541813918532	0.7682766746447957	0.09973676235856506	97.50787479321272	108.47377946954775	0.0022880213151490222	1.0001047667704457
2.0733832639508196	1.8998523960080431	0.06814541813918532	0.7682766746447957	0.09973676235856506	97.50787479321272	108.47377946954775	0.0022880213151490222	1.0001047667704457
2.0733832639508196	1.8998523960080431	0.06814541813918532	0.7682766746447957	0.09973676235856506	97.50787479321272	108.47377946954775	0.0022880213151490222	1.0001047667704457
2.0733832639508196	1.8998523960080431	0.06814541813918532	0.7682766746447957	0.09973676235856506	97.50787479321272	108.47377946954775	0.0022880213151490222	1.0001047667704457
2.0733832639508196	1.8998523960080431	0.06814541813918532	0.7682766746447957	0.09973515685746147	97.50787479321272	108.47377946954775	0.0022880213151490222	1.0001047667704457
2.0733207797515925	1.8998523960080431	0.06814541813918532	0.7682766746447957	0.09973515685746147	97.50787479321272	108.47377946954775	0.0022880213151490222	1.0001047667704457
2.0733207797515925	1.8998523960080431	0.06814541813918532	0.7682766746447957	0.09973515685746147	97.50787479321272	108.47377946954775	0.0022880213151490222	1.0001047667704457
2.0733207797515925	1.8998523960080431	0.06814541813918532	0.7682766746447957	0.09973515685746147	97.50787479321272	108.47377946954775	0.002287166528189997	1.0001047667704457
2.0733207797515925	1.8998523960080431	0.06815751914199485	0.7682766746447957	0.09973515685746147	97.50787479321272	108.47377946954775	0.002287166528189997	1.0001047667704457
2.0735856295829698	1.8998523960080431	0.06815751914199485	0.7682766746447957	0.09973515685746147	97.50787479321272	108.47377946954775	0.002287166528189997	1.0001047667704457
2.0735856295829698	1.8998523960080431	0.06815751914199485	0.7682766746447957	0.09973515685746147	97.50787479321272	108.47377946954775	0.002287166528189997	1.0001047667704457
2.0735856295829698	1.8998523960080431	0.06815751914199485	0.7682766746447957	0.09973485773306373	97.50787479321272	108.47377946954775	0.002287166528189997	1.0001047667704457
2.0735856295829698	1.8998523960080431	0.06815751914199485	0.7682766746447957	0.09983860312560175	97.50787479321272	108.47377946954775	0.002287166528189997	1.0001047667704457
2.0735849077072426	1.8998523960080431	0.06815751914199485	0.7682766746447957	0.09983860312560175	97.50787479321272	108.47377946954775	0.002287166528189997	1.0001047667704457
2.0735849077072426	1.8998523960080431	0.06815751914199485	0.7682766746447957	0.09983860312560175	97.50787479321272	108.47377946954775	0.002287166528189997	1.0001047667704457
2.0735849077072426	1.8998523960080431	0.06815751914199485	0.7682766746447957	0.09983860312560175	97.50787479321272	108.47377946954775	0.002287166528189997	1.0001047667704457
2.0735888411655883	1.8998523960080431	0.06815751914199485	0.7682766746447957	0.09983860312560175	97.50787479321272	108.47377946954775	0.002287166528189997	1.0001047667704457
2.0735888411655883	1.8998523960080431	0.06811413069194208	0.7682766746447957	0.09983860312560175	97.50787479321272	108.47377946954775	0.002287166528189997	1.0001047667704457
2.0735888411655883	1.8972854375170594	0.06811413069194208	0.7682766746447957	0.09983860312560175	97.50787479321272	108.47377946954775	0.002287166528189997	1.0001047667704457
2.073534885500855	1.8972854375170594	0.06811413069194208	0.7682766746447957	0.09983860312560175	97.50787479321272	108.47377946954775	0.002287166528189997	1.0001047667704457
2.073534885500855	1.8972854375170594	0.06811413069194208	0.7682766746447957	0.09983860312560175	97.50787479321272	108.47377946954775	0.002287166528189997	1.0001047667704457
2.073534885500855	1.8972854375170594	0.06811413069194208	0.7682766746447957	0.09983860312560175	97.50787479321272	108.47377946954775	0.002287166528189997	1.0001047667704457
2.073534885500855	1.8972854375170594	0.06811413069194208	0.7682766746447957	0.09983860312560175	97.50787479321272	108.47377946954775	0.002287166528189997	1.0001047667704457
2.073534885500855	1.8972854375170594	0.06811413069194208	0.7682766746447957	0.09983860312560175	97.50787479321272	108.47377946954775	0.002287166528189997	1.0001047667704457
2.073534885500855	1.8972854375170594	0.06810506988783852	0.7682766746447957	0.09983860312560175	97.50787479321272	108.47377946954775	0.002287166528189997	1.0001047667704457
2.073534885500855	1.8972854375170594	0.06810506988783852	0.7682766746447957	0.09983027882213068	97.50787479321272	108.47377946954775	0.002287166528189997	1.0001047667704457
2.0735470510879948	1.8972854375170594	0.06810506988783852	0.7682766746447957	0.09983027882213068	97.50787479321272	108.47377946954775	0.002287166528189997	1.0001047667704457
2.0735470510879948	1.8972854375170594	0.06810506988783852	0.7682766746447957	0.09983027882213068	97.50787479321272	108.47377946954775	0.002287166528189997	1.0001047667704457
2.0735470510879948	1.8972854375170594	0.06810506988783852	0.7682766746447957	0.09983057985669784	97.50787479321272	108.47377946954775	0.002287166528189997	1.0001047667704457
2.0735470510879948	1.8972854375170594	0.06810506988783852	0.7682766746447957	0.09983057985669784	97.50787479321272	108.47377946954775	0.002287166528189997	1.0001047667704457
2.0735470510879948	1.8972854375170594	0.06810506988783852	0.7682766746447957	0.09983057985669784	97.50787479321272	108.47377946954775	0.002287166528189997	1.0001047667704457
2.0735470510879948	1.8972854375170594	0.06810506988783852	0.7682766746447957	0.09977850246288321	97.50787479321272	108.47377946954775	0.002287166528189997	1.0001047667704457
2.0735470510879948	1.8972854375170594	0.06810506988783852	0.7682766746447957	0.09977850246288321	97.50787479321272	108.47377946954775	0.002287166528189997	1.0001047667704457
2.0735470510879948	1.8972854375170594	0.06810506988783852	0.7682766746447957	0.09977850246288321	97.50787479321272	108.47377946954775	0.002287166528189997	1.0001047667704457
2.0735470510879948	1.8972854375170594	0.06810506988783852	0.7682766746447957	0.09977850246288321	97.50787479321272	108.35395316620529	0.002287166528189997	1.0001047667704457
2.0735470510879948	1.8972854375170594	0.06810506988783852	0.7682766746447957	0.09976607595501728	97.50787479321272	108.35395316620529	0.002287166528189997	1.0001047667704457
2.0735470510879948	1.8972854375170594	0.06810506988783852	0.7682766746447957	0.09976618952640612	97.50787479321272	108.35395316620529	0.002287166528189997	1.0001047667704457
2.0735470510879948	1.8972854375170594	0.06810506988783852	0.7682766746447957	0.09976618952640612	97.50787479321272	108.35395316620529	0.002434345496042165	1.0001047667704457
2.0735470510879948	1.8974686123898525	0.06810506988783852	0.7682766746447957	0.09976618952640612	97.50787479321272	108.35395316620529	0.002434345496042165	1.0001047667704457
2.0735470510879948	1.8974686123898525	0.06810506988783852	0.7682766746447957	0.09976618952640612	97.50787479321272	108.35395316620529	0.002434345496042165	1.0001047667704457
2.073484658731169	1.8974686123898525	0.06810506988783852	0.7682766746447957	0.09976618952640612	97.50787479321272	108.35395316620529	0.002434345496042165	1.0001047667704457
2.073484658731169	1.8974686123898525	0.06810506988783852	0.7682766746447957	0.09976618952640612	97.50787479321272	108.35395316620529	0.002440254832284241	1.0001047667704457
2.073484658731169	1.8974686123898525	0.06810506988783852	0.7682766746447957	0.09976618952640612	97.50787479321272	108.35395316620529	0.002440254832284241	1.0001047667704457
2.073484658731169	1.8974686123898525	0.06810506988783852	0.7682766746447957	0.09976618952640612	97.50787479321272	108.35374442185326	0.002440254832284241	1.0001047667704457
2.073484658731169	1.8974680121228749	0.06810506988783852	0.7682766746447957	0.09976618952640612	97.50787479321272	108.35374442185326	0.002440254832284241	1.0001047667704457
2.073484658731169	1.8974680121228749	0.06810506988783852	0.7682687591586512	0.09976618952640612	97.50787479321272	108.35374442185326	0.002440254832284241	1.0001047667704457
2.073484658731169	1.8974680121228749	0.06810506988783852	0.7682687591586512	0.09976618952640612	97.50787479321272	108.35374442185326	0.002440254832284241	1.0001047667704457
2.0734834397551585	1.8974680121228749	0.06810506988783852	0.7682687591586512	0.09976618952640612	97.50787479321272	108.35374442185326	0.002440254832284241	1.0001047667704457
2.0734834397551585	1.8974680121228749	0.06810506988783852	0.7682687591586512	0.09976618952640612	97.50787479321272	108.35374442185326	0.002440254832284241	1.0001047667704457
2.0734834397551585	1.8974680121228749	0.06810506988783852	0.7682687591586512	0.09976618952640612	97.50787479321272	108.35374442185326	0.002440254832284241	1.0001047667704457
2.0734834397551585	1.8974680121228749	0.06810506988783852	0.7682687591586512	0.09976618952640612	97.50787479321272	108.35374442185326	0.002440254832284241	1.0001047667704457
2.0734834397551585	1.8974680121228749	0.06810506988783852	0.7682687591586512	0.09976618952640612	97.50787479321272	108.35374442185326	0.002440254832284241	1.0001047667704457
2.0734834397551585	1.8974680121228749	0.06810506988783852	0.7682687591586512	0.09976618952640612	97.50787479321272	108.35374442185326	0.002440254832284241	1.0001047667704457
2.0734834397551585	1.8974680121228749	0.06810506988783852	0.7682687591586512	0.09976618952640612	97.54640188852625	108.35374442185326	0.002440254832284241	1.0001047667704457
2.0734834397551585	1.8974680121228749	0.06810506988783852	0.7682687591586512	0.09976618952640612	97.54640188852625	108.35374442185326	0.002440254832284241	1.0001047667704457
2.073481175963891	1.8974680121228749	0.06810506988783852	0.7682687591586512	0.09976618952640612	97.54640188852625	108.35374442185326	0.002440254832284241	1.0001047667704457
2.0734981574028466	1.8974680121228749	0.06810506988783852	0.7682687591586512	0.09976618952640612	97.54640188852625	108.35374442185326	0.002440254832284241	1.0001047667704457
2.0734981574028466	1.8974680121228749	0.06810506988783852	0.7682687591586512	0.09976618952640612	97.54640188852625	108.35374442185326	0.002440254832284241	1.000104502706555
2.0734981574028466	1.8974680121228749	0.06810506988783852	0.7682687591586512	0.09976618952640612	97.54640188852625	108.35374442185326	0.002440254832284241	1.000104502706555
2.0734981574028466	1.8974680121228749	0.06810506988783852	0.7682687591586512	0.09974045912584104	97.54640188852625	108.35374442185326	0.002440254832284241	1.000104502706555
2.0734981574028466	1.8974680121228749	0.06810506988783852	0.7682687591586512	0.09974045912584104	97.54640188852625	108.35374442185326	0.002440254832284241	1.000104502706555
2.0734981574028466	1.8974680121228749	0.06812006030034828	0.7682687591586512	0.09974045912584104	97.54640188852625	108.35374442185326	0.002440254832284241	1.000104502706555
2.0734981574028466	1.8974680121228749	0.06812006030034828	0.7682687591586512	0.09974045912584104	97.54640188852625	108.35333074141317	0.002440254832284241	1.000104502706555
2.0734981574028466	1.8974680121228749	0.06812006030034828	0.7682687591586512	0.09974045912584104	97.54640188852625	108.35333074141317	0.002440254832284241	1.000104502706555
2.0734981574028466	1.8974680121228749	0.06812006030034828	0.7682687591586512	0.10003216695166571	97.54640188852625	108.35333074141317	0.002440254832284241	1.000104502706555
2.0734981574028466	1.8955930470202933	0.06812006030034828	0.7682687591586512	0.10003216695166571	97.54640188852625	108.35333074141317	0.002440254832284241	1.000104502706555
2.0734981574028466	1.8955930470202933	0.06812006030034828	0.7682687591586512	0.10003216695166571	97.54640188852625	108.35333074141317	0.002440254832284241	1.0000916156284405
2.0734981574028466	1.8955930470202933	0.06812006030034828	0.7682687591586512	0.09950240581864953	97.54640188852625	108.35333074141317	0.002440254832284241	1.0000916156284405
2.0734981574028466	1.8955930470202933	0.06812006030034828	0.7682687591586512	0.09950240581864953	97.54632832522745	108.35333074141317	0.002440254832284241	1.0000916156284405
2.0734981574028466	1.8955931031743412	0.06812006030034828	0.7682687591586512	0.09950240581864953	97.54632832522745	108.35333074141317	0.002440254832284241	1.0000916156284405
2.0735022205781632	1.8955931031743412	0.06812006030034828	0.7682687591586512	0.09950240581864953	97.54632832522745	108.35333074141317	0.002440254832284241	1.0000916156284405
2.0735022205781632	1.8955931031743412	0.06812006030034828	0.7682687591586512	0.09950240581864953	97.54632832522745	108.35333074141317	0.002440254832284241	1.0000916156284405
2.0735022205781632	1.8955931031743412	0.06815900437990503	0.7682687591586512	0.09950240581864953	97.54632832522745	108.35333074141317	0.002440254832284241	1.0000916156284405
2.0735022205781632	1.8955931031743412	0.06815900437990503	0.7682687591586512	0.09950240581864953	97.54632832522745	108.35333074141317	0.002440254832284241	1.0000916156284405
2.073387316682472	1.8955931031743412	0.06815900437990503	0.7682687591586512	0.09950240581864953	97.54632832522745	108.35333074141317	0.002440254832284241	1.0000916156284405
2.073387316682472	1.8955931031743412	0.06815900437990503	0.7682687591586512	0.09950240581864953	97.54632832522745	108.35333074141317	0.002440254832284241	1.0000916156284405
2.073387316682472	1.8955931031743412	0.06815900437990503	0.7682687591586512	0.09950240581864953	97.54632832522745	108.35333074141317	0.002440254832284241	1.0000921524963544
2.073387316682472	1.8955931031743412	0.06815900437990503	0.7682687591586512	0.09950240581864953	97.54632832522745	108.35333074141317	0.002440254832284241	1.0000918949258624
2.073387316682472	1.8955931031743412	0.06815900437990503	0.7682687591586512	0.09950240581864953	97.54632832522745	108.35333074141317	0.002440254832284241	1.0000918949258624
2.073387316682472	1.8955931031743412	0.06815900437990503	0.7682687591586512	0.09950240581864953	97.54632832522745	108.35333074141317	0.002440254832284241	1.0000918949258624
2.073387316682472	1.8955931031743412	0.06815900437990503	0.7682687591586512	0.09950240581864953	97.54632832522745	107.12598721025546	0.002440254832284241	1.0000918949258624
2.073387316682472	1.8955931031743412	0.06815900437990503	0.7682687591586512	0.09950240581864953	97.54505638394008	107.12598721025546	0.002440254832284241	1.0000918949258624
2.073387316682472	1.8955928842206855	0.06815900437990503	0.7682687591586512	0.09950240581864953	97.54505638394008	107.12598721025546	0.002440254832284241	1.0000918949258624
2.073387316682472	1.8955928842206855	0.06815900437990503	0.7682687591586512	0.09950240581864953	97.54505638394008	107.12598721025546	0.002440254832284241	1.0000918949258624
2.073387316682472	1.8955928842206855	0.06815900437990503	0.7682687591586512	0.09950240581864953	97.55378589920463	107.12598721025546	0.002440254832284241	1.0000918949258624
2.072728274120249	1.8955928842206855	0.06815900437990503	0.7682687591586512	0.09950240581864953	97.55378589920463	107.12598721025546	0.002440254832284241	1.0000918949258624
2.072728274120249	1.8955928842206855	0.06815900437990503	0.7682687591586512	0.09950464160871433	97.55378589920463	107.12598721025546	0.002440254832284241	1.0000918949258624
2.072728274120249	1.8955928842206855	0.06815900437990503	0.7682687591586512	0.09950464160871433	97.55378589920463	107.12598721025546	0.002440254832284241	1.0000918949258624
2.072728274120249	1.8955928842206855	0.06815900437990503	0.7682687591586512	0.09950464160871433	97.55378589920463	107.51660880094366	0.002440254832284241	1.0000918949258624
2.072728274120249	1.8955928842206855	0.06815900437990503	0.7682687591586512	0.09950464160871433	97.55378589920463	107.51660880094366	0.002440254832284241	1.0000918949258624
2.072728274120249	1.8955928842206855	0.06815900437990503	0.7682687591586512	0.09950471274371063	97.55378589920463	107.51660880094366	0.002440254832284241	1.0000918949258624
2.072728274120249	1.8955928842206855	0.06815900437990503	0.7682687591586512	0.09950471274371063	97.55378589920463	107.51660880094366	0.002440254832284241	1.0000918949258624
2.072728274120249	1.8955928842206855	0.06815900437990503	0.7682687591586512	0.09950471274371063	97.55378589920463	107.51660880094366	0.002440254832284241	1.0000918949258624
2.072728274120249	1.8955928842206855	0.06815900437990503	0.7682687591586512	0.09950471274371063	97.55378589920463	107.51660880094366	0.002440254832284241	1.0000918949258624
2.072728274120249	1.895588344995242	0.06815900437990503	0.7682687591586512	0.09950471274371063	97.55378589920463	107.51660880094366	0.002440254832284241	1.0000918949258624
2.072728274120249	1.895588344995242	0.06815900437990503	0.7682687591586512	0.09955113151719157	97.55378589920463	107.51660880094366	0.002440254832284241	1.0000918949258624
2.072728274120249	1.895588344995242	0.06815900437990503	0.7682687591586512	0.09955113151719157	97.55378589920463	107.51660880094366	0.002440254832284241	1.0000918949258624
2.072728274120249	1.895588344995242	0.06819636757307544	0.7682687591586512	0.09955113151719157	97.55378589920463	107.51660880094366	0.002440254832284241	1.0000918949258624
2.072728274120249	1.895588344995242	0.06819636757307544	0.7682687591586512	0.09955113151719157	97.55378589920463	107.56100655817762	0.002440254832284241	1.0000918949258624
2.072728274120249	1.8955699863403752	0.06819636757307544	0.7682687591586512	0.09955113151719157	97.55378589920463	107.56100655817762	0.002440254832284241	1.0000918949258624
2.072728274120249	1.8955699863403752	0.06819636757307544	0.7682687591586512	0.09955126991356845	97.55378589920463	107.56100655817762	0.002440254832284241	1.0000918949258624
2.072728274120249	1.8955699863403752	0.06819636757307544	0.7682687591586512	0.09955126991356845	97.55378589920463	107.56100655817762	0.002440254832284241	1.0000918949258624
2.072728274120249	1.8955699863403752	0.06819636757307544	0.7682687591586512	0.09955126991356845	97.55378589920463	107.56100655817762	0.002440254832284241	1.0000918949258624
2.072443437636516	1.8955699863403752	0.06819636757307544	0.7682687591586512	0.09955126991356845	97.55378589920463	107.56100655817762	0.002440254832284241	1.0000918949258624
2.072443437636516	1.8955699863403752	0.06819636757307544	0.7682687591586512	0.09955126991356845	97.55378589920463	107.56100655817762	0.002440254832284241	1.0000918949258624
2.072443437636516	1.8955699863403752	0.06819636757307544	0.7682687591586512	0.09955126991356845	97.55378589920463	107.55878403734167	0.002440254832284241	1.0000918949258624
2.072443425321944	1.8955699863403752	0.06819636757307544	0.7682687591586512	0.09955126991356845	97.55378589920463	107.55878403734167	0.002440254832284241	1.0000918949258624
2.072443425321944	1.8955699863403752	0.06819636757307544	0.7682687591586512	0.09955126991356845	97.55374019112708	107.55878403734167	0.002440254832284241	1.0000918949258624
2.072443425321944	1.8955699863403752	0.06819636757307544	0.7682687591586512	0.09955126991356845	97.55374019112708	107.55878403734167	0.002440254832284241	1.0000918949258624
2.072443425321944	1.8955699863403752	0.06819636757307544	0.7682687591586512	0.09954777926254522	97.55374019112708	107.55878403734167	0.002440254832284241	1.0000918949258624
2.072443425321944	1.8955699863403752	0.06819636757307544	0.7682687591586512	0.09954777926254522	97.55374019112708	107.55878403734167	0.002440254832284241	1.0000918949258624
2.072443425321944	1.8955699863403752	0.06819636757307544	0.7682687591586512	0.09953671720991106	97.55374019112708	107.55878403734167	0.002440254832284241	1.0000918949258624
2.072443425321944	1.8955699863403752	0.06819636757307544	0.7682687591586512	0.09953671720991106	97.55374019112708	107.55878403734167	0.002440241178561993	1.0000918949258624
2.072443425321944	1.8955699863403752	0.06819636757307544	0.7682687591586512	0.09953671720991106	97.55374019112708	107.55878403734167	0.002440241178561993	1.0000918949258624
2.072443425321944	1.8955699863403752	0.06819636757307544	0.7682687591586512	0.09953671720991106	97.55374019112708	107.55878403734167	0.002440241178561993	1.0000918949258624
2.072443425321944	1.8955699863403752	0.06819636757307544	0.7682687591586512	0.09953664981374469	97.55374019112708	107.55878403734167	0.002440241178561993	1.0000918949258624
2.072443425321944	1.8955699863403752	0.06819636757307544	0.7682687591586512	0.09953664981374469	97.55374019112708	107.55878403734167	0.002440241178561993	1.000103657135415
2.0724465636516576	1.8955699863403752	0.06819636757307544	0.7682687591586512	0.09953664981374469	97.55374019112708	107.55878403734167	0.002440241178561993	1.000103657135415
2.0724465636516576	1.8955699863403752	0.06819636757307544	0.7682253073411581	0.09953664981374469	97.55374019112708	107.55878403734167	0.002440241178561993	1.000103657135415
2.0724465636516576	1.8955699863403752	0.06819636757307544	0.7682253073411581	0.09953664981374469	97.55374019112708	107.55878403734167	0.002440241178561993	1.000103657135415
2.0724465636516576	1.8953912945033662	0.06819636757307544	0.7682253073411581	0.09953664981374469	97.55374019112708	107.55878403734167	0.002440241178561993	1.000103657135415
2.0724465636516576	1.8953912945033662	0.06819636757307544	0.7682253073411581	0.09953664981374469	97.55374019112708	107.55878403734167	0.002440241178561993	1.0001033728211546
2.0724465636516576	1.8953912945033662	0.06819636757307544	0.7682253073411581	0.09953664981374469	97.55374019112708	107.55878403734167	0.0024322379861651915	1.0001033728211546
2.0724465636516576	1.8953912945033662	0.06819636757307544	0.7682253073411581	0.09953664981374469	97.55374019112708	107.55878403734167	0.0024322379861651915	1.0001033728211546
2.0724465636516576	1.8944379383889354	0.06819636757307544	0.7682253073411581	0.09953664981374469	97.55374019112708	107.55878403734167	0.0024322379861651915	1.0001033728211546
2.0724465636516576	1.8944379383889354	0.06819636757307544	0.7682253073411581	0.09953664981374469	97.55374019112708	107.55878403734167	0.0024322379861651915	1.0001033728211546
2.0724465636516576	1.8944379383889354	0.06819354098643354	0.7682253073411581	0.09953664981374469	97.55374019112708	107.55878403734167	0.0024322379861651915	1.0001033728211546
2.0724465636516576	1.894071982024694	0.06819354098643354	0.7682253073411581	0.09953664981374469	97.55374019112708	107.55878403734167	0.0024322379861651915	1.0001033728211546
2.0724465636516576	1.894071982024694	0.06819354098643354	0.7682253073411581	0.09953664981374469	97.5608063360072	107.55878403734167	0.0024322379861651915	1.0001033728211546
2.0724465636516576	1.894071982024694	0.06819354098643354	0.7682253073411581	0.09953664981374469	97.5608063360072	107.55878403734167	0.0024322379861651915	1.0001033728211546
2.0724465636516576	1.894071982024694	0.06819354098643354	0.7682253073411581	0.09953664981374469	97.5608063360072	107.55878403734167	0.0024322379861651915	1.0001033728211546
2.0724465636516576	1.894071982024694	0.06819354098643354	0.7682253073411581	0.09953664981374469	97.5608063360072	107.55878403734167	0.0024322379861651915	1.0001033728211546
2.0724465636516576	1.894071982024694	0.06819354098643354	0.7682253073411581	0.09953664981374469	97.5608063360072	107.55878403734167	0.0024323721507366466	1.0001033728211546
2.0724465636516576	1.894071982024694	0.06819354098643354	0.7682253073411581	0.09953664981374469	97.5608063360072	107.55878403734167	0.0024323721507366466	1.0001033728211546
2.0724465636516576	1.894071982024694	0.06819354098643354	0.7682253073411581	0.09953664981374469	97.5608063360072	107.55878403734167	0.0024323721507366466	1.0001033728211546
2.0724465636516576	1.894071982024694	0.06815371771741197	0.7682253073411581	0.09953664981374469	97.5608063360072	107.55878403734167	0.0024323721507366466	1.0001033728211546
2.0724465636516576	1.894071982024694	0.06815371771741197	0.7682253073411581	0.09953664981374469	97.56307667733225	107.55878403734167	0.0024323721507366466	1.0001033728211546
2.071465685425733	1.894071982024694	0.06815371771741197	0.7682253073411581	0.09953664981374469	97.56307667733225	107.55878403734167	0.0024323721507366466	1.0001033728211546
2.071465685425733	1.894071982024694	0.06815371771741197	0.7682253073411581	0.09953664981374469	97.56307667733225	107.55878403734167	0.0024323721507366466	1.0001033381381488
2.071465685425733	1.8940717548677601	0.06815371771741197	0.7682253073411581	0.09953664981374469	97.56307667733225	107.55878403734167	0.0024323721507366466	1.0001033381381488
2.071465685425733	1.8940717936659817	0.06815371771741197	0.7682253073411581	0.09953664981374469	97.56307667733225	107.55878403734167	0.0024323721507366466	1.0001033381381488
2.071465685425733	1.8940717936659817	0.06815371771741197	0.7682253073411581	0.09953664981374469	97.56307667733225	107.55878403734167	0.0024323721507366466	1.0001033381381488
2.071465685425733	1.8940624202194483	0.06815371771741197	0.7682253073411581	0.09953664981374469	97.56307667733225	107.55878403734167	0.0024323721507366466	1.0001033381381488
2.071465685425733	1.8940624202194483	0.06815371771741197	0.7682253073411581	0.09953664981374469	97.56310110276799	107.55878403734167	0.0024323721507366466	1.0001033381381488
2.071465685425733	1.8940624202194483	0.06815371771741197	0.7682253073411581	0.09953664981374469	97.56187930634565	107.55878403734167	0.0024323721507366466	1.0001033381381488
2.071465685425733	1.8940624202194483	0.06815371771741197	0.7682253073411581	0.09953664981374469	97.56187930634565	107.55878403734167	0.0024323721507366466	1.0001033381381488
2.071465685425733	1.8940624202194483	0.06815371771741197	0.7682253073411581	0.09953664981374469	97.56187930634565	107.55878403734167	0.0024324399595348004	1.0001033381381488
2.071465026640801	1.8940624202194483	0.06815371771741197	0.7682253073411581	0.09953664981374469	97.56187930634565	107.55878403734167	0.0024324399595348004	1.0001033381381488
2.071465026640801	1.8940624202194483	0.06815371771741197	0.7682253073411581	0.09953664981374469	97.56187930634565	107.55878403734167	0.0024324399595348004	1.0001033381381488
2.071465026640801	1.8940624202194483	0.06815371771741197	0.7682253073411581	0.09953664981374469	97.56187930634565	107.55878403734167	0.0024324399595348004	1.0001033381381488
2.071465026640801	1.8940624202194483	0.06815371771741197	0.7682253073411581	0.09953664981374469	97.56187930634565	107.55878403734167	0.0024324399595348004	1.0001033381381488
2.071465026640801	1.8940624202194483	0.06815371771741197	0.7682253073411581	0.09953664981374469	97.56187930634565	107.55878403734167	0.0024324399595348004	1.0001033381381488
2.071465026640801	1.8940624202194483	0.06816137504210404	0.7682253073411581	0.09953664981374469	97.56187930634565	107.55878403734167	0.0024324399595348004	1.0001033381381488
2.071465026640801	1.8940624202194483	0.06816137504210404	0.7681106287252919	0.09953664981374469	97.56187930634565	107.55878403734167	0.0024324399595348004	1.0001033381381488
2.071264576750989	1.8940624202194483	0.06816137504210404	0.7681106287252919	0.09953664981374469	97.56187930634565	107.55878403734167	0.0024324399595348004	1.0001033381381488
2.071264576750989	1.8940624202194483	0.06816137504210404	0.7681015203911873	0.09953664981374469	97.56187930634565	107.55878403734167	0.0024324399595348004	1.0001033381381488
2.071264576750989	1.8940624202194483	0.06816137504210404	0.7681015203911873	0.09953673647253694	97.56187930634565	107.55878403734167	0.0024324399595348004	1.0001033381381488
2.071264576750989	1.8940624202194483	0.06816137504210404	0.7681015203911873	0.09953598369829647	97.56187930634565	107.55878403734167	0.0024324399595348004	1.0001033381381488
2.071264576750989	1.8940624202194483	0.06816137504210404	0.7681015203911873	0.09953598369829647	97.56182957608549	107.55878403734167	0.0024324399595348004	1.0001033381381488
2.071264576750989	1.8940624202194483	0.06816137504210404	0.7681015203911873	0.09953598369829647	97.56182957608549	107.55878403734167	0.0024324399595348004	1.0001033381381488
2.071264576750989	1.8940624202194483	0.06816137504210404	0.7681015203911873	0.09953598369829647	97.56182957608549	107.55878403734167	0.0024324399595348004	1.0001033381381488
2.071264576750989	1.8940624202194483	0.06816137504210404	0.7681015203911873	0.09953598369829647	97.56182957608549	107.55878403734167	0.0024324399595348004	1.0001033381381488
2.071264576750989	1.8940624202194483	0.06816137504210404	0.7681015203911873	0.09953598369829647	97.56182957608549	107.55878403734167	0.002435135976928471	1.0001033381381488
2.071264576750989	1.8940624202194483	0.06816137504210404	0.7681015203911873	0.09953598369829647	97.56182957608549	107.55878403734167	0.002435135976928471	1.0001033381381488
2.071264576750989	1.8940624202194483	0.06816137504210404	0.7688123270824884	0.09953598369829647	97.56182957608549	107.55878403734167	0.002435135976928471	1.0001033381381488
2.071264159473053	1.8940624202194483	0.06816137504210404	0.7688123270824884	0.09953598369829647	97.56182957608549	107.55878403734167	0.002435135976928471	1.0001033381381488
2.071264159473053	1.8940624202194483	0.06816137504210404	0.7688123270824884	0.09953598369829647	97.56182957608549	106.51048539507669	0.002435135976928471	1.0001033381381488
2.0712748654480375	1.8940624202194483	0.06816137504210404	0.7688123270824884	0.09953598369829647	97.56182957608549	106.51048539507669	0.002435135976928471	1.0001033381381488
2.0712748654480375	1.8941473980136236	0.06816137504210404	0.7688123270824884	0.09953598369829647	97.56182957608549	106.51048539507669	0.002435135976928471	1.0001033381381488
2.0712748654480375	1.8941473980136236	0.06816409920268039	0.7688123270824884	0.09953598369829647	97.56182957608549	106.51048539507669	0.002435135976928471	1.0001033381381488
2.0712748654480375	1.8941473980136236	0.06816409920268039	0.7688123270824884	0.09953598369829647	97.56182957608549	106.51048539507669	0.002435135976928471	1.0001033381381488
2.0712748654480375	1.8941473980136236	0.06816409920268039	0.7688123270824884	0.09953598369829647	97.56182957608549	106.51048539507669	0.002435135976928471	1.0001033381381488
2.0712748654480375	1.8941473980136236	0.06816409920268039	0.7688123270824884	0.09953598369829647	97.56182957608549	106.51048539507669	0.002435135976928471	1.0001033381381488
2.0712748654480375	1.8941473980136236	0.06816409920268039	0.7688123270824884	0.09953598369829647	97.56182957608549	106.51048539507669	0.002435135976928471	1.0001033381381488
2.0712748654480375	1.8941493041622215	0.06816409920268039	0.7688123270824884	0.09953598369829647	97.56182957608549	106.51048539507669	0.002435135976928471	1.0001033381381488
2.0712748654480375	1.8941493041622215	0.06816409920268039	0.7688123270824884	0.09953598369829647	97.56190796360157	106.51048539507669	0.002435135976928471	1.0001033381381488
2.0712748654480375	1.8941493041622215	0.06816409920268039	0.7688123270824884	0.09953598369829647	97.56190796360157	106.51048539507669	0.002435135976928471	1.0001033381381488
2.0712748654480375	1.8941493041622215	0.06816409920268039	0.7688123270824884	0.09953598369829647	97.56190796360157	106.51048539507669	0.002435135976928471	1.0001033381381488
2.0712748654480375	1.8941493041622215	0.06816409920268039	0.7688123270824884	0.09953598369829647	97.56190796360157	106.51048539507669	0.002435135976928471	1.0001033381381488
2.07127377753155	1.8941493041622215	0.06816409920268039	0.7688123270824884	0.09953598369829647	97.56190796360157	106.51048539507669	0.002435135976928471	1.0001033381381488
2.07127377753155	1.8939265591285774	0.06816409920268039	0.7688123270824884	0.09953598369829647	97.56190796360157	106.51048539507669	0.002435135976928471	1.0001033381381488
2.07127377753155	1.8939265591285774	0.06816409920268039	0.7688123270824884	0.09953598369829647	97.56190796360157	106.51048539507669	0.002435135976928471	1.0001033381381488
2.07127377753155	1.8939265591285774	0.06816409920268039	0.7688123270824884	0.09953598369829647	97.56190796360157	106.51048539507669	0.002435135976928471	1.0001033381381488
2.07127377753155	1.8939265591285774	0.06816409920268039	0.7688123270824884	0.09953576069225427	97.56190796360157	106.51048539507669	0.002435135976928471	1.0001033381381488
2.07127377753155	1.8939265591285774	0.06816409920268039	0.7688123270824884	0.09953576069225427	97.56190796360157	106.51048539507669	0.002435135976928471	1.0001033381381488
2.07127377753155	1.8939265591285774	0.06816409920268039	0.7688123270824884	0.09953576069225427	97.56190796360157	106.51048539507669	0.002435135976928471	1.0001033381381488
2.07127377753155	1.893908530780937	0.06816409920268039	0.7688123270824884	0.09953576069225427	97.56190796360157	106.51048539507669	0.002435135976928471	1.0001033381381488
2.07127377753155	1.893908530780937	0.06816409920268039	0.7688123270824884	0.09953576069225427	97.56190796360157	106.51048539507669	0.002435135976928471	1.0001033381381488
2.07127377753155	1.893908530780937	0.06816409920268039	0.7688123270824884	0.09953576069225427	97.56190796360157	106.51048539507669	0.002435135976928471	1.0001033381381488
2.07127377753155	1.893908530780937	0.06816409920268039	0.7688123270824884	0.09953576069225427	97.56190796360157	106.51048539507669	0.002575544082969284	1.0001033381381488
2.07127377753155	1.893908530780937	0.06816409920268039	0.7688050828830032	0.09953576069225427	97.56190796360157	106.51048539507669	0.002575544082969284	1.0001033381381488
2.07127377753155	1.893908530780937	0.06816409920268039	0.7688050828830032	0.09953576069225427	97.56190796360157	106.50665874323576	0.002575544082969284	1.0001033381381488
2.07127377753155	1.893908530780937	0.06816409920268039	0.7688050828830032	0.09953576069225427	97.56190796360157	106.50665874323576	0.002575544082969284	1.0001033381381488
2.07127377753155	1.893908530780937	0.06816409920268039	0.7688050828830032	0.09953576069225427	97.56190796360157	106.51160720286589	0.002575544082969284	1.0001033381381488
2.07127377753155	1.8939090829501026	0.06816409920268039	0.7688050828830032	0.09953576069225427	97.56190796360157	106.51160720286589	0.002575544082969284	1.0001033381381488
2.07127377753155	1.893906583409715	0.06816409920268039	0.7688050828830032	0.09953576069225427	97.56190796360157	106.51160720286589	0.002575544082969284	1.0001033381381488
2.07127377753155	1.893906583409715	0.06816409920268039	0.7688050828830032	0.09953576069225427	97.56190796360157	106.51160720286589	0.002575544082969284	1.000099581715432
2.07127377753155	1.8938928554724213	0.06816409920268039	0.7688050828830032	0.09953576069225427	97.56190796360157	106.51160720286589	0.002575544082969284	1.000099581715432
2.0712671243841876	1.8938928554724213	0.06816409920268039	0.7688050828830032	0.09953576069225427	97.56190796360157	106.51160720286589	0.002575544082969284	1.000099581715432
2.0712671243841876	1.8938928554724213	0.06816409920268039	0.7688050828830032	0.09953576069225427	97.56190796360157	106.51160720286589	0.002575544082969284	1.000099581715432
2.0712671243841876	1.8938928554724213	0.06816409920268039	0.7688050828830032	0.09957066428461865	97.56190796360157	106.51160720286589	0.002575544082969284	1.000099581715432
2.0712671243841876	1.8938928554724213	0.06816409920268039	0.7688050828830032	0.09957066428461865	97.56190796360157	105.78555249129982	0.002575544082969284	1.000099581715432
2.0712671243841876	1.8938928554724213	0.06816409920268039	0.7688050828830032	0.09957066428461865	97.56190796360157	105.78555249129982	0.002595365216758151	1.000099581715432
2.0712671243841876	1.8938928554724213	0.06816409920268039	0.7688050828830032	0.09957066428461865	97.56190796360157	105.78555249129982	0.002595365216758151	1.000099581715432
2.0712671243841876	1.8938928554724213	0.06816409920268039	0.7688050828830032	0.09957066428461865	97.56190796360157	105.78555249129982	0.002595365216758151	1.000099581715432
2.0712671243841876	1.8938928554724213	0.06816409920268039	0.7688050828830032	0.09957066428461865	97.56190796360157	105.78555249129982	0.002595365216758151	1.000099581715432
2.0712671243841876	1.8940879322820798	0.06816409920268039	0.7688050828830032	0.09957066428461865	97.56190796360157	105.78555249129982	0.002595365216758151	1.000099581715432
2.0712671243841876	1.8940879322820798	0.06816409920268039	0.7688050828830032	0.09957066428461865	97.56190796360157	105.78555249129982	0.002595365216758151	1.000099581715432
2.0712671243841876	1.896281821080344	0.06816409920268039	0.7688050828830032	0.09957066428461865	97.56190796360157	105.78555249129982	0.002595365216758151	1.000099581715432
2.0712671243841876	1.896281821080344	0.06816409920268039	0.7688050828830032	0.09957066428461865	97.56190796360157	105.78062784291117	0.002595365216758151	1.000099581715432
2.0712671243841876	1.896281821080344	0.06816409920268039	0.7688050828830032	0.09957066428461865	97.56190796360157	105.74830301880391	0.002595365216758151	1.000099581715432
2.0712671243841876	1.896281821080344	0.06816409920268039	0.7688050828830032	0.09957066428461865	97.56190796360157	105.74830301880391	0.002595365216758151	1.000099581715432
2.0712671243841876	1.896281821080344	0.06816409920268039	0.7688050828830032	0.09957066428461865	97.56190796360157	105.74830301880391	0.0025978572315458	1.000099581715432
2.0712671243841876	1.896281821080344	0.06816409920268039	0.7688050828830032	0.09976203265564268	97.56190796360157	105.74830301880391	0.0025978572315458	1.000099581715432
2.071306883427407	1.896281821080344	0.06816409920268039	0.7688050828830032	0.09976203265564268	97.56190796360157	105.74830301880391	0.0025978572315458	1.000099581715432
2.071306883427407	1.896281821080344	0.06816409920268039	0.7688050828830032	0.09976203265564268	97.55975630431122	105.74830301880391	0.0025978572315458	1.000099581715432
2.071306883427407	1.896281821080344	0.06816409920268039	0.7688050828830032	0.09976203265564268	97.55975630431122	105.74830301880391	0.0025978572315458	1.000099581715432
2.071306883427407	1.896281821080344	0.06816409920268039	0.7688218177271272	0.09976203265564268	97.55975630431122	105.74830301880391	0.0025978572315458	1.000099581715432
2.071306883427407	1.8966488527412173	0.06816409920268039	0.7688218177271272	0.09976203265564268	97.55975630431122	105.74830301880391	0.0025978572315458	1.000099581715432
2.071306883427407	1.8966488527412173	0.06816409920268039	0.7688218177271272	0.09977365920532529	97.55975630431122	105.74830301880391	0.0025978572315458	1.000099581715432
2.071306883427407	1.8966488527412173	0.06816409920268039	0.7688218177271272	0.09977365920532529	97.55975630431122	105.74830301880391	0.0025978572315458	1.000099581715432
2.071306883427407	1.8966488527412173	0.06816409920268039	0.7688218177271272	0.09977365920532529	97.55975630431122	105.74830301880391	0.0025978572315458	1.000099581715432
2.071306883427407	1.8966488527412173	0.06816409920268039	0.7688218177271272	0.09977365920532529	97.55975630431122	105.74830301880391	0.0025978572315458	1.000099581715432
2.071306883427407	1.8966390757705431	0.06816409920268039	0.7688218177271272	0.09977365920532529	97.55975630431122	105.74830301880391	0.0025978572315458	1.000099581715432
2.071306883427407	1.8966390757705431	0.06816409920268039	0.7688218177271272	0.09977282681685747	97.55975630431122	105.74830301880391	0.0025978572315458	1.000099581715432
2.071306883427407	1.8963288019365343	0.06816409920268039	0.7688218177271272	0.09977282681685747	97.55975630431122	105.74830301880391	0.0025978572315458	1.000099581715432
2.071306883427407	1.8963288019365343	0.06816409920268039	0.7688218177271272	0.09977282681685747	97.55975630431122	105.74830301880391	0.0025978572315458	1.000099581715432
2.071306883427407	1.8963288019365343	0.06816409920268039	0.7688218177271272	0.09977282681685747	97.55975630431122	105.74830301880391	0.0025978572315458	1.000099581715432
