2.0708660010978144	1.9050337275737652	0.06820463009622457	0.7699365851344098	0.10016000238290872	97.55740579494413	103.91728043788439	0.0026156037511463805	1.0001017415760072
2.0708660010978144	1.9050337275737652	0.06820463009622457	0.7699365851344098	0.10016000238290872	97.55740579494413	103.91728043788439	0.0026156037511463805	1.0001017415760072
2.0708660010978144	1.9050199606909808	0.06820463009622457	0.7699365851344098	0.10016000238290872	97.55740579494413	103.91728043788439	0.0026156037511463805	1.0001017415760072
2.0708660010978144	1.9050199606909808	0.06820463009622457	0.7699365851344098	0.10016000238290872	97.55740579494413	103.91728043788439	0.0026156037511463805	1.0001017415760072
2.0708660010978144	1.9050199606909808	0.06820463009622457	0.7699365851344098	0.10016000238290872	97.55740579494413	103.91728043788439	0.0027400210461397236	1.0001017415760072
2.0708660010978144	1.9050199606909808	0.06820463009622457	0.7699365851344098	0.10016000238290872	97.55740579494413	103.91728043788439	0.0027400210461397236	1.0001017415760072
2.0708660010978144	1.9050199606909808	0.06820463009622457	0.7699365851344098	0.10016000238290872	97.55740579494413	103.91728043788439	0.0027400210461397236	1.0001017415760072
2.0708660010978144	1.9050199606909808	0.06820463009622457	0.7699365851344098	0.10016000238290872	97.55740579494413	103.91728043788439	0.0027400210461397236	1.0001039871037696
2.0708660010978144	1.9050199606909808	0.06820463009622457	0.7699365851344098	0.10016000238290872	97.55740579494413	103.91728043788439	0.0027400210461397236	1.0001039871037696
2.0708660010978144	1.9050199606909808	0.06820463009622457	0.7699365851344098	0.10016154600388151	97.55740579494413	103.91728043788439	0.0027400210461397236	1.0001039871037696
2.0708660010978144	1.9050199606909808	0.06820463009622457	0.7699365851344098	0.10016154600388151	97.55740579494413	103.91728043788439	0.0027400210461397236	1.0001039871037696
2.0708660010978144	1.905015827013415	0.06820463009622457	0.7699365851344098	0.10016154600388151	97.55740579494413	103.91728043788439	0.0027400210461397236	1.0001039871037696
2.0708660010978144	1.905015827013415	0.06820463009622457	0.7699365851344098	0.10016154600388151	97.55740579494413	103.91728043788439	0.0027400210461397236	1.0001039871037696
2.0708660010978144	1.905015827013415	0.06812206577296634	0.7699365851344098	0.10016154600388151	97.55740579494413	103.91728043788439	0.0027400210461397236	1.0001039871037696
2.0708660010978144	1.9067081306097873	0.06812206577296634	0.7699365851344098	0.10016154600388151	97.55740579494413	103.91728043788439	0.0027400210461397236	1.0001039871037696
2.0708660010978144	1.9067081306097873	0.06812206577296634	0.7699365851344098	0.10016154600388151	97.55740579494413	103.91728043788439	0.0027400210461397236	1.0001039871037696
2.0708660010978144	1.9067081306097873	0.06812206577296634	0.7699365851344098	0.10016154600388151	97.55740579494413	103.91728043788439	0.0027400210461397236	1.0001039871037696
2.0708653989506964	1.9067081306097873	0.06812206577296634	0.7699365851344098	0.10016154600388151	97.55740579494413	103.91728043788439	0.0027400210461397236	1.0001039871037696
2.0708653989506964	1.9067081306097873	0.06812206577296634	0.7699365851344098	0.10016154600388151	97.55740579494413	103.91728043788439	0.0027400210461397236	1.0001039871037696
2.0708653989506964	1.9067081306097873	0.06812206577296634	0.7699365851344098	0.10016154600388151	97.55740579494413	103.91728043788439	0.0027400210461397236	1.0001039871037696
2.0708653989506964	1.9067081306097873	0.06812206577296634	0.7699365851344098	0.10016154600388151	97.55728962551758	103.91728043788439	0.0027400210461397236	1.0001039871037696
2.0708653989506964	1.9067081306097873	0.06812206577296634	0.7699365851344098	0.10016154600388151	97.55722319965571	103.91728043788439	0.0027400210461397236	1.0001039871037696
2.0708653989506964	1.9067081306097873	0.06812206577296634	0.7699365851344098	0.10016154600388151	97.55722319965571	103.91728043788439	0.0027400210461397236	1.0001039871037696
2.0708653989506964	1.9067081306097873	0.06812206577296634	0.7699365851344098	0.10016154600388151	97.55722319965571	103.91728043788439	0.0027400210461397236	1.0001039871037696
2.0708653989506964	1.9067081306097873	0.06812206577296634	0.7699365851344098	0.10017583964546473	97.55722319965571	103.91728043788439	0.0027400210461397236	1.0001039871037696
2.0708653989506964	1.9067081306097873	0.06812206577296634	0.7699365851344098	0.10017583964546473	97.55722319965571	103.91728043788439	0.0027400210461397236	1.0001039871037696
2.0708653989506964	1.9067081306097873	0.06812206577296634	0.7699365851344098	0.10017583964546473	97.55722319965571	103.91728043788439	0.0027400210461397236	1.0001039871037696
2.0708653989506964	1.9067081306097873	0.06812206577296634	0.7699365851344098	0.10017583964546473	97.55722319965571	103.91728043788439	0.0027400210461397236	1.000099265364519
2.0708653989506964	1.9067081306097873	0.06812206577296634	0.7699106839867125	0.10017583964546473	97.55722319965571	103.91728043788439	0.0027400210461397236	1.000099265364519
2.0708653989506964	1.9067081306097873	0.06812206577296634	0.7699106839867125	0.10017583964546473	97.55722319965571	103.91689641228405	0.0027400210461397236	1.000099265364519
2.070688540764966	1.9067081306097873	0.06812206577296634	0.7699106839867125	0.10017583964546473	97.55722319965571	103.91689641228405	0.0027400210461397236	1.000099265364519
2.070688540764966	1.9067081306097873	0.06812206577296634	0.7699106839867125	0.10017583964546473	97.55722319965571	103.91689641228405	0.0027400210461397236	1.000099265364519
2.070688540764966	1.9067081306097873	0.06812206577296634	0.7699106839867125	0.10017583964546473	97.55722319965571	103.91689641228405	0.002739910245147799	1.000099265364519
2.070688540764966	1.9067081306097873	0.06812206577296634	0.7699106839867125	0.10017583964546473	97.55722319965571	103.91689641228405	0.002739910245147799	1.000099265364519
2.070688540764966	1.9067081306097873	0.06812206577296634	0.7699106839867125	0.10017583964546473	97.55722319965571	103.91689641228405	0.002739910245147799	1.000099265364519
2.070688540764966	1.9067081306097873	0.06812206577296634	0.7699106839867125	0.10017583964546473	97.55722319965571	103.97306701922626	0.002739910245147799	1.000099265364519
2.070688540764966	1.9067081306097873	0.06812206577296634	0.7699106839867125	0.10017583964546473	97.55722319965571	103.97306701922626	0.002739910245147799	1.000099265364519
2.070688540764966	1.9067081306097873	0.06812206577296634	0.7699106839867125	0.10017583964546473	97.55722319965571	103.97306701922626	0.002739870461395355	1.000099265364519
2.070688540764966	1.9067081306097873	0.06812206577296634	0.7699106839867125	0.10017583964546473	97.55722319965571	103.97306701922626	0.002739870461395355	1.000099265364519
2.070709097947758	1.9067081306097873	0.06812206577296634	0.7699106839867125	0.10017583964546473	97.55722319965571	103.97306701922626	0.002739870461395355	1.000099265364519
2.070709097947758	1.9067081306097873	0.06812206577296634	0.7699106839867125	0.10016080888636887	97.55722319965571	103.97306701922626	0.002739870461395355	1.000099265364519
2.070709097947758	1.9067081306097873	0.06812206577296634	0.7699106839867125	0.10016080888636887	97.55722319965571	103.97306701922626	0.002739870461395355	1.000099265364519
2.070709097947758	1.9066803422312129	0.06812206577296634	0.7699106839867125	0.10016080888636887	97.55722319965571	103.97306701922626	0.002739870461395355	1.000099265364519
2.070709097947758	1.9066803422312129	0.06812206577296634	0.7699106839867125	0.10016080888636887	97.55722319965571	103.97306701922626	0.002739870461395355	1.000099265364519
2.070709097947758	1.9066803422312129	0.06812206577296634	0.7699106839867125	0.10021558176377036	97.55722319965571	103.97306701922626	0.002739870461395355	1.000099265364519
2.070709097947758	1.9066803422312129	0.06812206577296634	0.7699106839867125	0.10021558176377036	97.55722319965571	104.08170867560302	0.002739870461395355	1.000099265364519
2.070709097947758	1.9066803422312129	0.06812206577296634	0.7700994773371203	0.10021558176377036	97.55722319965571	104.08170867560302	0.002739870461395355	1.000099265364519
2.070709097947758	1.9066803422312129	0.06812206577296634	0.7700994773371203	0.10021558176377036	97.55722319965571	104.08170867560302	0.002739870461395355	1.000099265364519
2.070709097947758	1.9066803422312129	0.06812206577296634	0.7700994773371203	0.10021558176377036	97.55722319965571	104.08170867560302	0.002739870461395355	1.000099265364519
2.070709097947758	1.9066803422312129	0.06812206577296634	0.7697989652619462	0.10021558176377036	97.55722319965571	104.08170867560302	0.002739870461395355	1.000099265364519
2.070709097947758	1.9066803422312129	0.06812206577296634	0.7697989652619462	0.10021558176377036	97.55722319965571	104.08170867560302	0.002739870461395355	1.000099265364519
2.070709097947758	1.9066803422312129	0.06812206577296634	0.7697989652619462	0.10021558176377036	97.55722319965571	104.08170867560302	0.002787107095164481	1.000099265364519
2.070709097947758	1.9066803422312129	0.06812206577296634	0.7697989652619462	0.10021558176377036	97.55727861395806	104.08170867560302	0.002787107095164481	1.000099265364519
2.070709097947758	1.9066803422312129	0.06812206577296634	0.7697989652619462	0.10021558176377036	97.55727861395806	104.08170867560302	0.002787107095164481	1.000099265364519
2.070709097947758	1.9066803422312129	0.06812206577296634	0.7697989652619462	0.10021558176377036	97.55727861395806	104.08170867560302	0.002787107095164481	1.000099265364519
2.070709097947758	1.9066803422312129	0.06812206577296634	0.7697989652619462	0.10021558176377036	97.55727861395806	104.08170867560302	0.002787107095164481	1.000099265364519
2.070709097947758	1.9066803422312129	0.06812206577296634	0.7697989652619462	0.10021558176377036	97.55727861395806	104.08170867560302	0.002787107095164481	1.000099265364519
2.070709097947758	1.9066803422312129	0.06812206577296634	0.7697989652619462	0.10021558176377036	97.55727861395806	104.08170867560302	0.00278663934196726	1.000099265364519
2.070709097947758	1.9066803422312129	0.06812206577296634	0.7697989652619462	0.10034654869289858	97.55727861395806	104.08170867560302	0.00278663934196726	1.000099265364519
2.070709097947758	1.9066803422312129	0.06812206577296634	0.7697989652619462	0.10034654869289858	97.55727861395806	104.08170867560302	0.00278663934196726	1.000099265364519
2.070709097947758	1.9066803422312129	0.06812206577296634	0.7697989652619462	0.10034654869289858	97.55727861395806	104.08170867560302	0.00278663934196726	1.000099265364519
2.070709097947758	1.9066803422312129	0.06812206577296634	0.7697989652619462	0.10034654869289858	97.55727861395806	101.51592475277582	0.00278663934196726	1.000099265364519
2.070709097947758	1.9066803422312129	0.06812206577296634	0.7697989652619462	0.10034654869289858	97.55727861395806	101.51592475277582	0.00278663934196726	1.0000992968236195
2.070709097947758	1.9066803422312129	0.06812206577296634	0.7697989652619462	0.10034153643724736	97.55727861395806	101.51592475277582	0.00278663934196726	1.0000992968236195
2.070709097947758	1.9066803422312129	0.06812206577296634	0.7697989652619462	0.10034153643724736	97.55727861395806	101.51592475277582	0.00278663934196726	1.0000992968236195
2.070709097947758	1.9066803422312129	0.06812206577296634	0.7697989652619462	0.10034153643724736	97.55730729547764	101.51592475277582	0.00278663934196726	1.0000992968236195
2.070709097947758	1.9066803422312129	0.06812206577296634	0.7697989652619462	0.10034153643724736	97.55730729547764	101.51610204177778	0.00278663934196726	1.0000992968236195
2.070709478403149	1.9066803422312129	0.06812206577296634	0.7697989652619462	0.10034153643724736	97.55730729547764	101.51610204177778	0.00278663934196726	1.0000992968236195
2.070709478403149	1.9066803422312129	0.06812206577296634	0.7697989652619462	0.10034153643724736	97.55730729547764	101.51610204177778	0.00278678175573505	1.0000992968236195
2.070709478403149	1.9066803422312129	0.06812206577296634	0.7697989652619462	0.10034153643724736	97.55730729547764	101.51610204177778	0.00278678175573505	1.0000992968236195
2.070709478403149	1.9066803422312129	0.06812206577296634	0.7697989652619462	0.10034153643724736	97.55730729547764	101.51610204177778	0.00278678175573505	1.0000992968236195
2.070709478403149	1.9066803422312129	0.06812206577296634	0.7697989652619462	0.10034153643724736	97.55730729547764	101.51610204177778	0.00278678175573505	1.0000992968236195
2.070709478403149	1.9066803422312129	0.06812206577296634	0.7697989652619462	0.10034153643724736	97.55730729547764	101.51610204177778	0.00278678175573505	1.0000992968236195
2.070709478403149	1.9066803422312129	0.06812206577296634	0.7697989652619462	0.10034153643724736	97.56330670778374	101.51610204177778	0.00278678175573505	1.0000992968236195
2.070709478403149	1.906381838805709	0.06812206577296634	0.7697989652619462	0.10034153643724736	97.56330670778374	101.51610204177778	0.00278678175573505	1.0000992968236195
2.070709478403149	1.906381838805709	0.06812206577296634	0.7697989652619462	0.10034153643724736	97.56330670778374	101.51610204177778	0.00278678175573505	1.0000992968236195
2.070709478403149	1.906381838805709	0.06812206577296634	0.7697989371504755	0.10034153643724736	97.56330670778374	101.51610204177778	0.00278678175573505	1.0000992968236195
2.070709478403149	1.906381838805709	0.06812206577296634	0.7697989371504755	0.10034153643724736	97.56250686836552	101.51610204177778	0.00278678175573505	1.0000992968236195
2.070709478403149	1.906381838805709	0.06812206577296634	0.7697989371504755	0.10034153643724736	97.56250686836552	101.52338203966329	0.00278678175573505	1.0000992968236195
2.070709478403149	1.906381838805709	0.06812206577296634	0.7697989371504755	0.10034153643724736	97.56250686836552	101.52338203966329	0.00278678175573505	1.000099292892129
2.070709478403149	1.906381838805709	0.06806621308543986	0.7697989371504755	0.10034153643724736	97.56250686836552	101.52338203966329	0.00278678175573505	1.000099292892129
2.070709478403149	1.906381838805709	0.06806244594090066	0.7697989371504755	0.10034153643724736	97.56250686836552	101.52338203966329	0.00278678175573505	1.000099292892129
2.070709478403149	1.906381838805709	0.06806244594090066	0.7697989371504755	0.10034153643724736	97.56250686836552	101.52338203966329	0.00278678175573505	1.000099292892129
2.070709478403149	1.906381838805709	0.06806244594090066	0.7697989371504755	0.10034153643724736	97.56250686836552	101.52338203966329	0.00278678175573505	1.0001027638349962
2.070709478403149	1.906377591807825	0.06806244594090066	0.7697989371504755	0.10034153643724736	97.56250686836552	101.52338203966329	0.00278678175573505	1.0001027638349962
2.070709478403149	1.906377591807825	0.06806244594090066	0.7697989371504755	0.10034153643724736	97.56250686836552	101.52338203966329	0.0027868188679281247	1.0001027638349962
2.070709478403149	1.906377591807825	0.06806244594090066	0.7697989371504755	0.10034153643724736	97.56250686836552	101.52338203966329	0.0027868188679281247	1.0001027638349962
2.070709478403149	1.906377591807825	0.06806244594090066	0.7697989371504755	0.10034153643724736	97.56250686836552	101.52338203966329	0.0027868188679281247	1.0001027638349962
2.070709478403149	1.906377591807825	0.06806244594090066	0.7697989371504755	0.10034153643724736	97.56250686836552	101.52338203966329	0.0027868025639406773	1.0001027638349962
2.070709478403149	1.906377591807825	0.06806244594090066	0.7697989371504755	0.10034153643724736	97.56250686836552	101.52338203966329	0.0027868025639406773	1.0001027638349962
2.070709478403149	1.906377591807825	0.06806244594090066	0.7697989371504755	0.10034153643724736	97.56250686836552	101.52338203966329	0.002797109361442567	1.0001027638349962
2.070709478403149	1.906377591807825	0.06806244594090066	0.7697989371504755	0.10034153643724736	97.56250686836552	101.52338203966329	0.0028168378458125853	1.0001027638349962
2.070709478403149	1.906377591807825	0.06806244594090066	0.7697989371504755	0.10034153643724736	97.56250686836552	101.52338203966329	0.0028168378458125853	1.0001027638349962
2.070709478403149	1.906377591807825	0.06806244594090066	0.7697989371504755	0.10034153643724736	97.56250686836552	101.52338203966329	0.0028168378458125853	1.0001027638349962
2.070709478403149	1.906377591807825	0.06813397267856657	0.7697989371504755	0.10034153643724736	97.56250686836552	101.52338203966329	0.0028168378458125853	1.0001027638349962
2.070709478403149	1.906377591807825	0.06813397267856657	0.7697989371504755	0.10034153643724736	97.56250686836552	101.52338203966329	0.0028167044578610158	1.0001027638349962
2.070709478403149	1.906377591807825	0.06813397267856657	0.7697989371504755	0.10035068960594634	97.56250686836552	101.52338203966329	0.0028167044578610158	1.0001027638349962
2.070709478403149	1.906377591807825	0.06813397267856657	0.7697989371504755	0.10035068960594634	97.56250686836552	101.52338203966329	0.0028167044578610158	1.0001027638349962
2.070709478403149	1.9063740871510193	0.06813397267856657	0.7697989371504755	0.10035068960594634	97.56250686836552	101.52338203966329	0.0028167044578610158	1.0001027638349962
2.070709478403149	1.9063740871510193	0.06813397267856657	0.7697989371504755	0.10035068960594634	97.56250686836552	101.52338203966329	0.0028167044578610158	1.0001027638349962
2.070709478403149	1.9063740871510193	0.06813397267856657	0.7697929149755486	0.10035068960594634	97.56250686836552	101.52338203966329	0.0028167044578610158	1.0001027638349962
2.070709478403149	1.9063740871510193	0.06813397267856657	0.769948848383305	0.10035068960594634	97.56250686836552	101.52338203966329	0.0028167044578610158	1.0001027638349962
2.070709478403149	1.9063740871510193	0.06813397267856657	0.769948848383305	0.10035068960594634	97.56250686836552	101.52338203966329	0.002816927479523544	1.0001027638349962
2.0707091043029537	1.9063740871510193	0.06813397267856657	0.769948848383305	0.10035068960594634	97.56250686836552	101.52338203966329	0.002816927479523544	1.0001027638349962
2.0707091043029537	1.9064269126491478	0.06813397267856657	0.769948848383305	0.10035068960594634	97.56250686836552	101.52338203966329	0.002816927479523544	1.0001027638349962
2.0707091043029537	1.9064269126491478	0.06813397267856657	0.769948848383305	0.10035068960594634	97.56250686836552	101.52338203966329	0.002816927479523544	1.0001027638349962
2.0707091043029537	1.9064269126491478	0.06813397267856657	0.769948848383305	0.10035068960594634	97.56250686836552	101.52338203966329	0.002816927479523544	1.0001027638349962
2.0707091043029537	1.9064269126491478	0.06813397267856657	0.769948848383305	0.10035068960594634	97.56250686836552	101.52365752647982	0.002816927479523544	1.0001027638349962
2.070741279361455	1.9064269126491478	0.06813397267856657	0.769948848383305	0.10035068960594634	97.56250686836552	101.52365752647982	0.002816927479523544	1.0001027638349962
2.070741279361455	1.9064317370341057	0.06813397267856657	0.769948848383305	0.10035068960594634	97.56250686836552	101.52365752647982	0.002816927479523544	1.0001027638349962
2.070741279361455	1.9064317370341057	0.06813397267856657	0.769948848383305	0.10035068960594634	97.56250686836552	101.6342477502205	0.002816927479523544	1.0001027638349962
2.070741279361455	1.9064317370341057	0.06813397267856657	0.769948848383305	0.10035068960594634	97.56250686836552	101.61638756556368	0.002816927479523544	1.0001027638349962
2.070741279361455	1.9064317370341057	0.06813397267856657	0.769948848383305	0.10035068960594634	97.56250686836552	101.61638756556368	0.002816927479523544	1.0001027638349962
2.07089148977414	1.9064317370341057	0.06813397267856657	0.769948848383305	0.10035068960594634	97.56250686836552	101.61638756556368	0.002816927479523544	1.0001027638349962
2.07089148977414	1.9064317370341057	0.06813397267856657	0.769948848383305	0.10035068960594634	97.56250686836552	101.58034718593251	0.002816927479523544	1.0001027638349962
2.07089148977414	1.9064317370341057	0.06813397267856657	0.769948848383305	0.10035068960594634	97.56250686836552	101.58034718593251	0.002816927479523544	1.000100182316876
2.07089148977414	1.9064317370341057	0.06813397267856657	0.769948848383305	0.10035068960594634	97.56250686836552	101.58034718593251	0.002816927479523544	1.000100182316876
2.07089148977414	1.9064317370341057	0.06813397267856657	0.769948848383305	0.10035068960594634	97.56250686836552	101.58034718593251	0.0027585115250884315	1.000100182316876
2.07089148977414	1.9064317370341057	0.06813397267856657	0.769948848383305	0.10035068960594634	97.56250686836552	101.58034718593251	0.0027585115250884315	1.000100182316876
2.07089148977414	1.9064317370341057	0.06813397267856657	0.7699540484116373	0.10035068960594634	97.56250686836552	101.58034718593251	0.0027585115250884315	1.000100182316876
2.07089148977414	1.9064317370341057	0.06813397267856657	0.7699540484116373	0.10035068960594634	97.56250686836552	101.58034718593251	0.00233427174192704	1.000100182316876
2.073603273225091	1.9064317370341057	0.06813397267856657	0.7699540484116373	0.10035068960594634	97.56250686836552	101.58034718593251	0.00233427174192704	1.000100182316876
2.073603273225091	1.9064317370341057	0.06813397267856657	0.7699540484116373	0.10035174285169719	97.56250686836552	101.58034718593251	0.00233427174192704	1.000100182316876
2.073603273225091	1.9064317370341057	0.06813397267856657	0.7699540484116373	0.10035174285169719	97.56250686836552	101.58203188587765	0.00233427174192704	1.000100182316876
2.073603273225091	1.9064317370341057	0.06813397267856657	0.7699540484116373	0.10035174285169719	97.56250686836552	101.58203188587765	0.00233427174192704	1.000100182316876
2.073603273225091	1.9064317370341057	0.06813397267856657	0.7699540484116373	0.10035174285169719	97.56250686836552	101.58203188587765	0.00233427174192704	1.000100182316876
2.073603273225091	1.9064317370341057	0.06813397267856657	0.7699540484116373	0.10035174285169719	97.56250686836552	101.58203188587765	0.00233427174192704	1.000100182316876
2.073603273225091	1.9064317370341057	0.06818201381923289	0.7699540484116373	0.10035174285169719	97.56250686836552	101.58203188587765	0.00233427174192704	1.000100182316876
2.073603273225091	1.9064317370341057	0.06818201381923289	0.7699540484116373	0.10035174285169719	97.56250686836552	101.58203188587765	0.00233427174192704	1.000100182316876
2.073603273225091	1.9064317370341057	0.06818201381923289	0.7699540484116373	0.10035174285169719	97.56250686836552	101.58203188587765	0.00233427174192704	1.000099917223215
2.073603273225091	1.9064061547184945	0.06818201381923289	0.7699540484116373	0.10035174285169719	97.56250686836552	101.58203188587765	0.00233427174192704	1.000099917223215
2.073603273225091	1.9064061547184945	0.06818201381923289	0.7699540484116373	0.10035174285169719	97.586619031839	101.58203188587765	0.00233427174192704	1.000099917223215
2.073603273225091	1.9064061547184945	0.06818201381923289	0.7699540484116373	0.10035174285169719	97.586619031839	101.58203188587765	0.00233427174192704	1.000099917223215
2.073603273225091	1.9064061547184945	0.06818201381923289	0.7699540484116373	0.10035174285169719	97.586619031839	101.58203188587765	0.00233427174192704	1.000099917223215
2.073603273225091	1.9064061547184945	0.06818201381923289	0.7699540484116373	0.10035174285169719	97.586619031839	101.58203188587765	0.00233427174192704	1.000099917223215
2.073603273225091	1.9064061547184945	0.06818201381923289	0.7699540484116373	0.10013624703953877	97.586619031839	101.58203188587765	0.00233427174192704	1.000099917223215
2.073603273225091	1.9064061547184945	0.06818201381923289	0.7699540484116373	0.10013624703953877	97.586619031839	101.58203188587765	0.00233427174192704	1.000099917223215
2.073603273225091	1.9064061547184945	0.06818201381923289	0.7699540484116373	0.10013624703953877	97.586619031839	101.58203188587765	0.00233427174192704	1.000099917223215
2.073603273225091	1.9064061547184945	0.06818201381923289	0.7699540484116373	0.10013664295844325	97.586619031839	101.58203188587765	0.00233427174192704	1.000099917223215
2.073603273225091	1.9064061547184945	0.06818201381923289	0.7699540484116373	0.10013518249687864	97.586619031839	101.58203188587765	0.00233427174192704	1.000099917223215
2.073603273225091	1.9064061547184945	0.06818201381923289	0.7699540484116373	0.10013518249687864	97.586619031839	101.5928145060503	0.00233427174192704	1.000099917223215
2.073603273225091	1.9064061547184945	0.06818201381923289	0.7699540484116373	0.100165966576439	97.586619031839	101.5928145060503	0.00233427174192704	1.000099917223215
2.073603273225091	1.9064061547184945	0.06818201381923289	0.7699540484116373	0.100165966576439	97.586619031839	101.57821990928754	0.00233427174192704	1.000099917223215
2.073603273225091	1.9064047876648889	0.06818201381923289	0.7699540484116373	0.100165966576439	97.586619031839	101.57821990928754	0.00233427174192704	1.000099917223215
2.073603273225091	1.9064047876648889	0.06816655091527578	0.7699540484116373	0.100165966576439	97.586619031839	101.57821990928754	0.00233427174192704	1.000099917223215
2.073603273225091	1.9064047876648889	0.06816655091527578	0.7699540484116373	0.100165966576439	97.586619031839	101.57821990928754	0.002333909233773232	1.000099917223215
2.073603273225091	1.9064047876648889	0.06816655091527578	0.7699540484116373	0.100165966576439	97.586619031839	99.20500307412837	0.002333909233773232	1.000099917223215
2.073603273225091	1.9064047876648889	0.06816655091527578	0.7699540484116373	0.10016587198358838	97.586619031839	99.20500307412837	0.002333909233773232	1.000099917223215
2.073603273225091	1.9064047876648889	0.06816655091527578	0.7699540484116373	0.10016752685031327	97.586619031839	99.20500307412837	0.002333909233773232	1.000099917223215
2.073603273225091	1.9064047876648889	0.06816655091527578	0.7699540484116373	0.10016752685031327	97.586619031839	98.86166503659615	0.002333909233773232	1.000099917223215
2.073603273225091	1.9064047876648889	0.06816655091527578	0.7699540484116373	0.10016752685031327	97.586619031839	98.86166503659615	0.002333909233773232	1.000099917223215
2.073603273225091	1.9064047876648889	0.06816655091527578	0.7699540484116373	0.10016752685031327	97.586619031839	98.93085145315715	0.002333909233773232	1.000099917223215
2.073603273225091	1.9064047876648889	0.06816655091527578	0.7699540484116373	0.10016752685031327	97.58327870640815	98.93085145315715	0.002333909233773232	1.000099917223215
2.073603273225091	1.9064047876648889	0.06816655091527578	0.7701344729265273	0.10016752685031327	97.58327870640815	98.93085145315715	0.002333909233773232	1.000099917223215
2.073603273225091	1.9064047876648889	0.06816655091527578	0.7701344729265273	0.10016752685031327	97.58327870640815	98.93085145315715	0.002333909233773232	1.000099917223215
2.073603273225091	1.9064047876648889	0.06816655091527578	0.7701344729265273	0.10016752685031327	97.58327870640815	98.93085145315715	0.002333909233773232	1.000099917223215
2.073603273225091	1.9064047876648889	0.06816655091527578	0.7701344729265273	0.10016752685031327	97.58327870640815	98.93085145315715	0.002333909233773232	1.000099917223215
2.073603273225091	1.9064047876648889	0.06816655091527578	0.7701344729265273	0.10016752685031327	97.58327870640815	98.93085145315715	0.002333909233773232	1.000099917223215
2.073603273225091	1.9064047876648889	0.06816883134417986	0.7701344729265273	0.10016752685031327	97.58327870640815	98.93085145315715	0.002333909233773232	1.000099917223215
2.073603273225091	1.9064047876648889	0.06816883134417986	0.7701344729265273	0.10016752685031327	97.58327870640815	98.93085145315715	0.002333909233773232	1.000099917223215
2.073603273225091	1.9064047876648889	0.06816883134417986	0.7701344729265273	0.10016752685031327	97.58327870640815	98.93085145315715	0.002333909233773232	1.000099917223215
2.073603273225091	1.9064047876648889	0.06816883134417986	0.7701344729265273	0.10016752685031327	97.58327870640815	98.93085145315715	0.002333909233773232	1.000099917223215
2.073603273225091	1.9064047876648889	0.06816883134417986	0.7701344729265273	0.10016752685031327	97.58327870640815	98.93085145315715	0.002333909233773232	1.000099917223215
2.073603273225091	1.9064047876648889	0.06818579179866031	0.7701344729265273	0.10016752685031327	97.58327870640815	98.93085145315715	0.002333909233773232	1.000099917223215
2.073603273225091	1.9064047876648889	0.06818579179866031	0.7701344729265273	0.10016752685031327	97.58327870640815	98.93085145315715	0.002333909233773232	1.000099917223215
2.073603273225091	1.9064047876648889	0.06818579179866031	0.7701344729265273	0.10016752685031327	97.58327870640815	98.92858722583196	0.002333909233773232	1.000099917223215
2.073603273225091	1.9064047876648889	0.06818579179866031	0.7701344729265273	0.10016752685031327	97.58327870640815	98.92858722583196	0.002333909233773232	1.000099917223215
2.073603273225091	1.9064047876648889	0.06818579179866031	0.7701344729265273	0.10016752685031327	97.58327870640815	98.92858722583196	0.002333909233773232	1.000099917223215
2.073603273225091	1.9054532152222303	0.06818579179866031	0.7701344729265273	0.10016752685031327	97.58327870640815	98.92858722583196	0.002333909233773232	1.000099917223215
2.073565059526439	1.9054532152222303	0.06818579179866031	0.7701344729265273	0.10016752685031327	97.58327870640815	98.92858722583196	0.002333909233773232	1.000099917223215
2.073565059526439	1.9054532152222303	0.06818579179866031	0.7701344729265273	0.10016752685031327	97.58327870640815	98.92858722583196	0.002333909233773232	1.000099917223215
2.073565059526439	1.9054532152222303	0.06818579179866031	0.7701344729265273	0.10016752685031327	97.58327870640815	98.92858722583196	0.002333909233773232	1.000099917223215
2.073565059526439	1.9054532152222303	0.06818681304734388	0.7701344729265273	0.10016752685031327	97.58327870640815	98.92858722583196	0.002333909233773232	1.000099917223215
2.073565059526439	1.9054532152222303	0.06818681304734388	0.7701344729265273	0.10016752685031327	97.58327870640815	98.92858722583196	0.0023648267607956444	1.000099917223215
2.073565059526439	1.9054532152222303	0.06818681304734388	0.7701344729265273	0.10016752685031327	97.58327870640815	98.92858722583196	0.0023648267607956444	1.000099917223215
2.073565059526439	1.9054532152222303	0.06818681304734388	0.7701344729265273	0.10018348630767779	97.58327870640815	98.92858722583196	0.0023648267607956444	1.000099917223215
2.073565059526439	1.9054532152222303	0.06818681304734388	0.7701344729265273	0.10018348630767779	97.58339904180292	98.92858722583196	0.0023648267607956444	1.000099917223215
2.073565059526439	1.9054532152222303	0.06818681304734388	0.7701344729265273	0.10018348630767779	97.58339904180292	98.92858722583196	0.0023648267607956444	1.000099917223215
2.073574491394423	1.9054532152222303	0.06818681304734388	0.7701344729265273	0.10018348630767779	97.58339904180292	98.92858722583196	0.0023648267607956444	1.000099917223215
2.073574491394423	1.9054532152222303	0.06818681304734388	0.7701344729265273	0.10018297871241078	97.58339904180292	98.92858722583196	0.0023648267607956444	1.000099917223215
2.073574491394423	1.9054532152222303	0.06818681304734388	0.7701344729265273	0.10018297871241078	97.58339904180292	98.92858722583196	0.0023648267607956444	1.000099917223215
2.073574491394423	1.9054532152222303	0.06818681304734388	0.7701344729265273	0.10018297871241078	97.58338519380365	98.92858722583196	0.0023648267607956444	1.000099917223215
2.073588154391277	1.9054532152222303	0.06818681304734388	0.7701344729265273	0.10018297871241078	97.58338519380365	98.92858722583196	0.0023648267607956444	1.000099917223215
2.073588154391277	1.9054532152222303	0.06818681304734388	0.7701344729265273	0.10018297871241078	97.58338519380365	99.28377479749054	0.0023648267607956444	1.000099917223215
2.073588154391277	1.9054532152222303	0.06818681304734388	0.7701344729265273	0.10018297871241078	97.58338519380365	99.28377479749054	0.0023648267607956444	1.0000960909336227
2.073588154391277	1.904645691962785	0.06818681304734388	0.7701344729265273	0.10018297871241078	97.58338519380365	99.28377479749054	0.0023648267607956444	1.0000960909336227
2.073588154391277	1.904645691962785	0.06818681304734388	0.7701344729265273	0.10018297871241078	97.57689414321575	99.28377479749054	0.0023648267607956444	1.0000960909336227
2.073588154391277	1.904645691962785	0.06818681304734388	0.7701344729265273	0.10018297871241078	97.57689414321575	99.28377479749054	0.0023648267607956444	1.0000960909336227
2.073588154391277	1.904645691962785	0.06818681304734388	0.7701344729265273	0.10018297871241078	97.57689414321575	99.28377479749054	0.0023648267607956444	1.0000960909336227
2.073588154391277	1.904645691962785	0.06818681304734388	0.7701344729265273	0.10018297108703911	97.57689414321575	99.28377479749054	0.0023648267607956444	1.0000960909336227
2.073588154391277	1.9044599353238623	0.06818681304734388	0.7701344729265273	0.10018297108703911	97.57689414321575	99.28377479749054	0.0023648267607956444	1.0000960909336227
2.073588154391277	1.9044599353238623	0.06818681304734388	0.7701344729265273	0.10018297108703911	97.57689414321575	99.28377479749054	0.0023648267607956444	1.0000960909336227
2.073588154391277	1.9044599353238623	0.06818681304734388	0.7701344729265273	0.10018297108703911	97.57689414321575	99.28377479749054	0.0023634765271742762	1.0000960909336227
2.073588154391277	1.9044599353238623	0.06818681304734388	0.7701344729265273	0.10018297108703911	97.57687331514043	99.28377479749054	0.0023634765271742762	1.0000960909336227
2.073588154391277	1.9044599353238623	0.06818681304734388	0.7701344729265273	0.10015742840366693	97.57687331514043	99.28377479749054	0.0023634765271742762	1.0000960909336227
2.073588154391277	1.9044599353238623	0.06818681304734388	0.7701344729265273	0.10015742840366693	97.57687331514043	99.28377479749054	0.0023634765271742762	1.0000960909336227
2.073588154391277	1.9044599353238623	0.06818681304734388	0.7701344729265273	0.10015742840366693	97.57687331514043	99.36852153703846	0.0023634765271742762	1.0000960909336227
2.073588154391277	1.9044599353238623	0.06818681304734388	0.7701344729265273	0.10015742840366693	97.57687331514043	99.36852153703846	0.0023634765271742762	1.0000960909336227
2.073588154391277	1.9044599353238623	0.06818681304734388	0.7701344729265273	0.10015742840366693	97.57687331514043	99.36852153703846	0.0023634765271742762	1.0000960909336227
2.0718907006045524	1.9044599353238623	0.06818681304734388	0.7701344729265273	0.10015742840366693	97.57687331514043	99.36852153703846	0.0023634765271742762	1.0000960909336227
2.0718907006045524	1.9044599353238623	0.06818681304734388	0.7701344729265273	0.10015742840366693	97.57687331514043	99.36852153703846	0.0023635523923223652	1.0000960909336227
2.0718907006045524	1.9044599353238623	0.06818681304734388	0.7701344729265273	0.10015742840366693	97.5760834503075	99.36852153703846	0.0023635523923223652	1.0000960909336227
2.0718907006045524	1.9044599353238623	0.06818681304734388	0.7701344729265273	0.10015742840366693	97.5760834503075	99.36852153703846	0.0023635523923223652	1.0000960909336227
2.0718907006045524	1.905562835818517	0.06818681304734388	0.7701344729265273	0.10015742840366693	97.5760834503075	99.36852153703846	0.0023635523923223652	1.0000960909336227
2.0718907006045524	1.9055632764142527	0.06818681304734388	0.7701344729265273	0.10015742840366693	97.5760834503075	99.36852153703846	0.0023635523923223652	1.0000960909336227
2.0718907006045524	1.9055632764142527	0.06818681304734388	0.7701344729265273	0.10015742840366693	97.5760834503075	99.36852153703846	0.0023635523923223652	1.0000960909336227
2.0718907006045524	1.9055632764142527	0.06818681304734388	0.7701344729265273	0.10015742840366693	97.5760834503075	99.36852153703846	0.0023635523923223652	1.0000960909336227
2.0718907006045524	1.9055632764142527	0.06818681304734388	0.7701344729265273	0.10015742840366693	97.5760834503075	99.36852153703846	0.0023635523923223652	1.0000960909336227
2.0718907006045524	1.9055632764142527	0.06818681304734388	0.7701344729265273	0.10015742840366693	97.5760834503075	99.36852153703846	0.0023635523923223652	1.0000960909336227
2.0718907006045524	1.9055632764142527	0.06818681304734388	0.7701344729265273	0.10015742840366693	97.5760834503075	99.36852153703846	0.0023635523923223652	1.0000960909336227
2.0718907006045524	1.9055632764142527	0.06818681304734388	0.7701344729265273	0.10015742840366693	97.5760834503075	99.36852153703846	0.00233391465803757	1.0000960909336227
2.071626256533185	1.9055632764142527	0.06818681304734388	0.7701344729265273	0.10015742840366693	97.5760834503075	99.36852153703846	0.00233391465803757	1.0000960909336227
2.071626256533185	1.9055632764142527	0.06818681304734388	0.7701344729265273	0.10015742840366693	97.5760834503075	99.36852153703846	0.0023332160474589564	1.0000960909336227
2.071626256533185	1.9055632764142527	0.06818681304734388	0.7701344729265273	0.10015742840366693	97.5760834503075	99.36852153703846	0.002333276381455873	1.0000960909336227
2.071626256533185	1.9055632764142527	0.06818681304734388	0.7701344729265273	0.1001574340101916	97.5760834503075	99.36852153703846	0.002333276381455873	1.0000960909336227
2.071626256533185	1.9055632764142527	0.06818681304734388	0.7701344729265273	0.1001574340101916	97.5760834503075	99.36852153703846	0.002333276381455873	1.0000968890502862
2.071626256533185	1.9055632764142527	0.06818681304734388	0.7701344729265273	0.1001574340101916	97.5760834503075	99.36852153703846	0.002333276381455873	1.0000991345015562
2.071626256533185	1.9055632764142527	0.06818681304734388	0.7701344729265273	0.1001574340101916	97.5760834503075	99.36852153703846	0.002333276381455873	1.0000991345015562
2.0716235808345176	1.9055632764142527	0.06818681304734388	0.7701344729265273	0.1001574340101916	97.5760834503075	99.36852153703846	0.002333276381455873	1.0000991345015562
2.0716235808345176	1.9055632764142527	0.06818681304734388	0.7701344729265273	0.1001574340101916	97.57600110620639	99.36852153703846	0.002333276381455873	1.0000991345015562
2.0716235808345176	1.9055632764142527	0.06818681304734388	0.7701344729265273	0.1001574340101916	97.5756133151064	99.36852153703846	0.002333276381455873	1.0000991345015562
2.0716235808345176	1.9055632764142527	0.06818681304734388	0.7701344729265273	0.10015744040168938	97.5756133151064	99.36852153703846	0.002333276381455873	1.0000991345015562
2.0716235808345176	1.9055632764142527	0.06818934327724671	0.7701344729265273	0.10015744040168938	97.5756133151064	99.36852153703846	0.002333276381455873	1.0000991345015562
2.0716235808345176	1.9055506421502943	0.06818934327724671	0.7701344729265273	0.10015744040168938	97.5756133151064	99.36852153703846	0.002333276381455873	1.0000991345015562
2.0716235808345176	1.9055506421502943	0.06818934327724671	0.7701344729265273	0.10015744040168938	97.5756133151064	99.36852153703846	0.002333276381455873	1.0000990814616997
2.0716235808345176	1.9055506421502943	0.06818934327724671	0.7701344729265273	0.10015744040168938	97.5756133151064	99.36852153703846	0.002333276381455873	1.0000990814616997
2.0716235808345176	1.9055506421502943	0.06818934327724671	0.7701344729265273	0.100172984875612	97.5756133151064	99.36852153703846	0.002333276381455873	1.0000990814616997
2.0716235808345176	1.9055506421502943	0.06818934327724671	0.7701344729265273	0.100172984875612	97.5756133151064	99.36852153703846	0.002333276381455873	1.0000990814616997
2.0716235808345176	1.9055506421502943	0.06818934327724671	0.7701344729265273	0.100172984875612	97.5756133151064	99.36852153703846	0.002376186674143847	1.0000990814616997
2.0716235808345176	1.9055506421502943	0.06818934327724671	0.7701344729265273	0.100172984875612	97.5756133151064	99.36852153703846	0.002376186674143847	1.00009908177568
2.0716235808345176	1.9055506421502943	0.06818934327724671	0.7701344729265273	0.100172984875612	97.5756133151064	99.36852153703846	0.002376186674143847	1.00009908177568
2.0716235808345176	1.9055506421502943	0.06818934327724671	0.7701344729265273	0.100172984875612	97.57857805433895	99.36852153703846	0.002376186674143847	1.00009908177568
2.0716235808345176	1.9055506421502943	0.06818934327724671	0.7701344729265273	0.100172984875612	97.57857805433895	99.36852153703846	0.002376186674143847	1.00009908177568
2.0716235808345176	1.9055511234759328	0.06818934327724671	0.7701344729265273	0.100172984875612	97.57857805433895	99.36852153703846	0.002376186674143847	1.00009908177568
2.0716235808345176	1.9055511234759328	0.06818934327724671	0.7701344729265273	0.100172984875612	97.57857805433895	99.36852153703846	0.002376186674143847	1.00009908177568
2.0716235808345176	1.9055511234759328	0.06818934327724671	0.7701344729265273	0.10017305013128484	97.57857805433895	99.36852153703846	0.002376186674143847	1.00009908177568
2.0716235808345176	1.9055511234759328	0.06818934327724671	0.7701344729265273	0.10017305013128484	97.57857805433895	99.36852153703846	0.002376186674143847	1.00009908177568
2.0716235808345176	1.9055511234759328	0.06818934327724671	0.7701344729265273	0.10017305013128484	97.57857805433895	99.36852153703846	0.002376186674143847	1.00009908177568
2.0716235808345176	1.9055511234759328	0.06818934327724671	0.7701344729265273	0.10017305013128484	97.57857805433895	99.36852153703846	0.002376186674143847	1.0001011179930992
2.0716235808345176	1.9055511234759328	0.06818934327724671	0.7701344729265273	0.10017305013128484	97.57857805433895	99.36852153703846	0.002376186674143847	1.0001011179930992
2.0716235808345176	1.9055511234759328	0.06818934327724671	0.7701344729265273	0.10017305013128484	97.57857805433895	99.36852153703846	0.002376327017553592	1.0001011179930992
2.0716235808345176	1.9055511234759328	0.06818934327724671	0.7701344729265273	0.10017305013128484	97.57857805433895	99.36852153703846	0.0027322890466714637	1.0001011179930992
2.0716235808345176	1.9055511234759328	0.06818934327724671	0.7701344729265273	0.10017305013128484	97.57857805433895	99.36852153703846	0.0028396247131963316	1.0001011179930992
2.0716235808345176	1.9055511234759328	0.06818934327724671	0.7701344729265273	0.10017305013128484	97.57857805433895	99.36852153703846	0.0028396247131963316	1.0001011179930992
2.0716235808345176	1.9055511234759328	0.06818934327724671	0.7701344729265273	0.10017305013128484	97.57857805433895	99.36852153703846	0.002840722709079873	1.0001011179930992
2.0716235808345176	1.9055511234759328	0.06818934327724671	0.7701344729265273	0.10017305013128484	97.57857805433895	99.36852153703846	0.002840722709079873	1.0001011179930992
2.0716235808345176	1.9055511234759328	0.06818934327724671	0.7701344729265273	0.10011998781003803	97.57857805433895	99.36852153703846	0.002840722709079873	1.0001011179930992
2.0716235808345176	1.9055511234759328	0.06819519998350222	0.7701344729265273	0.10011998781003803	97.57857805433895	99.36852153703846	0.002840722709079873	1.0001011179930992
2.0716235808345176	1.9055511234759328	0.06819519998350222	0.7701344729265273	0.10011998781003803	97.57857805433895	99.36852153703846	0.002840722709079873	1.0000973892575677
2.0716235808345176	1.9055511234759328	0.06819519998350222	0.7701344729265273	0.10012012834654266	97.57857805433895	99.36852153703846	0.002840722709079873	1.0000973892575677
2.0716235808345176	1.9055511234759328	0.06819519998350222	0.7701344729265273	0.10014034245729454	97.57857805433895	99.36852153703846	0.002840722709079873	1.0000973892575677
2.0716235808345176	1.9055511234759328	0.06819519998350222	0.7701344729265273	0.10014034245729454	97.57857805433895	99.36852153703846	0.002840722709079873	1.0000973892575677
2.0716235808345176	1.9055511234759328	0.06819519998350222	0.7701344729265273	0.10014034245729454	97.57857805433895	99.36852153703846	0.002840722709079873	1.0000973892575677
2.0716235808345176	1.9055511234759328	0.06819519998350222	0.7701344729265273	0.10014034245729454	97.57857805433895	99.36852153703846	0.002840722709079873	1.0000971968121546
2.0716235808345176	1.9055511234759328	0.06819519998350222	0.7701344729265273	0.10014034245729454	97.57857805433895	99.36852153703846	0.002840722709079873	1.0000971968121546
2.0716235808345176	1.9055511234759328	0.06819519998350222	0.7701344729265273	0.10014034245729454	97.57857805433895	99.36852153703846	0.002840722709079873	1.0000971968121546
2.0716235808345176	1.9055511234759328	0.06819519998350222	0.7701344729265273	0.10014034245729454	97.57857805433895	99.36852153703846	0.002840722709079873	1.0000971968121546
2.0716235808345176	1.9055511234759328	0.06819519998350222	0.770057958409283	0.10014034245729454	97.57857805433895	99.36852153703846	0.002840722709079873	1.0000971968121546
2.0716235808345176	1.9055511234759328	0.06819519998350222	0.770057958409283	0.10014034245729454	97.57857805433895	99.36852153703846	0.002840722709079873	1.0000971968121546
2.0716235808345176	1.9055511234759328	0.06819519998350222	0.770057958409283	0.10014034245729454	97.57857805433895	99.36852153703846	0.002840722709079873	1.0000971968121546
2.0716235808345176	1.907703969584969	0.06819519998350222	0.770057958409283	0.10014034245729454	97.57857805433895	99.36852153703846	0.002840722709079873	1.0000971968121546
2.0716235808345176	1.907703969584969	0.06819519998350222	0.770057958409283	0.10014034245729454	97.57857805433895	99.36852153703846	0.002840722709079873	1.0000971968121546
2.0716235808345176	1.907703969584969	0.06819519998350222	0.770057958409283	0.10012398497770923	97.57857805433895	99.36852153703846	0.002840722709079873	1.0000971968121546
2.0716235808345176	1.907703969584969	0.06819519998350222	0.7700880884660565	0.10012398497770923	97.57857805433895	99.36852153703846	0.002840722709079873	1.0000971968121546
2.0716235808345176	1.907703969584969	0.06819519998350222	0.7700880884660565	0.10012398497770923	97.57857805433895	99.36852153703846	0.002840722709079873	1.0000971968121546
2.0716235808345176	1.907703969584969	0.06819519998350222	0.7700880884660565	0.10012398497770923	97.57851491348069	99.36852153703846	0.002840722709079873	1.0000971968121546
2.0716235808345176	1.907703969584969	0.06819519998350222	0.7700880884660565	0.10012398497770923	97.57851491348069	99.36852153703846	0.002840722709079873	1.0000971968121546
2.0716235808345176	1.9073168358628538	0.06819519998350222	0.7700880884660565	0.10012398497770923	97.57851491348069	99.36852153703846	0.002840722709079873	1.0000971968121546
2.0716235808345176	1.9073168358628538	0.06819519998350222	0.7700880884660565	0.10012398497770923	97.57851491348069	99.36852153703846	0.0028417737622986874	1.0000971968121546
2.0716235808345176	1.9073168358628538	0.06819519998350222	0.7700880884660565	0.10012398497770923	97.57851491348069	99.36852153703846	0.002843868420315812	1.0000971968121546
2.0716235808345176	1.9073185996842372	0.06819519998350222	0.7700880884660565	0.10012398497770923	97.57851491348069	99.36852153703846	0.002843868420315812	1.0000971968121546
2.0716235808345176	1.9073185996842372	0.06819519998350222	0.7700880884660565	0.10012398497770923	97.57851491348069	97.18481891746306	0.002843868420315812	1.0000971968121546
2.0716235808345176	1.9073185996842372	0.06819519998350222	0.7700880884660565	0.10012396282796342	97.57851491348069	97.18481891746306	0.002843868420315812	1.0000971968121546
2.0716235808345176	1.9073185996842372	0.06819519998350222	0.7700880884660565	0.10012396282796342	97.57851491348069	97.18481891746306	0.002843868420315812	1.0000971968121546
2.0716235808345176	1.9073185996842372	0.06820329313064456	0.7700880884660565	0.10012396282796342	97.57851491348069	97.18481891746306	0.002843868420315812	1.0000971968121546
2.0716235808345176	1.9073185996842372	0.06820329313064456	0.7700880884660565	0.10012396282796342	97.57844256526624	97.18481891746306	0.002843868420315812	1.0000971968121546
2.0716235808345176	1.9073185996842372	0.06820329313064456	0.7700880884660565	0.10012396282796342	97.57844256526624	97.18481891746306	0.0028440116276289245	1.0000971968121546
2.0716235808345176	1.9073185996842372	0.06820329313064456	0.7700880884660565	0.10012396282796342	97.57844256526624	97.18481891746306	0.002970580344139087	1.0000971968121546
2.0716235808345176	1.9073185996842372	0.06820329313064456	0.7700880884660565	0.10012396282796342	97.57844256526624	97.18481891746306	0.0028824410844955402	1.0000971968121546
2.0716235808345176	1.9073721046991439	0.06820329313064456	0.7700880884660565	0.10012396282796342	97.57844256526624	97.18481891746306	0.0028824410844955402	1.0000971968121546
2.0716235808345176	1.9073721046991439	0.06820329313064456	0.7700880884660565	0.10012396282796342	97.57844256526624	97.18481891746306	0.0028824410844955402	1.0000971968121546
2.0716235808345176	1.9073721046991439	0.06820329313064456	0.7700880884660565	0.10012396282796342	97.57844256526624	97.18481891746306	0.0028824410844955402	1.0000971968121546
2.0714713031843064	1.9073721046991439	0.06820329313064456	0.7700880884660565	0.10012396282796342	97.57844256526624	97.18481891746306	0.0028824410844955402	1.0000971968121546
2.0714713031843064	1.9073721046991439	0.06820329313064456	0.7700880884660565	0.10012396282796342	97.57844256526624	97.18481891746306	0.0028824410844955402	1.0000971968121546
2.0714713031843064	1.9073721046991439	0.06820329313064456	0.7700880884660565	0.10012396282796342	97.57844256526624	97.18481891746306	0.0028824410844955402	1.0000971968121546
2.0714713031843064	1.9073867595043132	0.06820329313064456	0.7700880884660565	0.10012396282796342	97.57844256526624	97.18481891746306	0.0028824410844955402	1.0000971968121546
2.0714713031843064	1.9073867595043132	0.06820329313064456	0.7700880884660565	0.10012396282796342	97.57844256526624	97.18895577170822	0.0028824410844955402	1.0000971968121546
2.0714713031843064	1.9073867595043132	0.06820329313064456	0.7700880884660565	0.10012396282796342	97.57844256526624	97.18895577170822	0.0028824410844955402	1.0000971968121546
2.0714713031843064	1.9073867595043132	0.06820329313064456	0.7700880884660565	0.10012396282796342	97.57759754152086	97.18895577170822	0.0028824410844955402	1.0000971968121546
2.0714713031843064	1.9073867595043132	0.06820329313064456	0.7700880884660565	0.10012396282796342	97.57759754152086	97.18895577170822	0.0028824410844955402	1.0000971968121546
2.0714713031843064	1.9073867595043132	0.06820329313064456	0.7700880884660565	0.10012396282796342	97.57759754152086	97.18895577170822	0.0028824410844955402	1.0000971968121546
2.0714713031843064	1.906516909471573	0.06820329313064456	0.7700880884660565	0.10012396282796342	97.57759754152086	97.18895577170822	0.0028824410844955402	1.0000971968121546
2.0714713031843064	1.906516909471573	0.06820329313064456	0.7700880884660565	0.10012396282796342	97.57759754152086	97.18895577170822	0.0028824410844955402	1.0000971968121546
2.0714713031843064	1.906516909471573	0.06820329313064456	0.7700880884660565	0.10012396282796342	97.57759754152086	97.01134995546998	0.0028824410844955402	1.0000971968121546
2.0714713031843064	1.906516909471573	0.06820329313064456	0.7700880884660565	0.10012396282796342	97.57759754152086	97.01134995546998	0.0028824410844955402	1.0000971968121546
2.0714713031843064	1.906516909471573	0.06820329313064456	0.7700880884660565	0.10012396282796342	97.57759754152086	97.01134995546998	0.0028824410844955402	1.0000971932418854
2.071470595020175	1.906516909471573	0.06820329313064456	0.7700880884660565	0.10012396282796342	97.57759754152086	97.01134995546998	0.0028824410844955402	1.0000971932418854
2.071470595020175	1.906516909471573	0.06821986043270208	0.7700880884660565	0.10012396282796342	97.57759754152086	97.01134995546998	0.0028824410844955402	1.0000971932418854
2.071470595020175	1.906516909471573	0.06821986043270208	0.7700880884660565	0.10012396282796342	97.57759754152086	97.01134995546998	0.0028824410844955402	1.0000971932418854
2.071470595020175	1.906516909471573	0.06821986043270208	0.7700880884660565	0.10012396282796342	97.57759754152086	97.01134995546998	0.0028824410844955402	1.0000971932418854
2.071470595020175	1.906516909471573	0.06821986043270208	0.7700880884660565	0.10012396282796342	97.57759754152086	97.01602134127963	0.0028824410844955402	1.0000971932418854
2.071470595020175	1.906516909471573	0.06821986043270208	0.7700880884660565	0.10012396282796342	97.57759754152086	97.01072058382923	0.0028824410844955402	1.0000971932418854
2.071470595020175	1.906516909471573	0.06821986043270208	0.7700880884660565	0.10012396282796342	97.57727868094668	97.01072058382923	0.0028824410844955402	1.0000971932418854
2.071470595020175	1.906516909471573	0.06821986043270208	0.7700880884660565	0.10012396282796342	97.57727868094668	97.01072058382923	0.0028824410844955402	1.0000966509169567
2.071470595020175	1.906516909471573	0.06821986043270208	0.7700880884660565	0.10012396282796342	97.57727868094668	97.01072058382923	0.0028824410844955402	1.0000966509169567
2.071470595020175	1.906516909471573	0.06821986043270208	0.7700880884660565	0.10012396282796342	97.57727868094668	97.00584850601318	0.0028824410844955402	1.0000966509169567
2.071470595020175	1.906516909471573	0.06821986043270208	0.7700880884660565	0.10012396282796342	97.57727868094668	97.00584850601318	0.0028824410844955402	1.0000966509169567
2.071470595020175	1.906516909471573	0.06821986043270208	0.7700880884660565	0.10012396282796342	97.57727868094668	97.00542012902562	0.0028824410844955402	1.0000966509169567
2.071470595020175	1.906516909471573	0.06821986043270208	0.7700880884660565	0.10012396282796342	97.57727868094668	97.00544138063597	0.0028824410844955402	1.0000966509169567
2.071470595020175	1.906516909471573	0.06821986043270208	0.7700880884660565	0.10012117581112236	97.57727868094668	97.00544138063597	0.0028824410844955402	1.0000966509169567
2.071470595020175	1.906516909471573	0.06821986043270208	0.7700880884660565	0.10012117581112236	97.57727868094668	97.00544138063597	0.0028824410844955402	1.0000966509169567
2.071488509439967	1.906516909471573	0.06821986043270208	0.7700880884660565	0.10012117581112236	97.57727868094668	97.00544138063597	0.0028824410844955402	1.0000966509169567
2.071488509439967	1.906516909471573	0.06821986043270208	0.7700880884660565	0.10012117581112236	97.57693258152351	97.00544138063597	0.0028824410844955402	1.0000966509169567
2.071488509439967	1.906516909471573	0.06821986043270208	0.7700880884660565	0.10009726108579423	97.57693258152351	97.00544138063597	0.0028824410844955402	1.0000966509169567
2.071488509439967	1.906516909471573	0.06821986043270208	0.7700880884660565	0.10009726108579423	97.57693258152351	97.00544138063597	0.0028828449054125235	1.0000966509169567
2.071488509439967	1.906516909471573	0.06821986043270208	0.7700880884660565	0.10009726108579423	97.57691365736098	97.00544138063597	0.0028828449054125235	1.0000966509169567
2.071488509439967	1.906516909471573	0.06821986043270208	0.7700880884660565	0.10009726108579423	97.57691365736098	97.00544138063597	0.0028828449054125235	1.0000966509169567
2.071488509439967	1.906516909471573	0.06821986043270208	0.7700880884660565	0.10009726108579423	97.51804015443354	97.00544138063597	0.0028828449054125235	1.0000966509169567
2.071488509439967	1.906516909471573	0.06821986043270208	0.7700880884660565	0.10009726108579423	97.51804015443354	97.00544138063597	0.0028828449054125235	1.0000966509169567
2.071488509439967	1.906516909471573	0.06821986043270208	0.7700880884660565	0.10009726108579423	97.51804015443354	97.00544138063597	0.0028828449054125235	1.0000966509169567
2.071488509439967	1.906516909471573	0.06821986043270208	0.7700880884660565	0.10009726108579423	97.51804015443354	97.00544138063597	0.0028828449054125235	1.0000966509169567
2.071488509439967	1.906516909471573	0.06821986043270208	0.7700880884660565	0.10009726108579423	97.51804015443354	97.00544138063597	0.0028828449054125235	1.0000966509169567
2.072009530278182	1.906516909471573	0.06821986043270208	0.7700880884660565	0.10009726108579423	97.51804015443354	97.00544138063597	0.0028828449054125235	1.0000966509169567
2.072009530278182	1.906516909471573	0.06821986043270208	0.7700880884660565	0.10009726108579423	97.51804015443354	97.00544138063597	0.0028828449054125235	1.0000966509169567
2.072009530278182	1.906516909471573	0.06821986043270208	0.7700880884660565	0.10009726108579423	97.51804015443354	97.00544138063597	0.0029388020775273204	1.0000966509169567
2.072009530278182	1.906516909471573	0.06821986043270208	0.7700880884660565	0.10009726108579423	97.51804015443354	97.00544138063597	0.0029388020775273204	1.0000966509169567
2.072009530278182	1.906516909471573	0.06821986043270208	0.7700880884660565	0.10009726108579423	97.51804015443354	97.00544138063597	0.0029388020775273204	1.0000966509169567
2.0701558871683576	1.906516909471573	0.06821986043270208	0.7700880884660565	0.10009726108579423	97.51804015443354	97.00544138063597	0.0029388020775273204	1.0000966509169567
2.0701558871683576	1.9076834083564242	0.06821986043270208	0.7700880884660565	0.10009726108579423	97.51804015443354	97.00544138063597	0.0029388020775273204	1.0000966509169567
2.0701558871683576	1.9076834083564242	0.06821986043270208	0.7700880884660565	0.10009726108579423	97.51804015443354	97.00544138063597	0.0029388020775273204	1.0000966509169567
2.0701558871683576	1.9076834083564242	0.06821986043270208	0.7700880884660565	0.10009726108579423	97.51568314755262	97.00544138063597	0.0029388020775273204	1.0000966509169567
2.0701558871683576	1.9076834083564242	0.06821986043270208	0.7700880884660565	0.10009726108579423	97.51568314755262	97.00544138063597	0.0029388020775273204	1.0000966509169567
2.0701558871683576	1.9076834083564242	0.06821986043270208	0.7700880884660565	0.10009726108579423	97.51568314755262	97.00544138063597	0.002938766188229195	1.0000966509169567
2.0701558871683576	1.9076834083564242	0.06821986043270208	0.7700880884660565	0.10009726108579423	97.51568314755262	97.05219250947144	0.002938766188229195	1.0000966509169567
2.0701558871683576	1.9076834083564242	0.06821986043270208	0.7700880884660565	0.10009726108579423	97.51568314755262	97.05219250947144	0.002938766188229195	1.0000956907129313
2.0701558871683576	1.9076834083564242	0.06821986043270208	0.7700880884660565	0.10009726108579423	97.51568314755262	97.05219250947144	0.002938766188229195	1.0000956907129313
2.0701558871683576	1.9076834083564242	0.06821986043270208	0.7700880884660565	0.10009726108579423	97.51568314755262	97.05219250947144	0.002938766188229195	1.0001064416577354
2.0701558871683576	1.9076834083564242	0.06821986043270208	0.7700880884660565	0.10009726108579423	97.51568314755262	97.05219250947144	0.002938766188229195	1.0001064416577354
2.0701515093331304	1.9076834083564242	0.06821986043270208	0.7700880884660565	0.10009726108579423	97.51568314755262	97.05219250947144	0.002938766188229195	1.0001064416577354
2.0701515093331304	1.9076834083564242	0.06822065205452399	0.7700880884660565	0.10009726108579423	97.51568314755262	97.05219250947144	0.002938766188229195	1.0001064416577354
2.0701515093331304	1.9076834083564242	0.06822065205452399	0.7700880884660565	0.10009726108579423	97.51568314755262	97.05219250947144	0.002938766188229195	1.0001064416577354
2.0701515093331304	1.9076834083564242	0.06822065205452399	0.7700880884660565	0.10009726108579423	97.51752951474732	97.05219250947144	0.002938766188229195	1.0001064416577354
2.070156759944781	1.9076834083564242	0.06822065205452399	0.7700880884660565	0.10009726108579423	97.51752951474732	97.05219250947144	0.002938766188229195	1.0001064416577354
2.070156759944781	1.9076834083564242	0.06822065205452399	0.7700880884660565	0.10009726108579423	97.51752951474732	97.05219250947144	0.002938766188229195	1.0001064416577354
2.070156759944781	1.9076834083564242	0.06822065205452399	0.7700880884660565	0.10009726108579423	97.51752951474732	97.05710539705883	0.002938766188229195	1.0001064416577354
2.070156759944781	1.9076834083564242	0.06822478266476519	0.7700880884660565	0.10009726108579423	97.51752951474732	97.05710539705883	0.002938766188229195	1.0001064416577354
2.070156759944781	1.9076834083564242	0.06822478266476519	0.7700880884660565	0.10009726108579423	97.51752951474732	97.05710539705883	0.002938766188229195	1.0001064416577354
2.0701565227482535	1.9076834083564242	0.06822478266476519	0.7700880884660565	0.10009726108579423	97.51752951474732	97.05710539705883	0.002938766188229195	1.0001064416577354
2.0701565227482535	1.9076834083564242	0.06822478266476519	0.7700880884660565	0.10009726108579423	97.51752951474732	97.05710539705883	0.002938766188229195	1.0001064416577354
2.0701565227482535	1.9076834083564242	0.06822478266476519	0.7700880884660565	0.10009726108579423	97.51752951474732	97.0098630381934	0.002938766188229195	1.0001064416577354
2.0700306893028397	1.9076834083564242	0.06822478266476519	0.7700880884660565	0.10009726108579423	97.51752951474732	97.0098630381934	0.002938766188229195	1.0001064416577354
2.0700306893028397	1.9076834083564242	0.06822478266476519	0.7700880884660565	0.10009726108579423	97.51752951474732	97.0098630381934	0.002938766188229195	1.0001064416577354
2.0700306893028397	1.9090800401034231	0.06822478266476519	0.7700880884660565	0.10009726108579423	97.51752951474732	97.0098630381934	0.002938766188229195	1.0001064416577354
2.0700306893028397	1.9090800401034231	0.06822478266476519	0.7700880884660565	0.10009726108579423	97.51752951474732	97.0098630381934	0.002938766188229195	1.0001064416577354
2.0700306893028397	1.9090800401034231	0.06822478266476519	0.7700880884660565	0.10009726108579423	97.51752951474732	97.0098630381934	0.002938766188229195	1.0001064416577354
2.0700306893028397	1.9090800401034231	0.06822478266476519	0.7700880884660565	0.10009726108579423	97.51752951474732	97.0098630381934	0.002938766188229195	1.0001064416577354
2.0700306893028397	1.9090800401034231	0.06822478266476519	0.7700880884660565	0.10009726108579423	97.51752951474732	97.0098630381934	0.002938766188229195	1.0001063860623693
2.0700306893028397	1.9090800401034231	0.06822478266476519	0.7703353879371193	0.10009726108579423	97.51752951474732	97.0098630381934	0.002938766188229195	1.0001063860623693
2.0700306893028397	1.9090800401034231	0.06822478266476519	0.7703353879371193	0.10009726108579423	97.51752951474732	97.0098630381934	0.002938766188229195	1.0001063860623693
2.0700306893028397	1.9090800401034231	0.06822478266476519	0.7703353879371193	0.10009743319644916	97.51752951474732	97.0098630381934	0.002938766188229195	1.0001063860623693
2.0700306893028397	1.9090800401034231	0.06822478266476519	0.7703353879371193	0.10009743319644916	97.51756521134715	97.0098630381934	0.002938766188229195	1.0001063860623693
2.0700306893028397	1.9090140176579637	0.06822478266476519	0.7703353879371193	0.10009743319644916	97.51756521134715	97.0098630381934	0.002938766188229195	1.0001063860623693
2.0700306893028397	1.9090140176579637	0.06822478266476519	0.7703353879371193	0.10009743319644916	97.51756521134715	97.0098630381934	0.002938766188229195	1.0001063860623693
2.0700306893028397	1.9090140176579637	0.06822478266476519	0.7703353879371193	0.10009743319644916	97.51756521134715	97.0098630381934	0.0029395651181223065	1.0001063860623693
2.0700306893028397	1.9090140176579637	0.06822478266476519	0.7703353879371193	0.10009743319644916	97.51756521134715	97.0098630381934	0.0029395651181223065	1.0001063860623693
2.0700306893028397	1.9090140176579637	0.06822478266476519	0.7703353879371193	0.10009643088520999	97.51756521134715	97.0098630381934	0.0029395651181223065	1.0001063860623693
2.0700306893028397	1.9090140176579637	0.06822620429802137	0.7703353879371193	0.10009643088520999	97.51756521134715	97.0098630381934	0.0029395651181223065	1.0001063860623693
2.069200651792616	1.9090140176579637	0.06822620429802137	0.7703353879371193	0.10009643088520999	97.51756521134715	97.0098630381934	0.0029395651181223065	1.0001063860623693
2.069200651792616	1.9090140176579637	0.06822620429802137	0.7703353879371193	0.1000351116963574	97.51756521134715	97.0098630381934	0.0029395651181223065	1.0001063860623693
2.069200651792616	1.9090140176579637	0.06822620429802137	0.7706395833874301	0.1000351116963574	97.51756521134715	97.0098630381934	0.0029395651181223065	1.0001063860623693
2.069200651792616	1.9090140176579637	0.06822620429802137	0.7706395833874301	0.1000351116963574	97.51756521134715	97.0098630381934	0.0029395651181223065	1.0001063860623693
2.069200651792616	1.9090140176579637	0.06822620429802137	0.7706395833874301	0.1000351116963574	97.51756521134715	97.0098630381934	0.0029395651181223065	1.0001063860623693
2.069200651792616	1.9090140176579637	0.06822620429802137	0.7706288299122019	0.1000351116963574	97.51756521134715	97.0098630381934	0.0029395651181223065	1.0001063860623693
2.069198213028985	1.9090140176579637	0.06822620429802137	0.7706288299122019	0.1000351116963574	97.51756521134715	97.0098630381934	0.0029395651181223065	1.0001063860623693
2.069198213028985	1.9090140176579637	0.06822620429802137	0.7706288299122019	0.1000351116963574	97.51669951516654	97.0098630381934	0.0029395651181223065	1.0001063860623693
2.069198213028985	1.9090140176579637	0.06822620429802137	0.7706288299122019	0.1000351116963574	97.51669951516654	97.0098630381934	0.0029395651181223065	1.0001063860623693
2.069198213028985	1.9090140176579637	0.06822620429802137	0.7706288299122019	0.1000351116963574	97.51668694228967	97.0098630381934	0.0029395651181223065	1.0001063860623693
2.069198213028985	1.9090140176579637	0.06822620429802137	0.7705865200796931	0.1000351116963574	97.51668694228967	97.0098630381934	0.0029395651181223065	1.0001063860623693
2.069198213028985	1.9090140176579637	0.06822620429802137	0.7705865200796931	0.1000351116963574	97.51668694228967	97.0098630381934	0.0029395651181223065	1.0001063860623693
2.069198213028985	1.9090140176579637	0.06822620429802137	0.7705865200796931	0.1000351116963574	97.51668694228967	97.0098630381934	0.0029395651181223065	1.0001063860623693
2.069198213028985	1.9090140176579637	0.06822620429802137	0.7705865200796931	0.1000351116963574	97.51668694228967	97.0098630381934	0.0029395651181223065	1.0001063860623693
2.069198213028985	1.9090140176579637	0.06822620429802137	0.7705865200796931	0.1000351116963574	97.51668694228967	97.0098630381934	0.0029395651181223065	1.0001063860623693
2.069198213028985	1.9090140176579637	0.06822620429802137	0.7705865200796931	0.1000351116963574	97.51668694228967	97.0098630381934	0.0029395651181223065	1.0001063860623693
2.069200370375437	1.9090140176579637	0.06822620429802137	0.7705865200796931	0.1000351116963574	97.51668694228967	97.0098630381934	0.0029395651181223065	1.0001063860623693
2.069200370375437	1.9090140176579637	0.06822620429802137	0.7705865200796931	0.1000351116963574	97.51668694228967	97.0098630381934	0.0029395651181223065	1.0001063860623693
2.069200370375437	1.9090140176579637	0.06822620429802137	0.7705865200796931	0.1000351116963574	97.51668694228967	97.0098630381934	0.0029395651181223065	1.0001063860623693
2.069200370375437	1.9090140176579637	0.06822620429802137	0.7705865200796931	0.1000351116963574	97.51668694228967	97.0098630381934	0.0029395651181223065	1.0001063860623693
2.069200370375437	1.9090140176579637	0.06822620429802137	0.7705865200796931	0.1000351116963574	97.51668694228967	97.0098630381934	0.0029395651181223065	1.0001063860623693
2.069200370375437	1.9090140176579637	0.06822620429802137	0.7705865200796931	0.1000351116963574	97.51668694228967	97.0098630381934	0.0029395651181223065	1.0001063860623693
2.069200370375437	1.9090140176579637	0.06822620429802137	0.7705865200796931	0.1000351116963574	97.51668694228967	97.0098630381934	0.0029395651181223065	1.0001063860623693
2.069200370375437	1.9090140176579637	0.06822620429802137	0.7705865200796931	0.1000351116963574	97.51668694228967	97.0098630381934	0.0029395651181223065	1.0001063860623693
2.069200370375437	1.9090140176579637	0.06822620429802137	0.7705865200796931	0.1000351116963574	97.51668694228967	97.01545579961375	0.0029395651181223065	1.0001063860623693
2.069200370375437	1.9090140176579637	0.06822620429802137	0.7705865200796931	0.1000351116963574	97.51668694228967	97.18030895027366	0.0029395651181223065	1.0001063860623693
2.069200370375437	1.9090140176579637	0.06822620429802137	0.7705865200796931	0.10007098243598717	97.51668694228967	97.18030895027366	0.0029395651181223065	1.0001063860623693
2.069200370375437	1.9090140176579637	0.06822620429802137	0.7705865200796931	0.10007098243598717	97.51668694228967	100.32351043824944	0.0029395651181223065	1.0001063860623693
2.069200370375437	1.9090140176579637	0.06822620429802137	0.7705865200796931	0.10007098243598717	97.51668694228967	100.32401337608958	0.0029395651181223065	1.0001063860623693
2.069200370375437	1.9090140176579637	0.06822620429802137	0.7705865200796931	0.10007098243598717	97.5165757516177	100.32401337608958	0.0029395651181223065	1.0001063860623693
2.069200370375437	1.9090140176579637	0.06822620429802137	0.7705865200796931	0.10007098243598717	97.5165757516177	100.32401337608958	0.0029395651181223065	1.0001063860623693
2.069200370375437	1.9090140176579637	0.06822620429802137	0.7705865200796931	0.10007098243598717	97.5165757516177	100.32401337608958	0.0029395651181223065	1.0001063860623693
2.069200370375437	1.9090140176579637	0.06822620429802137	0.7705865200796931	0.10007098243598717	97.5165757516177	100.32401337608958	0.0029395651181223065	1.0001063860623693
2.069200370375437	1.9090140176579637	0.06822620429802137	0.7705865200796931	0.10006741919229485	97.5165757516177	100.32401337608958	0.0029395651181223065	1.0001063860623693
2.069200370375437	1.9090140176579637	0.06822620429802137	0.7705865200796931	0.10006741919229485	97.5165757516177	100.32401337608958	0.0029395651181223065	1.0001063860623693
2.069200370375437	1.9090140176579637	0.06822620429802137	0.7705865200796931	0.10006741919229485	97.5165757516177	100.32401337608958	0.0029395651181223065	1.0001063860623693
2.069200370375437	1.9090140176579637	0.06822620429802137	0.7705865200796931	0.10006741919229485	97.5165757516177	100.32401337608958	0.003021112459942363	1.0001063860623693
2.069200370375437	1.9090140176579637	0.06822620429802137	0.7705865200796931	0.10006741919229485	97.5165757516177	100.325249764136	0.003021112459942363	1.0001063860623693
2.069200370375437	1.9090140176579637	0.06822620429802137	0.7705865200796931	0.10006741919229485	97.5165757516177	100.325249764136	0.003021112459942363	1.0001063860623693
2.069200370375437	1.9090140176579637	0.06822620429802137	0.7705865200796931	0.10006741919229485	97.5165757516177	100.325249764136	0.002803421721130326	1.0001063860623693
2.069200370375437	1.9090140176579637	0.06822620429802137	0.7705865200796931	0.10006741919229485	97.5165757516177	100.325249764136	0.002803421721130326	1.0001063860623693
2.069200370375437	1.9090140176579637	0.06822620429802137	0.7705865200796931	0.10006741919229485	97.5165757516177	100.32945173584069	0.002803421721130326	1.0001063860623693
2.069200370375437	1.9090140176579637	0.06822620429802137	0.7705865200796931	0.10006741919229485	97.5165757516177	100.32945173584069	0.002803421721130326	1.0001063860623693
2.069200370375437	1.9090140176579637	0.06822620429802137	0.7705865200796931	0.10006741919229485	97.5165757516177	100.32945173584069	0.002803421721130326	1.0001063860623693
2.069200370375437	1.9090140176579637	0.06822620429802137	0.7705865200796931	0.10006741919229485	97.5165757516177	100.32945173584069	0.002803421721130326	1.0001063860623693
2.069200370375437	1.909018082513655	0.06822620429802137	0.7705865200796931	0.10006741919229485	97.5165757516177	100.32945173584069	0.002803421721130326	1.0001063860623693
2.0692278310027965	1.909018082513655	0.06822620429802137	0.7705865200796931	0.10006741919229485	97.5165757516177	100.32945173584069	0.002803421721130326	1.0001063860623693
2.0692278310027965	1.909018082513655	0.06822620429802137	0.7705865200796931	0.10006741919229485	97.5165757516177	100.38664488308605	0.002803421721130326	1.0001063860623693
2.0692278310027965	1.909018082513655	0.06822620429802137	0.7705865200796931	0.10006741919229485	97.51397690186293	100.38664488308605	0.002803421721130326	1.0001063860623693
2.069212744176028	1.909018082513655	0.06822620429802137	0.7705865200796931	0.10006741919229485	97.51397690186293	100.38664488308605	0.002803421721130326	1.0001063860623693
2.069212744176028	1.909018082513655	0.06822590841949143	0.7705865200796931	0.10006741919229485	97.51397690186293	100.38664488308605	0.002803421721130326	1.0001063860623693
2.069212744176028	1.909018082513655	0.06822590841949143	0.7705865200796931	0.10006741919229485	97.51397690186293	100.38664488308605	0.002803421721130326	1.0001063860623693
2.069212744176028	1.909018082513655	0.06822590841949143	0.7705865200796931	0.10006741919229485	97.51397690186293	100.38664488308605	0.002804216980527397	1.0001063860623693
2.069212744176028	1.909018082513655	0.06808312111433518	0.7705865200796931	0.10006741919229485	97.51397690186293	100.38664488308605	0.002804216980527397	1.0001063860623693
2.069212744176028	1.909018082513655	0.06808312111433518	0.7706105075548622	0.10006741919229485	97.51397690186293	100.38664488308605	0.002804216980527397	1.0001063860623693
2.072121970744173	1.909018082513655	0.06808312111433518	0.7706105075548622	0.10006741919229485	97.51397690186293	100.38664488308605	0.002804216980527397	1.0001063860623693
2.072121970744173	1.909018082513655	0.06808312111433518	0.7706105075548622	0.10006741919229485	97.51397690186293	100.38664488308605	0.002804216980527397	1.0001063860623693
2.072121970744173	1.909018082513655	0.06808312111433518	0.7706105075548622	0.10006741919229485	97.51397690186293	100.38664488308605	0.002804216980527397	1.0001063860623693
2.0713534616858857	1.909018082513655	0.06808312111433518	0.7706105075548622	0.10006741919229485	97.51397690186293	100.38664488308605	0.002804216980527397	1.0001063860623693
2.0713534616858857	1.909018082513655	0.06808312111433518	0.7706105075548622	0.10006741919229485	97.51397690186293	100.38664488308605	0.002804216980527397	1.0001063860623693
2.0713534616858857	1.909018082513655	0.06808312111433518	0.7706096516840725	0.10006741919229485	97.51397690186293	100.38664488308605	0.002804216980527397	1.0001063860623693
2.0713534616858857	1.909018082513655	0.06808312111433518	0.7706096516840725	0.10006741919229485	97.51397690186293	100.38664488308605	0.002804216980527397	1.0001063860623693
2.0713534616858857	1.9090189005910394	0.06808312111433518	0.7706096516840725	0.10006741919229485	97.51397690186293	100.38664488308605	0.002804216980527397	1.0001063860623693
2.0713534616858857	1.9090189005910394	0.06808312111433518	0.7706096516840725	0.10006741919229485	97.51397690186293	100.37730816108021	0.002804216980527397	1.0001063860623693
2.0713534616858857	1.9090189005910394	0.06808312111433518	0.7706096516840725	0.10006741919229485	97.51398523081666	100.37730816108021	0.002804216980527397	1.0001063860623693
2.0713534616858857	1.9090189005910394	0.06808312111433518	0.7706428704131618	0.10006741919229485	97.51398523081666	100.37730816108021	0.002804216980527397	1.0001063860623693
2.0713534616858857	1.9090189005910394	0.06808312111433518	0.7706428704131618	0.10006741919229485	97.51398523081666	100.37730816108021	0.0027463092003154233	1.0001063860623693
2.0713534616858857	1.9090189005910394	0.06808312111433518	0.7706428704131618	0.10006741919229485	97.51398523081666	100.37730816108021	0.0027463092003154233	1.0001063860623693
2.0713534616858857	1.9090189005910394	0.06808312111433518	0.7706428704131618	0.10006741919229485	97.51398523081666	100.37730816108021	0.0027463092003154233	1.0001063860623693
2.0713534616858857	1.9090189005910394	0.06808312111433518	0.7706428704131618	0.10006741919229485	97.51398523081666	100.37730816108021	0.0027463092003154233	1.0001063860623693
2.0713534616858857	1.9090189005910394	0.06808312111433518	0.7706428704131618	0.10006741919229485	97.51398523081666	100.37730816108021	0.0027439948185203488	1.0001063860623693
2.0713534616858857	1.9090189005910394	0.06808312111433518	0.7706428704131618	0.10006741919229485	97.51398523081666	100.37730816108021	0.0027439948185203488	1.0001066415574698
2.0713534616858857	1.9090189005910394	0.06808312111433518	0.7706428704131618	0.10006741919229485	97.51398523081666	100.37729222270637	0.0027439948185203488	1.0001066415574698
2.0713534616858857	1.9090189005910394	0.06808312111433518	0.7706428704131618	0.10006741919229485	97.51398523081666	100.34896735264839	0.0027439948185203488	1.0001066415574698
2.0713534616858857	1.9090189005910394	0.06808312111433518	0.7706428704131618	0.10006741919229485	97.51398523081666	102.81258984570236	0.0027439948185203488	1.0001066415574698
2.0713534616858857	1.9090189005910394	0.06808312111433518	0.7706428704131618	0.1000679371086278	97.51398523081666	102.81258984570236	0.0027439948185203488	1.0001066415574698
2.0713534616858857	1.9090189005910394	0.06808312111433518	0.7706428704131618	0.1000679371086278	97.51398523081666	102.81258984570236	0.0027439948185203488	1.0001066415574698
2.0713571050815274	1.9090189005910394	0.06808312111433518	0.7706428704131618	0.1000679371086278	97.51398523081666	102.81258984570236	0.0027439948185203488	1.0001066415574698
2.0713571050815274	1.9090189005910394	0.06808538790477589	0.7706428704131618	0.1000679371086278	97.51398523081666	102.81258984570236	0.0027439948185203488	1.0001066415574698
2.0713571050815274	1.9090189005910394	0.06814049589365409	0.7706428704131618	0.1000679371086278	97.51398523081666	102.81258984570236	0.0027439948185203488	1.0001066415574698
2.0713571050815274	1.9090189005910394	0.06814049589365409	0.7706428704131618	0.1000679371086278	97.51398523081666	102.81258984570236	0.0027439948185203488	1.0001066415574698
2.071308327708874	1.9090189005910394	0.06814049589365409	0.7706428704131618	0.1000679371086278	97.51398523081666	102.81258984570236	0.0027439948185203488	1.0001066415574698
2.071308327708874	1.9090189005910394	0.06814049589365409	0.7706428704131618	0.1000679371086278	97.51393209036199	102.81258984570236	0.0027439948185203488	1.0001066415574698
2.071308327708874	1.9090189005910394	0.06814049589365409	0.7706428704131618	0.1000679371086278	97.51393209036199	102.81258984570236	0.0027439948185203488	1.0001066415574698
2.071308327708874	1.9090189005910394	0.06814049589365409	0.7706428704131618	0.1000679371086278	97.51393209036199	102.81258984570236	0.0027439948185203488	1.0001066415574698
2.071308327708874	1.9090189005910394	0.06814049589365409	0.7706428704131618	0.09998341179907912	97.51393209036199	102.81258984570236	0.0027439948185203488	1.0001066415574698
2.071308327708874	1.9090189005910394	0.06814049589365409	0.7706428704131618	0.09998341179907912	97.51393209036199	102.81258984570236	0.0027439948185203488	1.0001066415574698
2.071308327708874	1.9090189005910394	0.06814049589365409	0.7706428704131618	0.09998341179907912	97.51393209036199	102.81258984570236	0.0027439948185203488	1.0001066415574698
2.071308327708874	1.9090189005910394	0.06814049589365409	0.7706428704131618	0.09998341179907912	97.51393209036199	102.81258984570236	0.0027439948185203488	1.0001066415574698
2.071308327708874	1.9090189005910394	0.06814049589365409	0.7706428704131618	0.09998341179907912	97.51393209036199	102.81258984570236	0.0027439948185203488	1.0001066415574698
2.071308327708874	1.9090189005910394	0.06814049589365409	0.7706428704131618	0.09998341179907912	97.5199610240994	102.81258984570236	0.0027439948185203488	1.0001066415574698
2.071308327708874	1.9090189005910394	0.06814049589365409	0.7706428704131618	0.09998341179907912	97.5199610240994	102.81258984570236	0.0027439948185203488	1.0001066415574698
2.071308327708874	1.911009302595813	0.06814049589365409	0.7706428704131618	0.09998341179907912	97.5199610240994	102.81258984570236	0.0027439948185203488	1.0001066415574698
2.071308327708874	1.911009302595813	0.06814049589365409	0.7706428704131618	0.09998341179907912	97.5201003897369	102.81258984570236	0.0027439948185203488	1.0001066415574698
2.071308327708874	1.911009302595813	0.06814049589365409	0.7706428704131618	0.09998341179907912	97.5201003897369	102.81258984570236	0.0027439948185203488	1.0001066415574698
2.071308327708874	1.911009302595813	0.06814049589365409	0.7706428704131618	0.09998341179907912	97.51739496677885	102.81258984570236	0.0027439948185203488	1.0001066415574698
2.071308327708874	1.911009302595813	0.06814049589365409	0.7706428704131618	0.09998341179907912	97.51739496677885	102.81258984570236	0.0027421057308723365	1.0001066415574698
2.071308327708874	1.910142640414735	0.06814049589365409	0.7706428704131618	0.09998341179907912	97.51739496677885	102.81258984570236	0.0027421057308723365	1.0001066415574698
2.071308327708874	1.910142640414735	0.06814049589365409	0.7706428704131618	0.09998341179907912	97.51739496677885	102.81258984570236	0.0027421057308723365	1.0001066415574698
2.071308327708874	1.910142640414735	0.06814049589365409	0.7706428704131618	0.09998462473450845	97.51739496677885	102.81258984570236	0.0027421057308723365	1.0001066415574698
2.071308327708874	1.910142640414735	0.06814049589365409	0.7706428704131618	0.09998462473450845	97.51739496677885	102.81375591392255	0.0027421057308723365	1.0001066415574698
2.071308327708874	1.910142640414735	0.06814049589365409	0.7706428704131618	0.09998462473450845	97.51739496677885	102.81375591392255	0.0027421057308723365	1.0001066415574698
2.071308327708874	1.910142640414735	0.06814049589365409	0.7706428704131618	0.09998462473450845	97.51739496677885	102.81375591392255	0.0027421057308723365	1.0001066415574698
2.071308327708874	1.910142640414735	0.06814049589365409	0.7706834804354832	0.09998462473450845	97.51739496677885	102.81375591392255	0.0027421057308723365	1.0001066415574698
2.071308327708874	1.910142640414735	0.06814049589365409	0.7706834804354832	0.09998462473450845	97.51739496677885	102.81375591392255	0.0027421057308723365	1.0001066415574698
2.071308327708874	1.910142640414735	0.06814049589365409	0.7706834804354832	0.09998462473450845	97.51739496677885	102.81375591392255	0.0027421057308723365	1.000108125742015
2.071308327708874	1.910142640414735	0.06814049589365409	0.7706834804354832	0.09998462473450845	97.51739496677885	102.81375591392255	0.0027421057308723365	1.000108125742015
2.071308327708874	1.910142640414735	0.06814049589365409	0.7706834804354832	0.09998462473450845	97.51739496677885	102.81470695057145	0.0027421057308723365	1.000108125742015
2.071308327708874	1.910142640414735	0.06814049589365409	0.7706834804354832	0.09998462473450845	97.51739496677885	102.81470695057145	0.002745617031308618	1.000108125742015
2.071308327708874	1.910142640414735	0.06814049589365409	0.7706834804354832	0.09998462473450845	97.51739496677885	102.81470695057145	0.002745617031308618	1.000108125742015
2.071308327708874	1.910142640414735	0.06814049589365409	0.7706834804354832	0.09998462473450845	97.51739496677885	102.81470695057145	0.002745838316527435	1.000108125742015
2.071308327708874	1.910142640414735	0.06814049589365409	0.7706834804354832	0.09998462473450845	97.51751734434644	102.81470695057145	0.002745838316527435	1.000108125742015
2.0712553218224534	1.910142640414735	0.06814049589365409	0.7706834804354832	0.09998462473450845	97.51751734434644	102.81470695057145	0.002745838316527435	1.000108125742015
2.0712553218224534	1.910142640414735	0.06814049589365409	0.7706834804354832	0.09998462473450845	97.51751734434644	102.83773908075908	0.002745838316527435	1.000108125742015
2.0712553218224534	1.9101140095417823	0.06814049589365409	0.7706834804354832	0.09998462473450845	97.51751734434644	102.83773908075908	0.002745838316527435	1.000108125742015
2.0712553218224534	1.9101140095417823	0.06814049589365409	0.7706834804354832	0.09998462473450845	97.51751734434644	102.83773908075908	0.002745838316527435	1.000108125742015
2.0712553218224534	1.9101140095417823	0.06814049589365409	0.7706834804354832	0.09998462473450845	97.51751734434644	102.83773908075908	0.002745838316527435	1.000108125742015
2.0712553218224534	1.9101140095417823	0.06814049589365409	0.7706834804354832	0.09998462473450845	97.51751734434644	102.83773908075908	0.002745838316527435	1.000108125742015
2.0712553218224534	1.9101140095417823	0.06819448536017866	0.7706834804354832	0.09998462473450845	97.51751734434644	102.83773908075908	0.002745838316527435	1.000108125742015
2.0712553218224534	1.9101140095417823	0.06819448536017866	0.7706834804354832	0.09998462473450845	97.51751734434644	102.83773908075908	0.002745838316527435	1.000108125742015
2.071255453523938	1.9101140095417823	0.06819448536017866	0.7706834804354832	0.09998462473450845	97.51751734434644	102.83773908075908	0.002745838316527435	1.000108125742015
2.071255453523938	1.9101140095417823	0.06819448536017866	0.7706834804354832	0.09998462473450845	97.51751734434644	102.83773908075908	0.002745838316527435	1.000108125742015
2.071255453523938	1.9101140095417823	0.06824047873219455	0.7706834804354832	0.09998462473450845	97.51751734434644	102.83773908075908	0.002745838316527435	1.000108125742015
2.071255453523938	1.9101140095417823	0.06824047873219455	0.7707920213069328	0.09998462473450845	97.51751734434644	102.83773908075908	0.002745838316527435	1.000108125742015
2.071255453523938	1.9101224575818507	0.06824047873219455	0.7707920213069328	0.09998462473450845	97.51751734434644	102.83773908075908	0.002745838316527435	1.000108125742015
2.071255453523938	1.9101224575818507	0.06824047873219455	0.7707920213069328	0.09998473778361629	97.51751734434644	102.83773908075908	0.002745838316527435	1.000108125742015
2.071255453523938	1.9101224575818507	0.06824047873219455	0.7707920213069328	0.09998473785138007	97.51751734434644	102.83773908075908	0.002745838316527435	1.000108125742015
2.071255453523938	1.9101224575818507	0.06824047873219455	0.7707920213069328	0.09998473785138007	97.51751734434644	102.83773908075908	0.0027366222955714967	1.000108125742015
2.071255453523938	1.9101224575818507	0.06824047873219455	0.7707920213069328	0.09998473785138007	97.51751734434644	102.83773908075908	0.0027366222955714967	1.000108125742015
2.071255453523938	1.9101224575818507	0.06824047873219455	0.7707920213069328	0.09998473785138007	97.51751734434644	102.83773908075908	0.0027366222955714967	1.000108125742015
2.071255453523938	1.9101224575818507	0.06824047873219455	0.7707920213069328	0.09998473785138007	97.51751734434644	102.83773908075908	0.0027366222955714967	1.000108125742015
2.071255453523938	1.9101224575818507	0.06824047873219455	0.7707920213069328	0.09998473785138007	97.51751734434644	102.83773908075908	0.0027366222955714967	1.000108125742015
2.071255453523938	1.9108585614582498	0.06824047873219455	0.7707920213069328	0.09998473785138007	97.51751734434644	102.83773908075908	0.0027366222955714967	1.000108125742015
2.071255453523938	1.9108585614582498	0.06824047873219455	0.7707920213069328	0.09998473785138007	97.51751734434644	102.83773908075908	0.0027366222955714967	1.0001082271242336
2.071255453523938	1.9108585614582498	0.06824047873219455	0.7707920213069328	0.09998473785138007	97.51751734434644	102.83773908075908	0.0027366222955714967	1.0001082271242336
2.071255453523938	1.9108585614582498	0.06824047873219455	0.7707920213069328	0.09998473785138007	97.51760028241641	102.83773908075908	0.0027366222955714967	1.0001082271242336
2.071255453523938	1.9108585614582498	0.06824047873219455	0.7707920213069328	0.09998473785138007	97.51760028241641	102.83506069586485	0.0027366222955714967	1.0001082271242336
2.071255453523938	1.9108585614582498	0.06824047873219455	0.7707920213069328	0.09998473785138007	97.51760028241641	102.83506069586485	0.0027366222955714967	1.0001082271242336
2.071255453523938	1.9108585614582498	0.06824047873219455	0.7707920213069328	0.09998473785138007	97.51760028241641	102.83506069586485	0.0027366222955714967	1.000108682873091
2.0712524868744784	1.9108585614582498	0.06824047873219455	0.7707920213069328	0.09998473785138007	97.51760028241641	102.83506069586485	0.0027366222955714967	1.000108682873091
2.0712597505675916	1.9108585614582498	0.06824047873219455	0.7707920213069328	0.09998473785138007	97.51760028241641	102.83506069586485	0.0027366222955714967	1.000108682873091
2.0712597505675916	1.9108585614582498	0.06824047873219455	0.7707920213069328	0.09998473785138007	97.51760028241641	102.83506069586485	0.0027200855748129387	1.000108682873091
2.0712597505675916	1.9108585614582498	0.06834714089791612	0.7707920213069328	0.09998473785138007	97.51760028241641	102.83506069586485	0.0027200855748129387	1.000108682873091
2.0712597505675916	1.9108585614582498	0.0683664623060289	0.7707920213069328	0.09998473785138007	97.51760028241641	102.83506069586485	0.0027200855748129387	1.000108682873091
2.0712597505675916	1.9108585614582498	0.0683664623060289	0.7707920213069328	0.09998473785138007	97.51760028241641	102.83506069586485	0.0027200855748129387	1.000108682873091
2.0712597505675916	1.9108585614582498	0.0683664623060289	0.7707920213069328	0.09998473785138007	97.51760028241641	102.83506069586485	0.0027200855748129387	1.000108682873091
2.0712597505675916	1.9108585614582498	0.0683664623060289	0.7707920213069328	0.09998473785138007	97.51760028241641	102.83506069586485	0.0027200855748129387	1.000108682873091
2.0712597505675916	1.9108585614582498	0.0683664623060289	0.7707920213069328	0.09998473785138007	97.51760028241641	102.83506069586485	0.0027200855748129387	1.000108682873091
2.0712597505675916	1.9108585614582498	0.0683664623060289	0.7707920213069328	0.09998473785138007	97.5187174153424	102.83506069586485	0.0027200855748129387	1.000108682873091
2.0712597505675916	1.9108585614582498	0.0683664623060289	0.7707920213069328	0.09998473785138007	97.5187174153424	102.83506069586485	0.0027200855748129387	1.000108682873091
2.0712597505675916	1.9108585614582498	0.0683664623060289	0.7707920213069328	0.09998473785138007	97.5187174153424	102.83490876400276	0.0027200855748129387	1.000108682873091
2.0712597505675916	1.9108585614582498	0.0683664623060289	0.7707920213069328	0.09998473785138007	97.52853563519555	102.83490876400276	0.0027200855748129387	1.000108682873091
2.0712597505675916	1.9108267460255381	0.0683664623060289	0.7707920213069328	0.09998473785138007	97.52853563519555	102.83490876400276	0.0027200855748129387	1.000108682873091
2.0712597505675916	1.9108267460255381	0.0683664623060289	0.7707920213069328	0.09998473785138007	97.52853563519555	102.83490876400276	0.0027200855748129387	1.000108682873091
2.0712597505675916	1.9108267460255381	0.0683664623060289	0.7707920213069328	0.09998473785138007	97.52853563519555	102.83490876400276	0.0027200855748129387	1.000108682873091
2.0712597505675916	1.910820730607181	0.0683664623060289	0.7707920213069328	0.09998473785138007	97.52853563519555	102.83490876400276	0.0027200855748129387	1.000108682873091
2.0712597505675916	1.910818610865675	0.0683664623060289	0.7707920213069328	0.09998473785138007	97.52853563519555	102.83490876400276	0.0027200855748129387	1.000108682873091
2.0712597505675916	1.910818610865675	0.0683664623060289	0.7707920213069328	0.09998473785138007	97.52853563519555	102.83490876400276	0.0027200855748129387	1.000108682873091
2.0712597505675916	1.910818610865675	0.0683664623060289	0.7707920213069328	0.09998473785138007	97.52853563519555	102.83490876400276	0.0027200855748129387	1.000108682873091
2.0712597505675916	1.910818610865675	0.0683664623060289	0.7707920213069328	0.09998473785138007	97.52853563519555	102.83490876400276	0.0027200855748129387	1.000106253826299
2.0712597505675916	1.910818610865675	0.0683664623060289	0.7707920213069328	0.09998473785138007	97.52853563519555	102.83490876400276	0.0027200855748129387	1.000106253826299
2.0712597505675916	1.910818610865675	0.0683664623060289	0.7707920213069328	0.09998473785138007	97.52853563519555	102.83490876400276	0.0027200855748129387	1.000106253826299
2.0712597505675916	1.910818610865675	0.0683664623060289	0.7707920213069328	0.10013186442401598	97.52853563519555	102.83490876400276	0.0027200855748129387	1.000106253826299
2.0712597505675916	1.910818610865675	0.0683664623060289	0.7707920213069328	0.10013186442401598	97.52853563519555	102.83490876400276	0.0027200855748129387	1.000106253826299
2.0712597505675916	1.910818610865675	0.0683664623060289	0.7707920213069328	0.10013186442401598	97.52853563519555	100.15843581383439	0.0027200855748129387	1.000106253826299
2.070388342345192	1.910818610865675	0.0683664623060289	0.7707920213069328	0.10013186442401598	97.52853563519555	100.15843581383439	0.0027200855748129387	1.000106253826299
2.070388342345192	1.910818610865675	0.0683664623060289	0.7707920213069328	0.10013186442401598	97.52853563519555	100.15843581383439	0.0027200855748129387	1.000106253826299
2.070388342345192	1.910818610865675	0.0683664623060289	0.7707920213069328	0.10013186442401598	97.52853563519555	100.15843581383439	0.0027200855748129387	1.000106253826299
2.070388342345192	1.910818610865675	0.0683664623060289	0.7707920213069328	0.10013186442401598	97.52853563519555	100.15843581383439	0.0027200855748129387	1.000106253826299
2.070388342345192	1.910818610865675	0.0683664623060289	0.7707973454882203	0.10013186442401598	97.52853563519555	100.15843581383439	0.0027200855748129387	1.000106253826299
2.070388342345192	1.910818610865675	0.0683664623060289	0.7707973454882203	0.10013186442401598	97.52944239652054	100.15843581383439	0.0027200855748129387	1.000106253826299
2.070388342345192	1.910818610865675	0.0683664623060289	0.7707973454882203	0.10013186442401598	97.52944239652054	100.15843581383439	0.0027200855748129387	1.000107276839902
2.070388342345192	1.9090102343881408	0.0683664623060289	0.7707973454882203	0.10013186442401598	97.52944239652054	100.15843581383439	0.0027200855748129387	1.000107276839902
2.070388342345192	1.9090102343881408	0.0683664623060289	0.7707973454882203	0.10013186442401598	97.52944239652054	100.15843581383439	0.0027200855748129387	1.000106427077307
2.070388342345192	1.9090102343881408	0.0683664623060289	0.7707973454882203	0.10013186442401598	97.52944239652054	100.15843581383439	0.0027200855748129387	1.000106427077307
2.070388342345192	1.9090102343881408	0.0683664623060289	0.7707973454882203	0.10013186442401598	97.52944239652054	100.15843581383439	0.0027200855748129387	1.000106427077307
2.070388342345192	1.9090102343881408	0.0683664623060289	0.7707973454882203	0.10013186442401598	97.52944239652054	100.15843581383439	0.0027200855748129387	1.000106427077307
2.070388342345192	1.9090102343881408	0.0683664623060289	0.7707973454882203	0.10013186442401598	97.52944239652054	100.15843581383439	0.0027200855748129387	1.000106427077307
2.070388342345192	1.9090102343881408	0.0683664623060289	0.7707973454882203	0.10013186442401598	97.52944239652054	100.16677741200276	0.0027200855748129387	1.000106427077307
2.070395221848217	1.9090102343881408	0.0683664623060289	0.7707973454882203	0.10013186442401598	97.52944239652054	100.16677741200276	0.0027200855748129387	1.000106427077307
2.070395221848217	1.9090102343881408	0.0683664623060289	0.7707973454882203	0.10013186442401598	97.52944239652054	100.16677741200276	0.0027200855748129387	1.000106427077307
2.070395221848217	1.9090102343881408	0.0683664623060289	0.7707973454882203	0.10013186442401598	97.52944239652054	100.16677741200276	0.0027214279907953032	1.000106427077307
2.070395221848217	1.9090102343881408	0.0683664623060289	0.7707973454882203	0.10013186442401598	97.52944239652054	100.16677741200276	0.0027214279907953032	1.000106427077307
2.070395221848217	1.9090102343881408	0.0683664623060289	0.7707973454882203	0.10013186442401598	97.52944239652054	100.16677741200276	0.0027214279907953032	1.000106427077307
2.070395221848217	1.9090102343881408	0.0683664623060289	0.7707973454882203	0.10013186442401598	97.52944239652054	100.16677741200276	0.0027214279907953032	1.000106427077307
2.070395221848217	1.9090102343881408	0.0683664623060289	0.7707973454882203	0.10013186442401598	97.52944239652054	100.16677741200276	0.0027214279907953032	1.0001066477682419
2.070395221848217	1.9090102343881408	0.0683664623060289	0.7707973454882203	0.10013186442401598	97.52944239652054	100.16677741200276	0.002722830666366631	1.0001066477682419
2.070395221848217	1.9090102343881408	0.0683664623060289	0.7707973454882203	0.10013186442401598	97.52944239652054	100.16677741200276	0.002722830666366631	1.0001066477682419
2.070395221848217	1.9091457191807943	0.0683664623060289	0.7707973454882203	0.10013186442401598	97.52944239652054	100.16677741200276	0.002722830666366631	1.0001066477682419
2.070395221848217	1.9091457191807943	0.0683664623060289	0.7707973454882203	0.10013186442401598	97.52944239652054	100.16677741200276	0.002722830666366631	1.0000976489075755
2.070395221848217	1.9091457191807943	0.0683664623060289	0.7707973454882203	0.10013186442401598	97.52944239652054	100.16677741200276	0.00280268310018157	1.0000976489075755
2.070395221848217	1.9091457191807943	0.0683664623060289	0.7707973454882203	0.10013186442401598	97.52944239652054	100.16677741200276	0.00280268310018157	1.0000976489075755
2.070395221848217	1.9088481112312272	0.0683664623060289	0.7707973454882203	0.10013186442401598	97.52944239652054	100.16677741200276	0.00280268310018157	1.0000976489075755
2.070395221848217	1.9088481112312272	0.06830792007053088	0.7707973454882203	0.10013186442401598	97.52944239652054	100.16677741200276	0.00280268310018157	1.0000976489075755
2.070395221848217	1.9088481112312272	0.06830792007053088	0.7708896173485258	0.10013186442401598	97.52944239652054	100.16677741200276	0.00280268310018157	1.0000976489075755
2.070395221848217	1.908726862027246	0.06830792007053088	0.7708896173485258	0.10013186442401598	97.52944239652054	100.16677741200276	0.00280268310018157	1.0000976489075755
2.070395221848217	1.908406625830006	0.06830792007053088	0.7708896173485258	0.10013186442401598	97.52944239652054	100.16677741200276	0.00280268310018157	1.0000976489075755
2.070395221848217	1.908406625830006	0.06830792007053088	0.7708896173485258	0.10013186442401598	97.52944239652054	100.28127779568972	0.00280268310018157	1.0000976489075755
2.070395221848217	1.908406625830006	0.06830792007053088	0.7708896173485258	0.10012666219776054	97.52944239652054	100.28127779568972	0.00280268310018157	1.0000976489075755
2.070395221848217	1.908406625830006	0.06830792007053088	0.7708896173485258	0.10012666219776054	97.52944239652054	100.28127779568972	0.00280268310018157	1.0000976489075755
2.070395221848217	1.908406625830006	0.06830792007053088	0.7708896173485258	0.10012666219776054	97.52944239652054	100.28127779568972	0.00280268310018157	1.0000976489075755
2.070395221848217	1.908406625830006	0.06830792007053088	0.7708896173485258	0.10012666219776054	97.52944239652054	100.28127779568972	0.00280268310018157	1.0000976489075755
2.070395221848217	1.908406625830006	0.06830792007053088	0.7708896173485258	0.10012666219776054	97.52944239652054	100.28127779568972	0.002717238201441324	1.0000976489075755
2.070395221848217	1.908406625830006	0.06830792007053088	0.7708896173485258	0.10012666219776054	97.52841260959924	100.28127779568972	0.002717238201441324	1.0000976489075755
2.070395221848217	1.908406625830006	0.06830792007053088	0.7708896173485258	0.10012666219776054	97.52841260959924	100.28127779568972	0.002717238201441324	1.0000976489075755
2.070395221848217	1.908406625830006	0.06830792007053088	0.7708896173485258	0.10012666219776054	97.52841260959924	100.28227649899122	0.002717238201441324	1.0000976489075755
2.070395221848217	1.908408208384025	0.06830792007053088	0.7708896173485258	0.10012666219776054	97.52841260959924	100.28227649899122	0.002717238201441324	1.0000976489075755
2.070395221848217	1.908408208384025	0.06831185507322067	0.7708896173485258	0.10012666219776054	97.52841260959924	100.28227649899122	0.002717238201441324	1.0000976489075755
2.070395221848217	1.908408208384025	0.06831185507322067	0.7706925132076244	0.10012666219776054	97.52841260959924	100.28227649899122	0.002717238201441324	1.0000976489075755
2.070395221848217	1.908408208384025	0.06831185507322067	0.7706925132076244	0.10012666219776054	97.52841260959924	100.28227649899122	0.002717238201441324	1.000097871753134
2.070395221848217	1.908408208384025	0.06831185507322067	0.7706925132076244	0.10012666219776054	97.52841260959924	100.28227649899122	0.002717238201441324	1.000097871753134
2.070395221848217	1.908408208384025	0.06831185507322067	0.7706925132076244	0.10012666219776054	97.52841260959924	100.28227649899122	0.002717238201441324	1.000097871753134
2.070395221848217	1.908408208384025	0.06831185507322067	0.7706925132076244	0.10012666219776054	97.52841260959924	100.28227649899122	0.002717238201441324	1.000097871753134
2.070395221848217	1.9081980216375343	0.06831185507322067	0.7706925132076244	0.10012666219776054	97.52841260959924	100.28227649899122	0.002717238201441324	1.000097871753134
2.070395221848217	1.9081980216375343	0.06831185507322067	0.7706925132076244	0.10012666219776054	97.52841260959924	100.28227649899122	0.002717238201441324	1.000097871753134
2.070395221848217	1.9081980216375343	0.06831185507322067	0.7706925132076244	0.10012666219776054	97.52841260959924	100.28227649899122	0.002717238201441324	1.000097871753134
2.070395221848217	1.9081980216375343	0.06831185507322067	0.7706925132076244	0.10012666219776054	97.52841260959924	100.28506591874914	0.002717238201441324	1.000097871753134
2.070395221848217	1.9081980216375343	0.06831185507322067	0.7706925132076244	0.10012666219776054	97.52841260959924	100.28506591874914	0.002717238201441324	1.0000978739540467
2.070395221848217	1.9081980216375343	0.06831185507322067	0.7706925132076244	0.10012666219776054	97.52841260959924	100.28506591874914	0.002717238201441324	1.0000978739540467
2.0703942926381473	1.9081980216375343	0.06831185507322067	0.7706925132076244	0.10012666219776054	97.52841260959924	100.28506591874914	0.002717238201441324	1.0000978739540467
2.0703942926381473	1.9081980216375343	0.06831185507322067	0.7706925132076244	0.10012666219776054	97.52841260959924	100.2853280537675	0.002717238201441324	1.0000978739540467
2.0703942926381473	1.9081980216375343	0.06831185507322067	0.7706925132076244	0.10012666219776054	97.52841260959924	100.2853280537675	0.002717238201441324	1.0000978739540467
2.0703942926381473	1.9081980216375343	0.06831185507322067	0.7706925132076244	0.10012666219776054	97.51663659381923	100.2853280537675	0.002717238201441324	1.0000978739540467
2.0703942926381473	1.9081980216375343	0.06831185507322067	0.7706925132076244	0.10012666219776054	97.51663659381923	100.28846278602693	0.002717238201441324	1.0000978739540467
2.0703942926381473	1.9081980216375343	0.06831185507322067	0.7706925132076244	0.10012666219776054	97.51663659381923	100.28846278602693	0.0026941036799153413	1.0000978739540467
2.0703942926381473	1.9081980216375343	0.06831185507322067	0.7706925132076244	0.10012666219776054	97.51663659381923	100.28846278602693	0.0026941036799153413	1.0000978739540467
2.0703942926381473	1.9081980216375343	0.06831185507322067	0.7706925132076244	0.10012666219776054	97.51663659381923	100.28846278602693	0.0026941036799153413	1.0000978739540467
2.0703942926381473	1.9081980216375343	0.06831185507322067	0.7706925132076244	0.10012666219776054	97.51663659381923	100.28846278602693	0.0026941036799153413	1.0000978739540467
2.0703942926381473	1.9081980216375343	0.06829129118896862	0.7706925132076244	0.10012666219776054	97.51663659381923	100.28846278602693	0.0026941036799153413	1.0000978739540467
2.0703942926381473	1.9081980216375343	0.06829129118896862	0.7706925132076244	0.10012666219776054	97.51595902920224	100.28846278602693	0.0026941036799153413	1.0000978739540467
2.0703942926381473	1.9081980216375343	0.06829129118896862	0.7706925132076244	0.10012666219776054	97.51595902920224	100.67277915887854	0.0026941036799153413	1.0000978739540467
2.0703942926381473	1.9081980216375343	0.06829129118896862	0.7706925132076244	0.10012666219776054	97.51595902920224	100.67277915887854	0.0026941036799153413	1.0000978739540467
2.0703942926381473	1.9081980216375343	0.06829129118896862	0.7706925132076244	0.10012666219776054	97.51595902920224	100.67277915887854	0.0026941036799153413	1.0000978739540467
2.0703942926381473	1.9081980216375343	0.06829129118896862	0.7706925132076244	0.10012666219776054	97.51595902920224	100.69966057772344	0.0026941036799153413	1.0000978739540467
2.0703942926381473	1.9081980216375343	0.06829129118896862	0.7706925132076244	0.10012666219776054	97.51595902920224	100.69966057772344	0.0026941036799153413	1.0000978739540467
2.0703942926381473	1.9081980216375343	0.06829129118896862	0.7706925132076244	0.10012666219776054	97.51595902920224	100.69966057772344	0.0026941036799153413	1.0000978739540467
2.0703938030048055	1.9081980216375343	0.06829129118896862	0.7706925132076244	0.10012666219776054	97.51595902920224	100.69966057772344	0.0026941036799153413	1.0000978739540467
2.0703938030048055	1.9081980216375343	0.06829129118896862	0.7706925132076244	0.10012666219776054	97.51595902920224	100.69966057772344	0.0026941036799153413	1.0000978739540467
2.0703938030048055	1.9081980216375343	0.06829129118896862	0.7706925132076244	0.10012666219776054	97.51595902920224	100.69966057772344	0.0026941036799153413	1.0000978739540467
2.0703938030048055	1.9081980216375343	0.06829129118896862	0.7706925132076244	0.10012666219776054	97.5157489860006	100.69966057772344	0.0026941036799153413	1.0000978739540467
2.0703938030048055	1.9082096603449092	0.06829129118896862	0.7706925132076244	0.10012666219776054	97.5157489860006	100.69966057772344	0.0026941036799153413	1.0000978739540467
2.0703938030048055	1.9082096603449092	0.06829129118896862	0.7706925132076244	0.10012666219776054	97.5157489860006	100.69966057772344	0.0026941036799153413	1.0000978739540467
2.0703938030048055	1.9082096603449092	0.06830032507944425	0.7706925132076244	0.10012666219776054	97.5157489860006	100.69966057772344	0.0026941036799153413	1.0000978739540467
2.0703938030048055	1.9082096603449092	0.06830032507944425	0.7706925132076244	0.10012666219776054	97.5157489860006	100.69966057772344	0.0026941036799153413	1.0000978739540467
2.0703938030048055	1.9082096603449092	0.06830032507944425	0.7706925132076244	0.10012666219776054	97.5157489860006	100.69879928650143	0.0026941036799153413	1.0000978739540467
2.0703938030048055	1.9082096603449092	0.06830032507944425	0.7706925132076244	0.10012666219776054	97.5157489860006	100.69879928650143	0.0026941036799153413	1.0000978739540467
2.0703938030048055	1.9082026336943025	0.06830032507944425	0.7706925132076244	0.10012666219776054	97.5157489860006	100.69879928650143	0.0026941036799153413	1.0000978739540467
2.0703938030048055	1.9082026336943025	0.06830032507944425	0.7706925132076244	0.10012666219776054	97.5157489860006	100.69879928650143	0.0026941036799153413	1.0000978739540467
2.0703938030048055	1.9082017963753548	0.06830032507944425	0.7706925132076244	0.10012666219776054	97.5157489860006	100.69879928650143	0.0026941036799153413	1.0000978739540467
2.070758761942788	1.9082017963753548	0.06830032507944425	0.7706925132076244	0.10012666219776054	97.5157489860006	100.69879928650143	0.0026941036799153413	1.0000978739540467
2.070758761942788	1.9082017963753548	0.06830032507944425	0.7706925132076244	0.10012666219776054	97.5157489860006	100.69879928650143	0.0026941036799153413	1.0000978739540467
2.070758761942788	1.9082017963753548	0.06830032507944425	0.7706925132076244	0.10012666219776054	97.5157489860006	100.69879928650143	0.0026941036799153413	1.0000978739540467
2.070758761942788	1.9082017963753548	0.06830032507944425	0.7706925132076244	0.10012666219776054	97.5157489860006	100.69879928650143	0.0026941036799153413	1.0000978739540467
2.070758761942788	1.9082017963753548	0.06830032507944425	0.7706925132076244	0.10012666219776054	97.5157489860006	100.69879928650143	0.0026941036799153413	1.0000978739540467
2.070758761942788	1.9082017963753548	0.06830032507944425	0.7706925132076244	0.10012666219776054	97.5157489860006	100.69879928650143	0.0026942843515475024	1.0000978739540467
2.070758761942788	1.9082017963753548	0.06830032507944425	0.7706925132076244	0.10012666219776054	97.5157489860006	100.69879928650143	0.0026942843515475024	1.0000978739540467
2.070758761942788	1.9082017963753548	0.06830032507944425	0.7706925132076244	0.10012666219776054	97.5157489860006	100.69006035469214	0.0026942843515475024	1.0000978739540467
2.070758761942788	1.9082017963753548	0.06830032507944425	0.7706925132076244	0.10012666219776054	97.5157489860006	100.69006035469214	0.0026942843515475024	1.0000978739540467
2.070758761942788	1.9082017963753548	0.06830032507944425	0.7706925132076244	0.10012666219776054	97.5157489860006	100.69006035469214	0.0026942843515475024	1.0000978739540467
2.070758761942788	1.9082017963753548	0.06830032507944425	0.7706925132076244	0.10012666219776054	97.5157489860006	100.69006035469214	0.0026873251982051346	1.0000978739540467
2.070758761942788	1.9082017963753548	0.06830032507944425	0.7706925132076244	0.10012666219776054	97.5157489860006	100.69006035469214	0.002659728358474361	1.0000978739540467
2.070758761942788	1.9082017963753548	0.06830032507944425	0.7706925132076244	0.10012666219776054	97.5157489860006	100.69006035469214	0.002659728358474361	1.0000978739540467
2.070758761942788	1.9081997224428038	0.06830032507944425	0.7706925132076244	0.10012666219776054	97.5157489860006	100.69006035469214	0.002659728358474361	1.0000978739540467
2.070758761942788	1.9081997224428038	0.06830032507944425	0.7706925132076244	0.10012666219776054	97.5157489860006	100.69006035469214	0.002659728358474361	1.0000978739540467
2.070758761942788	1.9081997224428038	0.06830032507944425	0.7706925132076244	0.10012666219776054	97.5157489860006	100.69006035469214	0.002659728358474361	1.0000978739540467
2.070758761942788	1.9081997224428038	0.06830032507944425	0.7706925132076244	0.10012666219776054	97.5157489860006	100.69006035469214	0.002659728358474361	1.0000978739540467
2.070963794175928	1.9081997224428038	0.06830032507944425	0.7706925132076244	0.10012666219776054	97.5157489860006	100.69006035469214	0.002659728358474361	1.0000978739540467
2.070963794175928	1.9081997224428038	0.06830032507944425	0.7706925132076244	0.10012666219776054	97.5157489860006	100.69006035469214	0.002659728358474361	1.0000978739540467
2.070963794175928	1.9081997224428038	0.0681358985879322	0.7706925132076244	0.10012666219776054	97.5157489860006	100.69006035469214	0.002659728358474361	1.0000978739540467
2.070963794175928	1.9081997224428038	0.0681358985879322	0.7706925132076244	0.10012666219776054	97.5157489860006	100.69006035469214	0.002661123123106148	1.0000978739540467
2.070963794175928	1.9081997224428038	0.0681358985879322	0.7706925132076244	0.10012666219776054	97.5157489860006	102.86603004456413	0.002661123123106148	1.0000978739540467
2.070963794175928	1.9081997224428038	0.0681358985879322	0.7706925132076244	0.10012666219776054	97.5157489860006	102.86603004456413	0.002661123123106148	1.0000948893667836
2.070963794175928	1.9081997224428038	0.0681358985879322	0.7706925132076244	0.10012666219776054	97.51492892540136	102.86603004456413	0.002661123123106148	1.0000948893667836
2.0713250833522894	1.9081997224428038	0.0681358985879322	0.7706925132076244	0.10012666219776054	97.51492892540136	102.86603004456413	0.002661123123106148	1.0000948893667836
2.0713250833522894	1.9081997224428038	0.0681358985879322	0.7706925132076244	0.10012726476436891	97.51492892540136	102.86603004456413	0.002661123123106148	1.0000948893667836
2.0713250833522894	1.9081997224428038	0.0681358985879322	0.7706925132076244	0.10012726476436891	97.52169579512136	102.86603004456413	0.002661123123106148	1.0000948893667836
2.0713250833522894	1.9081997224428038	0.0681358985879322	0.7706925132076244	0.10012726476436891	97.52169579512136	102.86603004456413	0.002661123123106148	1.0000948893667836
2.0713250833522894	1.9081997224428038	0.0681358985879322	0.7706925132076244	0.10012726476436891	97.52169579512136	102.86457978298041	0.002661123123106148	1.0000948893667836
2.0713250833522894	1.9081997224428038	0.0681358985879322	0.7706925132076244	0.10012726476436891	97.52169579512136	102.86457978298041	0.002661123123106148	1.0000948893667836
2.0713250833522894	1.9081997224428038	0.0681358985879322	0.7706925132076244	0.10012726476436891	97.52169579512136	102.86457978298041	0.002661123123106148	1.0000951187009315
2.0713250833522894	1.9081997224428038	0.0681358985879322	0.7706925132076244	0.10012726476436891	97.52169579512136	102.86457978298041	0.002661123123106148	1.0000951187009315
2.0713250833522894	1.9081997224428038	0.0681358985879322	0.7706925132076244	0.10012726476436891	97.52169579512136	102.86457978298041	0.002661123123106148	1.0000951187009315
2.0713250833522894	1.9081997224428038	0.0681358985879322	0.7706925132076244	0.10012726476436891	97.52169579512136	102.86457978298041	0.002661123123106148	1.0000951187009315
2.0713250833522894	1.9081997224428038	0.0681358985879322	0.7706925132076244	0.10012726476436891	97.52169579512136	102.86457978298041	0.002661123123106148	1.0000951187009315
2.0713250833522894	1.9081997224428038	0.0681358985879322	0.7706925132076244	0.10012726476436891	97.52169579512136	102.86457978298041	0.002661123123106148	1.0000951187009315
2.0713250833522894	1.9081997224428038	0.0681358985879322	0.7706925132076244	0.10012726476436891	97.52169579512136	102.86457978298041	0.002661123123106148	1.0000951187009315
2.0713250833522894	1.9081997224428038	0.0681358985879322	0.7706925132076244	0.10012726476436891	97.52169579512136	102.86457978298041	0.002661123123106148	1.0000951139439407
2.0713250833522894	1.9081997224428038	0.0681358985879322	0.7706925132076244	0.10012726476436891	97.52169579512136	102.86457978298041	0.002661123123106148	1.0000951139439407
2.0713250833522894	1.9081997224428038	0.0681358985879322	0.7706925132076244	0.10012726476436891	97.52169579512136	102.86457978298041	0.002661123123106148	1.0000951139439407
2.0713250833522894	1.9081997224428038	0.0681358985879322	0.7706925132076244	0.10012726476436891	97.52169579512136	102.86457978298041	0.002661123123106148	1.0000951139439407
2.0713250833522894	1.9081997224428038	0.0681358985879322	0.7706925132076244	0.10012726476436891	97.52169579512136	102.86457978298041	0.0026386934749063435	1.0000951139439407
2.07063608415236	1.9081997224428038	0.0681358985879322	0.7706925132076244	0.10012726476436891	97.52169579512136	102.86457978298041	0.0026386934749063435	1.0000951139439407
2.07063608415236	1.9081997224428038	0.0681358985879322	0.7706925132076244	0.10012726476436891	97.52169579512136	102.86464100950145	0.0026386934749063435	1.0000951139439407
2.07063608415236	1.9081997224428038	0.0681358985879322	0.7706925132076244	0.10012726476436891	97.52169579512136	102.86464100950145	0.0026386934749063435	1.000094667732848
2.0706360117286304	1.9081997224428038	0.0681358985879322	0.7706925132076244	0.10012726476436891	97.52169579512136	102.86464100950145	0.0026386934749063435	1.000094667732848
2.0706360117286304	1.9081997224428038	0.06834196727917057	0.7706925132076244	0.10012726476436891	97.52169579512136	102.86464100950145	0.0026386934749063435	1.000094667732848
2.0706360117286304	1.9081997224428038	0.06834196727917057	0.7706925132076244	0.10012726476436891	97.52169579512136	102.86464100950145	0.0026386934749063435	1.000094667732848
2.0706360117286304	1.9081997224428038	0.06834196727917057	0.7706925132076244	0.10012726476436891	97.52169579512136	102.86464100950145	0.0026386934749063435	1.000094667732848
2.0706360117286304	1.908148902609666	0.06834196727917057	0.7706925132076244	0.10012726476436891	97.52169579512136	102.86464100950145	0.0026386934749063435	1.000094667732848
2.0706360117286304	1.908148902609666	0.06834196727917057	0.7706925132076244	0.10012726476436891	97.52169579512136	102.86464100950145	0.0026386934749063435	1.000094667732848
2.0706360117286304	1.908148902609666	0.06834196727917057	0.7706925132076244	0.10012726476436891	97.52169579512136	102.86464100950145	0.0026391580489532997	1.000094667732848
2.0706360117286304	1.908148902609666	0.06834196727917057	0.7706925132076244	0.10012726476436891	97.5214321652348	102.86464100950145	0.0026391580489532997	1.000094667732848
2.0706360117286304	1.908148902609666	0.06834196727917057	0.7706925132076244	0.10010650801851216	97.5214321652348	102.86464100950145	0.0026391580489532997	1.000094667732848
2.0706360117286304	1.908148902609666	0.06834196727917057	0.7706925132076244	0.10010650801851216	97.5214321652348	102.86464100950145	0.0026391580489532997	1.000094667732848
2.0706360117286304	1.908148902609666	0.06834196727917057	0.7706925132076244	0.10010650801851216	97.5214321652348	102.86464100950145	0.0026391580489532997	1.000094667732848
2.0706360117286304	1.908148902609666	0.06834196727917057	0.7706925132076244	0.10010650801851216	97.5214321652348	102.88130761901702	0.0026391580489532997	1.000094667732848
2.0706360117286304	1.908148902609666	0.06834196727917057	0.7706925132076244	0.10010690472985012	97.5214321652348	102.88130761901702	0.0026391580489532997	1.000094667732848
2.0706360117286304	1.908148902609666	0.06834196727917057	0.7706925132076244	0.10010690472985012	97.5214321652348	102.88130761901702	0.0026391580489532997	1.000094667732848
2.0706360117286304	1.9084272901295594	0.06834196727917057	0.7706925132076244	0.10010690472985012	97.5214321652348	102.88130761901702	0.0026391580489532997	1.000094667732848
2.0706382050821253	1.9084272901295594	0.06834196727917057	0.7706925132076244	0.10010690472985012	97.5214321652348	102.88130761901702	0.0026391580489532997	1.000094667732848
2.0706382050821253	1.9084272901295594	0.06834196727917057	0.7706925132076244	0.10010690472985012	97.5214321652348	102.87718453890952	0.0026391580489532997	1.000094667732848
2.0706382050821253	1.9084272901295594	0.06834196727917057	0.7706925132076244	0.10010690472985012	97.5214321652348	102.87718453890952	0.0026391580489532997	1.0000943456534095
2.0706382050821253	1.9084272901295594	0.06834196727917057	0.7706925132076244	0.10010690472985012	97.5214321652348	102.87354468607573	0.0026391580489532997	1.0000943456534095
2.0706382050821253	1.9084272901295594	0.06834196727917057	0.7706925132076244	0.10010690472985012	97.5214321652348	102.87354468607573	0.0026788403839130078	1.0000943456534095
2.0706382050821253	1.9084272901295594	0.06834580103925711	0.7706925132076244	0.10010690472985012	97.5214321652348	102.87354468607573	0.0026788403839130078	1.0000943456534095
2.0706382050821253	1.9084272901295594	0.06834580103925711	0.7706925132076244	0.10010690472985012	97.5214321652348	102.87354468607573	0.0026788403839130078	1.0000932982461648
2.0706382050821253	1.908402733891149	0.06834580103925711	0.7706925132076244	0.10010690472985012	97.5214321652348	102.87354468607573	0.0026788403839130078	1.0000932982461648
2.0706382050821253	1.908402733891149	0.06834627821343149	0.7706925132076244	0.10010690472985012	97.5214321652348	102.87354468607573	0.0026788403839130078	1.0000932982461648
2.0706382050821253	1.908402733891149	0.06834627821343149	0.7706925132076244	0.10010690472985012	97.5214321652348	102.87354468607573	0.0026788835056985156	1.0000932982461648
2.0706382050821253	1.908402733891149	0.06834627821343149	0.7706925132076244	0.10010690472985012	97.5214321652348	102.87354468607573	0.0026788835056985156	1.0001062343118763
2.070570978146568	1.908402733891149	0.06834627821343149	0.7706925132076244	0.10010690472985012	97.5214321652348	102.87354468607573	0.0026788835056985156	1.0001062343118763
2.070570978146568	1.908402733891149	0.06834325392421654	0.7706925132076244	0.10010690472985012	97.5214321652348	102.87354468607573	0.0026788835056985156	1.0001062343118763
2.070570978146568	1.908402733891149	0.06834325392421654	0.7706925132076244	0.10010690472985012	97.5214321652348	102.62507854506786	0.0026788835056985156	1.0001062343118763
2.070570978146568	1.908402733891149	0.06834325392421654	0.7706925132076244	0.10010687851749507	97.5214321652348	102.62507854506786	0.0026788835056985156	1.0001062343118763
2.070570978146568	1.908402733891149	0.06834325392421654	0.7706925132076244	0.10010654548585056	97.5214321652348	102.62507854506786	0.0026788835056985156	1.0001062343118763
2.070570978146568	1.908402733891149	0.06834325392421654	0.7706925132076244	0.10010654548585056	97.5214321652348	102.62507854506786	0.0026788835056985156	1.0001062343118763
2.070570978146568	1.908402733891149	0.0683432490852183	0.7706925132076244	0.10010654548585056	97.5214321652348	102.62507854506786	0.0026788835056985156	1.0001062343118763
2.070570978146568	1.908402733891149	0.0683432490852183	0.7706925132076244	0.10010654548585056	97.5214321652348	102.62507854506786	0.0024200887927923733	1.0001062343118763
2.070570978146568	1.908402733891149	0.0683432490852183	0.7706925132076244	0.10010654548585056	97.5214321652348	102.62507854506786	0.0024200887927923733	1.0001062343118763
2.070570978146568	1.908402733891149	0.0683432490852183	0.7706630801782152	0.10010654548585056	97.5214321652348	102.62507854506786	0.0024200887927923733	1.0001062343118763
2.070570978146568	1.908403346923107	0.0683432490852183	0.7706630801782152	0.10010654548585056	97.5214321652348	102.62507854506786	0.0024200887927923733	1.0001062343118763
2.070570978146568	1.908403346923107	0.0683432490852183	0.7706630801782152	0.10010654548585056	97.50900210125633	102.62507854506786	0.0024200887927923733	1.0001062343118763
2.070505174056045	1.908403346923107	0.0683432490852183	0.7706630801782152	0.10010654548585056	97.50900210125633	102.62507854506786	0.0024200887927923733	1.0001062343118763
2.0705464356627803	1.908403346923107	0.0683432490852183	0.7706630801782152	0.10010654548585056	97.50900210125633	102.62507854506786	0.0024200887927923733	1.0001062343118763
2.0705464356627803	1.908403346923107	0.0683432490852183	0.7706630801782152	0.10010654548585056	97.50860465855656	102.62507854506786	0.0024200887927923733	1.0001062343118763
2.0705464356627803	1.908403346923107	0.0683432490852183	0.7706630801782152	0.10011381383036318	97.50860465855656	102.62507854506786	0.0024200887927923733	1.0001062343118763
2.0705464356627803	1.908403346923107	0.0683432490852183	0.7706630801782152	0.10011381383036318	97.50828640713677	102.62507854506786	0.0024200887927923733	1.0001062343118763
2.0705464356627803	1.9083155176699538	0.0683432490852183	0.7706630801782152	0.10011381383036318	97.50828640713677	102.62507854506786	0.0024200887927923733	1.0001062343118763
2.0705464356627803	1.9083155176699538	0.06835043316716115	0.7706630801782152	0.10011381383036318	97.50828640713677	102.62507854506786	0.0024200887927923733	1.0001062343118763
2.0705464356627803	1.9083155176699538	0.06835043316716115	0.7706630801782152	0.10011381383036318	97.50828640713677	102.62441681767594	0.0024200887927923733	1.0001062343118763
2.0705464356627803	1.9083155176699538	0.06835043316716115	0.7706630801782152	0.10011381383036318	97.50828640713677	102.70596062494062	0.0024200887927923733	1.0001062343118763
2.0705464356627803	1.9083155176699538	0.06835043316716115	0.7706387769351485	0.10011381383036318	97.50828640713677	102.70596062494062	0.0024200887927923733	1.0001062343118763
2.0705464356627803	1.9083155176699538	0.06835043316716115	0.7706387769351485	0.10011381383036318	97.50828640713677	102.70596062494062	0.0024200887927923733	1.0001062343118763
2.0705464356627803	1.9083155176699538	0.06835043316716115	0.7706387769351485	0.10011381383036318	97.50827045133316	102.70596062494062	0.0024200887927923733	1.0001062343118763
2.0705464356627803	1.9083155176699538	0.06835043316716115	0.7706387769351485	0.10011381383036318	97.50500451822596	102.70596062494062	0.0024200887927923733	1.0001062343118763
2.07054490775767	1.9083155176699538	0.06835043316716115	0.7706387769351485	0.10011381383036318	97.50500451822596	102.70596062494062	0.0024200887927923733	1.0001062343118763
2.07054490775767	1.9083155176699538	0.06835043316716115	0.7706387769351485	0.10011383243067629	97.50500451822596	102.70596062494062	0.0024200887927923733	1.0001062343118763
2.07054490775767	1.9083155176699538	0.06835043316716115	0.7706387769351485	0.10011383243067629	97.50500451822596	102.70596062494062	0.0024212232265006886	1.0001062343118763
2.07054490775767	1.9083155176699538	0.06835043316716115	0.7706387769351485	0.10011383243067629	97.50500451822596	102.70596062494062	0.0024212232265006886	1.0001062343118763
2.07054490775767	1.9083155176699538	0.06835043316716115	0.7706387769351485	0.10011383243067629	97.50500451822596	102.70596062494062	0.002404057929454082	1.0001062343118763
2.07054490775767	1.9083155176699538	0.06835043316716115	0.7706387769351485	0.10011383243067629	97.50500451822596	102.70596062494062	0.002404057929454082	1.0001062343118763
2.07054490775767	1.9083155176699538	0.06835043316716115	0.7706387769351485	0.10011383243067629	97.50500451822596	102.70596062494062	0.002404057929454082	1.0001062343118763
2.07054490775767	1.9083155176699538	0.06835043316716115	0.7706387769351485	0.10011383243067629	97.50500451822596	102.70596062494062	0.002404057929454082	1.0001062343118763
2.07054490775767	1.9083155176699538	0.06835043316716115	0.7706387769351485	0.10011383243067629	97.50500451822596	102.70596062494062	0.002404057929454082	1.0001062926454884
2.07054490775767	1.9083155176699538	0.06835043316716115	0.7706387769351485	0.10011383243067629	97.50500451822596	102.70596062494062	0.002404057929454082	1.0001029218382294
2.07054490775767	1.9084505757069967	0.06835043316716115	0.7706387769351485	0.10011383243067629	97.50500451822596	102.70596062494062	0.002404057929454082	1.0001029218382294
2.07054490775767	1.9084505757069967	0.06835043316716115	0.7706387769351485	0.10011383243067629	97.50500451822596	102.70596062494062	0.002404057929454082	1.0001029218382294
2.07054490775767	1.9084505757069967	0.06835043316716115	0.7706387769351485	0.10011383243067629	97.50500451822596	102.70596062494062	0.002404057929454082	1.0001029218382294
2.07054490775767	1.9084505757069967	0.06835043316716115	0.7706387769351485	0.10011383243067629	97.50500451822596	102.70596062494062	0.002404057929454082	1.0001029218382294
2.07054490775767	1.9084505757069967	0.06835043316716115	0.7706387769351485	0.10011383243067629	97.50500451822596	102.70596062494062	0.002404057929454082	1.0001029218382294
2.07054490775767	1.9084505757069967	0.06835043316716115	0.7706387769351485	0.10011383243067629	97.50500451822596	102.70596062494062	0.002401948968614434	1.0001029218382294
2.07054490775767	1.9084505757069967	0.06835043316716115	0.7706387769351485	0.10011383243067629	97.50500451822596	102.70596062494062	0.002401948968614434	1.0001029218382294
2.07054490775767	1.9084505757069967	0.06835043316716115	0.7706387769351485	0.10011383243067629	97.50500451822596	102.70596062494062	0.002401948968614434	1.0001029218382294
2.07054490775767	1.9081156164994875	0.06835043316716115	0.7706387769351485	0.10011383243067629	97.50500451822596	102.70596062494062	0.002401948968614434	1.0001029218382294
2.07054490775767	1.9081156164994875	0.06831377810943062	0.7706387769351485	0.10011383243067629	97.50500451822596	102.70596062494062	0.002401948968614434	1.0001029218382294
2.07054490775767	1.9081156164994875	0.06831377810943062	0.7706387769351485	0.10011383243067629	97.50500451822596	102.70596062494062	0.002401948968614434	1.0000958141109768
2.07054490775767	1.9099852542926936	0.06831377810943062	0.7706387769351485	0.10011383243067629	97.50500451822596	102.70596062494062	0.002401948968614434	1.0000958141109768
2.07054490775767	1.9099852542926936	0.06831377810943062	0.7706387769351485	0.10011383243067629	97.50500451822596	102.70596062494062	0.0024019637951973893	1.0000958141109768
2.07054490775767	1.9099852542926936	0.06831377810943062	0.7706387769351485	0.10011383243067629	97.50500451822596	102.70596062494062	0.0024019637951973893	1.0000958141109768
2.07054490775767	1.9099852542926936	0.06831377810943062	0.7706387769351485	0.10011383243067629	97.50500451822596	102.70596062494062	0.0024019637951973893	1.0000958141109768
2.07054490775767	1.9099852542926936	0.06831377810943062	0.7706387769351485	0.10011383243067629	97.50524573801731	102.70596062494062	0.0024019637951973893	1.0000958141109768
2.07054490775767	1.9099852542926936	0.06831377810943062	0.7706387769351485	0.10011383243067629	97.50524573801731	102.70596062494062	0.0024028162321900652	1.0000958141109768
2.07054490775767	1.9099852542926936	0.06831377810943062	0.7706387769351485	0.10011383243067629	97.50524573801731	102.70596062494062	0.0024032663062955265	1.0000958141109768
2.07054490775767	1.9099852542926936	0.06831377810943062	0.7706387769351485	0.10011383243067629	97.50524573801731	102.70596062494062	0.0024032663062955265	1.0000958141109768
2.07054490775767	1.9099852542926936	0.06831377810943062	0.7706387769351485	0.10011383243067629	97.50524573801731	102.70596062494062	0.0024032263223748135	1.0000958141109768
2.07054490775767	1.9099852542926936	0.06831377810943062	0.7706387769351485	0.10011383243067629	97.50524573801731	102.70596062494062	0.0024032263223748135	1.0000958141109768
2.07054490775767	1.9099852542926936	0.06831377810943062	0.7706387769351485	0.10011383243067629	97.50524573801731	102.70596062494062	0.0024032263223748135	1.0000958141109768
2.07054490775767	1.9099852542926936	0.06831377810943062	0.7706387769351485	0.10011383243067629	97.50524573801731	102.70596062494062	0.0024032263223748135	1.0000958141109768
2.07054490775767	1.9099852542926936	0.06831377810943062	0.7706387769351485	0.10011383243067629	97.50524573801731	102.70596062494062	0.0024032263223748135	1.0000958141109768
2.07054490775767	1.9099852542926936	0.06831377810943062	0.7706387769351485	0.10011381259201722	97.50524573801731	102.70596062494062	0.0024032263223748135	1.0000958141109768
2.07054490775767	1.9099852542926936	0.06831377810943062	0.7706387769351485	0.10011381259201722	97.50524573801731	102.70596062494062	0.0024032263223748135	1.0000958141109768
2.07054490775767	1.9099852542926936	0.06831377810943062	0.7706387769351485	0.10019260675840501	97.50524573801731	102.70596062494062	0.0024032263223748135	1.0000958141109768
2.07054490775767	1.9099852542926936	0.06831377810943062	0.7706387769351485	0.10019262381713476	97.50524573801731	102.70596062494062	0.0024032263223748135	1.0000958141109768
2.07054490775767	1.9099852542926936	0.06831377810943062	0.7706387769351485	0.10019262381713476	97.50524573801731	102.70596062494062	0.0026646457820694055	1.0000958141109768
2.07054490775767	1.9099852542926936	0.06831377810943062	0.7706387769351485	0.10019262381713476	97.50524573801731	102.70596062494062	0.0026646457820694055	1.0000955407116883
2.07054490775767	1.9099852542926936	0.06831377810943062	0.7706387769351485	0.10019262381713476	97.50524573801731	102.70596062494062	0.0026646457820694055	1.0000955407116883
2.07054490775767	1.9099852542926936	0.06831377810943062	0.7706387769351485	0.10005328448188862	97.50524573801731	102.70596062494062	0.0026646457820694055	1.0000955407116883
2.07054490775767	1.9099852542926936	0.06831377810943062	0.7706387769351485	0.10004819352127764	97.50524573801731	102.70596062494062	0.0026646457820694055	1.0000955407116883
2.07054490775767	1.9099852542926936	0.06831377810943062	0.7706387769351485	0.10004819352127764	97.50524573801731	102.70596062494062	0.0026646457820694055	1.0000955407116883
2.07054490775767	1.9099852542926936	0.06831377810943062	0.7706387769351485	0.10004819352127764	97.50524573801731	102.70596062494062	0.0026646457820694055	1.0000955407116883
2.07054490775767	1.9099852542926936	0.06803984625582174	0.7706387769351485	0.10004819352127764	97.50524573801731	102.70596062494062	0.0026646457820694055	1.0000955407116883
2.07054490775767	1.9099852542926936	0.06803984625582174	0.7706387769351485	0.10004819352127764	97.50524573801731	103.24387217496896	0.0026646457820694055	1.0000955407116883
2.07054490775767	1.9099852542926936	0.06803984625582174	0.7706387769351485	0.10004819352127764	97.50524573801731	103.24387217496896	0.0026646457820694055	1.0000947940956135
2.07054490775767	1.9099852542926936	0.06803984625582174	0.7706387769351485	0.10004819352127764	97.50524573801731	103.24387217496896	0.0026646457820694055	1.0000947940956135
2.07054490775767	1.9099852542926936	0.06803984625582174	0.7706387769351485	0.10004819299747755	97.50524573801731	103.24387217496896	0.0026646457820694055	1.0000947940956135
2.07054490775767	1.9099852542926936	0.06803984625582174	0.7706387769351485	0.10004819299747755	97.50524573801731	103.24387217496896	0.0026646457820694055	1.0000947940956135
2.07054490775767	1.9099852542926936	0.06803984625582174	0.7706387769351485	0.10004819299747755	97.50524573801731	105.10501555514999	0.0026646457820694055	1.0000947940956135
2.07054490775767	1.9099852542926936	0.06803984625582174	0.7706387769351485	0.10004819299747755	97.50524573801731	105.10501555514999	0.002631812893951642	1.0000947940956135
2.07054490775767	1.9099852542926936	0.06803984625582174	0.7706387769351485	0.10004819299747755	97.50524573801731	105.10501555514999	0.002631849063279246	1.0000947940956135
2.07054490775767	1.9099852542926936	0.06803984625582174	0.7706387769351485	0.10004819299747755	97.50524573801731	105.10520796551793	0.002631849063279246	1.0000947940956135
2.07054490775767	1.9099852542926936	0.06803984625582174	0.7706387769351485	0.10004819299747755	97.50524573801731	105.10520796551793	0.002631849063279246	1.0000947940956135
2.07054490775767	1.9099852542926936	0.06803984625582174	0.7706387769351485	0.10004819299747755	97.50524573801731	105.10520796551793	0.002631849063279246	1.0000947940956135
2.07054490775767	1.9099852542926936	0.06803984625582174	0.7706387769351485	0.10004819299747755	97.50524573801731	105.1048079051247	0.002631849063279246	1.0000947940956135
2.07054490775767	1.9099852542926936	0.06803984625582174	0.7706387769351485	0.10004819299747755	97.50524573801731	105.1048079051247	0.0024502631983972195	1.0000947940956135
2.07054490775767	1.9099852542926936	0.06803984625582174	0.7706387769351485	0.10004819299747755	97.50524573801731	105.1048079051247	0.0024502631983972195	1.0000947940956135
2.0704835455121384	1.9099852542926936	0.06803984625582174	0.7706387769351485	0.10004819299747755	97.50524573801731	105.1048079051247	0.0024502631983972195	1.0000947940956135
2.0704835455121384	1.9099852542926936	0.06803984625582174	0.7706387769351485	0.10004819299747755	97.50524573801731	105.1048079051247	0.0024502631983972195	1.0000947940956135
2.0704835455121384	1.9099852542926936	0.06803984625582174	0.7706387769351485	0.10004819299747755	97.50524573801731	105.1048079051247	0.0024502631983972195	1.0000947940956135
2.0704835455121384	1.9099852542926936	0.06803984625582174	0.7706387769351485	0.09964372443470078	97.50524573801731	105.1048079051247	0.0024502631983972195	1.0000947940956135
2.0704835455121384	1.9099852542926936	0.06803984625582174	0.7706387769351485	0.09964372443470078	97.50524573801731	105.1048079051247	0.0024502631983972195	1.0000953339863246
2.0704835455121384	1.9099852542926936	0.06803984625582174	0.7706387769351485	0.09964372443470078	97.50524573801731	105.1048079051247	0.0024502631983972195	1.0000953339863246
2.0704835455121384	1.9099852542926936	0.06803984625582174	0.7702109918589649	0.09964372443470078	97.50524573801731	105.1048079051247	0.0024502631983972195	1.0000953339863246
2.0704835455121384	1.9099852542926936	0.06803984625582174	0.7702109918589649	0.09964372443470078	97.50524573801731	105.1048079051247	0.0024502631983972195	1.0000953339863246
2.0704835455121384	1.9099852542926936	0.06803984625582174	0.7702109918589649	0.09964372443470078	97.50524573801731	105.1048079051247	0.0024502631983972195	1.0000953339863246
2.0704835455121384	1.9099852542926936	0.06803984625582174	0.7702109918589649	0.09964372443470078	97.50524573801731	105.1048079051247	0.0024502631983972195	1.0000953339863246
2.0704835455121384	1.91044363168131	0.06803984625582174	0.7702109918589649	0.09964372443470078	97.50524573801731	105.1048079051247	0.0024502631983972195	1.0000953339863246
2.0704835455121384	1.91044363168131	0.06803984625582174	0.7702109918589649	0.09964372443470078	97.50524573801731	105.1048079051247	0.0024502631983972195	1.0000953339863246
2.0704835455121384	1.910382475579056	0.06803984625582174	0.7702109918589649	0.09964372443470078	97.50524573801731	105.1048079051247	0.0024502631983972195	1.0000953339863246
2.0704835455121384	1.910382475579056	0.06803984625582174	0.7702109918589649	0.09964372443470078	97.50524573801731	105.0881427664817	0.0024502631983972195	1.0000953339863246
2.0704835455121384	1.910382475579056	0.06803984625582174	0.7702109918589649	0.09964372443470078	97.50524573801731	105.0881427664817	0.0024502631983972195	1.0000953339863246
2.0704835455121384	1.910382475579056	0.06803984625582174	0.7702109918589649	0.09966072241315659	97.50524573801731	105.0881427664817	0.0024502631983972195	1.0000953339863246
2.0704835455121384	1.910382475579056	0.06803984625582174	0.7702109918589649	0.09966072241315659	97.50524573801731	105.0881427664817	0.0024502631983972195	1.0000953339863246
2.0704835455121384	1.910382475579056	0.06803984625582174	0.7702109918589649	0.09965463005432924	97.50524573801731	105.0881427664817	0.0024502631983972195	1.0000953339863246
2.0704835455121384	1.9111407178718955	0.06803984625582174	0.7702109918589649	0.09965463005432924	97.50524573801731	105.0881427664817	0.0024502631983972195	1.0000953339863246
2.0704835455121384	1.9111407178718955	0.06803984625582174	0.7702109918589649	0.09965463005432924	97.50524573801731	105.0881427664817	0.0024502631983972195	1.0000953339863246
2.0704835455121384	1.9111407178718955	0.06803984625582174	0.7702109918589649	0.09965463005432924	97.50524573801731	105.08801143958476	0.0024502631983972195	1.0000953339863246
2.0704835455121384	1.9111407178718955	0.06803984625582174	0.7702109918589649	0.09965546421390663	97.50524573801731	105.08801143958476	0.0024502631983972195	1.0000953339863246
2.070719603367583	1.9111407178718955	0.06803984625582174	0.7702109918589649	0.09965546421390663	97.50524573801731	105.08801143958476	0.0024502631983972195	1.0000953339863246
2.070719603367583	1.9111407178718955	0.06803984625582174	0.7702109918589649	0.09965546421390663	97.50524573801731	105.08801143958476	0.0024502631983972195	1.0000953339863246
2.070719603367583	1.9111407178718955	0.06803038771123057	0.7702109918589649	0.09965546421390663	97.50524573801731	105.08801143958476	0.0024502631983972195	1.0000953339863246
2.070719603367583	1.9111407178718955	0.06803038771123057	0.7702109918589649	0.09965546421390663	97.50524573801731	105.08801143958476	0.0024502631983972195	1.0000953339863246
2.070719603367583	1.9111407178718955	0.06803038771123057	0.7702109918589649	0.09965546421390663	97.50524573801731	105.08801143958476	0.0024502631983972195	1.0000953339863246
2.0707154252031335	1.9111407178718955	0.06803038771123057	0.7702109918589649	0.09965546421390663	97.50524573801731	105.08801143958476	0.0024502631983972195	1.0000953339863246
2.0707154252031335	1.9111407178718955	0.06803038771123057	0.7702109918589649	0.09965546421390663	97.50524573801731	105.08801143958476	0.0024502631983972195	1.0000953339863246
2.0707154252031335	1.9111407178718955	0.06803038771123057	0.7702109918589649	0.09965546421390663	97.50524573801731	104.89566285883946	0.0024502631983972195	1.0000953339863246
2.0707154252031335	1.9111407178718955	0.06803038771123057	0.7702109918589649	0.09965546421390663	97.50524573801731	104.89566285883946	0.0024502631983972195	1.0000953339863246
2.070686388990919	1.9111407178718955	0.06803038771123057	0.7702109918589649	0.09965546421390663	97.50524573801731	104.89566285883946	0.0024502631983972195	1.0000953339863246
2.070694803969479	1.9111407178718955	0.06803038771123057	0.7702109918589649	0.09965546421390663	97.50524573801731	104.89566285883946	0.0024502631983972195	1.0000953339863246
2.070694803969479	1.9111407178718955	0.06803038771123057	0.7702109918589649	0.09965546421390663	97.50524573801731	104.89566285883946	0.0024502631983972195	1.0000953339863246
2.070694803969479	1.9111407178718955	0.06803038771123057	0.7702109918589649	0.09965630712388643	97.50524573801731	104.89566285883946	0.0024502631983972195	1.0000953339863246
2.070694803969479	1.9111407178718955	0.06803038771123057	0.7702109918589649	0.09965630712388643	97.50524573801731	104.89566285883946	0.0024502631983972195	1.0000953339863246
2.070694803969479	1.9111407178718955	0.06803038771123057	0.7701391065982615	0.09965630712388643	97.50524573801731	104.89566285883946	0.0024502631983972195	1.0000953339863246
2.070694803969479	1.9111407178718955	0.06803038771123057	0.7701391065982615	0.09965630712388643	97.50524573801731	104.89566285883946	0.0024502631983972195	1.0000953339863246
2.070694803969479	1.9111407178718955	0.06803038771123057	0.7701391065982615	0.09965630712388643	97.50524573801731	104.89566285883946	0.0024502631983972195	1.0000953339863246
2.070694803969479	1.9111407178718955	0.06803038771123057	0.7701391065982615	0.09965630712388643	97.50524573801731	104.89566285883946	0.0024503239740766678	1.0000953339863246
2.0706647205571227	1.9111407178718955	0.06803038771123057	0.7701391065982615	0.09965630712388643	97.50524573801731	104.89566285883946	0.0024503239740766678	1.0000953339863246
2.0706647205571227	1.9111407178718955	0.06803038771123057	0.7701391065982615	0.09965630712388643	97.50524573801731	104.89566285883946	0.0024503239740766678	1.0000953339863246
2.0706647205571227	1.9111407178718955	0.06803038771123057	0.7701391065982615	0.09965630712388643	97.50524573801731	104.89566285883946	0.0024503239740766678	1.0000953339863246
2.0706647205571227	1.9111407178718955	0.06803038771123057	0.7701391065982615	0.09965630712388643	97.50524573801731	104.89566285883946	0.0024503239740766678	1.0000953339863246
2.0706647205571227	1.9110852226543307	0.06803038771123057	0.7701391065982615	0.09965630712388643	97.50524573801731	104.89566285883946	0.0024503239740766678	1.0000953339863246
2.0706647205571227	1.9110852226543307	0.06803038771123057	0.7701391065982615	0.09965630712388643	97.50524573801731	104.89566285883946	0.0024503239740766678	1.0000953339863246
2.0706647205571227	1.9110852226543307	0.06803038771123057	0.7701391065982615	0.09965630712388643	97.50524573801731	104.89566285883946	0.0024503239740766678	1.0000953339863246
2.0706647205571227	1.9110852226543307	0.06803038771123057	0.7701391065982615	0.09965630712388643	97.50524573801731	104.89566285883946	0.0024503239740766678	1.0000953339863246
2.0706647205571227	1.9110852226543307	0.06803038771123057	0.7701391065982615	0.09965630712388643	97.50524573801731	105.1252371945299	0.0024503239740766678	1.0000953339863246
2.0706647205571227	1.9110852226543307	0.06803038771123057	0.7701920478175185	0.09965630712388643	97.50524573801731	105.1252371945299	0.0024503239740766678	1.0000953339863246
2.070663641287479	1.9110852226543307	0.06803038771123057	0.7701920478175185	0.09965630712388643	97.50524573801731	105.1252371945299	0.0024503239740766678	1.0000953339863246
2.070663641287479	1.9110852226543307	0.06803038771123057	0.7701920478175185	0.09965630712388643	97.50524573801731	105.1252371945299	0.0024503239740766678	1.0000953339863246
2.070663641287479	1.9110852226543307	0.06803038771123057	0.7701920478175185	0.09965630712388643	97.50524573801731	105.1252371945299	0.0024503239740766678	1.0000886174601884
2.070663641287479	1.9110852226543307	0.06803038771123057	0.7701920478175185	0.09965630712388643	97.50524573801731	105.1252371945299	0.0024503239740766678	1.0000886174601884
2.070663641287479	1.9110852226543307	0.06803038771123057	0.7701920478175185	0.09965630712388643	97.50524573801731	105.1252371945299	0.0024503239740766678	1.0000886174601884
2.070663641287479	1.9110852226543307	0.06803038771123057	0.7701920478175185	0.09965630712388643	97.50524573801731	105.1252371945299	0.0024503239740766678	1.0000886174601884
2.070663641287479	1.9110852226543307	0.06803038771123057	0.7701920478175185	0.09965630712388643	97.50524573801731	105.1252371945299	0.0024503239740766678	1.0000886174601884
2.070664735660932	1.9110852226543307	0.06803038771123057	0.7701920478175185	0.09965630712388643	97.50524573801731	105.1252371945299	0.0024503239740766678	1.0000886174601884
2.070664735660932	1.9110852226543307	0.06803038771123057	0.7701920478175185	0.09965630712388643	97.50524573801731	105.1252968324382	0.0024503239740766678	1.0000886174601884
2.070664735660932	1.9111214737848097	0.06803038771123057	0.7701920478175185	0.09965630712388643	97.50524573801731	105.1252968324382	0.0024503239740766678	1.0000886174601884
2.070664735660932	1.911120730109915	0.06803038771123057	0.7701920478175185	0.09965630712388643	97.50524573801731	105.1252968324382	0.0024503239740766678	1.0000886174601884
2.070664735660932	1.911120730109915	0.06803038771123057	0.7701920478175185	0.09965630712388643	97.50524573801731	105.1252968324382	0.0024503239740766678	1.0000885002562034
2.070664735660932	1.911120730109915	0.06803038771123057	0.7701920478175185	0.09965630712388643	97.50524573801731	105.1252968324382	0.0024503239740766678	1.0000885002562034
2.070667488712348	1.911120730109915	0.06803038771123057	0.7701920478175185	0.09965630712388643	97.50524573801731	105.1252968324382	0.0024503239740766678	1.0000885002562034
2.070667488712348	1.911120730109915	0.06803038771123057	0.7701920478175185	0.09965630712388643	97.50524573801731	105.1252968324382	0.0024499741528571798	1.0000885002562034
2.070667488712348	1.911120730109915	0.06803038771123057	0.7701920478175185	0.09965630712388643	97.50524573801731	105.1252968324382	0.0024499741528571798	1.0000885002562034
2.070667488712348	1.911120730109915	0.06803038771123057	0.7701920478175185	0.09965630712388643	97.50524573801731	105.1252968324382	0.0024499741528571798	1.0000886114206264
2.070667488712348	1.911120730109915	0.06803038771123057	0.7701920478175185	0.09965630712388643	97.50524573801731	100.10252589124059	0.0024499741528571798	1.0000886114206264
2.070667488712348	1.911120730109915	0.06803038771123057	0.7701920478175185	0.09965630712388643	97.50524573801731	100.10252589124059	0.0024499741528571798	1.000090470414134
2.070667488712348	1.911120730109915	0.06803038771123057	0.7701920478175185	0.09965630712388643	97.50524573801731	100.10252589124059	0.002450043038066961	1.000090470414134
2.070667488712348	1.911120730109915	0.06803038771123057	0.7701920478175185	0.09965630712388643	97.50524573801731	100.10252589124059	0.002450043038066961	1.000090470414134
2.070667488712348	1.911120730109915	0.06803038771123057	0.7701920478175185	0.09965630712388643	97.50524573801731	100.10252589124059	0.002450043038066961	1.000090470414134
2.070667488712348	1.911120730109915	0.06803038771123057	0.7701920478175185	0.09965630712388643	97.50524573801731	100.10252589124059	0.0024500260197491074	1.000090470414134
2.070667488712348	1.911120730109915	0.06803038771123057	0.7701920478175185	0.09965630712388643	97.50524573801731	100.08687907433436	0.0024500260197491074	1.000090470414134
2.070667488712348	1.911120730109915	0.06803038771123057	0.7701920478175185	0.09965630712388643	97.50524573801731	100.08687907433436	0.0024500260197491074	1.000090470414134
2.070667488712348	1.9110002250974552	0.06803038771123057	0.7701920478175185	0.09965630712388643	97.50524573801731	100.08687907433436	0.0024500260197491074	1.000090470414134
2.070667488712348	1.9110002250974552	0.06803038771123057	0.7701920478175185	0.09965630712388643	97.50524573801731	100.08687907433436	0.0024500260197491074	1.000090470414134
2.070667488712348	1.9110002250974552	0.06803038771123057	0.7701920478175185	0.09965630712388643	97.50524573801731	100.08687907433436	0.0024500260197491074	1.000090470414134
2.070667488712348	1.9110002250974552	0.06803038771123057	0.7701920478175185	0.09965630712388643	97.50524573801731	100.08687907433436	0.0024500260197491074	1.000090470414134
2.070667488712348	1.9110002250974552	0.06803038771123057	0.7701920478175185	0.09965630712388643	97.50524573801731	100.08687907433436	0.0024500260197491074	1.000090470414134
2.070667488712348	1.9110002250974552	0.06803038771123057	0.7701920478175185	0.09965630712388643	97.50524573801731	100.08687907433436	0.0022707984215394237	1.000090470414134
2.070667488712348	1.9110002250974552	0.06803038771123057	0.7701920478175185	0.09965630712388643	97.50524573801731	100.08687907433436	0.0022707984215394237	1.000090470414134
2.070667488712348	1.9110002250974552	0.06803038771123057	0.7701920478175185	0.09965630712388643	97.50524573801731	100.08687907433436	0.0022710378400523914	1.000090470414134
2.070667488712348	1.9110002250974552	0.06803038771123057	0.7701920478175185	0.09965630712388643	97.50524573801731	100.08687907433436	0.0022710378400523914	1.000090470414134
2.070667488712348	1.9110002250974552	0.06803038771123057	0.7701920478175185	0.09965630712388643	97.50524573801731	100.09515394992954	0.0022710378400523914	1.000090470414134
2.070667748661349	1.9110002250974552	0.06803038771123057	0.7701920478175185	0.09965630712388643	97.50524573801731	100.09515394992954	0.0022710378400523914	1.000090470414134
2.070667748661349	1.9110002250974552	0.06803038771123057	0.7701920478175185	0.09965630712388643	97.50524573801731	100.09515394992954	0.0022710378400523914	1.000090470414134
2.070667748661349	1.9087936680936621	0.06803038771123057	0.7701920478175185	0.09965630712388643	97.50524573801731	100.09515394992954	0.0022710378400523914	1.000090470414134
2.070667748661349	1.9087936680936621	0.06803385968132043	0.7701920478175185	0.09965630712388643	97.50524573801731	100.09515394992954	0.0022710378400523914	1.000090470414134
2.070667748661349	1.9087936680936621	0.06803385968132043	0.7701920478175185	0.09965630712388643	97.50524573801731	100.09515394992954	0.0022710378400523914	1.000090470414134
2.0706563043380535	1.9087936680936621	0.06803385968132043	0.7701920478175185	0.09965630712388643	97.50524573801731	100.09515394992954	0.0022710378400523914	1.000090470414134
2.0702460358179757	1.9087936680936621	0.06803385968132043	0.7701920478175185	0.09965630712388643	97.50524573801731	100.09515394992954	0.0022710378400523914	1.000090470414134
2.0702460358179757	1.909096337551457	0.06803385968132043	0.7701920478175185	0.09965630712388643	97.50524573801731	100.09515394992954	0.0022710378400523914	1.000090470414134
2.0702460358179757	1.909096021888516	0.06803385968132043	0.7701920478175185	0.09965630712388643	97.50524573801731	100.09515394992954	0.0022710378400523914	1.000090470414134
2.0702460358179757	1.909096021888516	0.06803385968132043	0.7701920478175185	0.09965630712388643	97.50524573801731	100.09515394992954	0.0022710378400523914	1.000090470414134
2.0702460358179757	1.909096021888516	0.06803385968132043	0.7701920478175185	0.09965630712388643	97.50524573801731	100.09515394992954	0.0022710378400523914	1.000090470414134
2.0703673579795097	1.909096021888516	0.06803385968132043	0.7701920478175185	0.09965630712388643	97.50524573801731	100.09515394992954	0.0022710378400523914	1.000090470414134
2.0703673579795097	1.909096021888516	0.06803385968132043	0.7701920478175185	0.09965630712388643	97.50524573801731	100.09515394992954	0.0022710378400523914	1.000090470414134
2.0703673579795097	1.909096021888516	0.06803385968132043	0.7701920478175185	0.09964261568098837	97.50524573801731	100.09515394992954	0.0022710378400523914	1.000090470414134
2.0703673579795097	1.909096021888516	0.06803385968132043	0.7701920478175185	0.09964261568098837	97.50524573801731	107.59113830735207	0.0022710378400523914	1.000090470414134
2.0703673579795097	1.9077286868495826	0.06803385968132043	0.7701920478175185	0.09964261568098837	97.50524573801731	107.59113830735207	0.0022710378400523914	1.000090470414134
2.0703673579795097	1.9077286868495826	0.06803385968132043	0.7701920478175185	0.09964261568098837	97.50524573801731	107.59113830735207	0.0022710378400523914	1.000090470414134
2.0703673579795097	1.9077286868495826	0.06803385968132043	0.7701920478175185	0.09964261568098837	97.50524573801731	107.59113830735207	0.0022710378400523914	1.000090470414134
2.0703673579795097	1.9077286868495826	0.06803385968132043	0.7701920478175185	0.09964261568098837	97.50524573801731	107.59113830735207	0.0022710378400523914	1.000090470414134
2.0703673579795097	1.9077286868495826	0.06803385968132043	0.7701920478175185	0.09964261568098837	97.50524573801731	107.59113830735207	0.0022710378400523914	1.000090470414134
2.0703673579795097	1.9077286868495826	0.06803385968132043	0.7701920478175185	0.09964262739821636	97.50524573801731	107.59113830735207	0.0022710378400523914	1.000090470414134
2.0703673579795097	1.9077286868495826	0.068010071065518	0.7701920478175185	0.09964262739821636	97.50524573801731	107.59113830735207	0.0022710378400523914	1.000090470414134
2.0703673579795097	1.9077286868495826	0.068010071065518	0.7701920478175185	0.09964262739821636	97.50524573801731	107.59113830735207	0.0022710378400523914	1.000090470414134
2.0703673579795097	1.9077286868495826	0.068010071065518	0.7701920478175185	0.09964262739821636	97.50524573801731	107.00114798162477	0.0022710378400523914	1.000090470414134
2.0703673579795097	1.9077286868495826	0.068010071065518	0.7701920478175185	0.09964262739821636	97.50524573801731	107.00114798162477	0.0022710378400523914	1.000090470414134
2.0703673579795097	1.9077286868495826	0.068010071065518	0.7701920478175185	0.09964262739821636	97.50524573801731	107.00114798162477	0.0022710378400523914	1.000090470414134
2.0703673579795097	1.9146899221626514	0.068010071065518	0.7701920478175185	0.09964262739821636	97.50524573801731	107.00114798162477	0.0022710378400523914	1.000090470414134
2.0703673579795097	1.9146899221626514	0.068010071065518	0.7701920478175185	0.09964262739821636	97.50581842249387	107.00114798162477	0.0022710378400523914	1.000090470414134
2.0703673579795097	1.9146899221626514	0.068010071065518	0.7701920478175185	0.09964262739821636	97.50598983678863	107.00114798162477	0.0022710378400523914	1.000090470414134
2.0703673579795097	1.9146899221626514	0.068010071065518	0.7701920478175185	0.09964262739821636	97.50598983678863	107.00114798162477	0.0022710378400523914	1.000090470414134
2.0703673579795097	1.9146899221626514	0.068010071065518	0.7701920478175185	0.09964262739821636	97.50598983678863	107.00114798162477	0.0022710378400523914	1.000090470414134
2.0703673579795097	1.9146899221626514	0.068010071065518	0.7701920478175185	0.09964262739821636	97.50598983678863	107.00114798162477	0.0022710378400523914	1.000090470414134
2.0703673579795097	1.9146899221626514	0.068010071065518	0.7701920478175185	0.09964262739821636	97.50598983678863	107.00114798162477	0.0022710378400523914	1.000090470414134
2.0703673579795097	1.9146899221626514	0.068010071065518	0.7701920478175185	0.09964262739821636	97.50582751493374	107.00114798162477	0.0022710378400523914	1.000090470414134
2.0703673579795097	1.9146899221626514	0.068010071065518	0.7701920478175185	0.09964262739821636	97.50582751493374	107.00114798162477	0.0022710378400523914	1.000090470414134
2.0703673579795097	1.9122056956441218	0.068010071065518	0.7701920478175185	0.09964262739821636	97.50582751493374	107.00114798162477	0.0022710378400523914	1.000090470414134
2.0703673579795097	1.9122056956441218	0.068010071065518	0.7701920478175185	0.09964262739821636	97.50582751493374	107.00114798162477	0.0022710378400523914	1.0000905008509056
2.0703673579795097	1.9122056956441218	0.068010071065518	0.7701920478175185	0.09964275634545007	97.50582751493374	107.00114798162477	0.0022710378400523914	1.0000905008509056
2.0703673579795097	1.9122056956441218	0.068010071065518	0.7701920478175185	0.09964275634545007	97.50582751493374	107.00114798162477	0.0022710378400523914	1.0000905008509056
2.0703673579795097	1.9122056956441218	0.068010071065518	0.7701920478175185	0.09964275634545007	97.50582751493374	107.00114798162477	0.0022709756403642045	1.0000905008509056
2.0703673579795097	1.9122056956441218	0.068010071065518	0.7701920478175185	0.09964275634545007	97.50582751493374	107.00114798162477	0.0022709756403642045	1.0000905008509056
2.0703673579795097	1.9122056956441218	0.068010071065518	0.7701843816261619	0.09964275634545007	97.50582751493374	107.00114798162477	0.0022709756403642045	1.0000905008509056
2.0703673579795097	1.9122056956441218	0.06801141548574342	0.7701843816261619	0.09964275634545007	97.50582751493374	107.00114798162477	0.0022709756403642045	1.0000905008509056
2.0703673579795097	1.9122056956441218	0.06801141548574342	0.7701843816261619	0.0996427797164424	97.50582751493374	107.00114798162477	0.0022709756403642045	1.0000905008509056
2.0703673579795097	1.9122056956441218	0.06801297024132415	0.7701843816261619	0.0996427797164424	97.50582751493374	107.00114798162477	0.0022709756403642045	1.0000905008509056
2.0703673579795097	1.9122056956441218	0.06801297024132415	0.7701843816261619	0.0996427797164424	97.4964015695306	107.00114798162477	0.0022709756403642045	1.0000905008509056
2.0703673579795097	1.9122056956441218	0.06801297024132415	0.7701843816261619	0.0996427797164424	97.4964015695306	107.00114798162477	0.0022709756403642045	1.0000905008509056
2.0703673579795097	1.9122056956441218	0.06801297024132415	0.7701843816261619	0.0996427797164424	97.4964015695306	107.00114798162477	0.0022709756403642045	1.0000905008509056
2.0703673579795097	1.9122056956441218	0.06801297024132415	0.7701843816261619	0.0996427797164424	97.4964015695306	107.00906463565035	0.0022709756403642045	1.0000905008509056
2.0703673579795097	1.9122056956441218	0.06801297024132415	0.7701843816261619	0.09964267933880418	97.4964015695306	107.00906463565035	0.0022709756403642045	1.0000905008509056
2.0703673579795097	1.9122056956441218	0.06801297024132415	0.7701843816261619	0.09964267933880418	97.4964015695306	107.00906463565035	0.0022709756403642045	1.0000905008509056
2.0703673579795097	1.9122056956441218	0.06801297024132415	0.7701843816261619	0.09964267933880418	97.4964015695306	107.00906463565035	0.0022709756403642045	1.0000905008509056
2.0703673579795097	1.9122056956441218	0.06801297024132415	0.7701843816261619	0.09964267933880418	97.4964015695306	107.00906463565035	0.0022709756403642045	1.0000905008509056
2.0703673579795097	1.9122056956441218	0.06801297024132415	0.7701843816261619	0.09964267933880418	97.4964015695306	107.00906463565035	0.0022709756403642045	1.0000905008509056
2.0703673579795097	1.9122056956441218	0.06801297024132415	0.7701843816261619	0.09964267933880418	97.4964015695306	107.00906463565035	0.0022709756403642045	1.0000905008509056
2.0703673579795097	1.9122056956441218	0.06801297024132415	0.7701843816261619	0.09964267933880418	97.4964015695306	107.00904867304622	0.0022709756403642045	1.0000905008509056
2.0703673579795097	1.9122056956441218	0.06801297024132415	0.7701843816261619	0.09964267933880418	97.4964015695306	107.00958725868551	0.0022709756403642045	1.0000905008509056
2.0703673579795097	1.9122056956441218	0.06801297024132415	0.7701843816261619	0.09964267933880418	97.4964015695306	107.00958725868551	0.0022709756403642045	1.0000905008509056
2.0697524115304633	1.9122056956441218	0.06801297024132415	0.7701843816261619	0.09964267933880418	97.4964015695306	107.00958725868551	0.0022709756403642045	1.0000905008509056
2.0697524115304633	1.9122056956441218	0.06801297024132415	0.7701843816261619	0.09964267933880418	97.4964015695306	107.00958725868551	0.0022709756403642045	1.0000905008509056
2.0697524115304633	1.9122306673372578	0.06801297024132415	0.7701843816261619	0.09964267933880418	97.4964015695306	107.00958725868551	0.0022709756403642045	1.0000905008509056
2.0697524115304633	1.9122306673372578	0.06801297024132415	0.7701843816261619	0.09964267933880418	97.4964015695306	107.00958725868551	0.0022709756403642045	1.0000905008509056
2.0697524115304633	1.9122306673372578	0.06801297024132415	0.7706831476153968	0.09964267933880418	97.4964015695306	107.00958725868551	0.0022709756403642045	1.0000905008509056
2.0697524115304633	1.9122306673372578	0.06801297024132415	0.7706831476153968	0.09964267933880418	97.4964015695306	107.00958725868551	0.0022709756403642045	1.0000905008509056
2.0697524115304633	1.9122311856943777	0.06801297024132415	0.7706831476153968	0.09964267933880418	97.4964015695306	107.00958725868551	0.0022709756403642045	1.0000905008509056
2.0697524115304633	1.9122311856943777	0.06801297024132415	0.7706831476153968	0.09964267933880418	97.49855747396698	107.00958725868551	0.0022709756403642045	1.0000905008509056
2.0697524115304633	1.9122311856943777	0.06801297024132415	0.7706831476153968	0.09964268924631164	97.49855747396698	107.00958725868551	0.0022709756403642045	1.0000905008509056
2.0697524115304633	1.9122311856943777	0.06801297024132415	0.7706831476153968	0.09964268924631164	97.49855747396698	107.00958725868551	0.0022709756403642045	1.0000905008509056
2.0697524115304633	1.9122311856943777	0.06801297024132415	0.7706831476153968	0.09964268924631164	97.49855747396698	107.00958725868551	0.0022709756403642045	1.0000905008509056
2.0697524115304633	1.9122311856943777	0.06801297024132415	0.7706831476153968	0.09964268924631164	97.50119972173373	107.00958725868551	0.0022709756403642045	1.0000905008509056
2.0697524115304633	1.9122311856943777	0.06801297024132415	0.7706831476153968	0.09964268924631164	97.50119972173373	107.00958725868551	0.0022709756403642045	1.0000905008509056
2.0697524115304633	1.9122311856943777	0.06801297024132415	0.7706831476153968	0.09964268924631164	97.50119972173373	107.00958725868551	0.0022709756403642045	1.0000905008509056
2.0697524115304633	1.9122311856943777	0.06801297024132415	0.7706831476153968	0.09964268924631164	97.50119972173373	107.00958725868551	0.0022709756403642045	1.0000905008509056
2.0697524115304633	1.9122311856943777	0.06818812295061637	0.7706831476153968	0.09964268924631164	97.50119972173373	107.00958725868551	0.0022709756403642045	1.0000905008509056
2.0697524115304633	1.9122311856943777	0.06818812295061637	0.7706831476153968	0.09964268924631164	97.50119972173373	107.00958725868551	0.0022709756403642045	1.0000905008509056
2.0697524115304633	1.9122311856943777	0.06818812295061637	0.7706831476153968	0.09964268924631164	97.50119972173373	107.00958725868551	0.0022709756403642045	1.0000906133956884
2.0697524115304633	1.9122311856943777	0.06818812295061637	0.7706831476153968	0.09964268924631164	97.50119972173373	107.00958725868551	0.002269046464129744	1.0000906133956884
2.0697524115304633	1.9122311856943777	0.06818812295061637	0.7706831476153968	0.09964268924631164	97.50119972173373	107.00958725868551	0.002269046464129744	1.0000906133956884
2.0697524115304633	1.9122311856943777	0.06818812295061637	0.7706831476153968	0.09964268924631164	97.50119972173373	107.00958725868551	0.002268759629538923	1.0000906133956884
2.0697524115304633	1.9122966550695435	0.06818812295061637	0.7706831476153968	0.09964268924631164	97.50119972173373	107.00958725868551	0.002268759629538923	1.0000906133956884
2.0697524115304633	1.9122966550695435	0.06818812295061637	0.7706831476153968	0.09964268924631164	97.50119972173373	107.00958725868551	0.0022685862182841477	1.0000906133956884
2.0697524115304633	1.9122966550695435	0.06818812295061637	0.7711357604726372	0.09964268924631164	97.50119972173373	107.00958725868551	0.0022685862182841477	1.0000906133956884
2.0697524115304633	1.9122966550695435	0.06818812295061637	0.7711357604726372	0.09964268924631164	97.50119972173373	107.00958725868551	0.0022685862182841477	1.0000906133956884
2.0697524115304633	1.9122966550695435	0.06818812295061637	0.7711357604726372	0.09964268924631164	97.48363936718454	107.00958725868551	0.0022685862182841477	1.0000906133956884
2.0697524115304633	1.91229504548467	0.06818812295061637	0.7711357604726372	0.09964268924631164	97.48363936718454	107.00958725868551	0.0022685862182841477	1.0000906133956884
2.0697524115304633	1.91229504548467	0.06818812295061637	0.7711357604726372	0.09964268924631164	97.48363936718454	107.00958725868551	0.0022685862182841477	1.0000906133956884
2.0697524115304633	1.91229504548467	0.06818812295061637	0.7711357604726372	0.09964268924631164	97.48363936718454	107.00958725868551	0.0022685862182841477	1.0000906133956884
2.0697524115304633	1.91229504548467	0.06818812295061637	0.7711357604726372	0.09964268924631164	97.48363936718454	107.00958725868551	0.0022699487257166833	1.0000906133956884
2.0697524115304633	1.91229504548467	0.06818812295061637	0.7711357604726372	0.09964268924631164	97.48363936718454	107.00958725868551	0.0022699487257166833	1.0000906133956884
2.0697524115304633	1.91229504548467	0.06818037019764074	0.7711357604726372	0.09964268924631164	97.48363936718454	107.00958725868551	0.0022699487257166833	1.0000906133956884
2.0697524115304633	1.91229504548467	0.06818037019764074	0.7711357604726372	0.09964268924631164	97.48363936718454	107.00958725868551	0.0022699487257166833	1.0000906133956884
2.0697524115304633	1.91229504548467	0.06818037019764074	0.7711357604726372	0.09954884848764968	97.48363936718454	107.00958725868551	0.0022699487257166833	1.0000906133956884
2.0697524115304633	1.91229504548467	0.06818037019764074	0.7711357604726372	0.09954884848764968	97.48363936718454	107.00958725868551	0.0022699487257166833	1.0000906133956884
2.0697524115304633	1.91229504548467	0.06818037019764074	0.7711357604726372	0.09954884848764968	97.48363936718454	107.00958725868551	0.0022699487257166833	1.0000906133956884
2.0697524115304633	1.91229504548467	0.06818037019764074	0.7711357604726372	0.09954884848764968	97.48363936718454	107.00958725868551	0.0022699487257166833	1.0000906133956884
2.0697524115304633	1.91229504548467	0.06818037019764074	0.7711357604726372	0.09954884848764968	97.48363936718454	107.00958725868551	0.0022699487257166833	1.0000906133956884
2.0697524115304633	1.914004869042619	0.06818037019764074	0.7711357604726372	0.09954884848764968	97.48363936718454	107.00958725868551	0.0022699487257166833	1.0000906133956884
2.0697524115304633	1.914004869042619	0.06818037019764074	0.7711357604726372	0.09954884848764968	97.48363936718454	107.00958725868551	0.0022699487257166833	1.0000906133956884
2.0697524115304633	1.914004869042619	0.06818037019764074	0.7711357604726372	0.09954884848764968	97.48363936718454	107.00958725868551	0.0022699487257166833	1.0000906133956884
2.0697524115304633	1.9140059476942282	0.06818037019764074	0.7711357604726372	0.09954884848764968	97.48363936718454	107.00958725868551	0.0022699487257166833	1.0000906133956884
2.0697524115304633	1.9140059476942282	0.06818037019764074	0.7711357604726372	0.09954884848764968	97.48363936718454	107.08406347346768	0.0022699487257166833	1.0000906133956884
2.0697524115304633	1.9140059476942282	0.06818037019764074	0.7711357604726372	0.09954884848764968	97.48363936718454	107.08406347346768	0.0022699487257166833	1.0000906133956884
2.0697524115304633	1.9140059476942282	0.06818037019764074	0.7711357604726372	0.09954884848764968	97.48363936718454	107.08406347346768	0.0022699487257166833	1.0000906133956884
2.0697524115304633	1.9140059476942282	0.06818037019764074	0.7711357604726372	0.09954884848764968	97.48363936718454	107.08406347346768	0.0022699487257166833	1.0000906133956884
2.0697524115304633	1.9140059476942282	0.06818037019764074	0.7711357604726372	0.09955326771023335	97.48363936718454	107.08406347346768	0.0022699487257166833	1.0000906133956884
2.0697524115304633	1.9140059476942282	0.06818037019764074	0.7711357604726372	0.09955326771023335	97.48363936718454	107.08406347346768	0.0022699487257166833	1.0000932243295992
2.0697524115304633	1.9142376547878064	0.06818037019764074	0.7711357604726372	0.09955326771023335	97.48363936718454	107.08406347346768	0.0022699487257166833	1.0000932243295992
2.0697524115304633	1.9142376547878064	0.06818037019764074	0.7711357604726372	0.09955326771023335	97.48363936718454	107.08406347346768	0.0022699487257166833	1.0000932243295992
2.0697524115304633	1.9142526568436453	0.06818037019764074	0.7711357604726372	0.09955326771023335	97.48363936718454	107.08406347346768	0.0022699487257166833	1.0000932243295992
2.0697524115304633	1.9142526568436453	0.06818037019764074	0.7711357604726372	0.09955326771023335	97.48363936718454	107.08406347346768	0.0022699487257166833	1.0000932243295992
2.0697524115304633	1.9142526568436453	0.06818037019764074	0.7711357604726372	0.09955326771023335	97.48363936718454	107.08406347346768	0.0022706832539565146	1.0000932243295992
2.0697524115304633	1.9142526568436453	0.06818037019764074	0.7711357604726372	0.09956482802315567	97.48363936718454	107.08406347346768	0.0022706832539565146	1.0000932243295992
2.0697524115304633	1.9142526568436453	0.06818037019764074	0.7711357604726372	0.09956482802315567	97.48363936718454	107.08406347346768	0.0022706832539565146	1.0000932243295992
2.0697524115304633	1.9142526568436453	0.06818037019764074	0.7711357604726372	0.09956482802315567	97.48363936718454	107.08406347346768	0.0022706832539565146	1.0000932243295992
2.0697524115304633	1.9142526568436453	0.06818037019764074	0.7711357604726372	0.09956482802315567	97.48363936718454	107.08406347346768	0.0022706832539565146	1.0000932243295992
2.071102647003486	1.9142526568436453	0.06818037019764074	0.7711357604726372	0.09956482802315567	97.48363936718454	107.08406347346768	0.0022706832539565146	1.0000932243295992
2.071102647003486	1.9142594319193167	0.06818037019764074	0.7711357604726372	0.09956482802315567	97.48363936718454	107.08406347346768	0.0022706832539565146	1.0000932243295992
2.071102647003486	1.9142594319193167	0.06818037019764074	0.7711357604726372	0.09956482802315567	97.48363936718454	107.08406347346768	0.0022706832539565146	1.000093699004401
2.071102647003486	1.9142594319193167	0.06818037019764074	0.7711357604726372	0.09956482802315567	97.48363936718454	107.08406347346768	0.0022706832539565146	1.000093699004401
2.071102647003486	1.9142594319193167	0.06818037019764074	0.7711357604726372	0.09956482802315567	97.48363936718454	107.08406347346768	0.0022706832539565146	1.000093699004401
2.071102647003486	1.9142594319193167	0.06818037019764074	0.7711357604726372	0.09956482802315567	97.48363936718454	107.08406347346768	0.0023129669296737374	1.000093699004401
2.071102647003486	1.9142594319193167	0.06818037019764074	0.7711357604726372	0.09956482802315567	97.48363936718454	107.08406347346768	0.0023129669296737374	1.000093699004401
2.071102647003486	1.9142594319193167	0.06818037019764074	0.7711357604726372	0.09956482802315567	97.4689993316967	107.08406347346768	0.0023129669296737374	1.000093699004401
2.071102647003486	1.9142594319193167	0.06818037019764074	0.7711357604726372	0.09956482802315567	97.4689993316967	107.09134005002761	0.0023129669296737374	1.000093699004401
2.071102647003486	1.9142594319193167	0.06818037019764074	0.7711357604726372	0.09956482802315567	97.4689993316967	107.09357569877511	0.0023129669296737374	1.000093699004401
2.071102647003486	1.9142594319193167	0.06818037019764074	0.7711357604726372	0.09956482802315567	97.4689993316967	107.09357569877511	0.0023129669296737374	1.000093699004401
2.071103115107373	1.9142594319193167	0.06818037019764074	0.7711357604726372	0.09956482802315567	97.4689993316967	107.09357569877511	0.0023129669296737374	1.000093699004401
2.071103115107373	1.9142594319193167	0.06818037019764074	0.7711357604726372	0.09956482802315567	97.4689993316967	107.09357569877511	0.0023129669296737374	1.000093699004401
2.071103115107373	1.9142594319193167	0.06818037019764074	0.7710974001841807	0.09956482802315567	97.4689993316967	107.09357569877511	0.0023129669296737374	1.000093699004401
2.071103115107373	1.9142594319193167	0.06818037019764074	0.7710974001841807	0.09956482802315567	97.4689993316967	107.09357569877511	0.0023129669296737374	1.000093699004401
2.071103115107373	1.9142594319193167	0.06818037019764074	0.7710974001841807	0.09956482802315567	97.4689993316967	107.09357569877511	0.0023129669296737374	1.000093699004401
2.071103115107373	1.9142594319193167	0.06818037019764074	0.7710974001841807	0.09956482802315567	97.4689993316967	107.09357569877511	0.0023129669296737374	1.000093699004401
2.071103115107373	1.9142588248255967	0.06818037019764074	0.7710974001841807	0.09956482802315567	97.4689993316967	107.09357569877511	0.0023129669296737374	1.000093699004401
2.071103115107373	1.9142588248255967	0.06818037019764074	0.7710974001841807	0.09956482802315567	97.4689993316967	107.09357569877511	0.0023129669296737374	1.000093699004401
2.071103115107373	1.9142588248255967	0.06818037019764074	0.7710974001841807	0.09956482802315567	97.4689993316967	107.09357569877511	0.0023129669296737374	1.000093699004401
2.071103115107373	1.9142588248255967	0.06818037019764074	0.7710974001841807	0.09956482802315567	97.4689993316967	107.11109241842769	0.0023129669296737374	1.000093699004401
2.071103115107373	1.9142588248255967	0.06818037019764074	0.7710974001841807	0.09956482802315567	97.4689993316967	107.15783914712817	0.0023129669296737374	1.000093699004401
2.0711314508942116	1.9142588248255967	0.06818037019764074	0.7710974001841807	0.09956482802315567	97.4689993316967	107.15783914712817	0.0023129669296737374	1.000093699004401
2.0711314508942116	1.9142588248255967	0.06818037019764074	0.7710974001841807	0.09956482802315567	97.4689993316967	107.15783914712817	0.0023129669296737374	1.000093699004401
2.0711314508942116	1.9142588248255967	0.06818037019764074	0.7710974001841807	0.09956482802315567	97.4689993316967	107.15783914712817	0.0023129669296737374	1.000093448258117
2.0711314508942116	1.9142588248255967	0.06818037019764074	0.7710974001841807	0.09956482802315567	97.4689993316967	107.15783914712817	0.0023129669296737374	1.000093448258117
2.0711314508942116	1.9142588248255967	0.06818037019764074	0.7708775702071948	0.09956482802315567	97.4689993316967	107.15783914712817	0.0023129669296737374	1.000093448258117
2.0711314508942116	1.9142588248255967	0.06818037019764074	0.7708775702071948	0.09956482802315567	97.4689993316967	107.15823055196326	0.0023129669296737374	1.000093448258117
