2.1041781031511535	1.906373577342465	0.06619297537677	0.7575095396436156	0.1003483191899753	97.84752390336348	105.92957064197304	0.00245251088702457	1.0001126026358147
2.1041781031511535	1.906373577342465	0.06619297537677	0.7575095396436156	0.1003483191899753	97.84752390336348	105.92957064197304	0.00245251088702457	1.0001126026358147
2.1041781031511535	1.906373577342465	0.06619297537677	0.7575095396436156	0.1003483191899753	97.84752390336348	105.92957064197304	0.00245251088702457	1.0001095205557877
2.1041781031511535	1.906380414559618	0.06619297537677	0.7575095396436156	0.1003483191899753	97.84752390336348	105.92957064197304	0.00245251088702457	1.0001095205557877
2.1041781031511535	1.906380414559618	0.06619297537677	0.7575095396436156	0.1003483191899753	97.84752390336348	105.92957064197304	0.00245251088702457	1.0001095205557877
2.1041781031511535	1.9063032350303	0.06619297537677	0.7575095396436156	0.1003483191899753	97.84752390336348	105.92957064197304	0.00245251088702457	1.0001095205557877
2.1041781031511535	1.9063032350303	0.06619297537677	0.7575095396436156	0.1003483191899753	97.84752390336348	105.92957064197304	0.00245251088702457	1.0001095205557877
2.1041781031511535	1.9063032350303	0.06619297537677	0.7575095396436156	0.1003483191899753	97.84752390336348	105.92957064197304	0.00245251088702457	1.0001095205557877
2.1041781031511535	1.9063032350303	0.06619297537677	0.7575095396436156	0.1003483191899753	97.84752390336348	105.92957064197304	0.00245251088702457	1.0001095205557877
2.1041781031511535	1.9063053804065935	0.06619297537677	0.7575095396436156	0.1003483191899753	97.84752390336348	105.92957064197304	0.00245251088702457	1.0001095205557877
2.1041781031511535	1.9063053804065935	0.06619297537677	0.7575095396436156	0.1003483191899753	97.84752390336348	105.92957064197304	0.00245251088702457	1.0001095205557877
2.1041781031511535	1.9063053804065935	0.06619297537677	0.7575095396436156	0.1003483191899753	97.84752390336348	105.92957064197304	0.0024493947098009473	1.0001095205557877
2.1041781031511535	1.9063053804065935	0.06619297537677	0.7575095396436156	0.1003483191899753	97.84752390336348	105.92957064197304	0.0024493947098009473	1.0001144180627042
2.1041781031511535	1.9063053804065935	0.06619297537677	0.7575095396436156	0.1003483191899753	97.84752390336348	105.92957064197304	0.0024493947098009473	1.0001144180627042
2.1041781031511535	1.9063053804065935	0.06619297537677	0.7575095396436156	0.10034821340424664	97.84752390336348	105.92957064197304	0.0024493947098009473	1.0001144180627042
2.1041781031511535	1.9063053804065935	0.06619297537677	0.7575095396436156	0.10034821340424664	97.84752390336348	105.92957064197304	0.0024493947098009473	1.0001144180627042
2.107049717585465	1.9063053804065935	0.06619297537677	0.7575095396436156	0.10034821340424664	97.84752390336348	105.92957064197304	0.0024493947098009473	1.0001144180627042
2.107049717585465	1.9063053804065935	0.06619297537677	0.7575095396436156	0.10034821340424664	97.84752390336348	105.92957064197304	0.0024493947098009473	1.0001144180627042
2.107049717585465	1.9063053804065935	0.06619297537677	0.7575095396436156	0.10034821340424664	97.84752390336348	105.92957064197304	0.0024493947098009473	1.0001144180627042
2.107049717585465	1.9063053804065935	0.06619297537677	0.7575095396436156	0.10034821340424664	97.84752390336348	105.92957064197304	0.0024462688080741164	1.0001144180627042
2.107049717585465	1.9063053804065935	0.06619297537677	0.7575095396436156	0.10034821340424664	97.84752390336348	105.92957064197304	0.0024462688080741164	1.0001144180627042
2.107049717585465	1.9063053804065935	0.06630133956714127	0.7575095396436156	0.10034821340424664	97.84752390336348	105.92957064197304	0.0024462688080741164	1.0001144180627042
2.107049717585465	1.9063053804065935	0.06630133956714127	0.7575095396436156	0.10034821340424664	97.84752390336348	105.92957064197304	0.0024462688080741164	1.0001144180627042
2.107049717585465	1.9063053804065935	0.06630133956714127	0.7575095396436156	0.10034821340424664	97.84752390336348	105.92957064197304	0.0024462688080741164	1.000114349802809
2.107049717585465	1.9063053804065935	0.06630133956714127	0.7575095396436156	0.10034821340424664	97.84752390336348	105.92957064197304	0.0024466997382438208	1.000114349802809
2.107049717585465	1.9063053804065935	0.06630133956714127	0.7575095396436156	0.10034821340424664	97.84752390336348	105.92957064197304	0.0024466997382438208	1.000114349802809
2.107049717585465	1.9063053804065935	0.06630133956714127	0.7575095396436156	0.10034808961908859	97.84752390336348	105.92957064197304	0.0024466997382438208	1.000114349802809
2.107049717585465	1.9063053804065935	0.06630133956714127	0.7575095396436156	0.10028268227541408	97.84752390336348	105.92957064197304	0.0024466997382438208	1.000114349802809
2.107049717585465	1.9063053804065935	0.06630133956714127	0.7575095396436156	0.10028268227541408	97.84752390336348	105.92957064197304	0.0024466997382438208	1.000114349802809
2.107049717585465	1.9027228847155455	0.06630133956714127	0.7575095396436156	0.10028268227541408	97.84752390336348	105.92957064197304	0.0024466997382438208	1.000114349802809
2.107049717585465	1.9027228847155455	0.06630133956714127	0.7575095396436156	0.10028268227541408	97.84752390336348	105.92957064197304	0.002445710099566575	1.000114349802809
2.107049717585465	1.9027228847155455	0.06630133956714127	0.7575095396436156	0.10028268227541408	97.84752390336348	105.94341790980289	0.002445710099566575	1.000114349802809
2.107049717585465	1.9027228847155455	0.06630133956714127	0.7575095396436156	0.10028268227541408	97.84752390336348	106.09892454102877	0.002445710099566575	1.000114349802809
2.107049717585465	1.9027228847155455	0.06630133956714127	0.7575095396436156	0.10028268227541408	97.84752390336348	106.09892454102877	0.002445710099566575	1.000114349802809
2.107049717585465	1.9027228847155455	0.06630133956714127	0.7575095396436156	0.10028268227541408	97.84752390336348	106.09884183844778	0.002445710099566575	1.000114349802809
2.107049717585465	1.9027228847155455	0.06630133956714127	0.7575095396436156	0.10028268227541408	97.84752390336348	106.09884183844778	0.002445710099566575	1.000114349802809
2.107049717585465	1.9027228847155455	0.06630271096197997	0.7575095396436156	0.10028268227541408	97.84752390336348	106.09884183844778	0.002445710099566575	1.000114349802809
2.107049717585465	1.9027241962427626	0.06630271096197997	0.7575095396436156	0.10028268227541408	97.84752390336348	106.09884183844778	0.002445710099566575	1.000114349802809
2.107049717585465	1.9027241962427626	0.06630271096197997	0.7575095396436156	0.10028268227541408	97.84752390336348	106.09884183844778	0.002445710099566575	1.000114349802809
2.107049717585465	1.9027241962427626	0.06630271096197997	0.7575095396436156	0.10028268227541408	97.84752390336348	106.09884183844778	0.0024509581232153477	1.000114349802809
2.107049717585465	1.9027241962427626	0.06630271096197997	0.7575095396436156	0.10028268227541408	97.84206558320595	106.09884183844778	0.0024509581232153477	1.000114349802809
2.107049717585465	1.9027241962427626	0.06630271096197997	0.7575095396436156	0.10028268227541408	97.84206558320595	106.02295926579194	0.0024509581232153477	1.000114349802809
2.107049717585465	1.9027241962427626	0.06630271096197997	0.7575095396436156	0.10028268227541408	97.84206558320595	106.02295926579194	0.0024509581232153477	1.000114349802809
2.107049717585465	1.9027241962427626	0.06630271096197997	0.7575095396436156	0.10028268227541408	97.84206558320595	106.02295926579194	0.0024509581232153477	1.000114349802809
2.107049717585465	1.9027241962427626	0.06630271096197997	0.7575095396436156	0.10028268227541408	97.84206558320595	106.02295926579194	0.0024509581232153477	1.000114349802809
2.107049717585465	1.9027241962427626	0.06630271096197997	0.7575095396436156	0.10028268227541408	97.84206558320595	103.21594594966885	0.0024509581232153477	1.000114349802809
2.107049717585465	1.9027241962427626	0.06630271096197997	0.7575095396436156	0.10028268227541408	97.84206558320595	103.21594594966885	0.0024509581232153477	1.000114349802809
2.107049717585465	1.9027241962427626	0.06630271096197997	0.7575095396436156	0.10028268227541408	97.84206558320595	103.21594594966885	0.002467819375396557	1.000114349802809
2.107049717585465	1.9027241962427626	0.06632662921377709	0.7575095396436156	0.10028268227541408	97.84206558320595	103.21594594966885	0.002467819375396557	1.000114349802809
2.107049717585465	1.9027241962427626	0.06632662921377709	0.7575095396436156	0.10028268227541408	97.84206558320595	103.21560079564392	0.002467819375396557	1.000114349802809
2.107049717585465	1.9027241962427626	0.06632662921377709	0.7575095396436156	0.10028268227541408	97.84206558320595	103.21560079564392	0.002467819375396557	1.000114349802809
2.107049717585465	1.9026935942612841	0.06632662921377709	0.7575095396436156	0.10028268227541408	97.84206558320595	103.21560079564392	0.002467819375396557	1.000114349802809
2.107049717585465	1.9026583087390898	0.06632662921377709	0.7575095396436156	0.10028268227541408	97.84206558320595	103.21560079564392	0.002467819375396557	1.000114349802809
2.107049717585465	1.9026583087390898	0.06632662921377709	0.7575095396436156	0.10028794733346762	97.84206558320595	103.21560079564392	0.002467819375396557	1.000114349802809
2.107049717585465	1.9026583087390898	0.06632662921377709	0.7575095396436156	0.10028794733346762	97.84206558320595	103.21560079564392	0.002467819375396557	1.0001116078431478
2.107049717585465	1.9026583087390898	0.06632662921377709	0.7575095396436156	0.10028794733346762	97.84206558320595	103.21560079564392	0.002467819375396557	1.0001116078431478
2.107049717585465	1.9026583087390898	0.0663242429900258	0.7575095396436156	0.10028794733346762	97.84206558320595	103.21560079564392	0.002467819375396557	1.0001116078431478
2.107039112746449	1.9026583087390898	0.0663242429900258	0.7575095396436156	0.10028794733346762	97.84206558320595	103.21560079564392	0.002467819375396557	1.0001116078431478
2.107045077957492	1.9026583087390898	0.0663242429900258	0.7575095396436156	0.10028794733346762	97.84206558320595	103.21560079564392	0.002467819375396557	1.0001116078431478
2.107045077957492	1.9026583087390898	0.0663242429900258	0.7575095396436156	0.10028794733346762	97.84206558320595	103.21560079564392	0.002467819375396557	1.0001116078431478
2.1070579689941016	1.9026583087390898	0.0663242429900258	0.7575095396436156	0.10028794733346762	97.84206558320595	103.21560079564392	0.002467819375396557	1.0001116078431478
2.1070579689941016	1.9026583087390898	0.0663242429900258	0.7575095396436156	0.10028794733346762	97.84206558320595	103.21560079564392	0.002467819375396557	1.0001100537652543
2.1070579689941016	1.9026583087390898	0.0663242429900258	0.7575095396436156	0.10028794733346762	97.83433154609995	103.21560079564392	0.002467819375396557	1.0001100537652543
2.1070579689941016	1.9026583087390898	0.0663242429900258	0.7575095396436156	0.10028794733346762	97.83433154609995	103.21560079564392	0.002467819375396557	1.0001100537652543
2.107052309725189	1.9026583087390898	0.0663242429900258	0.7575095396436156	0.10028794733346762	97.83433154609995	103.21560079564392	0.002467819375396557	1.0001100537652543
2.107052309725189	1.9026583087390898	0.0663242429900258	0.7575095396436156	0.10028794733346762	97.83433154609995	103.21560079564392	0.002467819375396557	1.0001100537652543
2.1070665728508264	1.9026583087390898	0.0663242429900258	0.7575095396436156	0.10028794733346762	97.83433154609995	103.21560079564392	0.002467819375396557	1.0001100537652543
2.1070665728508264	1.9026583087390898	0.0663242429900258	0.7575095396436156	0.10028794733346762	97.83433154609995	103.21560079564392	0.002467819375396557	1.0001100537652543
2.1070665728508264	1.9026583087390898	0.0663242429900258	0.7575095396436156	0.10028794733346762	97.83433154609995	103.21560079564392	0.002467819375396557	1.0001100537652543
2.1070369100888193	1.9026583087390898	0.0663242429900258	0.7575095396436156	0.10028794733346762	97.83433154609995	103.21560079564392	0.002467819375396557	1.0001100537652543
2.1070369100888193	1.9026583087390898	0.0663242429900258	0.7575095396436156	0.10028794733346762	97.83433154609995	103.21560079564392	0.0022330895204357966	1.0001100537652543
2.1070369100888193	1.9026583087390898	0.0663242429900258	0.7575095396436156	0.10028994520477709	97.83433154609995	103.21560079564392	0.0022330895204357966	1.0001100537652543
2.1070369100888193	1.9026583087390898	0.0663242429900258	0.7575095396436156	0.10028994520477709	97.83433154609995	103.21560079564392	0.0022330895204357966	1.0001100537652543
2.1070369100888193	1.9027498250599666	0.0663242429900258	0.7575095396436156	0.10028994520477709	97.83433154609995	103.21560079564392	0.0022330895204357966	1.0001100537652543
2.1070369100888193	1.9027498250599666	0.0663242429900258	0.7575095396436156	0.10028994520477709	97.83433154609995	103.21560079564392	0.0022330895204357966	1.000108417616817
2.1070369100888193	1.9027498250599666	0.0663242429900258	0.7575095396436156	0.10028994520477709	97.83433154609995	103.21560079564392	0.0022330895204357966	1.000108417616817
2.1070369100888193	1.9027498250599666	0.0663242429900258	0.7574812165109228	0.10028994520477709	97.83433154609995	103.21560079564392	0.0022330895204357966	1.000108417616817
2.1070369100888193	1.9027498250599666	0.0663242429900258	0.7574812165109228	0.10028994520477709	97.83433154609995	103.21560079564392	0.0022330895204357966	1.0001083880313306
2.1070369100888193	1.9027496577439371	0.0663242429900258	0.7574812165109228	0.10028994520477709	97.83433154609995	103.21560079564392	0.0022330895204357966	1.0001083880313306
2.1070369100888193	1.9027496577439371	0.0663242429900258	0.7574812165109228	0.10019821947482936	97.83433154609995	103.21560079564392	0.0022330895204357966	1.0001083880313306
2.1070369100888193	1.9027496577439371	0.0663242429900258	0.7574812165109228	0.10019821947482936	97.83433154609995	103.21560079564392	0.0022330895204357966	1.0001083880313306
2.1070369100888193	1.9027496577439371	0.0663242429900258	0.7574812165109228	0.10019821947482936	97.83433154609995	103.21560079564392	0.0022330895204357966	1.0000924377048257
2.1070369100888193	1.9027496577439371	0.0663242429900258	0.7574812165109228	0.10019821947482936	97.83213713157848	103.21560079564392	0.0022330895204357966	1.0000924377048257
2.1070369100888193	1.9027496577439371	0.0663242429900258	0.7574812165109228	0.10019821947482936	97.83213713157848	103.21560079564392	0.0022330895204357966	1.0000924377048257
2.1070369100888193	1.9027496577439371	0.0663242429900258	0.7574812165109228	0.10019821947482936	97.83213713157848	103.21560079564392	0.0022330895204357966	1.0000924377048257
2.1066139943460622	1.9027496577439371	0.0663242429900258	0.7574812165109228	0.10019821947482936	97.83213713157848	103.21560079564392	0.0022330895204357966	1.0000924377048257
2.1066139943460622	1.9027496577439371	0.0663242429900258	0.7574812165109228	0.10019821947482936	97.83213713157848	103.21560079564392	0.0022330895204357966	1.0000924377048257
2.1066139943460622	1.9027496577439371	0.0663242429900258	0.7574812165109228	0.10019821947482936	97.83213713157848	103.21560079564392	0.0022330895204357966	1.0000924377048257
2.1066139943460622	1.9027496577439371	0.06632318932846222	0.7574812165109228	0.10019821947482936	97.83213713157848	103.21560079564392	0.0022330895204357966	1.0000924377048257
2.1066139943460622	1.9027496577439371	0.06632318932846222	0.7574812165109228	0.10019821947482936	97.83429916502836	103.21560079564392	0.0022330895204357966	1.0000924377048257
2.1066139943460622	1.9025298846773777	0.06632318932846222	0.7574812165109228	0.10019821947482936	97.83429916502836	103.21560079564392	0.0022330895204357966	1.0000924377048257
2.1066139943460622	1.9025298846773777	0.06632318932846222	0.7574812165109228	0.10019821947482936	97.83429916502836	103.21560079564392	0.0022330895204357966	1.0000924377048257
2.1066139943460622	1.9042217350537287	0.06632318932846222	0.7574812165109228	0.10019821947482936	97.83429916502836	103.21560079564392	0.0022330895204357966	1.0000924377048257
2.1066139943460622	1.90439077142856	0.06632318932846222	0.7574812165109228	0.10019821947482936	97.83429916502836	103.21560079564392	0.0022330895204357966	1.0000924377048257
2.1066139943460622	1.90439077142856	0.06632318932846222	0.7574812165109228	0.10019821947482936	97.83429916502836	103.21560079564392	0.0022330895204357966	1.0000924377048257
2.1066139943460622	1.90439077142856	0.06632318932846222	0.7574812165109228	0.10019821947482936	97.83447104419608	103.21560079564392	0.0022330895204357966	1.0000924377048257
2.1066139943460622	1.90439077142856	0.06632318932846222	0.7574812165109228	0.10019821947482936	97.83447104419608	103.21560079564392	0.0022330895204357966	1.0000924377048257
2.1066139943460622	1.90439077142856	0.06632318932846222	0.7574812165109228	0.10019821947482936	97.83447104419608	103.21560079564392	0.0022330895204357966	1.0000924377048257
2.1066139943460622	1.90439077142856	0.06632318932846222	0.7574812165109228	0.10020790086255352	97.83447104419608	103.21560079564392	0.0022330895204357966	1.0000924377048257
2.1066139943460622	1.9043918477379764	0.06632318932846222	0.7574812165109228	0.10020790086255352	97.83447104419608	103.21560079564392	0.0022330895204357966	1.0000924377048257
2.1066139943460622	1.9043918477379764	0.06632318932846222	0.7574812165109228	0.10020790086255352	97.83447104419608	103.21560079564392	0.0022330895204357966	1.0000924377048257
2.1066139943460622	1.9043918477379764	0.06633146285068393	0.7574812165109228	0.10020790086255352	97.83447104419608	103.21560079564392	0.0022330895204357966	1.0000924377048257
2.1066765719464065	1.9043918477379764	0.06633146285068393	0.7574812165109228	0.10020790086255352	97.83447104419608	103.21560079564392	0.0022330895204357966	1.0000924377048257
2.1066765719464065	1.9043918477379764	0.06633146285068393	0.7574812165109228	0.10020790086255352	97.83447104419608	103.21560079564392	0.0022330895204357966	1.0000924377048257
2.1066765719464065	1.9043918477379764	0.06633146285068393	0.7574812165109228	0.10020790086255352	97.86498668054351	103.21560079564392	0.0022330895204357966	1.0000924377048257
2.1066765719464065	1.9043918477379764	0.06633146285068393	0.7574812165109228	0.10020790086255352	97.86498668054351	103.21560079564392	0.0022330895204357966	1.0000924377048257
2.1066765719464065	1.9043918477379764	0.06633146285068393	0.7574812165109228	0.10020790086255352	97.86498668054351	103.21560079564392	0.0022330895204357966	1.0000924377048257
2.1066765719464065	1.9041772066974934	0.06633146285068393	0.7574812165109228	0.10020790086255352	97.86498668054351	103.21560079564392	0.0022330895204357966	1.0000924377048257
2.1066765719464065	1.9041772066974934	0.06633594024767378	0.7574812165109228	0.10020790086255352	97.86498668054351	103.21560079564392	0.0022330895204357966	1.0000924377048257
2.1066765719464065	1.8987768311399986	0.06633594024767378	0.7574812165109228	0.10020790086255352	97.86498668054351	103.21560079564392	0.0022330895204357966	1.0000924377048257
2.106677806140361	1.8987768311399986	0.06633594024767378	0.7574812165109228	0.10020790086255352	97.86498668054351	103.21560079564392	0.0022330895204357966	1.0000924377048257
2.106677806140361	1.8987768311399986	0.06633594024767378	0.7574812165109228	0.10020790086255352	97.86498668054351	103.21560079564392	0.0022330895204357966	1.0000924377048257
2.106677806140361	1.8987768311399986	0.06633594024767378	0.7574812165109228	0.10020790086255352	97.86498668054351	103.21560079564392	0.0022330895204357966	1.0000924377048257
2.1066839188718034	1.8987768311399986	0.06633594024767378	0.7574812165109228	0.10020790086255352	97.86498668054351	103.21560079564392	0.0022330895204357966	1.0000924377048257
2.1066839188718034	1.8987768311399986	0.06633594024767378	0.7574812165109228	0.10020790086255352	97.86498668054351	103.21560079564392	0.0022330895204357966	1.0000924377048257
2.1066839188718034	1.8988251810705357	0.06633594024767378	0.7574812165109228	0.10020790086255352	97.86498668054351	103.21560079564392	0.0022330895204357966	1.0000924377048257
2.1066839188718034	1.8988251810705357	0.06633594024767378	0.7574812165109228	0.10020790086255352	97.86498668054351	103.21560079564392	0.0022330895204357966	1.0000924377048257
2.1066839188718034	1.8988251810705357	0.06633594024767378	0.7574812165109228	0.10020790086255352	97.86498668054351	103.21560079564392	0.0022330510013658586	1.0000924377048257
2.1066839188718034	1.8988251810705357	0.06633594024767378	0.7574812165109228	0.10020790086255352	97.86498668054351	103.21560079564392	0.0022330510013658586	1.0000924377048257
2.1066839188718034	1.8988251810705357	0.06633594024767378	0.7574812165109228	0.10020454807908162	97.86498668054351	103.21560079564392	0.0022330510013658586	1.0000924377048257
2.1066839188718034	1.899541306679016	0.06633594024767378	0.7574812165109228	0.10020454807908162	97.86498668054351	103.21560079564392	0.0022330510013658586	1.0000924377048257
2.1066839188718034	1.899541306679016	0.06633594024767378	0.7574812165109228	0.10020454807908162	97.86498668054351	103.21488208995117	0.0022330510013658586	1.0000924377048257
2.1066839188718034	1.899541306679016	0.06633594024767378	0.7574812165109228	0.10020454807908162	97.86498668054351	103.21488208995117	0.0022330510013658586	1.000094137751151
2.1066839188718034	1.8995247104590391	0.06633594024767378	0.7574812165109228	0.10020454807908162	97.86498668054351	103.21488208995117	0.0022330510013658586	1.000094137751151
2.1066839188718034	1.8994927848133636	0.06633594024767378	0.7574812165109228	0.10020454807908162	97.86498668054351	103.21488208995117	0.0022330510013658586	1.000094137751151
2.1066839188718034	1.8994927848133636	0.06633594024767378	0.7574812165109228	0.10020454807908162	97.86498668054351	103.21488208995117	0.002232023678841666	1.000094137751151
2.106675150346641	1.8994927848133636	0.06633594024767378	0.7574812165109228	0.10020454807908162	97.86498668054351	103.21488208995117	0.002232023678841666	1.000094137751151
2.106675150346641	1.8994927848133636	0.06633594024767378	0.7574812165109228	0.10020454807908162	97.86498668054351	103.21488208995117	0.002232023678841666	1.000094137751151
2.106675150346641	1.8994927848133636	0.06633594024767378	0.7574812165109228	0.10020454807908162	97.86498668054351	103.21488208995117	0.002232291875621829	1.000094137751151
2.106675150346641	1.8994927848133636	0.06633594024767378	0.7574812165109228	0.10020454807908162	97.86498668054351	103.21488208995117	0.002232291875621829	1.000091886070143
2.106675150346641	1.8994927848133636	0.06633594024767378	0.7574812165109228	0.10020454807908162	97.86498668054351	103.21488208995117	0.002198937695138862	1.000091886070143
2.106316375516803	1.8994927848133636	0.06633594024767378	0.7574812165109228	0.10020454807908162	97.86498668054351	103.21488208995117	0.002198937695138862	1.000091886070143
2.106316375516803	1.8994927848133636	0.06633594024767378	0.7574812165109228	0.10020454807908162	97.86498668054351	103.21488208995117	0.002198937695138862	1.000091886070143
2.106316375516803	1.8994927848133636	0.06633594024767378	0.7574812165109228	0.10020454807908162	97.86498668054351	103.21488208995117	0.002198937695138862	1.000091886070143
2.106316375516803	1.8994927848133636	0.06633594024767378	0.7574812165109228	0.10020454807908162	97.86498668054351	103.21488208995117	0.002198937695138862	1.000091886070143
2.106316375516803	1.8994927848133636	0.06633594024767378	0.7574812165109228	0.10020454807908162	97.86498668054351	103.21488208995117	0.002198937695138862	1.000091886070143
2.1063853701046655	1.8994927848133636	0.06633594024767378	0.7574812165109228	0.10020454807908162	97.86498668054351	103.21488208995117	0.002198937695138862	1.000091886070143
2.1063680754292955	1.8994927848133636	0.06633594024767378	0.7574812165109228	0.10020454807908162	97.86498668054351	103.21488208995117	0.002198937695138862	1.000091886070143
2.1063680754292955	1.8994927848133636	0.06633594024767378	0.7574812165109228	0.10020454807908162	97.86498668054351	103.21488208995117	0.0022073844309129275	1.000091886070143
2.1063680754292955	1.8994927848133636	0.06633594024767378	0.7574812165109228	0.10020454807908162	97.86498668054351	103.21488208995117	0.0022073844309129275	1.000091886070143
2.1063680754292955	1.8994927848133636	0.06633594024767378	0.7574812165109228	0.10020454807908162	97.86498668054351	103.21488208995117	0.0022074046730593544	1.000091886070143
2.1063680754292955	1.899475243192711	0.06633594024767378	0.7574812165109228	0.10020454807908162	97.86498668054351	103.21488208995117	0.0022074046730593544	1.000091886070143
2.1063680754292955	1.899475243192711	0.06633594024767378	0.7574812165109228	0.10020454807908162	97.86498668054351	103.21488208995117	0.002210488565895818	1.000091886070143
2.1063680754292955	1.899475243192711	0.06633594024767378	0.7574812165109228	0.10020454807908162	97.86498668054351	103.21488208995117	0.002210488565895818	1.000091886070143
2.1063680754292955	1.899475243192711	0.06633594024767378	0.7574812165109228	0.10020454807908162	97.86498668054351	103.22712094570626	0.002210488565895818	1.000091886070143
2.1063680754292955	1.8994751940098735	0.06633594024767378	0.7574812165109228	0.10020454807908162	97.86498668054351	103.22712094570626	0.002210488565895818	1.000091886070143
2.1063680754292955	1.8994751940098735	0.06633594024767378	0.7574669085525966	0.10020454807908162	97.86498668054351	103.22712094570626	0.002210488565895818	1.000091886070143
2.1063680754292955	1.8994751940098735	0.06633594024767378	0.7574669085525966	0.10020454807908162	97.86498668054351	103.22712094570626	0.002210488565895818	1.000091886070143
2.1063680754292955	1.8994751940098735	0.06633594024767378	0.7574669085525966	0.10020454807908162	97.86498668054351	103.22712094570626	0.002210488565895818	1.0000919315165993
2.1063680754292955	1.8994751940098735	0.06633594024767378	0.7574669085525966	0.10020454807908162	97.86498668054351	103.22647751470608	0.002210488565895818	1.0000919315165993
2.1063680754292955	1.8994751940098735	0.06630550563259455	0.7574669085525966	0.10020454807908162	97.86498668054351	103.22647751470608	0.002210488565895818	1.0000919315165993
2.1063680754292955	1.8994751940098735	0.06630550563259455	0.7574669085525966	0.10020454807908162	97.86498668054351	103.22647751470608	0.002210488565895818	1.0000919315165993
2.1063680754292955	1.8994751940098735	0.06630550563259455	0.7574669085525966	0.10020454807908162	97.86498668054351	103.22647751470608	0.002210488565895818	1.0000919315165993
2.1063680754292955	1.8994751940098735	0.06630550563259455	0.7574669085525966	0.10020454807908162	97.86498668054351	103.2268954992758	0.002210488565895818	1.0000919315165993
2.1063680754292955	1.8994751940098735	0.06630550563259455	0.7574669085525966	0.10020454807908162	97.86498668054351	103.2268954992758	0.002210488565895818	1.0000919315165993
2.1063680754292955	1.8994751940098735	0.06630550563259455	0.7574669085525966	0.10020454807908162	97.86498668054351	103.2268954992758	0.002210488565895818	1.0000919315165993
2.1063680754292955	1.8994751940098735	0.06630550563259455	0.7574669085525966	0.10020454807908162	97.86498668054351	103.2268954992758	0.002210488565895818	1.000094473876987
2.1063680754292955	1.8994751940098735	0.06630550563259455	0.7574669085525966	0.10020454807908162	97.86498668054351	103.2268954992758	0.002210488565895818	1.000094473876987
2.1063680754292955	1.8994751940098735	0.06630550563259455	0.7574669085525966	0.10020454807908162	97.86498668054351	103.2268954992758	0.002210488565895818	1.000094473876987
2.1063680754292955	1.8994751940098735	0.06630550563259455	0.7574669085525966	0.10020454807908162	97.86498668054351	103.2268954992758	0.0023722563125227704	1.000094473876987
2.1063680754292955	1.8994751940098735	0.06630550563259455	0.7574734424534998	0.10020454807908162	97.86498668054351	103.2268954992758	0.0023722563125227704	1.000094473876987
2.1063680754292955	1.8994751940098735	0.06630550563259455	0.7574734424534998	0.10020454807908162	97.86498668054351	103.2268954992758	0.0023722563125227704	1.0000944786678942
2.1063680754292955	1.8994751940098735	0.06630550563259455	0.7574734424534998	0.10020454807908162	97.8647460846626	103.2268954992758	0.0023722563125227704	1.0000944786678942
2.1063680754292955	1.8994751940098735	0.06630550563259455	0.7574734424534998	0.10020454807908162	97.8647460846626	103.2268954992758	0.0023722563125227704	1.0000944786678942
2.1063680754292955	1.8994751940098735	0.06630550563259455	0.7574734424534998	0.10020454807908162	97.8647460846626	103.2268954992758	0.0025503632596628975	1.0000944786678942
2.1063680754292955	1.8994757373737736	0.06630550563259455	0.7574734424534998	0.10020454807908162	97.8647460846626	103.2268954992758	0.0025503632596628975	1.0000944786678942
2.1063687187053053	1.8994757373737736	0.06630550563259455	0.7574734424534998	0.10020454807908162	97.8647460846626	103.2268954992758	0.0025503632596628975	1.0000944786678942
2.1063687187053053	1.8994757373737736	0.06630550563259455	0.7574734424534998	0.10020454807908162	97.8647460846626	103.2268954992758	0.0025503632596628975	1.0000944750726233
2.1063687187053053	1.8994757373737736	0.06630550563259455	0.7574734424534998	0.10020454807908162	97.8647460846626	103.2268954992758	0.0025503632596628975	1.0000944750726233
2.1063687187053053	1.8994757373737736	0.06630550563259455	0.7574734424534998	0.10020454807908162	97.8647460846626	103.2268954992758	0.0025503632596628975	1.000088407727959
2.1063687187053053	1.8994757373737736	0.06630550563259455	0.7574734424534998	0.10020454807908162	97.8647460846626	103.2268954992758	0.0025503632596628975	1.000088407727959
2.1063687187053053	1.8994757373737736	0.06630550563259455	0.7574734424534998	0.10020454807908162	97.8647460846626	103.2268954992758	0.0025503632596628975	1.000088407727959
2.1063687187053053	1.8995282770530864	0.06630550563259455	0.7574734424534998	0.10020454807908162	97.8647460846626	103.2268954992758	0.0025503632596628975	1.000088407727959
2.1063687187053053	1.8995276568180497	0.06630550563259455	0.7574734424534998	0.10020454807908162	97.8647460846626	103.2268954992758	0.0025503632596628975	1.000088407727959
2.1063687187053053	1.8995276568180497	0.06630550563259455	0.7574734424534998	0.10020507829729666	97.8647460846626	103.2268954992758	0.0025503632596628975	1.000088407727959
2.1063687187053053	1.8995276568180497	0.06630550563259455	0.7574734424534998	0.10020507829729666	97.8647460846626	103.2268954992758	0.0025640963184009715	1.000088407727959
2.1063687187053053	1.8995276568180497	0.06630550563259455	0.7574734424534998	0.10020507829729666	97.8647460846626	103.2268954992758	0.0025640963184009715	1.0000884578133762
2.1063687187053053	1.8995276568180497	0.06630550563259455	0.7574734424534998	0.10020507829729666	97.8647460846626	103.2268954992758	0.0025640963184009715	1.0000889025578148
2.1063687187053053	1.8994145662825928	0.06630550563259455	0.7574734424534998	0.10020507829729666	97.8647460846626	103.2268954992758	0.0025640963184009715	1.0000889025578148
2.1063687187053053	1.8994145662825928	0.06630550563259455	0.7574734424534998	0.10020507829729666	97.8647460846626	103.2268954992758	0.0025640963184009715	1.0000888801689694
2.1063687187053053	1.8994145662825928	0.06630550563259455	0.7574734424534998	0.10020507829729666	97.8647460846626	103.2268954992758	0.0025640963184009715	1.0000888801689694
2.1063687187053053	1.8994145662825928	0.06630550563259455	0.7574734424534998	0.10019824853492508	97.8647460846626	103.2268954992758	0.0025640963184009715	1.0000888801689694
2.1063687187053053	1.8994145662825928	0.06630550563259455	0.7574734424534998	0.10019824853492508	97.86451497856729	103.2268954992758	0.0025640963184009715	1.0000888801689694
2.1063687187053053	1.8994727377461718	0.06630550563259455	0.7574734424534998	0.10019824853492508	97.86451497856729	103.2268954992758	0.0025640963184009715	1.0000888801689694
2.1063687187053053	1.8994727377461718	0.06630550563259455	0.7574734424534998	0.10019824853492508	97.86451497856729	103.2268954992758	0.0025640963184009715	1.0000888801689694
2.1063687187053053	1.8994727377461718	0.06630550563259455	0.7574734424534998	0.10019824853492508	97.86451497856729	103.2268954992758	0.0025640963184009715	1.0000888801689694
2.1063687187053053	1.8994727377461718	0.06630550563259455	0.7574734424534998	0.10019824853492508	97.86451497856729	103.2268954992758	0.0025640963184009715	1.0000888801689694
2.1063687187053053	1.8994727377461718	0.06630550563259455	0.7574734424534998	0.1001982861265524	97.86451497856729	103.2268954992758	0.0025640963184009715	1.0000888801689694
2.1063687187053053	1.8994727377461718	0.06630550563259455	0.7574734424534998	0.1001982861265524	97.86451497856729	103.2268954992758	0.0025640963184009715	1.0000888801689694
2.1063687187053053	1.899489473392776	0.06630550563259455	0.7574734424534998	0.1001982861265524	97.86451497856729	103.2268954992758	0.0025640963184009715	1.0000888801689694
2.1063687187053053	1.904675757073938	0.06630550563259455	0.7574734424534998	0.1001982861265524	97.86451497856729	103.2268954992758	0.0025640963184009715	1.0000888801689694
2.1063776249398556	1.904675757073938	0.06630550563259455	0.7574734424534998	0.1001982861265524	97.86451497856729	103.2268954992758	0.0025640963184009715	1.0000888801689694
2.1063776249398556	1.904675757073938	0.06630550563259455	0.7574734424534998	0.1001982861265524	97.86451497856729	103.2268954992758	0.0025640677812496103	1.0000888801689694
2.1063776249398556	1.904675757073938	0.0663064595692909	0.7574734424534998	0.1001982861265524	97.86451497856729	103.2268954992758	0.0025640677812496103	1.0000888801689694
2.106505901078751	1.904675757073938	0.0663064595692909	0.7574734424534998	0.1001982861265524	97.86451497856729	103.2268954992758	0.0025640677812496103	1.0000888801689694
2.106505901078751	1.904675757073938	0.0663064595692909	0.7574734424534998	0.1001982861265524	97.86451497856729	103.2268954992758	0.0025640677812496103	1.0000888801689694
2.106505901078751	1.904682020067275	0.0663064595692909	0.7574734424534998	0.1001982861265524	97.86451497856729	103.2268954992758	0.0025640677812496103	1.0000888801689694
2.106505901078751	1.904682020067275	0.0663064595692909	0.7574734424534998	0.1001982861265524	97.86451497856729	103.2268954992758	0.0025640677812496103	1.0000888801689694
2.1061277157011777	1.904682020067275	0.0663064595692909	0.7574734424534998	0.1001982861265524	97.86451497856729	103.2268954992758	0.0025640677812496103	1.0000888801689694
2.1061277157011777	1.904682020067275	0.0663064595692909	0.7574734424534998	0.1001982861265524	97.86451497856729	103.2268954992758	0.0025640677812496103	1.0000888801689694
2.106233493304652	1.904682020067275	0.0663064595692909	0.7574734424534998	0.1001982861265524	97.86451497856729	103.2268954992758	0.0025640677812496103	1.0000888801689694
2.106233493304652	1.9046889499254394	0.0663064595692909	0.7574734424534998	0.1001982861265524	97.86451497856729	103.2268954992758	0.0025640677812496103	1.0000888801689694
2.106233493304652	1.9046889499254394	0.0663064595692909	0.7574734424534998	0.1001982861265524	97.86451497856729	103.2268954992758	0.0025640677812496103	1.0000888801689694
2.106233493304652	1.9046889499254394	0.0663064595692909	0.7574734424534998	0.1001982861265524	97.86451497856729	103.2268954992758	0.0025640677812496103	1.0000888801689694
2.106233493304652	1.9046833188508157	0.0663064595692909	0.7574734424534998	0.1001982861265524	97.86451497856729	103.2268954992758	0.0025640677812496103	1.0000888801689694
2.106233493304652	1.9046833188508157	0.0663064595692909	0.7574734424534998	0.10019878872187055	97.86451497856729	103.2268954992758	0.0025640677812496103	1.0000888801689694
2.106233493304652	1.9046833188508157	0.0663064595692909	0.7574734424534998	0.10019878872187055	97.86451497856729	103.2268954992758	0.0025640677812496103	1.0000888801689694
2.106233493304652	1.9046833188508157	0.0663064595692909	0.7574734424534998	0.10019878872187055	97.86451497856729	103.2268954992758	0.0025640677812496103	1.0000888801689694
2.106233493304652	1.9046833188508157	0.0663064595692909	0.7574734424534998	0.10019878872187055	97.86451497856729	103.2268954992758	0.0025640677812496103	1.0000888801689694
2.106233493304652	1.9046833188508157	0.0663064595692909	0.7574734424534998	0.10019878872187055	97.86451497856729	103.2268954992758	0.0025640677812496103	1.0000888801689694
2.106233493304652	1.9046833188508157	0.0663064595692909	0.7574734424534998	0.10019878872187055	97.86451497856729	103.2268954992758	0.0025675685429842015	1.0000888801689694
2.106233493304652	1.9046833188508157	0.0663064595692909	0.7574734424534998	0.1001989048854293	97.86451497856729	103.2268954992758	0.0025675685429842015	1.0000888801689694
2.106233493304652	1.9046833188508157	0.0663064595692909	0.7574734424534998	0.1001989048854293	97.86451497856729	103.2268954992758	0.0025675685429842015	1.0000888801689694
2.106233493304652	1.9046833188508157	0.0663064595692909	0.7574734424534998	0.1001989048854293	97.86451497856729	103.2268954992758	0.0025675685429842015	1.0000888801689694
2.106233493304652	1.9046833188508157	0.0663064595692909	0.7574734424534998	0.1001989048854293	97.86451497856729	103.2268954992758	0.0025675685429842015	1.0000888801689694
2.106233493304652	1.9046814181334324	0.0663064595692909	0.7574734424534998	0.1001989048854293	97.86451497856729	103.2268954992758	0.0025675685429842015	1.0000888801689694
2.106233493304652	1.9046814181334324	0.06637701485813322	0.7574734424534998	0.1001989048854293	97.86451497856729	103.2268954992758	0.0025675685429842015	1.0000888801689694
2.106233493304652	1.9046814181334324	0.06637701485813322	0.7574734424534998	0.1001989048854293	97.85674753370527	103.2268954992758	0.0025675685429842015	1.0000888801689694
2.106233493304652	1.9046810947040518	0.06637701485813322	0.7574734424534998	0.1001989048854293	97.85674753370527	103.2268954992758	0.0025675685429842015	1.0000888801689694
2.106233493304652	1.9046641301363536	0.06637701485813322	0.7574734424534998	0.1001989048854293	97.85674753370527	103.2268954992758	0.0025675685429842015	1.0000888801689694
2.106233493304652	1.9046641301363536	0.06637701485813322	0.7574734424534998	0.1001989048854293	97.85674753370527	103.2268954992758	0.0025675685429842015	1.0000888801689694
2.106233493304652	1.9046641301363536	0.06637701485813322	0.7574734424534998	0.1001989048854293	97.85674753370527	103.2268954992758	0.0025675685429842015	1.0000888801689694
2.106233493304652	1.9046641301363536	0.06637701485813322	0.7575248284577861	0.1001989048854293	97.85674753370527	103.2268954992758	0.0025675685429842015	1.0000888801689694
2.1062432277412717	1.9046641301363536	0.06637701485813322	0.7575248284577861	0.1001989048854293	97.85674753370527	103.2268954992758	0.0025675685429842015	1.0000888801689694
2.1062432277412717	1.9046641301363536	0.06637701485813322	0.7575248284577861	0.10019890980377123	97.85674753370527	103.2268954992758	0.0025675685429842015	1.0000888801689694
2.1062432277412717	1.9046641301363536	0.06637701485813322	0.7575248284577861	0.10019890980377123	97.85674753370527	103.2268954992758	0.002616231125010624	1.0000888801689694
2.1062432277412717	1.9046641301363536	0.06637701485813322	0.7575248284577861	0.10019890980377123	97.85674753370527	103.2268954992758	0.002616231125010624	1.0000888801689694
2.1062432277412717	1.9046641301363536	0.06637701485813322	0.7575248284577861	0.10019890980377123	97.85674753370527	103.2268954992758	0.002616231125010624	1.0000888801689694
2.1062432277412717	1.9046641301363536	0.06637701485813322	0.7575248284577861	0.10019890980377123	97.85674753370527	103.2268954992758	0.002616231125010624	1.0000888801689694
2.1062432277412717	1.9046641301363536	0.066380077591878	0.7575248284577861	0.10019890980377123	97.85674753370527	103.2268954992758	0.002616231125010624	1.0000888801689694
2.1062432277412717	1.9046641301363536	0.066380077591878	0.7575248284577861	0.10019890980377123	97.85674753370527	103.2268954992758	0.002616231125010624	1.0000899587931558
2.1062432277412717	1.9046608346706966	0.066380077591878	0.7575248284577861	0.10019890980377123	97.85674753370527	103.2268954992758	0.002616231125010624	1.0000899587931558
2.1062432277412717	1.9043700374536445	0.066380077591878	0.7575248284577861	0.10019890980377123	97.85674753370527	103.2268954992758	0.002616231125010624	1.0000899587931558
2.1062432277412717	1.9043700374536445	0.066380077591878	0.7575248284577861	0.10019890980377123	97.85674753370527	103.2268954992758	0.002616231125010624	1.0000899587931558
2.1062432277412717	1.9043700374536445	0.066380077591878	0.7575248284577861	0.10019890980377123	97.85688871793677	103.2268954992758	0.002616231125010624	1.0000899587931558
2.1062432277412717	1.9043700374536445	0.066380077591878	0.7575248284577861	0.10019890980377123	97.85688871793677	103.06050623799186	0.002616231125010624	1.0000899587931558
2.1062432277412717	1.9043700374536445	0.066380077591878	0.7575248284577861	0.10019890980377123	97.85688871793677	103.05970056904359	0.002616231125010624	1.0000899587931558
2.1062432277412717	1.9043700374536445	0.066380077591878	0.7575248284577861	0.10019890980377123	97.85688871793677	103.05970056904359	0.002616231125010624	1.0000899587931558
2.1062432277412717	1.9043700374536445	0.06625043599488192	0.7575248284577861	0.10019890980377123	97.85688871793677	103.05970056904359	0.002616231125010624	1.0000899587931558
2.1062432277412717	1.9043700374536445	0.06625043599488192	0.7575248284577861	0.10019890980377123	97.85688871793677	103.05970056904359	0.002616231125010624	1.0000899587931558
2.106011286495187	1.9043700374536445	0.06625043599488192	0.7575248284577861	0.10019890980377123	97.85688871793677	103.05970056904359	0.002616231125010624	1.0000899587931558
2.106011286495187	1.9043712867812552	0.06625043599488192	0.7575248284577861	0.10019890980377123	97.85688871793677	103.05970056904359	0.002616231125010624	1.0000899587931558
2.106011286495187	1.9043712867812552	0.06625043599488192	0.7575248284577861	0.10019890980377123	97.85688871793677	103.05970056904359	0.002616231125010624	1.0000899587931558
2.106011286495187	1.9043712867812552	0.06625043599488192	0.7575248284577861	0.10019890980377123	97.85638952830857	103.05970056904359	0.002616231125010624	1.0000899587931558
2.106011286495187	1.9043787400954149	0.06625043599488192	0.7575248284577861	0.10019890980377123	97.85638952830857	103.05970056904359	0.002616231125010624	1.0000899587931558
2.106011286495187	1.9043787400954149	0.06625043599488192	0.7575248284577861	0.10019890980377123	97.85638952830857	103.05970056904359	0.002616231125010624	1.0000899587931558
2.106011286495187	1.9043787400954149	0.06625043599488192	0.7575248284577861	0.10019890980377123	97.85638952830857	103.05970056904359	0.002616231125010624	1.0000899587931558
2.106011286495187	1.9043787400954149	0.06625043599488192	0.7575248284577861	0.10019890980377123	97.85638952830857	103.05970056904359	0.002614910568212417	1.0000899587931558
2.106011286495187	1.9043787400954149	0.06625043599488192	0.7575248284577861	0.10019890980377123	97.85638952830857	103.13904693429794	0.002614910568212417	1.0000899587931558
2.1060098292269185	1.9043787400954149	0.06625043599488192	0.7575248284577861	0.10019890980377123	97.85638952830857	103.13904693429794	0.002614910568212417	1.0000899587931558
2.1060098292269185	1.9043787400954149	0.06625043599488192	0.7575248284577861	0.10019890980377123	97.85638952830857	103.16200127578936	0.002614910568212417	1.0000899587931558
2.1060098292269185	1.9043787400954149	0.06625043599488192	0.7575248284577861	0.10021373461093348	97.85638952830857	103.16200127578936	0.002614910568212417	1.0000899587931558
2.1060098292269185	1.9043787400954149	0.06625570374071987	0.7575248284577861	0.10021373461093348	97.85638952830857	103.16200127578936	0.002614910568212417	1.0000899587931558
2.105976921029771	1.9043787400954149	0.06625570374071987	0.7575248284577861	0.10021373461093348	97.85638952830857	103.16200127578936	0.002614910568212417	1.0000899587931558
2.105976921029771	1.9043787400954149	0.06625570374071987	0.7575248284577861	0.10021373461093348	97.85638952830857	103.16200127578936	0.002614910568212417	1.0000899587931558
2.105976921029771	1.9043787400954149	0.06625570374071987	0.7575248284577861	0.10021373461093348	97.85638952830857	103.16200127578936	0.002614910568212417	1.0000899587931558
2.105976921029771	1.9043787400954149	0.06625570374071987	0.7575248284577861	0.10021373461093348	97.85638952830857	103.16200127578936	0.002614910568212417	1.0000899587931558
2.105976921029771	1.9043787400954149	0.06625570374071987	0.7575248284577861	0.10021373461093348	97.85638952830857	103.16200127578936	0.002614910568212417	1.0000899587931558
2.105976921029771	1.9043787400954149	0.06625570374071987	0.7575248284577861	0.10021373461093348	97.85638952830857	103.1644555864544	0.002614910568212417	1.0000899587931558
2.105976921029771	1.9043787400954149	0.06625570374071987	0.7575248284577861	0.10021373461093348	97.85638952830857	103.1644555864544	0.002614910568212417	1.0000899587931558
2.105976921029771	1.9043787400954149	0.06625570374071987	0.7575248284577861	0.10021373461093348	97.85638952830857	103.1562988172785	0.002614910568212417	1.0000899587931558
2.105976921029771	1.9043787400954149	0.06625570374071987	0.7575248284577861	0.10021373461093348	97.85638952830857	103.1562988172785	0.002614910568212417	1.0000899587931558
2.105976921029771	1.9043787400954149	0.06625570374071987	0.7575248284577861	0.10021373461093348	97.85638952830857	103.1562988172785	0.002614910568212417	1.0000899587931558
2.105976921029771	1.9043787400954149	0.06625570374071987	0.7575248284577861	0.10021373461093348	97.85638952830857	103.1562988172785	0.002614910568212417	1.0000899587931558
2.105976921029771	1.9043787400954149	0.06625364259963007	0.7575248284577861	0.10021373461093348	97.85638952830857	103.1562988172785	0.002614910568212417	1.0000899587931558
2.1059627727165564	1.9043787400954149	0.06625364259963007	0.7575248284577861	0.10021373461093348	97.85638952830857	103.1562988172785	0.002614910568212417	1.0000899587931558
2.1059627727165564	1.9043787400954149	0.06625364259963007	0.7575248284577861	0.10021373461093348	97.85638952830857	103.1562988172785	0.002614910568212417	1.0000899587931558
2.1059627727165564	1.9043787400954149	0.06625364259963007	0.7574458580684889	0.10021373461093348	97.85638952830857	103.1562988172785	0.002614910568212417	1.0000899587931558
2.1059627727165564	1.9043787400954149	0.06625364259963007	0.7574458580684889	0.10021373461093348	97.85638952830857	103.1562988172785	0.002614910568212417	1.000089307448149
2.1059627727165564	1.9043787400954149	0.06625364259963007	0.7574458580684889	0.10021373461093348	97.85638952830857	103.1562988172785	0.002614910568212417	1.000089307448149
2.10597060856505	1.9043787400954149	0.06625364259963007	0.7574458580684889	0.10021373461093348	97.85638952830857	103.1562988172785	0.002614910568212417	1.000089307448149
2.10597060856505	1.9043787400954149	0.06625364259963007	0.7574458580684889	0.10021373461093348	97.85638952830857	103.1562988172785	0.002614910568212417	1.000089307448149
2.10597060856505	1.9043787400954149	0.06625432689802958	0.7574458580684889	0.10021373461093348	97.85638952830857	103.1562988172785	0.002614910568212417	1.000089307448149
2.10597060856505	1.9043771028903922	0.06625432689802958	0.7574458580684889	0.10021373461093348	97.85638952830857	103.1562988172785	0.002614910568212417	1.000089307448149
2.10597060856505	1.9043771028903922	0.06625432689802958	0.7574458580684889	0.10021373461093348	97.85638952830857	103.15650763603765	0.002614910568212417	1.000089307448149
2.105976309507364	1.9043771028903922	0.06625432689802958	0.7574458580684889	0.10021373461093348	97.85638952830857	103.15650763603765	0.002614910568212417	1.000089307448149
2.105976309507364	1.9043771028903922	0.06625432689802958	0.7574458580684889	0.10021373461093348	97.85638952830857	103.15650763603765	0.002614910568212417	1.0000886033389083
2.105976309507364	1.9043771028903922	0.06625432689802958	0.7574458580684889	0.10021373461093348	97.85317838747652	103.15650763603765	0.002614910568212417	1.0000886033389083
2.105976309507364	1.9043771028903922	0.06625432689802958	0.7574458580684889	0.10021373461093348	97.85317838747652	102.99847205363972	0.002614910568212417	1.0000886033389083
2.105976309507364	1.9043771028903922	0.06625432689802958	0.7574458580684889	0.10021373461093348	97.85317838747652	103.00214626425273	0.002614910568212417	1.0000886033389083
2.105976309507364	1.9043771028903922	0.06625432689802958	0.7574458580684889	0.10021373461093348	97.85317838747652	103.00214626425273	0.002614910568212417	1.0000886033389083
2.105976309507364	1.9043771028903922	0.06625432689802958	0.7574458580684889	0.10021373461093348	97.85317838747652	103.00214626425273	0.002614910568212417	1.0000886033389083
2.105976309507364	1.9043771028903922	0.06625432689802958	0.7574458580684889	0.10021373461093348	97.85233545701071	103.00214626425273	0.002614910568212417	1.0000886033389083
2.105976309507364	1.9043771028903922	0.06625432689802958	0.7574458580684889	0.10021373461093348	97.85233545701071	103.00338534563546	0.002614910568212417	1.0000886033389083
2.105976309507364	1.9043771028903922	0.06625432689802958	0.7574458580684889	0.10021373461093348	97.85233545701071	103.00338534563546	0.002614910568212417	1.0000886033389083
2.105976309507364	1.9043771028903922	0.06625432689802958	0.7574458580684889	0.10021373461093348	97.85233545701071	103.00338534563546	0.002614910568212417	1.0000886033389083
2.105976309507364	1.9043771028903922	0.06625432689802958	0.7574458580684889	0.10021373461093348	97.85233545701071	103.00182817566996	0.002614910568212417	1.0000886033389083
2.105976309507364	1.9043771028903922	0.06625432689802958	0.7574458580684889	0.10021373461093348	97.85233545701071	103.00171363476741	0.002614910568212417	1.0000886033389083
2.105976309507364	1.9043771028903922	0.06625432689802958	0.7574458580684889	0.10021373461093348	97.85233545701071	103.00171363476741	0.002614910568212417	1.0000886033389083
2.105976309507364	1.9043771028903922	0.06625432689802958	0.7574458580684889	0.10021373461093348	97.85233545701071	104.94028180084868	0.002614910568212417	1.0000886033389083
2.105976309507364	1.9043771028903922	0.06625432689802958	0.7574458580684889	0.10021373461093348	97.85233545701071	104.94028180084868	0.002614910568212417	1.0000886033389083
2.105976309507364	1.9043771028903922	0.06625432689802958	0.7574458580684889	0.10021373461093348	97.85233545701071	104.94028180084868	0.0026066462378022234	1.0000886033389083
2.105737819399383	1.9043771028903922	0.06625432689802958	0.7574458580684889	0.10021373461093348	97.85233545701071	104.94028180084868	0.0026066462378022234	1.0000886033389083
2.105737819399383	1.9043771028903922	0.06625432689802958	0.7574458580684889	0.10021373461093348	97.85154420344016	104.94028180084868	0.0026066462378022234	1.0000886033389083
2.105737819399383	1.9043771028903922	0.06625432689802958	0.7574458580684889	0.10021373461093348	97.85154420344016	104.94028180084868	0.0026066462378022234	1.0000886033389083
2.105737819399383	1.905473117064514	0.06625432689802958	0.7574458580684889	0.10021373461093348	97.85154420344016	104.94028180084868	0.0026066462378022234	1.0000886033389083
2.105737819399383	1.905473117064514	0.06625432689802958	0.7574458580684889	0.10021373461093348	97.85154420344016	104.94028180084868	0.0026066462378022234	1.0000886033389083
2.105737819399383	1.905473117064514	0.06625432689802958	0.7574458580684889	0.10021373461093348	97.85154420344016	104.94076922025539	0.0026066462378022234	1.0000886033389083
2.105737819399383	1.9052962078887385	0.06625432689802958	0.7574458580684889	0.10021373461093348	97.85154420344016	104.94076922025539	0.0026066462378022234	1.0000886033389083
2.105737819399383	1.9053226296385117	0.06625432689802958	0.7574458580684889	0.10021373461093348	97.85154420344016	104.94076922025539	0.0026066462378022234	1.0000886033389083
2.105737819399383	1.9053226296385117	0.06625432689802958	0.7574458580684889	0.10021373461093348	97.85154420344016	104.935845675008	0.0026066462378022234	1.0000886033389083
2.105737819399383	1.9053226296385117	0.06625432689802958	0.7574458580684889	0.10021373461093348	97.85184566193873	104.935845675008	0.0026066462378022234	1.0000886033389083
2.105737819399383	1.9053226296385117	0.06625432689802958	0.7574458580684889	0.10021373461093348	97.85184566193873	104.935845675008	0.0026066462378022234	1.000088353572687
2.105737819399383	1.9075860075718187	0.06625432689802958	0.7574458580684889	0.10021373461093348	97.85184566193873	104.935845675008	0.0026066462378022234	1.000088353572687
2.105737819399383	1.9075860075718187	0.06625356005269396	0.7574458580684889	0.10021373461093348	97.85184566193873	104.935845675008	0.0026066462378022234	1.000088353572687
2.105737819399383	1.9075860075718187	0.06625356005269396	0.7574458580684889	0.10021373461093348	97.85184566193873	104.935845675008	0.0026066462378022234	1.000088353572687
2.105737819399383	1.9075860075718187	0.06625356005269396	0.7574458580684889	0.10021373461093348	97.85184566193873	104.935845675008	0.0026066462378022234	1.000088353572687
2.105737819399383	1.9075860075718187	0.06625356005269396	0.7574458580684889	0.10021373461093348	97.85181376994402	104.935845675008	0.0026066462378022234	1.000088353572687
2.105737819399383	1.9075860075718187	0.06625356005269396	0.7574458580684889	0.10021373461093348	97.85181376994402	104.935845675008	0.0026066462378022234	1.000088353572687
2.105737819399383	1.9075860075718187	0.06625356005269396	0.7574458580684889	0.10021373461093348	97.85181376994402	104.935845675008	0.0026066462378022234	1.000088353572687
2.105737819399383	1.9075860075718187	0.06625356005269396	0.7574458580684889	0.10021373461093348	97.85181376994402	104.02541791729814	0.0026066462378022234	1.000088353572687
2.105737819399383	1.9075860075718187	0.06625356005269396	0.7574458580684889	0.10021449788328192	97.85181376994402	104.02541791729814	0.0026066462378022234	1.000088353572687
2.105737819399383	1.9075860075718187	0.06625356005269396	0.7574458580684889	0.10021449788328192	97.85181376994402	104.02541791729814	0.0026066462378022234	1.000088353572687
2.105737819399383	1.9074828982841108	0.06625356005269396	0.7574458580684889	0.10021449788328192	97.85181376994402	104.02541791729814	0.0026066462378022234	1.000088353572687
2.105737819399383	1.9074828982841108	0.06625356005269396	0.7574458580684889	0.10015537861684991	97.85181376994402	104.02541791729814	0.0026066462378022234	1.000088353572687
2.105737819399383	1.9074828982841108	0.06625356005269396	0.7574458580684889	0.10015537861684991	97.85181376994402	104.02541791729814	0.0026066462378022234	1.0000883495552733
2.105737819399383	1.9074828982841108	0.06625356005269396	0.7574458580684889	0.10015537861684991	97.85181376994402	104.01445820751832	0.0026066462378022234	1.0000883495552733
2.105737819399383	1.9074828982841108	0.06625356005269396	0.7574458580684889	0.10015537861684991	97.85184333517488	104.01445820751832	0.0026066462378022234	1.0000883495552733
2.105737819399383	1.9074828982841108	0.06625356005269396	0.7575209924978242	0.10015537861684991	97.85184333517488	104.01445820751832	0.0026066462378022234	1.0000883495552733
2.105737819399383	1.9074828982841108	0.06625356005269396	0.7575209924978242	0.10015537861684991	97.85184333517488	104.01445820751832	0.0026066462378022234	1.0000883495552733
2.105737819399383	1.9074828982841108	0.06625356005269396	0.7575209924978242	0.10015537861684991	97.85184333517488	104.01445820751832	0.0026066462378022234	1.0000883495552733
2.105737819399383	1.9074828982841108	0.06625356005269396	0.7575209924978242	0.10015537861684991	97.80464297670088	104.01445820751832	0.0026066462378022234	1.0000883495552733
2.1061759124295056	1.9074828982841108	0.06625356005269396	0.7575209924978242	0.10015537861684991	97.80464297670088	104.01445820751832	0.0026066462378022234	1.0000883495552733
2.1061759124295056	1.9074828982841108	0.06625356005269396	0.7575209924978242	0.10015537861684991	97.80464297670088	104.01445820751832	0.002606826052538582	1.0000883495552733
2.1061759124295056	1.9074828982841108	0.06625356005269396	0.7575209924978242	0.10015537861684991	97.80464297670088	104.33110711722995	0.002606826052538582	1.0000883495552733
2.1061759124295056	1.9074828982841108	0.06625356005269396	0.7575209924978242	0.10015537861684991	97.80464297670088	104.43113988038122	0.002606826052538582	1.0000883495552733
2.1061759124295056	1.9074828982841108	0.06625356005269396	0.7575209924978242	0.10015537861684991	97.82353472037937	104.43113988038122	0.002606826052538582	1.0000883495552733
2.1061759124295056	1.9074828982841108	0.06625356005269396	0.7575209924978242	0.10015537861684991	97.82353472037937	104.4305320161386	0.002606826052538582	1.0000883495552733
2.1061759124295056	1.9074828982841108	0.06625356005269396	0.7575209924978242	0.10015537861684991	97.82353472037937	104.4305320161386	0.002606826052538582	1.0000883495552733
2.1061759124295056	1.9074828982841108	0.06625356005269396	0.7575209924978242	0.10015537861684991	97.82353472037937	104.42896183535935	0.002606826052538582	1.0000883495552733
2.1061759124295056	1.9074828982841108	0.06625173193274486	0.7575209924978242	0.10015537861684991	97.82353472037937	104.42896183535935	0.002606826052538582	1.0000883495552733
2.1061759124295056	1.9074828982841108	0.06625173193274486	0.7575209924978242	0.10015537861684991	97.82353472037937	104.42896183535935	0.002606826052538582	1.0000883495552733
2.1061759124295056	1.9074828982841108	0.06625173193274486	0.7575209924978242	0.10015537861684991	97.82353472037937	104.42860318479975	0.002606826052538582	1.0000883495552733
2.1061759124295056	1.9074828982841108	0.06625173193274486	0.7575209924978242	0.10015537861684991	97.82353472037937	104.42860318479975	0.0026107770814568286	1.0000883495552733
2.1061759124295056	1.9074828982841108	0.06625173193274486	0.7575209924978242	0.10015537861684991	97.82353472037937	104.68810786473175	0.0026107770814568286	1.0000883495552733
2.1061759124295056	1.9074943824917632	0.06625173193274486	0.7575209924978242	0.10015537861684991	97.82353472037937	104.68810786473175	0.0026107770814568286	1.0000883495552733
2.1061759124295056	1.9074943824917632	0.06625173193274486	0.7575209924978242	0.10020940362517947	97.82353472037937	104.68810786473175	0.0026107770814568286	1.0000883495552733
2.1061759124295056	1.9074943824917632	0.06625173193274486	0.7575209924978242	0.10020940362517947	97.82353472037937	104.68810786473175	0.0026025488936390834	1.0000883495552733
2.1061759124295056	1.9074943824917632	0.06625173193274486	0.7575209924978242	0.10020940362517947	97.82353472037937	104.68810786473175	0.0026025488936390834	1.0000883495552733
2.1061759124295056	1.9074943824917632	0.06625173193274486	0.7575209924978242	0.10020940362517947	97.82392170437237	104.68810786473175	0.0026025488936390834	1.0000883495552733
2.1061759124295056	1.9074943824917632	0.06625173193274486	0.7575209924978242	0.10020940362517947	97.82392170437237	104.68810786473175	0.0026025488936390834	1.0000883495552733
2.1061759124295056	1.9074943824917632	0.06625173193274486	0.7575209924978242	0.10020940362517947	97.82393374624168	104.68810786473175	0.0026025488936390834	1.0000883495552733
2.1061759124295056	1.9079832372859948	0.06625173193274486	0.7575209924978242	0.10020940362517947	97.82393374624168	104.68810786473175	0.0026025488936390834	1.0000883495552733
2.1061759124295056	1.9079832372859948	0.06625173193274486	0.7575209924978242	0.10020940362517947	97.82393374624168	104.68810786473175	0.002602679935928912	1.0000883495552733
2.1061759124295056	1.9079832372859948	0.06623966655331513	0.7575209924978242	0.10020940362517947	97.82393374624168	104.68810786473175	0.002602679935928912	1.0000883495552733
2.1061759124295056	1.9079832372859948	0.06623966655331513	0.7575209924978242	0.10021086086277911	97.82393374624168	104.68810786473175	0.002602679935928912	1.0000883495552733
2.1061759124295056	1.9079832372859948	0.06623966655331513	0.7575209924978242	0.10021086086277911	97.82393374624168	104.68810786473175	0.002602679935928912	1.0000883495552733
2.1061759124295056	1.9079832372859948	0.06623966655331513	0.7575209924978242	0.10021086086277911	97.82393374624168	104.68810786473175	0.002602679935928912	1.0000883495552733
2.1061759124295056	1.9079832372859948	0.06623966655331513	0.7575209924978242	0.10021086086277911	97.82393374624168	104.68810786473175	0.002602679935928912	1.0000883495552733
2.1061759124295056	1.9079832372859948	0.06623966655331513	0.7575209924978242	0.10021086086277911	97.82393374624168	104.68810786473175	0.002602679935928912	1.0000883495552733
2.1061759124295056	1.9079832372859948	0.06623966655331513	0.7575477363926769	0.10021086086277911	97.82393374624168	104.68810786473175	0.002602679935928912	1.0000883495552733
2.1061759124295056	1.9079832372859948	0.06623966655331513	0.7575477363926769	0.10021086086277911	97.82393374624168	104.68810786473175	0.002602679935928912	1.0000883495552733
2.1061759124295056	1.9079832372859948	0.06623966655331513	0.7575477363926769	0.10021086086277911	97.82393374624168	104.68810786473175	0.002602679935928912	1.0000883495552733
2.1061759124295056	1.9079832372859948	0.06623966655331513	0.7575477363926769	0.10021086086277911	97.82393374624168	104.68774319013188	0.002602679935928912	1.0000883495552733
2.1061759124295056	1.9079832372859948	0.06623966655331513	0.7575477363926769	0.10021086086277911	97.82393374624168	104.68774319013188	0.002602679935928912	1.0000883495552733
2.1061759124295056	1.9079832372859948	0.06623966655331513	0.7575477363926769	0.10021428327510457	97.82393374624168	104.68774319013188	0.002602679935928912	1.0000883495552733
2.1061759124295056	1.9079832372859948	0.06623966655331513	0.7575477363926769	0.10021428327510457	97.82393374624168	104.68774319013188	0.002602679935928912	1.000088366895676
2.1061759124295056	1.9079832372859948	0.06623966655331513	0.7575477363926769	0.10021913848845032	97.82393374624168	104.68774319013188	0.002602679935928912	1.000088366895676
2.1061759124295056	1.9079832372859948	0.06623966655331513	0.7575477363926769	0.10021913848845032	97.82393374624168	104.68774319013188	0.002602679935928912	1.000088366895676
2.1061759124295056	1.9079832372859948	0.06623966655331513	0.7575477363926769	0.10021913848845032	97.82393374624168	104.68774319013188	0.002602679935928912	1.000088366895676
2.1061759124295056	1.9079832372859948	0.06623966655331513	0.7575477363926769	0.10021913848845032	97.82393374624168	104.68774319013188	0.002602679935928912	1.000088366895676
2.1061759124295056	1.9077652866269095	0.06623966655331513	0.7575477363926769	0.10021913848845032	97.82393374624168	104.68774319013188	0.002602679935928912	1.000088366895676
2.1061759124295056	1.9077652866269095	0.06623966655331513	0.7575477363926769	0.10021915758417861	97.82393374624168	104.68774319013188	0.002602679935928912	1.000088366895676
2.1061759124295056	1.9077652866269095	0.06623966655331513	0.7575477363926769	0.10021915758417861	97.82393374624168	104.68067790347716	0.002602679935928912	1.000088366895676
2.1061285335094473	1.9077652866269095	0.06623966655331513	0.7575477363926769	0.10021915758417861	97.82393374624168	104.68067790347716	0.002602679935928912	1.000088366895676
2.1061285335094473	1.9077652866269095	0.06623966655331513	0.7575477363926769	0.10021915758417861	97.82393374624168	104.68067790347716	0.002602679935928912	1.000088366895676
2.1061285335094473	1.9077275125598463	0.06623966655331513	0.7575477363926769	0.10021915758417861	97.82393374624168	104.68067790347716	0.002602679935928912	1.000088366895676
2.1061285335094473	1.9077275125598463	0.06623966655331513	0.7575477363926769	0.10021915758417861	97.82393374624168	104.68067790347716	0.002602679935928912	1.000088366895676
2.1061413889868854	1.9077275125598463	0.06623966655331513	0.7575477363926769	0.10021915758417861	97.82393374624168	104.68067790347716	0.002602679935928912	1.000088366895676
2.1061413889868854	1.9077275125598463	0.06623966655331513	0.7575477363926769	0.09996163476221452	97.82393374624168	104.68067790347716	0.002602679935928912	1.000088366895676
2.106219608144101	1.9077275125598463	0.06623966655331513	0.7575477363926769	0.09996163476221452	97.82393374624168	104.68067790347716	0.002602679935928912	1.000088366895676
2.106219608144101	1.9077275125598463	0.06623966655331513	0.7575477363926769	0.09996163476221452	97.82393374624168	104.67878995116679	0.002602679935928912	1.000088366895676
2.106219608144101	1.9077275125598463	0.06623966655331513	0.7575477363926769	0.09996163476221452	97.82393374624168	104.67878995116679	0.002602679935928912	1.000088366895676
2.106219608144101	1.9077275125598463	0.06623966655331513	0.7575477363926769	0.09996163476221452	97.82393374624168	104.67878995116679	0.002602679935928912	1.000088366895676
2.106238392230526	1.9077275125598463	0.06623966655331513	0.7575477363926769	0.09996163476221452	97.82393374624168	104.67878995116679	0.002602679935928912	1.000088366895676
2.106238392230526	1.9077275125598463	0.06623966655331513	0.7575477363926769	0.09996163476221452	97.82393374624168	104.67878995116679	0.002602679935928912	1.000088366895676
2.106238392230526	1.9077275125598463	0.06623966655331513	0.7575477363926769	0.09996160167283372	97.82393374624168	104.67878995116679	0.002602679935928912	1.000088366895676
2.106238392230526	1.9077275125598463	0.06623966655331513	0.7575477363926769	0.09996160167283372	97.82393374624168	104.67878995116679	0.002602679935928912	1.000088366895676
2.106238392230526	1.9077275125598463	0.06623966655331513	0.7575477363926769	0.09996160167283372	97.82393374624168	104.67878995116679	0.002602679935928912	1.000088366895676
2.106238392230526	1.9077275125598463	0.06623966655331513	0.7575477363926769	0.09996160167283372	97.82393374624168	104.67878995116679	0.002602679935928912	1.000088366895676
2.106238392230526	1.9077275125598463	0.06623966655331513	0.7575477363926769	0.09996160167283372	97.82393374624168	104.6768012599697	0.002602679935928912	1.000088366895676
2.106238392230526	1.9077275125598463	0.06623966655331513	0.7575477363926769	0.09996160167283372	97.82393374624168	104.6768012599697	0.002602679935928912	1.000088366895676
2.106238392230526	1.9077275125598463	0.06623966655331513	0.7575477363926769	0.09995783236446942	97.82393374624168	104.6768012599697	0.002602679935928912	1.000088366895676
2.106238392230526	1.9077275125598463	0.06623966655331513	0.7575477363926769	0.09995783236446942	97.82393374624168	104.6768012599697	0.002402044581793682	1.000088366895676
2.106238392230526	1.9077275125598463	0.06623966655331513	0.7575477363926769	0.09995783236446942	97.82577178062782	104.6768012599697	0.002402044581793682	1.000088366895676
2.106238392230526	1.9077275125598463	0.06623966655331513	0.7575477363926769	0.0999610286225124	97.82577178062782	104.6768012599697	0.002402044581793682	1.000088366895676
2.106238392230526	1.9077275125598463	0.06623966655331513	0.7575477363926769	0.0999610286225124	97.82577178062782	104.6805058929811	0.002402044581793682	1.000088366895676
2.106238392230526	1.9077275125598463	0.06623966655331513	0.7575477363926769	0.0999610286225124	97.82577178062782	104.6805058929811	0.002402044581793682	1.000088366895676
2.106238392230526	1.9077275125598463	0.06623966655331513	0.7575477363926769	0.0999610286225124	97.82577178062782	104.6805058929811	0.002402044581793682	1.000088366895676
2.1069178126826333	1.9077275125598463	0.06623966655331513	0.7575477363926769	0.0999610286225124	97.82577178062782	104.6805058929811	0.002402044581793682	1.000088366895676
2.1069178126826333	1.9077275125598463	0.06623966655331513	0.7575477363926769	0.0999610286225124	97.82577178062782	104.68052076213668	0.002402044581793682	1.000088366895676
2.1069178126826333	1.9077275125598463	0.06623966655331513	0.7575477363926769	0.0999610286225124	97.82577178062782	104.68052076213668	0.002402044581793682	1.000088366895676
2.1069178126826333	1.9077275125598463	0.06623966655331513	0.7575477363926769	0.0999610286225124	97.82577178062782	104.68052076213668	0.002402044581793682	1.000088366895676
2.1069178126826333	1.9077275125598463	0.06623966655331513	0.7575477363926769	0.0999610286225124	97.82577178062782	104.68052076213668	0.002402044581793682	1.000088366895676
2.1069178126826333	1.9077275125598463	0.06623966655331513	0.7575477363926769	0.0999610286225124	97.82577178062782	104.68052076213668	0.002402044581793682	1.000088366895676
2.1069178126826333	1.9077275125598463	0.06623966655331513	0.7575477363926769	0.0999610286225124	97.82577178062782	104.68052076213668	0.002402044581793682	1.000088366895676
2.1069178126826333	1.9077275125598463	0.06623966655331513	0.7575477363926769	0.0999610286225124	97.82577178062782	104.68052076213668	0.002402044581793682	1.000088366895676
2.1069178126826333	1.9077275125598463	0.06623966655331513	0.7575428870071339	0.0999610286225124	97.82577178062782	104.68052076213668	0.002402044581793682	1.000088366895676
2.1069178126826333	1.9077275125598463	0.06623966655331513	0.7575428870071339	0.0999610286225124	97.82577178062782	104.68636397428804	0.002402044581793682	1.000088366895676
2.1069178126826333	1.9077275125598463	0.06623966655331513	0.7575428870071339	0.0999610286225124	97.82577178062782	104.68636397428804	0.002402044581793682	1.000088366895676
2.1069178126826333	1.9077274941678386	0.06623966655331513	0.7575428870071339	0.0999610286225124	97.82577178062782	104.68636397428804	0.002402044581793682	1.000088366895676
2.1069178126826333	1.9077274941678386	0.06623966655331513	0.7575428870071339	0.0999610286225124	97.82577178062782	104.68636397428804	0.0024014753866049877	1.000088366895676
2.1069178126826333	1.9077274941678386	0.06623966655331513	0.7575428870071339	0.0999610286225124	97.82577178062782	104.68636397428804	0.0024014753866049877	1.000088366895676
2.1066939937265006	1.9077274941678386	0.06623966655331513	0.7575428870071339	0.0999610286225124	97.82577178062782	104.68636397428804	0.0024014753866049877	1.000088366895676
2.1066939937265006	1.9077274941678386	0.06623974049100223	0.7575428870071339	0.0999610286225124	97.82577178062782	104.68636397428804	0.0024014753866049877	1.000088366895676
2.1066939937265006	1.9077274941678386	0.06623974049100223	0.7575428870071339	0.0999610286225124	97.82577178062782	104.68636397428804	0.0024014753866049877	1.000088366895676
2.1067460396996376	1.9077274941678386	0.06623974049100223	0.7575428870071339	0.0999610286225124	97.82577178062782	104.68636397428804	0.0024014753866049877	1.000088366895676
2.1067460396996376	1.907727827357489	0.06623974049100223	0.7575428870071339	0.0999610286225124	97.82577178062782	104.68636397428804	0.0024014753866049877	1.000088366895676
2.1067460396996376	1.907727827357489	0.06623974049100223	0.7575428870071339	0.0999610286225124	97.82574952203055	104.68636397428804	0.0024014753866049877	1.000088366895676
2.1067460396996376	1.907727827357489	0.06623974049100223	0.7575428870071339	0.0999610286225124	97.82574952203055	106.10485451666456	0.0024014753866049877	1.000088366895676
2.1067460396996376	1.907727827357489	0.06623974049100223	0.7575428870071339	0.0999610286225124	97.82574952203055	106.10485451666456	0.0024014753866049877	1.000088366895676
2.1067460396996376	1.907727827357489	0.06623974049100223	0.7575428870071339	0.0999610286225124	97.82574952203055	106.10485451666456	0.0024014753866049877	1.000088366895676
2.1067460396996376	1.907727827357489	0.06623974049100223	0.7575428870071339	0.0999610286225124	97.82574952203055	106.10485451666456	0.0024014753866049877	1.000088366895676
2.1067460396996376	1.907727827357489	0.06623974049100223	0.7575428870071339	0.0999610286225124	97.82574952203055	106.10485451666456	0.002267581400904429	1.000088366895676
2.1067460396996376	1.907727827357489	0.06623974049100223	0.7575428870071339	0.09996107348369455	97.82574952203055	106.10485451666456	0.002267581400904429	1.000088366895676
2.1067460396996376	1.907727827357489	0.06623974049100223	0.7575428870071339	0.09996107348369455	97.82574952203055	106.10485451666456	0.002267581400904429	1.000088366895676
2.1067460396996376	1.907727827357489	0.06624209643568474	0.7575428870071339	0.09996107348369455	97.82574952203055	106.10485451666456	0.002267581400904429	1.000088366895676
2.1067460396996376	1.907727827357489	0.06624209643568474	0.7575428870071339	0.09996107348369455	97.82574952203055	106.10485451666456	0.0022677297221525444	1.000088366895676
2.1067460396996376	1.907727827357489	0.06624209643568474	0.7575182037384111	0.09996107348369455	97.82574952203055	106.10485451666456	0.0022677297221525444	1.000088366895676
2.1067460396996376	1.907727827357489	0.06624209643568474	0.7575182037384111	0.09996107348369455	97.82574952203055	106.10485451666456	0.0022677297221525444	1.000088366895676
2.1067460396996376	1.907727827357489	0.06624209643568474	0.7575182037384111	0.09996107348369455	97.82574952203055	106.10485451666456	0.0022677297221525444	1.000088366895676
2.1067460396996376	1.907727827357489	0.06624209643568474	0.7575182037384111	0.09996107348369455	97.82631931521269	106.10485451666456	0.0022677297221525444	1.000088366895676
2.1067460396996376	1.907727827357489	0.06624209643568474	0.7575182037384111	0.09996107348369455	97.8446014042739	106.10485451666456	0.0022677297221525444	1.000088366895676
2.1067460396996376	1.907727827357489	0.06624209643568474	0.7575182037384111	0.09996107348369455	97.8446014042739	106.10485451666456	0.0022677297221525444	1.0000909902320054
2.1067460396996376	1.907727827357489	0.06624209643568474	0.7575182037384111	0.09996107348369455	97.82073062157546	106.10485451666456	0.0022677297221525444	1.0000909902320054
2.1067460396996376	1.907727827357489	0.06624209643568474	0.7575182037384111	0.09996107348369455	97.82073062157546	106.10485451666456	0.0022677297221525444	1.0000909902320054
2.1067460396996376	1.9076072611625716	0.06624209643568474	0.7575182037384111	0.09996107348369455	97.82073062157546	106.10485451666456	0.0022677297221525444	1.0000909902320054
2.1067460396996376	1.9076072611625716	0.06624209643568474	0.757490089928498	0.09996107348369455	97.82073062157546	106.10485451666456	0.0022677297221525444	1.0000909902320054
2.1067460396996376	1.9076072611625716	0.06624209643568474	0.757490089928498	0.09997302811114042	97.82073062157546	106.10485451666456	0.0022677297221525444	1.0000909902320054
2.1067460396996376	1.9076072611625716	0.06624209643568474	0.757490089928498	0.09997302811114042	97.82073062157546	106.10485451666456	0.0022677297221525444	1.0000909902320054
2.1067460396996376	1.9076072611625716	0.06624209643568474	0.757490089928498	0.09997302811114042	97.82073062157546	106.10485451666456	0.0022677297221525444	1.0000909902320054
2.1067460396996376	1.9076072611625716	0.06624209643568474	0.757490089928498	0.09997302811114042	97.82073062157546	106.10485451666456	0.0022677297221525444	1.0000909902320054
2.1067460396996376	1.9076072611625716	0.06624209643568474	0.757490089928498	0.09997302811114042	97.82073062157546	106.09798270980832	0.0022677297221525444	1.0000909902320054
2.1067460396996376	1.9076072611625716	0.06624209643568474	0.757490089928498	0.09997302811114042	97.82073062157546	106.09798270980832	0.0022677297221525444	1.0000909902320054
2.1067460396996376	1.9076072611625716	0.06624209643568474	0.757490089928498	0.09997302811114042	97.82073062157546	106.09798270980832	0.0022677297221525444	1.0000909902320054
2.1057869026461242	1.9076072611625716	0.06624209643568474	0.757490089928498	0.09997302811114042	97.82073062157546	106.09798270980832	0.0022677297221525444	1.0000909902320054
2.105720993456722	1.9076072611625716	0.06624209643568474	0.757490089928498	0.09997302811114042	97.82073062157546	106.09798270980832	0.0022677297221525444	1.0000909902320054
2.105720993456722	1.9076085036441321	0.06624209643568474	0.757490089928498	0.09997302811114042	97.82073062157546	106.09798270980832	0.0022677297221525444	1.0000909902320054
2.105720993456722	1.9076085036441321	0.06624209643568474	0.757490089928498	0.09997302811114042	97.82073062157546	106.09729992425703	0.0022677297221525444	1.0000909902320054
2.105720993456722	1.9076085036441321	0.06624209643568474	0.7575580431993532	0.09997302811114042	97.82073062157546	106.09729992425703	0.0022677297221525444	1.0000909902320054
2.105720993456722	1.907512439995786	0.06624209643568474	0.7575580431993532	0.09997302811114042	97.82073062157546	106.09729992425703	0.0022677297221525444	1.0000909902320054
2.105720993456722	1.907512439995786	0.06624209643568474	0.7575580431993532	0.09997302811114042	97.82073062157546	106.00694417207472	0.0022677297221525444	1.0000909902320054
2.105720993456722	1.907512439995786	0.06624209643568474	0.7575580431993532	0.09997302811114042	97.82073062157546	106.00694417207472	0.0022677297221525444	1.0000909902320054
2.105720993456722	1.907512439995786	0.06624209643568474	0.7575580431993532	0.09997302811114042	97.82073062157546	106.00365883935356	0.0022677297221525444	1.0000909902320054
2.105720993456722	1.907512439995786	0.06624209643568474	0.7575580431993532	0.09997302811114042	97.82073062157546	106.00365883935356	0.0022677297221525444	1.0000909902320054
2.105720993456722	1.907512439995786	0.06624209643568474	0.7575580431993532	0.09997302811114042	97.82073062157546	106.00365883935356	0.002267639949410813	1.0000909902320054
2.105720993456722	1.907512439995786	0.06624209643568474	0.7575580431993532	0.09997302811114042	97.82073062157546	106.00365883935356	0.002267639949410813	1.0000909902320054
2.105720993456722	1.907512439995786	0.06624209643568474	0.7575580431993532	0.09997302811114042	97.82073062157546	106.00365883935356	0.002267639949410813	1.0000909902320054
2.105720993456722	1.907512439995786	0.06624209643568474	0.7575580431993532	0.09997302811114042	97.82073062157546	106.00365883935356	0.002267639949410813	1.0000909902320054
2.105720993456722	1.907512439995786	0.06624091261940768	0.7575580431993532	0.09997302811114042	97.82073062157546	106.00365883935356	0.002267639949410813	1.0000909902320054
2.105720993456722	1.907512439995786	0.06624091261940768	0.7575580431993532	0.09997302811114042	97.82073062157546	106.00365883935356	0.002267639949410813	1.0000909902320054
2.105720993456722	1.907512439995786	0.06624091261940768	0.7575580431993532	0.09997302811114042	97.82317234501886	106.00365883935356	0.002267639949410813	1.0000909902320054
2.105720993456722	1.9074890718342008	0.06624091261940768	0.7575580431993532	0.09997302811114042	97.82317234501886	106.00365883935356	0.002267639949410813	1.0000909902320054
2.105720993456722	1.9074890718342008	0.06624091261940768	0.7575580431993532	0.09997302811114042	97.82317234501886	106.00365883935356	0.002267639949410813	1.0000909902320054
2.105720993456722	1.9074890718342008	0.06624091261940768	0.7575580431993532	0.09997302811114042	97.82317234501886	106.00365883935356	0.0022767874246057557	1.0000909902320054
2.105720993456722	1.905967483835637	0.06624091261940768	0.7575580431993532	0.09997302811114042	97.82317234501886	106.00365883935356	0.0022767874246057557	1.0000909902320054
2.105720993456722	1.905967483835637	0.06624091261940768	0.7575580431993532	0.10000873092073348	97.82317234501886	106.00365883935356	0.0022767874246057557	1.0000909902320054
2.105720993456722	1.905967483835637	0.06624091261940768	0.7575580431993532	0.10000873092073348	97.82317234501886	106.00365883935356	0.0022767874246057557	1.0000909902320054
2.105720993456722	1.905967483835637	0.06624091261940768	0.7575580431993532	0.10000873092073348	97.82317234501886	106.00365883935356	0.0022767874246057557	1.0000909902320054
2.105720993456722	1.905967483835637	0.06624091261940768	0.7575580431993532	0.10000873092073348	97.82317234501886	106.00365883935356	0.0022767874246057557	1.0000909902320054
2.105720993456722	1.905967483835637	0.06624091261940768	0.7575580431993532	0.09999210769586032	97.82317234501886	106.00365883935356	0.0022767874246057557	1.0000909902320054
2.105720993456722	1.905967483835637	0.06624091261940768	0.7572088081581986	0.09999210769586032	97.82317234501886	106.00365883935356	0.0022767874246057557	1.0000909902320054
2.105720993456722	1.905967483835637	0.06624091261940768	0.7572088081581986	0.09999210769586032	97.82317234501886	106.00365883935356	0.0022767874246057557	1.0000909902320054
2.105720993456722	1.905967483835637	0.06624091261940768	0.7575911156912125	0.09999210769586032	97.82317234501886	106.00365883935356	0.0022767874246057557	1.0000909902320054
2.105720993456722	1.905967483835637	0.06624091261940768	0.7575911156912125	0.09999210769586032	97.82317234501886	106.00365883935356	0.0022767874246057557	1.0000909902320054
2.105720993456722	1.905967483835637	0.06624091261940768	0.7575911156912125	0.09999210769586032	97.82308272044625	106.00365883935356	0.0022767874246057557	1.0000909902320054
2.105720993456722	1.905967483835637	0.06624091261940768	0.7575911156912125	0.10013757231169096	97.82308272044625	106.00365883935356	0.0022767874246057557	1.0000909902320054
2.105720993456722	1.905967483835637	0.06624091261940768	0.7575911156912125	0.10013757231169096	97.82308272044625	106.00365883935356	0.0022767874246057557	1.0000909902320054
2.105720993456722	1.905967483835637	0.06624091261940768	0.7575911156912125	0.10016758373083692	97.82308272044625	106.00365883935356	0.0022767874246057557	1.0000909902320054
2.105720993456722	1.905967483835637	0.06624091261940768	0.7575911156912125	0.10016758373083692	97.82308272044625	105.99368673106358	0.0022767874246057557	1.0000909902320054
2.105720993456722	1.905967483835637	0.06624091261940768	0.7575911156912125	0.10016758373083692	97.82308272044625	105.99368673106358	0.0022767874246057557	1.0000909902320054
2.105617849057268	1.905967483835637	0.06624091261940768	0.7575911156912125	0.10016758373083692	97.82308272044625	105.99368673106358	0.0022767874246057557	1.0000909902320054
2.105617849057268	1.905967483835637	0.06624091261940768	0.7575911156912125	0.10016758373083692	97.82308272044625	105.99368673106358	0.0022878316640511406	1.0000909902320054
2.105617849057268	1.905967483835637	0.06624091261940768	0.7575927427012406	0.10016758373083692	97.82308272044625	105.99368673106358	0.0022878316640511406	1.0000909902320054
2.105617849057268	1.905967483835637	0.06624091261940768	0.7575927427012406	0.10016758373083692	97.82308272044625	105.99368673106358	0.0022878316640511406	1.0000909902320054
2.105617849057268	1.9060279261076005	0.06624091261940768	0.7575927427012406	0.10016758373083692	97.82308272044625	105.99368673106358	0.0022878316640511406	1.0000909902320054
2.105617849057268	1.9060279261076005	0.06624091261940768	0.7575927427012406	0.10016758373083692	97.82308272044625	105.99368673106358	0.0022878316640511406	1.0000909902320054
2.105617849057268	1.9060279261076005	0.06624091261940768	0.7575927427012406	0.10016758373083692	97.82308272044625	105.99368673106358	0.0022878316640511406	1.0000909902320054
2.1056335777406012	1.9060279261076005	0.06624091261940768	0.7575927427012406	0.10016758373083692	97.82308272044625	105.99368673106358	0.0022878316640511406	1.0000909902320054
2.1056335777406012	1.9060279261076005	0.06624091261940768	0.7575927427012406	0.10016758373083692	97.82308272044625	105.96314682738927	0.0022878316640511406	1.0000909902320054
2.1056335777406012	1.9060279261076005	0.06624091261940768	0.7575927427012406	0.10016758373083692	97.82308272044625	105.96314682738927	0.0022878316640511406	1.0000909902320054
2.1056335777406012	1.9060279261076005	0.06624091261940768	0.7575927427012406	0.10016758373083692	97.82308272044625	105.96314682738927	0.0022878316640511406	1.0000909902320054
2.1056335777406012	1.9060279261076005	0.06624091261940768	0.7575927427012406	0.10016758373083692	97.82308272044625	105.96314682738927	0.0022878316640511406	1.0000909902320054
2.1056335777406012	1.9060279261076005	0.06624091261940768	0.7575927427012406	0.10016758373083692	97.82308272044625	105.96314682738927	0.0022878316640511406	1.0000909902320054
2.1056335777406012	1.9060279261076005	0.06624091261940768	0.7575927427012406	0.10016758373083692	97.82308272044625	105.96316182500254	0.0022878316640511406	1.0000909902320054
2.1056335777406012	1.9060279261076005	0.06626916879697517	0.7575927427012406	0.10016758373083692	97.82308272044625	105.96316182500254	0.0022878316640511406	1.0000909902320054
2.1056335777406012	1.9060279261076005	0.06626916879697517	0.7575927427012406	0.10016758373083692	97.82308272044625	105.96316182500254	0.0022878316640511406	1.0000909902320054
2.1056335777406012	1.9060279261076005	0.06626916879697517	0.7575927427012406	0.10016758373083692	97.82308272044625	105.96316182500254	0.0022878316640511406	1.0000909902320054
2.1056335777406012	1.9060279261076005	0.06626916879697517	0.7575927427012406	0.10016758373083692	97.82308272044625	105.96316182500254	0.0022878316640511406	1.0000909902320054
2.1056335777406012	1.9060279261076005	0.06626916879697517	0.7575927427012406	0.10016758373083692	97.82308272044625	105.96316182500254	0.0022878316640511406	1.0000909902320054
2.1056335777406012	1.9060279261076005	0.06626916879697517	0.7575927427012406	0.10016758373083692	97.82308272044625	105.96316182500254	0.0022878316640511406	1.0000909902320054
2.1056335777406012	1.9060279261076005	0.06626916879697517	0.7575927427012406	0.10016956632168897	97.82308272044625	105.96316182500254	0.0022878316640511406	1.0000909902320054
2.1056335777406012	1.9060279261076005	0.06626916879697517	0.7575927427012406	0.10016956632168897	97.82308272044625	105.96316182500254	0.0022878316640511406	1.0000909902320054
2.1056335777406012	1.9060279261076005	0.06626916879697517	0.7575927427012406	0.10016956632168897	97.82308272044625	105.96316182500254	0.0022878316640511406	1.0000909902320054
2.1056335777406012	1.9060279261076005	0.06626916879697517	0.7575927427012406	0.10016956632168897	97.82308272044625	105.96316182500254	0.0022878316640511406	1.0000909902320054
2.1056335777406012	1.9060279261076005	0.06626916879697517	0.7575927427012406	0.10017597695094826	97.82308272044625	105.96316182500254	0.0022878316640511406	1.0000909902320054
2.1056335777406012	1.9060279261076005	0.06626916879697517	0.7575927427012406	0.10017597695094826	97.82308272044625	105.96316182500254	0.0022878316640511406	1.0000909902320054
2.1056335777406012	1.9060279261076005	0.06626916879697517	0.7575927427012406	0.10017597695094826	97.82308272044625	104.67071134361439	0.0022878316640511406	1.0000909902320054
2.1056335777406012	1.9060279261076005	0.06626916879697517	0.7575927427012406	0.10013969571997	97.82308272044625	104.67071134361439	0.0022878316640511406	1.0000909902320054
2.1056335777406012	1.9060279261076005	0.06626916879697517	0.7575927427012406	0.10013969571997	97.82308272044625	105.58472036553013	0.0022878316640511406	1.0000909902320054
2.1056335777406012	1.9060279261076005	0.06626916879697517	0.7575878693406676	0.10013969571997	97.82308272044625	105.58472036553013	0.0022878316640511406	1.0000909902320054
2.1056335777406012	1.9060279261076005	0.06626916879697517	0.7575878693406676	0.10013969571997	97.82308272044625	105.58472036553013	0.002154476677372242	1.0000909902320054
2.1056335777406012	1.9060279261076005	0.06626916879697517	0.7575878693406676	0.10013969571997	97.82308272044625	105.58472036553013	0.002154476677372242	1.0000909902320054
2.1056335777406012	1.9060279261076005	0.06626916879697517	0.7575878693406676	0.10013969571997	97.82308272044625	105.58472036553013	0.002154476677372242	1.0000909902320054
2.1055927391678004	1.9060279261076005	0.06626916879697517	0.7575878693406676	0.10013969571997	97.82308272044625	105.58472036553013	0.002154476677372242	1.0000909902320054
2.1055927391678004	1.9060279261076005	0.06626916879697517	0.7575878693406676	0.10013969571997	97.82308272044625	105.58472036553013	0.002154476677372242	1.0000909902320054
2.1055927391678004	1.9060279261076005	0.06626916879697517	0.7575878693406676	0.10013969571997	97.82319007454339	105.58472036553013	0.002154476677372242	1.0000909902320054
2.1055927391678004	1.9060279261076005	0.06626916879697517	0.7575878693406676	0.10013969571997	97.82319007454339	105.58472036553013	0.002154476677372242	1.0000909902320054
2.1055927391678004	1.9060279261076005	0.06626916879697517	0.7575878693406676	0.10013969571997	97.82319007454339	105.58472036553013	0.002154476677372242	1.0000909902320054
2.1055927391678004	1.9060279261076005	0.06626916879697517	0.7575878693406676	0.10013969571997	97.82319007454339	105.58472036553013	0.002154476677372242	1.0000909902320054
2.1055887262274586	1.9060279261076005	0.06626916879697517	0.7575878693406676	0.10013969571997	97.82319007454339	105.58472036553013	0.002154476677372242	1.0000909902320054
2.1055887262274586	1.9060279261076005	0.06626916879697517	0.7575878693406676	0.10013969571997	97.82319007454339	105.58472036553013	0.002154476677372242	1.000090867439598
2.1055887262274586	1.9060279261076005	0.06626916879697517	0.7575878693406676	0.10013969571997	97.82319007454339	105.58472036553013	0.002154476677372242	1.0000910774707943
2.1055928815696703	1.9060279261076005	0.06626916879697517	0.7575878693406676	0.10013969571997	97.82319007454339	105.58472036553013	0.002154476677372242	1.0000910774707943
2.1055928815696703	1.9060279261076005	0.06626916879697517	0.7575878693406676	0.10013969571997	97.82319007454339	105.58472036553013	0.0021917187394441067	1.0000910774707943
2.1055928815696703	1.906027617725152	0.06626916879697517	0.7575878693406676	0.10013969571997	97.82319007454339	105.58472036553013	0.0021917187394441067	1.0000910774707943
2.1055928815696703	1.906027617725152	0.06626916879697517	0.7575878693406676	0.10013969571997	97.82319007454339	105.58472036553013	0.0021917157257323066	1.0000910774707943
2.1055928815696703	1.906027617725152	0.06626916879697517	0.7575878693406676	0.10013969571997	97.82340141723546	105.58472036553013	0.0021917157257323066	1.0000910774707943
2.1055928815696703	1.906027617725152	0.06626916879697517	0.7575878693406676	0.10013969571997	97.82340141723546	105.58472036553013	0.0021917157257323066	1.0000910774707943
2.1055928815696703	1.906027617725152	0.06626916879697517	0.7575914578462912	0.10013969571997	97.82340141723546	105.58472036553013	0.0021917157257323066	1.0000910774707943
2.1055928815696703	1.906027617725152	0.06625939365002345	0.7575914578462912	0.10013969571997	97.82340141723546	105.58472036553013	0.0021917157257323066	1.0000910774707943
2.1055928815696703	1.906024547287294	0.06625939365002345	0.7575914578462912	0.10013969571997	97.82340141723546	105.58472036553013	0.0021917157257323066	1.0000910774707943
2.1055928815696703	1.9060187705013978	0.06625939365002345	0.7575914578462912	0.10013969571997	97.82340141723546	105.58472036553013	0.0021917157257323066	1.0000910774707943
2.1055928815696703	1.9060187705013978	0.06625939365002345	0.7575914578462912	0.10013969571997	97.82340141723546	105.58472036553013	0.0021917157257323066	1.0000910774707943
2.1055928815696703	1.9060602323462432	0.06625939365002345	0.7575914578462912	0.10013969571997	97.82340141723546	105.58472036553013	0.0021917157257323066	1.0000910774707943
2.1055928815696703	1.9060602323462432	0.06625939365002345	0.7575914578462912	0.10003701675036038	97.82340141723546	105.58472036553013	0.0021917157257323066	1.0000910774707943
2.1055928815696703	1.9060602323462432	0.06625939365002345	0.7575914578462912	0.10003701675036038	97.82340141723546	105.58472036553013	0.0021917157257323066	1.0000910774707943
2.1055928815696703	1.9060602323462432	0.06625939365002345	0.7575914578462912	0.10003701675036038	97.82340141723546	105.73323367927665	0.0021917157257323066	1.0000910774707943
2.1055928815696703	1.906062351801883	0.06625939365002345	0.7575914578462912	0.10003701675036038	97.82340141723546	105.73323367927665	0.0021917157257323066	1.0000910774707943
2.1055928815696703	1.906062351801883	0.06625939365002345	0.7575914578462912	0.10003701675036038	97.82340141723546	105.73323367927665	0.0021917157257323066	1.000091097936234
2.1055928815696703	1.906062351801883	0.06625939365002345	0.7575914578462912	0.10003701675036038	97.82340141723546	105.73323367927665	0.0021917157257323066	1.000091097936234
2.1055928815696703	1.906062351801883	0.06625939365002345	0.7575914578462912	0.10003695277952478	97.82340141723546	105.73323367927665	0.0021917157257323066	1.000091097936234
2.1055928815696703	1.906062351801883	0.06625939365002345	0.7575914578462912	0.1000368948386825	97.82340141723546	105.73323367927665	0.0021917157257323066	1.000091097936234
2.1055928815696703	1.906062351801883	0.06625939365002345	0.7575914578462912	0.1000368948386825	97.82340141723546	105.73323367927665	0.0021917157257323066	1.000091097936234
2.1055928815696703	1.906062351801883	0.06625939365002345	0.7575914578462912	0.10003679323702368	97.82340141723546	105.73323367927665	0.0021917157257323066	1.000091097936234
2.1055928815696703	1.906062351801883	0.06625939365002345	0.7575914578462912	0.10003679323702368	97.82340141723546	105.73323367927665	0.0021917157257323066	1.000091097936234
2.1055928815696703	1.906062351801883	0.06625939365002345	0.7575914578462912	0.10003679323702368	97.82340141723546	105.73323367927665	0.0021917157257323066	1.000091097936234
2.1055928815696703	1.906062351801883	0.06625939365002345	0.7575914578462912	0.10004443696984315	97.82340141723546	105.73323367927665	0.0021917157257323066	1.000091097936234
2.1055928815696703	1.906062351801883	0.06625939365002345	0.7575914578462912	0.10004443696984315	97.82340141723546	105.73323367927665	0.0021917157257323066	1.000091097936234
2.1055928815696703	1.906062351801883	0.06625939365002345	0.7575914578462912	0.10004443696984315	97.82340141723546	105.73323367927665	0.0021917157257323066	1.000091097936234
2.1055961994981187	1.906062351801883	0.06625939365002345	0.7575914578462912	0.10004443696984315	97.82340141723546	105.73323367927665	0.0021917157257323066	1.000091097936234
2.1055961994981187	1.906062351801883	0.06625939365002345	0.7575914578462912	0.10004443696984315	97.82340141723546	105.73323367927665	0.0021917157257323066	1.000091097936234
2.1055961994981187	1.906062351801883	0.06625939365002345	0.7575914578462912	0.10004443696984315	97.82340141723546	105.73323367927665	0.0021917157257323066	1.000091097936234
2.1055961994981187	1.906062351801883	0.06625939365002345	0.7575914578462912	0.10004443696984315	97.82340141723546	105.73332847359343	0.0021917157257323066	1.000091097936234
2.105595621033794	1.906062351801883	0.06625939365002345	0.7575914578462912	0.10004443696984315	97.82340141723546	105.73332847359343	0.0021917157257323066	1.000091097936234
2.105595621033794	1.906062351801883	0.06625939365002345	0.7575914578462912	0.10004443696984315	97.82340141723546	105.73332847359343	0.0021917157257323066	1.000091097936234
2.105595621033794	1.906062351801883	0.06625939365002345	0.7575914578462912	0.10004443696984315	97.82340141723546	105.73332847359343	0.0021917157257323066	1.000091097936234
2.105595621033794	1.906062351801883	0.06625939365002345	0.7575914578462912	0.10004443696984315	97.82340141723546	105.73332847359343	0.0021917157257323066	1.000091097936234
2.105595621033794	1.906062351801883	0.06625939365002345	0.7575914578462912	0.10004443696984315	97.82340141723546	105.78464240981553	0.0021917157257323066	1.000091097936234
2.105595621033794	1.906062351801883	0.06625939365002345	0.7575914578462912	0.10004443696984315	97.82340141723546	105.69393577757621	0.0021917157257323066	1.000091097936234
2.105595621033794	1.906062351801883	0.06625939365002345	0.7575914578462912	0.10004443696984315	97.82340141723546	105.69393577757621	0.0021917157257323066	1.000091097936234
2.105595621033794	1.906062351801883	0.06625939365002345	0.7575914578462912	0.10004443696984315	97.82340141723546	105.69393577757621	0.0021917157257323066	1.000091097936234
2.105595621033794	1.906062351801883	0.0662528464620361	0.7575914578462912	0.10004443696984315	97.82340141723546	105.69393577757621	0.0021917157257323066	1.000091097936234
2.105595621033794	1.906062351801883	0.0662528464620361	0.7575914578462912	0.10004443696984315	97.82340141723546	105.69393577757621	0.0021917157257323066	1.000091097936234
2.105595621033794	1.906062351801883	0.0662528464620361	0.7575914578462912	0.10004443696984315	97.82340141723546	105.69393577757621	0.0021391576839577845	1.000091097936234
2.105595621033794	1.906062351801883	0.0662528464620361	0.7575914578462912	0.1000444253795624	97.82340141723546	105.69393577757621	0.0021391576839577845	1.000091097936234
2.105595621033794	1.906062351801883	0.0662528464620361	0.7575914578462912	0.1000444253795624	97.82340141723546	105.69393577757621	0.0021391576839577845	1.000091097936234
2.105595621033794	1.906062351801883	0.0662528464620361	0.7575914578462912	0.1000444253795624	97.82340141723546	105.69393577757621	0.0021391576839577845	1.000091097936234
2.105595621033794	1.906062351801883	0.0662528464620361	0.7575914578462912	0.1000444253795624	97.82340141723546	105.69393577757621	0.0021391576839577845	1.000091097936234
2.105595621033794	1.906062351801883	0.0662528464620361	0.7575914578462912	0.1000444253795624	97.82340141723546	105.69393577757621	0.0021391576839577845	1.0000913944372507
2.1079618793594013	1.906062351801883	0.0662528464620361	0.7575914578462912	0.1000444253795624	97.82340141723546	105.69393577757621	0.0021391576839577845	1.0000913944372507
2.1079618793594013	1.906062351801883	0.0662528464620361	0.7575914578462912	0.1000444253795624	97.82340141723546	105.71705254182602	0.0021391576839577845	1.0000913944372507
2.1079618793594013	1.906062351801883	0.06624828991994766	0.7575914578462912	0.1000444253795624	97.82340141723546	105.71705254182602	0.0021391576839577845	1.0000913944372507
2.1079618793594013	1.906062351801883	0.06624828991994766	0.7575914578462912	0.1000444253795624	97.82340141723546	105.71705254182602	0.0021391576839577845	1.0000913944372507
2.1079618793594013	1.906062351801883	0.06624828991994766	0.7575914578462912	0.1000444253795624	97.82340141723546	105.71705254182602	0.0021391576839577845	1.0000913944372507
2.105719284749994	1.906062351801883	0.06624828991994766	0.7575914578462912	0.1000444253795624	97.82340141723546	105.71705254182602	0.0021391576839577845	1.0000913944372507
2.105719284749994	1.906062351801883	0.06624828991994766	0.7575914578462912	0.1000444253795624	97.82340141723546	105.71705254182602	0.0021391576839577845	1.0000913944372507
2.105719284749994	1.906062351801883	0.06624828991994766	0.7575914578462912	0.1000444253795624	97.82340141723546	105.71705254182602	0.0021391576839577845	1.0000913944372507
2.105719284749994	1.906062351801883	0.06624828991994766	0.7575914578462912	0.1000444253795624	97.82340141723546	105.71705254182602	0.0021391576839577845	1.0000913944372507
2.105719284749994	1.906062351801883	0.06624828991994766	0.7575914578462912	0.1000444253795624	97.82340141723546	105.71705254182602	0.0021391576839577845	1.0000913944372507
2.105719284749994	1.906062351801883	0.06624828991994766	0.7575914578462912	0.1000444253795624	97.82340141723546	105.71705254182602	0.0021391576839577845	1.0000913944372507
2.105719284749994	1.906062351801883	0.06624828991994766	0.7575914578462912	0.10003844586630793	97.82340141723546	105.71705254182602	0.0021391576839577845	1.0000913944372507
2.105719284749994	1.906062351801883	0.06624828991994766	0.7575914578462912	0.10003844586630793	97.82340141723546	105.71705254182602	0.0021391576839577845	1.0000913944372507
2.105719284749994	1.906062351801883	0.06624828991994766	0.7575914578462912	0.10003844586630793	97.82340141723546	105.71705254182602	0.002132171704386454	1.0000913944372507
2.105719284749994	1.906062351801883	0.06624828991994766	0.7575914578462912	0.10003844586630793	97.82340141723546	105.79231260616899	0.002132171704386454	1.0000913944372507
2.105719284749994	1.906062351801883	0.06624828991994766	0.7575914578462912	0.10003844586630793	97.82340141723546	105.79231260616899	0.002132171704386454	1.0000913944372507
2.105654831352224	1.906062351801883	0.06624828991994766	0.7575914578462912	0.10003844586630793	97.82340141723546	105.79231260616899	0.002132171704386454	1.0000913944372507
2.105654831352224	1.906062351801883	0.06624828991994766	0.7575914578462912	0.10003844586630793	97.82340141723546	105.79231260616899	0.002132171704386454	1.0000913944372507
2.105654831352224	1.906062351801883	0.06624828991994766	0.7575914578462912	0.10003844586630793	97.82340141723546	105.79441151039981	0.002132171704386454	1.0000913944372507
2.105654831352224	1.906062351801883	0.06624828991994766	0.7575914578462912	0.10003844586630793	97.82340141723546	105.79441151039981	0.002132171704386454	1.0000913944372507
2.105654831352224	1.906062351801883	0.06624828991994766	0.7575914578462912	0.10003844586630793	97.82340141723546	105.79441151039981	0.002132171704386454	1.0000913944372507
2.105654831352224	1.906062351801883	0.06624828991994766	0.7575914578462912	0.10003844586630793	97.82340141723546	105.79441151039981	0.002132171704386454	1.0000913944372507
2.105654831352224	1.906059055154088	0.06624828991994766	0.7575914578462912	0.10003844586630793	97.82340141723546	105.79441151039981	0.002132171704386454	1.0000913944372507
2.105654831352224	1.906059055154088	0.06624828991994766	0.7575914578462912	0.10003844586630793	97.82340141723546	105.43895579742728	0.002132171704386454	1.0000913944372507
2.105654831352224	1.9062919123461957	0.06624828991994766	0.7575914578462912	0.10003844586630793	97.82340141723546	105.43895579742728	0.002132171704386454	1.0000913944372507
2.105654831352224	1.9062919123461957	0.06624828991994766	0.7575914578462912	0.10003844586630793	97.8234192491902	105.43895579742728	0.002132171704386454	1.0000913944372507
2.1056565735110024	1.9062919123461957	0.06624828991994766	0.7575914578462912	0.10003844586630793	97.8234192491902	105.43895579742728	0.002132171704386454	1.0000913944372507
2.1056565735110024	1.9062919123461957	0.06624828991994766	0.7575914578462912	0.10003844586630793	97.8234192491902	105.43895579742728	0.002132171704386454	1.0000913944372507
2.1056565735110024	1.9062919123461957	0.06624828991994766	0.7575914578462912	0.10003844586630793	97.8234192491902	105.43895579742728	0.002132171704386454	1.0000913944372507
2.1056565735110024	1.9062919123461957	0.06624828991994766	0.7575914578462912	0.1000600711124198	97.8234192491902	105.43895579742728	0.002132171704386454	1.0000913944372507
2.1056565735110024	1.9062919123461957	0.06624828991994766	0.7575914578462912	0.1000600711124198	97.8234192491902	105.43895579742728	0.002132171704386454	1.0000913944372507
2.1056511704281764	1.9062919123461957	0.06624828991994766	0.7575914578462912	0.1000600711124198	97.8234192491902	105.43895579742728	0.002132171704386454	1.0000913944372507
2.1056511704281764	1.9062919123461957	0.06624828991994766	0.7575914578462912	0.1000600711124198	97.8234192491902	105.43895579742728	0.002132171704386454	1.0000913944372507
2.1056511704281764	1.9062919123461957	0.06624828991994766	0.7575914578462912	0.1000600711124198	97.8234192491902	114.09367929996992	0.002132171704386454	1.0000913944372507
2.1056511704281764	1.9062919123461957	0.06624828991994766	0.7575914578462912	0.1000600711124198	97.8234192491902	114.09367929996992	0.002132171704386454	1.0000913944372507
2.1056511704281764	1.9062919123461957	0.06624828991994766	0.7575914578462912	0.1000600711124198	97.8234192491902	114.09367929996992	0.002132171704386454	1.0000913944372507
2.1056511704281764	1.9062919123461957	0.06624828991994766	0.7575914578462912	0.1000600711124198	97.8234192491902	114.09367929996992	0.002132171704386454	1.0000913944372507
2.1056511704281764	1.9062919123461957	0.06624828991994766	0.7575914578462912	0.1000600711124198	97.8234192491902	114.09367929996992	0.002132171704386454	1.0000913944372507
2.1056739366825967	1.9062919123461957	0.06624828991994766	0.7575914578462912	0.1000600711124198	97.8234192491902	114.09367929996992	0.002132171704386454	1.0000913944372507
2.1056739366825967	1.9062919123461957	0.06624828991994766	0.7575914578462912	0.1000600711124198	97.8234192491902	114.09367929996992	0.002132171704386454	1.0000913944372507
2.1056739366825967	1.9062919123461957	0.06624828991994766	0.7575914578462912	0.1000600711124198	97.8234192491902	114.09367929996992	0.002132171704386454	1.0000913944372507
2.1056739366825967	1.9062919123461957	0.06624828991994766	0.7575914578462912	0.1000600711124198	97.8234192491902	114.09367929996992	0.002132171704386454	1.0000913944372507
2.1056739366825967	1.9062919123461957	0.06624828991994766	0.7575914578462912	0.1000600711124198	97.8234192491902	114.09367929996992	0.002132171704386454	1.0000913944372507
2.1056739366825967	1.9062919123461957	0.06624828991994766	0.7575914578462912	0.1000600711124198	97.8234192491902	114.09367929996992	0.002132171704386454	1.0000913944372507
2.1056739366825967	1.9062919123461957	0.06624828991994766	0.7575914578462912	0.1000600711124198	97.8234192491902	114.09343551457816	0.002132171704386454	1.0000913944372507
2.1056739366825967	1.9062919123461957	0.06624828991994766	0.7575914578462912	0.1000600711124198	97.8234192491902	114.09343551457816	0.002132171704386454	1.0000913944372507
2.1056739366825967	1.9062919123461957	0.06624828991994766	0.7575914578462912	0.1000600711124198	97.8234192491902	114.09343551457816	0.002132171704386454	1.0000913944372507
2.1056739366825967	1.9062947069476022	0.06624828991994766	0.7575914578462912	0.1000600711124198	97.8234192491902	114.09343551457816	0.002132171704386454	1.0000913944372507
2.1056739366825967	1.9062959061322813	0.06624828991994766	0.7575914578462912	0.1000600711124198	97.8234192491902	114.09343551457816	0.002132171704386454	1.0000913944372507
2.1056739366825967	1.9062959061322813	0.06624828991994766	0.7575914578462912	0.1000600711124198	97.8234192491902	114.09343551457816	0.002132171704386454	1.0000913944372507
2.1056739366825967	1.9062959061322813	0.06624828991994766	0.7575914578462912	0.1000600711124198	97.8234192491902	114.09343551457816	0.002132171704386454	1.0000913944372507
2.1056739366825967	1.9062959061322813	0.06624828991994766	0.7575914578462912	0.1000600711124198	97.82349479435625	114.09343551457816	0.002132171704386454	1.0000913944372507
2.1056739366825967	1.9062959061322813	0.06624828991994766	0.7575914578462912	0.1000600711124198	97.82349479435625	114.09343551457816	0.002132171704386454	1.0000937152304945
2.1056739366825967	1.9062959061322813	0.06624828991994766	0.7575914578462912	0.1000600711124198	97.82349479435625	114.09343551457816	0.002132171704386454	1.0000937152304945
2.1056739366825967	1.9062959061322813	0.06624828991994766	0.7575914578462912	0.1000600711124198	97.82349479435625	114.08102394271471	0.002132171704386454	1.0000937152304945
2.1056739366825967	1.9062959061322813	0.06624828991994766	0.7575914578462912	0.1000600711124198	97.82349479435625	114.08102394271471	0.002132171704386454	1.0000937152304945
2.1056739366825967	1.9062959061322813	0.06624828991994766	0.7575914578462912	0.1000600711124198	97.82349479435625	114.08102394271471	0.002132171704386454	1.0000937152304945
2.1056739366825967	1.9063249316655206	0.06624828991994766	0.7575914578462912	0.1000600711124198	97.82349479435625	114.08102394271471	0.002132171704386454	1.0000937152304945
2.1056739366825967	1.9063249316655206	0.06624828991994766	0.7575914578462912	0.1000600711124198	97.82349479435625	114.08102394271471	0.002132171704386454	1.0000937152304945
2.1056739366825967	1.9063249316655206	0.06624828991994766	0.7575914578462912	0.1000600711124198	97.81148508781328	114.08102394271471	0.002132171704386454	1.0000937152304945
2.1056739366825967	1.9063249316655206	0.06624828991994766	0.7575914578462912	0.1000600711124198	97.81148508781328	114.08102394271471	0.002132171704386454	1.0000937152304945
2.1056739366825967	1.9063249316655206	0.06624828991994766	0.7575914578462912	0.1000600711124198	97.81148508781328	114.08102394271471	0.002132171704386454	1.0000937152304945
2.105673845516707	1.9063249316655206	0.06624828991994766	0.7575914578462912	0.1000600711124198	97.81148508781328	114.08102394271471	0.002132171704386454	1.0000937152304945
2.1056757101940424	1.9063249316655206	0.06624828991994766	0.7575914578462912	0.1000600711124198	97.81148508781328	114.08102394271471	0.002132171704386454	1.0000937152304945
2.1056757101940424	1.9063249316655206	0.06624828991994766	0.7575914578462912	0.1000600711124198	97.8109578054229	114.08102394271471	0.002132171704386454	1.0000937152304945
2.1056757101940424	1.9063249316655206	0.06624828991994766	0.7575914578462912	0.1000600711124198	97.8109578054229	114.08102394271471	0.002132171704386454	1.0000937152304945
2.1056757101940424	1.9063249316655206	0.06624828991994766	0.7575914578462912	0.1000600711124198	97.8109578054229	114.08102394271471	0.002132171704386454	1.0000937152304945
2.1056757101940424	1.9063249316655206	0.06624828991994766	0.7575914578462912	0.10006726525004445	97.8109578054229	114.08102394271471	0.002132171704386454	1.0000937152304945
2.1056757101940424	1.9063249316655206	0.06624828991994766	0.7575914578462912	0.10006726525004445	97.81043817507519	114.08102394271471	0.002132171704386454	1.0000937152304945
2.1056757101940424	1.9063249316655206	0.06624828991994766	0.7575914578462912	0.10006726525004445	97.81043817507519	114.08102394271471	0.002132171704386454	1.0000937152304945
2.1056757101940424	1.9063249316655206	0.06624828991994766	0.7575914578462912	0.10006726525004445	97.81043817507519	114.08102394271471	0.002132171704386454	1.0000937152304945
2.1056757101940424	1.9063249316655206	0.06624828991994766	0.7575914578462912	0.10006726525004445	97.81043817507519	114.08102394271471	0.002132171704386454	1.0000937152304945
2.1056757101940424	1.9063249316655206	0.06624828991994766	0.7575914578462912	0.10006726525004445	97.81043817507519	114.08102394271471	0.002132171704386454	1.0000937152304945
2.1056757101940424	1.9063237013013536	0.06624828991994766	0.7575914578462912	0.10006726525004445	97.81043817507519	114.08102394271471	0.002132171704386454	1.0000937152304945
2.1056697212023474	1.9063237013013536	0.06624828991994766	0.7575914578462912	0.10006726525004445	97.81043817507519	114.08102394271471	0.002132171704386454	1.0000937152304945
2.1056697212023474	1.9063237013013536	0.06624828991994766	0.7575914578462912	0.10006726525004445	97.81043817507519	114.08102394271471	0.002132171704386454	1.0000937152304945
2.1056697212023474	1.9063237013013536	0.06624828991994766	0.7575914578462912	0.10006726525004445	97.81043817507519	114.08102394271471	0.002106407842623427	1.0000937152304945
2.1056697212023474	1.9063237013013536	0.06624828991994766	0.7575914578462912	0.10006726525004445	97.81152889176887	114.08102394271471	0.002106407842623427	1.0000937152304945
2.105671458149198	1.9063237013013536	0.06624828991994766	0.7575914578462912	0.10006726525004445	97.81152889176887	114.08102394271471	0.002106407842623427	1.0000937152304945
2.105671458149198	1.9063237013013536	0.06624828991994766	0.7575914578462912	0.10006740679285961	97.81152889176887	114.08102394271471	0.002106407842623427	1.0000937152304945
2.105671458149198	1.9063237013013536	0.06624828991994766	0.7575914578462912	0.10006740679285961	97.81152889176887	114.08102394271471	0.002106407842623427	1.0000937152304945
2.105671458149198	1.9063237013013536	0.06624828991994766	0.7575914578462912	0.10006740679285961	97.81152889176887	114.08102394271471	0.002106407842623427	1.0000937152304945
2.105671458149198	1.9063237013013536	0.06624828991994766	0.7575914578462912	0.10006740679285961	97.81152889176887	114.08102394271471	0.002106407842623427	1.0000937152304945
2.105671458149198	1.9063237013013536	0.06624794428495369	0.7575914578462912	0.10006740679285961	97.81152889176887	114.08102394271471	0.002106407842623427	1.0000937152304945
2.105671458149198	1.9063237013013536	0.06624794428495369	0.7575914578462912	0.10006740679285961	97.81152889176887	114.08102394271471	0.002106407842623427	1.0000937152304945
2.1056708349654856	1.9063237013013536	0.06624794428495369	0.7575914578462912	0.10006740679285961	97.81152889176887	114.08102394271471	0.002106407842623427	1.0000937152304945
2.1056708349654856	1.9063237013013536	0.06624794428495369	0.7575914578462912	0.10006740679285961	97.81152889176887	114.08102394271471	0.002106407842623427	1.0000937152304945
2.1056708349654856	1.9063237013013536	0.06624794428495369	0.7575914578462912	0.10006740679285961	97.81152889176887	114.08102394271471	0.002106407842623427	1.0000937152304945
2.1056708349654856	1.9063237013013536	0.06624794428495369	0.7577333693629563	0.10006740679285961	97.81152889176887	114.08102394271471	0.002106407842623427	1.0000937152304945
2.1056708349654856	1.9063237013013536	0.06624794428495369	0.7577333693629563	0.10006740679285961	97.81152889176887	114.08102394271471	0.002106407842623427	1.0000937152304945
2.1056708349654856	1.9063237013013536	0.06624794428495369	0.7577333693629563	0.10006740679285961	97.81152889176887	114.08102394271471	0.002106407842623427	1.0000937152304945
2.1056708349654856	1.9063237013013536	0.06624986695892646	0.7577333693629563	0.10006740679285961	97.81152889176887	114.08102394271471	0.002106407842623427	1.0000937152304945
2.1056708349654856	1.9063237013013536	0.06624986695892646	0.7577333693629563	0.10006740679285961	97.81152889176887	114.08102394271471	0.002106407842623427	1.0000937152304945
2.1056708349654856	1.9063237013013536	0.06624986695892646	0.7577333693629563	0.10006740679285961	97.81152889176887	114.08102394271471	0.002106407842623427	1.0000937152304945
2.1056708349654856	1.9063237013013536	0.06624986695892646	0.7577333693629563	0.10006733039579276	97.81152889176887	114.08102394271471	0.002106407842623427	1.0000937152304945
2.1056708349654856	1.9063237013013536	0.06624986695892646	0.7577333693629563	0.10006733039579276	97.81152889176887	114.08102394271471	0.002132953392382295	1.0000937152304945
2.1056707662769516	1.9063237013013536	0.06624986695892646	0.7577333693629563	0.10006733039579276	97.81152889176887	114.08102394271471	0.002132953392382295	1.0000937152304945
2.1056707662769516	1.9063237013013536	0.06624986695892646	0.7577333693629563	0.10006733039579276	97.81152889176887	114.08102394271471	0.002132953392382295	1.0000937152304945
2.1056707662769516	1.9063237013013536	0.06624986695892646	0.7577333693629563	0.10006733039579276	97.81152889176887	114.08102394271471	0.002132856489837147	1.0000937152304945
2.1056707662769516	1.9063237013013536	0.06624986695892646	0.7577333693629563	0.10006733039579276	97.81152889176887	114.08102394271471	0.002132856489837147	1.0000937152304945
2.1056707662769516	1.9063237013013536	0.06624986695892646	0.7577333693629563	0.10006873537879778	97.81152889176887	114.08102394271471	0.002132856489837147	1.0000937152304945
2.1056707662769516	1.9063237013013536	0.06624986695892646	0.7577333693629563	0.10006873537879778	97.81152889176887	114.08102394271471	0.0021330642450007754	1.0000937152304945
2.1056707662769516	1.9063237013013536	0.06624990839954989	0.7577333693629563	0.10006873537879778	97.81152889176887	114.08102394271471	0.0021330642450007754	1.0000937152304945
2.1056707662769516	1.9063237013013536	0.06624990839954989	0.7577333693629563	0.10006873537879778	97.81152889176887	114.08102394271471	0.0021330642450007754	1.0000937152304945
2.1056707662769516	1.9063237013013536	0.06627839883829917	0.7577333693629563	0.10006873537879778	97.81152889176887	114.08102394271471	0.0021330642450007754	1.0000937152304945
2.1056707662769516	1.9063237013013536	0.06627839883829917	0.7577333693629563	0.10006873537879778	97.81152889176887	114.08102394271471	0.0021330642450007754	1.0000937152304945
2.1056707662769516	1.9063237013013536	0.06627839883829917	0.7577333693629563	0.10006873537879778	97.81152889176887	114.08102394271471	0.0021330642450007754	1.0000927665969506
2.1056707662769516	1.9063237013013536	0.06627839883829917	0.7577874858409049	0.10006873537879778	97.81152889176887	114.08102394271471	0.0021330642450007754	1.0000927665969506
2.1056079080417076	1.9063237013013536	0.06627839883829917	0.7577874858409049	0.10006873537879778	97.81152889176887	114.08102394271471	0.0021330642450007754	1.0000927665969506
2.1056079080417076	1.9063237013013536	0.06627839883829917	0.7577874858409049	0.10006873537879778	97.81152889176887	114.08102394271471	0.0021330642450007754	1.0000927665969506
2.1056079080417076	1.9063237013013536	0.06627839883829917	0.7577874858409049	0.10006873537879778	97.81152889176887	114.08102394271471	0.0021330642450007754	1.0000927665969506
2.1056079080417076	1.9063237013013536	0.06627839883829917	0.7577065708120942	0.10006873537879778	97.81152889176887	114.08102394271471	0.0021330642450007754	1.0000927665969506
2.1056079080417076	1.9062951785757873	0.06627839883829917	0.7577065708120942	0.10006873537879778	97.81152889176887	114.08102394271471	0.0021330642450007754	1.0000927665969506
2.1056079080417076	1.9062951785757873	0.06628259852832415	0.7577065708120942	0.10006873537879778	97.81152889176887	114.08102394271471	0.0021330642450007754	1.0000927665969506
2.1056079080417076	1.9062951785757873	0.06628259852832415	0.7577065708120942	0.10006873537879778	97.81152889176887	114.08102394271471	0.002133123741699917	1.0000927665969506
2.1056079080417076	1.9062951785757873	0.06628259852832415	0.7577065708120942	0.10006873537879778	97.81153200011389	114.08102394271471	0.002133123741699917	1.0000927665969506
2.1056079080417076	1.9062951785757873	0.06628259852832415	0.7577065708120942	0.10006873537879778	97.81153200011389	114.08102394271471	0.002133123741699917	1.0000927665969506
2.1056079080417076	1.9062951785757873	0.06628259852832415	0.7577065708120942	0.10006873537879778	97.81153200011389	114.08102394271471	0.002133123741699917	1.0000927665969506
2.1056079080417076	1.9062950660505775	0.06628259852832415	0.7577065708120942	0.10006873537879778	97.81153200011389	114.08102394271471	0.002133123741699917	1.0000927665969506
2.1055290481336635	1.9062950660505775	0.06628259852832415	0.7577065708120942	0.10006873537879778	97.81153200011389	114.08102394271471	0.002133123741699917	1.0000927665969506
2.1055290481336635	1.9062950660505775	0.06628259852832415	0.7577065708120942	0.10006873537879778	97.80325501427372	114.08102394271471	0.002133123741699917	1.0000927665969506
2.1055290481336635	1.9062950660505775	0.06628259852832415	0.7577065708120942	0.10006873537879778	97.80325501427372	114.08102394271471	0.002133123741699917	1.0000927665969506
2.1055290481336635	1.9062950660505775	0.06628259852832415	0.7577065708120942	0.1001447479591105	97.80325501427372	114.08102394271471	0.002133123741699917	1.0000927665969506
2.1055290481336635	1.9062950660505775	0.06628259852832415	0.7577065708120942	0.1001447479591105	97.80325501427372	114.08102394271471	0.002133123741699917	1.0000927665969506
2.1055290481336635	1.9062950660505775	0.06628259852832415	0.7573272808990547	0.1001447479591105	97.80325501427372	114.08102394271471	0.002133123741699917	1.0000927665969506
2.1055290481336635	1.9062950660505775	0.06628259852832415	0.7581428316532904	0.1001447479591105	97.80325501427372	114.08102394271471	0.002133123741699917	1.0000927665969506
2.1055290481336635	1.9062950660505775	0.06628259852832415	0.7581428316532904	0.1001447479591105	97.80325501427372	114.08102394271471	0.002133123741699917	1.0000927665969506
2.1055290481336635	1.9062950660505775	0.06628259852832415	0.7581428316532904	0.1001447479591105	97.80325501427372	114.08312223628866	0.002133123741699917	1.0000927665969506
2.1046191630085818	1.9062950660505775	0.06628259852832415	0.7581428316532904	0.1001447479591105	97.80325501427372	114.08312223628866	0.002133123741699917	1.0000927665969506
2.1046191630085818	1.9062950660505775	0.06628259852832415	0.7581428316532904	0.1001447479591105	97.80325501427372	114.08312223628866	0.002133123741699917	1.0000927665969506
2.1046191630085818	1.9062950660505775	0.06628259852832415	0.7581428316532904	0.10014708185547791	97.80325501427372	114.08312223628866	0.002133123741699917	1.0000927665969506
2.1046191630085818	1.9062950660505775	0.06628259852832415	0.7581428316532904	0.10014708185547791	97.80325501427372	114.08312223628866	0.002133123741699917	1.000092813259614
2.1046191630085818	1.9062950660505775	0.06628259852832415	0.7574312416417661	0.10014708185547791	97.80325501427372	114.08312223628866	0.002133123741699917	1.000092813259614
2.1046191630085818	1.9092295976791234	0.06628259852832415	0.7574312416417661	0.10014708185547791	97.80325501427372	114.08312223628866	0.002133123741699917	1.000092813259614
2.1046191630085818	1.9092295976791234	0.06628259852832415	0.7574312416417661	0.10014708185547791	97.80325501427372	114.08312223628866	0.002133123741699917	1.000092813259614
2.1046191630085818	1.9092295976791234	0.06628259852832415	0.7574312416417661	0.10014708185547791	97.80325501427372	114.08312223628866	0.002133123741699917	1.000092813259614
2.1046191630085818	1.9092295976791234	0.06628259852832415	0.7575943341966539	0.10014708185547791	97.80325501427372	114.08312223628866	0.002133123741699917	1.000092813259614
2.1046191630085818	1.9092295976791234	0.06628259852832415	0.7575943341966539	0.10014708185547791	97.80885558157286	114.08312223628866	0.002133123741699917	1.000092813259614
2.1046191630085818	1.9092290985637728	0.06628259852832415	0.7575943341966539	0.10014708185547791	97.80885558157286	114.08312223628866	0.002133123741699917	1.000092813259614
2.1046191630085818	1.9092290985637728	0.06628259852832415	0.7575943341966539	0.10014708185547791	97.80885558157286	114.08312223628866	0.002133123741699917	1.000092813259614
2.1046191630085818	1.9092290985637728	0.06628259852832415	0.7575943341966539	0.10014708185547791	97.80885558157286	114.08312223628866	0.002133123741699917	1.0000929587714418
2.104678972883967	1.9092290985637728	0.06628259852832415	0.7575943341966539	0.10014708185547791	97.80885558157286	114.08312223628866	0.002133123741699917	1.0000929587714418
2.104678972883967	1.9092290985637728	0.06628259852832415	0.7575943341966539	0.1001469649138577	97.80885558157286	114.08312223628866	0.002133123741699917	1.0000929587714418
2.104678972883967	1.9092290985637728	0.06628259852832415	0.7575943341966539	0.1001469649138577	97.80885558157286	114.08312223628866	0.002133123741699917	1.0000929587714418
2.104678972883967	1.9092290985637728	0.06628259852832415	0.7575943341966539	0.1001469649138577	97.80885558157286	114.08312223628866	0.002133123741699917	1.0000929587714418
2.104678972883967	1.9092290985637728	0.06628259852832415	0.7575943341966539	0.1001469649138577	97.80885558157286	114.08312223628866	0.002133123741699917	1.0000929587714418
2.104678972883967	1.9092290985637728	0.06628259852832415	0.7575707740010518	0.1001469649138577	97.80885558157286	114.08312223628866	0.002133123741699917	1.0000929587714418
2.1055302447370563	1.9092290985637728	0.06628259852832415	0.7575707740010518	0.1001469649138577	97.80885558157286	114.08312223628866	0.002133123741699917	1.0000929587714418
2.1055302447370563	1.9092290985637728	0.06628259852832415	0.7575707740010518	0.1001469649138577	97.80885558157286	114.08312223628866	0.002133123741699917	1.0000929587714418
2.1055302447370563	1.9092290985637728	0.06628259852832415	0.7575707740010518	0.1001469649138577	97.80885558157286	114.08312223628866	0.002133123741699917	1.0000929587714418
2.1055302447370563	1.9092290985637728	0.06628259852832415	0.7575707740010518	0.1001469649138577	97.80885558157286	114.08312223628866	0.002133123741699917	1.0000929587714418
2.1055302447370563	1.9092290985637728	0.06628259852832415	0.7575707740010518	0.1001469649138577	97.80885558157286	114.08900176729134	0.002133123741699917	1.0000929587714418
2.1055302447370563	1.9092290985637728	0.06628259852832415	0.7575707740010518	0.1001469649138577	97.80885558157286	114.08900176729134	0.002133123741699917	1.0000929587714418
2.1055302447370563	1.9092290985637728	0.06628259852832415	0.7575707740010518	0.1001469649138577	97.80885558157286	114.08891742908091	0.002133123741699917	1.0000929587714418
2.1055302447370563	1.9092290985637728	0.06628259852832415	0.7575707740010518	0.1001469649138577	97.80885558157286	114.08891742908091	0.002133123741699917	1.0000876424867764
2.1055328033393286	1.9092290985637728	0.06628259852832415	0.7575707740010518	0.1001469649138577	97.80885558157286	114.08891742908091	0.002133123741699917	1.0000876424867764
2.1055328033393286	1.9092290985637728	0.06628259852832415	0.7575707740010518	0.1001469649138577	97.80853951027326	114.08891742908091	0.002133123741699917	1.0000876424867764
2.1055328033393286	1.9092325383569833	0.06628259852832415	0.7575707740010518	0.1001469649138577	97.80853951027326	114.08891742908091	0.002133123741699917	1.0000876424867764
2.1055328033393286	1.9092325383569833	0.06628259852832415	0.7575707740010518	0.1001469649138577	97.80853951027326	114.08891742908091	0.002133123741699917	1.0000877427065353
2.1055328033393286	1.90923266483	0.06628259852832415	0.7575707740010518	0.1001469649138577	97.80853951027326	114.08891742908091	0.002133123741699917	1.0000877427065353
2.1055328033393286	1.90923266483	0.06628259852832415	0.7575707740010518	0.10014427670277799	97.80853951027326	114.08891742908091	0.002133123741699917	1.0000877427065353
2.1055328033393286	1.90923266483	0.06628259852832415	0.7575707740010518	0.10014427670277799	97.80912936128236	114.08891742908091	0.002133123741699917	1.0000877427065353
2.1055328033393286	1.90923266483	0.06628259852832415	0.7575707740010518	0.10014427670277799	97.80912936128236	114.08891742908091	0.0021198236044999734	1.0000877427065353
2.1055328033393286	1.90923266483	0.06628259852832415	0.7575707740010518	0.10014427670277799	97.80912936128236	114.08891742908091	0.0021198236044999734	1.0000877427065353
2.1055328033393286	1.90923266483	0.06628259852832415	0.7575707740010518	0.10014427670277799	97.80912936128236	114.08891742908091	0.0021198236044999734	1.0000878020660795
2.1055328033393286	1.90923266483	0.06628259852832415	0.7575707740010518	0.10014457323696013	97.80912936128236	114.08891742908091	0.0021198236044999734	1.0000878020660795
2.1055328033393286	1.90923266483	0.06628259852832415	0.7575707740010518	0.10014457323696013	97.80912936128236	114.08891742908091	0.0021198236044999734	1.0000878020660795
2.1055328033393286	1.90923266483	0.06628259852832415	0.7575707740010518	0.10014457323696013	97.80912936128236	114.08891742908091	0.0021195109460913552	1.0000878020660795
2.1055328033393286	1.9092320102406009	0.06628259852832415	0.7575707740010518	0.10014457323696013	97.80912936128236	114.08891742908091	0.0021195109460913552	1.0000878020660795
2.1055328033393286	1.9092320102406009	0.06628259852832415	0.7575707740010518	0.10013532316865882	97.80912936128236	114.08891742908091	0.0021195109460913552	1.0000878020660795
2.1055328033393286	1.9092320102406009	0.06626095805598863	0.7575707740010518	0.10013532316865882	97.80912936128236	114.08891742908091	0.0021195109460913552	1.0000878020660795
2.1055328033393286	1.9092320102406009	0.06626095805598863	0.7575707740010518	0.10013532316865882	97.80912936128236	114.08891742908091	0.0021195109460913552	1.000087940951735
2.1055328033393286	1.908702956346967	0.06626095805598863	0.7575707740010518	0.10013532316865882	97.80912936128236	114.08891742908091	0.0021195109460913552	1.000087940951735
2.1055328033393286	1.908702956346967	0.06626095805598863	0.7575707740010518	0.10013532316865882	97.80912936128236	114.08891742908091	0.0021195109460913552	1.000087940951735
2.1055328033393286	1.908702956346967	0.06626095805598863	0.7575707740010518	0.10013532316865882	97.80912936128236	114.08891742908091	0.0021195109460913552	1.000087940951735
2.1055285584239165	1.908702956346967	0.06626095805598863	0.7575707740010518	0.10013532316865882	97.80912936128236	114.08891742908091	0.0021195109460913552	1.000087940951735
2.1055285584239165	1.908702956346967	0.06626095805598863	0.7575707740010518	0.10013532316865882	97.8125171196961	114.08891742908091	0.0021195109460913552	1.000087940951735
2.1055285584239165	1.908702956346967	0.06626095805598863	0.7575707740010518	0.10065418228593744	97.8125171196961	114.08891742908091	0.0021195109460913552	1.000087940951735
2.1055285584239165	1.908702956346967	0.06626095805598863	0.7575707740010518	0.10065418228593744	97.8125171196961	114.08891742908091	0.0021195109460913552	1.000087940951735
2.1055285584239165	1.908702956346967	0.06626095805598863	0.7575707740010518	0.10065418228593744	97.8125171196961	114.08891742908091	0.0021195109460913552	1.0000879181714035
2.1055285584239165	1.908702956346967	0.06626095805598863	0.7575707740010518	0.10065418228593744	97.8125171196961	114.08891742908091	0.0021195109460913552	1.0000879181714035
2.1055285584239165	1.908702956346967	0.06626095805598863	0.7575707740010518	0.10065418228593744	97.8125171196961	114.08891742908091	0.0021195109460913552	1.0000879181714035
2.1055285584239165	1.908702956346967	0.06626095805598863	0.7575707740010518	0.10065418228593744	97.8125171196961	114.08891742908091	0.0021195109460913552	1.0000879181714035
2.1055285584239165	1.908702956346967	0.06626095805598863	0.7575707740010518	0.10065418228593744	97.8125171196961	114.08891742908091	0.0021195109460913552	1.0000879181714035
2.1055285584239165	1.908702956346967	0.06626095805598863	0.7575707740010518	0.10072398514206202	97.8125171196961	114.08891742908091	0.0021195109460913552	1.0000879181714035
2.1055285584239165	1.908702956346967	0.06626095805598863	0.7575707740010518	0.10072398514206202	97.8125171196961	114.08891742908091	0.0021195109460913552	1.0000879181714035
2.1055265554904192	1.908702956346967	0.06626095805598863	0.7575707740010518	0.10072398514206202	97.8125171196961	114.08891742908091	0.0021195109460913552	1.0000879181714035
2.1055265554904192	1.908702956346967	0.06626095805598863	0.7575707740010518	0.10072398514206202	97.8125171196961	114.08891742908091	0.0021197320795001908	1.0000879181714035
2.1055265554904192	1.908702956346967	0.06626095805598863	0.7575707740010518	0.10072398514206202	97.82352846354021	114.08891742908091	0.0021197320795001908	1.0000879181714035
2.1055265554904192	1.908702956346967	0.06626095805598863	0.7575707740010518	0.10072398514206202	97.82352846354021	114.08891742908091	0.0021197320795001908	1.0000879181714035
2.1055265554904192	1.908702956346967	0.06626095805598863	0.7575707740010518	0.10072398514206202	97.82352846354021	114.08891742908091	0.0021197320795001908	1.0000879181714035
2.1055265554904192	1.908702956346967	0.06626095805598863	0.7575707740010518	0.10072398514206202	97.82352846354021	114.08891742908091	0.0021197320795001908	1.0000879181714035
2.1040929123848553	1.908702956346967	0.06626095805598863	0.7575707740010518	0.10072398514206202	97.82352846354021	114.08891742908091	0.0021197320795001908	1.0000879181714035
2.1040929123848553	1.908702956346967	0.06626095805598863	0.7575707740010518	0.10072398514206202	97.82352846354021	114.08891742908091	0.0021197320795001908	1.0000879181714035
2.1040929123848553	1.908702956346967	0.06626095805598863	0.7575707740010518	0.10072398514206202	97.82352846354021	114.08891742908091	0.0021197320795001908	1.0000879181714035
2.1040929123848553	1.908702956346967	0.06626095805598863	0.7575707740010518	0.10072398514206202	97.81444707174421	114.08891742908091	0.0021197320795001908	1.0000879181714035
2.1040929123848553	1.908702956346967	0.06626095805598863	0.7575707740010518	0.10072398514206202	97.81444707174421	114.08891742908091	0.0021197320795001908	1.0000879181714035
2.1040929123848553	1.908702956346967	0.06626095805598863	0.7575707740010518	0.10072398514206202	97.81444707174421	114.08907064925515	0.0021197320795001908	1.0000879181714035
2.1040929123848553	1.908702956346967	0.06626095805598863	0.7575707740010518	0.10072398514206202	97.81444707174421	114.08907064925515	0.0021197320795001908	1.000087971065407
2.1040009841508454	1.908702956346967	0.06626095805598863	0.7575707740010518	0.10072398514206202	97.81444707174421	114.08907064925515	0.0021197320795001908	1.000087971065407
2.1040009841508454	1.908702956346967	0.06630706475844991	0.7575707740010518	0.10072398514206202	97.81444707174421	114.08907064925515	0.0021197320795001908	1.000087971065407
2.1040009841508454	1.908702956346967	0.06630706475844991	0.7575707740010518	0.10072398514206202	97.8144271268226	114.08907064925515	0.0021197320795001908	1.000087971065407
2.1040009841508454	1.908702956346967	0.06630706475844991	0.7575707740010518	0.10072398514206202	97.8144271268226	114.08907064925515	0.0021197320795001908	1.000087971065407
2.1040009841508454	1.908702956346967	0.0662103009760186	0.7575707740010518	0.10072398514206202	97.8144271268226	114.08907064925515	0.0021197320795001908	1.000087971065407
2.1040009841508454	1.908702956346967	0.0662103009760186	0.7575707740010518	0.10072398514206202	97.8144271268226	114.08907064925515	0.0021197320795001908	1.000087971065407
2.1040009841508454	1.908702956346967	0.0662103009760186	0.7575707740010518	0.10072398514206202	97.8144271268226	114.08907064925515	0.0021197320795001908	1.000087971065407
2.1040009841508454	1.908702956346967	0.0662103009760186	0.7575707740010518	0.10072398514206202	97.8144271268226	114.08907064925515	0.0021197320795001908	1.000087971065407
2.1040009841508454	1.9088460455951057	0.0662103009760186	0.7575707740010518	0.10072398514206202	97.8144271268226	114.08907064925515	0.0021197320795001908	1.000087971065407
2.1040009841508454	1.9088460455951057	0.0662103009760186	0.7575707740010518	0.10072398514206202	97.8144271268226	114.08907064925515	0.0021197320795001908	1.000087971065407
2.1040009841508454	1.9088460455951057	0.0662103009760186	0.7575707740010518	0.10072398514206202	97.8144271268226	114.08907064925515	0.0021197320795001908	1.000087971065407
2.1040009841508454	1.9088460455951057	0.0662103009760186	0.7575707740010518	0.10072398514206202	97.8144271268226	114.08907064925515	0.0021197320795001908	1.000087971065407
2.1040009841508454	1.9088460455951057	0.0662103009760186	0.7575707740010518	0.10072398514206202	97.8144271268226	114.08907064925515	0.0021197320795001908	1.000087971065407
2.1040009841508454	1.9088460455951057	0.0662103009760186	0.7575707740010518	0.10072398514206202	97.8144271268226	114.08907064925515	0.0021197320795001908	1.000087971065407
2.1040009841508454	1.9088460455951057	0.0662103009760186	0.7575707740010518	0.10072398514206202	97.8144271268226	114.08907064925515	0.0021197320795001908	1.000087971065407
2.1040009841508454	1.9088460455951057	0.0662103009760186	0.7575707740010518	0.10072398514206202	97.8144271268226	114.08907064925515	0.0021197320795001908	1.000087971065407
2.1040009841508454	1.9088460455951057	0.0662103009760186	0.7575707740010518	0.10072398514206202	97.8144271268226	114.50213863986922	0.0021197320795001908	1.000087971065407
2.1040009841508454	1.9088460455951057	0.0662103009760186	0.7575707740010518	0.10072398514206202	97.8144271268226	114.50213863986922	0.002119445738354047	1.000087971065407
2.1040009841508454	1.9088460455951057	0.0662103009760186	0.7575707740010518	0.10072398514206202	97.8144271268226	114.49820862456937	0.002119445738354047	1.000087971065407
2.1040009841508454	1.9088460455951057	0.0662103009760186	0.7575707740010518	0.10072398514206202	97.8144271268226	114.49820862456937	0.002119445738354047	1.000087971065407
2.1040009841508454	1.9088460455951057	0.0662103009760186	0.7575707740010518	0.10072398514206202	97.8144271268226	114.49820862456937	0.002119445738354047	1.000087971065407
2.1040009841508454	1.9088460455951057	0.0662103009760186	0.7575707740010518	0.10072398514206202	97.81546740424561	114.49820862456937	0.002119445738354047	1.000087971065407
2.1040009841508454	1.9088460455951057	0.0662103009760186	0.7575707740010518	0.10072398514206202	97.81546740424561	114.4960038441353	0.002119445738354047	1.000087971065407
2.1040009841508454	1.9088460455951057	0.0662103009760186	0.7575707740010518	0.10072398514206202	97.81546740424561	114.49823408105766	0.002119445738354047	1.000087971065407
2.1040009841508454	1.9088460455951057	0.0662103009760186	0.7575707740010518	0.10072398514206202	97.81546740424561	114.49823408105766	0.002119445738354047	1.000087971065407
2.1040009841508454	1.9088460455951057	0.0662103009760186	0.7575707740010518	0.10028996693138378	97.81546740424561	114.49823408105766	0.002119445738354047	1.000087971065407
2.1040009841508454	1.9088460455951057	0.0662103009760186	0.7575707740010518	0.10028824314033825	97.81546740424561	114.49823408105766	0.002119445738354047	1.000087971065407
2.1040009841508454	1.9088460455951057	0.0662103009760186	0.7575707740010518	0.10028824314033825	97.81546740424561	114.49901253364943	0.002119445738354047	1.000087971065407
2.1040009841508454	1.9088460455951057	0.0662103009760186	0.7575707740010518	0.10028824314033825	97.81514021328611	114.49901253364943	0.002119445738354047	1.000087971065407
2.1040009841508454	1.9088460455951057	0.0662103009760186	0.7575707740010518	0.1002885537128254	97.81514021328611	114.49901253364943	0.002119445738354047	1.000087971065407
2.1040009841508454	1.9088460455951057	0.06621200656820755	0.7575707740010518	0.1002885537128254	97.81514021328611	114.49901253364943	0.002119445738354047	1.000087971065407
2.1040009841508454	1.9088460455951057	0.06621200656820755	0.7575707740010518	0.1002885537128254	97.81514021328611	115.82003827581572	0.002119445738354047	1.000087971065407
2.1040009841508454	1.9088460455951057	0.06621200656820755	0.7575707740010518	0.10082867549453285	97.81514021328611	115.82003827581572	0.002119445738354047	1.000087971065407
2.1040009841508454	1.9088460455951057	0.06621200656820755	0.7575707740010518	0.10082867549453285	97.81813580730127	115.82003827581572	0.002119445738354047	1.000087971065407
2.1040009841508454	1.9088460455951057	0.06621200656820755	0.7575707740010518	0.10082867549453285	97.81813580730127	115.82003827581572	0.002119445738354047	1.000087971065407
2.1040009841508454	1.9088460455951057	0.06621200656820755	0.7575707740010518	0.10082867549453285	97.81813580730127	115.82003827581572	0.002119445738354047	1.000087971065407
2.1040002916032625	1.9088460455951057	0.06621200656820755	0.7575707740010518	0.10082867549453285	97.81813580730127	115.82003827581572	0.002119445738354047	1.000087971065407
2.1040002916032625	1.9088460455951057	0.06621200656820755	0.7575707740010518	0.10082867549453285	97.81813580730127	115.82003827581572	0.002119445738354047	1.000087971065407
2.1040002916032625	1.9088460455951057	0.06621200656820755	0.7575575530559533	0.10082867549453285	97.81813580730127	115.82003827581572	0.002119445738354047	1.000087971065407
2.102876154994695	1.9088460455951057	0.06621200656820755	0.7575575530559533	0.10082867549453285	97.81813580730127	115.82003827581572	0.002119445738354047	1.000087971065407
2.102876154994695	1.9088460455951057	0.06618835415132421	0.7575575530559533	0.10082867549453285	97.81813580730127	115.82003827581572	0.002119445738354047	1.000087971065407
2.102876154994695	1.9088458511230157	0.06618835415132421	0.7575575530559533	0.10082867549453285	97.81813580730127	115.82003827581572	0.002119445738354047	1.000087971065407
2.102876154994695	1.9088458511230157	0.06618835415132421	0.7575575530559533	0.10082867549453285	97.81813580730127	114.09833402864078	0.002119445738354047	1.000087971065407
2.102876154994695	1.9088458511230157	0.06618835415132421	0.7575575530559533	0.10082867549453285	97.81813580730127	114.09833402864078	0.002119445738354047	1.000087971065407
2.102876154994695	1.9088454739434235	0.06618835415132421	0.7575575530559533	0.10082867549453285	97.81813580730127	114.09833402864078	0.002119445738354047	1.000087971065407
2.102876154994695	1.9088454739434235	0.06618835415132421	0.7575575530559533	0.10082867549453285	97.81813580730127	107.45956134596116	0.002119445738354047	1.000087971065407
2.102876154994695	1.908701647648721	0.06618835415132421	0.7575575530559533	0.10082867549453285	97.81813580730127	107.45956134596116	0.002119445738354047	1.000087971065407
2.102876154994695	1.908701647648721	0.06618835415132421	0.7575575530559533	0.10082867549453285	97.81813580730127	107.45956134596116	0.002119445738354047	1.0000850581921188
2.102876154994695	1.908701647648721	0.06618835415132421	0.7575575530559533	0.10087809354926369	97.81813580730127	107.45956134596116	0.002119445738354047	1.0000850581921188
2.102876154994695	1.908701647648721	0.06618835415132421	0.7575575530559533	0.10087809354926369	97.81813580730127	107.45956134596116	0.002119445738354047	1.0000850581921188
2.102876154994695	1.9087006508791067	0.06618835415132421	0.7575575530559533	0.10087809354926369	97.81813580730127	107.45956134596116	0.002119445738354047	1.0000850581921188
2.102876154994695	1.9087006508791067	0.06618835415132421	0.7575575530559533	0.10087809354926369	97.81813580730127	107.45956134596116	0.002119445738354047	1.0000850581921188
2.102876154994695	1.9087006508791067	0.06618835415132421	0.7575575530559533	0.10087809354926369	97.81813580730127	107.4504715073016	0.002119445738354047	1.0000850581921188
2.102876154994695	1.9087006508791067	0.06618835415132421	0.7575575530559533	0.10087809354926369	97.81813580730127	107.4504715073016	0.002119445738354047	1.0000850581921188
2.102876154994695	1.9087006508791067	0.06618835415132421	0.7575575530559533	0.10087809354926369	97.81813580730127	107.4504715073016	0.002119445738354047	1.0000850581921188
2.102876154994695	1.9087006508791067	0.06618835415132421	0.7575575530559533	0.10087809354926369	97.81813580730127	107.4504715073016	0.002119445738354047	1.0000850581921188
2.102876154994695	1.9087006508791067	0.06618835415132421	0.7575575530559533	0.10087809354926369	97.81552677171169	107.4504715073016	0.002119445738354047	1.0000850581921188
2.102876154994695	1.908701423550544	0.06618835415132421	0.7575575530559533	0.10087809354926369	97.81552677171169	107.4504715073016	0.002119445738354047	1.0000850581921188
2.102876154994695	1.908701423550544	0.06618835415132421	0.7575575530559533	0.10087809354926369	97.81552677171169	108.26840602262008	0.002119445738354047	1.0000850581921188
2.102876154994695	1.908701423550544	0.06618835415132421	0.7575575530559533	0.10087809354926369	97.81552677171169	108.26840602262008	0.002119445738354047	1.000085077998602
2.102876154994695	1.908701423550544	0.06618835415132421	0.7575575530559533	0.10087809354926369	97.81552677171169	108.26840602262008	0.002119445738354047	1.000085077998602
2.102876154994695	1.908701423550544	0.06618835415132421	0.7575575530559533	0.10087809354926369	97.81695021925607	108.26840602262008	0.002119445738354047	1.000085077998602
2.102876154994695	1.908701423550544	0.06618835415132421	0.7575575530559533	0.10087809354926369	97.81695021925607	108.26840602262008	0.002119445738354047	1.000085077998602
2.102876154994695	1.908701423550544	0.06618835415132421	0.7575575530559533	0.10087809354926369	97.81695021925607	108.26840602262008	0.002119445738354047	1.000085077998602
2.102876154994695	1.908701423550544	0.06618835415132421	0.7575575530559533	0.10087809354926369	97.81695021925607	108.26840602262008	0.002119445738354047	1.000085077998602
2.102876154994695	1.908701423550544	0.06618835415132421	0.7575575530559533	0.10087809354926369	97.8156449395559	108.26840602262008	0.002119445738354047	1.000085077998602
2.102876154994695	1.908701423550544	0.06618835415132421	0.7575575530559533	0.10087809354926369	97.82513121017861	108.26840602262008	0.002119445738354047	1.000085077998602
2.102876154994695	1.908701423550544	0.06618835415132421	0.7575575530559533	0.10087809354926369	97.82513121017861	108.26840602262008	0.002119445738354047	1.000085077998602
2.102876154994695	1.908701423550544	0.06618835415132421	0.7575575530559533	0.10087809354926369	97.82513121017861	108.26840602262008	0.002119445738354047	1.000085077998602
2.102876154994695	1.908701423550544	0.06618835415132421	0.7575307035188052	0.10087809354926369	97.82513121017861	108.26840602262008	0.002119445738354047	1.000085077998602
2.102876154994695	1.908701423550544	0.06618835415132421	0.7575307035188052	0.10087809354926369	97.82513121017861	108.26840602262008	0.002119445738354047	1.000085077998602
2.102876154994695	1.908701423550544	0.06618835415132421	0.7575307035188052	0.10087814955156227	97.82513121017861	108.26840602262008	0.002119445738354047	1.000085077998602
2.102876154994695	1.908701423550544	0.06618835415132421	0.7575307035188052	0.10087814955156227	97.82513121017861	108.26840602262008	0.0021085175867085206	1.000085077998602
2.102876154994695	1.908701423550544	0.06618835415132421	0.7575307035188052	0.10087814955156227	97.82513121017861	108.26840602262008	0.0021085175867085206	1.000085077998602
2.102876154994695	1.908701423550544	0.06618835415132421	0.7575307035188052	0.10087814955156227	97.82513121017861	108.26840602262008	0.002108548142410381	1.000085077998602
2.102876154994695	1.908701423550544	0.06618835415132421	0.7575307035188052	0.10087814955156227	97.8439409277175	108.26840602262008	0.002108548142410381	1.000085077998602
2.102876154994695	1.908701423550544	0.06618835415132421	0.7575307035188052	0.10087814955156227	97.8439409277175	108.27065080034663	0.002108548142410381	1.000085077998602
2.102876154994695	1.908701538156215	0.06618835415132421	0.7575307035188052	0.10087814955156227	97.8439409277175	108.27065080034663	0.002108548142410381	1.000085077998602
2.102876154994695	1.908701538156215	0.06618835415132421	0.7575307035188052	0.10087814955156227	97.8439409277175	108.27065080034663	0.0021091515800352933	1.000085077998602
2.102876154994695	1.908701538156215	0.06618835415132421	0.7575307035188052	0.10087814955156227	97.8439409277175	108.27065080034663	0.0021091515800352933	1.000085077998602
2.102876154994695	1.908701538156215	0.06618799400558831	0.7575307035188052	0.10087814955156227	97.8439409277175	108.27065080034663	0.0021091515800352933	1.000085077998602
2.102876154994695	1.908701538156215	0.06618799400558831	0.7575307035188052	0.10087814955156227	97.8439409277175	108.27065080034663	0.0021091515800352933	1.000085077998602
2.102876154994695	1.908701538156215	0.06618799400558831	0.7575307035188052	0.10087814955156227	97.8439409277175	108.27065080034663	0.0021091515800352933	1.000085077998602
2.102876154994695	1.908701538156215	0.06618799400558831	0.7575307035188052	0.10087814955156227	97.8439409277175	108.30876588300178	0.0021091515800352933	1.000085077998602
2.102876154994695	1.908701538156215	0.06618799400558831	0.7575307035188052	0.10087814955156227	97.8439409277175	108.30876588300178	0.0021091515800352933	1.000085077998602
2.102876154994695	1.908701538156215	0.06618799400558831	0.7575307035188052	0.10087814955156227	97.8439409277175	108.30876588300178	0.0021091515800352933	1.000085077998602
2.102876154994695	1.908701538156215	0.06618799400558831	0.7575307035188052	0.10087339252686225	97.8439409277175	108.30876588300178	0.0021091515800352933	1.000085077998602
2.102876154994695	1.908701538156215	0.06618799400558831	0.7575307035188052	0.10087339252686225	97.8439409277175	108.30876588300178	0.0021091515800352933	1.000084758781523
2.102876154994695	1.908701538156215	0.06618799400558831	0.7575307035188052	0.10087339252686225	97.84583858576869	108.30876588300178	0.0021091515800352933	1.000084758781523
2.102876154994695	1.908701538156215	0.06618799400558831	0.7575307035188052	0.10087339252686225	97.84583858576869	108.30876588300178	0.0021091515800352933	1.000084758781523
2.102876154994695	1.908701538156215	0.06618799400558831	0.7575280758636338	0.10087339252686225	97.84583858576869	108.30876588300178	0.0021091515800352933	1.000084758781523
2.102876154994695	1.908701538156215	0.06618799400558831	0.7575280758636338	0.10087339252686225	97.84583858576869	108.30876588300178	0.0021091515800352933	1.000084758781523
2.102876154994695	1.908701538156215	0.06618799400558831	0.7575280758636338	0.10087339252686225	97.84583858576869	108.30876588300178	0.0021091515800352933	1.000084758781523
2.102876154994695	1.908701538156215	0.06618799400558831	0.7578016393867255	0.10087339252686225	97.84583858576869	108.30876588300178	0.0021091515800352933	1.000084758781523
2.102876154994695	1.908701538156215	0.06618799400558831	0.7578016393867255	0.10087339252686225	97.84583858576869	108.30876588300178	0.0021091515800352933	1.000084758781523
2.102876154994695	1.908701538156215	0.06618799400558831	0.7578016393867255	0.10087339252686225	97.84583858576869	108.30876588300178	0.0021091515800352933	1.000084758781523
2.102876154994695	1.908701538156215	0.06618799400558831	0.7578016393867255	0.101005436858426	97.84583858576869	108.30876588300178	0.0021091515800352933	1.000084758781523
2.10297103780897	1.908701538156215	0.06618799400558831	0.7578016393867255	0.101005436858426	97.84583858576869	108.30876588300178	0.0021091515800352933	1.000084758781523
2.10297103780897	1.908701538156215	0.06618799400558831	0.7578016393867255	0.101005436858426	97.84583858576869	108.30876588300178	0.0021091515800352933	1.000084758781523
2.10297103780897	1.908701538156215	0.06618799400558831	0.7578016393867255	0.101005436858426	97.84583858576869	108.30876588300178	0.002109076312897741	1.000084758781523
2.10297103780897	1.9091868824075775	0.06618799400558831	0.7578016393867255	0.101005436858426	97.84583858576869	108.30876588300178	0.002109076312897741	1.000084758781523
2.10297103780897	1.9091868824075775	0.06618799400558831	0.7578016393867255	0.1009985583372888	97.84583858576869	108.30876588300178	0.002109076312897741	1.000084758781523
2.10297103780897	1.9091868824075775	0.06618799400558831	0.7578016393867255	0.1009985583372888	97.84583858576869	108.30876588300178	0.002109076312897741	1.000084758781523
2.10297103780897	1.9091909436158454	0.06618799400558831	0.7578016393867255	0.1009985583372888	97.84583858576869	108.30876588300178	0.002109076312897741	1.000084758781523
2.10297103780897	1.9091909436158454	0.06618799400558831	0.7578016393867255	0.1009985583372888	97.84583858576869	108.30876588300178	0.002109076312897741	1.000084758781523
2.10297103780897	1.9091909436158454	0.06618799400558831	0.7578016393867255	0.1009985583372888	97.84583858576869	108.30984931253596	0.002109076312897741	1.000084758781523
2.10297103780897	1.9091909436158454	0.06618799400558831	0.7577866666632203	0.1009985583372888	97.84583858576869	108.30984931253596	0.002109076312897741	1.000084758781523
2.10297103780897	1.9091909436158454	0.06618799400558831	0.7577866666632203	0.1009985583372888	97.84583858576869	108.30984931253596	0.002109076312897741	1.000084758781523
2.10297103780897	1.9091909436158454	0.06618799400558831	0.7577866666632203	0.1009985583372888	97.84583858576869	108.30984931253596	0.002109076312897741	1.000084758781523
2.10297103780897	1.9091909436158454	0.06618799400558831	0.7577815028081079	0.1009985583372888	97.84583858576869	108.30984931253596	0.002109076312897741	1.000084758781523
2.10297103780897	1.9091909436158454	0.06618799400558831	0.7577815028081079	0.1009985583372888	97.84608253392605	108.30984931253596	0.002109076312897741	1.000084758781523
2.10301487450946	1.9091909436158454	0.06618799400558831	0.7577815028081079	0.1009985583372888	97.84608253392605	108.30984931253596	0.002109076312897741	1.000084758781523
2.10301487450946	1.9091909436158454	0.06618799400558831	0.7577815028081079	0.1009985583372888	97.84608253392605	108.32293824110157	0.002109076312897741	1.000084758781523
2.10301487450946	1.9091909436158454	0.06618799400558831	0.7577815028081079	0.1009985583372888	97.84608253392605	109.34857315584337	0.002109076312897741	1.000084758781523
2.10301487450946	1.9091909436158454	0.06618566834233446	0.7577815028081079	0.1009985583372888	97.84608253392605	109.34857315584337	0.002109076312897741	1.000084758781523
2.10301487450946	1.9091909436158454	0.06618566834233446	0.7577815028081079	0.1009985583372888	97.84608253392605	109.34857315584337	0.002109076312897741	1.000084758781523
2.10301487450946	1.9091909436158454	0.06618566834233446	0.7577815028081079	0.1009985583372888	97.84608253392605	109.34857315584337	0.002109076312897741	1.000084758781523
2.10301487450946	1.9091909436158454	0.06618566834233446	0.7577815028081079	0.10099789471477016	97.84608253392605	109.34857315584337	0.002109076312897741	1.000084758781523
2.10301487450946	1.9091909436158454	0.06618566834233446	0.7577815028081079	0.10099789471477016	97.84608253392605	109.34857315584337	0.002109076312897741	1.000084758781523
2.10301487450946	1.9091909436158454	0.06618566834233446	0.7577815028081079	0.10099789471477016	97.84608629047493	109.34857315584337	0.002109076312897741	1.000084758781523
2.10301487450946	1.9091909436158454	0.06618566834233446	0.7577815028081079	0.10099789471477016	97.84608629047493	107.60259097830627	0.002109076312897741	1.000084758781523
2.10301487450946	1.9091909436158454	0.06618566834233446	0.7577815028081079	0.10099789471477016	97.84608629047493	107.60259097830627	0.002109076312897741	1.000084758781523
2.10301487450946	1.9091909436158454	0.06618566834233446	0.7577815028081079	0.10099680307558387	97.84608629047493	107.60259097830627	0.002109076312897741	1.000084758781523
2.10301487450946	1.9091909436158454	0.06618566834233446	0.7577815028081079	0.10099680307558387	97.84608629047493	107.60259097830627	0.002109076312897741	1.000084758781523
2.10301487450946	1.9091909436158454	0.06618566834233446	0.7577815028081079	0.10099680307558387	97.84608629047493	107.60259097830627	0.0021354791152257764	1.000084758781523
2.10301487450946	1.9091909436158454	0.06618566834233446	0.7577815028081079	0.10099680307558387	97.84608629047493	107.41845913133957	0.0021354791152257764	1.000084758781523
2.10301487450946	1.9091909436158454	0.06618566834233446	0.7577815028081079	0.10099684536580084	97.84608629047493	107.41845913133957	0.0021354791152257764	1.000084758781523
2.10301487450946	1.9091909436158454	0.06618566834233446	0.7577815028081079	0.10099684536580084	97.84608629047493	107.41966269905517	0.0021354791152257764	1.000084758781523
2.10301487450946	1.9091909436158454	0.06618566834233446	0.7577815028081079	0.10099684536580084	97.84608629047493	107.41966269905517	0.0021354791152257764	1.000084758781523
2.10301487450946	1.9091934361470093	0.06618566834233446	0.7577815028081079	0.10099684536580084	97.84608629047493	107.41966269905517	0.0021354791152257764	1.000084758781523
2.10301487450946	1.9091934361470093	0.06618566834233446	0.7577815028081079	0.10099684536580084	97.84608629047493	107.41966269905517	0.0021354791152257764	1.0000841724690137
2.10301487450946	1.9091934361470093	0.06618566834233446	0.7577815028081079	0.10099684536580084	97.84608629047493	107.41966269905517	0.0021354791152257764	1.0000841724690137
2.10301487450946	1.9091934361470093	0.06618566834233446	0.7577815028081079	0.10099684536580084	97.84608629047493	107.4224412072246	0.0021354791152257764	1.0000841724690137
2.10301487450946	1.9091934361470093	0.06618566834233446	0.7577815028081079	0.10099684536580084	97.84608629047493	107.4224412072246	0.0021354791152257764	1.0000841724690137
2.10301487450946	1.9091934361470093	0.06618566834233446	0.7577815028081079	0.10099684536580084	97.84608629047493	107.4224412072246	0.0021354791152257764	1.0000841724690137
2.10301487450946	1.9091934361470093	0.06618566834233446	0.7577815028081079	0.10099684536580084	97.84608629047493	107.4224412072246	0.0021354791152257764	1.0000841724690137
2.10301487450946	1.9091934361470093	0.06618566834233446	0.7577815028081079	0.10099684536580084	97.84608629047493	107.15716856534132	0.0021354791152257764	1.0000841724690137
2.10301487450946	1.909280812638963	0.06618566834233446	0.7577815028081079	0.10099684536580084	97.84608629047493	107.15716856534132	0.0021354791152257764	1.0000841724690137
2.10301487450946	1.909280812638963	0.06618566834233446	0.7577815028081079	0.10099684536580084	97.84608629047493	107.69002088578665	0.0021354791152257764	1.0000841724690137
2.10301487450946	1.909280812638963	0.06618566834233446	0.7577815028081079	0.10099684536580084	97.84608629047493	107.69002088578665	0.0021354791152257764	1.0000841724690137
2.10301487450946	1.909280812638963	0.06618566834233446	0.7577815028081079	0.10099684536580084	97.84608629047493	107.69002088578665	0.0021354791152257764	1.0000841724690137
2.10301487450946	1.909280812638963	0.06618566834233446	0.7577815028081079	0.10099952980492108	97.84608629047493	107.69002088578665	0.0021354791152257764	1.0000841724690137
2.10301487450946	1.909280812638963	0.06618566834233446	0.7577815028081079	0.10099952980492108	97.84608629047493	107.69002088578665	0.0021354791152257764	1.0000841724690137
2.104609376472101	1.909280812638963	0.06618566834233446	0.7577815028081079	0.10099952980492108	97.84608629047493	107.69002088578665	0.0021354791152257764	1.0000841724690137
2.104609376472101	1.909280812638963	0.06618566834233446	0.7577815028081079	0.10099952980492108	97.84608629047493	107.69002088578665	0.0021354791152257764	1.0000841724690137
2.104609376472101	1.909280812638963	0.06618566834233446	0.7577815028081079	0.10099952980492108	97.84583165277111	107.69002088578665	0.0021354791152257764	1.0000841724690137
2.104609376472101	1.909280812638963	0.06618566834233446	0.7577815028081079	0.10099952980492108	97.84583165277111	107.68999421690354	0.0021354791152257764	1.0000841724690137
2.104609376472101	1.909280812638963	0.06618566834233446	0.7577815028081079	0.10099952980492108	97.84583165277111	107.68999421690354	0.0021354791152257764	1.0000841724690137
2.104609376472101	1.909280812638963	0.06618566834233446	0.7577815028081079	0.10099952980492108	97.86358087461744	107.68999421690354	0.0021354791152257764	1.0000841724690137
2.104609376472101	1.909280812638963	0.06618566834233446	0.7577815028081079	0.10099952980492108	97.86358087461744	107.69242848974395	0.0021354791152257764	1.0000841724690137
2.104609376472101	1.909280812638963	0.06618566834233446	0.7577815028081079	0.10086612674823564	97.86358087461744	107.69242848974395	0.0021354791152257764	1.0000841724690137
2.104609376472101	1.909280812638963	0.06618566834233446	0.7577815028081079	0.10086612674823564	97.86358087461744	107.69242848974395	0.0021354791152257764	1.0000841724690137
2.104609376472101	1.909280812638963	0.06618566834233446	0.7577815028081079	0.10086612674823564	97.86358087461744	107.69242848974395	0.0021444381847539073	1.0000841724690137
2.104609376472101	1.909280812638963	0.06618566834233446	0.7577815028081079	0.10086612674823564	97.86358087461744	107.69242848974395	0.0021444381847539073	1.0000845091283148
2.104609376472101	1.909280812638963	0.06618566834233446	0.7577815028081079	0.10086612674823564	97.86358087461744	107.69242848974395	0.0021444381847539073	1.0000845091283148
2.104609376472101	1.909280812638963	0.06618566834233446	0.7577815028081079	0.10086612674823564	97.86358087461744	107.69242848974395	0.0021444381847539073	1.0000845091283148
2.104609376472101	1.909280812638963	0.06618566834233446	0.7577815028081079	0.10086612674823564	97.86358087461744	107.69242848974395	0.0021444381847539073	1.0000845091283148
2.104609376472101	1.909280812638963	0.06618566834233446	0.7577628366100836	0.10086612674823564	97.86358087461744	107.69242848974395	0.0021444381847539073	1.0000845091283148
2.1046102779268256	1.909280812638963	0.06618566834233446	0.7577628366100836	0.10086612674823564	97.86358087461744	107.69242848974395	0.0021444381847539073	1.0000845091283148
2.1046102779268256	1.909280812638963	0.06618566834233446	0.7577628366100836	0.10086612674823564	97.86358087461744	107.69242848974395	0.0021444381847539073	1.0000845091283148
2.1046102779268256	1.909280812638963	0.06618566834233446	0.7577628366100836	0.10086612674823564	97.86358087461744	107.69242848974395	0.0021444381847539073	1.0000845091283148
2.106746937993335	1.909280812638963	0.06618566834233446	0.7577628366100836	0.10086612674823564	97.86358087461744	107.69242848974395	0.0021444381847539073	1.0000845091283148
2.106746937993335	1.909280812638963	0.06618566834233446	0.7577628366100836	0.10086612674823564	97.86358087461744	107.69242848974395	0.0021444381847539073	1.0000845091283148
2.106746937993335	1.909280812638963	0.06618566834233446	0.7577628366100836	0.10085989448750876	97.86358087461744	107.69242848974395	0.0021444381847539073	1.0000845091283148
2.106746937993335	1.909280812638963	0.06618566834233446	0.7577628366100836	0.10080089364338672	97.86358087461744	107.69242848974395	0.0021444381847539073	1.0000845091283148
2.105294270662229	1.909280812638963	0.06618566834233446	0.7577628366100836	0.10080089364338672	97.86358087461744	107.69242848974395	0.0021444381847539073	1.0000845091283148
2.105294270662229	1.909280812638963	0.06618566834233446	0.7577628366100836	0.10080089364338672	97.86358087461744	107.69242848974395	0.0021459510946179455	1.0000845091283148
2.105294270662229	1.909280812638963	0.06618566834233446	0.7577628366100836	0.10080089364338672	97.86368784239171	107.69242848974395	0.0021459510946179455	1.0000845091283148
2.105294270662229	1.909280812638963	0.06618566834233446	0.7577628366100836	0.10080089364338672	97.86368784239171	107.73727915195387	0.0021459510946179455	1.0000845091283148
2.105294270662229	1.9092713548446194	0.06618566834233446	0.7577628366100836	0.10080089364338672	97.86368784239171	107.73727915195387	0.0021459510946179455	1.0000845091283148
2.105294270662229	1.9092735615925647	0.06618566834233446	0.7577628366100836	0.10080089364338672	97.86368784239171	107.73727915195387	0.0021459510946179455	1.0000845091283148
2.1052796852388354	1.9092735615925647	0.06618566834233446	0.7577628366100836	0.10080089364338672	97.86368784239171	107.73727915195387	0.0021459510946179455	1.0000845091283148
2.1052796852388354	1.9092735615925647	0.06618566834233446	0.7577628366100836	0.10080089364338672	97.86368784239171	107.73727915195387	0.0021459510946179455	1.0000845091283148
2.1052796852388354	1.9092735615925647	0.06618566834233446	0.7577628366100836	0.10080089364338672	97.86368784239171	107.73585307541248	0.0021459510946179455	1.0000845091283148
2.1052796852388354	1.9092735615925647	0.06618566834233446	0.7577628366100836	0.10080089364338672	97.86368784239171	107.73585307541248	0.0021459510946179455	1.0000845091283148
2.1052796852388354	1.9092735615925647	0.06618566834233446	0.7577628366100836	0.10080089364338672	97.86368784239171	107.73585307541248	0.0021459510946179455	1.0000845091283148
2.1052796852388354	1.9092735615925647	0.06618566834233446	0.7577628366100836	0.10080089364338672	97.86368784239171	107.73550402560522	0.0021459510946179455	1.0000845091283148
2.1052796852388354	1.9092735615925647	0.06618566834233446	0.7577628366100836	0.10080089364338672	97.86368784239171	107.73550402560522	0.0021459510946179455	1.0000845091283148
2.1052796852388354	1.9092735615925647	0.06618566834233446	0.7577628366100836	0.10080089364338672	97.86368784239171	107.73550402560522	0.0021459510946179455	1.0000845091283148
2.1052796852388354	1.9092735615925647	0.06618566834233446	0.7577628366100836	0.10080089364338672	97.86368784239171	107.73550402560522	0.0021459510946179455	1.0000845091283148
2.1052796852388354	1.9097159704238955	0.06618566834233446	0.7577628366100836	0.10080089364338672	97.86368784239171	107.73550402560522	0.0021459510946179455	1.0000845091283148
2.1052796852388354	1.9097159704238955	0.06618566834233446	0.7577628366100836	0.10080089364338672	97.86368784239171	107.73550402560522	0.0021459510946179455	1.0000845091283148
2.1052796852388354	1.9097159704238955	0.0661901412805264	0.7577628366100836	0.10080089364338672	97.86368784239171	107.73550402560522	0.0021459510946179455	1.0000845091283148
2.1052796852388354	1.9097159704238955	0.0661901412805264	0.7577628366100836	0.10080089364338672	97.86368784239171	107.73550402560522	0.0021459510946179455	1.0000845091283148
2.1052796852388354	1.9097159704238955	0.0661901412805264	0.7577628366100836	0.10080089364338672	97.86368784239171	107.73550402560522	0.0021458925906819347	1.0000845091283148
2.1052553815888806	1.9097159704238955	0.0661901412805264	0.7577628366100836	0.10080089364338672	97.86368784239171	107.73550402560522	0.0021458925906819347	1.0000845091283148
2.1052553815888806	1.9097159704238955	0.0661901412805264	0.7577628366100836	0.10080089364338672	97.86368784239171	107.73550402560522	0.0021458925906819347	1.0000845091283148
2.1052553815888806	1.9097159704238955	0.0661901412805264	0.7577628366100836	0.10080089364338672	97.86368784239171	107.73550402560522	0.0021458925906819347	1.0000845091283148
2.1052553815888806	1.9097159704238955	0.0661901412805264	0.7577628366100836	0.10078659663901503	97.86368784239171	107.73550402560522	0.0021458925906819347	1.0000845091283148
2.1055051872193364	1.9097159704238955	0.0661901412805264	0.7577628366100836	0.10078659663901503	97.86368784239171	107.73550402560522	0.0021458925906819347	1.0000845091283148
2.1055051872193364	1.9097159704238955	0.0661901412805264	0.7577628366100836	0.10078659663901503	97.86368784239171	107.73550402560522	0.002155011113216877	1.0000845091283148
2.1055051872193364	1.9097159704238955	0.0661901412805264	0.7577628366100836	0.10078659663901503	97.86368784239171	107.73550402560522	0.002155011113216877	1.0000845091283148
2.1055051872193364	1.9097159704238955	0.0661901412805264	0.7577628366100836	0.10078659663901503	97.86368784239171	107.73485983941445	0.002155011113216877	1.0000845091283148
2.1055051872193364	1.9097159704238955	0.0661901412805264	0.7577628366100836	0.10078659663901503	97.86368784239171	107.73485983941445	0.002155011113216877	1.0000845091283148
2.1055051872193364	1.9097159704238955	0.0661901412805264	0.7577628366100836	0.10078659663901503	97.86368784239171	107.73485983941445	0.002155011113216877	1.0000845091283148
2.1055051872193364	1.9097159704238955	0.0661901412805264	0.7577628366100836	0.10078659663901503	97.86368784239171	107.73347026857874	0.002155011113216877	1.0000845091283148
2.1055051872193364	1.9097159704238955	0.0661901412805264	0.757759602689577	0.10078659663901503	97.86368784239171	107.73347026857874	0.002155011113216877	1.0000845091283148
2.1055051872193364	1.9097159704238955	0.0661901412805264	0.757759602689577	0.10078659663901503	97.86368784239171	107.73347026857874	0.002155011113216877	1.0000845091283148
2.1055051872193364	1.9097159704238955	0.0661901412805264	0.7577195807503798	0.10078659663901503	97.86368784239171	107.73347026857874	0.002155011113216877	1.0000845091283148
2.1055051872193364	1.9097159704238955	0.0661901412805264	0.7577705757698423	0.10078659663901503	97.86368784239171	107.73347026857874	0.002155011113216877	1.0000845091283148
2.1055051872193364	1.9097155569554933	0.0661901412805264	0.7577705757698423	0.10078659663901503	97.86368784239171	107.73347026857874	0.002155011113216877	1.0000845091283148
2.1055051872193364	1.9097155569554933	0.0661901412805264	0.7577705757698423	0.10078659663901503	97.86368784239171	107.73347026857874	0.002155011113216877	1.0000845091283148
2.1055051872193364	1.9097155569554933	0.0661901412805264	0.7577705757698423	0.10078659663901503	97.86368784239171	107.73347026857874	0.002155011113216877	1.0000845091283148
2.1055051872193364	1.9097155569554933	0.0661901412805264	0.7577705757698423	0.10078659663901503	97.86368784239171	107.73347026857874	0.0021552314793174166	1.0000845091283148
2.1055051872193364	1.9097155569554933	0.0661901412805264	0.7577705757698423	0.10078659663901503	97.86368784239171	107.73347026857874	0.0021552314793174166	1.0000845091283148
2.1055051872193364	1.9097155569554933	0.0661901412805264	0.7577705757698423	0.10078659663901503	97.86368784239171	107.73347026857874	0.0021552314793174166	1.0000845091283148
2.1055051872193364	1.9097155569554933	0.06617778744249879	0.7577705757698423	0.10078659663901503	97.86368784239171	107.73347026857874	0.0021552314793174166	1.0000845091283148
2.1055051872193364	1.9097155569554933	0.06617778744249879	0.7577705757698423	0.10078659663901503	97.86368784239171	107.73347026857874	0.0021552314793174166	1.0000845091283148
2.1055051872193364	1.9097155569554933	0.06617778744249879	0.7577705757698423	0.10078659663901503	97.86372836922165	107.73347026857874	0.0021552314793174166	1.0000845091283148
2.1055051872193364	1.9097155569554933	0.06617778744249879	0.7577705757698423	0.10078659663901503	97.86372836922165	107.73347026857874	0.0021552314793174166	1.0000845091283148
2.1055051872193364	1.9097155569554933	0.06617778744249879	0.7577705757698423	0.10078659663901503	97.86372836922165	107.73347026857874	0.0021552314793174166	1.0000845091283148
2.1055051872193364	1.9097155569554933	0.06617778744249879	0.7577705757698423	0.10078659663901503	97.86372836922165	107.73347026857874	0.0021551715355753996	1.0000845091283148
2.1055051872193364	1.9097155569554933	0.06617778744249879	0.7577705757698423	0.10078659663901503	97.86372836922165	107.73347026857874	0.0021551715355753996	1.0000845091283148
2.1055051872193364	1.9097155569554933	0.06617778744249879	0.7577705757698423	0.10078659663901503	97.86372836922165	107.73347026857874	0.0021551715355753996	1.0000845091283148
2.1055051872193364	1.9097155569554933	0.06617778744249879	0.7577705757698423	0.10078659663901503	97.86372836922165	107.73347026857874	0.0021572511772586472	1.0000845091283148
2.1055051872193364	1.9097155569554933	0.06617778744249879	0.7577705757698423	0.10078511097769141	97.86372836922165	107.73347026857874	0.0021572511772586472	1.0000845091283148
2.1055051872193364	1.9097155569554933	0.06617778744249879	0.7577705757698423	0.10078511097769141	97.863482195122	107.73347026857874	0.0021572511772586472	1.0000845091283148
2.1055051872193364	1.9097155569554933	0.06617778744249879	0.7577705757698423	0.10078511097769141	97.863482195122	107.73347026857874	0.0021572511772586472	1.0000845091283148
2.1055051872193364	1.9097155569554933	0.06617778744249879	0.7577705757698423	0.10078511097769141	97.863482195122	107.73347026857874	0.0021572511772586472	1.0000845091283148
2.1055051872193364	1.9097155569554933	0.06617778744249879	0.7577705757698423	0.10078511097769141	97.863482195122	107.73347026857874	0.0021572511772586472	1.0000845091283148
2.1055051872193364	1.9097155569554933	0.06617778744249879	0.7577705757698423	0.10078511097769141	97.863482195122	111.98685330246114	0.0021572511772586472	1.0000845091283148
2.1055051872193364	1.9097155569554933	0.06617778744249879	0.7577705757698423	0.10078511097769141	97.863482195122	111.98685330246114	0.0021572511772586472	1.0000845091283148
2.1055051872193364	1.9097155569554933	0.06617778744249879	0.7577705757698423	0.10078511097769141	97.863482195122	111.98685330246114	0.0021572511772586472	1.0000845091283148
2.1055051872193364	1.9097155569554933	0.06617778744249879	0.7577705757698423	0.10078511097769141	97.863482195122	111.98685330246114	0.0021572511772586472	1.000084517184116
2.1055051872193364	1.9097155569554933	0.06617778744249879	0.7577705757698423	0.10078511097769141	97.863482195122	111.98685330246114	0.0021572511772586472	1.000084517184116
2.1055051872193364	1.9097155569554933	0.06618237032953656	0.7577705757698423	0.10078511097769141	97.863482195122	111.98685330246114	0.0021572511772586472	1.000084517184116
2.1055051872193364	1.9097155569554933	0.06618237032953656	0.7577705757698423	0.10078514304098227	97.863482195122	111.98685330246114	0.0021572511772586472	1.000084517184116
2.1055051872193364	1.9097155569554933	0.06618237032953656	0.7577705757698423	0.10078514304098227	97.863482195122	111.98685330246114	0.0021572511772586472	1.000084517184116
2.1087638365846244	1.9097155569554933	0.06618237032953656	0.7577705757698423	0.10078514304098227	97.863482195122	111.98685330246114	0.0021572511772586472	1.000084517184116
2.1087638365846244	1.9097155569554933	0.06618237032953656	0.7577705757698423	0.10078514304098227	97.863482195122	111.98685330246114	0.0021572511772586472	1.000084517184116
2.1087638365846244	1.9096673548871173	0.06618237032953656	0.7577705757698423	0.10078514304098227	97.863482195122	111.98685330246114	0.0021572511772586472	1.000084517184116
2.1087638365846244	1.9096677760346705	0.06618237032953656	0.7577705757698423	0.10078514304098227	97.863482195122	111.98685330246114	0.0021572511772586472	1.000084517184116
2.1087638365846244	1.9096677760346705	0.06618237032953656	0.7577705757698423	0.10078514304098227	97.863482195122	111.98685330246114	0.0021603533129771766	1.000084517184116
2.1087638365846244	1.9096677760346705	0.06617972720656819	0.7577705757698423	0.10078514304098227	97.863482195122	111.98685330246114	0.0021603533129771766	1.000084517184116
2.1087638365846244	1.9096677760346705	0.06617972720656819	0.7577705757698423	0.10078514304098227	97.863482195122	111.98685330246114	0.0021603533129771766	1.0000853648109795
2.1087638365846244	1.9096677760346705	0.06617972720656819	0.7577705757698423	0.10078514304098227	97.863482195122	111.98685330246114	0.0021603533129771766	1.0000853648109795
2.1087638365846244	1.9096677760346705	0.06617972720656819	0.7577705757698423	0.10078514304098227	97.863482195122	112.01138682960334	0.0021603533129771766	1.0000853648109795
2.1087638365846244	1.9096677760346705	0.06617972720656819	0.7577705757698423	0.10078514304098227	97.863482195122	112.01138682960334	0.0021603533129771766	1.0000853648109795
2.1087638365846244	1.9096677760346705	0.06617972720656819	0.7577705757698423	0.10078514304098227	97.863482195122	112.01131210755734	0.0021603533129771766	1.0000853648109795
2.1087626758167333	1.9096677760346705	0.06617972720656819	0.7577705757698423	0.10078514304098227	97.863482195122	112.01131210755734	0.0021603533129771766	1.0000853648109795
2.1087626758167333	1.9096677760346705	0.06617972720656819	0.7577705757698423	0.10078514304098227	97.863482195122	112.01131210755734	0.0021603533129771766	1.0000847896132874
