2.100061045326753	1.9080205561784978	0.06638377472380884	0.7592315304693812	0.10094124817800029	97.81473229559369	108.78163612423619	0.00247039228717946	1.0000940372803488
2.100061045326753	1.9080205561784978	0.06638377472380884	0.7592315304693812	0.10094124817800029	97.81473229559369	108.78163612423619	0.00247039228717946	1.0000940372803488
2.100061045326753	1.9080205561784978	0.06638377472380884	0.7592315304693812	0.10094124817800029	97.81473229559369	108.7877409657279	0.00247039228717946	1.0000940372803488
2.100061045326753	1.9080205561784978	0.06638377472380884	0.7592315304693812	0.10094124817800029	97.81473229559369	108.7877409657279	0.00247039228717946	1.0000940372803488
2.100061045326753	1.9080205561784978	0.06638377472380884	0.7592315304693812	0.10094124817800029	97.81473229559369	108.7877409657279	0.0024704156476902293	1.0000940372803488
2.100061045326753	1.9080205561784978	0.06638377472380884	0.7592315304693812	0.1010000055646213	97.81473229559369	108.7877409657279	0.0024704156476902293	1.0000940372803488
2.100061045326753	1.9080205561784978	0.06638377472380884	0.7592315304693812	0.1010000055646213	97.81473229559369	108.7877409657279	0.0024704156476902293	1.0000940372803488
2.100061045326753	1.9080205561784978	0.06638377472380884	0.7592315304693812	0.1010000055646213	97.81473229559369	108.7877409657279	0.0024704156476902293	1.0000940372803488
2.100061045326753	1.9080416326963088	0.06638377472380884	0.7592315304693812	0.1010000055646213	97.81473229559369	108.7877409657279	0.0024704156476902293	1.0000940372803488
2.100061045326753	1.9080416326963088	0.06638377472380884	0.7592315304693812	0.1010000055646213	97.81473229559369	108.7877409657279	0.0024704156476902293	1.0000940372803488
2.100061045326753	1.9080416326963088	0.06638377472380884	0.7592315304693812	0.1010000055646213	97.81473229559369	108.7877409657279	0.0024725519304094677	1.0000940372803488
2.100061045326753	1.9080411333297316	0.06638377472380884	0.7592315304693812	0.1010000055646213	97.81473229559369	108.7877409657279	0.0024725519304094677	1.0000940372803488
2.100061045326753	1.9080425070111866	0.06638377472380884	0.7592315304693812	0.1010000055646213	97.81473229559369	108.7877409657279	0.0024725519304094677	1.0000940372803488
2.100061045326753	1.9080425070111866	0.06638377472380884	0.7592315304693812	0.1010000055646213	97.81473229559369	108.7877409657279	0.0024725519304094677	1.0000940372803488
2.100061045326753	1.9080425070111866	0.06638377472380884	0.7592315304693812	0.1010000055646213	97.81473229559369	108.7877409657279	0.0024725519304094677	1.0000940372803488
2.100061045326753	1.9080425070111866	0.06638377472380884	0.7592315304693812	0.1010000055646213	97.81473229559369	108.7877409657279	0.0024725519304094677	1.0000940372803488
2.100061045326753	1.9081593740157694	0.06638377472380884	0.7592315304693812	0.1010000055646213	97.81473229559369	108.7877409657279	0.0024725519304094677	1.0000940372803488
2.1002069065463407	1.9081593740157694	0.06638377472380884	0.7592315304693812	0.1010000055646213	97.81473229559369	108.7877409657279	0.0024725519304094677	1.0000940372803488
2.100206563020546	1.9081593740157694	0.06638377472380884	0.7592315304693812	0.1010000055646213	97.81473229559369	108.7877409657279	0.0024725519304094677	1.0000940372803488
2.100206563020546	1.9081593740157694	0.06638377472380884	0.7592315304693812	0.1010000055646213	97.81473229559369	110.39119833279412	0.0024725519304094677	1.0000940372803488
2.100206563020546	1.9081593740157694	0.06638377472380884	0.7592315304693812	0.1010000055646213	97.81473229559369	110.3900183917507	0.0024725519304094677	1.0000940372803488
2.100206563020546	1.9081593740157694	0.06638377472380884	0.7592315304693812	0.1010000055646213	97.81473229559369	110.3900183917507	0.002471818067793522	1.0000940372803488
2.0996733097864166	1.9081593740157694	0.06638377472380884	0.7592315304693812	0.1010000055646213	97.81473229559369	110.3900183917507	0.002471818067793522	1.0000940372803488
2.0996733097864166	1.9081593740157694	0.06637864465014981	0.7592315304693812	0.1010000055646213	97.81473229559369	110.3900183917507	0.002471818067793522	1.0000940372803488
2.0996733097864166	1.9081593740157694	0.06637864465014981	0.7592315304693812	0.1010000055646213	97.81473229559369	110.35742132844126	0.002471818067793522	1.0000940372803488
2.0996733097864166	1.9081593740157694	0.06637864465014981	0.7592315304693812	0.1010000055646213	97.81473229559369	110.35742132844126	0.002471818067793522	1.0000940372803488
2.0996733097864166	1.9081593740157694	0.06637864465014981	0.7592315304693812	0.1010000055646213	97.81473229559369	110.35742132844126	0.002471818067793522	1.0000940372803488
2.0996733097864166	1.9081593740157694	0.06637864465014981	0.7592315304693812	0.1010000055646213	97.81473229559369	110.35742132844126	0.002471818067793522	1.0000940372803488
2.0996733097864166	1.9080215332383577	0.06637864465014981	0.7592315304693812	0.1010000055646213	97.81473229559369	110.35742132844126	0.002471818067793522	1.0000940372803488
2.0996733097864166	1.9080215332383577	0.06637864465014981	0.7592315304693812	0.1010000055646213	97.81473229559369	110.35742132844126	0.002471622722010291	1.0000940372803488
2.0996733097864166	1.9080215332383577	0.06637864465014981	0.7592315304693812	0.1010000055646213	97.81473229559369	110.35742132844126	0.002471622722010291	1.0000940372803488
2.0996733097864166	1.9080215332383577	0.06637864465014981	0.7592315304693812	0.1010000055646213	97.81473229559369	110.35742132844126	0.002471622722010291	1.0000943294557822
2.0996733097864166	1.9080215332383577	0.06637864465014981	0.7592315304693812	0.1010000055646213	97.81473229559369	110.4418102193803	0.002471622722010291	1.0000943294557822
2.0996733097864166	1.9080215332383577	0.06637864465014981	0.7592315304693812	0.1010000055646213	97.81473229559369	110.4418102193803	0.002471622722010291	1.0000943294557822
2.0996733097864166	1.9080215332383577	0.06637864465014981	0.7592315304693812	0.1010000055646213	97.81473229559369	110.4418102193803	0.002471622722010291	1.0000943294557822
2.0996733097864166	1.9080160551018686	0.06637864465014981	0.7592315304693812	0.1010000055646213	97.81473229559369	110.4418102193803	0.002471622722010291	1.0000943294557822
2.097533914213164	1.9080160551018686	0.06637864465014981	0.7592315304693812	0.1010000055646213	97.81473229559369	110.4418102193803	0.002471622722010291	1.0000943294557822
2.097533914213164	1.9080160551018686	0.06637864465014981	0.7592315304693812	0.1010000055646213	97.81516229395751	110.4418102193803	0.002471622722010291	1.0000943294557822
2.097533914213164	1.9080160551018686	0.06637864465014981	0.7592315304693812	0.1010000055646213	97.81516229395751	110.4418102193803	0.002471622722010291	1.0000943294557822
2.097533914213164	1.9080160551018686	0.06637864465014981	0.7592315304693812	0.1010000055646213	97.81539330172329	110.4418102193803	0.002471622722010291	1.0000943294557822
2.097533914213164	1.9080160551018686	0.06637864465014981	0.7592315304693812	0.1010000055646213	97.81756284071007	110.4418102193803	0.002471622722010291	1.0000943294557822
2.097533914213164	1.9080160551018686	0.0663940987363541	0.7592315304693812	0.1010000055646213	97.81756284071007	110.4418102193803	0.002471622722010291	1.0000943294557822
2.097533914213164	1.9080160551018686	0.0663940987363541	0.7592315304693812	0.1010000055646213	97.81756284071007	110.4418102193803	0.002471622722010291	1.0000943294557822
2.097533914213164	1.9080160551018686	0.0663940987363541	0.7592315304693812	0.1010000055646213	97.81756284071007	110.44167747650424	0.002471622722010291	1.0000943294557822
2.097533914213164	1.9080160551018686	0.0663940987363541	0.7592315304693812	0.1010000055646213	97.81756284071007	110.44167747650424	0.002471622722010291	1.0000943294557822
2.097533914213164	1.9080160551018686	0.06639835791068369	0.7592315304693812	0.1010000055646213	97.81756284071007	110.44167747650424	0.002471622722010291	1.0000943294557822
2.097533914213164	1.9080160551018686	0.06639835791068369	0.7592315304693812	0.10093593874941756	97.81756284071007	110.44167747650424	0.002471622722010291	1.0000943294557822
2.097533914213164	1.9080160551018686	0.06639835791068369	0.7592315304693812	0.10093591412867743	97.81756284071007	110.44167747650424	0.002471622722010291	1.0000943294557822
2.097533914213164	1.9080160551018686	0.06639835791068369	0.7592315304693812	0.10093591412867743	97.81756284071007	110.44167747650424	0.002471622722010291	1.0000943294557822
2.097533914213164	1.9080160551018686	0.06639835791068369	0.7592315304693812	0.10093591412867743	97.81756284071007	110.46568722346824	0.002471622722010291	1.0000943294557822
2.097533914213164	1.9080160551018686	0.06639835791068369	0.7592315304693812	0.10093591412867743	97.81756284071007	110.46568722346824	0.002471622722010291	1.0000943294557822
2.097533914213164	1.9080160551018686	0.06639835791068369	0.7592315304693812	0.10093591412867743	97.81783639642573	110.46568722346824	0.002471622722010291	1.0000943294557822
2.097533914213164	1.9080160551018686	0.06639835791068369	0.7592315304693812	0.10093591412867743	97.81783639642573	110.41242001974035	0.002471622722010291	1.0000943294557822
2.097533914213164	1.9080160551018686	0.06639835791068369	0.7592315304693812	0.10093591412867743	97.81783639642573	110.41242001974035	0.002471622722010291	1.0000943294557822
2.097533914213164	1.9080160551018686	0.06639835791068369	0.7592315304693812	0.10093591412867743	97.81783639642573	110.41242001974035	0.002471757939900712	1.0000943294557822
2.097533914213164	1.9080160551018686	0.06639835791068369	0.7592315304693812	0.10093591412867743	97.81799103867625	110.41242001974035	0.002471757939900712	1.0000943294557822
2.097533914213164	1.908195090920294	0.06639835791068369	0.7592315304693812	0.10093591412867743	97.81799103867625	110.41242001974035	0.002471757939900712	1.0000943294557822
2.097533914213164	1.908195090920294	0.06639835791068369	0.7592315304693812	0.10093591412867743	97.81778330645638	110.41242001974035	0.002471757939900712	1.0000943294557822
2.097533914213164	1.9081939859059047	0.06639835791068369	0.7592315304693812	0.10093591412867743	97.81778330645638	110.41242001974035	0.002471757939900712	1.0000943294557822
2.097533914213164	1.9081939859059047	0.06639835791068369	0.7592315304693812	0.10093591412867743	97.81778330645638	110.41242001974035	0.002471757939900712	1.0000943294557822
2.097533914213164	1.9081939859059047	0.06639835791068369	0.7592315304693812	0.10093591412867743	97.81778330645638	110.41242001974035	0.002471757939900712	1.0000943294557822
2.097533914213164	1.9081939859059047	0.06639835791068369	0.7592315304693812	0.10093591412867743	97.81778330645638	110.41242001974035	0.002471757939900712	1.0000943294557822
2.097533914213164	1.9081939859059047	0.06639835791068369	0.7592315304693812	0.10093591412867743	97.81778330645638	110.41242001974035	0.002471757939900712	1.0000943294557822
2.097533914213164	1.9081939859059047	0.06639835791068369	0.7592517312703557	0.10093591412867743	97.81778330645638	110.41242001974035	0.002471757939900712	1.0000943294557822
2.097533914213164	1.9081939859059047	0.06639835791068369	0.7592517312703557	0.10093591412867743	97.81778330645638	110.41242001974035	0.002471757939900712	1.0000943517638976
2.097533914213164	1.9081939859059047	0.06639835791068369	0.7592517312703557	0.10093591412867743	97.81778330645638	110.3547860188392	0.002471757939900712	1.0000943517638976
2.097533914213164	1.9081939859059047	0.06639835791068369	0.7592517312703557	0.10093591412867743	97.81778330645638	110.3547860188392	0.002471757939900712	1.0000943517638976
2.097533914213164	1.9081939859059047	0.06639835791068369	0.7592517312703557	0.10093591412867743	97.81778330645638	110.3547860188392	0.002471757939900712	1.0000943517638976
2.097533914213164	1.9081939859059047	0.06639835791068369	0.7592517312703557	0.10093591412867743	97.81778330645638	110.3547860188392	0.002471757939900712	1.0000943517638976
2.097533914213164	1.9081939859059047	0.06639835791068369	0.7592517312703557	0.10093591412867743	97.81778330645638	110.3547860188392	0.002471757939900712	1.0000943517638976
2.097533914213164	1.9081939859059047	0.06639835791068369	0.7592517312703557	0.10093591412867743	97.81778330645638	110.3547860188392	0.002471757939900712	1.0000943517638976
2.097533914213164	1.9081939859059047	0.06639835791068369	0.7592517312703557	0.10093591412867743	97.81778330645638	110.3547860188392	0.002471757939900712	1.0000943517638976
2.097533914213164	1.9081939859059047	0.06639835791068369	0.7592517312703557	0.10093591412867743	97.81778330645638	110.3547860188392	0.002471757939900712	1.0000943517638976
2.097533914213164	1.9081939859059047	0.06639835791068369	0.7592517312703557	0.10093591412867743	97.81778330645638	110.3547860188392	0.002471757939900712	1.0000943517638976
2.097533914213164	1.9081939859059047	0.06639835791068369	0.7592517312703557	0.10093591412867743	97.81778330645638	110.3547860188392	0.002471757939900712	1.0000943517638976
2.097533914213164	1.9077375394772549	0.06639835791068369	0.7592517312703557	0.10093591412867743	97.81778330645638	110.3547860188392	0.002471757939900712	1.0000943517638976
2.097533914213164	1.9077375394772549	0.06639835791068369	0.7592517312703557	0.10093591412867743	97.80870944471724	110.3547860188392	0.002471757939900712	1.0000943517638976
2.097533914213164	1.9077375394772549	0.06639835791068369	0.7592517312703557	0.10093591412867743	97.80870944471724	109.64769420384165	0.002471757939900712	1.0000943517638976
2.097533914213164	1.9077375394772549	0.06639835791068369	0.7592517312703557	0.10093591412867743	97.80870944471724	109.64769420384165	0.002471757939900712	1.0000943517638976
2.097533914213164	1.9077375394772549	0.06639835791068369	0.7592517312703557	0.10093591412867743	97.80870944471724	109.64769420384165	0.002471757939900712	1.0000943517638976
2.097533914213164	1.9077375394772549	0.06639835791068369	0.7592517312703557	0.10093591412867743	97.80870944471724	109.64769420384165	0.002471757939900712	1.0000943517638976
2.097533914213164	1.9071689307086162	0.06639835791068369	0.7592517312703557	0.10093591412867743	97.80870944471724	109.64769420384165	0.002471757939900712	1.0000943517638976
2.097533914213164	1.9071689307086162	0.06639835791068369	0.7592517312703557	0.10093591412867743	97.80870944471724	109.64769420384165	0.002471757939900712	1.0000943517638976
2.097533914213164	1.9063804360298242	0.06639835791068369	0.7592517312703557	0.10093591412867743	97.80870944471724	109.64769420384165	0.002471757939900712	1.0000943517638976
2.097533914213164	1.9063804360298242	0.06639835791068369	0.7592517312703557	0.10093591412867743	97.80870944471724	109.64769420384165	0.002471757939900712	1.0000943517638976
2.097533914213164	1.9063804360298242	0.06639591998941231	0.7592517312703557	0.10093591412867743	97.80870944471724	109.64769420384165	0.002471757939900712	1.0000943517638976
2.097533914213164	1.9063804360298242	0.06639591998941231	0.7592517312703557	0.10093591412867743	97.80870944471724	109.64769420384165	0.002471757939900712	1.0000943517638976
2.097533914213164	1.9063804360298242	0.06639591998941231	0.7592517312703557	0.10093591412867743	97.80870944471724	109.64769420384165	0.0024719032246242733	1.0000943517638976
2.097525861197707	1.9063804360298242	0.06639591998941231	0.7592517312703557	0.10093591412867743	97.80870944471724	109.64769420384165	0.0024719032246242733	1.0000943517638976
2.097525861197707	1.9063804360298242	0.06639591998941231	0.7592517312703557	0.10093591412867743	97.80870944471724	109.64769420384165	0.0024719032246242733	1.0000938261815784
2.097525861197707	1.9063804360298242	0.06639591998941231	0.7592517312703557	0.10093611963412644	97.80870944471724	109.64769420384165	0.0024719032246242733	1.0000938261815784
2.097525861197707	1.9063804360298242	0.06639591998941231	0.7592517312703557	0.10093611963412644	97.80870944471724	109.64769420384165	0.0024719032246242733	1.0000938261815784
2.097525861197707	1.9063804360298242	0.06639591998941231	0.7592517312703557	0.10093611963412644	97.80870944471724	109.64769420384165	0.0024719032246242733	1.0000938261815784
2.097525861197707	1.9063804360298242	0.06639591998941231	0.7592517312703557	0.10093611963412644	97.80870944471724	109.64769420384165	0.0024719032246242733	1.0000938745398578
2.097525861197707	1.9063804360298242	0.06639591998941231	0.7592517312703557	0.10093611963412644	97.80870944471724	109.64769420384165	0.0024719032246242733	1.0000938745398578
2.097525861197707	1.9063804360298242	0.06639591998941231	0.7593017320486039	0.10093611963412644	97.80870944471724	109.64769420384165	0.0024719032246242733	1.0000938745398578
2.097525861197707	1.9063804360298242	0.06639591998941231	0.7593017320486039	0.10093611963412644	97.80870944471724	109.66927961038111	0.0024719032246242733	1.0000938745398578
2.097525861197707	1.9063798744353864	0.06639591998941231	0.7593017320486039	0.10093611963412644	97.80870944471724	109.66927961038111	0.0024719032246242733	1.0000938745398578
2.097525861197707	1.9063798744353864	0.06639591998941231	0.7593017320486039	0.10093611963412644	97.80870944471724	109.66927961038111	0.0024800854819217156	1.0000938745398578
2.097525861197707	1.9063798744353864	0.06639591998941231	0.7593017320486039	0.10093611963412644	97.80870944471724	109.66927961038111	0.0024800854819217156	1.0000938745398578
2.097525861197707	1.9063798744353864	0.06639591998941231	0.7593017320486039	0.10093611963412644	97.80870944471724	109.66927961038111	0.0024800854819217156	1.0000938745398578
2.097525861197707	1.9063798744353864	0.06639591998941231	0.7593017320486039	0.10093611963412644	97.80870944471724	109.66927961038111	0.0024800854819217156	1.0000939395931594
2.097525861197707	1.9063796876215255	0.06639591998941231	0.7593017320486039	0.10093611963412644	97.80870944471724	109.66927961038111	0.0024800854819217156	1.0000939395931594
2.097525861197707	1.9063796876215255	0.06639591998941231	0.7593017320486039	0.10093611963412644	97.80870944471724	109.66927961038111	0.0024800854819217156	1.0000939395931594
2.097525861197707	1.9063796876215255	0.06639591998941231	0.7593017320486039	0.10093611963412644	97.80870944471724	109.66927961038111	0.0024800854819217156	1.0000939395931594
2.097525861197707	1.9063796876215255	0.06639591998941231	0.7593017320486039	0.10093611963412644	97.80870944471724	109.66927961038111	0.0024800854819217156	1.0000939395931594
2.097525861197707	1.9063796876215255	0.06639591998941231	0.7593017320486039	0.10093611963412644	97.80870944471724	109.66927961038111	0.0024800854819217156	1.0000939395931594
2.097525861197707	1.9063796876215255	0.06639591998941231	0.7593017320486039	0.10093817587719826	97.80870944471724	109.66927961038111	0.0024800854819217156	1.0000939395931594
2.097525861197707	1.9063796876215255	0.06639591998941231	0.7593017320486039	0.10093817587719826	97.80870944471724	109.66927961038111	0.0024800854819217156	1.0000939395931594
2.097525861197707	1.9063796876215255	0.06639591998941231	0.7593017320486039	0.10093776461203105	97.80870944471724	109.66927961038111	0.0024800854819217156	1.0000939395931594
2.097525861197707	1.9063796876215255	0.06639591998941231	0.7593017320486039	0.10093776461203105	97.80870944471724	109.66927961038111	0.0024800854819217156	1.0000941579301728
2.097525861197707	1.9063796876215255	0.06639591998941231	0.7593017320486039	0.10093462722988265	97.80870944471724	109.66927961038111	0.0024800854819217156	1.0000941579301728
2.097525861197707	1.9063796876215255	0.06639591998941231	0.7593017320486039	0.10093462722988265	97.80870944471724	109.66927961038111	0.0024800854819217156	1.0000941579301728
2.097525861197707	1.9063796876215255	0.06639729713804852	0.7593017320486039	0.10093462722988265	97.80870944471724	109.66927961038111	0.0024800854819217156	1.0000941579301728
2.097525861197707	1.9063796876215255	0.06639729713804852	0.7593017320486039	0.10093213193488694	97.80870944471724	109.66927961038111	0.0024800854819217156	1.0000941579301728
2.097525861197707	1.9063796876215255	0.06639729713804852	0.7593017320486039	0.10093213193488694	97.80870944471724	109.66927961038111	0.0024800854819217156	1.0000941579301728
2.097525861197707	1.9063796876215255	0.06639817604093338	0.7593017320486039	0.10093213193488694	97.80870944471724	109.66927961038111	0.0024800854819217156	1.0000941579301728
2.097525861197707	1.9063796876215255	0.06639817604093338	0.7593017320486039	0.10093213193488694	97.80870944471724	109.66927961038111	0.0024800854819217156	1.0000941579301728
2.097525861197707	1.9063796876215255	0.06639817604093338	0.7593017320486039	0.10093213193488694	97.80870944471724	109.66927961038111	0.0024800854819217156	1.0000941579301728
2.097525861197707	1.9063796876215255	0.06639817604093338	0.7593017320486039	0.10093213193488694	97.80870944471724	109.66927961038111	0.002481690644454742	1.0000941579301728
2.097525861197707	1.9063796876215255	0.06639817604093338	0.7593017320486039	0.10093213193488694	97.80870944471724	109.66927961038111	0.002481690644454742	1.0000941579301728
2.097525861197707	1.9063796876215255	0.06639817604093338	0.7593017320486039	0.10093213193488694	97.80870944471724	109.66935135293843	0.002481690644454742	1.0000941579301728
2.097525861197707	1.9063796876215255	0.06639817604093338	0.7593017320486039	0.10093213193488694	97.80870944471724	109.66935135293843	0.002481690644454742	1.0000941579301728
2.097525861197707	1.9063796876215255	0.06639855758004454	0.7593017320486039	0.10093213193488694	97.80870944471724	109.66935135293843	0.002481690644454742	1.0000941579301728
2.097525861197707	1.9063796876215255	0.06639855758004454	0.7593017320486039	0.10093422095346646	97.80870944471724	109.66935135293843	0.002481690644454742	1.0000941579301728
2.097525861197707	1.9063796876215255	0.06639855758004454	0.7593017320486039	0.10093422095346646	97.80870944471724	109.66935135293843	0.0024861511081379043	1.0000941579301728
2.097525861197707	1.9063796876215255	0.06639855758004454	0.7593017320486039	0.10093422095346646	97.80870944471724	109.67095696841982	0.0024861511081379043	1.0000941579301728
2.097525861197707	1.9063796876215255	0.06639855758004454	0.7593017320486039	0.10093422095346646	97.80870944471724	109.67095696841982	0.0024861511081379043	1.0000941579301728
2.097525861197707	1.9063796876215255	0.06639855758004454	0.7593017320486039	0.1009358708323006	97.80870944471724	109.67095696841982	0.0024861511081379043	1.0000941579301728
2.097525861197707	1.9063796876215255	0.06639855758004454	0.7593017320486039	0.1009358708323006	97.80870944471724	109.67095696841982	0.0024861511081379043	1.0000941579301728
2.097525861197707	1.9063796876215255	0.06639855758004454	0.7593017320486039	0.1009358708323006	97.80870944471724	109.67095696841982	0.0024861511081379043	1.0000941579301728
2.097510888422731	1.9063796876215255	0.06639855758004454	0.7593017320486039	0.1009358708323006	97.80870944471724	109.67095696841982	0.0024861511081379043	1.0000941579301728
2.097510888422731	1.9063796876215255	0.06639855758004454	0.7593017320486039	0.1009358708323006	97.82121686049835	109.67095696841982	0.0024861511081379043	1.0000941579301728
2.097510888422731	1.9063796876215255	0.06639855758004454	0.7593017320486039	0.1009358708323006	97.82121686049835	109.67095696841982	0.0024861511081379043	1.0000942209728367
2.097510888422731	1.9063796876215255	0.06639855758004454	0.7593017320486039	0.1009358708323006	97.82121686049835	109.67095696841982	0.0024861511081379043	1.0000942209728367
2.097510888422731	1.9063796876215255	0.06639855758004454	0.7593017320486039	0.1009358708323006	97.82121686049835	109.67095696841982	0.0024861511081379043	1.0000942209728367
2.097510888422731	1.9063796876215255	0.06639855758004454	0.7593017320486039	0.1009358708323006	97.82121686049835	109.67095696841982	0.0024861511081379043	1.0000942209728367
2.097510888422731	1.9063796876215255	0.06639855758004454	0.7593017320486039	0.1009358708323006	97.82121686049835	109.67095696841982	0.0024861511081379043	1.0000942209728367
2.097510888422731	1.9063796876215255	0.06639855758004454	0.7593017320486039	0.1009358708323006	97.82121686049835	109.67095696841982	0.0024861511081379043	1.0000942209728367
2.097510888422731	1.9063796876215255	0.06639855758004454	0.7593017320486039	0.1009358708323006	97.82121686049835	109.67095696841982	0.0024861511081379043	1.0000942209728367
2.097510888422731	1.9063796876215255	0.06639855758004454	0.7593017320486039	0.1009358708323006	97.82121686049835	109.67095696841982	0.0024861511081379043	1.0000942209728367
2.097510888422731	1.9063796876215255	0.06639855758004454	0.7593017320486039	0.1009358708323006	97.82121686049835	109.67095696841982	0.00248614918098316	1.0000942209728367
2.097510888422731	1.9063796876215255	0.06639855758004454	0.7593017320486039	0.10027087767606319	97.82121686049835	109.67095696841982	0.00248614918098316	1.0000942209728367
2.097510888422731	1.9063796876215255	0.06639855758004454	0.7593017320486039	0.10027087767606319	97.82121686049835	109.67095696841982	0.00248614918098316	1.0000942209728367
2.097510888422731	1.9063796876215255	0.06639855758004454	0.7593017320486039	0.10027087767606319	97.82121686049835	109.67095696841982	0.00248614918098316	1.0000942209728367
2.097510888422731	1.9063796876215255	0.06639855758004454	0.7593017320486039	0.10027087767606319	97.82121686049835	109.67095696841982	0.00248614918098316	1.0000942209728367
2.097510888422731	1.9063796876215255	0.06639855758004454	0.7593017320486039	0.10027087767606319	97.82121686049835	109.67095696841982	0.00248614918098316	1.0000941136321642
2.097510888422731	1.9063796876215255	0.06639855758004454	0.7593017320486039	0.10027087767606319	97.82121686049835	109.67095696841982	0.00248614918098316	1.0000967434015657
2.097510888422731	1.9063796876215255	0.06639855758004454	0.7593017320486039	0.10027087767606319	97.82121686049835	109.67095696841982	0.00248614918098316	1.0000967434015657
2.097510888422731	1.9063796876215255	0.06639855758004454	0.7593017320486039	0.10027087767606319	97.82329599087252	109.67095696841982	0.00248614918098316	1.0000967434015657
2.097510888422731	1.9063796876215255	0.06639855758004454	0.7593017320486039	0.10027087767606319	97.82329599087252	109.67095696841982	0.00248614918098316	1.0000967434015657
2.097510888422731	1.9063796876215255	0.06639855758004454	0.7593017320486039	0.10027087767606319	97.82329599087252	109.67095696841982	0.00248614918098316	1.0000967434015657
2.097510888422731	1.9063796876215255	0.06639855758004454	0.7593017320486039	0.10027087767606319	97.82325243292416	109.67095696841982	0.00248614918098316	1.0000967434015657
2.097510888422731	1.9063796876215255	0.06639855758004454	0.7593017320486039	0.10027087767606319	97.82325243292416	109.67095696841982	0.00248614918098316	1.0001005083496695
2.097510888422731	1.9063796876215255	0.06639855758004454	0.7593017320486039	0.10027087767606319	97.82325243292416	109.67095696841982	0.00248614918098316	1.0001005083496695
2.097510888422731	1.9063796876215255	0.06639855758004454	0.7593017320486039	0.10027087767606319	97.82325243292416	109.66996432680553	0.00248614918098316	1.0001005083496695
2.097510888422731	1.9063796876215255	0.06639855758004454	0.7593017320486039	0.10027087767606319	97.82325243292416	109.66996432680553	0.002487344530718017	1.0001005083496695
2.097510888422731	1.9063796876215255	0.06639855758004454	0.7593017320486039	0.10027087767606319	97.82325243292416	113.62793668170373	0.002487344530718017	1.0001005083496695
2.097510888422731	1.9063796876215255	0.06639855758004454	0.7593017320486039	0.10027087767606319	97.82325243292416	113.62793668170373	0.002487344530718017	1.0001005083496695
2.1010039110036294	1.9063796876215255	0.06639855758004454	0.7593017320486039	0.10027087767606319	97.82325243292416	113.62793668170373	0.002487344530718017	1.0001005083496695
2.1010039110036294	1.9063796876215255	0.06639855758004454	0.7593093603630608	0.10027087767606319	97.82325243292416	113.62793668170373	0.002487344530718017	1.0001005083496695
2.1010039110036294	1.9063796876215255	0.06639855758004454	0.7593093603630608	0.10027087767606319	97.79317221712725	113.62793668170373	0.002487344530718017	1.0001005083496695
2.1010039110036294	1.9063796876215255	0.06639855758004454	0.7593093603630608	0.10027087767606319	97.79317221712725	113.62793668170373	0.002487344530718017	1.0001005083496695
2.1010039110036294	1.9063796876215255	0.06639855758004454	0.7593093603630608	0.10027087767606319	97.79317221712725	113.62793668170373	0.002489971856639955	1.0001005083496695
2.1010039110036294	1.9063796876215255	0.06639855758004454	0.7593093603630608	0.10027087767606319	97.79317221712725	113.62793668170373	0.002489971856639955	1.0001005083496695
2.1010039110036294	1.9063796876215255	0.06639855758004454	0.7593093603630608	0.10027087767606319	97.79317221712725	113.62793668170373	0.002489971856639955	1.0001005083496695
2.1010039110036294	1.9063796876215255	0.06639855758004454	0.7593093603630608	0.10027087767606319	97.79317221712725	113.62793668170373	0.002489971856639955	1.0001005083496695
2.1010039110036294	1.9063796876215255	0.06639855758004454	0.7593093603630608	0.10027087767606319	97.79317221712725	113.62793668170373	0.002489971856639955	1.0001004767105897
2.1010039110036294	1.9063796876215255	0.06639855758004454	0.7593093603630608	0.10027087767606319	97.79317221712725	113.49509562412963	0.002489971856639955	1.0001004767105897
2.1010039110036294	1.9063796876215255	0.06639855758004454	0.7593093603630608	0.10027087767606319	97.79317221712725	113.49509562412963	0.002489971856639955	1.0001004767105897
2.1010039110036294	1.9063796876215255	0.06639855758004454	0.7593093603630608	0.10027087767606319	97.79317221712725	113.49509562412963	0.002489971856639955	1.0001004767105897
2.1010039110036294	1.9063796876215255	0.06639855758004454	0.7593093603630608	0.10027087767606319	97.79317221712725	113.49509562412963	0.002490608124344631	1.0001004767105897
2.1010039110036294	1.9063793413499766	0.06639855758004454	0.7593093603630608	0.10027087767606319	97.79317221712725	113.49509562412963	0.002490608124344631	1.0001004767105897
2.1010039110036294	1.9063793413499766	0.06639855758004454	0.7593093603630608	0.10027087767606319	97.79317221712725	113.49509562412963	0.002490608124344631	1.0001004767105897
2.1010039110036294	1.9063793413499766	0.06639855758004454	0.7593093603630608	0.10027087767606319	97.79317221712725	113.49509562412963	0.002490608124344631	1.0001004767105897
2.1010039110036294	1.9063793413499766	0.06639855758004454	0.7593093603630608	0.10027087767606319	97.79317221712725	113.49509562412963	0.0024897198945729613	1.0001004767105897
2.1010039110036294	1.9063793413499766	0.06639855758004454	0.7593093603630608	0.10027087767606319	97.79317221712725	113.49509562412963	0.0024897198945729613	1.0001004767105897
2.1010039110036294	1.9063793413499766	0.06639855758004454	0.7593093603630608	0.10027087767606319	97.79317221712725	113.49509562412963	0.0024897198945729613	1.0001004767105897
2.100119414596478	1.9063793413499766	0.06639855758004454	0.7593093603630608	0.10027087767606319	97.79317221712725	113.49509562412963	0.0024897198945729613	1.0001004767105897
2.100119414596478	1.9063793413499766	0.06639855758004454	0.7593093603630608	0.10027087767606319	97.79335898147835	113.49509562412963	0.0024897198945729613	1.0001004767105897
2.100119414596478	1.9063793413499766	0.06639855758004454	0.7592354907921335	0.10027087767606319	97.79335898147835	113.49509562412963	0.0024897198945729613	1.0001004767105897
2.100119414596478	1.9063793413499766	0.06639855758004454	0.7592354907921335	0.10027087767606319	97.79335898147835	113.49509562412963	0.0024897198945729613	1.0001004767105897
2.100119414596478	1.9063793413499766	0.06639855758004454	0.7592354907921335	0.10027087767606319	97.79335898147835	113.49509562412963	0.002489665854334152	1.0001004767105897
2.100294451597519	1.9063793413499766	0.06639855758004454	0.7592354907921335	0.10027087767606319	97.79335898147835	113.49509562412963	0.002489665854334152	1.0001004767105897
2.100294451597519	1.9063793413499766	0.06639855758004454	0.7592354907921335	0.10027087767606319	97.79335898147835	113.49509562412963	0.002489665854334152	1.0001004767105897
2.100294451597519	1.9063793413499766	0.06639855758004454	0.7592354907921335	0.10027087767606319	97.79335898147835	113.49509562412963	0.002489665854334152	1.0001004767105897
2.100294451597519	1.9063793413499766	0.06639864039469501	0.7592354907921335	0.10027087767606319	97.79335898147835	113.49509562412963	0.002489665854334152	1.0001004767105897
2.100294451597519	1.9063793413499766	0.06639864039469501	0.7592354907921335	0.10027087310727925	97.79335898147835	113.49509562412963	0.002489665854334152	1.0001004767105897
2.100294451597519	1.9063793413499766	0.06639864039469501	0.7592354907921335	0.10027087310727925	97.79335898147835	113.49509562412963	0.002489665854334152	1.0001004767105897
2.100294451597519	1.9063793413499766	0.06639864039469501	0.7592354907921335	0.10027087310727925	97.79335898147835	113.49509562412963	0.002489665854334152	1.0001004767105897
2.100294451597519	1.9063793413499766	0.06639864039469501	0.7592354907921335	0.10027087310727925	97.79335898147835	113.49509562412963	0.002489665854334152	1.0001004767105897
2.100294451597519	1.9063793413499766	0.06639864039469501	0.7592354907921335	0.10027087310727925	97.79335898147835	113.49509562412963	0.002489665854334152	1.0001004767105897
2.100294451597519	1.9063717258963482	0.06639864039469501	0.7592354907921335	0.10027087310727925	97.79335898147835	113.49509562412963	0.002489665854334152	1.0001004767105897
2.100294451597519	1.9063717258963482	0.06641209526174957	0.7592354907921335	0.10027087310727925	97.79335898147835	113.49509562412963	0.002489665854334152	1.0001004767105897
2.100294451597519	1.9063717258963482	0.06641209526174957	0.7592354907921335	0.10027087310727925	97.79335898147835	113.49509562412963	0.002489665854334152	1.0001004767105897
2.100294451597519	1.9063717258963482	0.06641209526174957	0.7592354907921335	0.10027087310727925	97.79335898147835	113.49509562412963	0.002489665854334152	1.0001004767105897
2.100294451597519	1.9063717258963482	0.06641209526174957	0.7592354907921335	0.10027087310727925	97.79335898147835	113.49509562412963	0.002489665854334152	1.0001004767105897
2.100294451597519	1.9063717258963482	0.06641209526174957	0.7592354907921335	0.10027087310727925	97.79335898147835	113.49509562412963	0.002489665854334152	1.0001004767105897
2.100294451597519	1.9063717258963482	0.06641209526174957	0.7592354907921335	0.10027087310727925	97.79335898147835	113.49509562412963	0.002489665854334152	1.0001004767105897
2.100294451597519	1.9063717258963482	0.06641209526174957	0.7592354907921335	0.10027087310727925	97.79731817189682	113.49509562412963	0.002489665854334152	1.0001004767105897
2.100294451597519	1.9063717258963482	0.06641209526174957	0.7592354907921335	0.10027087310727925	97.79731817189682	113.49509562412963	0.002489665854334152	1.0001004767105897
2.100294451597519	1.9056902675238123	0.06641209526174957	0.7592354907921335	0.10027087310727925	97.79731817189682	113.49509562412963	0.002489665854334152	1.0001004767105897
2.100294451597519	1.9056902675238123	0.06641209526174957	0.7592354907921335	0.10027087310727925	97.79731817189682	113.49509562412963	0.002489665854334152	1.0001004767105897
2.100294451597519	1.9056902675238123	0.06641209526174957	0.7592354907921335	0.10027087310727925	97.79731817189682	113.49389701048995	0.002489665854334152	1.0001004767105897
2.100294451597519	1.9056902675238123	0.06641209526174957	0.7592354907921335	0.10027087310727925	97.79731817189682	113.49385733155364	0.002489665854334152	1.0001004767105897
2.100294451597519	1.9056902675238123	0.06641209526174957	0.7592354907921335	0.10027087310727925	97.79731817189682	112.15376809115587	0.002489665854334152	1.0001004767105897
2.100294451597519	1.9056902675238123	0.06641209526174957	0.7592354907921335	0.10026286174502697	97.79731817189682	112.15376809115587	0.002489665854334152	1.0001004767105897
2.100294451597519	1.9056902675238123	0.06641209526174957	0.7592354907921335	0.10026286174502697	97.79731817189682	112.15376809115587	0.002489665854334152	1.0001004767105897
2.1003295329668026	1.9056902675238123	0.06641209526174957	0.7592354907921335	0.10026286174502697	97.79731817189682	112.15376809115587	0.002489665854334152	1.0001004767105897
2.1003295329668026	1.9056902675238123	0.06641209526174957	0.7592354907921335	0.10026286174502697	97.79731817189682	112.15335270776109	0.002489665854334152	1.0001004767105897
2.1003295329668026	1.9056902675238123	0.06641209526174957	0.7592354907921335	0.10026286174502697	97.79731817189682	112.15335270776109	0.002489665854334152	1.0001004767105897
2.1003295329668026	1.9056902675238123	0.06658340445252306	0.7592354907921335	0.10026286174502697	97.79731817189682	112.15335270776109	0.002489665854334152	1.0001004767105897
2.1003295329668026	1.9056902675238123	0.06658340445252306	0.7592354907921335	0.10026286174502697	97.79731817189682	112.15335270776109	0.002489665854334152	1.0001004767105897
2.1003295329668026	1.9056902675238123	0.06658340445252306	0.7592354907921335	0.10026286174502697	97.79731817189682	111.97780948501418	0.002489665854334152	1.0001004767105897
2.100320069723392	1.9056902675238123	0.06658340445252306	0.7592354907921335	0.10026286174502697	97.79731817189682	111.97780948501418	0.002489665854334152	1.0001004767105897
2.100320069723392	1.9056902675238123	0.06658340445252306	0.7592354907921335	0.10026286174502697	97.79729063620455	111.97780948501418	0.002489665854334152	1.0001004767105897
2.100320069723392	1.9056902675238123	0.06658340445252306	0.7592354907921335	0.10026286174502697	97.79729063620455	111.97780948501418	0.002456769184874007	1.0001004767105897
2.100320069723392	1.9056902675238123	0.06658340445252306	0.7592354907921335	0.10026286174502697	97.79729063620455	111.97780948501418	0.002456769184874007	1.0001004767105897
2.100320069723392	1.9056902675238123	0.06658340445252306	0.7592354907921335	0.10026286174502697	97.79729063620455	111.98488374022239	0.002456769184874007	1.0001004767105897
2.100320069723392	1.9056902675238123	0.06658340445252306	0.7592354907921335	0.10026286174502697	97.79729063620455	111.98488374022239	0.0024654117379373317	1.0001004767105897
2.100320069723392	1.9056902675238123	0.06658340445252306	0.7592354907921335	0.10026286174502697	97.79720720183829	111.98488374022239	0.0024654117379373317	1.0001004767105897
2.100320069723392	1.9056902675238123	0.06658340445252306	0.7592354907921335	0.10026286174502697	97.79720720183829	111.99364387677657	0.0024654117379373317	1.0001004767105897
2.100283986553884	1.9056902675238123	0.06658340445252306	0.7592354907921335	0.10026286174502697	97.79720720183829	111.99364387677657	0.0024654117379373317	1.0001004767105897
2.100283986553884	1.9056902675238123	0.06658340445252306	0.7592354907921335	0.10026286174502697	97.79720720183829	111.99364387677657	0.0024654117379373317	1.0001004767105897
2.100283986553884	1.9056902675238123	0.06658340445252306	0.7592354907921335	0.10026286174502697	97.79720720183829	111.99364387677657	0.0024654117379373317	1.000099760289221
2.100283986553884	1.9056902675238123	0.06658340445252306	0.7592354907921335	0.10026286174502697	97.79720720183829	112.04285178228672	0.0024654117379373317	1.000099760289221
2.100283986553884	1.905690265417791	0.06658340445252306	0.7592354907921335	0.10026286174502697	97.79720720183829	112.04285178228672	0.0024654117379373317	1.000099760289221
2.100283986553884	1.905690265417791	0.06658340445252306	0.7592354907921335	0.10026286174502697	97.79720720183829	112.04285178228672	0.0024654117379373317	1.0001081088649064
2.100283986553884	1.905690265417791	0.06658340445252306	0.7592354907921335	0.10026286174502697	97.79720720183829	112.04285178228672	0.0024654117379373317	1.000108026081271
2.100283986553884	1.905690265417791	0.06658340445252306	0.7592354907921335	0.10026286174502697	97.79720720183829	112.04285178228672	0.0022587549687162383	1.000108026081271
2.100283986553884	1.905690265417791	0.06658340445252306	0.7592354907921335	0.10026286174502697	97.79720720183829	112.04285178228672	0.0022587549687162383	1.000108026081271
2.100283986553884	1.905690265417791	0.06658340445252306	0.7592354907921335	0.10026286174502697	97.79720720183829	103.26162216432027	0.0022587549687162383	1.000108026081271
2.100283986553884	1.905690265417791	0.06658340445252306	0.7592354907921335	0.10026286174502697	97.79720720183829	103.68326830347368	0.0022587549687162383	1.000108026081271
2.1002848606508953	1.905690265417791	0.06658340445252306	0.7592354907921335	0.10026286174502697	97.79720720183829	103.68326830347368	0.0022587549687162383	1.000108026081271
2.1002848606508953	1.905690265417791	0.06658340445252306	0.7592354907921335	0.10026286174502697	97.79720720183829	103.68326830347368	0.0022587549687162383	1.000108026081271
2.1002848606508953	1.905690265417791	0.06658340445252306	0.7592354907921335	0.10026286174502697	97.79720720183829	103.68326830347368	0.0022587549687162383	1.000108026081271
2.1002848606508953	1.905690265417791	0.06658340445252306	0.7592354907921335	0.10026286174502697	97.79429480956227	103.68326830347368	0.0022587549687162383	1.000108026081271
2.1002848606508953	1.905690265417791	0.06658340445252306	0.7592354907921335	0.10026286174502697	97.79429480956227	103.68326830347368	0.0022587549687162383	1.000108026081271
2.1002848606508953	1.905690265417791	0.06658340445252306	0.7592354907921335	0.10026286174502697	97.79429480956227	103.68326830347368	0.0022587549687162383	1.000108026081271
2.1002848606508953	1.905690265417791	0.06658340445252306	0.7592354907921335	0.10026286174502697	97.79429480956227	103.68326830347368	0.0022587549687162383	1.0001079720600443
2.1002848606508953	1.905690265417791	0.06658340445252306	0.7592354907921335	0.10026286174502697	97.79429480956227	105.26729573445664	0.0022587549687162383	1.0001079720600443
2.1002848606508953	1.905690265417791	0.06658340445252306	0.7592354907921335	0.10026286174502697	97.79429480956227	105.2567731423293	0.0022587549687162383	1.0001079720600443
2.1002848606508953	1.905690265417791	0.06658340445252306	0.7592354907921335	0.10026286174502697	97.79429480956227	105.2567731423293	0.0022587549687162383	1.0001079720600443
2.1002848606508953	1.905690265417791	0.06658340445252306	0.7592354907921335	0.10026286174502697	97.79429480956227	105.2567731423293	0.0022587549687162383	1.0001079720600443
2.1002848606508953	1.905690265417791	0.06658340445252306	0.7592354907921335	0.10026262292003821	97.79429480956227	105.2567731423293	0.0022587549687162383	1.0001079720600443
2.1002848606508953	1.905690265417791	0.06658340445252306	0.7592354907921335	0.10026262292003821	97.79429480956227	105.2567731423293	0.0022587549687162383	1.0001079720600443
2.1002848606508953	1.905690265417791	0.06658340445252306	0.7592354907921335	0.10026262292003821	97.79429480956227	105.2567731423293	0.0022587549687162383	1.0001079720600443
2.1002848606508953	1.905690265417791	0.06658340445252306	0.7592354907921335	0.10026262292003821	97.79429480956227	105.2567731423293	0.0022587549687162383	1.0001079720600443
2.1002848606508953	1.905690265417791	0.06658340445252306	0.7592354907921335	0.10026262292003821	97.79429480956227	105.2567731423293	0.0022587549687162383	1.0001079720600443
2.1002848606508953	1.905690265417791	0.06658340445252306	0.7592354907921335	0.10026262292003821	97.79429480956227	105.2567731423293	0.0022587549687162383	1.0001079720600443
2.1002848606508953	1.905690265417791	0.06658340445252306	0.7592354907921335	0.10026262292003821	97.79429480956227	105.2567731423293	0.0022587549687162383	1.0001079720600443
2.1002848606508953	1.905690265417791	0.06658340445252306	0.7592354907921335	0.10026262292003821	97.79429480956227	105.25688710516263	0.0022587549687162383	1.0001079720600443
2.1002848606508953	1.905690265417791	0.06658340445252306	0.7592354907921335	0.10026262292003821	97.79429480956227	105.25688710516263	0.0022587549687162383	1.0001079720600443
2.1004202996241617	1.905690265417791	0.06658340445252306	0.7592354907921335	0.10026262292003821	97.79429480956227	105.25688710516263	0.0022587549687162383	1.0001079720600443
2.1004202996241617	1.905690265417791	0.06658340445252306	0.7592354907921335	0.10026262292003821	97.79429480956227	105.25688710516263	0.0022642962331927696	1.0001079720600443
2.1004202996241617	1.905690265417791	0.06658340445252306	0.7592354907921335	0.10026262292003821	97.79429480956227	105.3183829524828	0.0022642962331927696	1.0001079720600443
2.100419633996572	1.905690265417791	0.06658340445252306	0.7592354907921335	0.10026262292003821	97.79429480956227	105.3183829524828	0.0022642962331927696	1.0001079720600443
2.100419633996572	1.905690265417791	0.06658340445252306	0.7592354907921335	0.10026262292003821	97.79429480956227	105.38261403171423	0.0022642962331927696	1.0001079720600443
2.1025143582262196	1.905690265417791	0.06658340445252306	0.7592354907921335	0.10026262292003821	97.79429480956227	105.38261403171423	0.0022642962331927696	1.0001079720600443
2.1025143582262196	1.905690265417791	0.06658340445252306	0.7592354907921335	0.10026262292003821	97.79429480956227	105.38261403171423	0.0022642962331927696	1.0001079720600443
2.1025143582262196	1.905690265417791	0.06658340445252306	0.7592354907921335	0.10026262292003821	97.79429480956227	105.38261403171423	0.0022642962331927696	1.0001079720600443
2.1025143582262196	1.905690265417791	0.06658340445252306	0.7592354907921335	0.10026262292003821	97.79429480956227	105.38261403171423	0.0022642962331927696	1.0001079720600443
2.1025143582262196	1.905690265417791	0.06658340445252306	0.7592354907921335	0.10026262292003821	97.79429480956227	105.38261403171423	0.0022642962331927696	1.0001079720600443
2.1025143582262196	1.905690265417791	0.06658340445252306	0.7592354907921335	0.10026262292003821	97.79429480956227	105.38261403171423	0.0022642962331927696	1.0001079720600443
2.1025143582262196	1.905690265417791	0.06658340445252306	0.7592354907921335	0.10026262292003821	97.79318262380936	105.38261403171423	0.0022642962331927696	1.0001079720600443
2.1025143582262196	1.905690265417791	0.06658340445252306	0.7592354907921335	0.10026262292003821	97.79318262380936	105.38261403171423	0.0022642962331927696	1.0001079720600443
2.1025143582262196	1.905690265417791	0.06658340445252306	0.7592354907921335	0.10026262292003821	97.79318262380936	105.38261403171423	0.0022642962331927696	1.0001079720600443
2.1025143582262196	1.905690265417791	0.06658340445252306	0.7592354907921335	0.10026262292003821	97.81955301647088	105.38261403171423	0.0022642962331927696	1.0001079720600443
2.1025143582262196	1.905690265417791	0.06658340445252306	0.7592354907921335	0.10026262292003821	97.81955301647088	105.38261403171423	0.0022642962331927696	1.0001079720600443
2.1025143582262196	1.905690265417791	0.06658340445252306	0.7592354907921335	0.10026262292003821	97.81955301647088	105.38261403171423	0.0022642962331927696	1.0001079720600443
2.1025143582262196	1.905690265417791	0.06658340445252306	0.7592354907921335	0.10026262292003821	97.81955301647088	105.38261403171423	0.0022642962331927696	1.0001079720600443
2.1025143582262196	1.905690265417791	0.06658340445252306	0.7592354907921335	0.10026262292003821	97.81955301647088	105.38261403171423	0.0022642962331927696	1.0001079720600443
2.1025143582262196	1.905690265417791	0.06658340445252306	0.7592354907921335	0.10026262292003821	97.81955301647088	105.38261403171423	0.0022642962331927696	1.0001079720600443
2.1025143582262196	1.905690265417791	0.06658340445252306	0.7592354907921335	0.10026262292003821	97.81955301647088	105.38261403171423	0.0022642962331927696	1.0001079720600443
2.1025143582262196	1.905690265417791	0.06658340445252306	0.7592354907921335	0.10026262292003821	97.81955301647088	105.38261403171423	0.0022642962331927696	1.0001079720600443
2.1025143582262196	1.905690265417791	0.06658340445252306	0.7592354907921335	0.10026262292003821	97.81955301647088	105.38261403171423	0.0022642962331927696	1.0001079720600443
2.1025143582262196	1.905690265417791	0.06658340445252306	0.7592354907921335	0.10026262292003821	97.81955301647088	105.38261403171423	0.0022642962331927696	1.0001079720600443
2.1025143582262196	1.905690265417791	0.06658340445252306	0.7592354907921335	0.10026262292003821	97.81955301647088	105.38261403171423	0.0022642962331927696	1.0001079720600443
2.1025143582262196	1.905690265417791	0.06657866542885127	0.7592354907921335	0.10026262292003821	97.81955301647088	105.38261403171423	0.0022642962331927696	1.0001079720600443
2.1025143582262196	1.905690265417791	0.0665968052821806	0.7592354907921335	0.10026262292003821	97.81955301647088	105.38261403171423	0.0022642962331927696	1.0001079720600443
2.1025143582262196	1.9056418431815176	0.0665968052821806	0.7592354907921335	0.10026262292003821	97.81955301647088	105.38261403171423	0.0022642962331927696	1.0001079720600443
2.1025143582262196	1.9056418431815176	0.0665968052821806	0.7592354907921335	0.10026262292003821	97.81955301647088	105.38261403171423	0.0022642962331927696	1.0001079720600443
2.1025143582262196	1.9056418431815176	0.0665968052821806	0.7592354907921335	0.10026262292003821	97.81955301647088	105.38261403171423	0.0022643170650171684	1.0001079720600443
2.1025143582262196	1.9056418431815176	0.0665968052821806	0.7592354907921335	0.1003356506215442	97.81955301647088	105.38261403171423	0.0022643170650171684	1.0001079720600443
2.1025143582262196	1.9056418431815176	0.0665968052821806	0.7592354907921335	0.1003356506215442	97.81955301647088	105.38261403171423	0.002283531227708003	1.0001079720600443
2.1025143582262196	1.9056418431815176	0.0665968052821806	0.7592354907921335	0.1003356506215442	97.81955301647088	105.38261403171423	0.002283531227708003	1.0001079720600443
2.1025143582262196	1.9056418431815176	0.06658180114476547	0.7592354907921335	0.1003356506215442	97.81955301647088	105.38261403171423	0.002283531227708003	1.0001079720600443
2.1025143582262196	1.9056418431815176	0.06658180114476547	0.7592354907921335	0.1003356506215442	97.81955301647088	105.40816539449035	0.002283531227708003	1.0001079720600443
2.1025143582262196	1.9056418431815176	0.06658180114476547	0.7592354907921335	0.1003356506215442	97.81955301647088	105.40816539449035	0.002283531227708003	1.0001079720600443
2.1025143582262196	1.9056418431815176	0.06658180114476547	0.7592354907921335	0.1003356506215442	97.81955301647088	105.40816539449035	0.002283531227708003	1.0001079720600443
2.1025143582262196	1.9056418431815176	0.06658180114476547	0.7592354907921335	0.1003356506215442	97.81955301647088	105.40816539449035	0.002283531227708003	1.0001079720600443
2.1025143582262196	1.9056269269363493	0.06658180114476547	0.7592354907921335	0.1003356506215442	97.81955301647088	105.40816539449035	0.002283531227708003	1.0001079720600443
2.1025143582262196	1.9056269269363493	0.06658180114476547	0.7592354907921335	0.1003356506215442	97.81955301647088	105.40816539449035	0.002228875844571729	1.0001079720600443
2.1025143582262196	1.9056072388421592	0.06658180114476547	0.7592354907921335	0.1003356506215442	97.81955301647088	105.40816539449035	0.002228875844571729	1.0001079720600443
2.1025143582262196	1.9056072388421592	0.06658180114476547	0.7592354907921335	0.1003356506215442	97.81955301647088	105.40816539449035	0.0022288574641536984	1.0001079720600443
2.1024578777834924	1.9056072388421592	0.06658180114476547	0.7592354907921335	0.1003356506215442	97.81955301647088	105.40816539449035	0.0022288574641536984	1.0001079720600443
2.1024578777834924	1.9055270170712189	0.06658180114476547	0.7592354907921335	0.1003356506215442	97.81955301647088	105.40816539449035	0.0022288574641536984	1.0001079720600443
2.1024578777834924	1.9055270170712189	0.06658180114476547	0.7592354907921335	0.1003356506215442	97.81955301647088	105.40816539449035	0.0022288574641536984	1.0001079720600443
2.1024578777834924	1.9028337992284363	0.06658180114476547	0.7592354907921335	0.1003356506215442	97.81955301647088	105.40816539449035	0.0022288574641536984	1.0001079720600443
2.1024578777834924	1.9028337992284363	0.06658180114476547	0.7592354907921335	0.1003356506215442	97.81955301647088	105.40816539449035	0.0022288574641536984	1.0001077868961397
2.1024578777834924	1.9028337992284363	0.06658180114476547	0.7592354907921335	0.1003356506215442	97.81955301647088	105.40816539449035	0.0022288574641536984	1.0001077868961397
2.1024578777834924	1.9028337992284363	0.06658180114476547	0.7592354907921335	0.1003356506215442	97.81955301647088	105.40816539449035	0.0022288574641536984	1.0001077868961397
2.1024578777834924	1.9028337992284363	0.06658180114476547	0.7592354907921335	0.1003356506215442	97.81955301647088	105.40816539449035	0.0022288574641536984	1.0001077868961397
2.1024578777834924	1.9028337992284363	0.06658180114476547	0.7592354907921335	0.1003356506215442	97.81955301647088	105.40816539449035	0.0022288574641536984	1.0001077868961397
2.1024578777834924	1.9028337992284363	0.06658180114476547	0.7592354907921335	0.1003356506215442	97.81955301647088	105.40816539449035	0.0022288574641536984	1.0001074106040835
2.1024578777834924	1.9028337992284363	0.06658180114476547	0.7592354907921335	0.1003356506215442	97.81955301647088	105.40816539449035	0.0022288574641536984	1.0001075820592238
2.102457407542741	1.9028337992284363	0.06658180114476547	0.7592354907921335	0.1003356506215442	97.81955301647088	105.40816539449035	0.0022288574641536984	1.0001075820592238
2.102457407542741	1.9028337992284363	0.06658180114476547	0.7592354907921335	0.1003356506215442	97.81955301647088	105.40816539449035	0.0022288574641536984	1.0001075820592238
2.102457407542741	1.9028337992284363	0.06658180114476547	0.7592354907921335	0.1003356506215442	97.81955301647088	105.40816539449035	0.0022288574641536984	1.0001075820592238
2.102457407542741	1.9028337992284363	0.06658180114476547	0.7592354907921335	0.1003356506215442	97.81955301647088	105.40816539449035	0.0022288574641536984	1.0001075820592238
2.102457407542741	1.9028337992284363	0.06658180114476547	0.7592354907921335	0.1003356506215442	97.82540993066928	105.40816539449035	0.0022288574641536984	1.0001075820592238
2.102457407542741	1.9028337992284363	0.06658180114476547	0.7592354907921335	0.1003356506215442	97.8262706589142	105.40816539449035	0.0022288574641536984	1.0001075820592238
2.102457407542741	1.9028337992284363	0.06658180114476547	0.7592354907921335	0.1003356506215442	97.8262706589142	105.40816539449035	0.00231182241666963	1.0001075820592238
2.102457407542741	1.9028337992284363	0.06658180114476547	0.7592354907921335	0.1003356506215442	97.8262706589142	105.40816539449035	0.00231182241666963	1.0001075820592238
2.102457407542741	1.9028337992284363	0.06658180114476547	0.7592141012839139	0.1003356506215442	97.8262706589142	105.40816539449035	0.00231182241666963	1.0001075820592238
2.102457407542741	1.9028337992284363	0.06658180114476547	0.7592141012839139	0.1003356506215442	97.8262706589142	105.40816539449035	0.00231182241666963	1.0001075820592238
2.102457407542741	1.9028337992284363	0.06658180114476547	0.7592141012839139	0.1003356506215442	97.8262706589142	105.40649847085179	0.00231182241666963	1.0001075820592238
2.102457407542741	1.902831058082152	0.06658180114476547	0.7592141012839139	0.1003356506215442	97.8262706589142	105.40649847085179	0.00231182241666963	1.0001075820592238
2.102457407542741	1.902831058082152	0.06658180114476547	0.7592141012839139	0.1003356506215442	97.8252695472219	105.40649847085179	0.00231182241666963	1.0001075820592238
2.102457407542741	1.902831058082152	0.06658180114476547	0.7592141012839139	0.1003356506215442	97.8252695472219	105.40649847085179	0.00235890042294327	1.0001075820592238
2.102457407542741	1.902831058082152	0.06658180114476547	0.7592141012839139	0.1001904750071765	97.8252695472219	105.40649847085179	0.00235890042294327	1.0001075820592238
2.102457407542741	1.9007640951306402	0.06658180114476547	0.7592141012839139	0.1001904750071765	97.8252695472219	105.40649847085179	0.00235890042294327	1.0001075820592238
2.102457407542741	1.9007640951306402	0.06658180114476547	0.7592141012839139	0.1001904750071765	97.8252695472219	105.40649847085179	0.00235890042294327	1.0001075820592238
2.102457407542741	1.9007640951306402	0.06658180114476547	0.7592141012839139	0.1001904750071765	97.8252695472219	105.40612989563904	0.00235890042294327	1.0001075820592238
2.102862211428938	1.9007640951306402	0.06658180114476547	0.7592141012839139	0.1001904750071765	97.8252695472219	105.40612989563904	0.00235890042294327	1.0001075820592238
2.102862211428938	1.9007640951306402	0.06658180114476547	0.7592141012839139	0.1001904750071765	97.8252695472219	105.40612989563904	0.00235890042294327	1.0001075820592238
2.102862211428938	1.9007640951306402	0.06658180114476547	0.7592141012839139	0.1001904750071765	97.8252695472219	105.40571417349493	0.00235890042294327	1.0001075820592238
2.102862211428938	1.9007640951306402	0.06658180114476547	0.7592141012839139	0.1001904750071765	97.8252695472219	105.40571417349493	0.00235890042294327	1.0001072259207118
2.102862211428938	1.9007640951306402	0.06658699139864092	0.7592141012839139	0.1001904750071765	97.8252695472219	105.40571417349493	0.00235890042294327	1.0001072259207118
2.102862211428938	1.9007640951306402	0.06658699139864092	0.7592141012839139	0.1001904750071765	97.8252695472219	105.40571417349493	0.002354413421704423	1.0001072259207118
2.102862211428938	1.9007640951306402	0.06658699139864092	0.7592141012839139	0.10019111265490663	97.8252695472219	105.40571417349493	0.002354413421704423	1.0001072259207118
2.102862211428938	1.9007640951306402	0.06658699139864092	0.7592141012839139	0.10019111265490663	97.8252695472219	105.40571417349493	0.002354413421704423	1.0001072259207118
2.102862211428938	1.9007640951306402	0.06658699139864092	0.7592141012839139	0.1001934670931256	97.8252695472219	105.40571417349493	0.002354413421704423	1.0001072259207118
2.102862211428938	1.9007640951306402	0.06658699139864092	0.7592275173963661	0.1001934670931256	97.8252695472219	105.40571417349493	0.002354413421704423	1.0001072259207118
2.102862211428938	1.9007640951306402	0.06658699139864092	0.7592275173963661	0.1001934670931256	97.82479877985126	105.40571417349493	0.002354413421704423	1.0001072259207118
2.102862211428938	1.9007640951306402	0.06658699139864092	0.7592275173963661	0.1001934670931256	97.82479877985126	105.40571417349493	0.002355119797081954	1.0001072259207118
2.102862211428938	1.9007640951306402	0.06658699139864092	0.7592275173963661	0.10019348939483023	97.82479877985126	105.40571417349493	0.002355119797081954	1.0001072259207118
2.102862211428938	1.9007616052560883	0.06658699139864092	0.7592275173963661	0.10019348939483023	97.82479877985126	105.40571417349493	0.002355119797081954	1.0001072259207118
2.102862211428938	1.9007616052560883	0.06658699139864092	0.7592275173963661	0.10019348939483023	97.82479877985126	105.40571417349493	0.002355119797081954	1.0001072259207118
2.102862211428938	1.9007616052560883	0.06658699139864092	0.7592275173963661	0.10019348939483023	97.82479877985126	105.40571417349493	0.002355119797081954	1.0001072259207118
2.102862211428938	1.9007616052560883	0.06658699139864092	0.7592275173963661	0.10019348939483023	97.82479877985126	105.40571417349493	0.002355119797081954	1.000107066167552
2.102862211428938	1.9007616052560883	0.06658699139864092	0.7592275173963661	0.10019348939483023	97.82479877985126	105.40571417349493	0.002354989984921402	1.000107066167552
2.102862211428938	1.9007616052560883	0.06658699139864092	0.7592292002634883	0.10019348939483023	97.82479877985126	105.40571417349493	0.002354989984921402	1.000107066167552
2.102862211428938	1.9007616052560883	0.06658699139864092	0.7592292002634883	0.10019348939483023	97.82479877985126	105.40571417349493	0.002354989984921402	1.000107066167552
2.102862211428938	1.9007616052560883	0.06658699139864092	0.7592292002634883	0.10019348939483023	97.82479877985126	105.40571417349493	0.002354989984921402	1.000107066167552
2.102862211428938	1.9007616052560883	0.06658699139864092	0.7592292002634883	0.10019348939483023	97.82479877985126	105.40571417349493	0.002354989984921402	1.000107066167552
2.102862211428938	1.9007616052560883	0.06658699139864092	0.7592292002634883	0.10019348939483023	97.82479877985126	105.40571417349493	0.002354976455354908	1.000107066167552
2.102862211428938	1.9007616052560883	0.06658699139864092	0.7592292002634883	0.10019348939483023	97.82479877985126	105.41366492192213	0.002354976455354908	1.000107066167552
2.102862211428938	1.9007616052560883	0.06661957811706484	0.7592292002634883	0.10019348939483023	97.82479877985126	105.41366492192213	0.002354976455354908	1.000107066167552
2.102862211428938	1.9007616052560883	0.06661957811706484	0.7592292002634883	0.10019348939483023	97.82479877985126	105.41366492192213	0.002354976455354908	1.000107066167552
2.102870575131641	1.9007616052560883	0.06661957811706484	0.7592292002634883	0.10019348939483023	97.82479877985126	105.41366492192213	0.002354976455354908	1.000107066167552
2.102870575131641	1.9007616052560883	0.06661957811706484	0.7592292002634883	0.10019348939483023	97.82479877985126	105.41366492192213	0.002354976455354908	1.000107066167552
2.102870575131641	1.90686855630891	0.06661957811706484	0.7592292002634883	0.10019348939483023	97.82479877985126	105.41366492192213	0.002354976455354908	1.000107066167552
2.102870575131641	1.90686855630891	0.06661957811706484	0.7592292002634883	0.10019348939483023	97.81204222149755	105.41366492192213	0.002354976455354908	1.000107066167552
2.102870575131641	1.90686855630891	0.06661957811706484	0.7592292002634883	0.10019348939483023	97.81204222149755	105.41366492192213	0.002354976455354908	1.000107066167552
2.102870575131641	1.90686855630891	0.06661957811706484	0.7592292002634883	0.10019348939483023	97.81204222149755	105.41366492192213	0.0023549993360617635	1.000107066167552
2.102870575131641	1.90686855630891	0.06661957811706484	0.7592292002634883	0.10019348939483023	97.81204222149755	105.41366492192213	0.0023549993360617635	1.000107066167552
2.102870575131641	1.90686855630891	0.06661957811706484	0.7592292002634883	0.10019348939483023	97.81204222149755	106.66963666165148	0.0023549993360617635	1.000107066167552
2.102870575131641	1.90686855630891	0.06661957811706484	0.7592292002634883	0.10019348939483023	97.81204222149755	106.66963666165148	0.0023549993360617635	1.000107066167552
2.102870575131641	1.90686855630891	0.06661957811706484	0.7592292002634883	0.1002138877725109	97.81204222149755	106.66963666165148	0.0023549993360617635	1.000107066167552
2.102870575131641	1.90686855630891	0.06661957811706484	0.7592292002634883	0.1002138877725109	97.81204222149755	106.66963666165148	0.0023546843884891104	1.000107066167552
2.102870575131641	1.90686855630891	0.06661957811706484	0.7592292002634883	0.1002138877725109	97.81204222149755	106.66963666165148	0.0023546843884891104	1.000107066167552
2.102870575131641	1.90686855630891	0.06661957811706484	0.7592292002634883	0.1002138877725109	97.81204222149755	106.66963666165148	0.0023546843884891104	1.000107066167552
2.102870575131641	1.90686855630891	0.06661957811706484	0.7592292002634883	0.1002138877725109	97.81204222149755	106.66963666165148	0.0023546843884891104	1.000107066167552
2.102870575131641	1.90686855630891	0.06661957811706484	0.7592292002634883	0.1002138877725109	97.81206914787381	106.66963666165148	0.0023546843884891104	1.000107066167552
2.102870575131641	1.90686855630891	0.06661957811706484	0.7592292002634883	0.1002138877725109	97.81206914787381	106.66963666165148	0.0023546843884891104	1.000107066167552
2.1029137731338485	1.90686855630891	0.06661957811706484	0.7592292002634883	0.1002138877725109	97.81206914787381	106.66963666165148	0.0023546843884891104	1.000107066167552
2.1029137731338485	1.90686855630891	0.06661957811706484	0.7592292002634883	0.1002138877725109	97.81206914787381	106.66963666165148	0.0023546843884891104	1.000107066167552
2.1029137731338485	1.90686855630891	0.06661957811706484	0.7592292002634883	0.1002138877725109	97.81206914787381	106.66963666165148	0.0023546843884891104	1.000107066167552
2.1029137731338485	1.90686855630891	0.06661957811706484	0.7592292002634883	0.1002138877725109	97.81206914787381	106.66963666165148	0.0023546843884891104	1.000107066167552
2.1029137731338485	1.90686855630891	0.06661957811706484	0.7592292002634883	0.1002138877725109	97.81206914787381	106.66963666165148	0.0023546843884891104	1.000107066167552
2.1029137731338485	1.90686855630891	0.06661957811706484	0.7592292002634883	0.1002138877725109	97.81206914787381	106.66963666165148	0.0023546843884891104	1.000107066167552
2.1029137731338485	1.90686855630891	0.06661957811706484	0.7592292002634883	0.1002138877725109	97.81206914787381	106.66963666165148	0.0023531831285665363	1.000107066167552
2.1029137731338485	1.90686855630891	0.06661957811706484	0.7592292002634883	0.1002138877725109	97.81179926496151	106.66963666165148	0.0023531831285665363	1.000107066167552
2.1029137731338485	1.90686855630891	0.06661957811706484	0.7592292002634883	0.1002138877725109	97.81179926496151	106.66963666165148	0.0023536579095879994	1.000107066167552
2.1029137731338485	1.90686855630891	0.06661957811706484	0.7592292002634883	0.1002138877725109	97.81179926496151	106.66974914154383	0.0023536579095879994	1.000107066167552
2.1029137731338485	1.90686855630891	0.06661957811706484	0.7592292002634883	0.1002138877725109	97.81026288756065	106.66974914154383	0.0023536579095879994	1.000107066167552
2.1029137731338485	1.90686855630891	0.06661957811706484	0.7592292002634883	0.1002138877725109	97.81026288756065	106.66974914154383	0.0023536579095879994	1.000107066167552
2.1029137731338485	1.90686855630891	0.06661957811706484	0.7592292002634883	0.1002138877725109	97.81026288756065	106.66974914154383	0.0023536579095879994	1.000107066167552
2.1029137731338485	1.90686855630891	0.06661957811706484	0.7592292002634883	0.1002138877725109	97.81026288756065	106.66974914154383	0.0023536579095879994	1.000107066167552
2.1029137731338485	1.9068679261491168	0.06661957811706484	0.7592292002634883	0.1002138877725109	97.81026288756065	106.66974914154383	0.0023536579095879994	1.000107066167552
2.1029137731338485	1.9068679261491168	0.06661957811706484	0.7592292002634883	0.1002138877725109	97.81026288756065	106.66974914154383	0.0023536579095879994	1.000107066167552
2.1029137731338485	1.9068679261491168	0.06661957811706484	0.7592292002634883	0.1002138877725109	97.81026288756065	106.66974914154383	0.0023536579095879994	1.000107256153863
2.1029137731338485	1.9068679261491168	0.06661957811706484	0.7592292002634883	0.1002138877725109	97.81026288756065	106.66974914154383	0.0023536579095879994	1.000107256153863
2.1029137731338485	1.9068679261491168	0.06661957811706484	0.7592292002634883	0.1002138877725109	97.81026288756065	106.66974914154383	0.0023535823648322476	1.000107256153863
2.1029137731338485	1.9068679261491168	0.06661957811706484	0.7592292002634883	0.1002138877725109	97.81026288756065	106.66974914154383	0.0023535823648322476	1.000107256153863
2.1029137731338485	1.9068679261491168	0.06661957811706484	0.7592292002634883	0.1002138877725109	97.81026288756065	106.66994710746461	0.0023535823648322476	1.000107256153863
2.1029137731338485	1.9067804069571244	0.06661957811706484	0.7592292002634883	0.1002138877725109	97.81026288756065	106.66994710746461	0.0023535823648322476	1.000107256153863
2.1029137731338485	1.9067804069571244	0.06661957811706484	0.7592292002634883	0.1002138877725109	97.81026288756065	106.66994710746461	0.0023535823648322476	1.000107256153863
2.1029137731338485	1.9067804069571244	0.06661957811706484	0.7592292002634883	0.1002138877725109	97.81026288756065	106.66994710746461	0.0023535823648322476	1.0001054001954999
2.1029137731338485	1.9067804069571244	0.06661957811706484	0.7592292002634883	0.1002138877725109	97.81026288756065	106.66994710746461	0.002354001134144655	1.0001054001954999
2.1029137731338485	1.9067804069571244	0.06661957811706484	0.7592292002634883	0.1002138877725109	97.81026288756065	106.66994710746461	0.002354001134144655	1.0001054001954999
2.1029137731338485	1.9067804069571244	0.06661957811706484	0.7592292002634883	0.1002138877725109	97.81016912110778	106.66994710746461	0.002354001134144655	1.0001054001954999
2.1029137731338485	1.9067804069571244	0.06661957811706484	0.7592292002634883	0.1002138877725109	97.81016912110778	106.66994710746461	0.002354001134144655	1.0001054001954999
2.1029137731338485	1.9067804069571244	0.06661957811706484	0.7592292002634883	0.1002138877725109	97.81016912110778	106.66994710746461	0.002354001134144655	1.0001054001954999
2.1029137731338485	1.9067804069571244	0.06661957811706484	0.7592292002634883	0.1002138877725109	97.81016912110778	106.66994710746461	0.0023655310764284713	1.0001054001954999
2.1029137731338485	1.9067804069571244	0.06661957811706484	0.7592362659204392	0.1002138877725109	97.81016912110778	106.66994710746461	0.0023655310764284713	1.0001054001954999
2.1029137731338485	1.9067804069571244	0.06661957811706484	0.7592702844828514	0.1002138877725109	97.81016912110778	106.66994710746461	0.0023655310764284713	1.0001054001954999
2.1029137731338485	1.9067804069571244	0.06661957811706484	0.7592702844828514	0.1002138877725109	97.81016912110778	106.66994710746461	0.0023655310764284713	1.000100095167622
2.1029137731338485	1.9067804069571244	0.06661957811706484	0.7593116592298147	0.1002138877725109	97.81016912110778	106.66994710746461	0.0023655310764284713	1.000100095167622
2.1029137731338485	1.9067804069571244	0.06661957811706484	0.7593116592298147	0.1002138877725109	97.81072361358393	106.66994710746461	0.0023655310764284713	1.000100095167622
2.1029137731338485	1.9067804069571244	0.06661957811706484	0.7593116592298147	0.1002138877725109	97.81085196673118	106.66994710746461	0.0023655310764284713	1.000100095167622
2.1029137731338485	1.9067804069571244	0.06661957811706484	0.7593116592298147	0.10021462910058788	97.81085196673118	106.66994710746461	0.0023655310764284713	1.000100095167622
2.1029137731338485	1.9067804069571244	0.06661957811706484	0.7593116592298147	0.10021462910058788	97.81085196673118	106.66994710746461	0.0023655310764284713	1.000100095167622
2.1029137731338485	1.9067804069571244	0.06661957811706484	0.7593116592298147	0.10021462910058788	97.81085196673118	106.66994710746461	0.0023655310764284713	1.000100095167622
2.1029137731338485	1.9067804069571244	0.06661957811706484	0.7593116592298147	0.10021462910058788	97.81085196673118	106.66994710746461	0.0023655310764284713	1.000100095167622
2.1029137731338485	1.9067804069571244	0.06661957811706484	0.7593116592298147	0.10021462910058788	97.81085196673118	106.66994710746461	0.0023655310764284713	1.000100095167622
2.1029137731338485	1.9067804069571244	0.06661957811706484	0.7593116592298147	0.10021462910058788	97.81085196673118	106.66975452876011	0.0023655310764284713	1.000100095167622
2.1029137731338485	1.9067804069571244	0.06661957811706484	0.7593116592298147	0.10021462910058788	97.81085196673118	106.66975452876011	0.0023655310764284713	1.000100095167622
2.1029137731338485	1.9067804069571244	0.0665462912289145	0.7593116592298147	0.10021462910058788	97.81085196673118	106.66975452876011	0.0023655310764284713	1.000100095167622
2.1029137731338485	1.9067804069571244	0.0665462912289145	0.7593116592298147	0.10021462910058788	97.81085196673118	106.66975452876011	0.0023655310764284713	1.000100095167622
2.1029137731338485	1.9067804069571244	0.0665462912289145	0.7593116592298147	0.10021462910058788	97.81085196673118	106.66975452876011	0.0023656799658855745	1.000100095167622
2.1029137731338485	1.9067804069571244	0.0665462912289145	0.7593116592298147	0.10021462910058788	97.81085196673118	106.66975452876011	0.0023656799658855745	1.000100095167622
2.1029137731338485	1.9068444828879587	0.0665462912289145	0.7593116592298147	0.10021462910058788	97.81085196673118	106.66975452876011	0.0023656799658855745	1.000100095167622
2.1029137731338485	1.9068444828879587	0.0665462912289145	0.7593116592298147	0.10021462910058788	97.81085196673118	106.66975452876011	0.0023656799658855745	1.000100095167622
2.1029137731338485	1.9068444828879587	0.0665462912289145	0.7593116592298147	0.10021462910058788	97.81085196673118	106.66975452876011	0.0023495356712643634	1.000100095167622
2.1029137731338485	1.9068444828879587	0.06654693038216274	0.7593116592298147	0.10021462910058788	97.81085196673118	106.66975452876011	0.0023495356712643634	1.000100095167622
2.1029137731338485	1.9068444828879587	0.06654693038216274	0.7593116592298147	0.10021462910058788	97.81085196673118	106.66975452876011	0.0023495356712643634	1.000100095167622
2.1029137731338485	1.9068444828879587	0.06654693038216274	0.7593116592298147	0.10021462910058788	97.81085196673118	106.66975452876011	0.0023436056181922755	1.000100095167622
2.1029137731338485	1.9068444828879587	0.06654693038216274	0.7593116592298147	0.10021462910058788	97.81085196673118	106.66975452876011	0.0023436056181922755	1.000100095167622
2.1029137731338485	1.9068444828879587	0.06654693038216274	0.7593116592298147	0.10021462910058788	97.81085196673118	106.67108868021978	0.0023436056181922755	1.000100095167622
2.1029137731338485	1.9068444828879587	0.06654693038216274	0.7593116592298147	0.10022292308274348	97.81085196673118	106.67108868021978	0.0023436056181922755	1.000100095167622
2.1029137731338485	1.9068444828879587	0.06654693038216274	0.7593116592298147	0.10022292308274348	97.81085196673118	105.71571745829398	0.0023436056181922755	1.000100095167622
2.1029137731338485	1.9068444828879587	0.06654693038216274	0.7593116592298147	0.10024170432914555	97.81085196673118	105.71571745829398	0.0023436056181922755	1.000100095167622
2.1029137731338485	1.9068444828879587	0.06654693038216274	0.7593116592298147	0.10024241759605648	97.81085196673118	105.71571745829398	0.0023436056181922755	1.000100095167622
2.1029137731338485	1.9068444828879587	0.06654693038216274	0.7593116592298147	0.10024241759605648	97.81085196673118	105.71571745829398	0.0023436056181922755	1.000100095167622
2.1029137731338485	1.9068444828879587	0.06654693038216274	0.7593116592298147	0.10024241759605648	97.81085196673118	105.71409331064704	0.0023436056181922755	1.000100095167622
2.1029137731338485	1.9068444828879587	0.06654693038216274	0.7593684015947534	0.10024241759605648	97.81085196673118	105.71409331064704	0.0023436056181922755	1.000100095167622
2.1029137731338485	1.9068444828879587	0.06654693038216274	0.7593865680677999	0.10024241759605648	97.81085196673118	105.71409331064704	0.0023436056181922755	1.000100095167622
2.1029137731338485	1.9068444828879587	0.06654693038216274	0.7593865680677999	0.10024241759605648	97.81085196673118	105.71409331064704	0.0023436056181922755	1.000100095167622
2.1029137731338485	1.9068444828879587	0.06654693038216274	0.7593865680677999	0.10024241759605648	97.81085196673118	105.67481810210215	0.0023436056181922755	1.000100095167622
2.1029137731338485	1.9068440420069233	0.06654693038216274	0.7593865680677999	0.10024241759605648	97.81085196673118	105.67481810210215	0.0023436056181922755	1.000100095167622
2.1029137731338485	1.9068440420069233	0.06655000817533929	0.7593865680677999	0.10024241759605648	97.81085196673118	105.67481810210215	0.0023436056181922755	1.000100095167622
2.1029137731338485	1.9068440420069233	0.06655000817533929	0.7593865680677999	0.10024277870592686	97.81085196673118	105.67481810210215	0.0023436056181922755	1.000100095167622
2.1029137731338485	1.9068440420069233	0.06655000817533929	0.7593865680677999	0.1002429569271281	97.81085196673118	105.67481810210215	0.0023436056181922755	1.000100095167622
2.1029137731338485	1.9068440420069233	0.06655000817533929	0.7593865680677999	0.1002429569271281	97.81085196673118	105.67481810210215	0.002344177658920646	1.000100095167622
2.1029137731338485	1.9068440420069233	0.06655000817533929	0.7593865680677999	0.1002429569271281	97.81085196673118	105.67481810210215	0.00240872904666385	1.000100095167622
2.1029137731338485	1.9068440420069233	0.06655000817533929	0.7593865680677999	0.1002429569271281	97.81085196673118	105.67481810210215	0.00240872904666385	1.000100095167622
2.1029137731338485	1.9068440420069233	0.06655000817533929	0.7593865680677999	0.10024281498791504	97.81085196673118	105.67481810210215	0.00240872904666385	1.000100095167622
2.1029137731338485	1.9068440420069233	0.06655000817533929	0.7593865680677999	0.10024281498791504	97.81085196673118	105.67481810210215	0.00240872904666385	1.000100095167622
2.1029137731338485	1.9068440420069233	0.06655000817533929	0.7593865680677999	0.10024281498791504	97.81085196673118	105.67481810210215	0.00240872904666385	1.000100095167622
2.1029137731338485	1.9068440420069233	0.06655000817533929	0.7593865680677999	0.10024281498791504	97.81085196673118	105.67481810210215	0.002403874548281355	1.000100095167622
2.1029137731338485	1.9068440420069233	0.06655000817533929	0.7593865680677999	0.10024281498791504	97.81608854491091	105.67481810210215	0.002403874548281355	1.000100095167622
2.1029137731338485	1.9068440420069233	0.06655000817533929	0.7593517909736776	0.10024281498791504	97.81608854491091	105.67481810210215	0.002403874548281355	1.000100095167622
2.1029137731338485	1.9082359916777747	0.06655000817533929	0.7593517909736776	0.10024281498791504	97.81608854491091	105.67481810210215	0.002403874548281355	1.000100095167622
2.1029137731338485	1.9082359916777747	0.06655000817533929	0.7593517909736776	0.10024281498791504	97.81608854491091	105.67481810210215	0.002403874548281355	1.000100095167622
2.1029137731338485	1.9082359916777747	0.06655000817533929	0.7593517909736776	0.10024281498791504	97.81608854491091	105.67481810210215	0.002403874548281355	1.000100095167622
2.1029137731338485	1.9082359916777747	0.06655000817533929	0.7593517909736776	0.10024281498791504	97.8109892994195	105.67481810210215	0.002403874548281355	1.000100095167622
2.1029137731338485	1.9082359916777747	0.06655000817533929	0.7593517909736776	0.10024281498791504	97.8109892994195	105.67481810210215	0.002403874548281355	1.000100095167622
2.1029137731338485	1.9082359763014036	0.06655000817533929	0.7593517909736776	0.10024281498791504	97.8109892994195	105.67481810210215	0.002403874548281355	1.000100095167622
2.1029137731338485	1.9082359763014036	0.06655000817533929	0.7593517909736776	0.10024281498791504	97.8109892994195	105.67481810210215	0.002403874548281355	1.000100095167622
2.1029137731338485	1.9082359763014036	0.06655000817533929	0.7593517909736776	0.10024281498791504	97.8109892994195	105.67505835375557	0.002403874548281355	1.000100095167622
2.1029137731338485	1.9082359763014036	0.06655000817533929	0.7593517909736776	0.10024281498791504	97.8109892994195	105.67505835375557	0.002403874548281355	1.000100095167622
2.1029137731338485	1.9082359763014036	0.06655000817533929	0.7593517909736776	0.10024281498791504	97.8109892994195	105.67505835375557	0.002403874548281355	1.000100095167622
2.1029137731338485	1.9082359763014036	0.06655000817533929	0.7593517909736776	0.10024281498791504	97.8109892994195	105.67505835375557	0.002403874548281355	1.000100095167622
2.1029137731338485	1.9082359763014036	0.06655000817533929	0.7593517909736776	0.10024281498791504	97.8109892994195	105.67505835375557	0.002403874548281355	1.000100095167622
2.1029137731338485	1.9082357514669044	0.06655000817533929	0.7593517909736776	0.10024281498791504	97.8109892994195	105.67505835375557	0.002403874548281355	1.000100095167622
2.1029137731338485	1.9082364569658663	0.06655000817533929	0.7593517909736776	0.10024281498791504	97.8109892994195	105.67505835375557	0.002403874548281355	1.000100095167622
2.1029137731338485	1.9082364569658663	0.06655000817533929	0.7593517909736776	0.10024281498791504	97.8109892994195	105.67505835375557	0.002403874548281355	1.000100095167622
2.1029137731338485	1.9082364569658663	0.06655000817533929	0.7593517909736776	0.10024281498791504	97.8109892994195	105.67505835375557	0.002403874548281355	1.000100095167622
2.1029137731338485	1.9082364569658663	0.06655000817533929	0.7593517909736776	0.10024281498791504	97.8109892994195	105.25185487124206	0.002403874548281355	1.000100095167622
2.1029137731338485	1.9082364569658663	0.06655000817533929	0.7593517909736776	0.10024281498791504	97.8109892994195	105.25185487124206	0.0024777389562165397	1.000100095167622
2.1029137731338485	1.9082364569658663	0.06655000817533929	0.7593517909736776	0.10024281498791504	97.8109892994195	105.25185487124206	0.0024777389562165397	1.000100095167622
2.1029137731338485	1.9082364569658663	0.06655000817533929	0.7593517909736776	0.10024281498791504	97.8109892994195	105.25185487124206	0.0024777389562165397	1.000100095167622
2.1029137731338485	1.9082364569658663	0.06655000817533929	0.7593517909736776	0.10024281498791504	97.8109892994195	105.25185487124206	0.0024777389562165397	1.000100095167622
2.102913844489953	1.9082364569658663	0.06655000817533929	0.7593517909736776	0.10024281498791504	97.8109892994195	105.25185487124206	0.0024777389562165397	1.000100095167622
2.102913844489953	1.9082364569658663	0.06655000817533929	0.7593517909736776	0.10024281498791504	97.8109892994195	105.25047362664766	0.0024777389562165397	1.000100095167622
2.102913844489953	1.9082364569658663	0.06655000817533929	0.7593517909736776	0.10024281498791504	97.8109892994195	105.25047362664766	0.0024777389562165397	1.000100095167622
2.102913844489953	1.9082364569658663	0.06655062151017606	0.7593517909736776	0.10024281498791504	97.8109892994195	105.25047362664766	0.0024777389562165397	1.000100095167622
2.102913844489953	1.9082364569658663	0.06655062151017606	0.7593517909736776	0.10024281498791504	97.8109892994195	105.25047362664766	0.0024777389562165397	1.000100095167622
2.1027557980266893	1.9082364569658663	0.06655062151017606	0.7593517909736776	0.10024281498791504	97.8109892994195	105.25047362664766	0.0024777389562165397	1.000100095167622
2.102759762694765	1.9082364569658663	0.06655062151017606	0.7593517909736776	0.10024281498791504	97.8109892994195	105.25047362664766	0.0024777389562165397	1.000100095167622
2.102759762694765	1.9082364569658663	0.06655062151017606	0.7593517909736776	0.10024281498791504	97.8109892994195	105.25047362664766	0.0024777389562165397	1.000100095167622
2.102759762694765	1.9082364569658663	0.06655062151017606	0.7593517909736776	0.10024281498791504	97.8109892994195	105.25047362664766	0.0024777389562165397	1.000100095167622
2.102759762694765	1.9082364569658663	0.06655062151017606	0.7593517909736776	0.10024281498791504	97.8109892994195	105.1764108535145	0.0024777389562165397	1.000100095167622
2.102759762694765	1.9082340438590817	0.06655062151017606	0.7593517909736776	0.10024281498791504	97.8109892994195	105.1764108535145	0.0024777389562165397	1.000100095167622
2.102759762694765	1.9082340438590817	0.06655062151017606	0.7593517909736776	0.10024281498791504	97.8109892994195	105.1764108535145	0.0024759872665912554	1.000100095167622
2.102759762694765	1.9082340438590817	0.06655062151017606	0.7593517909736776	0.10024281498791504	97.8109892994195	105.1764108535145	0.0024759426574019775	1.000100095167622
2.102759762694765	1.9082340438590817	0.06655062151017606	0.7593517909736776	0.10024281498791504	97.7996181594224	105.1764108535145	0.0024759426574019775	1.000100095167622
2.102759762694765	1.9082340438590817	0.06655062151017606	0.7593517909736776	0.10024281498791504	97.7996181594224	105.1764108535145	0.0024759426574019775	1.000100095167622
2.102759762694765	1.9082340438590817	0.06655062151017606	0.7593517909736776	0.10024281498791504	97.7996181594224	105.1764108535145	0.0024759426574019775	1.0001001253123845
2.102759762694765	1.908233720441401	0.06655062151017606	0.7593517909736776	0.10024281498791504	97.7996181594224	105.1764108535145	0.0024759426574019775	1.0001001253123845
2.102759762694765	1.908233720441401	0.06655062151017606	0.7593517909736776	0.10024281498791504	97.7996181594224	105.1764108535145	0.0024759426574019775	1.0001001253123845
2.102759762694765	1.908233720441401	0.06655062151017606	0.7593517909736776	0.10024281498791504	97.7996181594224	105.1764108535145	0.0024759426574019775	1.0001001253123845
2.102747155384211	1.908233720441401	0.06655062151017606	0.7593517909736776	0.10024281498791504	97.7996181594224	105.1764108535145	0.0024759426574019775	1.0001001253123845
2.102747155384211	1.9082326544308064	0.06655062151017606	0.7593517909736776	0.10024281498791504	97.7996181594224	105.1764108535145	0.0024759426574019775	1.0001001253123845
2.102747155384211	1.9082326544308064	0.06655062151017606	0.7593517909736776	0.10024281498791504	97.7996181594224	105.1764108535145	0.0024759426574019775	1.0001001253123845
2.102747155384211	1.9082326544308064	0.06655062151017606	0.7593517909736776	0.10024281498791504	97.7996181594224	105.1764108535145	0.0024759426574019775	1.0001001253123845
2.1055523167260177	1.9082326544308064	0.06655062151017606	0.7593517909736776	0.10024281498791504	97.7996181594224	105.1764108535145	0.0024759426574019775	1.0001001253123845
2.1055523167260177	1.9082326544308064	0.06655062151017606	0.7593517909736776	0.10022004349114223	97.7996181594224	105.1764108535145	0.0024759426574019775	1.0001001253123845
2.1055523167260177	1.9082326544308064	0.06655062151017606	0.7593517909736776	0.10022004349114223	97.7996181594224	105.1764108535145	0.0024759426574019775	1.0001001253123845
2.1055523167260177	1.9082326544308064	0.06655062151017606	0.7593517909736776	0.10022004349114223	97.7996181594224	105.1764108535145	0.0024759426574019775	1.0001001253123845
2.1055523167260177	1.9082326544308064	0.06655062151017606	0.7593517909736776	0.10022004349114223	97.7996181594224	105.1764108535145	0.0024759426574019775	1.0001001253123845
2.1055523167260177	1.9082326544308064	0.06655062151017606	0.7593517909736776	0.10022004349114223	97.7996181594224	105.1764108535145	0.0024760451218660477	1.0001001253123845
2.1055523167260177	1.9082326544308064	0.06655062151017606	0.7593517909736776	0.10022004349114223	97.7996181594224	105.1764108535145	0.0024760451218660477	1.0001001253123845
2.1055523167260177	1.9082326544308064	0.0665645823234414	0.7593517909736776	0.10022004349114223	97.7996181594224	105.1764108535145	0.0024760451218660477	1.0001001253123845
2.1055523167260177	1.9082326544308064	0.0665645823234414	0.7593517909736776	0.10022004349114223	97.7996181594224	105.1764108535145	0.0024760451218660477	1.0001001253123845
2.1055523167260177	1.9082326544308064	0.0665645823234414	0.7593517909736776	0.10022004349114223	97.7996181594224	105.1764108535145	0.0024760451218660477	1.0001001253123845
2.1055523167260177	1.910581001317763	0.0665645823234414	0.7593517909736776	0.10022004349114223	97.7996181594224	105.1764108535145	0.0024760451218660477	1.0001001253123845
2.1055523167260177	1.910581001317763	0.0665645823234414	0.7593209144034335	0.10022004349114223	97.7996181594224	105.1764108535145	0.0024760451218660477	1.0001001253123845
2.1055523167260177	1.910581001317763	0.0665645823234414	0.7593160995413593	0.10022004349114223	97.7996181594224	105.1764108535145	0.0024760451218660477	1.0001001253123845
2.1055523167260177	1.910581001317763	0.0665645823234414	0.7593160995413593	0.10022004349114223	97.7996181594224	105.1764108535145	0.0024760451218660477	1.0001001253123845
2.1055523167260177	1.910581001317763	0.0665645823234414	0.7593160995413593	0.10022016514342369	97.7996181594224	105.1764108535145	0.0024760451218660477	1.0001001253123845
2.105642781416889	1.910581001317763	0.0665645823234414	0.7593160995413593	0.10022016514342369	97.7996181594224	105.1764108535145	0.0024760451218660477	1.0001001253123845
2.105642781416889	1.910581001317763	0.0665645823234414	0.7593160995413593	0.10022016514342369	97.7996181594224	105.1764108535145	0.0024760451218660477	1.0001001253123845
2.105642781416889	1.910580660453187	0.0665645823234414	0.7593160995413593	0.10022016514342369	97.7996181594224	105.1764108535145	0.0024760451218660477	1.0001001253123845
2.105642781416889	1.910580660453187	0.0665645823234414	0.7593160995413593	0.10022016514342369	97.8009512387948	105.1764108535145	0.0024760451218660477	1.0001001253123845
2.105642781416889	1.910580660453187	0.0665645823234414	0.7593160995413593	0.10022016514342369	97.8009512387948	105.1764108535145	0.0024760451218660477	1.0001001253123845
2.105305331065044	1.910580660453187	0.0665645823234414	0.7593160995413593	0.10022016514342369	97.8009512387948	105.1764108535145	0.0024760451218660477	1.0001001253123845
2.105305331065044	1.9105808654802536	0.0665645823234414	0.7593160995413593	0.10022016514342369	97.8009512387948	105.1764108535145	0.0024760451218660477	1.0001001253123845
2.105305331065044	1.9105808654802536	0.0665645823234414	0.7593160995413593	0.10022016514342369	97.8009512387948	105.1764108535145	0.0024760451218660477	1.0001001253123845
2.1067361514328797	1.9105808654802536	0.0665645823234414	0.7593160995413593	0.10022016514342369	97.8009512387948	105.1764108535145	0.0024760451218660477	1.0001001253123845
2.1067361514328797	1.9105808654802536	0.0665645823234414	0.7593160995413593	0.10022016514342369	97.8009512387948	105.1764108535145	0.0024760451218660477	1.0001001253123845
2.1067361514328797	1.9105808654802536	0.0665645823234414	0.7593160995413593	0.10022016514342369	97.8009512387948	105.1764108535145	0.0024760451218660477	1.0001001253123845
2.1067361514328797	1.9105808654802536	0.0665645823234414	0.7593160995413593	0.10022016514342369	97.8009512387948	105.1764108535145	0.0024760451218660477	1.0001001253123845
2.1067361514328797	1.9105808654802536	0.0665645823234414	0.7593160995413593	0.10022016514342369	97.8009512387948	105.1764108535145	0.0024760451218660477	1.0001001253123845
2.1067361514328797	1.9105808654802536	0.0665645823234414	0.7593160995413593	0.10022016514342369	97.8009512387948	105.1764108535145	0.0024760451218660477	1.0001001253123845
2.1067361514328797	1.9105808654802536	0.0665645823234414	0.7593160995413593	0.10022016514342369	97.8009512387948	105.1764108535145	0.0024760451218660477	1.0001001253123845
2.1067361514328797	1.9105808654802536	0.0665645823234414	0.7593160995413593	0.10022016514342369	97.8009512387948	105.1764108535145	0.0024760451218660477	1.0001001253123845
2.1067361514328797	1.9105808654802536	0.0665645823234414	0.7593160995413593	0.10022016514342369	97.8009512387948	105.1764108535145	0.0024760451218660477	1.0001001253123845
2.1067361514328797	1.9105808654802536	0.0665645823234414	0.7593160995413593	0.10022016514342369	97.8009512387948	105.1764108535145	0.0024760451218660477	1.0001001253123845
2.1067361514328797	1.9105808654802536	0.0665645823234414	0.7593160995413593	0.10025676339128116	97.8009512387948	105.1764108535145	0.0024760451218660477	1.0001001253123845
2.1067361514328797	1.9105808654802536	0.0665645823234414	0.7593160995413593	0.10025676339128116	97.8009512387948	105.1764108535145	0.0024760451218660477	1.0001001253123845
2.1067265094027987	1.9105808654802536	0.0665645823234414	0.7593160995413593	0.10025676339128116	97.8009512387948	105.1764108535145	0.0024760451218660477	1.0001001253123845
2.1067265094027987	1.9105808654802536	0.0665645823234414	0.7593160995413593	0.10025676339128116	97.8009512387948	105.1764108535145	0.0024763812036618254	1.0001001253123845
2.1067265094027987	1.9105808654802536	0.0665645823234414	0.7593160995413593	0.10025676339128116	97.8009512387948	105.1764108535145	0.0024763812036618254	1.0001001253123845
2.1067265094027987	1.9105808654802536	0.0665645823234414	0.7593160995413593	0.10025676339128116	97.8009512387948	105.17451905147432	0.0024763812036618254	1.0001001253123845
2.1067265094027987	1.9105808654802536	0.0665645823234414	0.7593160995413593	0.10025676339128116	97.8009512387948	105.17451905147432	0.0024763812036618254	1.0001001253123845
2.1067265094027987	1.9105808654802536	0.0665645823234414	0.7593160995413593	0.10025676339128116	97.82952492059287	105.17451905147432	0.0024763812036618254	1.0001001253123845
2.1067265094027987	1.9105808654802536	0.0665645823234414	0.7593160995413593	0.10025676339128116	97.82952492059287	105.17451905147432	0.0024753375404065574	1.0001001253123845
2.1067265094027987	1.9105808654802536	0.0665645823234414	0.7593160995413593	0.10025676339128116	97.82952492059287	105.17440009513405	0.0024753375404065574	1.0001001253123845
2.1067265094027987	1.9105808654802536	0.0665645823234414	0.7593160995413593	0.10026095921478628	97.82952492059287	105.17440009513405	0.0024753375404065574	1.0001001253123845
2.1067265094027987	1.9105808654802536	0.0665645823234414	0.7593160995413593	0.10026095921478628	97.82952492059287	105.17440009513405	0.0024753375404065574	1.0001001253123845
2.1067265094027987	1.9105808654802536	0.0665645823234414	0.7593160995413593	0.10026081663494096	97.82952492059287	105.17440009513405	0.0024753375404065574	1.0001001253123845
2.1067265094027987	1.9105808654802536	0.0665645823234414	0.7593160995413593	0.10026081663494096	97.82952492059287	105.17440009513405	0.0024753375404065574	1.0001001253123845
2.1067265094027987	1.9105808654802536	0.0665645823234414	0.7593160995413593	0.10026081663494096	97.82952492059287	105.17440009513405	0.0024753375404065574	1.0001001253123845
2.1066564902616403	1.9105808654802536	0.0665645823234414	0.7593160995413593	0.10026081663494096	97.82952492059287	105.17440009513405	0.0024753375404065574	1.0001001253123845
2.1066564902616403	1.9105808654802536	0.0665645823234414	0.7593160995413593	0.10026081663494096	97.82952492059287	105.17440009513405	0.0024753375404065574	1.0001001293825655
2.1066564902616403	1.9105808654802536	0.0665645823234414	0.7593160995413593	0.10026081663494096	97.82952492059287	105.20340687152907	0.0024753375404065574	1.0001001293825655
2.1066564902616403	1.9105808654802536	0.0665645823234414	0.7594203349963748	0.10026081663494096	97.82952492059287	105.20340687152907	0.0024753375404065574	1.0001001293825655
2.106655331785339	1.9105808654802536	0.0665645823234414	0.7594203349963748	0.10026081663494096	97.82952492059287	105.20340687152907	0.0024753375404065574	1.0001001293825655
2.106655331785339	1.9105808654802536	0.0665645823234414	0.7594203349963748	0.10026081663494096	97.82952492059287	105.20340687152907	0.0024753375404065574	1.0001001158769582
2.106655331785339	1.9105820424435118	0.0665645823234414	0.7594203349963748	0.10026081663494096	97.82952492059287	105.20340687152907	0.0024753375404065574	1.0001001158769582
2.106655331785339	1.9105820424435118	0.0665645823234414	0.7594203349963748	0.10026081663494096	97.82952492059287	105.20340687152907	0.0024730194078577453	1.0001001158769582
2.106655331785339	1.9105820424435118	0.0665645823234414	0.7594203349963748	0.10026081663494096	97.82952492059287	105.20340687152907	0.0024730194078577453	1.0001001158769582
2.1021632206556577	1.9105820424435118	0.0665645823234414	0.7594203349963748	0.10026081663494096	97.82952492059287	105.20340687152907	0.0024730194078577453	1.0001001158769582
2.1021632206556577	1.9105820424435118	0.0665645823234414	0.7594203349963748	0.10026081663494096	97.77710717843087	105.20340687152907	0.0024730194078577453	1.0001001158769582
2.1021632206556577	1.9105820424435118	0.0665645823234414	0.7594203349963748	0.10026081663494096	97.77710717843087	105.20340687152907	0.0024730194078577453	1.0001001158769582
2.1021632206556577	1.9105820424435118	0.0665645823234414	0.7594203349963748	0.10026081663494096	97.77710717843087	105.20340687152907	0.0024730194078577453	1.0001001158769582
2.1021816375164306	1.9105820424435118	0.0665645823234414	0.7594203349963748	0.10026081663494096	97.77710717843087	105.20340687152907	0.0024730194078577453	1.0001001158769582
2.1021816375164306	1.91060126684247	0.0665645823234414	0.7594203349963748	0.10026081663494096	97.77710717843087	105.20340687152907	0.0024730194078577453	1.0001001158769582
2.1021816375164306	1.91060126684247	0.06660148633505956	0.7594203349963748	0.10026081663494096	97.77710717843087	105.20340687152907	0.0024730194078577453	1.0001001158769582
2.1021816375164306	1.91060126684247	0.06660148633505956	0.7594203349963748	0.10026081663494096	97.77710717843087	105.20340687152907	0.0024730194078577453	1.0000997710149524
2.1021816375164306	1.91060126684247	0.06660148633505956	0.7594203349963748	0.10026081663494096	97.77710717843087	105.20340687152907	0.0024730194078577453	1.0000997710149524
2.1021816375164306	1.91060126684247	0.06660148633505956	0.7594203349963748	0.10026057759860729	97.77710717843087	105.20340687152907	0.0024730194078577453	1.0000997710149524
2.1021816375164306	1.9106011001121015	0.06660148633505956	0.7594203349963748	0.10026057759860729	97.77710717843087	105.20340687152907	0.0024730194078577453	1.0000997710149524
2.1021816375164306	1.9106011001121015	0.06660148633505956	0.7594203349963748	0.10026057759860729	97.77702740643771	105.20340687152907	0.0024730194078577453	1.0000997710149524
2.1021816375164306	1.9106011001121015	0.06660148633505956	0.7594203349963748	0.10026057759860729	97.77702740643771	105.20340687152907	0.0024730194078577453	1.0000997710149524
2.1021816375164306	1.9106011001121015	0.06660148633505956	0.7594203349963748	0.10026082933748645	97.77702740643771	105.20340687152907	0.0024730194078577453	1.0000997710149524
2.1021816375164306	1.9106012643207855	0.06660148633505956	0.7594203349963748	0.10026082933748645	97.77702740643771	105.20340687152907	0.0024730194078577453	1.0000997710149524
2.1021816375164306	1.9106012643207855	0.06660148633505956	0.7594203349963748	0.10044497425812009	97.77702740643771	105.20340687152907	0.0024730194078577453	1.0000997710149524
2.1021816375164306	1.9106012643207855	0.06660148633505956	0.7594203349963748	0.10044497425812009	97.77702740643771	105.21020725218284	0.0024730194078577453	1.0000997710149524
2.1021840025417795	1.9106012643207855	0.06660148633505956	0.7594203349963748	0.10044497425812009	97.77702740643771	105.21020725218284	0.0024730194078577453	1.0000997710149524
2.1021840025417795	1.9106012643207855	0.06660148633505956	0.7594203349963748	0.10044497425812009	97.77702740643771	105.21020725218284	0.0024730194078577453	1.0000997710149524
2.1021840025417795	1.9106012643207855	0.06660148633505956	0.7594203349963748	0.10044497425812009	97.77702740643771	105.21020725218284	0.0024730194078577453	1.0000998751591996
2.1021840025417795	1.9106012643207855	0.06660148633505956	0.7594203349963748	0.10044497425812009	97.77702740643771	106.10716288947123	0.0024730194078577453	1.0000998751591996
2.1021840025417795	1.9106012643207855	0.06660148633505956	0.7594203349963748	0.10044497425812009	97.77702740643771	106.10716288947123	0.0024730194078577453	1.0001000207402282
2.1021840025417795	1.9106012643207855	0.06660148633505956	0.7594203349963748	0.10044497425812009	97.77702740643771	106.10716288947123	0.0024730194078577453	1.0001000207402282
2.1021840025417795	1.9106012643207855	0.06660148633505956	0.7594203349963748	0.10044497425812009	97.77702740643771	106.10716288947123	0.0024730194078577453	1.0001000207402282
2.1021840025417795	1.9106012643207855	0.06660148633505956	0.7594248283360276	0.10044497425812009	97.77702740643771	106.10716288947123	0.0024730194078577453	1.0001000207402282
2.1021840025417795	1.9106012643207855	0.06660148633505956	0.7594248283360276	0.10044497425812009	97.77702740643771	106.10237405838475	0.0024730194078577453	1.0001000207402282
2.1021840025417795	1.9106012643207855	0.06660148633505956	0.7594248283360276	0.10044497425812009	97.77702740643771	106.10237405838475	0.0024730194078577453	1.0001000495752503
2.1021840025417795	1.9106012643207855	0.06660148633505956	0.7594248283360276	0.10044497425812009	97.77702740643771	106.10237405838475	0.0024730194078577453	1.0001000495752503
2.1021840025417795	1.9106012643207855	0.06660148633505956	0.7594248283360276	0.10044497425812009	97.77702740643771	106.10237405838475	0.0024730194078577453	1.0001000495752503
2.1021840025417795	1.9106012643207855	0.06660148633505956	0.7594248283360276	0.10044497425812009	97.77702740643771	106.10237405838475	0.0024730194078577453	1.0001000495752503
2.1021840025417795	1.9106012643207855	0.06660148633505956	0.7594248283360276	0.10044497425812009	97.77702740643771	106.10237405838475	0.0024730194078577453	1.0001000495752503
2.1021840025417795	1.9106012643207855	0.06660148633505956	0.7594248283360276	0.10044497425812009	97.77702740643771	106.10237405838475	0.0024730194078577453	1.0001000106448374
2.1021840025417795	1.9106012643207855	0.06660148633505956	0.7594248283360276	0.10046753875665115	97.77702740643771	106.10237405838475	0.0024730194078577453	1.0001000106448374
2.1021840025417795	1.9106012643207855	0.06660148633505956	0.7594248283360276	0.10046753875665115	97.77702740643771	106.10237405838475	0.0024730194078577453	1.0001000106448374
2.1021840025417795	1.9106012643207855	0.06660148633505956	0.7594248283360276	0.10046753875665115	97.77702740643771	106.10237405838475	0.0024730194078577453	1.0001000106448374
2.1021840025417795	1.9106012643207855	0.06660148633505956	0.7594248283360276	0.10046753875665115	97.77702740643771	106.10237405838475	0.0024730194078577453	1.0001000106448374
2.1021840025417795	1.9074512215722434	0.06660148633505956	0.7594248283360276	0.10046753875665115	97.77702740643771	106.10237405838475	0.0024730194078577453	1.0001000106448374
2.1021840025417795	1.9074512215722434	0.06660148633505956	0.7594248283360276	0.10046753875665115	97.77702740643771	106.10237405838475	0.0024730194078577453	1.0001000106448374
2.1021840025417795	1.9074512215722434	0.06660148633505956	0.7594248283360276	0.10046753875665115	97.77702740643771	106.0946543149206	0.0024730194078577453	1.0001000106448374
2.1021840025417795	1.9074512215722434	0.06660148633505956	0.7594248283360276	0.10046753875665115	97.77702740643771	106.0946543149206	0.002458779447434827	1.0001000106448374
2.1021840025417795	1.9074512215722434	0.06660148633505956	0.7594248283360276	0.10046753875665115	97.78622483011361	106.0946543149206	0.002458779447434827	1.0001000106448374
2.1021840025417795	1.9074512215722434	0.06660148633505956	0.7594248283360276	0.10046753875665115	97.78622483011361	106.0946543149206	0.002349150218423169	1.0001000106448374
2.1021840025417795	1.9074512215722434	0.06660148633505956	0.7594248283360276	0.10046753875665115	97.78644824210389	106.0946543149206	0.002349150218423169	1.0001000106448374
2.1021840025417795	1.9074512215722434	0.06660148633505956	0.7594248283360276	0.10046753875665115	97.78644824210389	106.0946543149206	0.002349150218423169	1.0001000106448374
2.1021840025417795	1.9074512215722434	0.06660148633505956	0.7594248283360276	0.10046753875665115	97.78644824210389	106.0946543149206	0.002349787423396529	1.0001000106448374
2.1021840025417795	1.9074512215722434	0.06660148633505956	0.7594248283360276	0.10046753875665115	97.7863997035455	106.0946543149206	0.002349787423396529	1.0001000106448374
2.1021840025417795	1.9074512215722434	0.06660148633505956	0.7594248283360276	0.10046753875665115	97.7863997035455	106.0946543149206	0.002349787423396529	1.0001000106448374
2.1021840025417795	1.9074512215722434	0.06660148633505956	0.7594248283360276	0.10046753875665115	97.7863997035455	106.0946543149206	0.002455524284016406	1.0001000106448374
2.1021840025417795	1.9074512215722434	0.06660148633505956	0.7594167706369912	0.10046753875665115	97.7863997035455	106.0946543149206	0.002455524284016406	1.0001000106448374
2.1022802915828573	1.9074512215722434	0.06660148633505956	0.7594167706369912	0.10046753875665115	97.7863997035455	106.0946543149206	0.002455524284016406	1.0001000106448374
2.1022802915828573	1.9074512215722434	0.06660148633505956	0.7594167706369912	0.10046753875665115	97.7863997035455	106.0946543149206	0.002455524284016406	1.0001000106448374
2.1015515530477855	1.9074512215722434	0.06660148633505956	0.7594167706369912	0.10046753875665115	97.7863997035455	106.0946543149206	0.002455524284016406	1.0001000106448374
2.1015515530477855	1.9074512215722434	0.06660148633505956	0.7594167706369912	0.10046753875665115	97.7863997035455	106.0946543149206	0.002455524284016406	1.0001000856225557
2.1015515530477855	1.9074512215722434	0.06660148633505956	0.7594167706369912	0.10046753875665115	97.7863997035455	106.0946543149206	0.002455524284016406	1.0001000856225557
2.1015515530477855	1.9074512215722434	0.06660148633505956	0.7594167706369912	0.10046753875665115	97.7863997035455	106.09385648769104	0.002455524284016406	1.0001000856225557
2.101547391229921	1.9074512215722434	0.06660148633505956	0.7594167706369912	0.10046753875665115	97.7863997035455	106.09385648769104	0.002455524284016406	1.0001000856225557
2.101547391229921	1.9074512215722434	0.06660148633505956	0.7594167706369912	0.10046753875665115	97.7863997035455	106.09385648769104	0.002455524284016406	1.0001000856225557
2.101547391229921	1.9074512215722434	0.06660148633505956	0.7594167706369912	0.10046753875665115	97.7863997035455	106.09385648769104	0.002455524284016406	1.0001000856225557
2.101547391229921	1.9074512215722434	0.06660148633505956	0.7594167706369912	0.10046753875665115	97.7863997035455	106.09385648769104	0.002455524284016406	1.0001000856225557
2.101547391229921	1.9074512215722434	0.06660148633505956	0.7594167706369912	0.10046753875665115	97.7863997035455	106.09385648769104	0.002455524284016406	1.0001045516125375
2.101547391229921	1.9076472865484604	0.06660148633505956	0.7594167706369912	0.10046753875665115	97.7863997035455	106.09385648769104	0.002455524284016406	1.0001045516125375
2.101547391229921	1.9076472865484604	0.06660148633505956	0.7594167706369912	0.10046753875665115	97.7863997035455	106.09385648769104	0.002455524284016406	1.0001045516125375
2.101547391229921	1.9076472865484604	0.06660148633505956	0.7594167706369912	0.10046753875665115	97.7863997035455	106.09385648769104	0.0024552482857884013	1.0001045516125375
2.101547391229921	1.9076472865484604	0.06660148633505956	0.7594167706369912	0.10046742059124025	97.7863997035455	106.09385648769104	0.0024552482857884013	1.0001045516125375
2.101547391229921	1.9076472865484604	0.06660148633505956	0.7594167706369912	0.10046742059124025	97.7863997035455	106.09385648769104	0.0024552482857884013	1.0001045516125375
2.1007244157904283	1.9076472865484604	0.06660148633505956	0.7594167706369912	0.10046742059124025	97.7863997035455	106.09385648769104	0.0024552482857884013	1.0001045516125375
2.1007244157904283	1.9076472865484604	0.06660148633505956	0.7594167706369912	0.10046742059124025	97.7863997035455	106.10843189685558	0.0024552482857884013	1.0001045516125375
2.1007244157904283	1.9076472865484604	0.06660148633505956	0.7594167706369912	0.10046742059124025	97.7863997035455	106.10843189685558	0.0024552482857884013	1.0001045516125375
2.1007129384238317	1.9076472865484604	0.06660148633505956	0.7594167706369912	0.10046742059124025	97.7863997035455	106.10843189685558	0.0024552482857884013	1.0001045516125375
2.1007129384238317	1.9076472865484604	0.06660148633505956	0.7594167706369912	0.10046742059124025	97.7863997035455	106.10843189685558	0.0024552482857884013	1.0001045516125375
2.1007129384238317	1.9076472865484604	0.06660148633505956	0.7594167706369912	0.10046742059124025	97.7863997035455	106.07497744398947	0.0024552482857884013	1.0001045516125375
2.1007129384238317	1.9076472865484604	0.06660148633505956	0.7594167706369912	0.10046742059124025	97.7863997035455	106.07497744398947	0.0024552482857884013	1.0001045516125375
2.1007129384238317	1.9076472865484604	0.06660148633505956	0.7594167706369912	0.10046742059124025	97.7863997035455	106.05339045614438	0.0024552482857884013	1.0001045516125375
2.1007129384238317	1.9076472865484604	0.06660148633505956	0.7594167706369912	0.10046742059124025	97.7863997035455	106.05339045614438	0.0024552482857884013	1.0001045516125375
2.1007129384238317	1.9076472865484604	0.06660148633505956	0.7594167706369912	0.10046742059124025	97.7863997035455	106.05339045614438	0.0024552482857884013	1.0001045516125375
2.1007129384238317	1.9076472865484604	0.06660148633505956	0.759408130133321	0.10046742059124025	97.7863997035455	106.05339045614438	0.0024552482857884013	1.0001045516125375
2.1007129384238317	1.9076472865484604	0.06660148633505956	0.759408130133321	0.10046742059124025	97.7863997035455	106.05339045614438	0.0024552482857884013	1.0001045516125375
2.1006765186300576	1.9076472865484604	0.06660148633505956	0.759408130133321	0.10046742059124025	97.7863997035455	106.05339045614438	0.0024552482857884013	1.0001045516125375
2.1006765186300576	1.9076472865484604	0.06660148633505956	0.759408130133321	0.10046742059124025	97.7863997035455	106.04923086026434	0.0024552482857884013	1.0001045516125375
2.1006765186300576	1.9076460811564013	0.06660148633505956	0.759408130133321	0.10046742059124025	97.7863997035455	106.04923086026434	0.0024552482857884013	1.0001045516125375
2.1006765186300576	1.9076460811564013	0.06660326652074944	0.759408130133321	0.10046742059124025	97.7863997035455	106.04923086026434	0.0024552482857884013	1.0001045516125375
2.1005144469060157	1.9076460811564013	0.06660326652074944	0.759408130133321	0.10046742059124025	97.7863997035455	106.04923086026434	0.0024552482857884013	1.0001045516125375
2.1005144469060157	1.9076460811564013	0.06660326652074944	0.759408130133321	0.10046742059124025	97.7863997035455	106.04923086026434	0.0024552482857884013	1.0001045516125375
2.1005144469060157	1.9076460811564013	0.06660326652074944	0.759408130133321	0.10046742059124025	97.7863997035455	100.94908493088685	0.0024552482857884013	1.0001045516125375
2.1005144469060157	1.9076460811564013	0.06660326652074944	0.759408130133321	0.10046742059124025	97.7863997035455	100.94908493088685	0.0024529959496211893	1.0001045516125375
2.1005144469060157	1.9076460811564013	0.06660326652074944	0.759408130133321	0.10046742059124025	97.7863997035455	100.94908493088685	0.0024529959496211893	1.0001045516125375
2.1005144469060157	1.9076460811564013	0.06660326652074944	0.759408130133321	0.10046742059124025	97.78213763801594	100.94908493088685	0.0024529959496211893	1.0001045516125375
2.1005144469060157	1.9076460811564013	0.06660326652074944	0.759408130133321	0.10046742059124025	97.78213763801594	100.12906139056236	0.0024529959496211893	1.0001045516125375
2.1005144469060157	1.9076460811564013	0.06660326652074944	0.759408130133321	0.10046742059124025	97.78213763801594	100.12906139056236	0.0024529959496211893	1.0001045516125375
2.1005144469060157	1.9076460811564013	0.06660326652074944	0.759408130133321	0.10046742059124025	97.78213763801594	100.12640618897981	0.0024529959496211893	1.0001045516125375
2.1005144469060157	1.9076460811564013	0.06660326652074944	0.759408130133321	0.10046742059124025	97.78213763801594	100.12640618897981	0.0024529959496211893	1.0001045516125375
2.1005144469060157	1.9076460811564013	0.06660326652074944	0.759408130133321	0.10046742059124025	97.78213763801594	100.10517154657482	0.0024529959496211893	1.0001045516125375
2.1005144469060157	1.9076460811564013	0.06660326652074944	0.7593899918589139	0.10046742059124025	97.78213763801594	100.10517154657482	0.0024529959496211893	1.0001045516125375
2.1005144469060157	1.9077504516244577	0.06660326652074944	0.7593899918589139	0.10046742059124025	97.78213763801594	100.10517154657482	0.0024529959496211893	1.0001045516125375
2.1005144469060157	1.9077504516244577	0.06660326652074944	0.7593899918589139	0.10046742059124025	97.78213763801594	100.10517154657482	0.0024529959496211893	1.0001045516125375
2.1005144469060157	1.9077504516244577	0.06660326652074944	0.7593899918589139	0.10050827454671055	97.78213763801594	100.10517154657482	0.0024529959496211893	1.0001045516125375
2.1005144469060157	1.9077504516244577	0.06660326652074944	0.7593899918589139	0.10050827454671055	97.78213763801594	100.10517154657482	0.0024529959496211893	1.0001045516125375
2.1005144469060157	1.9077504516244577	0.06660326652074944	0.7593899918589139	0.10050827454671055	97.78213763801594	100.10517154657482	0.0024529959496211893	1.0001045516125375
2.1005144469060157	1.9077504516244577	0.06660326652074944	0.7593899918589139	0.10050827454671055	97.78213763801594	100.10517154657482	0.0024529959496211893	1.0001081763437285
2.1005144469060157	1.9077504516244577	0.06660326652074944	0.7593899918589139	0.10050827454671055	97.78213763801594	100.10517154657482	0.0024529959496211893	1.0001081763437285
2.1005144469060157	1.9077504516244577	0.06660326652074944	0.7593899918589139	0.10050827454671055	97.78213763801594	100.10517154657482	0.0024529959496211893	1.0001081763437285
2.1005144469060157	1.9077504516244577	0.06660326652074944	0.7593899918589139	0.10050827454671055	97.78213763801594	100.10517154657482	0.0024529959496211893	1.0001081763437285
2.1005144469060157	1.9077504516244577	0.06660326652074944	0.7593899918589139	0.10050827454671055	97.78213763801594	100.10517154657482	0.0024529959496211893	1.0001081763437285
2.1005144469060157	1.9077504516244577	0.06660326652074944	0.7593899918589139	0.10050827454671055	97.78209436706904	100.10517154657482	0.0024529959496211893	1.0001081763437285
2.1005144469060157	1.9077504516244577	0.06660326652074944	0.7593899918589139	0.10050815712249371	97.78209436706904	100.10517154657482	0.0024529959496211893	1.0001081763437285
2.1005053132789047	1.9077504516244577	0.06660326652074944	0.7593899918589139	0.10050815712249371	97.78209436706904	100.10517154657482	0.0024529959496211893	1.0001081763437285
2.1005053132789047	1.9077504516244577	0.06660326652074944	0.7593899918589139	0.10050869885944218	97.78209436706904	100.10517154657482	0.0024529959496211893	1.0001081763437285
2.1005053132789047	1.9077504516244577	0.06660326652074944	0.7593899918589139	0.10050869885944218	97.78209436706904	100.13441801872968	0.0024529959496211893	1.0001081763437285
2.1005053132789047	1.9077504516244577	0.06660326652074944	0.7593899918589139	0.10050869885944218	97.78209436706904	100.13441801872968	0.0024530482188543958	1.0001081763437285
2.1005053132789047	1.9077504516244577	0.06660326652074944	0.7593899918589139	0.10050869885944218	97.78564144873594	100.13441801872968	0.0024530482188543958	1.0001081763437285
2.1005053132789047	1.9077504516244577	0.06660326652074944	0.7593899918589139	0.10050869885944218	97.78564144873594	100.13441801872968	0.0024530482188543958	1.0001080462294252
2.1005053132789047	1.9077504516244577	0.06660326652074944	0.7593899918589139	0.10050869885944218	97.78564144873594	100.13441801872968	0.0024530482188543958	1.0001080462294252
2.1002710082074088	1.9077504516244577	0.06660326652074944	0.7593899918589139	0.10050869885944218	97.78564144873594	100.13441801872968	0.0024530482188543958	1.0001080462294252
2.1002710082074088	1.9077504516244577	0.06660326652074944	0.7593899918589139	0.10050869885944218	97.78564144873594	100.13441801872968	0.0024530482188543958	1.0001080462294252
2.1002710082074088	1.9077504516244577	0.06660326652074944	0.7593899918589139	0.10050869885944218	97.78564144873594	100.13441801872968	0.0024530482188543958	1.0001080462294252
2.1002710082074088	1.9077504516244577	0.06660326652074944	0.7593899918589139	0.10050869885944218	97.78564144873594	100.13441801872968	0.0024530482188543958	1.0001080462294252
2.10027015236298	1.9077504516244577	0.06660326652074944	0.7593899918589139	0.10050869885944218	97.78564144873594	100.13441801872968	0.0024530482188543958	1.0001080462294252
2.10027015236298	1.9077504516244577	0.06660326652074944	0.7593899918589139	0.10050803594948825	97.78564144873594	100.13441801872968	0.0024530482188543958	1.0001080462294252
2.10027015236298	1.9077504516244577	0.06660326652074944	0.7593899918589139	0.10050803594948825	97.78564144873594	100.13441801872968	0.0024530482188543958	1.0001080462294252
2.10027015236298	1.9077504516244577	0.06660326652074944	0.7593899918589139	0.10050803594948825	97.7800057611563	100.13441801872968	0.0024530482188543958	1.0001080462294252
2.10027015236298	1.9077504516244577	0.06660326652074944	0.7593899918589139	0.10050803594948825	97.7800057611563	100.13441801872968	0.002452420538907724	1.0001080462294252
2.10027015236298	1.9077504516244577	0.06660326652074944	0.7593899918589139	0.10050803594948825	97.7800057611563	100.13441801872968	0.002452420538907724	1.0001080462294252
2.10027015236298	1.9077504516244577	0.06660326652074944	0.7593899918589139	0.10050803594948825	97.7800057611563	100.13441801872968	0.002452420538907724	1.0001080462294252
2.10027015236298	1.9077504516244577	0.06660326652074944	0.7593899918589139	0.10050803594948825	97.7800057611563	100.13417568568207	0.002452420538907724	1.0001080462294252
2.10027015236298	1.9077504516244577	0.06660326652074944	0.7593899918589139	0.10050803594948825	97.7800057611563	100.13417568568207	0.002452420538907724	1.0001081424783984
2.10027015236298	1.9076959386757686	0.06660326652074944	0.7593899918589139	0.10050803594948825	97.7800057611563	100.13417568568207	0.002452420538907724	1.0001081424783984
2.10027015236298	1.9076959386757686	0.06660326652074944	0.7593899918589139	0.10050318804926198	97.7800057611563	100.13417568568207	0.002452420538907724	1.0001081424783984
2.10027015236298	1.9076959386757686	0.06660326652074944	0.7593899918589139	0.10050318804926198	97.7800057611563	100.13417568568207	0.002452420538907724	1.0001081424783984
2.10027015236298	1.9076959386757686	0.06660326652074944	0.7593899918589139	0.10050318804926198	97.7800057611563	100.13417568568207	0.002452420538907724	1.0001081424783984
2.10027015236298	1.9076959386757686	0.06660326652074944	0.7593899918589139	0.10050318804926198	97.7800057611563	100.13417568568207	0.002452420538907724	1.0001081424783984
2.10027015236298	1.9076948751146239	0.06660326652074944	0.7593899918589139	0.10050318804926198	97.7800057611563	100.13417568568207	0.002452420538907724	1.0001081424783984
2.10027015236298	1.9076948751146239	0.06660326652074944	0.7593899918589139	0.10050318804926198	97.7800057611563	100.13417568568207	0.002452420538907724	1.0001074510738899
2.10027015236298	1.9076948751146239	0.06660326652074944	0.7593899918589139	0.10050318804926198	97.7800057611563	100.13417568568207	0.002400332625106112	1.0001074510738899
2.10027015236298	1.9076948751146239	0.06660326652074944	0.7593899918589139	0.10050318804926198	97.7800057611563	100.13417568568207	0.002400332625106112	1.0001074510738899
2.10027015236298	1.9076948751146239	0.06660326652074944	0.7593899918589139	0.10050318804926198	97.77357539393796	100.13417568568207	0.002400332625106112	1.0001074510738899
2.10027015236298	1.9076948751146239	0.06660326652074944	0.7593899918589139	0.10050318804926198	97.77357539393796	100.12156995347465	0.002400332625106112	1.0001074510738899
2.10027015236298	1.9076948751146239	0.06660326652074944	0.7593899918589139	0.10050318804926198	97.79424065967015	100.12156995347465	0.002400332625106112	1.0001074510738899
2.10027015236298	1.9076948751146239	0.06660326652074944	0.7593899918589139	0.10050318804926198	97.79424065967015	100.12156995347465	0.002400332625106112	1.0001074510738899
2.10027015236298	1.9076948751146239	0.06660326652074944	0.7593899918589139	0.10050318804926198	97.79424065967015	100.12156995347465	0.002400332625106112	1.0001074510738899
2.10027015236298	1.9076948751146239	0.06660326652074944	0.7593899918589139	0.10050318804926198	97.79424065967015	100.12156995347465	0.002400332625106112	1.0001074510738899
2.10027015236298	1.9076948751146239	0.06660326652074944	0.7593899918589139	0.10050318804926198	97.79424065967015	100.12156995347465	0.002400332625106112	1.0001075175925012
2.10027015236298	1.9076948751146239	0.06660326652074944	0.7593899918589139	0.10050318804926198	97.79424065967015	100.12156995347465	0.002400332625106112	1.0001075175925012
2.10027015236298	1.9076948751146239	0.06660326652074944	0.7593899918589139	0.10050318804926198	97.82922191692347	100.12156995347465	0.002400332625106112	1.0001075175925012
2.10027015236298	1.9076948751146239	0.06660326652074944	0.7593899918589139	0.10050318804926198	97.82922191692347	100.12156995347465	0.002400332625106112	1.0001075175925012
2.10046729819745	1.9076948751146239	0.06660326652074944	0.7593899918589139	0.10050318804926198	97.82922191692347	100.12156995347465	0.002400332625106112	1.0001075175925012
2.10046729819745	1.9076948751146239	0.06660326652074944	0.7593899918589139	0.10050318804926198	97.82922191692347	100.12156995347465	0.002400332625106112	1.0001075175925012
2.10046729819745	1.9076948751146239	0.06660326652074944	0.7593899918589139	0.10050318804926198	97.82922191692347	100.12156995347465	0.0024000514185373426	1.0001075175925012
2.10046729819745	1.9076948751146239	0.06660326652074944	0.7593899918589139	0.10050318804926198	97.82922191692347	100.12156995347465	0.0024000514185373426	1.0001075175925012
2.10046729819745	1.9076948751146239	0.06660326652074944	0.7593899918589139	0.10050318804926198	97.82922191692347	100.12156995347465	0.002399597776144586	1.0001075175925012
2.10046729819745	1.9076948751146239	0.06660326652074944	0.7593899918589139	0.10050318804926198	97.82922191692347	100.12156995347465	0.002399597776144586	1.0001075175925012
2.10046729819745	1.9076948751146239	0.06660326652074944	0.7593899918589139	0.10050318804926198	97.82949223325265	100.12156995347465	0.002399597776144586	1.0001075175925012
2.10046729819745	1.9076948751146239	0.06660326652074944	0.7593899918589139	0.10050318804926198	97.82949223325265	100.12156995347465	0.002399597776144586	1.0001075175925012
2.10046729819745	1.9076948751146239	0.06660326652074944	0.7593899918589139	0.10050318804926198	97.77930856818297	100.12156995347465	0.002399597776144586	1.0001075175925012
2.10046729819745	1.9076948751146239	0.06660326652074944	0.7593899918589139	0.1005032528930478	97.77930856818297	100.12156995347465	0.002399597776144586	1.0001075175925012
2.10046729819745	1.9076948751146239	0.06660326652074944	0.75942104164286	0.1005032528930478	97.77930856818297	100.12156995347465	0.002399597776144586	1.0001075175925012
2.10046729819745	1.9076948751146239	0.06660326652074944	0.75942104164286	0.10050186847160068	97.77930856818297	100.12156995347465	0.002399597776144586	1.0001075175925012
2.10046729819745	1.9076948751146239	0.06660326652074944	0.75942104164286	0.10049991607910588	97.77930856818297	100.12156995347465	0.002399597776144586	1.0001075175925012
2.10046729819745	1.9076952455508154	0.06660326652074944	0.75942104164286	0.10049991607910588	97.77930856818297	100.12156995347465	0.002399597776144586	1.0001075175925012
2.10046729819745	1.908778830877618	0.06660326652074944	0.75942104164286	0.10049991607910588	97.77930856818297	100.12156995347465	0.002399597776144586	1.0001075175925012
2.10046729819745	1.908778830877618	0.06660326652074944	0.75942104164286	0.10049991607910588	97.77930856818297	100.12156995347465	0.002399597776144586	1.0001075175925012
2.10046729819745	1.908778830877618	0.06660326652074944	0.75942104164286	0.10049991607910588	97.77930856818297	102.56108726817256	0.002399597776144586	1.0001075175925012
2.10046729819745	1.9087770317495307	0.06660326652074944	0.75942104164286	0.10049991607910588	97.77930856818297	102.56108726817256	0.002399597776144586	1.0001075175925012
2.10046729819745	1.9087770317495307	0.06660326652074944	0.75942104164286	0.10049991607910588	97.77930856818297	102.56108726817256	0.002399597776144586	1.0001075175925012
2.10046729819745	1.908778269655623	0.06660326652074944	0.75942104164286	0.10049991607910588	97.77930856818297	102.56108726817256	0.002399597776144586	1.0001075175925012
2.10046729819745	1.908778269655623	0.06660326652074944	0.75942104164286	0.10049991607910588	97.77930856818297	102.56108726817256	0.002399597776144586	1.0001059366167708
2.10046729819745	1.908778269655623	0.06660326652074944	0.75942104164286	0.10049991607910588	97.77930856818297	102.56108726817256	0.002399597776144586	1.0001059366167708
2.10046729819745	1.908778269655623	0.06660326652074944	0.75942104164286	0.10049991607910588	97.77930856818297	102.56108726817256	0.002399597776144586	1.0001059366167708
2.10046729819745	1.908778269655623	0.06660326652074944	0.75942104164286	0.10049991607910588	97.77930856818297	102.56108726817256	0.002399597776144586	1.0001059366167708
2.10046729819745	1.908778269655623	0.06660326652074944	0.75942104164286	0.10049991607910588	97.77930856818297	102.56108726817256	0.002399597776144586	1.0001059366167708
2.10046729819745	1.908778269655623	0.06660326652074944	0.7594137445145962	0.10049991607910588	97.77930856818297	102.56108726817256	0.002399597776144586	1.0001059366167708
2.10046729819745	1.908778269655623	0.06660326652074944	0.7594137445145962	0.09994026970236317	97.77930856818297	102.56108726817256	0.002399597776144586	1.0001059366167708
2.10046729819745	1.908778269655623	0.06660326652074944	0.7594137445145962	0.09994026970236317	97.77930856818297	102.56108726817256	0.002399597776144586	1.0001059366167708
2.10046729819745	1.908778269655623	0.06660326652074944	0.7594137445145962	0.09994026970236317	97.77930856818297	102.56106024699199	0.002399597776144586	1.0001059366167708
2.10046729819745	1.908778269655623	0.06660326652074944	0.7594137445145962	0.09994026970236317	97.77930856818297	102.56106024699199	0.002399597776144586	1.0001059366167708
2.10046729819745	1.908778269655623	0.06660326652074944	0.7594137445145962	0.09994026970236317	97.77930856818297	102.56106024699199	0.0023995667863591307	1.0001059366167708
2.10046729819745	1.908778269655623	0.06660326652074944	0.7594137445145962	0.09994026970236317	97.77930856818297	102.56106024699199	0.0023995667863591307	1.0001059366167708
2.10046729819745	1.908778269655623	0.06660326652074944	0.7594137445145962	0.09994026970236317	97.77930856818297	102.56106024699199	0.0023998172740024534	1.0001059366167708
2.10046729819745	1.908778269655623	0.06660326652074944	0.7594137445145962	0.09994026970236317	97.77930856818297	102.56106024699199	0.0023998172740024534	1.0001059366167708
2.10046729819745	1.908778269655623	0.06660326652074944	0.7594137445145962	0.09994026970236317	97.77930856818297	102.56106024699199	0.0023998172740024534	1.0001059366167708
2.10046729819745	1.9086395834301115	0.06660326652074944	0.7594137445145962	0.09994026970236317	97.77930856818297	102.56106024699199	0.0023998172740024534	1.0001059366167708
2.10046729819745	1.9086395834301115	0.06660326652074944	0.7594137445145962	0.09994026970236317	97.77930856818297	102.56106024699199	0.0023998172740024534	1.0001059366167708
2.10046729819745	1.9086395834301115	0.06660326652074944	0.7594137445145962	0.09994026970236317	97.77930856818297	102.56106024699199	0.0023998172740024534	1.0001059366167708
2.10046729819745	1.9086395834301115	0.06660326652074944	0.7594137445145962	0.09994026970236317	97.77930856818297	102.56106024699199	0.0023998172740024534	1.0001059366167708
2.10046729819745	1.9086395834301115	0.06660326652074944	0.7594137445145962	0.09994026970236317	97.77930856818297	102.56106024699199	0.0023998172740024534	1.000105888478591
2.10046729819745	1.9086395834301115	0.06660326652074944	0.7594137445145962	0.09994026970236317	97.77930856818297	102.56106024699199	0.002405354865147306	1.000105888478591
2.10046729819745	1.9086395834301115	0.06660326652074944	0.7594137445145962	0.09994026970236317	97.77930856818297	102.56106024699199	0.002405354865147306	1.000105888478591
2.10046729819745	1.9086405806146665	0.06660326652074944	0.7594137445145962	0.09994026970236317	97.77930856818297	102.56106024699199	0.002405354865147306	1.000105888478591
2.10046729819745	1.9086405806146665	0.06660326652074944	0.7594137445145962	0.09994026970236317	97.77930856818297	102.56106024699199	0.002405354865147306	1.000105888478591
2.10046729819745	1.9086405806146665	0.06660326652074944	0.7594062955911555	0.09994026970236317	97.77930856818297	102.56106024699199	0.002405354865147306	1.000105888478591
2.10046729819745	1.9086405806146665	0.06660326652074944	0.7594062955911555	0.09994026970236317	97.77930856818297	102.56106024699199	0.002405607125049266	1.000105888478591
2.10046729819745	1.9095110650932807	0.06660326652074944	0.7594062955911555	0.09994026970236317	97.77930856818297	102.56106024699199	0.002405607125049266	1.000105888478591
2.10046729819745	1.9095110650932807	0.06660326652074944	0.7594062955911555	0.09994026970236317	97.77930856818297	102.56106024699199	0.002405607125049266	1.000105888478591
2.10046729819745	1.9095110650932807	0.06660326652074944	0.7594062955911555	0.10003232546664859	97.77930856818297	102.56106024699199	0.002405607125049266	1.000105888478591
2.10046729819745	1.9095110650932807	0.06660326652074944	0.7594062955911555	0.10003232546664859	97.77930856818297	102.56106024699199	0.002405607125049266	1.000105888478591
2.1004719776377625	1.9095110650932807	0.06660326652074944	0.7594062955911555	0.10003232546664859	97.77930856818297	102.56106024699199	0.002405607125049266	1.000105888478591
2.1004719776377625	1.9095110650932807	0.06660326652074944	0.7594062955911555	0.10003232546664859	97.77930856818297	102.56106024699199	0.002405607125049266	1.000105888478591
2.100469244154893	1.9095110650932807	0.06660326652074944	0.7594062955911555	0.10003232546664859	97.77930856818297	102.56106024699199	0.002405607125049266	1.000105888478591
2.100469244154893	1.9095110650932807	0.06660326652074944	0.7594062955911555	0.10003232546664859	97.77930856818297	102.56106024699199	0.0024056361884275362	1.000105888478591
2.100469244154893	1.9095110650932807	0.06660326652074944	0.7594062955911555	0.10003232546664859	97.77930856818297	102.56106024699199	0.0024057188228983005	1.000105888478591
2.100469244154893	1.9095110650932807	0.06660326652074944	0.7594062955911555	0.10003232546664859	97.77930856818297	102.56106024699199	0.0024057188228983005	1.000104596988582
2.100469244154893	1.9095110650932807	0.06660326652074944	0.7594062955911555	0.10003232546664859	97.77930856818297	102.56106024699199	0.0024057188228983005	1.000104596988582
2.100469244154893	1.9095110650932807	0.06660326652074944	0.7594062955911555	0.10003232546664859	97.77930856818297	102.56106024699199	0.0024057188228983005	1.000104596988582
2.100469244154893	1.9095110650932807	0.06660326652074944	0.7594062955911555	0.10003232546664859	97.77930856818297	102.55979601854976	0.0024057188228983005	1.000104596988582
2.100469244154893	1.9095123744221965	0.06660326652074944	0.7594062955911555	0.10003232546664859	97.77930856818297	102.55979601854976	0.0024057188228983005	1.000104596988582
2.100469244154893	1.9095123744221965	0.06660326652074944	0.7594062955911555	0.10003232546664859	97.77930856818297	102.55979601854976	0.002411333442374603	1.000104596988582
2.100469244154893	1.9095123744221965	0.06660326652074944	0.7594062955911555	0.10003232546664859	97.77930856818297	102.55979601854976	0.002411333442374603	1.0001046728611647
2.100469244154893	1.909512984974867	0.06660326652074944	0.7594062955911555	0.10003232546664859	97.77930856818297	102.55979601854976	0.002411333442374603	1.0001046728611647
2.100469244154893	1.909512984974867	0.06660326652074944	0.7594062955911555	0.10003232546664859	97.77930856818297	102.55979601854976	0.002411837443892111	1.0001046728611647
2.100469244154893	1.909512984974867	0.06660326652074944	0.7594062955911555	0.10003232546664859	97.77930856818297	102.55979601854976	0.002411837443892111	1.0001046728611647
2.100469244154893	1.909512984974867	0.06660326652074944	0.7594062955911555	0.10003232546664859	97.77930856818297	102.55979601854976	0.002411837443892111	1.0001046728611647
2.100469244154893	1.909512984974867	0.06660326652074944	0.7594062955911555	0.10003232546664859	97.77930856818297	102.55979601854976	0.002411837443892111	1.0001046728611647
2.100469244154893	1.909512984974867	0.06660326652074944	0.7594062955911555	0.10003232546664859	97.77930856818297	102.55979601854976	0.002411837443892111	1.0001046728611647
2.100469244154893	1.909512984974867	0.06660326652074944	0.7594062955911555	0.10003232546664859	97.77930856818297	102.55979601854976	0.002411837443892111	1.0001046728611647
2.100469244154893	1.909512984974867	0.06660326652074944	0.7594062955911555	0.10003232546664859	97.77930856818297	102.55979601854976	0.002411837443892111	1.0001046728611647
2.100469244154893	1.909512984974867	0.06660326652074944	0.7594062955911555	0.10003232546664859	97.7795208438519	102.55979601854976	0.002411837443892111	1.0001046728611647
2.100469244154893	1.909512984974867	0.06660326652074944	0.7594062955911555	0.10003232546664859	97.7795208438519	102.55979601854976	0.002412320044423009	1.0001046728611647
2.100469244154893	1.909512984974867	0.06660326652074944	0.7594062955911555	0.10003232546664859	97.76159898297409	102.55979601854976	0.002412320044423009	1.0001046728611647
2.100469244154893	1.9092740073848795	0.06660326652074944	0.7594062955911555	0.10003232546664859	97.76159898297409	102.55979601854976	0.002412320044423009	1.0001046728611647
2.100469244154893	1.9092740073848795	0.06660326652074944	0.7594182247677171	0.10003232546664859	97.76159898297409	102.55979601854976	0.002412320044423009	1.0001046728611647
2.100469244154893	1.9092740073848795	0.06660326652074944	0.7594182247677171	0.10003232546664859	97.76159898297409	102.55979601854976	0.002412320044423009	1.0001046728611647
2.100469244154893	1.9092740073848795	0.06660326652074944	0.7594182247677171	0.10003232546664859	97.76159898297409	102.55979601854976	0.002412320044423009	1.0001046728611647
2.100469244154893	1.909278853310091	0.06660326652074944	0.7594182247677171	0.10003232546664859	97.76159898297409	102.55979601854976	0.002412320044423009	1.0001046728611647
2.100469244154893	1.909278853310091	0.06660326652074944	0.7594182247677171	0.10003232546664859	97.76159898297409	102.55979601854976	0.002412320044423009	1.0001046728611647
2.100469244154893	1.909278853310091	0.06660326652074944	0.7594182247677171	0.10003193375692218	97.76159898297409	102.55979601854976	0.002412320044423009	1.0001046728611647
2.100469244154893	1.909278853310091	0.06660326652074944	0.7594182247677171	0.10003193375692218	97.76159898297409	102.55979601854976	0.002412320044423009	1.0001046728611647
2.100469244154893	1.9092737609956811	0.06660326652074944	0.7594182247677171	0.10003193375692218	97.76159898297409	102.55979601854976	0.002412320044423009	1.0001046728611647
2.100469244154893	1.9092737609956811	0.06660326652074944	0.7594182247677171	0.10003193375692218	97.76159898297409	102.55979601854976	0.002412320044423009	1.0001046728611647
2.100469244154893	1.9092737609956811	0.06660326652074944	0.7594182247677171	0.10003193375692218	97.76159898297409	102.55979601854976	0.002412320044423009	1.0001047004615078
2.100469244154893	1.9092737609956811	0.06660326652074944	0.7596155167168169	0.10003193375692218	97.76159898297409	102.55979601854976	0.002412320044423009	1.0001047004615078
2.100469244154893	1.9092737609956811	0.06660326652074944	0.7596155167168169	0.10003193375692218	97.76159898297409	102.55979601854976	0.002421978845214004	1.0001047004615078
2.100469244154893	1.9092737609956811	0.06660326652074944	0.7596155167168169	0.10003193375692218	97.76159898297409	102.55979601854976	0.002421978845214004	1.0001047004615078
2.100469244154893	1.9092737609956811	0.06660326652074944	0.7596155167168169	0.10003193375692218	97.76159898297409	102.55979601854976	0.002421978845214004	1.0001053437554384
2.100469244154893	1.9092737609956811	0.06660326652074944	0.7596155167168169	0.10003193375692218	97.76159898297409	102.49376275233705	0.002421978845214004	1.0001053437554384
2.100469244154893	1.9092737609956811	0.06660326652074944	0.7596155167168169	0.10003193375692218	97.75977547563072	102.49376275233705	0.002421978845214004	1.0001053437554384
2.100469244154893	1.9092737609956811	0.06660326652074944	0.7596155167168169	0.10003004380526997	97.75977547563072	102.49376275233705	0.002421978845214004	1.0001053437554384
2.100469244154893	1.9092737609956811	0.06660326652074944	0.7596155167168169	0.10003004380526997	97.75977547563072	102.49376275233705	0.002421978845214004	1.0001053437554384
2.100469244154893	1.9092737609956811	0.06660326652074944	0.7594955262571839	0.10003004380526997	97.75977547563072	102.49376275233705	0.002421978845214004	1.0001053437554384
2.100469244154893	1.9092737609956811	0.06660326652074944	0.7594955262571839	0.10003004380526997	97.75977547563072	102.49860176374783	0.002421978845214004	1.0001053437554384
2.100469244154893	1.9092737609956811	0.06660326652074944	0.7594955262571839	0.10003004380526997	97.75977547563072	102.49860176374783	0.002423848185532527	1.0001053437554384
2.100469244154893	1.9092737609956811	0.06660326652074944	0.7594955262571839	0.10003004380526997	97.75977547563072	102.49860176374783	0.002423848185532527	1.0001053437554384
2.100469244154893	1.9092737609956811	0.06660326652074944	0.7594686423267417	0.10003004380526997	97.75977547563072	102.49860176374783	0.002423848185532527	1.0001053437554384
2.100469244154893	1.9092737609956811	0.06660326652074944	0.7594686423267417	0.10003004380526997	97.75977547563072	102.49860176374783	0.002423848185532527	1.0001053437554384
2.100469244154893	1.9092737609956811	0.06660326652074944	0.7594686423267417	0.10003000654156677	97.75977547563072	102.49860176374783	0.002423848185532527	1.0001053437554384
2.100469244154893	1.9092737609956811	0.06660326652074944	0.7594686423267417	0.10003000654156677	97.75977547563072	102.49860176374783	0.002423848185532527	1.0001053437554384
2.100469244154893	1.9092737609956811	0.06660326652074944	0.7594686423267417	0.10003000654156677	97.75977547563072	102.49860176374783	0.0024238278422834833	1.0001053437554384
2.100469244154893	1.9092737609956811	0.06660326652074944	0.7594686423267417	0.10003000654156677	97.75977547563072	102.49860176374783	0.0024238278422834833	1.0001053437554384
2.100469244154893	1.9092737609956811	0.06660326652074944	0.7594686423267417	0.10003000654156677	97.75977547563072	102.49860176374783	0.0024238278422834833	1.0001053437554384
2.100469244154893	1.9092737609956811	0.06660326652074944	0.7594686423267417	0.10003000654156677	97.75977547563072	102.49860176374783	0.0024238278422834833	1.0001053437554384
2.100469244154893	1.9092737609956811	0.06660326652074944	0.7594686423267417	0.10003000654156677	97.75977547563072	102.57219474291205	0.0024238278422834833	1.0001053437554384
2.100469244154893	1.9092737609956811	0.06660326652074944	0.7594686423267417	0.10003000654156677	97.75977547563072	102.57219474291205	0.0024238278422834833	1.0001053437554384
2.100469244154893	1.9092737609956811	0.06660326652074944	0.7594686423267417	0.10003000654156677	97.75977547563072	102.57219474291205	0.0024238278422834833	1.0001053437554384
2.100469244154893	1.9092737609956811	0.06660326652074944	0.7594686423267417	0.10003000654156677	97.73800193868551	102.57219474291205	0.0024238278422834833	1.0001053437554384
2.100469244154893	1.9092737609956811	0.06660326652074944	0.7594686423267417	0.10003000654156677	97.73800193868551	102.57219474291205	0.0024238278422834833	1.0001053437554384
2.100469244154893	1.9092737609956811	0.06660326652074944	0.7594645985006641	0.10003000654156677	97.73800193868551	102.57219474291205	0.0024238278422834833	1.0001053437554384
2.100469244154893	1.9092737609956811	0.06660326652074944	0.7594645985006641	0.10003000654156677	97.73800193868551	102.57219474291205	0.0024238278422834833	1.0001053437554384
2.100469244154893	1.9092737609956811	0.06660326652074944	0.7594645985006641	0.10003000654156677	97.73800193868551	102.57219474291205	0.002419993659567465	1.0001053437554384
2.0993301065918293	1.9092737609956811	0.06660326652074944	0.7594645985006641	0.10003000654156677	97.73800193868551	102.57219474291205	0.002419993659567465	1.0001053437554384
2.0993301065918293	1.9092737609956811	0.06660326652074944	0.7594645985006641	0.10003000654156677	97.73800193868551	102.57219474291205	0.002419993659567465	1.0001053437554384
2.0993301065918293	1.9092737609956811	0.06660326652074944	0.7594645985006641	0.10003000654156677	97.73800193868551	104.98276729745426	0.002419993659567465	1.0001053437554384
2.0993301065918293	1.9092742838519114	0.06660326652074944	0.7594645985006641	0.10003000654156677	97.73800193868551	104.98276729745426	0.002419993659567465	1.0001053437554384
2.0993301065918293	1.9092742838519114	0.06660326652074944	0.7594645985006641	0.10003000654156677	97.73800193868551	104.98276729745426	0.002419993659567465	1.0001053437554384
2.0993301065918293	1.9092742838519114	0.06660326652074944	0.7594645985006641	0.10003000654156677	97.73800193868551	104.98276729745426	0.002419993659567465	1.000105535072573
2.0993301065918293	1.9092742838519114	0.06660326652074944	0.7594645985006641	0.10003000654156677	97.73800193868551	104.98276729745426	0.002419993659567465	1.000105535072573
2.0993301065918293	1.9092742838519114	0.06660326652074944	0.7594645985006641	0.10003027953930672	97.73800193868551	104.98276729745426	0.002419993659567465	1.000105535072573
2.0993301065918293	1.9091376118059051	0.06660326652074944	0.7594645985006641	0.10003027953930672	97.73800193868551	104.98276729745426	0.002419993659567465	1.000105535072573
2.0993301065918293	1.9091376118059051	0.06660326652074944	0.7594645985006641	0.10003027953930672	97.73800193868551	104.98276729745426	0.002419993659567465	1.0001054100780917
2.0993301065918293	1.9091376118059051	0.06660326652074944	0.7594645985006641	0.10003027953930672	97.73800193868551	104.98276729745426	0.002419993659567465	1.0001054100780917
2.0993301065918293	1.9091376118059051	0.06660326652074944	0.7594645985006641	0.10003027953930672	97.73800193868551	104.98276729745426	0.002419993659567465	1.0001054100780917
2.0993301065918293	1.9091376118059051	0.06660326652074944	0.7594645985006641	0.10003027953930672	97.73800193868551	104.98276729745426	0.002419993659567465	1.0001054100780917
2.0993301065918293	1.9091376118059051	0.06660326652074944	0.7594645985006641	0.10003027953930672	97.73800193868551	104.98276729745426	0.002419993659567465	1.0001053495966623
2.0993301065918293	1.9091376118059051	0.06660326652074944	0.7594645985006641	0.10003027953930672	97.73800193868551	104.98276729745426	0.002421083224934942	1.0001053495966623
2.0993301065918293	1.9091434252826698	0.06660326652074944	0.7594645985006641	0.10003027953930672	97.73800193868551	104.98276729745426	0.002421083224934942	1.0001053495966623
2.0993301065918293	1.9091434252826698	0.06660326652074944	0.7594645985006641	0.10003027953930672	97.73800193868551	104.98276729745426	0.002421083224934942	1.0001053495966623
2.0993301065918293	1.9091434252826698	0.06660326652074944	0.7594645985006641	0.10003027953930672	97.73800193868551	104.98276729745426	0.002421083224934942	1.000105279225226
2.0993301065918293	1.9091434252826698	0.06660326652074944	0.7594645985006641	0.10003027953930672	97.73854076782192	104.98276729745426	0.002421083224934942	1.000105279225226
2.0993301065918293	1.9091434252826698	0.06660326652074944	0.7594645985006641	0.10003027953930672	97.73854076782192	104.98276729745426	0.002421083224934942	1.0001066876851537
2.0993301065918293	1.9091434252826698	0.06660326652074944	0.7594645985006641	0.10003027953930672	97.73854076782192	104.98276729745426	0.002421083224934942	1.0001066876851537
2.0993301065918293	1.9091434252826698	0.06660326652074944	0.7594645985006641	0.10003027953930672	97.73854076782192	104.98276729745426	0.002421083224934942	1.0001066876851537
2.0993301065918293	1.909139453369779	0.06660326652074944	0.7594645985006641	0.10003027953930672	97.73854076782192	104.98276729745426	0.002421083224934942	1.0001066876851537
2.0992150385702972	1.909139453369779	0.06660326652074944	0.7594645985006641	0.10003027953930672	97.73854076782192	104.98276729745426	0.002421083224934942	1.0001066876851537
2.099101511488844	1.909139453369779	0.06660326652074944	0.7594645985006641	0.10003027953930672	97.73854076782192	104.98276729745426	0.002421083224934942	1.0001066876851537
2.099101511488844	1.909139453369779	0.06660326652074944	0.7594645985006641	0.10003027953930672	97.7298088000704	104.98276729745426	0.002421083224934942	1.0001066876851537
2.099101511488844	1.909139453369779	0.06660326652074944	0.7594645985006641	0.10003027953930672	97.7298088000704	104.98276729745426	0.002421083224934942	1.0001069555581448
2.099101511488844	1.909139453369779	0.06660326652074944	0.7594645985006641	0.10003027953930672	97.7298088000704	104.98276729745426	0.002421083224934942	1.0001069555581448
2.099101511488844	1.909139453369779	0.06660326652074944	0.7594645985006641	0.10003027953930672	97.7298088000704	104.98276729745426	0.0024489370132610485	1.0001069555581448
2.099101511488844	1.909139453369779	0.06660326652074944	0.7594645985006641	0.10003027953930672	97.7298088000704	104.98276729745426	0.0024489370132610485	1.0001069555581448
2.099101511488844	1.909139453369779	0.06660326652074944	0.7594645985006641	0.10003027953930672	97.7298088000704	104.98276729745426	0.0024489370132610485	1.0001069555581448
2.100766906071053	1.909139453369779	0.06660326652074944	0.7594645985006641	0.10003027953930672	97.7298088000704	104.98276729745426	0.0024489370132610485	1.0001069555581448
2.100766906071053	1.909139453369779	0.06660326652074944	0.7594645985006641	0.10003027953930672	97.7298088000704	104.98276729745426	0.0024489370132610485	1.0001069555581448
2.100766906071053	1.909139453369779	0.06660326652074944	0.7594645985006641	0.10003027953930672	97.72946727758963	104.98276729745426	0.0024489370132610485	1.0001069555581448
2.100765361126433	1.909139453369779	0.06660326652074944	0.7594645985006641	0.10003027953930672	97.72946727758963	104.98276729745426	0.0024489370132610485	1.0001069555581448
2.100765361126433	1.909139453369779	0.06660326652074944	0.7594645985006641	0.10003027953930672	97.72946727758963	104.98276729745426	0.0024489370132610485	1.0001069555581448
2.100765361126433	1.909139453369779	0.06660326652074944	0.7594645985006641	0.10003027953930672	97.72946727758963	104.98276729745426	0.0024489370132610485	1.0001069555581448
2.100765361126433	1.909139453369779	0.06660326652074944	0.7594645985006641	0.10003027953930672	97.72946727758963	104.98276729745426	0.0024489370132610485	1.0001069555581448
2.100723148922789	1.909139453369779	0.06660326652074944	0.7594645985006641	0.10003027953930672	97.72946727758963	104.98276729745426	0.0024489370132610485	1.0001069555581448
2.100723148922789	1.9089259514509629	0.06660326652074944	0.7594645985006641	0.10003027953930672	97.72946727758963	104.98276729745426	0.0024489370132610485	1.0001069555581448
2.100723148922789	1.9089263117328927	0.06660326652074944	0.7594645985006641	0.10003027953930672	97.72946727758963	104.98276729745426	0.0024489370132610485	1.0001069555581448
2.100723148922789	1.9089263117328927	0.06660326652074944	0.7594645985006641	0.10003027953930672	97.72946727758963	104.98276729745426	0.0024489370132610485	1.0001069555581448
2.100723148922789	1.9089263117328927	0.06652187492161078	0.7594645985006641	0.10003027953930672	97.72946727758963	104.98276729745426	0.0024489370132610485	1.0001069555581448
2.1007242943191877	1.9089263117328927	0.06652187492161078	0.7594645985006641	0.10003027953930672	97.72946727758963	104.98276729745426	0.0024489370132610485	1.0001069555581448
2.1007242943191877	1.9089263117328927	0.06652187492161078	0.7594645985006641	0.10003027953930672	97.72946727758963	104.98276729745426	0.0024323460380159512	1.0001069555581448
2.1007242943191877	1.9089263117328927	0.06652187492161078	0.7594645985006641	0.10003027953930672	97.72946727758963	104.98237441376503	0.0024323460380159512	1.0001069555581448
2.1007242943191877	1.9093564963271101	0.06652187492161078	0.7594645985006641	0.10003027953930672	97.72946727758963	104.98237441376503	0.0024323460380159512	1.0001069555581448
2.1007242943191877	1.9093564963271101	0.06652187492161078	0.7594645985006641	0.10003027953930672	97.72946727758963	104.98237441376503	0.0024323460380159512	1.0001069555581448
2.1007242943191877	1.9093564963271101	0.06652187492161078	0.7594645985006641	0.10003027953930672	97.72946727758963	104.98237441376503	0.0024323460380159512	1.0001068873917545
2.1007242943191877	1.9093564963271101	0.06652187492161078	0.7594645985006641	0.10003027953930672	97.72946727758963	104.98237441376503	0.0024323460380159512	1.0001068873917545
2.1007242943191877	1.9093564963271101	0.06652187492161078	0.7594645985006641	0.10066719427336739	97.72946727758963	104.98237441376503	0.0024323460380159512	1.0001068873917545
2.1007242943191877	1.9093564963271101	0.06652187492161078	0.7594501733211827	0.10066719427336739	97.72946727758963	104.98237441376503	0.0024323460380159512	1.0001068873917545
2.1007242943191877	1.9093564963271101	0.06652187492161078	0.7594501733211827	0.10066719427336739	97.72946727758963	104.98237441376503	0.0024323460380159512	1.0001068873917545
2.1007242943191877	1.9093564963271101	0.06652187492161078	0.7594501733211827	0.10066719427336739	97.72946727758963	104.98237441376503	0.0024323460380159512	1.0001068873917545
2.1007242943191877	1.9093564963271101	0.06652187492161078	0.7594501733211827	0.10066733450607358	97.72946727758963	104.98237441376503	0.0024323460380159512	1.0001068873917545
2.1007242943191877	1.9093564963271101	0.06652187492161078	0.7594501733211827	0.10066733450607358	97.73127601905138	104.98237441376503	0.0024323460380159512	1.0001068873917545
2.1007242943191877	1.9093564963271101	0.06652187492161078	0.7594501733211827	0.10066733450607358	97.73127601905138	104.98237441376503	0.0024323460380159512	1.0001068873917545
2.1007090222348164	1.9093564963271101	0.06652187492161078	0.7594501733211827	0.10066733450607358	97.73127601905138	104.98237441376503	0.0024323460380159512	1.0001068873917545
2.1007090222348164	1.9093564963271101	0.06652187492161078	0.7594501733211827	0.10066733450607358	97.73127601905138	104.98237441376503	0.0024323460380159512	1.0001068873917545
2.1007090222348164	1.909265828934248	0.06652187492161078	0.7594501733211827	0.10066733450607358	97.73127601905138	104.98237441376503	0.0024323460380159512	1.0001068873917545
2.1007090222348164	1.909265828934248	0.06652187492161078	0.7594501733211827	0.10066733450607358	97.73127601905138	104.98237441376503	0.0024323460380159512	1.0001068873917545
2.1007090222348164	1.909265828934248	0.06652187492161078	0.7594501733211827	0.10066733450607358	97.73127601905138	104.98237441376503	0.0024323460380159512	1.0001068873917545
2.1007090222348164	1.909254529685831	0.06652187492161078	0.7594501733211827	0.10066733450607358	97.73127601905138	104.98237441376503	0.0024323460380159512	1.0001068873917545
2.1007090222348164	1.9093403563575586	0.06652187492161078	0.7594501733211827	0.10066733450607358	97.73127601905138	104.98237441376503	0.0024323460380159512	1.0001068873917545
2.1007090222348164	1.9093403563575586	0.06652187492161078	0.7594627540733682	0.10066733450607358	97.73127601905138	104.98237441376503	0.0024323460380159512	1.0001068873917545
2.1007090222348164	1.9093403563575586	0.06652187492161078	0.7594627540733682	0.10066733450607358	97.73127601905138	104.98237441376503	0.0024323460380159512	1.0001068873917545
2.1007090222348164	1.9093403563575586	0.06652187492161078	0.7594627540733682	0.10066733450607358	97.73127601905138	104.98237441376503	0.0024323460380159512	1.0001068873917545
2.1007090222348164	1.9093403563575586	0.06652187492161078	0.7594627540733682	0.10066733450607358	97.73127601905138	104.98237441376503	0.0024323460380159512	1.0001068873917545
2.1007090222348164	1.9093403563575586	0.06652187492161078	0.7594627540733682	0.10066733450607358	97.73127601905138	104.98237441376503	0.0024323460380159512	1.0001068873917545
2.1007090222348164	1.9093403563575586	0.06652187492161078	0.7594627540733682	0.10066733450607358	97.73127601905138	104.98237441376503	0.0024323460380159512	1.0001068873917545
2.1007090222348164	1.9093403563575586	0.06652187492161078	0.7594627540733682	0.10066733450607358	97.73127601905138	104.98130402806784	0.0024323460380159512	1.0001068873917545
2.1007090222348164	1.9093403563575586	0.06652187492161078	0.7594627540733682	0.10066733450607358	97.73127601905138	104.98130402806784	0.0024323460380159512	1.0001068873917545
2.1007090222348164	1.9093403563575586	0.06652187492161078	0.7594627540733682	0.10066733450607358	97.73127601905138	104.98130402806784	0.0024323460380159512	1.0001068873917545
2.1007090222348164	1.9093403563575586	0.06652187492161078	0.7594627540733682	0.10066733450607358	97.73127601905138	104.98130402806784	0.0024323460380159512	1.0001068873917545
2.1007090222348164	1.9093403563575586	0.06650347950408673	0.7594627540733682	0.10066733450607358	97.73127601905138	104.98130402806784	0.0024323460380159512	1.0001068873917545
2.1007090222348164	1.9093403563575586	0.06649944197618571	0.7594627540733682	0.10066733450607358	97.73127601905138	104.98130402806784	0.0024323460380159512	1.0001068873917545
2.1007090222348164	1.9093403563575586	0.06649944197618571	0.7594627540733682	0.10066728244380897	97.73127601905138	104.98130402806784	0.0024323460380159512	1.0001068873917545
2.1007090222348164	1.9093403563575586	0.06649944197618571	0.7594627540733682	0.1006667698262752	97.73127601905138	104.98130402806784	0.0024323460380159512	1.0001068873917545
2.1007090222348164	1.9093403563575586	0.06649944197618571	0.7594627540733682	0.1006667698262752	97.73127601905138	104.97224915830299	0.0024323460380159512	1.0001068873917545
2.1007090222348164	1.9093403563575586	0.06649944197618571	0.7594627540733682	0.1006667698262752	97.73127601905138	104.97224915830299	0.0024323460380159512	1.0001068873917545
2.1007090222348164	1.9093403563575586	0.06649944197618571	0.7594627540733682	0.1006667698262752	97.73127601905138	104.97224915830299	0.0024323460380159512	1.0001068873917545
2.1007090222348164	1.9093403563575586	0.06650436440840614	0.7594627540733682	0.1006667698262752	97.73127601905138	104.97224915830299	0.0024323460380159512	1.0001068873917545
2.1007090222348164	1.9093403563575586	0.06650436440840614	0.7594627540733682	0.1006667698262752	97.73127601905138	104.97224915830299	0.002432243085683275	1.0001068873917545
2.1007090222348164	1.9093403563575586	0.06650436440840614	0.7594627540733682	0.1006667698262752	97.73127601905138	104.97224915830299	0.002432243085683275	1.0001068873917545
2.1007090222348164	1.9093403563575586	0.06650436440840614	0.7594515083977633	0.1006667698262752	97.73127601905138	104.97224915830299	0.002432243085683275	1.0001068873917545
2.1007090222348164	1.9093403563575586	0.06650436440840614	0.7594515083977633	0.1006667698262752	97.73127601905138	104.97224915830299	0.002426078363232151	1.0001068873917545
2.1007090222348164	1.9093403563575586	0.06650436440840614	0.7594515083977633	0.1006667698262752	97.73127601905138	104.97224915830299	0.0024262267345292457	1.0001068873917545
2.1007090222348164	1.9093403563575586	0.06650436440840614	0.7594453232183164	0.1006667698262752	97.73127601905138	104.97224915830299	0.0024262267345292457	1.0001068873917545
2.1007090222348164	1.9093399737606578	0.06650436440840614	0.7594453232183164	0.1006667698262752	97.73127601905138	104.97224915830299	0.0024262267345292457	1.0001068873917545
2.1007090222348164	1.9093399737606578	0.06650436440840614	0.7594453232183164	0.1006667698262752	97.73127601905138	104.97221488914151	0.0024262267345292457	1.0001068873917545
2.1007090222348164	1.9093399737606578	0.06650436440840614	0.7594453232183164	0.1006667698262752	97.73127601905138	104.97221488914151	0.0024769954302137813	1.0001068873917545
2.1007090222348164	1.9093399737606578	0.06650436440840614	0.7594453232183164	0.1006667698262752	97.73127601905138	104.97221488914151	0.0024769954302137813	1.0001068873917545
2.1007090222348164	1.9093399737606578	0.06650436440840614	0.7594453232183164	0.1006667698262752	97.7312931524943	104.97221488914151	0.0024769954302137813	1.0001068873917545
2.1007090222348164	1.9093399737606578	0.06650436440840614	0.7594453232183164	0.1006667698262752	97.7312931524943	104.97221488914151	0.0024769954302137813	1.0001068873917545
2.1007090222348164	1.9093399737606578	0.06650778270464294	0.7594453232183164	0.1006667698262752	97.7312931524943	104.97221488914151	0.0024769954302137813	1.0001068873917545
2.1007090222348164	1.9093399737606578	0.06650778270464294	0.7594453232183164	0.1006667698262752	97.7312931524943	104.97221488914151	0.002476872406181219	1.0001068873917545
2.1007090222348164	1.9093399737606578	0.06650778270464294	0.759456717282874	0.1006667698262752	97.7312931524943	104.97221488914151	0.002476872406181219	1.0001068873917545
2.1007090222348164	1.9093399737606578	0.06650778270464294	0.759456717282874	0.10066674167119685	97.7312931524943	104.97221488914151	0.002476872406181219	1.0001068873917545
2.1007090222348164	1.9093399737606578	0.06650778270464294	0.759456717282874	0.1006661817587772	97.7312931524943	104.97221488914151	0.002476872406181219	1.0001068873917545
2.1007090222348164	1.9093399737606578	0.06650778270464294	0.759456717282874	0.1006661817587772	97.7312931524943	104.97221488914151	0.0024161736528257585	1.0001068873917545
2.1007090222348164	1.9093399737606578	0.06650778270464294	0.759456717282874	0.1006661817587772	97.7312931524943	104.97221488914151	0.0024161736528257585	1.0001068873917545
2.1007090222348164	1.9093399737606578	0.06650778270464294	0.759456717282874	0.1006661817587772	97.7312931524943	104.97221488914151	0.0024161736528257585	1.0001068873917545
2.100705900608485	1.9093399737606578	0.06650778270464294	0.759456717282874	0.1006661817587772	97.7312931524943	104.97221488914151	0.0024161736528257585	1.0001068873917545
2.100705900608485	1.9093399737606578	0.06650778270464294	0.759456717282874	0.1006661817587772	97.7312931524943	104.97221488914151	0.0024161736528257585	1.0001068873917545
2.100705900608485	1.9093399737606578	0.06650778270464294	0.759456717282874	0.1006661817587772	97.7312931524943	104.97221488914151	0.0024161736528257585	1.0001068873917545
2.100705900608485	1.9093399737606578	0.06650861220544199	0.759456717282874	0.1006661817587772	97.7312931524943	104.97221488914151	0.0024161736528257585	1.0001068873917545
2.100705900608485	1.9093364526323067	0.06650861220544199	0.759456717282874	0.1006661817587772	97.7312931524943	104.97221488914151	0.0024161736528257585	1.0001068873917545
2.100705900608485	1.9093364526323067	0.06650861220544199	0.759456717282874	0.1006661817587772	97.7312931524943	104.97221488914151	0.0024161736528257585	1.0001068873917545
2.100705900608485	1.9093364526323067	0.06650861220544199	0.759456717282874	0.1006661817587772	97.7312931524943	104.97221488914151	0.0024161736528257585	1.0001068873917545
2.1006961228207497	1.9093364526323067	0.06650861220544199	0.759456717282874	0.1006661817587772	97.7312931524943	104.97221488914151	0.0024161736528257585	1.0001068873917545
2.1006961228207497	1.9093364526323067	0.06650861220544199	0.759456717282874	0.1006661817587772	97.7312931524943	104.97221488914151	0.0024161736528257585	1.0001068873917545
2.1006961228207497	1.9093364526323067	0.06650861220544199	0.759456717282874	0.1006661817587772	97.7312931524943	104.97221488914151	0.0024161736528257585	1.0001068873917545
2.1006961228207497	1.9093364526323067	0.06650861220544199	0.759456717282874	0.1006661817587772	97.7312931524943	104.97107525350452	0.0024161736528257585	1.0001068873917545
2.1006961228207497	1.9093364526323067	0.06643218592484583	0.759456717282874	0.1006661817587772	97.7312931524943	104.97107525350452	0.0024161736528257585	1.0001068873917545
2.1006961228207497	1.9093364526323067	0.06643218592484583	0.759456717282874	0.1006661817587772	97.7312931524943	104.97107525350452	0.0024161736528257585	1.0001161437112607
2.1006961228207497	1.9093364526323067	0.06643218592484583	0.759456717282874	0.1006661817587772	97.7312931524943	104.97107525350452	0.0024161736528257585	1.0001161437112607
2.1004694995962256	1.9093364526323067	0.06643218592484583	0.759456717282874	0.1006661817587772	97.7312931524943	104.97107525350452	0.0024161736528257585	1.0001161437112607
2.1004694995962256	1.9093364526323067	0.06643218592484583	0.759456717282874	0.1006661817587772	97.7312931524943	104.97107525350452	0.0024161736528257585	1.0001161437112607
2.1004694995962256	1.9093340792560998	0.06643218592484583	0.759456717282874	0.1006661817587772	97.7312931524943	104.97107525350452	0.0024161736528257585	1.0001161437112607
2.1004694995962256	1.9093340792560998	0.06643218592484583	0.759456717282874	0.1006661817587772	97.7312931524943	104.42892221929311	0.0024161736528257585	1.0001161437112607
2.1004694995962256	1.9093340792560998	0.06643218592484583	0.7594346918537803	0.1006661817587772	97.7312931524943	104.42892221929311	0.0024161736528257585	1.0001161437112607
2.1004694995962256	1.9093624152448134	0.06643218592484583	0.7594346918537803	0.1006661817587772	97.7312931524943	104.42892221929311	0.0024161736528257585	1.0001161437112607
2.1004694995962256	1.9093624152448134	0.06643218592484583	0.7594346918537803	0.1006661817587772	97.7312931524943	104.42892221929311	0.0024161736528257585	1.0001161437112607
2.100473313629134	1.9093624152448134	0.06643218592484583	0.7594346918537803	0.1006661817587772	97.7312931524943	104.42892221929311	0.0024161736528257585	1.0001161437112607
2.100473313629134	1.9099700333518137	0.06643218592484583	0.7594346918537803	0.1006661817587772	97.7312931524943	104.42892221929311	0.0024161736528257585	1.0001161437112607
2.100473313629134	1.9099700333518137	0.06643218592484583	0.7594346918537803	0.1006661817587772	97.7312931524943	104.42892221929311	0.0024161736528257585	1.0001161437112607
2.100473313629134	1.9099700333518137	0.06643218592484583	0.7594346918537803	0.1006661817587772	97.7312931524943	104.42892221929311	0.0024161317678723336	1.0001161437112607
2.100473313629134	1.9099700333518137	0.06643218592484583	0.7594346918537803	0.1006661817587772	97.7312931524943	104.42892221929311	0.0024163233379128563	1.0001161437112607
2.100473313629134	1.9099700333518137	0.06644415578922301	0.7594346918537803	0.1006661817587772	97.7312931524943	104.42892221929311	0.0024163233379128563	1.0001161437112607
2.100473313629134	1.9099700333518137	0.06644415578922301	0.7594346918537803	0.10008924981404932	97.7312931524943	104.42892221929311	0.0024163233379128563	1.0001161437112607
2.100473313629134	1.9099700333518137	0.06644415578922301	0.7594346918537803	0.10008924981404932	97.7312931524943	104.42892221929311	0.0024163233379128563	1.000116892439813
2.1007992258862918	1.9099700333518137	0.06644415578922301	0.7594346918537803	0.10008924981404932	97.7312931524943	104.42892221929311	0.0024163233379128563	1.000116892439813
2.1007992258862918	1.9099700333518137	0.06644415578922301	0.7594346918537803	0.10008924981404932	97.7312931524943	104.42892221929311	0.0024163510990962474	1.000116892439813
2.1007992258862918	1.9099700333518137	0.06644415578922301	0.7594346918537803	0.10008924981404932	97.7312931524943	107.34189312405911	0.0024163510990962474	1.000116892439813
2.1007992258862918	1.9099700333518137	0.06644415578922301	0.7594346918537803	0.10008924981404932	97.7312931524943	107.34189312405911	0.0024163510990962474	1.000116892439813
2.1007992258862918	1.9099700333518137	0.06644415578922301	0.7594346918537803	0.10008924981404932	97.7312931524943	107.34189312405911	0.0024163510990962474	1.000116892439813
2.1006652496154747	1.9099700333518137	0.06644415578922301	0.7594346918537803	0.10008924981404932	97.7312931524943	107.34189312405911	0.0024163510990962474	1.000116892439813
2.1006652496154747	1.9099700333518137	0.06644415578922301	0.7594346918537803	0.10008924981404932	97.7312931524943	107.34189312405911	0.0024163510990962474	1.000116892439813
2.1006652496154747	1.9099700333518137	0.06644415578922301	0.7594346918537803	0.10008924981404932	97.7312931524943	107.34189312405911	0.0024163510990962474	1.000116892439813
2.1006652496154747	1.9099700333518137	0.06644415578922301	0.7594346918537803	0.10009576748096136	97.7312931524943	107.34189312405911	0.0024163510990962474	1.000116892439813
2.1006652496154747	1.9099700333518137	0.06644415578922301	0.7594346918537803	0.10009576748096136	97.7312931524943	107.34189312405911	0.0024163510990962474	1.000116892439813
2.1006652496154747	1.9099700333518137	0.06644415578922301	0.7594346918537803	0.10009576748096136	97.7312931524943	107.34189312405911	0.0024163510990962474	1.000116892439813
2.1006652496154747	1.9099700333518137	0.06644415578922301	0.7594346918537803	0.10009576748096136	97.73108927687755	107.34189312405911	0.0024163510990962474	1.000116892439813
2.1006652496154747	1.9099700333518137	0.06644415578922301	0.7594346918537803	0.10009576748096136	97.73108927687755	107.34189312405911	0.0024163510990962474	1.000116892439813
2.1006652496154747	1.909970681086752	0.06644415578922301	0.7594346918537803	0.10009576748096136	97.73108927687755	107.34189312405911	0.0024163510990962474	1.000116892439813
2.1006652496154747	1.909970681086752	0.06644415578922301	0.7594346918537803	0.10009576748096136	97.73108927687755	107.34189312405911	0.0024163510990962474	1.000116892439813
2.1006652496154747	1.909970681086752	0.06644415578922301	0.7594346918537803	0.10009576748096136	97.73108927687755	107.34214287405366	0.0024163510990962474	1.000116892439813
2.1006652496154747	1.909970681086752	0.06644415578922301	0.7594346918537803	0.10009576748096136	97.7317769661959	107.34214287405366	0.0024163510990962474	1.000116892439813
2.1006652496154747	1.909970681086752	0.06644415578922301	0.7594346918537803	0.10009576748096136	97.7317769661959	107.34214287405366	0.0024164912051505417	1.000116892439813
2.1006652496154747	1.909970681086752	0.06644415578922301	0.7594346918537803	0.10009627804793313	97.7317769661959	107.34214287405366	0.0024164912051505417	1.000116892439813
2.1006652496154747	1.909970681086752	0.06644415578922301	0.7594346918537803	0.10009620791055517	97.7317769661959	107.34214287405366	0.0024164912051505417	1.000116892439813
2.1006652496154747	1.909970681086752	0.06644415578922301	0.7594346918537803	0.10009620791055517	97.7317769661959	107.34214287405366	0.0024164912051505417	1.000116892439813
2.1006652496154747	1.909970681086752	0.06644415578922301	0.7594346918537803	0.10009620791055517	97.7317769661959	107.34214287405366	0.002415650717322493	1.000116892439813
2.1006607253652785	1.909970681086752	0.06644415578922301	0.7594346918537803	0.10009620791055517	97.7317769661959	107.34214287405366	0.002415650717322493	1.000116892439813
2.1006607253652785	1.909970681086752	0.06644415578922301	0.7594346918537803	0.10009620791055517	97.7317769661959	107.34214287405366	0.002415650717322493	1.000116892439813
2.1006607253652785	1.909970681086752	0.06640266204542745	0.7594346918537803	0.10009620791055517	97.7317769661959	107.34214287405366	0.002415650717322493	1.000116892439813
2.1006607253652785	1.909970681086752	0.06639743024022216	0.7594346918537803	0.10009620791055517	97.7317769661959	107.34214287405366	0.002415650717322493	1.000116892439813
2.1006607253652785	1.909970681086752	0.06639743024022216	0.7594346918537803	0.10009620791055517	97.7317769661959	107.34214287405366	0.002415650717322493	1.000116892439813
2.1006607253652785	1.909970681086752	0.06639743024022216	0.7594346918537803	0.10009620791055517	97.7317769661959	107.34214287405366	0.002415650717322493	1.000116892439813
2.1006607253652785	1.909970681086752	0.06639743024022216	0.7594346918537803	0.10009620791055517	97.7317769661959	107.34214287405366	0.002415650717322493	1.000115155051624
2.1006607253652785	1.909970681086752	0.06639743024022216	0.7597653677497203	0.10009620791055517	97.7317769661959	107.34214287405366	0.002415650717322493	1.000115155051624
2.1006607253652785	1.909970681086752	0.06639743024022216	0.7597653677497203	0.10009620791055517	97.7317769661959	107.34214287405366	0.002415650717322493	1.000115155051624
2.1006607253652785	1.909970681086752	0.06639743024022216	0.7597653677497203	0.10009620791055517	97.7317769661959	107.34214287405366	0.0024155478654989317	1.000115155051624
2.1006607253652785	1.909970681086752	0.06639743024022216	0.7597653677497203	0.10009620791055517	97.73189045981091	107.34214287405366	0.0024155478654989317	1.000115155051624
2.1006607253652785	1.909970681086752	0.06639743024022216	0.7597653677497203	0.10009593308144252	97.73189045981091	107.34214287405366	0.0024155478654989317	1.000115155051624
2.1006607253652785	1.9099707670939283	0.06639743024022216	0.7597653677497203	0.10009593308144252	97.73189045981091	107.34214287405366	0.0024155478654989317	1.000115155051624
2.1006607253652785	1.9099707670939283	0.06639743024022216	0.7597653677497203	0.10009593308144252	97.73189045981091	107.92317195060625	0.0024155478654989317	1.000115155051624
2.1006607253652785	1.9099707670939283	0.06639743024022216	0.7597360541853669	0.10009593308144252	97.73189045981091	107.92317195060625	0.0024155478654989317	1.000115155051624
2.1006607253652785	1.9099707670939283	0.06639743024022216	0.7597360541853669	0.10009593308144252	97.73189045981091	107.92317195060625	0.0024155478654989317	1.000115155051624
2.1006607253652785	1.910170371830248	0.06639743024022216	0.7597360541853669	0.10009593308144252	97.73189045981091	107.92317195060625	0.0024155478654989317	1.000115155051624
2.1006607253652785	1.910170371830248	0.06639743024022216	0.7597831057386405	0.10009593308144252	97.73189045981091	107.92317195060625	0.0024155478654989317	1.000115155051624
2.1006607253652785	1.910170371830248	0.06639743024022216	0.7597831057386405	0.10009593308144252	97.73189045981091	107.92317195060625	0.0024155478654989317	1.000115155051624
2.1006607253652785	1.910170371830248	0.06639743024022216	0.7597831057386405	0.10009593308144252	97.73174752926828	107.92317195060625	0.0024155478654989317	1.000115155051624
2.1006607253652785	1.910170371830248	0.06639743024022216	0.7597831057386405	0.10009593308144252	97.73174752926828	106.99095505815696	0.0024155478654989317	1.000115155051624
2.1006607253652785	1.910170371830248	0.06639743024022216	0.7597831057386405	0.10009593308144252	97.73174752926828	106.99095505815696	0.0024155478654989317	1.000115155051624
2.100662323136821	1.910170371830248	0.06639743024022216	0.7597831057386405	0.10009593308144252	97.73174752926828	106.99095505815696	0.0024155478654989317	1.000115155051624
2.100662323136821	1.910170371830248	0.06639743024022216	0.7597831057386405	0.10009593308144252	97.73174752926828	106.99095505815696	0.0024155478654989317	1.000115155051624
2.100662323136821	1.910170371830248	0.06639743024022216	0.7597831057386405	0.10009591827161153	97.73174752926828	106.99095505815696	0.0024155478654989317	1.000115155051624
2.100662323136821	1.910170371830248	0.06639743024022216	0.7597831057386405	0.10009591827161153	97.73174752926828	106.99095505815696	0.0024155478654989317	1.000115155051624
2.100662323136821	1.910170371830248	0.06639743024022216	0.7597831057386405	0.10009591827161153	97.73174752926828	106.99095505815696	0.0024155478654989317	1.000115155051624
2.100662323136821	1.910170371830248	0.06639651817488056	0.7597831057386405	0.10009591827161153	97.73174752926828	106.99095505815696	0.0024155478654989317	1.000115155051624
2.100662323136821	1.910170371830248	0.06639651817488056	0.7597831057386405	0.10009591827161153	97.73174752926828	106.99095505815696	0.0024155478654989317	1.000101532200437
2.100662323136821	1.910170371830248	0.06639651817488056	0.7597768467484804	0.10009591827161153	97.73174752926828	106.99095505815696	0.0024155478654989317	1.000101532200437
2.100662323136821	1.910170371830248	0.06639651817488056	0.7597768467484804	0.10009591827161153	97.73174752926828	106.99095505815696	0.0024155478654989317	1.000101532200437
2.100662323136821	1.910170371830248	0.06639651817488056	0.7597768467484804	0.10009591827161153	97.73174752926828	106.98510945215855	0.0024155478654989317	1.000101532200437
2.100660602071389	1.910170371830248	0.06639651817488056	0.7597768467484804	0.10009591827161153	97.73174752926828	106.98510945215855	0.0024155478654989317	1.000101532200437
2.100660602071389	1.910170371830248	0.06639651817488056	0.7597768467484804	0.10009591827161153	97.73174752926828	106.98510945215855	0.0024155478654989317	1.000101532200437
2.100660602071389	1.910170371830248	0.06639651817488056	0.7597768467484804	0.10009591827161153	97.73174752926828	106.98510945215855	0.0024155478654989317	1.000101532200437
2.100660602071389	1.910170371830248	0.06639651817488056	0.7597768467484804	0.10009591827161153	97.73174752926828	106.98510945215855	0.0024155478654989317	1.000101532200437
2.100660602071389	1.910170371830248	0.06639651817488056	0.7597768467484804	0.10009591827161153	97.73174752926828	106.98510945215855	0.0024155478654989317	1.000101532200437
2.100660602071389	1.910170371830248	0.06639843426402532	0.7597768467484804	0.10009591827161153	97.73174752926828	106.98510945215855	0.0024155478654989317	1.000101532200437
2.100660602071389	1.910170371830248	0.06639843426402532	0.7597768467484804	0.10009480659777979	97.73174752926828	106.98510945215855	0.0024155478654989317	1.000101532200437
2.100660602071389	1.910170371830248	0.06639843426402532	0.7597768467484804	0.10009480659777979	97.73174752926828	106.98510945215855	0.0024137081296834967	1.000101532200437
2.100660602071389	1.9099873369733618	0.06639843426402532	0.7597768467484804	0.10009480659777979	97.73174752926828	106.98510945215855	0.0024137081296834967	1.000101532200437
2.100660602071389	1.9099864830424778	0.06639843426402532	0.7597768467484804	0.10009480659777979	97.73174752926828	106.98510945215855	0.0024137081296834967	1.000101532200437
2.100660602071389	1.9099864830424778	0.06639843426402532	0.7597768467484804	0.10009480659777979	97.73174752926828	106.99087236354099	0.0024137081296834967	1.000101532200437
2.100660602071389	1.9099864830424778	0.06639843426402532	0.7597768467484804	0.10009480659777979	97.73174752926828	106.99087236354099	0.0024137081296834967	1.0000998761098068
2.100660602071389	1.9099864830424778	0.06639843426402532	0.7597768467484804	0.10009480659777979	97.73174752926828	106.99087236354099	0.0024137081296834967	1.0000998761098068
2.100660602071389	1.9099864830424778	0.06639843426402532	0.7597768467484804	0.10009480659777979	97.73174752926828	106.99087236354099	0.0024137081296834967	1.0000998761098068
