2.2497887598710102	1.895840664319144	0.06637408472674693	0.736533725432962	0.1012015387315239	99.09200437483018	101.19921850093547	0.0025188420142216415	1.00009411936879
2.2497887598710102	1.895840664319144	0.06637408472674693	0.736533725432962	0.1012015387315239	99.09200437483018	101.19921850093547	0.0025188420142216415	1.00009411936879
2.2497887598710102	1.895840664319144	0.06637408472674693	0.736533725432962	0.10120147342282212	99.09200437483018	101.19921850093547	0.0025188420142216415	1.00009411936879
2.2497887598710102	1.895840664319144	0.06637408472674693	0.736533725432962	0.10120147342282212	99.09200437483018	101.19921850093547	0.0025188420142216415	1.00009411936879
2.2497887598710102	1.895840664319144	0.06637408472674693	0.736533725432962	0.10120144766272614	99.09200437483018	101.19921850093547	0.0025188420142216415	1.00009411936879
2.2499719877342446	1.895840664319144	0.06637408472674693	0.736533725432962	0.10120144766272614	99.09200437483018	101.19921850093547	0.0025188420142216415	1.00009411936879
2.2499719877342446	1.8958312840404967	0.06637408472674693	0.736533725432962	0.10120144766272614	99.09200437483018	101.19921850093547	0.0025188420142216415	1.00009411936879
2.2499719877342446	1.8958312840404967	0.06637408472674693	0.736533725432962	0.10120144766272614	99.09200437483018	101.19921850093547	0.0025188420142216415	1.00009411936879
2.2499719877342446	1.8958312840404967	0.06637408472674693	0.736533725432962	0.10120144766272614	99.09200437483018	101.19921850093547	0.0025188420142216415	1.00009411936879
2.2499719877342446	1.8958312840404967	0.06637408472674693	0.736533725432962	0.10120144766272614	99.09200437483018	101.19921850093547	0.002521552235801985	1.00009411936879
2.2499719877342446	1.8958312840404967	0.06637408472674693	0.736533725432962	0.10120144766272614	99.09200437483018	101.19921850093547	0.002521552235801985	1.00009411936879
2.2499719877342446	1.8958312840404967	0.06637408472674693	0.736533725432962	0.10120144766272614	99.09200437483018	101.19921850093547	0.0024912276231646136	1.00009411936879
2.2499719877342446	1.8958312840404967	0.06637408472674693	0.736533725432962	0.10120144766272614	99.09200437483018	101.19921850093547	0.0024912276231646136	1.00009411936879
2.2499719877342446	1.8958312840404967	0.06637408472674693	0.736533725432962	0.10120146125557923	99.09200437483018	101.19921850093547	0.0024912276231646136	1.00009411936879
2.2499719877342446	1.8958312840404967	0.06635571695401032	0.736533725432962	0.10120146125557923	99.09200437483018	101.19921850093547	0.0024912276231646136	1.00009411936879
2.2499719877342446	1.8958312840404967	0.06635571695401032	0.736533725432962	0.10120146125557923	99.09200437483018	101.19921850093547	0.0024912276231646136	1.00009411936879
2.2499719877342446	1.8958312840404967	0.06635571695401032	0.736533725432962	0.10120146125557923	99.09193898889002	101.19921850093547	0.0024912276231646136	1.00009411936879
2.2499719877342446	1.8958312840404967	0.06635571695401032	0.736533725432962	0.10120146125557923	99.09193898889002	101.19921850093547	0.0024912276231646136	1.00009411936879
2.2499719877342446	1.8958312840404967	0.06635571695401032	0.736533725432962	0.10120146125557923	99.09193898889002	101.19921850093547	0.0024912276231646136	1.00009411936879
2.2499719877342446	1.8958312840404967	0.0663455510085238	0.736533725432962	0.10120146125557923	99.09193898889002	101.19921850093547	0.0024912276231646136	1.00009411936879
2.2499719877342446	1.8958312840404967	0.06634492442241025	0.736533725432962	0.10120146125557923	99.09193898889002	101.19921850093547	0.0024912276231646136	1.00009411936879
2.2499719877342446	1.8958312840404967	0.06634492442241025	0.736533725432962	0.10120146125557923	99.09193898889002	101.19921850093547	0.0024912276231646136	1.00009411936879
2.2499719877342446	1.8958312840404967	0.06634492442241025	0.736533725432962	0.10120146125557923	99.09193898889002	101.19921850093547	0.0024912276231646136	1.00009411936879
2.2499719877342446	1.8958312840404967	0.06634492442241025	0.736533725432962	0.10120146125557923	99.09193898889002	101.19921850093547	0.0024912276231646136	1.00009411936879
2.2499719877342446	1.8958312840404967	0.06634492442241025	0.7365392671261418	0.10120146125557923	99.09193898889002	101.19921850093547	0.0024912276231646136	1.00009411936879
2.2499719877342446	1.8958312840404967	0.06634492442241025	0.7365392671261418	0.10120146125557923	99.09193898889002	101.19921850093547	0.0024912276231646136	1.00009411936879
2.2499719877342446	1.8958312840404967	0.06634492442241025	0.7365392671261418	0.10120146125557923	99.09193898889002	101.29712818225167	0.0024912276231646136	1.00009411936879
2.2499719877342446	1.8958312840404967	0.06634492442241025	0.7365349200716672	0.10120146125557923	99.09193898889002	101.29712818225167	0.0024912276231646136	1.00009411936879
2.2499719877342446	1.8958312840404967	0.06634492442241025	0.7365349200716672	0.10120146125557923	99.09193898889002	101.29712818225167	0.0024906534147219744	1.00009411936879
2.2499719877342446	1.8958312840404967	0.06634492442241025	0.7365349200716672	0.10120146125557923	99.09193898889002	101.29712818225167	0.0024906534147219744	1.00009411936879
2.2499719877342446	1.8958312840404967	0.06634492442241025	0.7365349200716672	0.10120146125557923	99.09193898889002	101.29712818225167	0.0024906534147219744	1.00009411936879
2.2499719877342446	1.8958312840404967	0.06634492442241025	0.7365349200716672	0.10120146125557923	99.09193898889002	101.29712818225167	0.0024906534147219744	1.00009411936879
2.2499719877342446	1.8958312840404967	0.06634492442241025	0.7365349200716672	0.10120146125557923	99.09193898889002	101.29712818225167	0.0024906534147219744	1.00009411936879
2.2499719877342446	1.8958312840404967	0.06634492442241025	0.7365353963879937	0.10120146125557923	99.09193898889002	101.29712818225167	0.0024906534147219744	1.00009411936879
2.2499719877342446	1.8958312840404967	0.06634492442241025	0.7365353963879937	0.10120146125557923	99.09193898889002	101.29712818225167	0.0024906534147219744	1.00009411936879
2.2499719877342446	1.8958312840404967	0.06634492442241025	0.7365353963879937	0.10120146125557923	99.09193898889002	101.29712818225167	0.0024906534147219744	1.00009411936879
2.2499719877342446	1.8958312840404967	0.06634361840544188	0.7365353963879937	0.10120146125557923	99.09193898889002	101.29712818225167	0.0024906534147219744	1.00009411936879
2.2499719877342446	1.8958312840404967	0.06634361840544188	0.7365353963879937	0.10120166861615468	99.09193898889002	101.29712818225167	0.0024906534147219744	1.00009411936879
2.2499719877342446	1.8958312840404967	0.06634361840544188	0.7365353963879937	0.10120166861615468	99.09193898889002	101.29712818225167	0.0024906534147219744	1.00009411936879
2.2499719877342446	1.8958312840404967	0.06634361840544188	0.7365353963879937	0.10120166861615468	99.09193898889002	101.29712818225167	0.0024906534147219744	1.00009411936879
2.2499719877342446	1.8958312840404967	0.0663449557201263	0.7365353963879937	0.10120166861615468	99.09193898889002	101.29712818225167	0.0024906534147219744	1.00009411936879
2.2499719877342446	1.8958312840404967	0.0663449557201263	0.7365353963879937	0.10120166861615468	99.09193898889002	101.29712818225167	0.0024906534147219744	1.00009411936879
2.2499719877342446	1.8958312840404967	0.06638995838371163	0.7365353963879937	0.10120166861615468	99.09193898889002	101.29712818225167	0.0024906534147219744	1.00009411936879
2.2499719877342446	1.8958312840404967	0.06638995838371163	0.7365353963879937	0.10120166861615468	99.09193898889002	101.29712818225167	0.0024906534147219744	1.00009411936879
2.2499719877342446	1.8958327245249689	0.06638995838371163	0.7365353963879937	0.10120166861615468	99.09193898889002	101.29712818225167	0.0024906534147219744	1.00009411936879
2.2499719877342446	1.8958327245249689	0.06638995838371163	0.7365353963879937	0.10120166861615468	99.09193898889002	101.29712818225167	0.0024906534147219744	1.00009411936879
2.2495626629080934	1.8958327245249689	0.06638995838371163	0.7365353963879937	0.10120166861615468	99.09193898889002	101.29712818225167	0.0024906534147219744	1.00009411936879
2.2495626629080934	1.8958327245249689	0.06638995838371163	0.7365353963879937	0.10120166861615468	99.09193898889002	101.29712818225167	0.0024906534147219744	1.00009411936879
2.2495626629080934	1.8958327245249689	0.06638995838371163	0.7365353963879937	0.10120166861615468	99.09193898889002	101.29712818225167	0.0024906534147219744	1.00009411936879
2.2495626629080934	1.8958327245249689	0.06638995838371163	0.7365353963879937	0.10120166861615468	99.09186786158575	101.29712818225167	0.0024906534147219744	1.00009411936879
2.2495626629080934	1.8958327245249689	0.06638995838371163	0.7365353963879937	0.10120177325914302	99.09186786158575	101.29712818225167	0.0024906534147219744	1.00009411936879
2.2495626629080934	1.8958327245249689	0.06638995838371163	0.7365353963879937	0.10120177325914302	99.09186786158575	101.29712818225167	0.0024905584802181733	1.00009411936879
2.2495626629080934	1.8958327245249689	0.06638995838371163	0.7365353963879937	0.10120177325914302	99.09186786158575	101.29712818225167	0.0024905584802181733	1.00009411936879
2.2495626629080934	1.8958327245249689	0.06638995838371163	0.7365353963879937	0.10120177325914302	99.09186786158575	101.31814703993557	0.0024905584802181733	1.00009411936879
2.2495626629080934	1.8958327245249689	0.06638995838371163	0.7365353963879937	0.10120177325914302	99.09186786158575	101.31814703993557	0.0024905584802181733	1.00009411936879
2.2495626629080934	1.8958327245249689	0.06638995838371163	0.7365353963879937	0.10120177325914302	99.09186786158575	101.31814703993557	0.0024905584802181733	1.0000940302364458
2.2495626629080934	1.8958327245249689	0.06638995838371163	0.7365353963879937	0.10120177325914302	99.09186786158575	101.31814703993557	0.0024905584802181733	1.0000940302364458
2.2495623432651626	1.8958327245249689	0.06638995838371163	0.7365353963879937	0.10120177325914302	99.09186786158575	101.31814703993557	0.0024905584802181733	1.0000940302364458
2.2495623432651626	1.8958327245249689	0.06638995838371163	0.7365353963879937	0.10120177325914302	99.09186786158575	101.31862568785071	0.0024905584802181733	1.0000940302364458
2.2495623432651626	1.8958327245249689	0.06638995838371163	0.7365353963879937	0.10120177325914302	99.09186786158575	101.31862568785071	0.0024905584802181733	1.0000940302364458
2.2495623432651626	1.8958327245249689	0.06638995838371163	0.7365353963879937	0.10120177325914302	99.09186786158575	101.31862568785071	0.0024905584802181733	1.0000940302364458
2.2495623432651626	1.8958327245249689	0.06638995838371163	0.7365353963879937	0.10120156107932225	99.09186786158575	101.31862568785071	0.0024905584802181733	1.0000940302364458
2.2495623432651626	1.8958327245249689	0.06638995838371163	0.7365353963879937	0.10120156107932225	99.09186786158575	101.31862568785071	0.0024905584802181733	1.0000940302364458
2.2495623432651626	1.8958327245249689	0.06638995838371163	0.7365353963879937	0.10120156107932225	99.09186786158575	101.31862568785071	0.0024905584802181733	1.0000940302364458
2.2495623432651626	1.8958129151420495	0.06638995838371163	0.7365353963879937	0.10120156107932225	99.09186786158575	101.31862568785071	0.0024905584802181733	1.0000940302364458
2.2495623432651626	1.8958129151420495	0.06638995838371163	0.7365353963879937	0.10120156107932225	99.09186786158575	101.31862568785071	0.0024905584802181733	1.0000940302364458
2.2495623432651626	1.8958129151420495	0.06638995838371163	0.7365353963879937	0.10120156107932225	99.09186786158575	101.31841476583047	0.0024905584802181733	1.0000940302364458
2.2495623432651626	1.8958129151420495	0.06638995838371163	0.7365353963879937	0.10120156107932225	99.0922534556367	101.31841476583047	0.0024905584802181733	1.0000940302364458
2.2495623432651626	1.8958102946540858	0.06638995838371163	0.7365353963879937	0.10120156107932225	99.0922534556367	101.31841476583047	0.0024905584802181733	1.0000940302364458
2.2495623432651626	1.8958102946540858	0.06638995838371163	0.7365353963879937	0.10120156107932225	99.0922534556367	101.31841476583047	0.0024905584802181733	1.0000940241848837
2.2495623432651626	1.8958102946540858	0.06638995838371163	0.7365353963879937	0.10115567503827409	99.0922534556367	101.31841476583047	0.0024905584802181733	1.0000940241848837
2.2495623432651626	1.8958102946540858	0.06638995838371163	0.7365353963879937	0.10115567503827409	99.0922534556367	101.31841476583047	0.0024905584802181733	1.0000940241848837
2.2495623432651626	1.8958102946540858	0.06638995838371163	0.7365353963879937	0.10115531308845085	99.0922534556367	101.31841476583047	0.0024905584802181733	1.0000940241848837
2.2495623432651626	1.8958102946540858	0.06638995838371163	0.7365353963879937	0.10115531308845085	99.0922534556367	101.31841476583047	0.0024905584802181733	1.0000935500940609
2.2495623432651626	1.8958102946540858	0.06638995838371163	0.7365276910058327	0.10115531308845085	99.0922534556367	101.31841476583047	0.0024905584802181733	1.0000935500940609
2.2495619076319224	1.8958102946540858	0.06638995838371163	0.7365276910058327	0.10115531308845085	99.0922534556367	101.31841476583047	0.0024905584802181733	1.0000935500940609
2.2495619076319224	1.8958102946540858	0.06638995838371163	0.7364267282048785	0.10115531308845085	99.0922534556367	101.31841476583047	0.0024905584802181733	1.0000935500940609
2.249542288264792	1.8958102946540858	0.06638995838371163	0.7364267282048785	0.10115531308845085	99.0922534556367	101.31841476583047	0.0024905584802181733	1.0000935500940609
2.25203385592635	1.8958102946540858	0.06638995838371163	0.7364267282048785	0.10115531308845085	99.0922534556367	101.31841476583047	0.0024905584802181733	1.0000935500940609
2.25203385592635	1.8958102946540858	0.06638995838371163	0.7364267282048785	0.10115531308845085	99.0922534556367	101.31841476583047	0.0024905584802181733	1.0000935500940609
2.25203385592635	1.8958102946540858	0.0664062448283113	0.7364267282048785	0.10115531308845085	99.0922534556367	101.31841476583047	0.0024905584802181733	1.0000935500940609
2.25203385592635	1.8958102946540858	0.0664062448283113	0.7364267282048785	0.10115531308845085	99.0922534556367	101.31841476583047	0.002353238073504859	1.0000935500940609
2.25203385592635	1.8958102946540858	0.0664062448283113	0.7364267282048785	0.10115531308845085	99.0922534556367	101.31841476583047	0.002353238073504859	1.0000935500940609
2.25203385592635	1.8958102946540858	0.0664062448283113	0.7364267282048785	0.10115531308845085	99.0922534556367	101.31841476583047	0.002353238073504859	1.0000935500940609
2.25203385592635	1.8958102946540858	0.0664062448283113	0.7364267282048785	0.10115531308845085	99.0922534556367	101.31841476583047	0.002353238073504859	1.0000935500940609
2.25203385592635	1.8958102946540858	0.0664062448283113	0.7364267282048785	0.10115531308845085	99.0922534556367	101.31841476583047	0.002353238073504859	1.0000935500940609
2.2528458303620287	1.8958102946540858	0.0664062448283113	0.7364267282048785	0.10115531308845085	99.0922534556367	101.31841476583047	0.002353238073504859	1.0000935500940609
2.2528458303620287	1.8958102946540858	0.0664062448283113	0.7364267282048785	0.10115531308845085	99.0922534556367	101.31841476583047	0.002353238073504859	1.0000932912655083
2.2528458303620287	1.8958102946540858	0.0664062448283113	0.7365153248526387	0.10115531308845085	99.0922534556367	101.31841476583047	0.002353238073504859	1.0000932912655083
2.2528458303620287	1.8958102946540858	0.0664062448283113	0.7365153248526387	0.10115531308845085	99.0922534556367	101.38423075424959	0.002353238073504859	1.0000932912655083
2.2528458303620287	1.8958102946540858	0.0664062448283113	0.7365153248526387	0.10115531308845085	99.0922534556367	101.38423075424959	0.002353238073504859	1.0000932912655083
2.2528416068441617	1.8958102946540858	0.0664062448283113	0.7365153248526387	0.10115531308845085	99.0922534556367	101.38423075424959	0.002353238073504859	1.0000932912655083
2.2528416068441617	1.8958102946540858	0.0664062448283113	0.7365153248526387	0.10115531308845085	99.0922534556367	101.38423075424959	0.002353238073504859	1.0000932912655083
2.2528416068441617	1.8958102946540858	0.0664062448283113	0.7365153248526387	0.10115531308845085	99.0922534556367	101.38423075424959	0.002354175595055937	1.0000932912655083
2.2508318183876295	1.8958102946540858	0.0664062448283113	0.7365153248526387	0.10115531308845085	99.0922534556367	101.38423075424959	0.002354175595055937	1.0000932912655083
2.2508318183876295	1.8958046700182232	0.0664062448283113	0.7365153248526387	0.10115531308845085	99.0922534556367	101.38423075424959	0.002354175595055937	1.0000932912655083
2.2508318183876295	1.8958046700182232	0.0664062448283113	0.7365153248526387	0.10115531308845085	99.0922534556367	101.38423075424959	0.002354175595055937	1.0000932912655083
2.2508318183876295	1.8958023276621978	0.0664062448283113	0.7365153248526387	0.10115531308845085	99.0922534556367	101.38423075424959	0.002354175595055937	1.0000932912655083
2.2508318183876295	1.8958023276621978	0.0664062448283113	0.7365153248526387	0.10115531308845085	99.0922534556367	101.38423075424959	0.002354175595055937	1.0000932912655083
2.2508318183876295	1.8958023276621978	0.0664062448283113	0.7365153248526387	0.10115531308845085	99.0922534556367	101.38423075424959	0.002354175595055937	1.0000932912655083
2.2508318183876295	1.8958023276621978	0.0664062448283113	0.7365153248526387	0.10115531308845085	99.0922534556367	101.38423075424959	0.002354175595055937	1.0000932912655083
2.2508318183876295	1.8958023276621978	0.0664062448283113	0.7365066597070908	0.10115531308845085	99.0922534556367	101.38423075424959	0.002354175595055937	1.0000932912655083
2.2508318183876295	1.8958023276621978	0.0664062448283113	0.7365066597070908	0.10115527504841404	99.0922534556367	101.38423075424959	0.002354175595055937	1.0000932912655083
2.2508318183876295	1.893693468200491	0.0664062448283113	0.7365066597070908	0.10115527504841404	99.0922534556367	101.38423075424959	0.002354175595055937	1.0000932912655083
2.2508318183876295	1.893693468200491	0.0664062448283113	0.7365066597070908	0.10115527504841404	99.0922534556367	101.38423075424959	0.002354175595055937	1.0000932912655083
2.2508318183876295	1.893693468200491	0.0664062448283113	0.7365066597070908	0.10115527504841404	99.0922534556367	101.38423075424959	0.002354175595055937	1.0000932912655083
2.2508318183876295	1.893693468200491	0.06640399569591637	0.7365066597070908	0.10115527504841404	99.0922534556367	101.38423075424959	0.002354175595055937	1.0000932912655083
2.2508318183876295	1.893693468200491	0.06640399569591637	0.7365066597070908	0.10115527504841404	99.0922534556367	101.38423075424959	0.002354175595055937	1.0000932912655083
2.2508318183876295	1.893693468200491	0.06640399569591637	0.7365066597070908	0.10115527504841404	99.0922534556367	101.38423075424959	0.002354175595055937	1.0000932912655083
2.2508318183876295	1.893693468200491	0.06640399569591637	0.7365066597070908	0.10115527504841404	99.0922534556367	101.38423075424959	0.0023542009452473724	1.0000932912655083
2.2508318183876295	1.893693468200491	0.06640399569591637	0.7365066597070908	0.10115527504841404	99.0922534556367	101.38423075424959	0.0023542009452473724	1.0000932881105409
2.2508318183876295	1.893693468200491	0.06640399569591637	0.7365066597070908	0.10118797879147201	99.0922534556367	101.38423075424959	0.0023542009452473724	1.0000932881105409
2.2508318183876295	1.893693468200491	0.06640399569591637	0.7365066597070908	0.10118797879147201	99.0922534556367	101.38423075424959	0.0023542009452473724	1.0000932881105409
2.2508318183876295	1.893693468200491	0.06640399569591637	0.7365066597070908	0.10118797879147201	99.0922534556367	101.38436792344609	0.0023542009452473724	1.0000932881105409
2.2508318183876295	1.893693468200491	0.06640399569591637	0.7365066597070908	0.10118797879147201	99.0922534556367	101.38436792344609	0.0023542009452473724	1.0000932881105409
2.2508318183876295	1.893693468200491	0.06640399569591637	0.7365066597070908	0.10118797879147201	99.0922534556367	101.38436792344609	0.0023542009452473724	1.0000932881105409
2.2508318183876295	1.893693468200491	0.06640399569591637	0.7365066597070908	0.10118884856147732	99.0922534556367	101.38436792344609	0.0023542009452473724	1.0000932881105409
2.2508318183876295	1.893693468200491	0.06640399569591637	0.7366506470875264	0.10118884856147732	99.0922534556367	101.38436792344609	0.0023542009452473724	1.0000932881105409
2.2508318183876295	1.8936887722733537	0.06640399569591637	0.7366506470875264	0.10118884856147732	99.0922534556367	101.38436792344609	0.0023542009452473724	1.0000932881105409
2.2508318183876295	1.8936887722733537	0.06640399569591637	0.7366506470875264	0.10118884856147732	99.0922534556367	101.38436792344609	0.0023542009452473724	1.0000932881105409
2.2508318183876295	1.8936887722733537	0.06640369530561488	0.7366506470875264	0.10118884856147732	99.0922534556367	101.38436792344609	0.0023542009452473724	1.0000932881105409
2.2508318183876295	1.8936934347091094	0.06640369530561488	0.7366506470875264	0.10118884856147732	99.0922534556367	101.38436792344609	0.0023542009452473724	1.0000932881105409
2.2508318183876295	1.8936934347091094	0.06640369530561488	0.7366506470875264	0.10118884856147732	99.0922534556367	101.38436792344609	0.002354123843178453	1.0000932881105409
2.2508318183876295	1.8936934347091094	0.06640369530561488	0.7366506470875264	0.10118884856147732	99.0922534556367	101.38436792344609	0.002354123843178453	1.0000903466646391
2.2508318183876295	1.8936949080059788	0.06640369530561488	0.7366506470875264	0.10118884856147732	99.0922534556367	101.38436792344609	0.002354123843178453	1.0000903466646391
2.2508318183876295	1.8936949080059788	0.06640369530561488	0.7366506470875264	0.10118884856147732	99.0922534556367	101.38436792344609	0.002354123843178453	1.0000903466646391
2.2508318183876295	1.8936949080059788	0.06640369530561488	0.7366506470875264	0.10108272811926443	99.0922534556367	101.38436792344609	0.002354123843178453	1.0000903466646391
2.2508318183876295	1.8936949080059788	0.06640369530561488	0.7366506470875264	0.10108272811926443	99.0922534556367	101.38436792344609	0.002354123843178453	1.0000903466646391
2.2508318183876295	1.8936833004066322	0.06640369530561488	0.7366506470875264	0.10108272811926443	99.0922534556367	101.38436792344609	0.002354123843178453	1.0000903466646391
2.2508318183876295	1.8936833004066322	0.06638730697181165	0.7366506470875264	0.10108272811926443	99.0922534556367	101.38436792344609	0.002354123843178453	1.0000903466646391
2.2508318183876295	1.8936833004066322	0.06638730697181165	0.7366506470875264	0.10108272811926443	99.0922534556367	101.38436792344609	0.002354123843178453	1.0000903466646391
2.250797813173777	1.8936833004066322	0.06638730697181165	0.7366506470875264	0.10108272811926443	99.0922534556367	101.38436792344609	0.002354123843178453	1.0000903466646391
2.250797813173777	1.8936833004066322	0.06638730697181165	0.7366506470875264	0.10108272811926443	99.0922534556367	101.38436792344609	0.002354123843178453	1.0000903466646391
2.250797813173777	1.8936833004066322	0.06638730697181165	0.7366506470875264	0.10108272811926443	99.0922534556367	101.38436792344609	0.002297517986857741	1.0000903466646391
2.250797813173777	1.8936833004066322	0.06638730697181165	0.7366506470875264	0.10108272811926443	99.0922534556367	101.38436792344609	0.002297517986857741	1.0000903466646391
2.250797813173777	1.8936833004066322	0.06638730697181165	0.7366506470875264	0.10108272811926443	99.09227957653101	101.38436792344609	0.002297517986857741	1.0000903466646391
2.250797813173777	1.8936833004066322	0.06638730697181165	0.7366506470875264	0.10108272811926443	99.09227957653101	101.38436792344609	0.002297517986857741	1.0000903466646391
2.250797813173777	1.8936833004066322	0.06638730697181165	0.7367824539741021	0.10108272811926443	99.09227957653101	101.38436792344609	0.002297517986857741	1.0000903466646391
2.250797813173777	1.8936833004066322	0.06638730697181165	0.7367824539741021	0.10108272811926443	99.09214395854396	101.38436792344609	0.002297517986857741	1.0000903466646391
2.250797813173777	1.8936833004066322	0.06638730697181165	0.7368222806698315	0.10108272811926443	99.09214395854396	101.38436792344609	0.002297517986857741	1.0000903466646391
2.250797813173777	1.8936833004066322	0.06638730697181165	0.7368222806698315	0.10108272811926443	99.09214395854396	101.38436792344609	0.002297517986857741	1.0000903466646391
2.250797813173777	1.8936833004066322	0.06638730697181165	0.7368222806698315	0.10108272811926443	99.09492423992845	101.38436792344609	0.002297517986857741	1.0000903466646391
2.250797813173777	1.8936833004066322	0.06638730697181165	0.7368222806698315	0.10108272811926443	99.09492423992845	101.38436792344609	0.002297517986857741	1.0000903487718253
2.250797813173777	1.8936833004066322	0.06638730697181165	0.7368222806698315	0.10108272811926443	99.04161572890476	101.38436792344609	0.002297517986857741	1.0000903487718253
2.250797813173777	1.8936833004066322	0.06638730697181165	0.7368222806698315	0.10108272811926443	99.04133953434047	101.38436792344609	0.002297517986857741	1.0000903487718253
2.250797813173777	1.8936833004066322	0.06638730697181165	0.7368222806698315	0.10108272811926443	99.04133953434047	101.38436792344609	0.002297517986857741	1.0000903487718253
2.250797813173777	1.8936833004066322	0.06638730697181165	0.7368222806698315	0.10108272811926443	99.04133953434047	101.38436792344609	0.002297517986857741	1.0000903487718253
2.250797813173777	1.8936833004066322	0.06638730697181165	0.7368222806698315	0.10108272811926443	99.04133953434047	101.38436792344609	0.002297517986857741	1.0000903487718253
2.250797813173777	1.8936833004066322	0.06638730697181165	0.7368222806698315	0.10108272811926443	99.04133953434047	101.38436792344609	0.002297517986857741	1.0000903487718253
2.250797813173777	1.8936833004066322	0.06638730697181165	0.7368222806698315	0.10108272811926443	99.0420459342508	101.38436792344609	0.002297517986857741	1.0000903487718253
2.250797813173777	1.8936833004066322	0.06638730697181165	0.7368222806698315	0.10108272811926443	99.0420459342508	101.38436792344609	0.002297517986857741	1.0000903487718253
2.250797813173777	1.8937150602706525	0.06638730697181165	0.7368222806698315	0.10108272811926443	99.0420459342508	101.38436792344609	0.002297517986857741	1.0000903487718253
2.250797813173777	1.8937150602706525	0.06638730697181165	0.7368222806698315	0.10108272811926443	99.0420459342508	101.38436792344609	0.002297517986857741	1.0000903487718253
2.250797813173777	1.8937152586150416	0.06638730697181165	0.7368222806698315	0.10108272811926443	99.0420459342508	101.38436792344609	0.002297517986857741	1.0000903487718253
2.250797813173777	1.8937152586150416	0.06640323414688476	0.7368222806698315	0.10108272811926443	99.0420459342508	101.38436792344609	0.002297517986857741	1.0000903487718253
2.250797813173777	1.8937152586150416	0.06640323414688476	0.736241358554189	0.10108272811926443	99.0420459342508	101.38436792344609	0.002297517986857741	1.0000903487718253
2.2441933601683663	1.8937152586150416	0.06640323414688476	0.736241358554189	0.10108272811926443	99.0420459342508	101.38436792344609	0.002297517986857741	1.0000903487718253
2.2441933601683663	1.8937152586150416	0.06640323414688476	0.736241358554189	0.10108272811926443	99.0420459342508	101.38436792344609	0.002297517986857741	1.0000903487718253
2.2441933601683663	1.8937152586150416	0.06640323414688476	0.736241358554189	0.10108272811926443	99.0420459342508	101.38436792344609	0.002297517986857741	1.0000903487718253
2.2441933601683663	1.8937152586150416	0.06640323414688476	0.736241358554189	0.10108272811926443	99.0420459342508	101.24645012881109	0.002297517986857741	1.0000903487718253
2.2441933601683663	1.8937152586150416	0.06640323414688476	0.736241358554189	0.10108272811926443	99.0420459342508	101.24645012881109	0.002297517986857741	1.0000903487718253
2.2441933601683663	1.8937154442575115	0.06640323414688476	0.736241358554189	0.10108272811926443	99.0420459342508	101.24645012881109	0.002297517986857741	1.0000903487718253
2.2441933601683663	1.8937154442575115	0.06627200863793628	0.736241358554189	0.10108272811926443	99.0420459342508	101.24645012881109	0.002297517986857741	1.0000903487718253
2.2441933601683663	1.8937154442575115	0.06627200863793628	0.736241358554189	0.10108272811926443	99.0420459342508	101.25057240878893	0.002297517986857741	1.0000903487718253
2.2441933601683663	1.8937154442575115	0.06627200863793628	0.7362875691470834	0.10108272811926443	99.0420459342508	101.25057240878893	0.002297517986857741	1.0000903487718253
2.2441933601683663	1.8937154442575115	0.06627200863793628	0.7362875691470834	0.10108272811926443	99.0420459342508	101.25057240878893	0.002297517986857741	1.0000903487718253
2.2441933601683663	1.8937154442575115	0.06627200863793628	0.7362875691470834	0.10108272811926443	99.0420459342508	101.25057240878893	0.002297517986857741	1.0000903487718253
2.2441933601683663	1.8937154442575115	0.06627200863793628	0.7362875691470834	0.10108272811926443	99.0420459342508	101.25057240878893	0.002297517986857741	1.0000903487718253
2.2441933601683663	1.8937154442575115	0.06627200863793628	0.7362875691470834	0.10161816880312889	99.0420459342508	101.25057240878893	0.002297517986857741	1.0000903487718253
2.2441933601683663	1.8937154442575115	0.06627200863793628	0.7362875691470834	0.10161816880312889	99.0420459342508	101.25057240878893	0.002297517986857741	1.0000903487718253
2.2441933601683663	1.8937154442575115	0.06627200863793628	0.7362875691470834	0.10161816880312889	99.0420459342508	101.25057240878893	0.002329907418600849	1.0000903487718253
2.2441933601683663	1.8937154442575115	0.06627200863793628	0.7362875691470834	0.10161816880312889	99.0420459342508	101.25057240878893	0.002330296139828337	1.0000903487718253
2.2443477419471165	1.8937154442575115	0.06627200863793628	0.7362875691470834	0.10161816880312889	99.0420459342508	101.25057240878893	0.002330296139828337	1.0000903487718253
2.2443477419471165	1.8937154442575115	0.06627200863793628	0.7362875691470834	0.10161816880312889	99.0420459342508	101.25057240878893	0.002330296139828337	1.0000903487718253
2.2443477419471165	1.8937154442575115	0.06627200863793628	0.7362875691470834	0.10161816880312889	99.0420459342508	101.24951487172662	0.002330296139828337	1.0000903487718253
2.2443477419471165	1.8937154442575115	0.06627200863793628	0.7362875691470834	0.10161925022056678	99.0420459342508	101.24951487172662	0.002330296139828337	1.0000903487718253
2.2443477419471165	1.8937154442575115	0.06627200863793628	0.7362875691470834	0.10161925022056678	99.0420459342508	101.24951487172662	0.002330296139828337	1.0000903487718253
2.2443477419471165	1.8937154442575115	0.06627200863793628	0.7362875691470834	0.10161925022056678	99.0420459342508	101.24951487172662	0.002330296139828337	1.0000903487718253
2.2443477419471165	1.8937154442575115	0.06627200863793628	0.7362875691470834	0.10161925022056678	99.0420459342508	101.24943204748114	0.002330296139828337	1.0000903487718253
2.2443477419471165	1.8937154442575115	0.06627200863793628	0.7362875691470834	0.10161925022056678	99.0420459342508	101.24943204748114	0.002330296139828337	1.000090346614734
2.2443477419471165	1.8937154442575115	0.06627200863793628	0.7362875691470834	0.10161906825330223	99.0420459342508	101.24943204748114	0.002330296139828337	1.000090346614734
2.244369547254855	1.8937154442575115	0.06627200863793628	0.7362875691470834	0.10161906825330223	99.0420459342508	101.24943204748114	0.002330296139828337	1.000090346614734
2.244369547254855	1.8937154442575115	0.06627200863793628	0.7362875691470834	0.10161906825330223	99.0420459342508	101.24943204748114	0.002330296139828337	1.000090346614734
2.244369547254855	1.8937154442575115	0.06627200863793628	0.7362875691470834	0.10161906825330223	99.0420459342508	101.24943204748114	0.002330296139828337	1.000090346614734
2.244369547254855	1.8937154442575115	0.06627200863793628	0.7362875691470834	0.10161906825330223	99.0420459342508	101.24943204748114	0.002331471085304807	1.000090346614734
2.244369547254855	1.8937154442575115	0.06627200863793628	0.7362875691470834	0.1016411333772829	99.0420459342508	101.24943204748114	0.002331471085304807	1.000090346614734
2.244369547254855	1.8954011358733538	0.06627200863793628	0.7362875691470834	0.1016411333772829	99.0420459342508	101.24943204748114	0.002331471085304807	1.000090346614734
2.244369547254855	1.8954011358733538	0.06627200863793628	0.7362875691470834	0.1016411333772829	99.0420459342508	101.17709484594491	0.002331471085304807	1.000090346614734
2.244369547254855	1.895407978776353	0.06627200863793628	0.7362875691470834	0.1016411333772829	99.0420459342508	101.17709484594491	0.002331471085304807	1.000090346614734
2.244369547254855	1.895407978776353	0.06627200863793628	0.7362875691470834	0.1016411333772829	99.0420459342508	101.17709484594491	0.002331471085304807	1.000090346614734
2.244369547254855	1.895407978776353	0.06627200863793628	0.7362875691470834	0.1016411333772829	99.0420459342508	101.17709484594491	0.002331471085304807	1.000090346614734
2.244369547254855	1.895407978776353	0.0662697803260823	0.7362875691470834	0.1016411333772829	99.0420459342508	101.17709484594491	0.002331471085304807	1.000090346614734
2.2444067650934962	1.895407978776353	0.0662697803260823	0.7362875691470834	0.1016411333772829	99.0420459342508	101.17709484594491	0.002331471085304807	1.000090346614734
2.2444067650934962	1.8953955574041865	0.0662697803260823	0.7362875691470834	0.1016411333772829	99.0420459342508	101.17709484594491	0.002331471085304807	1.000090346614734
2.2444076828935517	1.8953955574041865	0.0662697803260823	0.7362875691470834	0.1016411333772829	99.0420459342508	101.17709484594491	0.002331471085304807	1.000090346614734
2.2444076828935517	1.8953955574041865	0.0662697803260823	0.7362875691470834	0.1016411333772829	99.0420459342508	101.17709484594491	0.002331353231643756	1.000090346614734
2.2444076828935517	1.8953955574041865	0.0662697803260823	0.7362875691470834	0.1016411333772829	99.0420459342508	101.17709484594491	0.002331353231643756	1.0000903475070295
2.2444076828935517	1.8953955574041865	0.0662697803260823	0.7362875691470834	0.1016411333772829	99.0420459342508	101.17709484594491	0.002331353231643756	1.0000903475070295
2.2444076828935517	1.8953955574041865	0.0662697803260823	0.7362875691470834	0.1016411333772829	99.0420459342508	101.17709484594491	0.002331353231643756	1.0000903475070295
2.2444076828935517	1.8953955574041865	0.0662697803260823	0.7362875691470834	0.10164105239591842	99.0420459342508	101.17709484594491	0.002331353231643756	1.0000903475070295
2.2444076828935517	1.8953955574041865	0.0662697803260823	0.7362875691470834	0.10164105239591842	99.04450554254528	101.17709484594491	0.002331353231643756	1.0000903475070295
2.2444076828935517	1.8953955574041865	0.0662697803260823	0.7362875691470834	0.10164105239591842	99.04450554254528	101.17709484594491	0.002331353231643756	1.0000903475070295
2.2444076828935517	1.8953955574041865	0.0662697803260823	0.7362875691470834	0.10164105239591842	99.03918948877816	101.17709484594491	0.002331353231643756	1.0000903475070295
2.2444076828935517	1.8953955574041865	0.0662697803260823	0.7362875691470834	0.10164105239591842	99.03918948877816	101.17709484594491	0.002331353231643756	1.0000903475070295
2.2444076828935517	1.8953955574041865	0.0662697803260823	0.7362875691470834	0.10164105239591842	99.03918948877816	101.17709484594491	0.002331353231643756	1.0000903475070295
2.2444076828935517	1.8953955574041865	0.0662697803260823	0.7362875691470834	0.10164105239591842	99.03918948877816	101.17709484594491	0.002331353231643756	1.0000903475070295
2.2444076828935517	1.8953955574041865	0.0662697803260823	0.7362875691470834	0.10164105239591842	99.03918948877816	101.17709484594491	0.002331353231643756	1.0000903475070295
2.2444076828935517	1.8953955574041865	0.0662697803260823	0.7362875691470834	0.10164105239591842	99.03851576161351	101.17709484594491	0.002331353231643756	1.0000903475070295
2.2444076828935517	1.8953955574041865	0.0662697803260823	0.7362875691470834	0.10164105239591842	99.03851576161351	101.17709484594491	0.002331353231643756	1.0000903475070295
2.2444076828935517	1.8953955574041865	0.0662697803260823	0.7362875691470834	0.10164105239591842	99.03894188463613	101.17709484594491	0.002331353231643756	1.0000903475070295
2.2444076828935517	1.8953955574041865	0.0662697803260823	0.7362875691470834	0.10164105239591842	99.03894188463613	101.17709484594491	0.002331353231643756	1.0000903475070295
2.2444076828935517	1.8953955574041865	0.0662697803260823	0.7362875691470834	0.10164105239591842	99.03894188463613	101.17709484594491	0.002331353231643756	1.0000903475070295
2.2444076828935517	1.8953955574041865	0.0662697803260823	0.7362875691470834	0.10164386403970672	99.03894188463613	101.17709484594491	0.002331353231643756	1.0000903475070295
2.2444076828935517	1.8953955574041865	0.0662697803260823	0.7362875691470834	0.10164386403970672	99.03894188463613	101.17709484594491	0.002331353231643756	1.0000903475070295
2.2444076828935517	1.8953955574041865	0.0662697803260823	0.7362875691470834	0.10164386403970672	99.03894188463613	101.17709484594491	0.002331353231643756	1.0000903475070295
2.2444076828935517	1.8953955574041865	0.0662697803260823	0.7362875691470834	0.10164194152815981	99.03894188463613	101.17709484594491	0.002331353231643756	1.0000903475070295
2.2444076828935517	1.8953955574041865	0.0662697803260823	0.7362875691470834	0.10164194152815981	99.03894188463613	101.17709484594491	0.002331353231643756	1.0000903475070295
2.2444076828935517	1.8953955574041865	0.0662697803260823	0.7362875691470834	0.10164194152815981	99.03894188463613	101.17709484594491	0.002331353231643756	1.000090183937596
2.2444076828935517	1.8953955574041865	0.0662697803260823	0.7362875691470834	0.10164194152815981	99.03894188463613	101.17709484594491	0.002331353231643756	1.000090183937596
2.2444076828935517	1.8953955574041865	0.0662697803260823	0.7362875691470834	0.10164194152815981	99.03894188463613	101.17709484594491	0.002331353231643756	1.000090183937596
2.2444076828935517	1.8953955574041865	0.0662697803260823	0.7362875691470834	0.10164194152815981	99.03840462057781	101.17709484594491	0.002331353231643756	1.000090183937596
2.2444076828935517	1.8953955574041865	0.0662697803260823	0.7362875691470834	0.10164194152815981	99.03555984278374	101.17709484594491	0.002331353231643756	1.000090183937596
2.2444076828935517	1.8953955574041865	0.0662697803260823	0.7362875691470834	0.10164194152815981	99.03555984278374	101.17709484594491	0.002331353231643756	1.0000867813872847
2.2444076828935517	1.8953955574041865	0.0662697803260823	0.7362875691470834	0.10164194152815981	99.03555984278374	101.17709484594491	0.002331353231643756	1.0000867813872847
2.2444076828935517	1.8953955574041865	0.0662697803260823	0.7362875691470834	0.10164194152815981	99.03555984278374	101.17709484594491	0.002331353231643756	1.0000867813872847
2.2444076828935517	1.8953955574041865	0.0662697803260823	0.7362218730234998	0.10164194152815981	99.03555984278374	101.17709484594491	0.002331353231643756	1.0000867813872847
2.2444076828935517	1.8953955574041865	0.0662697803260823	0.7362218730234998	0.10164194152815981	99.03555984278374	101.17709484594491	0.002331353231643756	1.0000867813872847
2.2444076828935517	1.8953955574041865	0.0662697803260823	0.7362218730234998	0.10164194152815981	99.03551252769887	101.17709484594491	0.002331353231643756	1.0000867813872847
2.2444076828935517	1.8953955574041865	0.0662697803260823	0.7362218730234998	0.1014347376566691	99.03551252769887	101.17709484594491	0.002331353231643756	1.0000867813872847
2.2444076828935517	1.8953955574041865	0.0662697803260823	0.7362218730234998	0.1014347376566691	99.03551252769887	101.82221669397725	0.002331353231643756	1.0000867813872847
2.2444076828935517	1.8953955574041865	0.0662697803260823	0.7362218730234998	0.1014347376566691	99.03551252769887	101.82221669397725	0.002331353231643756	1.0000867813872847
2.2444076828935517	1.8953955574041865	0.0662697803260823	0.7362218730234998	0.1014347376566691	99.03551252769887	101.82221669397725	0.002331353231643756	1.0000867813872847
2.2444076828935517	1.8953955574041865	0.0662697803260823	0.7362218730234998	0.1014347376566691	99.03551252769887	101.82221669397725	0.002331353231643756	1.0000867813872847
2.2444076828935517	1.8953955574041865	0.0662697803260823	0.7362218730234998	0.1014347376566691	99.03551252769887	101.82221669397725	0.002331353231643756	1.0000867813872847
2.2444076828935517	1.8953955574041865	0.0662697803260823	0.7362218730234998	0.1014347376566691	99.03551252769887	101.82221669397725	0.002331353231643756	1.0000867813872847
2.2444076828935517	1.8953955574041865	0.0662697803260823	0.7362218730234998	0.1014347376566691	99.03551252769887	101.82221669397725	0.002331353231643756	1.0000867813872847
2.2444076828935517	1.8953955574041865	0.0662697803260823	0.7362218730234998	0.1014347206457241	99.03551252769887	101.82221669397725	0.002331353231643756	1.0000867813872847
2.2444076828935517	1.8953955574041865	0.0662697803260823	0.7362218730234998	0.1014347206457241	99.03551252769887	102.86110686087746	0.002331353231643756	1.0000867813872847
2.2444076828935517	1.8953437493185767	0.0662697803260823	0.7362218730234998	0.1014347206457241	99.03551252769887	102.86110686087746	0.002331353231643756	1.0000867813872847
2.2444076828935517	1.8953437493185767	0.0662697803260823	0.7362218730234998	0.1014347206457241	99.03551252769887	102.86110686087746	0.002331353231643756	1.0000867813872847
2.2444076828935517	1.8953437493185767	0.0662697803260823	0.7362218730234998	0.1014347206457241	99.03551252769887	102.88608691073439	0.002331353231643756	1.0000867813872847
2.2444076828935517	1.8953437493185767	0.0662697803260823	0.7362218730234998	0.1014347206457241	99.03551252769887	102.88608691073439	0.00233123196199832	1.0000867813872847
2.2438419115533805	1.8953437493185767	0.0662697803260823	0.7362218730234998	0.1014347206457241	99.03551252769887	102.88608691073439	0.00233123196199832	1.0000867813872847
2.2438419115533805	1.8953437493185767	0.0662697803260823	0.7362218730234998	0.1014347206457241	99.03551252769887	102.88608691073439	0.002331159195495812	1.0000867813872847
2.2438419115533805	1.8953437493185767	0.0662697803260823	0.7362218730234998	0.1014347206457241	99.03551252769887	102.88608691073439	0.002331159195495812	1.0000867813872847
2.2432396086578077	1.8953437493185767	0.0662697803260823	0.7362218730234998	0.1014347206457241	99.03551252769887	102.88608691073439	0.002331159195495812	1.0000867813872847
2.2432396086578077	1.8953437493185767	0.0662697803260823	0.7362218730234998	0.1014347206457241	99.03551252769887	102.88608691073439	0.002331159195495812	1.0000868507025944
2.2432396086578077	1.8953437493185767	0.0662697803260823	0.7362218730234998	0.1014347206457241	99.03551252769887	102.88608691073439	0.002331159195495812	1.0000868507025944
2.2432396086578077	1.8953437493185767	0.0662697803260823	0.736272994938995	0.1014347206457241	99.03551252769887	102.88608691073439	0.002331159195495812	1.0000868507025944
2.2432396086578077	1.8953437493185767	0.0662697803260823	0.736272994938995	0.1014347206457241	99.03551252769887	102.88608691073439	0.002331159195495812	1.0000868507025944
2.2432396086578077	1.8953437493185767	0.0662697803260823	0.736272994938995	0.1014347206457241	99.03551252769887	102.88608691073439	0.002331159195495812	1.0000868507025944
2.2432396086578077	1.8953437493185767	0.0662697803260823	0.736272994938995	0.1014347206457241	99.03551252769887	102.88608691073439	0.002331159195495812	1.0000868507025944
2.2432396086578077	1.8953437493185767	0.0662697803260823	0.736272994938995	0.1014347206457241	99.03551252769887	102.88608691073439	0.002331159195495812	1.000087059249839
2.2432396086578077	1.8953437493185767	0.0662697803260823	0.736272994938995	0.1014347206457241	99.03551252769887	102.88608691073439	0.002331159195495812	1.000087059249839
2.2432396086578077	1.8953437493185767	0.0662697803260823	0.736272994938995	0.1014347206457241	99.03551252769887	102.88608691073439	0.002331159195495812	1.000087059249839
2.2432396086578077	1.8953437493185767	0.0662697803260823	0.736272994938995	0.1014347206457241	99.03485095363098	102.88608691073439	0.002331159195495812	1.000087059249839
2.2432396086578077	1.8953437493185767	0.0662697803260823	0.736272994938995	0.1014347206457241	99.03485095363098	102.88608691073439	0.002331159195495812	1.000087059249839
2.2432396086578077	1.8953437493185767	0.0662697803260823	0.736272994938995	0.1014347206457241	99.03485095363098	102.88608691073439	0.002331159195495812	1.000087059249839
2.2432396086578077	1.8953437493185767	0.0662697803260823	0.736272994938995	0.1014347206457241	99.03485095363098	102.88608691073439	0.002331159195495812	1.000087059249839
2.2432396086578077	1.8953437493185767	0.0662697803260823	0.736272994938995	0.1014347206457241	99.03485095363098	102.88608691073439	0.002331243567542809	1.000087059249839
2.2432396086578077	1.8953437493185767	0.0662697803260823	0.736272994938995	0.1014347206457241	99.03485095363098	102.88608691073439	0.0023310671089866474	1.000087059249839
2.2432396086578077	1.8953437493185767	0.0662697803260823	0.736321979898492	0.1014347206457241	99.03485095363098	102.88608691073439	0.0023310671089866474	1.000087059249839
2.2432396086578077	1.8953437493185767	0.0662697803260823	0.736321979898492	0.1014347206457241	99.03485095363098	102.88608691073439	0.0023310671089866474	1.000087059249839
2.2432396086578077	1.8953437493185767	0.0662697803260823	0.736321979898492	0.1014347206457241	99.03485095363098	102.88608691073439	0.0023310671089866474	1.000087059249839
2.2432396086578077	1.8953437493185767	0.0662697803260823	0.736321979898492	0.1014347206457241	99.03485095363098	102.88608691073439	0.0023310671089866474	1.000087059249839
2.2432396086578077	1.8953437493185767	0.0662697803260823	0.736321979898492	0.1014347206457241	99.03485095363098	102.88608691073439	0.0023310671089866474	1.000087059249839
2.2432396086578077	1.8953437493185767	0.0662697803260823	0.736321979898492	0.1014347206457241	99.03485095363098	102.88608691073439	0.0023310671089866474	1.000087059249839
2.2432396086578077	1.8953437493185767	0.0662697803260823	0.736321979898492	0.1014347206457241	99.03485095363098	102.88608691073439	0.0023310671089866474	1.000087059249839
2.2432396086578077	1.8953391753620947	0.0662697803260823	0.736321979898492	0.1014347206457241	99.03485095363098	102.88608691073439	0.0023310671089866474	1.000087059249839
2.2432396086578077	1.8953391753620947	0.0662697803260823	0.736321979898492	0.1014347206457241	99.03485095363098	102.88608691073439	0.0023310864833525637	1.000087059249839
2.2432396086578077	1.8953391753620947	0.0662697803260823	0.736321979898492	0.1014347206457241	99.03485095363098	102.88608691073439	0.0023310864833525637	1.000087059249839
2.2432396086578077	1.8953391753620947	0.0662697803260823	0.736321979898492	0.1014347206457241	99.03485095363098	102.88608691073439	0.0023310864833525637	1.0000957926491827
2.243256661217393	1.8953391753620947	0.0662697803260823	0.736321979898492	0.1014347206457241	99.03485095363098	102.88608691073439	0.0023310864833525637	1.0000957926491827
2.243256661217393	1.8953391753620947	0.0662697803260823	0.736321979898492	0.1014347206457241	99.03485095363098	102.88608691073439	0.0023310864833525637	1.0000957926491827
2.243256661217393	1.8953391753620947	0.0662697803260823	0.736321979898492	0.1014347206457241	99.03485095363098	102.88608691073439	0.0023310864833525637	1.0000957926491827
2.243256661217393	1.8953391753620947	0.0662697803260823	0.736321979898492	0.1014347206457241	99.03485095363098	102.88595450952299	0.0023310864833525637	1.0000957926491827
2.243256661217393	1.8953391753620947	0.0662697803260823	0.736321979898492	0.1014347206457241	99.00603428716529	102.88595450952299	0.0023310864833525637	1.0000957926491827
2.243256661217393	1.8953391753620947	0.0662697803260823	0.736321979898492	0.1014347206457241	99.00603428716529	102.88595450952299	0.0023203191684759857	1.0000957926491827
2.243256661217393	1.8953391753620947	0.0662697803260823	0.736321979898492	0.1014347206457241	99.00603428716529	102.88595450952299	0.0023203191684759857	1.0000957926491827
2.243256661217393	1.8950083204190913	0.0662697803260823	0.736321979898492	0.1014347206457241	99.00603428716529	102.88595450952299	0.0023203191684759857	1.0000957926491827
2.243256661217393	1.8950083204190913	0.0662697803260823	0.736321979898492	0.1014347206457241	99.00603428716529	102.88595450952299	0.0023203191684759857	1.0000957926491827
2.2427762553485406	1.8950083204190913	0.0662697803260823	0.736321979898492	0.1014347206457241	99.00603428716529	102.88595450952299	0.0023203191684759857	1.0000957926491827
2.2427762553485406	1.8949519663937624	0.0662697803260823	0.736321979898492	0.1014347206457241	99.00603428716529	102.88595450952299	0.0023203191684759857	1.0000957926491827
2.2427958006592696	1.8949519663937624	0.0662697803260823	0.736321979898492	0.1014347206457241	99.00603428716529	102.88595450952299	0.0023203191684759857	1.0000957926491827
2.2427958006592696	1.8949519663937624	0.0662697803260823	0.736321979898492	0.1014347206457241	99.00603428716529	102.88611476204116	0.0023203191684759857	1.0000957926491827
2.2427958006592696	1.8949519663937624	0.0662697803260823	0.736321979898492	0.1014347206457241	99.00603428716529	102.88611476204116	0.0023203191684759857	1.0000957926491827
2.2427958006592696	1.8949519663937624	0.0662697803260823	0.736321979898492	0.1014347206457241	99.00603428716529	102.88611476204116	0.0023203191684759857	1.0000957926491827
2.2427958006592696	1.8949519663937624	0.0662697803260823	0.736321979898492	0.1014347206457241	99.00603428716529	102.88611476204116	0.0023203191684759857	1.0000957926491827
2.2427958006592696	1.8949519663937624	0.0662697803260823	0.736321979898492	0.1014347206457241	99.00603428716529	102.88611476204116	0.0023203191684759857	1.0000957926491827
2.2427958006592696	1.8949519663937624	0.0662697803260823	0.736321979898492	0.1014347206457241	99.00603428716529	102.88611476204116	0.0023203191684759857	1.0000957926491827
2.2427958006592696	1.8949519663937624	0.0662697803260823	0.736321979898492	0.1014347206457241	99.00603428716529	102.88611476204116	0.0023203191684759857	1.0000957926491827
2.242053148507424	1.8949519663937624	0.0662697803260823	0.736321979898492	0.1014347206457241	99.00603428716529	102.88611476204116	0.0023203191684759857	1.0000957926491827
2.242053148507424	1.8949519663937624	0.0662697803260823	0.7363353416008737	0.1014347206457241	99.00603428716529	102.88611476204116	0.0023203191684759857	1.0000957926491827
2.242053148507424	1.8949519663937624	0.0662697803260823	0.7363353416008737	0.1014347206457241	99.00603428716529	102.88611476204116	0.0023203191684759857	1.0000957926491827
2.242053148507424	1.8949519663937624	0.0662697803260823	0.7363353416008737	0.1014347206457241	99.00603428716529	102.88611476204116	0.0023206270013935637	1.0000957926491827
2.242053148507424	1.8949519663937624	0.0662697803260823	0.7363353416008737	0.1014347206457241	99.00603428716529	102.88611476204116	0.0023206270013935637	1.0000957926491827
2.242053148507424	1.8949519663937624	0.0662697803260823	0.7363353416008737	0.1014347206457241	99.00603428716529	102.88611476204116	0.0023206270013935637	1.0000957926491827
2.242053148507424	1.8949519663937624	0.0662697803260823	0.7363353416008737	0.1014347206457241	99.00603428716529	102.88611476204116	0.0023206270013935637	1.0000957926491827
2.242053148507424	1.8949519663937624	0.0662697803260823	0.7363353416008737	0.1014347206457241	99.00603428716529	102.88611476204116	0.0023206270013935637	1.0000957926491827
2.242053148507424	1.8949519663937624	0.0662697803260823	0.7363353416008737	0.1014347206457241	99.00603428716529	102.88611476204116	0.0023206270013935637	1.0000957926491827
2.242053148507424	1.8949519663937624	0.0662697803260823	0.7363353416008737	0.1014347206457241	99.00603428716529	102.88611476204116	0.0023206270013935637	1.0000957926491827
2.242053148507424	1.8949519663937624	0.0662697803260823	0.7363353416008737	0.1014347206457241	99.00603428716529	102.88611476204116	0.0023206270013935637	1.0000957926491827
2.242053148507424	1.8949519663937624	0.0662697803260823	0.7363353416008737	0.1014347206457241	99.00603428716529	102.88611476204116	0.0023206270013935637	1.000093543725251
2.242053148507424	1.8949519663937624	0.0662697803260823	0.7363353416008737	0.1014347206457241	99.00603428716529	102.88611476204116	0.0023206270013935637	1.000093587600743
2.242053148507424	1.8949519663937624	0.0662697803260823	0.7363353416008737	0.1014347206457241	99.00603428716529	102.88611476204116	0.0023206270013935637	1.000093587600743
2.242053148507424	1.8949519663937624	0.0662697803260823	0.7363353416008737	0.1014347206457241	99.00603428716529	102.88611476204116	0.0023206270013935637	1.000093587600743
2.242053148507424	1.8949519663937624	0.0662697803260823	0.7363353416008737	0.1014347206457241	99.00603428716529	102.88611476204116	0.0023206270013935637	1.000093587600743
2.242053148507424	1.8949519663937624	0.0662697803260823	0.7363353416008737	0.1014347206457241	99.00603428716529	102.88611476204116	0.0023206270013935637	1.0000937142263135
2.242053148507424	1.8949519663937624	0.0662697803260823	0.7363353416008737	0.1014348185779684	99.00603428716529	102.88611476204116	0.0023206270013935637	1.0000937142263135
2.242053148507424	1.8949519663937624	0.0662697803260823	0.7363353416008737	0.1014348185779684	99.00603428716529	102.88512480176156	0.0023206270013935637	1.0000937142263135
2.242053148507424	1.8949519663937624	0.0662697803260823	0.7363353416008737	0.1014348185779684	99.00603428716529	102.88512480176156	0.0023206270013935637	1.0000937142263135
2.242053148507424	1.8949519663937624	0.0662697803260823	0.7363353416008737	0.1014348185779684	99.00603428716529	102.88512480176156	0.0023238156076702534	1.0000937142263135
2.242053148507424	1.8949519663937624	0.0662697803260823	0.7363353416008737	0.1014348185779684	99.00603428716529	102.91250051097458	0.0023238156076702534	1.0000937142263135
2.242053148507424	1.8949548733801478	0.0662697803260823	0.7363353416008737	0.1014348185779684	99.00603428716529	102.91250051097458	0.0023238156076702534	1.0000937142263135
2.242053148507424	1.8949548733801478	0.0662697803260823	0.7363353416008737	0.1014348185779684	99.00603428716529	102.91250051097458	0.0023238156076702534	1.0000937142263135
2.242053148507424	1.8949548733801478	0.0662697803260823	0.7363353416008737	0.1014348185779684	99.00603428716529	102.91250051097458	0.0023349292269696483	1.0000937142263135
2.242053148507424	1.8949548733801478	0.0662697803260823	0.7363353416008737	0.1014348185779684	99.00603428716529	102.91250051097458	0.0023349292269696483	1.0000937142263135
2.242053148507424	1.8949548733801478	0.0662697803260823	0.7363353416008737	0.1014348185779684	98.99445188074478	102.91250051097458	0.0023349292269696483	1.0000937142263135
2.242053148507424	1.8949548733801478	0.0662697803260823	0.7363353416008737	0.1014348185779684	98.99445188074478	102.91250051097458	0.002173805374684525	1.0000937142263135
2.242053148507424	1.8949548733801478	0.0662697803260823	0.7363353416008737	0.1014348185779684	98.99445188074478	102.91250051097458	0.002173805374684525	1.0000937142263135
2.242053148507424	1.8949548733801478	0.0662697803260823	0.7363353416008737	0.1014348185779684	98.99445188074478	102.91250051097458	0.002421507264220851	1.0000937142263135
2.242053148507424	1.8949548733801478	0.0662697803260823	0.7363353416008737	0.1014348185779684	98.99301567290578	102.91250051097458	0.002421507264220851	1.0000937142263135
2.242053148507424	1.8915577121836717	0.0662697803260823	0.7363353416008737	0.1014348185779684	98.99301567290578	102.91250051097458	0.002421507264220851	1.0000937142263135
2.242053148507424	1.8915577121836717	0.0662697803260823	0.7363353416008737	0.1014348185779684	98.99301567290578	102.91250051097458	0.002421303603847623	1.0000937142263135
2.242053148507424	1.8915577121836717	0.0662697803260823	0.7363353416008737	0.1014348185779684	98.99301567290578	102.91250051097458	0.002421303603847623	1.0000937142263135
2.242053148507424	1.8915577121836717	0.0662697803260823	0.7363353416008737	0.10142351133366675	98.99301567290578	102.91250051097458	0.002421303603847623	1.0000937142263135
2.242053148507424	1.8915577121836717	0.0662697803260823	0.7363353416008737	0.10142351133366675	98.99301567290578	102.91250051097458	0.002421303603847623	1.000093765332089
2.242053148507424	1.8915577121836717	0.0662697803260823	0.7363353416008737	0.1013984022039502	98.99301567290578	102.91250051097458	0.002421303603847623	1.000093765332089
2.242053148507424	1.8915577121836717	0.0662697803260823	0.7363353416008737	0.1013984022039502	98.98296823939529	102.91250051097458	0.002421303603847623	1.000093765332089
2.242053148507424	1.8915577121836717	0.0662697803260823	0.7363353416008737	0.1013984022039502	98.98296823939529	102.91250051097458	0.00239960998105473	1.000093765332089
2.242053148507424	1.8915577121836717	0.0662697803260823	0.7363353416008737	0.1013984022039502	98.98296823939529	102.91250051097458	0.00239960998105473	1.000093765332089
2.242053148507424	1.8915577121836717	0.0662697803260823	0.7363353416008737	0.1013984022039502	98.98296823939529	102.91250051097458	0.00239960998105473	1.0001031148276507
2.242053148507424	1.8915577121836717	0.0662697803260823	0.7363353416008737	0.1013984022039502	98.98304483137511	102.91250051097458	0.00239960998105473	1.0001031148276507
2.242053148507424	1.8915577121836717	0.0662697803260823	0.7363353416008737	0.1013984022039502	98.98304483137511	102.91250051097458	0.00239960998105473	1.0001031148276507
2.242051616309411	1.8915577121836717	0.0662697803260823	0.7363353416008737	0.1013984022039502	98.98304483137511	102.91250051097458	0.00239960998105473	1.0001031148276507
2.242051616309411	1.8915577121836717	0.0662697803260823	0.7363353416008737	0.1013984022039502	98.98304483137511	102.0291417377221	0.00239960998105473	1.0001031148276507
2.242051616309411	1.8915577121836717	0.0662697803260823	0.7363353416008737	0.1013984022039502	98.98304483137511	102.0291417377221	0.00239960998105473	1.0001031148276507
2.242051616309411	1.8915577121836717	0.06625114417412893	0.7363353416008737	0.1013984022039502	98.98304483137511	102.0291417377221	0.00239960998105473	1.0001031148276507
2.242051616309411	1.8915577121836717	0.06625114417412893	0.7363353416008737	0.1013984022039502	98.98304483137511	102.0291417377221	0.00239960998105473	1.000103186914978
2.242051616309411	1.8915577121836717	0.06625114417412893	0.7363353416008737	0.1013984022039502	98.98304483137511	102.0291417377221	0.00239960998105473	1.000103186914978
2.242053087493241	1.8915577121836717	0.06625114417412893	0.7363353416008737	0.1013984022039502	98.98304483137511	102.0291417377221	0.00239960998105473	1.000103186914978
2.242053087493241	1.8915577121836717	0.06625114417412893	0.7363353416008737	0.1013984022039502	98.98304483137511	102.0291417377221	0.00239960998105473	1.000103186914978
2.2418923683352556	1.8915577121836717	0.06625114417412893	0.7363353416008737	0.1013984022039502	98.98304483137511	102.0291417377221	0.00239960998105473	1.000103186914978
2.2418923683352556	1.8915577121836717	0.06625114417412893	0.7363353416008737	0.1013984022039502	98.98888589943508	102.0291417377221	0.00239960998105473	1.000103186914978
2.2418923683352556	1.8915577121836717	0.06625114417412893	0.7363353416008737	0.1013984022039502	98.98888589943508	102.02917141254626	0.00239960998105473	1.000103186914978
2.2418923683352556	1.8915585276166849	0.06625114417412893	0.7363353416008737	0.1013984022039502	98.98888589943508	102.02917141254626	0.00239960998105473	1.000103186914978
2.2418923683352556	1.8915585276166849	0.06625114417412893	0.7363353416008737	0.10139838312264564	98.98888589943508	102.02917141254626	0.00239960998105473	1.000103186914978
2.2418923683352556	1.8915585276166849	0.06625114417412893	0.7363353416008737	0.10139838312264564	98.98888589943508	102.02917141254626	0.00239960998105473	1.000103186914978
2.2418923683352556	1.8915585276166849	0.06626789679705769	0.7363353416008737	0.10139838312264564	98.98888589943508	102.02917141254626	0.00239960998105473	1.000103186914978
2.2418923683352556	1.8915593498504835	0.06626789679705769	0.7363353416008737	0.10139838312264564	98.98888589943508	102.02917141254626	0.00239960998105473	1.000103186914978
2.2418923683352556	1.8915593498504835	0.06626789679705769	0.7363353416008737	0.10139838312264564	98.98888589943508	102.02917141254626	0.002399584627419888	1.000103186914978
2.2418923683352556	1.8915593498504835	0.06626789679705769	0.7363353416008737	0.10139838312264564	98.98888589943508	102.02917141254626	0.002399584627419888	1.000103186914978
2.2418923683352556	1.8915593498504835	0.06626628837977766	0.7363353416008737	0.10139838312264564	98.98888589943508	102.02917141254626	0.002399584627419888	1.000103186914978
2.2418923683352556	1.8915664308995987	0.06626628837977766	0.7363353416008737	0.10139838312264564	98.98888589943508	102.02917141254626	0.002399584627419888	1.000103186914978
2.2418923683352556	1.8915664308995987	0.06626628837977766	0.7363353416008737	0.10139838312264564	98.98888589943508	102.18628420831826	0.002399584627419888	1.000103186914978
2.2418923683352556	1.8917645257748676	0.06626628837977766	0.7363353416008737	0.10139838312264564	98.98888589943508	102.18628420831826	0.002399584627419888	1.000103186914978
2.2418923683352556	1.8917645257748676	0.06626628837977766	0.7363353416008737	0.10139838312264564	98.98888589943508	102.18628420831826	0.002399584627419888	1.000103186914978
2.2418923683352556	1.8917645257748676	0.06626628837977766	0.7363353416008737	0.10139838312264564	98.98888589943508	102.18592104325225	0.002399584627419888	1.000103186914978
2.2418923683352556	1.8917645257748676	0.06625639415516707	0.7363353416008737	0.10139838312264564	98.98888589943508	102.18592104325225	0.002399584627419888	1.000103186914978
2.2418923683352556	1.8917645257748676	0.06625639415516707	0.7363353416008737	0.10139838312264564	98.98888589943508	102.18727450032219	0.002399584627419888	1.000103186914978
2.2418923683352556	1.8917817389987996	0.06625639415516707	0.7363353416008737	0.10139838312264564	98.98888589943508	102.18727450032219	0.002399584627419888	1.000103186914978
2.2418923683352556	1.8917817389987996	0.06625639415516707	0.7363353416008737	0.10139838312264564	98.98888589943508	102.18727450032219	0.002399584627419888	1.000103186914978
2.2418923683352556	1.8917817389987996	0.06625639415516707	0.7363353416008737	0.10139838312264564	98.98888589943508	102.18727450032219	0.002399584627419888	1.0001076659284707
2.2418923683352556	1.8917817389987996	0.06625639415516707	0.7363353416008737	0.10139838312264564	98.98888589943508	102.18727450032219	0.002399584627419888	1.0001076659284707
2.2418923683352556	1.8917817389987996	0.06625639415516707	0.7363353416008737	0.10139904351887412	98.98888589943508	102.18727450032219	0.002399584627419888	1.0001076659284707
2.2418923683352556	1.8917817389987996	0.06625639415516707	0.7363353416008737	0.10139904351887412	98.98879557507985	102.18727450032219	0.002399584627419888	1.0001076659284707
2.2418923683352556	1.8917817389987996	0.06625639415516707	0.7363353416008737	0.10139904351887412	98.98589882942842	102.18727450032219	0.002399584627419888	1.0001076659284707
2.2418923683352556	1.8917817389987996	0.06625639415516707	0.7363353416008737	0.10139904351887412	98.98589882942842	102.18727450032219	0.002399584627419888	1.0001076659284707
2.2418923683352556	1.8917817389987996	0.06625639415516707	0.7363353416008737	0.10139904351887412	98.98589882942842	102.18727450032219	0.002399584627419888	1.0001074665039185
2.2418923683352556	1.8917817389987996	0.06625639415516707	0.7363353416008737	0.10139904351887412	98.98589882942842	102.18727450032219	0.002399584627419888	1.0001074665039185
2.2418923683352556	1.8917817389987996	0.06625639415516707	0.7363353416008737	0.10139904351887412	98.98589882942842	102.18727450032219	0.002399584627419888	1.0001074665039185
2.2418923683352556	1.8917817389987996	0.06625639415516707	0.7363353416008737	0.10140330426191616	98.98589882942842	102.18727450032219	0.002399584627419888	1.0001074665039185
2.2418923683352556	1.8917817389987996	0.06625639415516707	0.7363353416008737	0.10140330426191616	98.98589882942842	102.18727450032219	0.002399584627419888	1.0001074665039185
2.2418923683352556	1.8917696373886315	0.06625639415516707	0.7363353416008737	0.10140330426191616	98.98589882942842	102.18727450032219	0.002399584627419888	1.0001074665039185
2.2418923683352556	1.8917696373886315	0.06625639415516707	0.7363353416008737	0.10140975746621457	98.98589882942842	102.18727450032219	0.002399584627419888	1.0001074665039185
2.2418923683352556	1.8917696373886315	0.06625639415516707	0.7363353416008737	0.10140523109051616	98.98589882942842	102.18727450032219	0.002399584627419888	1.0001074665039185
2.2418923683352556	1.8917696373886315	0.06625639415516707	0.7363353416008737	0.10140523109051616	98.98589882942842	102.18727450032219	0.002399584627419888	1.0001074665039185
2.2418923683352556	1.8917696373886315	0.06625639415516707	0.7363353416008737	0.10140522491982346	98.98589882942842	102.18727450032219	0.002399584627419888	1.0001074665039185
2.2418923683352556	1.8917696373886315	0.06625639415516707	0.7363353416008737	0.10140522491982346	98.98589882942842	102.18727450032219	0.002399584627419888	1.000107129922369
2.2418923683352556	1.8917696373886315	0.06625639415516707	0.7363353416008737	0.10140522491982346	98.98589882942842	102.18727450032219	0.002399584627419888	1.000107129922369
2.2418923683352556	1.8917697482721172	0.06625639415516707	0.7363353416008737	0.10140522491982346	98.98589882942842	102.18727450032219	0.002399584627419888	1.000107129922369
2.2418923683352556	1.8917697482721172	0.06625639415516707	0.7363353416008737	0.10140522491982346	98.98589882942842	102.18727450032219	0.002399584627419888	1.000107129922369
2.2418923683352556	1.8917697482721172	0.06625639415516707	0.7363353416008737	0.10140522491982346	98.98589882942842	102.18727450032219	0.002399584627419888	1.000107129922369
2.2418923683352556	1.8917697482721172	0.06625639415516707	0.7363353416008737	0.10140522491982346	98.98589882942842	102.18727450032219	0.0023995916134520335	1.000107129922369
2.2418923683352556	1.8917697482721172	0.06625639415516707	0.7363353416008737	0.10140522491982346	98.98589882942842	102.18733556140428	0.0023995916134520335	1.000107129922369
2.2418923683352556	1.8917697482721172	0.06625639415516707	0.7363353416008737	0.10140522491982346	98.98374328121147	102.18733556140428	0.0023995916134520335	1.000107129922369
2.2418923683352556	1.8917697482721172	0.06625639415516707	0.7363353416008737	0.10140522491982346	98.98374328121147	102.18733556140428	0.0023995916134520335	1.000107129922369
2.2418923683352556	1.8917697482721172	0.06625639415516707	0.7363353416008737	0.10140522491982346	98.98374328121147	102.18733556140428	0.0023995916134520335	1.000107129922369
2.2418923683352556	1.8917697482721172	0.06625639415516707	0.7363353416008737	0.10140522491982346	98.98374328121147	102.18733556140428	0.0023996261444987556	1.000107129922369
2.2418923683352556	1.8917697482721172	0.06625639415516707	0.7363353416008737	0.10140522491982346	98.98374328121147	102.18733556140428	0.0023996261444987556	1.000107129922369
2.2418923683352556	1.8917697482721172	0.06625639415516707	0.7363353416008737	0.10140522491982346	98.98374328121147	102.18733556140428	0.0023996261444987556	1.000107129922369
2.2419456260020105	1.8917697482721172	0.06625639415516707	0.7363353416008737	0.10140522491982346	98.98374328121147	102.18733556140428	0.0023996261444987556	1.000107129922369
2.2419456260020105	1.8917697482721172	0.06625639415516707	0.7363353416008737	0.10140522491982346	98.9839540169115	102.18733556140428	0.0023996261444987556	1.000107129922369
2.2419456260020105	1.8917697482721172	0.06625639415516707	0.7363353416008737	0.10140522491982346	98.9839540169115	102.18733556140428	0.0023996261444987556	1.000107129922369
2.2419456260020105	1.8917697482721172	0.06625639415516707	0.7363353416008737	0.10126762372682753	98.9839540169115	102.18733556140428	0.0023996261444987556	1.000107129922369
2.2419456260020105	1.8917697482721172	0.06625639415516707	0.7364289029283044	0.10126762372682753	98.9839540169115	102.18733556140428	0.0023996261444987556	1.000107129922369
2.2419456260020105	1.8917697482721172	0.06625639415516707	0.7364289029283044	0.10126762372682753	98.9839540169115	102.18733556140428	0.0023996261444987556	1.000107129922369
2.2419456260020105	1.8917697482721172	0.06625639415516707	0.7364289029283044	0.10126762372682753	98.9839540169115	102.18733556140428	0.002399065050324151	1.000107129922369
2.241944061348081	1.8917697482721172	0.06625639415516707	0.7364289029283044	0.10126762372682753	98.9839540169115	102.18733556140428	0.002399065050324151	1.000107129922369
2.241944061348081	1.8917697482721172	0.06625639415516707	0.7364289029283044	0.10126762372682753	98.9839540169115	101.10031412023518	0.002399065050324151	1.000107129922369
2.241944061348081	1.8917697482721172	0.06625077543898848	0.7364289029283044	0.10126762372682753	98.9839540169115	101.10031412023518	0.002399065050324151	1.000107129922369
2.241944061348081	1.8917697482721172	0.06625077543898848	0.7364289029283044	0.10126762372682753	98.9839540169115	101.10031412023518	0.002399065050324151	1.000107129922369
2.241944061348081	1.8917697482721172	0.06625077543898848	0.7364289029283044	0.10126762372682753	98.9839540169115	101.10031412023518	0.002399065050324151	1.000107129922369
2.241944061348081	1.8917697482721172	0.06625077543898848	0.7364289029283044	0.10126762372682753	98.9839540169115	101.10031412023518	0.002399065050324151	1.000107129922369
2.241944061348081	1.8917697482721172	0.06625077543898848	0.7364289029283044	0.10112381220389063	98.9839540169115	101.10031412023518	0.002399065050324151	1.000107129922369
2.241944061348081	1.892267332763655	0.06625077543898848	0.7364289029283044	0.10112381220389063	98.9839540169115	101.10031412023518	0.002399065050324151	1.000107129922369
2.241944061348081	1.892267332763655	0.06625077543898848	0.7364289029283044	0.10112381220389063	98.9839540169115	101.10031412023518	0.002399065050324151	1.000107129922369
2.241944061348081	1.892267332763655	0.06625077543898848	0.7364289029283044	0.10112381220389063	98.9839540169115	101.7125971005325	0.002399065050324151	1.000107129922369
2.241944061348081	1.892267332763655	0.06625077543898848	0.7364289029283044	0.10112381220389063	98.9839540169115	101.7125971005325	0.002399065050324151	1.000107129922369
2.242762479348486	1.892267332763655	0.06625077543898848	0.7364289029283044	0.10112381220389063	98.9839540169115	101.7125971005325	0.002399065050324151	1.000107129922369
2.242762479348486	1.892267332763655	0.06625077543898848	0.7364289029283044	0.10112381220389063	98.9839540169115	101.7125971005325	0.002399065050324151	1.000107129922369
2.242762479348486	1.892267332763655	0.06625077543898848	0.7364289029283044	0.10112381220389063	98.9839540169115	101.7125971005325	0.002399065050324151	1.000107129922369
2.242762479348486	1.892267332763655	0.06625077543898848	0.7364289029283044	0.10112381220389063	98.9839540169115	101.7125971005325	0.002399065050324151	1.0000984986967583
2.242762479348486	1.892267332763655	0.06625077543898848	0.7364289029283044	0.10095444924165074	98.9839540169115	101.7125971005325	0.002399065050324151	1.0000984986967583
2.242762479348486	1.892267332763655	0.06625077543898848	0.7364289029283044	0.10095374316032837	98.9839540169115	101.7125971005325	0.002399065050324151	1.0000984986967583
2.242762479348486	1.8922651161775192	0.06625077543898848	0.7364289029283044	0.10095374316032837	98.9839540169115	101.7125971005325	0.002399065050324151	1.0000984986967583
2.242762479348486	1.8922651161775192	0.06625077543898848	0.7364289029283044	0.10095374316032837	98.9839540169115	101.7125971005325	0.002399065050324151	1.0000984986967583
2.242762479348486	1.8922651161775192	0.06625077543898848	0.7364289029283044	0.10100558874628594	98.9839540169115	101.7125971005325	0.002399065050324151	1.0000984986967583
2.2427773697022655	1.8922651161775192	0.06625077543898848	0.7364289029283044	0.10100558874628594	98.9839540169115	101.7125971005325	0.002399065050324151	1.0000984986967583
2.2427773697022655	1.8922651161775192	0.06625077543898848	0.7364289029283044	0.10100558874628594	98.9839540169115	101.7125971005325	0.002399065050324151	1.0000984986967583
2.2427773697022655	1.8922651161775192	0.06625077543898848	0.7364289029283044	0.10100558874628594	98.9839540169115	101.76157924080148	0.002399065050324151	1.0000984986967583
2.2427773697022655	1.8922651161775192	0.06625077543898848	0.7364289029283044	0.10100558874628594	98.9839540169115	101.76157924080148	0.002399065050324151	1.0000982927693518
2.242794556775521	1.8922651161775192	0.06625077543898848	0.7364289029283044	0.10100558874628594	98.9839540169115	101.76157924080148	0.002399065050324151	1.0000982927693518
2.242794556775521	1.8923062342735169	0.06625077543898848	0.7364289029283044	0.10100558874628594	98.9839540169115	101.76157924080148	0.002399065050324151	1.0000982927693518
2.242794556775521	1.8923062342735169	0.06625077543898848	0.7364289029283044	0.10100558874628594	98.9839540169115	101.76157924080148	0.002399065050324151	1.0000982927693518
2.242794556775521	1.8923057505217442	0.06625077543898848	0.7364289029283044	0.10100558874628594	98.9839540169115	101.76157924080148	0.002399065050324151	1.0000982927693518
2.242794556775521	1.8923057505217442	0.06625077543898848	0.7364289029283044	0.10100558874628594	98.9839540169115	101.76157924080148	0.002399065050324151	1.0000982927693518
2.242794556775521	1.8923057505217442	0.06625077543898848	0.7364289029283044	0.10100558874628594	98.9839540169115	101.76157924080148	0.002399065050324151	1.0001026539722604
2.242794556775521	1.8923057505217442	0.06625077543898848	0.7364289029283044	0.10100558874628594	98.9839540169115	101.76157924080148	0.002399065050324151	1.0001026539722604
2.242794556775521	1.8923057505217442	0.06625077543898848	0.7364289029283044	0.10100558874628594	98.9839540169115	101.76157924080148	0.002399065050324151	1.0001026539722604
2.242794556775521	1.8923057505217442	0.06625077543898848	0.7364289029283044	0.10100558874628594	98.9839540169115	101.76157924080148	0.002399065050324151	1.0001026539722604
2.242794556775521	1.8923057505217442	0.06625077543898848	0.7364289029283044	0.10087293864113808	98.9839540169115	101.76157924080148	0.002399065050324151	1.0001026539722604
2.242794556775521	1.8923057505217442	0.06625077543898848	0.7364289029283044	0.10087293864113808	98.9839540169115	101.76287688848187	0.002399065050324151	1.0001026539722604
2.242794556775521	1.8923057505217442	0.06625077543898848	0.7364289029283044	0.10087236617594765	98.9839540169115	101.76287688848187	0.002399065050324151	1.0001026539722604
2.242794556775521	1.8923057505217442	0.06625077543898848	0.7364289029283044	0.10087236617594765	98.9839540169115	101.76287688848187	0.002399065050324151	1.0001026539722604
2.242794556775521	1.8923057505217442	0.06625077543898848	0.7364289029283044	0.10087236617594765	98.9839540169115	101.76287688848187	0.002399065050324151	1.0001026539722604
2.242794556775521	1.8923057505217442	0.06625077543898848	0.7364289029283044	0.10087236617594765	98.9839540169115	101.76287688848187	0.002399065050324151	1.0001026539722604
2.242794556775521	1.8923057505217442	0.06625077543898848	0.7364289029283044	0.10087236617594765	98.9839540169115	101.76287688848187	0.002428526296155798	1.0001026539722604
2.242794556775521	1.8923057505217442	0.06625077543898848	0.7364289029283044	0.10087236617594765	98.98438216069397	101.76287688848187	0.002428526296155798	1.0001026539722604
2.242794556775521	1.8923057505217442	0.06625077543898848	0.7364289029283044	0.10087236617594765	98.98438216069397	101.76287688848187	0.002428526296155798	1.0001026539722604
2.242794556775521	1.8923057505217442	0.06625077543898848	0.7364267816676212	0.10087236617594765	98.98438216069397	101.76287688848187	0.002428526296155798	1.0001026539722604
2.242794556775521	1.8923057505217442	0.06625077543898848	0.7364267816676212	0.10087236617594765	98.98438216069397	101.76287688848187	0.002428526296155798	1.0001026796798558
2.242794556775521	1.8923057505217442	0.06625077543898848	0.7364267816676212	0.10087020047767895	98.98438216069397	101.76287688848187	0.002428526296155798	1.0001026796798558
2.242794556775521	1.8923057505217442	0.06625077543898848	0.7364267816676212	0.10087020047767895	98.98438216069397	102.92489890998154	0.002428526296155798	1.0001026796798558
2.242794556775521	1.8923057505217442	0.06625077543898848	0.7364267816676212	0.10087020047767895	98.98438216069397	102.92456687960492	0.002428526296155798	1.0001026796798558
2.242794556775521	1.8923057505217442	0.06625077543898848	0.7371647012493296	0.10087020047767895	98.98438216069397	102.92456687960492	0.002428526296155798	1.0001026796798558
2.242794556775521	1.8923057505217442	0.06625077543898848	0.7371647012493296	0.10087020047767895	98.98438216069397	102.92456687960492	0.002428526296155798	1.0001026796798558
2.242794556775521	1.8923057505217442	0.06625077543898848	0.7371647012493296	0.10087020047767895	98.98438216069397	99.50663541930358	0.002428526296155798	1.0001026796798558
2.242794556775521	1.8923057505217442	0.06625077543898848	0.7371647012493296	0.10087003482432934	98.98438216069397	99.50663541930358	0.002428526296155798	1.0001026796798558
2.242794556775521	1.8923057505217442	0.06625077543898848	0.7371647012493296	0.10087003482432934	98.98438216069397	99.50663541930358	0.002428526296155798	1.0001026796798558
2.242794556775521	1.8923057505217442	0.06625077543898848	0.7371647012493296	0.10087003482432934	98.98438216069397	99.50663541930358	0.0024268468707256755	1.0001026796798558
2.242794556775521	1.8923057505217442	0.06625077543898848	0.736273592200195	0.10087003482432934	98.98438216069397	99.50663541930358	0.0024268468707256755	1.0001026796798558
2.242794556775521	1.8923057505217442	0.06625077543898848	0.736273592200195	0.10087003482432934	98.98438216069397	99.50663541930358	0.0024268468707256755	1.0001026796798558
2.242794556775521	1.8923057505217442	0.06625077543898848	0.736273592200195	0.10087003482432934	98.98438216069397	99.50663541930358	0.0024268468707256755	1.0001026796798558
2.242794556775521	1.8923057505217442	0.06625077543898848	0.736273592200195	0.10087003482432934	98.98438216069397	99.50663541930358	0.002427139181350785	1.0001026796798558
2.242794556775521	1.8923057505217442	0.06625077543898848	0.736273592200195	0.10087003482432934	98.98438216069397	99.50663541930358	0.0024287093570315057	1.0001026796798558
2.242794556775521	1.8923057505217442	0.06625077543898848	0.736273592200195	0.10087003482432934	98.98438216069397	99.50663541930358	0.0024287093570315057	1.0001026796798558
2.242794556775521	1.8923057505217442	0.06625077543898848	0.736273592200195	0.10087003482432934	98.98438216069397	99.50663541930358	0.0024287093570315057	1.0001026796798558
2.242794556775521	1.8923057505217442	0.06625077543898848	0.736273592200195	0.10087003482432934	98.98438216069397	99.50663541930358	0.0024287093570315057	1.0001026796798558
2.242794556775521	1.8923057505217442	0.06625077543898848	0.736273592200195	0.10087003482432934	98.98438216069397	99.50663541930358	0.0023847655134302185	1.0001026796798558
2.242794556775521	1.8923057505217442	0.06625077543898848	0.736273592200195	0.10087003482432934	98.98438216069397	99.50663541930358	0.0023847655134302185	1.0001026796798558
2.242794556775521	1.8923057505217442	0.06625077543898848	0.736273592200195	0.10076927941132965	98.98438216069397	99.50663541930358	0.0023847655134302185	1.0001026796798558
2.242794556775521	1.8923057505217442	0.06625077543898848	0.736273592200195	0.10076927941132965	98.98438216069397	99.50663541930358	0.0023847655134302185	1.0000960413581768
2.242794556775521	1.8923057505217442	0.06625077543898848	0.736273592200195	0.10076927941132965	98.98438216069397	99.50663541930358	0.0023847655134302185	1.0000960413581768
2.242794556775521	1.8923057505217442	0.06625077543898848	0.736273592200195	0.10076927941132965	98.98438216069397	99.50663541930358	0.0023847655134302185	1.0000960522948676
2.242794556775521	1.8923057505217442	0.06625077543898848	0.736273592200195	0.10076927941132965	98.98438216069397	99.50663541930358	0.0023847655134302185	1.000095899515528
2.242794556775521	1.8923057505217442	0.06625077543898848	0.736273592200195	0.10076927941132965	98.98169517561735	99.50663541930358	0.0023847655134302185	1.000095899515528
2.242794556775521	1.8925785854608805	0.06625077543898848	0.736273592200195	0.10076927941132965	98.98169517561735	99.50663541930358	0.0023847655134302185	1.000095899515528
2.242794556775521	1.8925785854608805	0.06625077543898848	0.736273592200195	0.10076927941132965	98.98169517561735	99.50663541930358	0.0023847655134302185	1.000095899515528
2.242794556775521	1.8925785854608805	0.06625077543898848	0.736273592200195	0.10076927941132965	98.98169517561735	99.50663541930358	0.0023847655134302185	1.000095899515528
2.242794556775521	1.8925785854608805	0.06625077543898848	0.736273592200195	0.10076927941132965	98.98169517561735	99.50663541930358	0.0023847655134302185	1.000095899515528
2.242794556775521	1.8925785854608805	0.06625077543898848	0.736273592200195	0.10076927941132965	98.98169517561735	99.50663541930358	0.0023847655134302185	1.000095899515528
2.242794556775521	1.8925785854608805	0.06625077543898848	0.736273592200195	0.10076927941132965	98.98169517561735	99.50663541930358	0.0023847655134302185	1.000095899515528
2.242794556775521	1.8925785854608805	0.06625077543898848	0.736273592200195	0.10076927941132965	98.98169517561735	99.50663541930358	0.0023847655134302185	1.000095899515528
2.242794556775521	1.8925785854608805	0.06625077543898848	0.736273592200195	0.10076927941132965	98.98169517561735	99.50663541930358	0.002385022317019816	1.000095899515528
2.242794556775521	1.8925785854608805	0.06625077543898848	0.736273592200195	0.10076927941132965	98.98169517561735	99.50709775593106	0.002385022317019816	1.000095899515528
2.242794556775521	1.8925785854608805	0.06611896253970534	0.736273592200195	0.10076927941132965	98.98169517561735	99.50709775593106	0.002385022317019816	1.000095899515528
2.242794556775521	1.8925785854608805	0.06611896253970534	0.736273592200195	0.10076927941132965	98.98169517561735	99.50709775593106	0.002385022317019816	1.000095899515528
2.242794556775521	1.8925785854608805	0.06611896253970534	0.736273592200195	0.10076927941132965	98.98169517561735	99.50709775593106	0.002385022317019816	1.000095899515528
2.242794556775521	1.8947946744358568	0.06611896253970534	0.736273592200195	0.10076927941132965	98.98169517561735	99.50709775593106	0.002385022317019816	1.000095899515528
2.242794556775521	1.8947946744358568	0.06605664128064197	0.736273592200195	0.10076927941132965	98.98169517561735	99.50709775593106	0.002385022317019816	1.000095899515528
2.242468006356829	1.8947946744358568	0.06605664128064197	0.736273592200195	0.10076927941132965	98.98169517561735	99.50709775593106	0.002385022317019816	1.000095899515528
2.242468006356829	1.8947946744358568	0.06605664128064197	0.736273592200195	0.10076890555787671	98.98169517561735	99.50709775593106	0.002385022317019816	1.000095899515528
2.242468006356829	1.8947946744358568	0.0660805770543629	0.736273592200195	0.10076890555787671	98.98169517561735	99.50709775593106	0.002385022317019816	1.000095899515528
2.2430053788671094	1.8947946744358568	0.0660805770543629	0.736273592200195	0.10076890555787671	98.98169517561735	99.50709775593106	0.002385022317019816	1.000095899515528
2.2430053788671094	1.8947946744358568	0.0660805770543629	0.736273592200195	0.10076890555787671	98.98169517561735	99.50709775593106	0.002385022317019816	1.000095899515528
2.2430053788671094	1.8947946744358568	0.0660805770543629	0.736273592200195	0.10076890555787671	98.98169517561735	99.50709775593106	0.002385022317019816	1.000095899515528
2.24227347795619	1.8947946744358568	0.0660805770543629	0.736273592200195	0.10076890555787671	98.98169517561735	99.50709775593106	0.002385022317019816	1.000095899515528
2.24227347795619	1.8947946744358568	0.0660805770543629	0.736273592200195	0.10076890555787671	98.97085928403737	99.50709775593106	0.002385022317019816	1.000095899515528
2.24227347795619	1.8947905266217842	0.0660805770543629	0.736273592200195	0.10076890555787671	98.97085928403737	99.50709775593106	0.002385022317019816	1.000095899515528
2.24227347795619	1.8947905266217842	0.0660805770543629	0.736273592200195	0.10076890555787671	98.97085928403737	99.50709775593106	0.002385022317019816	1.000092423177847
2.24227347795619	1.8947896625058922	0.0660805770543629	0.736273592200195	0.10076890555787671	98.97085928403737	99.50709775593106	0.002385022317019816	1.000092423177847
2.24227347795619	1.8947896625058922	0.0660805770543629	0.736273592200195	0.10076890555787671	98.97085928403737	99.50709775593106	0.0023850165031180865	1.000092423177847
2.24227347795619	1.8947896625058922	0.0660805770543629	0.736273592200195	0.10076890555787671	98.97085928403737	99.50709775593106	0.0023850165031180865	1.000092423177847
2.24227347795619	1.8962197238139402	0.0660805770543629	0.736273592200195	0.10076890555787671	98.97085928403737	99.50709775593106	0.0023850165031180865	1.000092423177847
2.24227347795619	1.8962197238139402	0.0660805770543629	0.736273592200195	0.10076890555787671	98.97085928403737	99.50709775593106	0.0023840529486720075	1.000092423177847
2.24227347795619	1.8962197238139402	0.0660805770543629	0.736273592200195	0.10076890555787671	98.97085928403737	97.7981518961056	0.0023840529486720075	1.000092423177847
2.24227347795619	1.8962197238139402	0.0660805770543629	0.736273592200195	0.10076890555787671	98.97085928403737	97.7981518961056	0.0023840529486720075	1.000092423177847
2.24227347795619	1.8962197238139402	0.0660805770543629	0.736273592200195	0.10076890555787671	98.97085928403737	97.7981518961056	0.0023840529486720075	1.000092423177847
2.24227347795619	1.8962197238139402	0.0660805770543629	0.736273592200195	0.10076890555787671	98.98228273733649	97.7981518961056	0.0023840529486720075	1.000092423177847
2.241880868234802	1.8962197238139402	0.0660805770543629	0.736273592200195	0.10076890555787671	98.98228273733649	97.7981518961056	0.0023840529486720075	1.000092423177847
2.241880868234802	1.8962197238139402	0.0660805770543629	0.736273592200195	0.10076940484741906	98.98228273733649	97.7981518961056	0.0023840529486720075	1.000092423177847
2.241880868234802	1.8961865683522465	0.0660805770543629	0.736273592200195	0.10076940484741906	98.98228273733649	97.7981518961056	0.0023840529486720075	1.000092423177847
2.241880868234802	1.8961865683522465	0.0660805770543629	0.736273592200195	0.10077485141991797	98.98228273733649	97.7981518961056	0.0023840529486720075	1.000092423177847
2.2421042700954823	1.8961865683522465	0.0660805770543629	0.736273592200195	0.10077485141991797	98.98228273733649	97.7981518961056	0.0023840529486720075	1.000092423177847
2.2421042700954823	1.8961865683522465	0.0660805770543629	0.736273592200195	0.10077485141991797	98.98228273733649	97.79840585473019	0.0023840529486720075	1.000092423177847
2.2421042700954823	1.8961848573265645	0.0660805770543629	0.736273592200195	0.10077485141991797	98.98228273733649	97.79840585473019	0.0023840529486720075	1.000092423177847
2.2421042700954823	1.8961848573265645	0.0660805770543629	0.736273592200195	0.10077485141991797	98.98215681852339	97.79840585473019	0.0023840529486720075	1.000092423177847
2.2421042700954823	1.8961848573265645	0.0660805770543629	0.736273592200195	0.10077485141991797	98.98215681852339	97.79840585473019	0.0023840529486720075	1.000092423177847
2.2421042700954823	1.8961848573265645	0.0660805770543629	0.736273592200195	0.10077485141991797	98.9823550470065	97.79840585473019	0.0023840529486720075	1.000092423177847
2.2421042700954823	1.8961848573265645	0.0660805770543629	0.736273592200195	0.10077380246023776	98.9823550470065	97.79840585473019	0.0023840529486720075	1.000092423177847
2.2421042700954823	1.8961848573265645	0.0660805770543629	0.736273592200195	0.10077380246023776	98.9823550470065	97.79840585473019	0.0023840529486720075	1.000092423177847
2.2421042700954823	1.8961848573265645	0.0660805770543629	0.736273592200195	0.10077380246023776	98.9823550470065	97.79840585473019	0.002379950226636751	1.000092423177847
2.2421042700954823	1.896254665100925	0.0660805770543629	0.736273592200195	0.10077380246023776	98.9823550470065	97.79840585473019	0.002379950226636751	1.000092423177847
2.2421042700954823	1.8962556375262438	0.0660805770543629	0.736273592200195	0.10077380246023776	98.9823550470065	97.79840585473019	0.002379950226636751	1.000092423177847
2.2421042700954823	1.8962556375262438	0.0660805770543629	0.736273592200195	0.10077380246023776	98.9823550470065	97.79840585473019	0.002379950226636751	1.000092423177847
2.2421042700954823	1.8962556375262438	0.0660805770543629	0.736273592200195	0.10077380246023776	98.9823550470065	97.79840585473019	0.002379950226636751	1.000092423177847
2.2421042700954823	1.8962556375262438	0.0660805770543629	0.736273592200195	0.10077380246023776	98.9823550470065	97.79840585473019	0.002379950226636751	1.000092423177847
2.2421042700954823	1.8962556375262438	0.0660805770543629	0.736273592200195	0.10077380246023776	98.98226671756088	97.79840585473019	0.002379950226636751	1.000092423177847
2.2421042700954823	1.8962556375262438	0.0660805770543629	0.736273592200195	0.10077380246023776	98.98226671756088	97.79840585473019	0.002379950226636751	1.000092423177847
2.2421042700954823	1.8962556375262438	0.0660805770543629	0.736273592200195	0.10077380246023776	98.98226671756088	97.0882455228168	0.002379950226636751	1.000092423177847
2.2421042700954823	1.8962556375262438	0.0660805770543629	0.736273592200195	0.10077380246023776	98.98226671756088	97.0882455228168	0.002379950226636751	1.0000920693425484
2.2421042700954823	1.8962556375262438	0.0660805770543629	0.736273592200195	0.10077380246023776	98.98226671756088	97.0882455228168	0.002379975706703139	1.0000920693425484
2.242103397355626	1.8962556375262438	0.0660805770543629	0.736273592200195	0.10077380246023776	98.98226671756088	97.0882455228168	0.002379975706703139	1.0000920693425484
2.242103397355626	1.8962556375262438	0.0660805770543629	0.736273592200195	0.10077380246023776	98.98226671756088	97.0882455228168	0.0023801685339937596	1.0000920693425484
2.242103397355626	1.8962556375262438	0.0660805770543629	0.736273592200195	0.10077380246023776	98.98226671756088	97.0882455228168	0.0023801685339937596	1.0000923801867607
2.242103397355626	1.8962556375262438	0.0660805770543629	0.736273592200195	0.10077380246023776	98.98226671756088	97.0882455228168	0.0023801685339937596	1.0000923801867607
2.242103397355626	1.8962556375262438	0.0660805770543629	0.736273592200195	0.10077380246023776	98.98226671756088	97.0882455228168	0.0023801685339937596	1.0000923801867607
2.242103397355626	1.8962552910068156	0.0660805770543629	0.736273592200195	0.10077380246023776	98.98226671756088	97.0882455228168	0.0023801685339937596	1.0000923801867607
2.242103397355626	1.8962552910068156	0.0660805770543629	0.736273592200195	0.10077380246023776	98.98226671756088	97.0882455228168	0.0023801685339937596	1.0000923801867607
2.242103397355626	1.8962552910068156	0.06605020398313903	0.736273592200195	0.10077380246023776	98.98226671756088	97.0882455228168	0.0023801685339937596	1.0000923801867607
2.242103397355626	1.8962552910068156	0.06605020398313903	0.736273592200195	0.10077380246023776	98.98226671756088	97.0882455228168	0.0023801685339937596	1.0000922869231597
2.242103397355626	1.8962552910068156	0.06605020398313903	0.736273592200195	0.10077380246023776	98.98226671756088	97.0882455228168	0.0023801685339937596	1.0000922869231597
2.242103397355626	1.8962552910068156	0.06605020398313903	0.736273592200195	0.10077380246023776	98.98226671756088	97.0882455228168	0.0023801685339937596	1.0000922869231597
2.242103397355626	1.8962552910068156	0.06605020398313903	0.736273592200195	0.10077380246023776	98.98141831545216	97.0882455228168	0.0023801685339937596	1.0000922869231597
2.242103397355626	1.8962552910068156	0.06605020398313903	0.736273592200195	0.10077380246023776	98.98141831545216	97.0882455228168	0.0023801685339937596	1.0000922869231597
2.242103397355626	1.8962552910068156	0.06605020398313903	0.736273592200195	0.10077380246023776	98.98141831545216	97.0882455228168	0.0023801685339937596	1.0000922869231597
2.242103397355626	1.8962552910068156	0.06605020398313903	0.736273592200195	0.10077380246023776	98.98141831545216	97.0882455228168	0.002380461728698941	1.0000922869231597
2.242103397355626	1.896258059666822	0.06605020398313903	0.736273592200195	0.10077380246023776	98.98141831545216	97.0882455228168	0.002380461728698941	1.0000922869231597
2.242103397355626	1.896258059666822	0.06605020398313903	0.736273592200195	0.10077380246023776	98.98141831545216	97.08601495791905	0.002380461728698941	1.0000922869231597
2.242103397355626	1.896258059666822	0.06605020398313903	0.736273592200195	0.10077380246023776	98.98141831545216	97.08601495791905	0.002380461728698941	1.0000900720429957
2.2421013982114797	1.896258059666822	0.06605020398313903	0.736273592200195	0.10077380246023776	98.98141831545216	97.08601495791905	0.002380461728698941	1.0000900720429957
2.2421013982114797	1.896258059666822	0.06605020398313903	0.736273592200195	0.10077380246023776	98.98141831545216	97.08601495791905	0.002380461728698941	1.0000900720429957
2.2421013982114797	1.896258059666822	0.06605020398313903	0.736273592200195	0.10077380246023776	98.98141831545216	97.08601495791905	0.002380461728698941	1.0000900720429957
2.2421013982114797	1.896258059666822	0.06605020398313903	0.736273592200195	0.10077380246023776	98.98138742544991	97.08601495791905	0.002380461728698941	1.0000900720429957
2.2421013982114797	1.896258059666822	0.06605020398313903	0.736273592200195	0.10077380246023776	98.98145779618062	97.08601495791905	0.002380461728698941	1.0000900720429957
2.2421013982114797	1.896258059666822	0.06605020398313903	0.736273592200195	0.10077380246023776	98.98145779618062	97.08601495791905	0.002380461728698941	1.0000901557744044
2.2421013982114797	1.896258059666822	0.06605020398313903	0.736273592200195	0.10077380246023776	98.98145779618062	97.08601495791905	0.002380461728698941	1.0000897183783135
2.2421013982114797	1.896258059666822	0.06605020398313903	0.736273592200195	0.10077230346297161	98.98145779618062	97.08601495791905	0.002380461728698941	1.0000897183783135
2.2421013982114797	1.896258059666822	0.06605020398313903	0.736273592200195	0.10077230346297161	98.98145779618062	97.08601495791905	0.002380461728698941	1.000089905055803
2.2421013982114797	1.896258059666822	0.06605020398313903	0.736273592200195	0.10077230346297161	98.98145779618062	97.08601495791905	0.002380461728698941	1.000089905055803
2.2421013982114797	1.896258059666822	0.06608987090077868	0.736273592200195	0.10077230346297161	98.98145779618062	97.08601495791905	0.002380461728698941	1.000089905055803
2.242104332664273	1.896258059666822	0.06608987090077868	0.736273592200195	0.10077230346297161	98.98145779618062	97.08601495791905	0.002380461728698941	1.000089905055803
2.242104332664273	1.896258059666822	0.06608987090077868	0.736273592200195	0.10077230346297161	98.98145779618062	97.08601495791905	0.002380461728698941	1.000089905055803
2.242104332664273	1.896258059666822	0.06608987090077868	0.736273592200195	0.10077230346297161	98.98145779618062	97.08601495791905	0.002380461728698941	1.000089905055803
2.242104332664273	1.896327346260395	0.06608987090077868	0.736273592200195	0.10077230346297161	98.98145779618062	97.08601495791905	0.002380461728698941	1.000089905055803
2.24209796801152	1.896327346260395	0.06608987090077868	0.736273592200195	0.10077230346297161	98.98145779618062	97.08601495791905	0.002380461728698941	1.000089905055803
2.24209796801152	1.896327346260395	0.06608987090077868	0.736273592200195	0.10077230346297161	98.98145779618062	97.08601495791905	0.0025523259258777853	1.000089905055803
2.24209796801152	1.896327346260395	0.06608987090077868	0.736273592200195	0.10077230346297161	98.98145779618062	97.08601495791905	0.0025523259258777853	1.000089905055803
2.24209796801152	1.896327346260395	0.06608987090077868	0.736273592200195	0.10077230346297161	98.98145779618062	97.08601495791905	0.0025523259258777853	1.000089905055803
2.24209796801152	1.896327346260395	0.06608987090077868	0.736273592200195	0.10077230346297161	98.98145779618062	97.08601495791905	0.0025523259258777853	1.000089905055803
2.24209796801152	1.896327346260395	0.06608987090077868	0.736273592200195	0.10077230346297161	98.98145779618062	97.08601495791905	0.002547292439899556	1.000089905055803
2.24209796801152	1.896327346260395	0.06608987090077868	0.736273592200195	0.10077230346297161	98.98145779618062	97.08601495791905	0.002547292439899556	1.000089905055803
2.24209796801152	1.896327346260395	0.06608987090077868	0.736273592200195	0.10077230346297161	98.98305589768302	97.08601495791905	0.002547292439899556	1.000089905055803
2.24209796801152	1.896327346260395	0.06608496840208525	0.736273592200195	0.10077230346297161	98.98305589768302	97.08601495791905	0.002547292439899556	1.000089905055803
2.24209796801152	1.896327346260395	0.06608496840208525	0.736273592200195	0.10077230346297161	98.98305589768302	97.08601495791905	0.002547292439899556	1.000089905055803
2.24209796801152	1.896327346260395	0.06608496840208525	0.736273592200195	0.10077228406574786	98.98305589768302	97.08601495791905	0.002547292439899556	1.000089905055803
2.24209796801152	1.896327346260395	0.06608496840208525	0.736273592200195	0.10077228406574786	98.98305589768302	97.07900897753106	0.002547292439899556	1.000089905055803
2.24209796801152	1.896327346260395	0.06608496840208525	0.736273592200195	0.10077228406574786	98.98305589768302	97.07900897753106	0.002547292439899556	1.000089905055803
2.24209796801152	1.896327346260395	0.06608496840208525	0.736273592200195	0.10077228406574786	98.98344428217845	97.07900897753106	0.002547292439899556	1.000089905055803
2.24209796801152	1.896327346260395	0.06608496840208525	0.736273592200195	0.10077228406574786	98.98344428217845	97.07900897753106	0.002547292439899556	1.000089905055803
2.24209796801152	1.896327346260395	0.06608496840208525	0.736273592200195	0.10077228406574786	98.98332789180938	97.07900897753106	0.002547292439899556	1.000089905055803
2.242062157744719	1.896327346260395	0.06608496840208525	0.736273592200195	0.10077228406574786	98.98332789180938	97.07900897753106	0.002547292439899556	1.000089905055803
2.242062157744719	1.896327346260395	0.06608496840208525	0.736273592200195	0.10077228406574786	98.98332789180938	97.20096227122522	0.002547292439899556	1.000089905055803
2.242062157744719	1.896327346260395	0.06608496840208525	0.736273592200195	0.10077226623107256	98.98332789180938	97.20096227122522	0.002547292439899556	1.000089905055803
2.242062157744719	1.896327346260395	0.06608496840208525	0.736273592200195	0.10077226623107256	98.98332789180938	97.20096227122522	0.002547292439899556	1.000089905055803
2.242062157744719	1.8963269248780161	0.06608496840208525	0.736273592200195	0.10077226623107256	98.98332789180938	97.20096227122522	0.002547292439899556	1.000089905055803
2.242062157744719	1.8963269248780161	0.06608496840208525	0.736273592200195	0.10077226623107256	98.98332789180938	97.20096227122522	0.002547292439899556	1.0000977412675753
2.242062157744719	1.8963269248780161	0.06608496840208525	0.736273592200195	0.10070919935570485	98.98332789180938	97.20096227122522	0.002547292439899556	1.0000977412675753
2.242062157744719	1.8963269248780161	0.06608496840208525	0.736273592200195	0.10070919935570485	98.98332789180938	97.20096227122522	0.002547292439899556	1.0000977412675753
2.242062157744719	1.8963269248780161	0.06608496840208525	0.736273592200195	0.10070919935570485	98.98332789180938	97.89698363502544	0.002547292439899556	1.0000977412675753
2.242062157744719	1.8963269248780161	0.06609235352383393	0.736273592200195	0.10070919935570485	98.98332789180938	97.89698363502544	0.002547292439899556	1.0000977412675753
2.242062157744719	1.8963269248780161	0.06609235352383393	0.736273592200195	0.10070919935570485	98.98332789180938	97.89698363502544	0.002544381871838676	1.0000977412675753
2.242062157744719	1.8963269248780161	0.06609235352383393	0.736273592200195	0.10070919935570485	98.98332789180938	97.89698363502544	0.002544381871838676	1.0000975415613331
2.242062157744719	1.8963269248780161	0.06609235352383393	0.736273592200195	0.10070919935570485	98.98332789180938	97.89698363502544	0.002544381871838676	1.0000975415613331
2.242062157744719	1.8963269248780161	0.06609235352383393	0.736273592200195	0.10070919935570485	98.98332789180938	97.89698363502544	0.002544381871838676	1.0000975415613331
2.242062157744719	1.8963269248780161	0.06609235352383393	0.736273592200195	0.10070919935570485	98.98332789180938	97.89698363502544	0.002544381871838676	1.0000975415613331
2.242062157744719	1.8963269248780161	0.06609235352383393	0.736273592200195	0.10070919935570485	98.98332789180938	97.89698363502544	0.002544381871838676	1.0000975415613331
2.242062157744719	1.8963269248780161	0.06609235352383393	0.736273592200195	0.10070919935570485	98.98332789180938	97.89698363502544	0.002544381871838676	1.0000975415613331
2.242062157744719	1.8963269248780161	0.06609235352383393	0.736273592200195	0.10070919935570485	98.98332789180938	97.89698363502544	0.00265629130713048	1.0000975415613331
2.242062157744719	1.8963269248780161	0.06609235352383393	0.736273592200195	0.10070919935570485	98.98332789180938	97.8810917719558	0.00265629130713048	1.0000975415613331
2.242062157744719	1.8963269248780161	0.06609235352383393	0.736273592200195	0.10070919935570485	98.98344345051983	97.8810917719558	0.00265629130713048	1.0000975415613331
2.242062157744719	1.8963269248780161	0.06609235352383393	0.736273592200195	0.10070919935570485	98.98344345051983	97.8810917719558	0.00265629130713048	1.0000940120391029
2.242062157744719	1.8963269248780161	0.06609235352383393	0.736273592200195	0.10070919935570485	98.98344345051983	97.8810917719558	0.00265629130713048	1.0000940120391029
2.242062157744719	1.8963269248780161	0.06609235352383393	0.736273592200195	0.10070919935570485	98.98344345051983	97.8810917719558	0.00265629130713048	1.0000940120391029
2.24238684491612	1.8963269248780161	0.06609235352383393	0.736273592200195	0.10070919935570485	98.98344345051983	97.8810917719558	0.00265629130713048	1.0000940120391029
2.24238684491612	1.8963665840409485	0.06609235352383393	0.736273592200195	0.10070919935570485	98.98344345051983	97.8810917719558	0.00265629130713048	1.0000940120391029
2.2423807556164936	1.8963665840409485	0.06609235352383393	0.736273592200195	0.10070919935570485	98.98344345051983	97.8810917719558	0.00265629130713048	1.0000940120391029
2.2423807556164936	1.8963665840409485	0.06609235352383393	0.736273592200195	0.10070919935570485	98.98344345051983	97.8810917719558	0.00265629130713048	1.0000940120391029
2.2423807556164936	1.8963665840409485	0.06609235352383393	0.736273592200195	0.10070919935570485	98.98344345051983	97.8810917719558	0.00265629130713048	1.0000940120391029
2.2423807556164936	1.8963665840409485	0.06609235352383393	0.736273592200195	0.10070919935570485	98.98344345051983	97.8810917719558	0.00265629130713048	1.0000940120391029
2.2423807556164936	1.8963665840409485	0.06609235352383393	0.736273592200195	0.10070919935570485	98.98344345051983	97.8810917719558	0.00265629130713048	1.0000940120391029
2.2423807556164936	1.8963665840409485	0.06609235352383393	0.736273592200195	0.10070919935570485	98.98333857763973	97.8810917719558	0.00265629130713048	1.0000940120391029
2.2423807556164936	1.8963665840409485	0.06609235352383393	0.736273592200195	0.10070919935570485	98.98333857763973	99.70914339855553	0.00265629130713048	1.0000940120391029
2.2423807556164936	1.8963665840409485	0.06609235352383393	0.736273592200195	0.10070919935570485	98.98333857763973	100.97404988533475	0.00265629130713048	1.0000940120391029
2.2423807556164936	1.8963665840409485	0.06609235352383393	0.736273592200195	0.10070919935570485	98.98333857763973	100.97404988533475	0.00265629130713048	1.0000940120391029
2.2423807556164936	1.8963665840409485	0.06609235352383393	0.7362095927585692	0.10070919935570485	98.98333857763973	100.97404988533475	0.00265629130713048	1.0000940120391029
2.2423807556164936	1.8963665840409485	0.06609235352383393	0.7362095927585692	0.10070919935570485	98.98333857763973	100.97404988533475	0.00265629130713048	1.0000940120391029
2.2423807556164936	1.8963665840409485	0.06609235352383393	0.7362095927585692	0.10070919935570485	98.98333857763973	100.97404988533475	0.002654757741442931	1.0000940120391029
2.242377453635584	1.8963665840409485	0.06609235352383393	0.7362095927585692	0.10070919935570485	98.98333857763973	100.97404988533475	0.002654757741442931	1.0000940120391029
2.242377453635584	1.8963665840409485	0.06609235352383393	0.7362095927585692	0.10070919935570485	98.98333857763973	100.97404988533475	0.002654757741442931	1.0000940120391029
2.241848018182214	1.8963665840409485	0.06609235352383393	0.7362095927585692	0.10070919935570485	98.98333857763973	100.97404988533475	0.002654757741442931	1.0000940120391029
2.241848018182214	1.8963665840409485	0.06609235352383393	0.7364267302529444	0.10070919935570485	98.98333857763973	100.97404988533475	0.002654757741442931	1.0000940120391029
2.241848018182214	1.8963665840409485	0.06609235352383393	0.7364267302529444	0.10070919935570485	98.98333857763973	100.97404988533475	0.002654757741442931	1.0000940120391029
2.241848018182214	1.8967423284663967	0.06609235352383393	0.7364267302529444	0.10070919935570485	98.98333857763973	100.97404988533475	0.002654757741442931	1.0000940120391029
2.241848018182214	1.8967423284663967	0.06609235352383393	0.7364267302529444	0.10070919935570485	98.98333857763973	100.97404988533475	0.002654757741442931	1.0000940120391029
2.241848018182214	1.8967423284663967	0.06609235352383393	0.7364267302529444	0.10070919935570485	98.98333857763973	100.97404988533475	0.002654757741442931	1.0000940120391029
2.241848018182214	1.8967423284663967	0.06609235352383393	0.7364267302529444	0.10070919935570485	98.98333857763973	100.97404988533475	0.002654757741442931	1.0000940120391029
2.241848018182214	1.8967423284663967	0.06609235352383393	0.7364267302529444	0.10084855219726846	98.98333857763973	100.97404988533475	0.002654757741442931	1.0000940120391029
2.241848018182214	1.8967423284663967	0.06609235352383393	0.7364267302529444	0.10084855219726846	98.98333857763973	100.97404988533475	0.002654757741442931	1.0000940120391029
2.241848018182214	1.8967423284663967	0.06609235352383393	0.7364267302529444	0.10084855219726846	98.98333857763973	100.97404988533475	0.002654757741442931	1.0000940120391029
2.241848018182214	1.8967423284663967	0.06609235352383393	0.7364267302529444	0.10084855219726846	98.98333857763973	100.97404988533475	0.002654757741442931	1.0000940120391029
2.241848018182214	1.8967423284663967	0.06606408228601332	0.7364267302529444	0.10084855219726846	98.98333857763973	100.97404988533475	0.002654757741442931	1.0000940120391029
2.241848018182214	1.8967423284663967	0.06606408228601332	0.7364267302529444	0.10084855219726846	98.98333857763973	100.97404988533475	0.002654757741442931	1.0000940120391029
2.241848018182214	1.8967423284663967	0.06606408228601332	0.7364267302529444	0.10084855219726846	98.98333857763973	100.97404988533475	0.002654757741442931	1.0000940120391029
2.241848018182214	1.8967423284663967	0.06606408228601332	0.7364267302529444	0.10084855219726846	98.98333857763973	100.97404988533475	0.002654757741442931	1.0000940120391029
2.241848018182214	1.8967423284663967	0.06606408228601332	0.7364267302529444	0.10084855219726846	98.98333857763973	100.79025587892983	0.002654757741442931	1.0000940120391029
2.241888297115776	1.8967423284663967	0.06606408228601332	0.7364267302529444	0.10084855219726846	98.98333857763973	100.79025587892983	0.002654757741442931	1.0000940120391029
2.241888297115776	1.8967423284663967	0.06606408228601332	0.7364267302529444	0.10084855219726846	98.98333857763973	100.71628801195223	0.002654757741442931	1.0000940120391029
2.241888297115776	1.8967423284663967	0.06606408228601332	0.7364267302529444	0.10084855219726846	98.9832227493616	100.71628801195223	0.002654757741442931	1.0000940120391029
2.241888297115776	1.8967423284663967	0.06606408228601332	0.7363959751543978	0.10084855219726846	98.9832227493616	100.71628801195223	0.002654757741442931	1.0000940120391029
2.241888297115776	1.8967423284663967	0.06606408228601332	0.7363959751543978	0.10084855219726846	98.9832227493616	100.71628801195223	0.0026547911970463615	1.0000940120391029
2.241888297115776	1.8967423284663967	0.06606408228601332	0.7363959751543978	0.10084855219726846	98.9832227493616	100.71628801195223	0.0026547911970463615	1.0000940120391029
2.241888297115776	1.8967423284663967	0.06606408228601332	0.7364013589210077	0.10084855219726846	98.9832227493616	100.71628801195223	0.0026547911970463615	1.0000940120391029
2.241888297115776	1.8967423284663967	0.06606408228601332	0.7364013589210077	0.10084855219726846	98.98452694499599	100.71628801195223	0.0026547911970463615	1.0000940120391029
2.241888297115776	1.8967423284663967	0.06606408228601332	0.7364013589210077	0.10084855219726846	98.98452694499599	100.71628801195223	0.0026547911970463615	1.0000940120391029
2.241888297115776	1.8967423284663967	0.06606408228601332	0.7364013589210077	0.10084855219726846	98.98452694499599	100.71628801195223	0.0026547911970463615	1.0000940120391029
2.241888297115776	1.8967423284663967	0.06606408228601332	0.7364013589210077	0.10084855219726846	98.98452694499599	100.71628801195223	0.0026547911970463615	1.0000940120391029
2.241888297115776	1.8967423284663967	0.06606408228601332	0.7364013589210077	0.10084855219726846	98.98461963549849	100.71628801195223	0.0026547911970463615	1.0000940120391029
2.241888297115776	1.8967423284663967	0.06606408228601332	0.7364013589210077	0.10084834993882077	98.98461963549849	100.71628801195223	0.0026547911970463615	1.0000940120391029
2.241888297115776	1.8967423284663967	0.06606408228601332	0.7364013589210077	0.10084834993882077	98.98461963549849	100.71628801195223	0.0026547911970463615	1.0000940120391029
2.241888297115776	1.8967423284663967	0.06606408228601332	0.7364013589210077	0.10084834993882077	98.98461963549849	100.71628801195223	0.0026547911970463615	1.0000940120391029
2.241888297115776	1.8967423284663967	0.06606408228601332	0.7364013589210077	0.10084834993882077	98.98461963549849	100.71628801195223	0.0026547911970463615	1.0000940120391029
2.241888297115776	1.8967423284663967	0.06606408228601332	0.7364013589210077	0.10084834993882077	98.98436072950842	100.71628801195223	0.0026547911970463615	1.0000940120391029
2.241888297115776	1.8967423284663967	0.06606408228601332	0.7364013589210077	0.10084834993882077	98.98436072950842	100.71628801195223	0.0026547911970463615	1.0000940120391029
2.241888297115776	1.8967423284663967	0.06606408228601332	0.7364013589210077	0.1010205328625454	98.98436072950842	100.71628801195223	0.0026547911970463615	1.0000940120391029
2.241888297115776	1.8967423284663967	0.06606408228601332	0.7364013589210077	0.1010205328625454	98.98436072950842	100.71628801195223	0.0026603758028780787	1.0000940120391029
2.241888297115776	1.8967423284663967	0.06606408228601332	0.7364013589210077	0.1010205328625454	98.98436072950842	100.71628801195223	0.0026603758028780787	1.0000940120391029
2.241888297115776	1.8967423284663967	0.06606408228601332	0.7364013589210077	0.1010205328625454	98.98436072950842	100.71628801195223	0.0026603758028780787	1.0000940120391029
2.241888297115776	1.8967423284663967	0.06606408228601332	0.7364013589210077	0.1010205328625454	98.98436072950842	100.71628801195223	0.0026603758028780787	1.0000940120391029
2.241888297115776	1.8967423284663967	0.06606408228601332	0.7364013589210077	0.1010205328625454	98.98436072950842	100.71628801195223	0.0026603758028780787	1.0000940120391029
2.241888297115776	1.8967423284663967	0.06606408228601332	0.7364013589210077	0.1010205328625454	98.98436072950842	100.71628801195223	0.0026603758028780787	1.00009617017468
2.241888297115776	1.8967423284663967	0.06606408228601332	0.7364013589210077	0.1010205328625454	98.98436072950842	100.71628801195223	0.0026603758028780787	1.00009617017468
2.241888297115776	1.8967423284663967	0.06606408228601332	0.7364013589210077	0.1010205328625454	98.98436072950842	100.71628801195223	0.002632733180619961	1.00009617017468
2.241888297115776	1.8967423284663967	0.06606408228601332	0.7364013589210077	0.10102155335593974	98.98436072950842	100.71628801195223	0.002632733180619961	1.00009617017468
2.241888297115776	1.896757189703564	0.06606408228601332	0.7364013589210077	0.10102155335593974	98.98436072950842	100.71628801195223	0.002632733180619961	1.00009617017468
2.241888297115776	1.896757189703564	0.06606408228601332	0.7364013589210077	0.10102155335593974	98.98436072950842	100.71628801195223	0.002632733180619961	1.00009617017468
2.241915904019965	1.896757189703564	0.06606408228601332	0.7364013589210077	0.10102155335593974	98.98436072950842	100.71628801195223	0.002632733180619961	1.00009617017468
2.241898369241513	1.896757189703564	0.06606408228601332	0.7364013589210077	0.10102155335593974	98.98436072950842	100.71628801195223	0.002632733180619961	1.00009617017468
2.241898369241513	1.896757189703564	0.06606408228601332	0.7364013589210077	0.10102155335593974	98.98436072950842	100.71628801195223	0.002632733180619961	1.00009617017468
2.241898369241513	1.896757189703564	0.06606408228601332	0.7364013589210077	0.10102155335593974	98.98436072950842	100.71604697005067	0.002632733180619961	1.00009617017468
2.241898369241513	1.8967487168630202	0.06606408228601332	0.7364013589210077	0.10102155335593974	98.98436072950842	100.71604697005067	0.002632733180619961	1.00009617017468
2.241898369241513	1.8967487168630202	0.06606408228601332	0.7364013589210077	0.10102155335593974	98.98436072950842	100.71604697005067	0.002632733180619961	1.00009617017468
2.2418885804982147	1.8967487168630202	0.06606408228601332	0.7364013589210077	0.10102155335593974	98.98436072950842	100.71604697005067	0.002632733180619961	1.00009617017468
2.2418885804982147	1.8967487168630202	0.06606408228601332	0.7364013589210077	0.10102155335593974	98.98436072950842	100.71604697005067	0.002632733180619961	1.00009617017468
2.2418885804982147	1.8967487168630202	0.06606408228601332	0.7363096250032037	0.10102155335593974	98.98436072950842	100.71604697005067	0.002632733180619961	1.00009617017468
2.2418885804982147	1.8967487168630202	0.06606408228601332	0.7363096250032037	0.10102155335593974	98.98372842870266	100.71604697005067	0.002632733180619961	1.00009617017468
2.2418885804982147	1.8967487168630202	0.06606408228601332	0.7363096250032037	0.10102155335593974	98.98372842870266	100.68381780372138	0.002632733180619961	1.00009617017468
2.2418885804982147	1.8967487168630202	0.06606408228601332	0.7363096250032037	0.10102155335593974	98.9836765958938	100.68381780372138	0.002632733180619961	1.00009617017468
2.2418885804982147	1.8967487168630202	0.06606408228601332	0.7363096250032037	0.10102155335593974	98.9836765958938	100.68381780372138	0.002632733180619961	1.00009617017468
2.2418885804982147	1.8967489773777886	0.06606408228601332	0.7363096250032037	0.10102155335593974	98.9836765958938	100.68381780372138	0.002632733180619961	1.00009617017468
2.2418885804982147	1.8967489773777886	0.06606408228601332	0.7363096250032037	0.10102155335593974	98.99895403128107	100.68381780372138	0.002632733180619961	1.00009617017468
2.2418885804982147	1.8967489773777886	0.06606408228601332	0.7363096250032037	0.10102155335593974	98.99895403128107	100.68381780372138	0.002632733180619961	1.00009617017468
2.2418885804982147	1.8967489773777886	0.06606408228601332	0.7363096250032037	0.10102155335593974	98.99895403128107	100.68381780372138	0.002632733180619961	1.00009617017468
2.2418885804982147	1.8967489773777886	0.06606408228601332	0.7362996424973558	0.10102155335593974	98.99895403128107	100.68381780372138	0.002632733180619961	1.00009617017468
2.2418885804982147	1.8967489773777886	0.06606408228601332	0.7361687516252094	0.10102155335593974	98.99895403128107	100.68381780372138	0.002632733180619961	1.00009617017468
2.2418885804982147	1.8967489773777886	0.06606408228601332	0.7361588885586446	0.10102155335593974	98.99895403128107	100.68381780372138	0.002632733180619961	1.00009617017468
2.2418885804982147	1.8967489773777886	0.06606408228601332	0.7361588885586446	0.10102155335593974	98.99895403128107	100.68381780372138	0.002632733180619961	1.00009617017468
2.2418885804982147	1.8967489773777886	0.06606408228601332	0.7361588885586446	0.10102155335593974	98.99895403128107	100.68381780372138	0.002632733180619961	1.00009617017468
2.2418885804982147	1.8967489773777886	0.06606408228601332	0.7362246568961975	0.10102155335593974	98.99895403128107	100.68381780372138	0.002632733180619961	1.00009617017468
2.2418885804982147	1.8967489773777886	0.06606408228601332	0.7362246568961975	0.10102155335593974	98.99895403128107	100.68381780372138	0.002632733180619961	1.00009617017468
2.2418885804982147	1.894635438096591	0.06606408228601332	0.7362246568961975	0.10102155335593974	98.99895403128107	100.68381780372138	0.002632733180619961	1.00009617017468
2.2418885804982147	1.894635438096591	0.06606408228601332	0.7362246568961975	0.10102155335593974	98.99895403128107	100.77823766382703	0.002632733180619961	1.00009617017468
2.2418885804982147	1.894635438096591	0.06606408228601332	0.7362246568961975	0.10102155335593974	98.99895403128107	100.77823766382703	0.002632733180619961	1.00009617017468
2.2418885804982147	1.894635438096591	0.06606408228601332	0.7362246568961975	0.10102155335593974	98.99895403128107	100.77823766382703	0.002632733180619961	1.00009617017468
2.2418885804982147	1.894635438096591	0.06606408228601332	0.7362246568961975	0.10102155335593974	98.99895403128107	100.77823766382703	0.0026260340976332116	1.00009617017468
2.2418885804982147	1.894635438096591	0.06606408228601332	0.7362246568961975	0.10102155335593974	98.99895403128107	100.77823766382703	0.0026260340976332116	1.00009617017468
2.2418885804982147	1.894635438096591	0.06606408228601332	0.7362246568961975	0.10102155335593974	98.99895403128107	100.77823766382703	0.0026260340976332116	1.00009617017468
2.2418885804982147	1.894635438096591	0.06606408228601332	0.7362246568961975	0.10102155335593974	98.99895403128107	100.77823766382703	0.0026260340976332116	1.00009617017468
2.2418885804982147	1.894635438096591	0.06606408228601332	0.7362246568961975	0.10102155335593974	98.99895403128107	100.77823766382703	0.0026260340976332116	1.00009617017468
2.2418885804982147	1.8946359925835978	0.06606408228601332	0.7362246568961975	0.10102155335593974	98.99895403128107	100.77823766382703	0.0026260340976332116	1.00009617017468
2.2418885804982147	1.8946359925835978	0.06606408228601332	0.7362246568961975	0.10102155335593974	98.99895403128107	100.77823766382703	0.0026290588267161635	1.00009617017468
2.2418885804982147	1.8946359925835978	0.06606408228601332	0.7362246568961975	0.10102155335593974	98.99895403128107	100.77823766382703	0.0025856024544634493	1.00009617017468
2.2418885804982147	1.8946359925835978	0.06606408228601332	0.7365102409739835	0.10102155335593974	98.99895403128107	100.77823766382703	0.0025856024544634493	1.00009617017468
2.2418885804982147	1.8944408689313101	0.06606408228601332	0.7365102409739835	0.10102155335593974	98.99895403128107	100.77823766382703	0.0025856024544634493	1.00009617017468
2.2418885804982147	1.8944408689313101	0.06606408228601332	0.7365102409739835	0.10102155335593974	98.99895403128107	100.77823766382703	0.0025856024544634493	1.00009617017468
2.2418885804982147	1.8944408689313101	0.066120264457931	0.7365102409739835	0.10102155335593974	98.99895403128107	100.77823766382703	0.0025856024544634493	1.00009617017468
2.2418885804982147	1.8944408689313101	0.066120264457931	0.736494682846603	0.10102155335593974	98.99895403128107	100.77823766382703	0.0025856024544634493	1.00009617017468
2.2418885804982147	1.8944408689313101	0.066120264457931	0.736494682846603	0.10102155335593974	98.99895403128107	100.77823766382703	0.0025856024544634493	1.00009617017468
2.2418885804982147	1.8944408689313101	0.066120264457931	0.736494682846603	0.10102155335593974	98.99895403128107	100.77823766382703	0.0025856024544634493	1.000096269641012
2.2418885804982147	1.8944408689313101	0.066120264457931	0.7359609278507763	0.10102155335593974	98.99895403128107	100.77823766382703	0.0025856024544634493	1.000096269641012
2.2418885804982147	1.8944408689313101	0.066120264457931	0.7359609278507763	0.10102155335593974	98.99895403128107	100.77823766382703	0.0025856024544634493	1.000096269641012
2.2418885804982147	1.8944408689313101	0.066120264457931	0.7359609278507763	0.10102155335593974	98.99895403128107	100.77823766382703	0.0025852545514305357	1.000096269641012
2.2418885804982147	1.8944408689313101	0.066120264457931	0.7359609278507763	0.10095669815366622	98.99895403128107	100.77823766382703	0.0025852545514305357	1.000096269641012
2.2418885804982147	1.8944408689313101	0.066120264457931	0.7359609278507763	0.10095669815366622	98.99895403128107	100.92416941970386	0.0025852545514305357	1.000096269641012
2.2418885804982147	1.8944408689313101	0.066120264457931	0.7359609278507763	0.10095669815366622	98.99895403128107	100.92416941970386	0.0025852545514305357	1.000096269641012
2.2418885804982147	1.8944408689313101	0.066120264457931	0.7359609278507763	0.10095669815366622	98.99895403128107	100.92416941970386	0.0025852545514305357	1.000096269641012
2.2418885804982147	1.8944408689313101	0.066120264457931	0.7363779039470605	0.10095669815366622	98.99895403128107	100.92416941970386	0.0025852545514305357	1.000096269641012
2.241788698373808	1.8944408689313101	0.066120264457931	0.7363779039470605	0.10095669815366622	98.99895403128107	100.92416941970386	0.0025852545514305357	1.000096269641012
2.241788698373808	1.8944408689313101	0.066120264457931	0.7363779039470605	0.10095669815366622	98.99895403128107	100.92416941970386	0.0025852545514305357	1.000096269641012
2.241788698373808	1.8944408689313101	0.066120264457931	0.7363779039470605	0.10095669815366622	98.99895403128107	100.92416941970386	0.0025852545514305357	1.000096269641012
2.241788698373808	1.8944408689313101	0.066120264457931	0.7363779039470605	0.10095669815366622	98.99895403128107	100.92416941970386	0.0025852545514305357	1.000096269641012
2.2417791771675097	1.8944408689313101	0.066120264457931	0.7363779039470605	0.10095669815366622	98.99895403128107	100.92416941970386	0.0025852545514305357	1.000096269641012
2.2417791771675097	1.8944408689313101	0.066120264457931	0.7363779039470605	0.10095669815366622	98.99895403128107	100.92416941970386	0.0025852545514305357	1.0000962318182365
2.2417791771675097	1.8944408689313101	0.066120264457931	0.7363779039470605	0.10095669815366622	98.99895403128107	100.9166220959066	0.0025852545514305357	1.0000962318182365
2.2417791771675097	1.8944408689313101	0.0661207009067851	0.7363779039470605	0.10095669815366622	98.99895403128107	100.9166220959066	0.0025852545514305357	1.0000962318182365
2.2417791771675097	1.8944408689313101	0.0661207009067851	0.7363779039470605	0.10095669815366622	98.99895403128107	100.9166220959066	0.0025852545514305357	1.0000962318182365
2.2417791771675097	1.8944408689313101	0.0661207009067851	0.7363779039470605	0.10095669815366622	98.99895403128107	100.9166220959066	0.0025852545514305357	1.0000962318182365
2.2417791771675097	1.8944408689313101	0.0661207009067851	0.7361365294093416	0.10095669815366622	98.99895403128107	100.9166220959066	0.0025852545514305357	1.0000962318182365
2.2417791771675097	1.8944408689313101	0.0661207009067851	0.7361365294093416	0.10095669815366622	98.99895403128107	100.9166220959066	0.0025852545514305357	1.0000962318182365
2.24174668239492	1.8944408689313101	0.0661207009067851	0.7361365294093416	0.10095669815366622	98.99895403128107	100.9166220959066	0.0025852545514305357	1.0000962318182365
2.24174668239492	1.8944418141401067	0.0661207009067851	0.7361365294093416	0.10095669815366622	98.99895403128107	100.9166220959066	0.0025852545514305357	1.0000962318182365
2.24174668239492	1.8944418141401067	0.0661207009067851	0.736102871519094	0.10095669815366622	98.99895403128107	100.9166220959066	0.0025852545514305357	1.0000962318182365
2.24174668239492	1.8944418141401067	0.0661207009067851	0.736102871519094	0.10095667257663628	98.99895403128107	100.9166220959066	0.0025852545514305357	1.0000962318182365
2.24174668239492	1.8944418141401067	0.0661207009067851	0.736102871519094	0.10095667257663628	98.99895403128107	100.9166220959066	0.0025852545514305357	1.0000962318182365
2.24174668239492	1.8944418141401067	0.0661207009067851	0.736102871519094	0.10095667257663628	98.99895403128107	100.9166220959066	0.0026448739360219234	1.0000962318182365
2.24174668239492	1.8944418141401067	0.0661207009067851	0.736102871519094	0.10095667257663628	98.99895403128107	100.9166220959066	0.0026448739360219234	1.0000962318182365
2.24174668239492	1.8944418141401067	0.0661207009067851	0.736102871519094	0.10095667257663628	98.99895403128107	100.90084016600187	0.0026448739360219234	1.0000962318182365
2.24174668239492	1.8944418141401067	0.0661207009067851	0.736102871519094	0.10095667257663628	98.99895403128107	100.84645709684692	0.0026448739360219234	1.0000962318182365
2.24174668239492	1.8944418141401067	0.0661207009067851	0.736102871519094	0.10088164113818564	98.99895403128107	100.84645709684692	0.0026448739360219234	1.0000962318182365
2.24174668239492	1.8944418141401067	0.0661207009067851	0.736102871519094	0.10088164113818564	98.99895403128107	100.84645709684692	0.0026448739360219234	1.0000962318182365
2.24174668239492	1.8944418141401067	0.0661207009067851	0.736102871519094	0.10088164113818564	98.99895403128107	100.84645709684692	0.0026448739360219234	1.0000962318182365
2.24174668239492	1.8944418141401067	0.0661207009067851	0.736102871519094	0.10088164113818564	98.99895403128107	100.84645709684692	0.0026448739360219234	1.0000962318182365
2.24174668239492	1.8944418141401067	0.0661207009067851	0.736102871519094	0.10088164113818564	98.99895403128107	100.84645709684692	0.0026448739360219234	1.0000962318182365
2.24174668239492	1.8944418141401067	0.0661207009067851	0.736102871519094	0.10088164113818564	98.99895403128107	100.84645709684692	0.0026448739360219234	1.0000962318182365
2.24174668239492	1.8944418141401067	0.0661207009067851	0.736102871519094	0.10088164113818564	98.99895403128107	96.54216006757214	0.0026448739360219234	1.0000962318182365
2.241750819884402	1.8944418141401067	0.0661207009067851	0.736102871519094	0.10088164113818564	98.99895403128107	96.54216006757214	0.0026448739360219234	1.0000962318182365
2.241750819884402	1.8944418141401067	0.0661207009067851	0.736102871519094	0.10088164113818564	98.99895403128107	96.54216006757214	0.0026448739360219234	1.0000962318182365
2.241750819884402	1.894441582694765	0.0661207009067851	0.736102871519094	0.10088164113818564	98.99895403128107	96.54216006757214	0.0026448739360219234	1.0000962318182365
2.241750819884402	1.894441582694765	0.0661207009067851	0.736102871519094	0.10088164113818564	98.99895403128107	96.54216006757214	0.0026448739360219234	1.000095746602296
2.241750819884402	1.8944427352119928	0.0661207009067851	0.736102871519094	0.10088164113818564	98.99895403128107	96.54216006757214	0.0026448739360219234	1.000095746602296
2.241750819884402	1.8944427352119928	0.0661207009067851	0.736102871519094	0.10088164113818564	98.99895403128107	96.54216006757214	0.0026448739360219234	1.000095746602296
2.241750819884402	1.8944427352119928	0.0661207009067851	0.736102871519094	0.10089318165397594	98.99895403128107	96.54216006757214	0.0026448739360219234	1.000095746602296
2.241750819884402	1.8944427352119928	0.0661207009067851	0.736102871519094	0.10089318165397594	98.99895403128107	96.54216006757214	0.0026448739360219234	1.000095746602296
2.241750819884402	1.8944427352119928	0.0661207009067851	0.736102871519094	0.10089318165397594	98.99895403128107	96.54216006757214	0.0026448739360219234	1.0000918852924974
2.241750819884402	1.8944427352119928	0.0661207009067851	0.736102871519094	0.10089318165397594	98.99895403128107	96.54216006757214	0.0026448739360219234	1.0000921574603554
2.241750819884402	1.8944427352119928	0.0661207009067851	0.736102871519094	0.10089318165397594	98.99895403128107	96.54216006757214	0.0026448739360219234	1.0000921574603554
2.241750819884402	1.8944427352119928	0.06606095439262157	0.736102871519094	0.10089318165397594	98.99895403128107	96.54216006757214	0.0026448739360219234	1.0000921574603554
2.241750819884402	1.8944427352119928	0.06606095439262157	0.736102871519094	0.10089318165397594	98.99895403128107	96.54216006757214	0.0026448739360219234	1.0000921574603554
2.241750819884402	1.8949395655688333	0.06606095439262157	0.736102871519094	0.10089318165397594	98.99895403128107	96.54216006757214	0.0026448739360219234	1.0000921574603554
2.241750819884402	1.8949395655688333	0.06606095439262157	0.736102871519094	0.10089318165397594	98.99895403128107	96.54216006757214	0.0026448739360219234	1.0000921574603554
2.241750819884402	1.8949395655688333	0.06606095439262157	0.736102871519094	0.10089318165397594	98.99895403128107	96.54216006757214	0.0026448739360219234	1.0000921574603554
2.241750819884402	1.8949395655688333	0.06606095439262157	0.736102871519094	0.10089318165397594	98.99895403128107	96.54216006757214	0.0026448739360219234	1.0000921574603554
2.241750819884402	1.8949395655688333	0.06606095439262157	0.736102871519094	0.10089318165397594	98.99895403128107	96.54216006757214	0.0026448739360219234	1.0000921574603554
2.241750819884402	1.8949395655688333	0.06606095439262157	0.736102871519094	0.10089318165397594	98.99895403128107	96.54216006757214	0.0026448739360219234	1.0000922015260918
2.241750819884402	1.8949395655688333	0.06606095439262157	0.736102871519094	0.10089318165397594	98.99895403128107	96.49494643053382	0.0026448739360219234	1.0000922015260918
2.241750819884402	1.8949395655688333	0.06606095439262157	0.736102871519094	0.10089318165397594	98.99895403128107	96.49494643053382	0.0026448739360219234	1.0000922015260918
2.241748975692452	1.8949395655688333	0.06606095439262157	0.736102871519094	0.10089318165397594	98.99895403128107	96.49494643053382	0.0026448739360219234	1.0000922015260918
2.241748975692452	1.8949395655688333	0.06606095439262157	0.736102871519094	0.10089318165397594	98.99895403128107	96.49494643053382	0.0026448739360219234	1.0000922015260918
2.241748975692452	1.8960215329422014	0.06606095439262157	0.736102871519094	0.10089318165397594	98.99895403128107	96.49494643053382	0.0026448739360219234	1.0000922015260918
2.241748975692452	1.8960215329422014	0.06606095439262157	0.736102871519094	0.10089318165397594	98.99895403128107	96.49494643053382	0.0026448739360219234	1.0000922015260918
2.241748975692452	1.8960215329422014	0.06606095439262157	0.736102871519094	0.10089318165397594	98.99895403128107	96.49494643053382	0.0026448739360219234	1.0000922015260918
2.241748975692452	1.8960215329422014	0.06606095439262157	0.736102871519094	0.10089318165397594	98.99895403128107	96.49494643053382	0.0026448739360219234	1.0000922015260918
2.2417460009721712	1.8960215329422014	0.06606095439262157	0.736102871519094	0.10089318165397594	98.99895403128107	96.49494643053382	0.0026448739360219234	1.0000922015260918
2.2417460009721712	1.8960215329422014	0.06606095439262157	0.736102871519094	0.10089318165397594	98.99895403128107	96.49494643053382	0.0026448739360219234	1.0000922015260918
2.2417460009721712	1.8960215329422014	0.06606095439262157	0.736102871519094	0.10089318165397594	98.99895403128107	96.49494643053382	0.0026448739360219234	1.0000922015260918
2.2417460009721712	1.8960215329422014	0.06606095439262157	0.736102871519094	0.10089318165397594	98.99895403128107	96.49494643053382	0.0026448739360219234	1.0000922015260918
2.2417460009721712	1.8960215329422014	0.06606095439262157	0.736102871519094	0.10089318165397594	98.99895403128107	96.49494643053382	0.0026448739360219234	1.0000922015260918
2.2417460009721712	1.8960215329422014	0.06606095439262157	0.736102871519094	0.10089318165397594	98.99895403128107	96.49494643053382	0.0026448739360219234	1.0000922015260918
2.2417460009721712	1.8960215329422014	0.06606095439262157	0.7361035178433509	0.10089318165397594	98.99895403128107	96.49494643053382	0.0026448739360219234	1.0000922015260918
2.2417460009721712	1.8960215329422014	0.06606095439262157	0.7361035178433509	0.10089318165397594	98.99895403128107	96.49494643053382	0.0026448739360219234	1.0000922015260918
2.2417460009721712	1.8960215329422014	0.06606095439262157	0.7361035178433509	0.10089318165397594	98.99895403128107	96.49494643053382	0.0026448739360219234	1.0000922015260918
2.2417460009721712	1.8960215329422014	0.06606095439262157	0.7361035178433509	0.10089318165397594	98.99895403128107	96.49971235755868	0.0026448739360219234	1.0000922015260918
2.2417460009721712	1.8960215329422014	0.06606095439262157	0.7361035178433509	0.10089318165397594	98.99895403128107	96.49971235755868	0.0026448739360219234	1.0000922015260918
2.2417460009721712	1.8960187340214194	0.06606095439262157	0.7361035178433509	0.10089318165397594	98.99895403128107	96.49971235755868	0.0026448739360219234	1.0000922015260918
2.2417460009721712	1.8960187340214194	0.06606095439262157	0.7361035178433509	0.10089318165397594	98.99895403128107	96.49971235755868	0.0026448739360219234	1.0000922015260918
2.2417460009721712	1.8960187340214194	0.06606095439262157	0.7361035178433509	0.10089318165397594	98.99895403128107	96.49971235755868	0.0026448739360219234	1.0000922015260918
2.2417460009721712	1.8960187340214194	0.06606095439262157	0.7361035178433509	0.10089318165397594	98.99895403128107	96.48779974327569	0.0026448739360219234	1.0000922015260918
2.2417460009721712	1.8960837361407044	0.06606095439262157	0.7361035178433509	0.10089318165397594	98.99895403128107	96.48779974327569	0.0026448739360219234	1.0000922015260918
2.2417460009721712	1.8960837361407044	0.06606095439262157	0.7361035178433509	0.10089318165397594	98.99895403128107	96.48779974327569	0.0026448739360219234	1.0000922015260918
2.2417460009721712	1.8960837361407044	0.06606095439262157	0.7361035178433509	0.10089318165397594	98.99895403128107	96.48779974327569	0.0026448739360219234	1.0000922015260918
2.2417460009721712	1.8960837361407044	0.06606095439262157	0.7361035178433509	0.10089318165397594	98.99895403128107	96.48779974327569	0.0026448739360219234	1.0000922015260918
2.241143598827729	1.8960837361407044	0.06606095439262157	0.7361035178433509	0.10089318165397594	98.99895403128107	96.48779974327569	0.0026448739360219234	1.0000922015260918
2.241143598827729	1.8960837361407044	0.06606095439262157	0.7361035178433509	0.10089318165397594	98.99895403128107	96.48773299246467	0.0026448739360219234	1.0000922015260918
2.241143598827729	1.8960837361407044	0.06606095439262157	0.7361035178433509	0.10089318165397594	98.99895403128107	96.48773299246467	0.0026448739360219234	1.0000922015260918
2.241143598827729	1.8960837361407044	0.06606095439262157	0.7361035178433509	0.10089318165397594	98.99895403128107	96.48773299246467	0.0026453086244376638	1.0000922015260918
2.241143598827729	1.8960837361407044	0.06606095439262157	0.7361035178433509	0.10089318165397594	98.99895403128107	96.48773299246467	0.0026453086244376638	1.0000922015260918
2.241143598827729	1.8960837361407044	0.06606095439262157	0.7361035178433509	0.10089318165397594	98.99895403128107	96.48773299246467	0.0026453086244376638	1.0000922015260918
2.241173723051348	1.8960837361407044	0.06606095439262157	0.7361035178433509	0.10089318165397594	98.99895403128107	96.48773299246467	0.0026453086244376638	1.0000922015260918
2.241173723051348	1.8960837361407044	0.06606095439262157	0.7361035178433509	0.10089318165397594	98.99895403128107	96.48773299246467	0.0026453086244376638	1.0000922015260918
2.241173723051348	1.8960837361407044	0.06606095439262157	0.7361035178433509	0.10089318165397594	98.99895403128107	96.48773299246467	0.0026453086244376638	1.0000921979752988
2.241173723051348	1.8960837361407044	0.06606095439262157	0.7361035178433509	0.10089192464205621	98.99895403128107	96.48773299246467	0.0026453086244376638	1.0000921979752988
2.241173723051348	1.8960837361407044	0.06606095439262157	0.7361035178433509	0.10089192464205621	98.99895403128107	96.48773299246467	0.0026453086244376638	1.0000927228142718
2.241173723051348	1.8960837361407044	0.06606095439262157	0.7361035178433509	0.10089192464205621	98.99895403128107	96.48773299246467	0.0026453086244376638	1.0000927228142718
2.241173723051348	1.8960837361407044	0.06606095439262157	0.7361035178433509	0.10089192464205621	98.99895403128107	96.48773299246467	0.0026453086244376638	1.0000927228142718
2.241173723051348	1.8960837361407044	0.06606095439262157	0.7361035178433509	0.10089192464205621	98.99880981672307	96.48773299246467	0.0026453086244376638	1.0000927228142718
2.241173723051348	1.8960837361407044	0.06606095439262157	0.7361035178433509	0.10089192464205621	98.99880981672307	96.48773299246467	0.0026453086244376638	1.0000927228142718
2.241173723051348	1.8960837361407044	0.06606095439262157	0.7361035178433509	0.10089192464205621	98.99880981672307	96.48773299246467	0.0026453086244376638	1.0000927228142718
2.241173723051348	1.896133140228455	0.06606095439262157	0.7361035178433509	0.10089192464205621	98.99880981672307	96.48773299246467	0.0026453086244376638	1.0000927228142718
2.241173723051348	1.896133140228455	0.06607100361981051	0.7361035178433509	0.10089192464205621	98.99880981672307	96.48773299246467	0.0026453086244376638	1.0000927228142718
2.241173723051348	1.896133140228455	0.06607100361981051	0.7361035178433509	0.10089192464205621	98.99880981672307	96.16509745224981	0.0026453086244376638	1.0000927228142718
2.241173723051348	1.8961275089847505	0.06607100361981051	0.7361035178433509	0.10089192464205621	98.99880981672307	96.16509745224981	0.0026453086244376638	1.0000927228142718
2.241173723051348	1.8961275089847505	0.06607100361981051	0.7361035178433509	0.10089192464205621	98.99880981672307	96.16509745224981	0.002645377089000606	1.0000927228142718
2.241173723051348	1.8961275089847505	0.06607100361981051	0.7361035178433509	0.10089192464205621	98.99880981672307	96.16509745224981	0.002645377089000606	1.0000927228142718
2.241173723051348	1.8961275089847505	0.06607100361981051	0.7361035178433509	0.10089192464205621	98.99880981672307	96.16509745224981	0.002645377089000606	1.0000927228142718
2.241173723051348	1.8961275089847505	0.06607100361981051	0.7361035178433509	0.10089192464205621	98.99880981672307	96.16509745224981	0.002645377089000606	1.0000927228142718
2.241173723051348	1.8961171262508059	0.06607100361981051	0.7361035178433509	0.10089192464205621	98.99880981672307	96.16509745224981	0.002645377089000606	1.0000927228142718
2.241173723051348	1.8961171262508059	0.06607100361981051	0.7361035178433509	0.10089192464205621	98.99880981672307	96.16509745224981	0.0026440213550108864	1.0000927228142718
2.241173723051348	1.8961171262508059	0.06607100361981051	0.7361035178433509	0.10089192464205621	98.99880981672307	96.16509745224981	0.0026440213550108864	1.0000927228142718
2.241173723051348	1.8961171262508059	0.06607100361981051	0.7361035178433509	0.10089192464205621	98.99880981672307	96.16509745224981	0.002635269729366131	1.0000927228142718
2.2411893347813723	1.8961171262508059	0.06607100361981051	0.7361035178433509	0.10089192464205621	98.99880981672307	96.16509745224981	0.002635269729366131	1.0000927228142718
2.2411893347813723	1.8961171262508059	0.06607100361981051	0.7361035178433509	0.10089135035127879	98.99880981672307	96.16509745224981	0.002635269729366131	1.0000927228142718
2.2411893347813723	1.8961171262508059	0.06607100361981051	0.7361035178433509	0.10089135035127879	98.99880981672307	96.25866625697887	0.002635269729366131	1.0000927228142718
2.2411893347813723	1.8961171262508059	0.06607100361981051	0.7361035178433509	0.10089135035127879	98.99880981672307	96.25866625697887	0.002635269729366131	1.0000927228142718
2.2411893347813723	1.8961171262508059	0.06607100361981051	0.7361035178433509	0.10089143338226166	98.99880981672307	96.25866625697887	0.002635269729366131	1.0000927228142718
2.2411893347813723	1.8961171262508059	0.06607100361981051	0.7361522247454301	0.10089143338226166	98.99880981672307	96.25866625697887	0.002635269729366131	1.0000927228142718
2.2411893347813723	1.8961171262508059	0.06607100361981051	0.7361522247454301	0.10089143338226166	98.99880981672307	96.25866625697887	0.002635269729366131	1.0000918074295642
2.241194537689637	1.8961171262508059	0.06607100361981051	0.7361522247454301	0.10089143338226166	98.99880981672307	96.25866625697887	0.002635269729366131	1.0000918074295642
2.241194537689637	1.8961171262508059	0.06607100361981051	0.7361522247454301	0.10089143338226166	98.99880981672307	96.25866625697887	0.002635269729366131	1.0000918074295642
2.241194537689637	1.8961171262508059	0.06610103161267976	0.7361522247454301	0.10089143338226166	98.99880981672307	96.25866625697887	0.002635269729366131	1.0000918074295642
2.241194537689637	1.8961171262508059	0.06610103161267976	0.7361522247454301	0.10089143338226166	98.99880981672307	96.25866625697887	0.002635269729366131	1.0000918074295642
2.241194537689637	1.8961171262508059	0.06610103161267976	0.7361522247454301	0.10088145769673454	98.99880981672307	96.25866625697887	0.002635269729366131	1.0000918074295642
2.2412062209061054	1.8961171262508059	0.06610103161267976	0.7361522247454301	0.10088145769673454	98.99880981672307	96.25866625697887	0.002635269729366131	1.0000918074295642
2.2412062209061054	1.8961171262508059	0.06610103161267976	0.7361522247454301	0.10088145769673454	98.99880981672307	96.25866625697887	0.002635269729366131	1.0000908541767406
2.243038807167595	1.8961171262508059	0.06610103161267976	0.7361522247454301	0.10088145769673454	98.99880981672307	96.25866625697887	0.002635269729366131	1.0000908541767406
2.2424291208306633	1.8961171262508059	0.06610103161267976	0.7361522247454301	0.10088145769673454	98.99880981672307	96.25866625697887	0.002635269729366131	1.0000908541767406
2.2428001860973086	1.8961171262508059	0.06610103161267976	0.7361522247454301	0.10088145769673454	98.99880981672307	96.25866625697887	0.002635269729366131	1.0000908541767406
2.2428001860973086	1.8961171262508059	0.06610103161267976	0.7361522247454301	0.10088145769673454	98.99880981672307	96.25866625697887	0.002635269729366131	1.0000908541767406
2.2428001860973086	1.8961171262508059	0.06610103161267976	0.7361522247454301	0.10088145769673454	98.99880981672307	96.25866625697887	0.002635269729366131	1.0000908541767406
2.2428001860973086	1.8961171262508059	0.06610103161267976	0.7361522247454301	0.10088145769673454	98.99880981672307	96.25866625697887	0.0026174885276205356	1.0000908541767406
2.2428001860973086	1.8961171262508059	0.06610103161267976	0.7361522247454301	0.10088145769673454	98.99880981672307	96.25866625697887	0.0026174885276205356	1.0000908541767406
2.2428001860973086	1.8961171262508059	0.06610103161267976	0.7361522247454301	0.10088145769673454	98.99880981672307	96.25866625697887	0.0026174885276205356	1.0000908541767406
2.2428001860973086	1.8961171262508059	0.06610103161267976	0.7361522247454301	0.10088145769673454	98.99880981672307	96.25866625697887	0.0026170004041545228	1.0000908541767406
2.2428001860973086	1.896119002797408	0.06610103161267976	0.7361522247454301	0.10088145769673454	98.99880981672307	96.25866625697887	0.0026170004041545228	1.0000908541767406
2.2428001860973086	1.896119002797408	0.06610103161267976	0.7362719263884154	0.10088145769673454	98.99880981672307	96.25866625697887	0.0026170004041545228	1.0000908541767406
2.2428001860973086	1.896119002797408	0.06610103161267976	0.7362719263884154	0.10088145769673454	98.99880981672307	96.25866625697887	0.0026170004041545228	1.0000908541767406
2.243260097542745	1.896119002797408	0.06610103161267976	0.7362719263884154	0.10088145769673454	98.99880981672307	96.25866625697887	0.0026170004041545228	1.0000908541767406
2.243260097542745	1.896119002797408	0.06610103161267976	0.7362719263884154	0.10088145769673454	98.99880981672307	96.25866625697887	0.0026170004041545228	1.0000908541767406
2.243260097542745	1.896119002797408	0.06610103161267976	0.7362719263884154	0.10088145769673454	98.99880981672307	96.26044783265789	0.0026170004041545228	1.0000908541767406
2.243260097542745	1.896119002797408	0.06618472384326071	0.7362719263884154	0.10088145769673454	98.99880981672307	96.26044783265789	0.0026170004041545228	1.0000908541767406
2.243260097542745	1.896119002797408	0.06618472384326071	0.7362719263884154	0.1008648780673484	98.99880981672307	96.26044783265789	0.0026170004041545228	1.0000908541767406
2.243260097542745	1.896119002797408	0.06618472384326071	0.7362719263884154	0.1008648780673484	98.99880981672307	96.26044783265789	0.0026170004041545228	1.0000906066616122
2.243260097542745	1.896119002797408	0.06618472384326071	0.7362719263884154	0.10086813015776555	98.99880981672307	96.26044783265789	0.0026170004041545228	1.0000906066616122
2.2432591535608526	1.896119002797408	0.06618472384326071	0.7362719263884154	0.10086813015776555	98.99880981672307	96.26044783265789	0.0026170004041545228	1.0000906066616122
2.2432591535608526	1.896119002797408	0.06618472384326071	0.7362719263884154	0.10086813015776555	98.99880981672307	96.26044783265789	0.0026170004041545228	1.0000906066616122
2.2432591535608526	1.896119002797408	0.06618472384326071	0.7362719263884154	0.10086813015776555	98.99880981672307	96.26044783265789	0.0026170004041545228	1.0000906066616122
2.2432591535608526	1.896119002797408	0.06618472384326071	0.7362719263884154	0.10086813015776555	98.9988563826443	96.26044783265789	0.0026170004041545228	1.0000906066616122
2.2433522126482117	1.896119002797408	0.06618472384326071	0.7362719263884154	0.10086813015776555	98.9988563826443	96.26044783265789	0.0026170004041545228	1.0000906066616122
2.2433522126482117	1.8960387634647278	0.06618472384326071	0.7362719263884154	0.10086813015776555	98.9988563826443	96.26044783265789	0.0026170004041545228	1.0000906066616122
2.2433522126482117	1.8960387634647278	0.06618472384326071	0.7362719263884154	0.10086813015776555	98.9988563826443	96.23007414974782	0.0026170004041545228	1.0000906066616122
2.2433522126482117	1.8960387634647278	0.06618472384326071	0.7362719263884154	0.10086813015776555	98.9988563826443	95.90924031054469	0.0026170004041545228	1.0000906066616122
2.2433522126482117	1.8960383243688097	0.06618472384326071	0.7362719263884154	0.10086813015776555	98.9988563826443	95.90924031054469	0.0026170004041545228	1.0000906066616122
2.2433522126482117	1.8960383243688097	0.06618472384326071	0.7362719263884154	0.10086813015776555	98.9988563826443	95.50149935178084	0.0026170004041545228	1.0000906066616122
2.2433522126482117	1.8960383243688097	0.06618472384326071	0.7362719263884154	0.10086813015776555	99.00157256456144	95.50149935178084	0.0026170004041545228	1.0000906066616122
2.2433202491090958	1.8960383243688097	0.06618472384326071	0.7362719263884154	0.10086813015776555	99.00157256456144	95.50149935178084	0.0026170004041545228	1.0000906066616122
2.2433202491090958	1.8960383243688097	0.06618472384326071	0.7362719263884154	0.10086813015776555	99.00157256456144	95.50149935178084	0.0026170004041545228	1.0000905607691524
2.2433202491090958	1.89707354616761	0.06618472384326071	0.7362719263884154	0.10086813015776555	99.00157256456144	95.50149935178084	0.0026170004041545228	1.0000905607691524
2.2433202491090958	1.89707354616761	0.06618472384326071	0.7362719263884154	0.10086813015776555	99.00157256456144	95.50149935178084	0.0026170004041545228	1.0000905607691524
2.2433202491090958	1.89707354616761	0.06618472384326071	0.7362719263884154	0.10086813015776555	99.00157256456144	95.50149935178084	0.0026170004041545228	1.0000905607691524
2.2433202491090958	1.8940626456683975	0.06618472384326071	0.7362719263884154	0.10086813015776555	99.00157256456144	95.50149935178084	0.0026170004041545228	1.0000905607691524
2.2433202491090958	1.8940626456683975	0.06618472384326071	0.7362719263884154	0.10086813015776555	99.00157256456144	95.50149935178084	0.0026170004041545228	1.0000905607691524
2.2433202491090958	1.8919702801074907	0.06618472384326071	0.7362719263884154	0.10086813015776555	99.00157256456144	95.50149935178084	0.0026170004041545228	1.0000905607691524
2.2433202491090958	1.8919702801074907	0.06618472384326071	0.7362719263884154	0.10086813015776555	99.00157256456144	95.50149935178084	0.0026170004041545228	1.0000905607691524
2.2433202491090958	1.8919702801074907	0.06618472384326071	0.7362719263884154	0.10086813015776555	99.00157256456144	95.50149935178084	0.0026170004041545228	1.0000905607691524
2.2433202491090958	1.8919702801074907	0.06618472384326071	0.7362719263884154	0.10086813015776555	99.00157256456144	95.50149935178084	0.0026170004041545228	1.0000905607691524
2.2433202491090958	1.8919702801074907	0.06618472384326071	0.7362719263884154	0.10086813015776555	99.00157256456144	95.50149935178084	0.0025969051502266823	1.0000905607691524
2.2433202491090958	1.8919702801074907	0.06618472384326071	0.7362719263884154	0.10086813015776555	99.00157256456144	95.50149935178084	0.0025969051502266823	1.0000905607691524
2.2433202491090958	1.8919702801074907	0.06618472384326071	0.7362719263884154	0.10086813015776555	99.00157256456144	95.50149935178084	0.0025969051502266823	1.0000905607691524
2.2433202491090958	1.8919702801074907	0.06618472384326071	0.7362719263884154	0.10086813015776555	99.00157256456144	95.50149935178084	0.0025969051502266823	1.0001014054432864
2.2433202491090958	1.8919702801074907	0.06618472384326071	0.7362719263884154	0.10086813015776555	99.00157256456144	95.50141971445855	0.0025969051502266823	1.0001014054432864
2.2433202491090958	1.8919702801074907	0.06618472384326071	0.7362719263884154	0.10086813015776555	99.00157256456144	95.50141971445855	0.0025969051502266823	1.0001014054432864
2.2433202491090958	1.8919702801074907	0.06618472384326071	0.7362719263884154	0.10086813015776555	99.00157256456144	95.50141971445855	0.0025969051502266823	1.0001014054432864
2.2433202491090958	1.8919702801074907	0.06618472384326071	0.7362719263884154	0.10086813015776555	99.00157256456144	95.26995404116177	0.0025969051502266823	1.0001014054432864
2.2433202491090958	1.8919702801074907	0.06618472384326071	0.7362719263884154	0.10086813015776555	99.00157256456144	95.26995404116177	0.0025969051502266823	1.0001014054432864
2.2433202491090958	1.8919702801074907	0.06618472384326071	0.7362719263884154	0.10086813015776555	99.00157256456144	95.26976731735274	0.0025969051502266823	1.0001014054432864
2.2433202491090958	1.8919702801074907	0.06618472384326071	0.7362719263884154	0.10086813015776555	98.99545714856673	95.26976731735274	0.0025969051502266823	1.0001014054432864
2.2433202491090958	1.8919702801074907	0.06618472384326071	0.7362719263884154	0.10086813015776555	98.99545714856673	95.26976731735274	0.0026070090581654377	1.0001014054432864
2.2433202491090958	1.8919702801074907	0.06618472384326071	0.7362719263884154	0.10086813015776555	98.99545714856673	95.26976731735274	0.0026070090581654377	1.0001014054432864
2.2433202491090958	1.8919702801074907	0.06618472384326071	0.7362719263884154	0.10086813015776555	98.99545714856673	95.26976731735274	0.0026070090581654377	1.0001014054432864
2.2433202491090958	1.8919702801074907	0.06618472384326071	0.7362719263884154	0.10086813015776555	98.99545714856673	95.26976731735274	0.0026070090581654377	1.0001014054432864
2.2433202491090958	1.8919702801074907	0.06618472384326071	0.7362719263884154	0.10086813015776555	98.99545714856673	95.26976731735274	0.0026070090581654377	1.0001014054432864
2.2433202491090958	1.8919702801074907	0.06618472384326071	0.7362719263884154	0.10086813015776555	98.99545714856673	95.26976731735274	0.002606950507922101	1.0001014054432864
2.243323821958199	1.8919702801074907	0.06618472384326071	0.7362719263884154	0.10086813015776555	98.99545714856673	95.26976731735274	0.002606950507922101	1.0001014054432864
2.243323821958199	1.8919702801074907	0.06618472384326071	0.7362719263884154	0.10086813015776555	98.99545714856673	95.26976731735274	0.002606950507922101	1.0001017459871808
2.243323821958199	1.8933755518190587	0.06618472384326071	0.7362719263884154	0.10086813015776555	98.99545714856673	95.26976731735274	0.002606950507922101	1.0001017459871808
2.243323821958199	1.8933755518190587	0.06618472384326071	0.7362719263884154	0.10086813015776555	98.99545714856673	95.26976731735274	0.002606950507922101	1.0001017459871808
2.243323821958199	1.8933755518190587	0.06618472384326071	0.7362719263884154	0.10086813015776555	98.99545714856673	95.26976731735274	0.002606950507922101	1.0001017459871808
2.243323821958199	1.8933755518190587	0.06618472384326071	0.7362719263884154	0.10086813015776555	98.99545714856673	95.26976731735274	0.002606950507922101	1.0001017459871808
2.243323821958199	1.8933755518190587	0.06618472384326071	0.7362719263884154	0.10086813015776555	98.99545714856673	95.26976731735274	0.002607303959773212	1.0001017459871808
2.243323821958199	1.8933755518190587	0.06618472384326071	0.7362719263884154	0.10086813015776555	98.99545714856673	95.26976731735274	0.002607303959773212	1.0001017459871808
2.241902463148417	1.8933755518190587	0.06618472384326071	0.7362719263884154	0.10086813015776555	98.99545714856673	95.26976731735274	0.002607303959773212	1.0001017459871808
2.2419061724113973	1.8933755518190587	0.06618472384326071	0.7362719263884154	0.10086813015776555	98.99545714856673	95.26976731735274	0.002607303959773212	1.0001017459871808
2.2419061724113973	1.8933755518190587	0.06618472384326071	0.7362719263884154	0.10086813015776555	98.99545714856673	95.88193141522189	0.002607303959773212	1.0001017459871808
2.2423077554896507	1.8933755518190587	0.06618472384326071	0.7362719263884154	0.10086813015776555	98.99545714856673	95.88193141522189	0.002607303959773212	1.0001017459871808
2.2423077554896507	1.8933755518190587	0.06618472384326071	0.7362719263884154	0.10086813015776555	98.99545714856673	95.88193141522189	0.002607303959773212	1.0001017459871808
2.2423077554896507	1.8933755518190587	0.06618472384326071	0.7362719263884154	0.10081688859339115	98.99545714856673	95.88193141522189	0.002607303959773212	1.0001017459871808
2.2423077554896507	1.8933755518190587	0.06618472384326071	0.7362719263884154	0.10081688859339115	98.99545714856673	95.88193141522189	0.002607303959773212	1.0001017459871808
2.2423077554896507	1.8933755518190587	0.06618472384326071	0.7362719263884154	0.10081688859339115	98.99523563350554	95.88193141522189	0.002607303959773212	1.0001017459871808
2.2423077554896507	1.8933755518190587	0.06618472384326071	0.7362719263884154	0.10081688859339115	98.99523563350554	95.88193141522189	0.002607303959773212	1.0001017459871808
2.2423077554896507	1.8933755518190587	0.06618472384326071	0.7362719263884154	0.10081688859339115	98.99523563350554	95.88193141522189	0.002607303959773212	1.0000842216700165
2.2423077554896507	1.8933755518190587	0.06618472384326071	0.7362719263884154	0.10081688859339115	98.99523563350554	95.88193141522189	0.002607303959773212	1.0000842216700165
2.2423077554896507	1.8933755518190587	0.06618472384326071	0.7362760734217338	0.10081688859339115	98.99523563350554	95.88193141522189	0.002607303959773212	1.0000842216700165
2.2423077554896507	1.8933755518190587	0.06618472384326071	0.7362760734217338	0.10081688859339115	98.99523563350554	95.88193141522189	0.002607303959773212	1.0000842216700165
2.2423077554896507	1.8933755518190587	0.06618472384326071	0.7362760734217338	0.10081688859339115	98.99523563350554	95.88193141522189	0.002607303959773212	1.0000842216700165
2.2423077554896507	1.8933755518190587	0.06618472384326071	0.7362760734217338	0.10081688859339115	98.99523563350554	95.88193141522189	0.002607303959773212	1.0000842216700165
2.2423077554896507	1.8933755518190587	0.06618472384326071	0.7362803446606381	0.10081688859339115	98.99523563350554	95.88193141522189	0.002607303959773212	1.0000842216700165
2.2423077554896507	1.8933755518190587	0.06618472384326071	0.7362803446606381	0.10081688859339115	98.99523563350554	95.88193141522189	0.002607303959773212	1.0000842216700165
2.2423077554896507	1.8933755518190587	0.06618472384326071	0.7362803446606381	0.10081688859339115	98.99523563350554	95.88193141522189	0.002607303959773212	1.0000842216700165
2.2423077554896507	1.89338868338265	0.06618472384326071	0.7362803446606381	0.10081688859339115	98.99523563350554	95.88193141522189	0.002607303959773212	1.0000842216700165
2.2423077554896507	1.89338868338265	0.06618472384326071	0.7362803446606381	0.10081688859339115	98.99523563350554	95.88193141522189	0.002607303959773212	1.0000842216700165
2.2423077554896507	1.89338868338265	0.06618472384326071	0.7362803446606381	0.10081688859339115	98.99523563350554	95.88193141522189	0.002607303959773212	1.0000842216700165
2.2423077554896507	1.89338868338265	0.06618472384326071	0.7362803446606381	0.10081688859339115	98.99523563350554	95.88193141522189	0.002607303959773212	1.0000842216700165
2.2423077554896507	1.89338868338265	0.06618472384326071	0.7362803446606381	0.10081688859339115	98.99523563350554	95.88193141522189	0.002607303959773212	1.0000842216700165
2.2423077554896507	1.89338868338265	0.06618472384326071	0.7362803446606381	0.10081688859339115	98.99523563350554	95.88193141522189	0.002607303959773212	1.0000842216700165
2.2423040686703075	1.89338868338265	0.06618472384326071	0.7362803446606381	0.10081688859339115	98.99523563350554	95.88193141522189	0.002607303959773212	1.0000842216700165
2.2423040686703075	1.89338868338265	0.06618472384326071	0.7362803446606381	0.10081688859339115	98.99523563350554	95.88193141522189	0.002607303959773212	1.0000842216700165
2.2423040686703075	1.8933883788915804	0.06618472384326071	0.7362803446606381	0.10081688859339115	98.99523563350554	95.88193141522189	0.002607303959773212	1.0000842216700165
2.2423040686703075	1.8933883788915804	0.06618472384326071	0.7362803446606381	0.10081688859339115	98.99523563350554	95.88209821198177	0.002607303959773212	1.0000842216700165
2.2423040686703075	1.8933883788915804	0.06618472384326071	0.7362787631524709	0.10081688859339115	98.99523563350554	95.88209821198177	0.002607303959773212	1.0000842216700165
2.2423040686703075	1.8933883788915804	0.06618472384326071	0.7362787631524709	0.10081688859339115	98.98110974067357	95.88209821198177	0.002607303959773212	1.0000842216700165
2.2423040686703075	1.8933883788915804	0.06618472384326071	0.7362787631524709	0.10081688859339115	98.98110974067357	95.88209821198177	0.002607303959773212	1.0000842216700165
2.2423040686703075	1.8933850133830146	0.06618472384326071	0.7362787631524709	0.10081688859339115	98.98110974067357	95.88209821198177	0.002607303959773212	1.0000842216700165
2.2423040686703075	1.8933850133830146	0.06618472384326071	0.7362787631524709	0.10081688859339115	98.98110974067357	95.88209821198177	0.002607303959773212	1.0000841503650673
2.2423040686703075	1.8933850133830146	0.0661926800517686	0.7362787631524709	0.10081688859339115	98.98110974067357	95.88209821198177	0.002607303959773212	1.0000841503650673
2.2423040686703075	1.8933850133830146	0.0661926800517686	0.7363086086514294	0.10081688859339115	98.98110974067357	95.88209821198177	0.002607303959773212	1.0000841503650673
2.2423040686703075	1.8933850133830146	0.0661926800517686	0.7363086086514294	0.10081688859339115	98.98110974067357	95.88209821198177	0.002607303959773212	1.0000841503650673
2.2423040686703075	1.8933850133830146	0.0661926800517686	0.7363086086514294	0.10081705431828747	98.98110974067357	95.88209821198177	0.002607303959773212	1.0000841503650673
2.2423040686703075	1.8933850133830146	0.0661926800517686	0.7363086086514294	0.10081705431828747	98.98110974067357	95.88209821198177	0.0026157609805611158	1.0000841503650673
2.2423040686703075	1.8933850133830146	0.0661926800517686	0.7363086086514294	0.10081705431828747	98.98110974067357	95.88209821198177	0.0026157609805611158	1.0000841503650673
2.2423040686703075	1.8933850133830146	0.0661926800517686	0.7363086086514294	0.10081705431828747	98.98110974067357	95.88209821198177	0.0026157609805611158	1.0000841503650673
2.242690377492135	1.8933850133830146	0.0661926800517686	0.7363086086514294	0.10081705431828747	98.98110974067357	95.88209821198177	0.0026157609805611158	1.0000841503650673
2.242690377492135	1.8933850133830146	0.0661926800517686	0.7363086086514294	0.10081705431828747	98.98110974067357	95.88209821198177	0.0026157609805611158	1.0000841503650673
2.242690377492135	1.8934663598211756	0.0661926800517686	0.7363086086514294	0.10081705431828747	98.98110974067357	95.88209821198177	0.0026157609805611158	1.0000841503650673
2.242690377492135	1.8934663598211756	0.0661926800517686	0.7362909999377155	0.10081705431828747	98.98110974067357	95.88209821198177	0.0026157609805611158	1.0000841503650673
2.242690377492135	1.8934663598211756	0.0661926800517686	0.7362909999377155	0.10081705431828747	98.98110974067357	95.88180829478003	0.0026157609805611158	1.0000841503650673
2.242690377492135	1.8934663598211756	0.0661926800517686	0.7362909999377155	0.10081705431828747	98.98110974067357	95.88180829478003	0.0026157609805611158	1.0000841503650673
2.242690377492135	1.8934663598211756	0.0661926800517686	0.7362909999377155	0.10081705431828747	98.98118223045408	95.88180829478003	0.0026157609805611158	1.0000841503650673
2.242690377492135	1.8934663598211756	0.0661926800517686	0.7362909999377155	0.10081705431828747	98.98118223045408	95.88180829478003	0.0026157609805611158	1.0000841503650673
2.242690377492135	1.8934663598211756	0.0661926800517686	0.7362909999377155	0.10081705431828747	98.98118223045408	95.88180829478003	0.0026151438003977788	1.0000841503650673
2.242690377492135	1.8934663598211756	0.0661926800517686	0.7362909999377155	0.10081705431828747	98.98118223045408	95.88180829478003	0.0026151438003977788	1.0000841503650673
2.242690377492135	1.8934663598211756	0.0661926800517686	0.7362909999377155	0.10081705431828747	98.98118223045408	95.88180829478003	0.002614958611581625	1.0000841503650673
2.242690377492135	1.8934663598211756	0.0661926800517686	0.7362909999377155	0.10093309199001192	98.98118223045408	95.88180829478003	0.002614958611581625	1.0000841503650673
2.242690377492135	1.8934663598211756	0.0661926800517686	0.7362909999377155	0.10093309199001192	98.98118223045408	95.88180829478003	0.002614958611581625	1.000097364149726
2.242690377492135	1.8934717678305935	0.0661926800517686	0.7362909999377155	0.10093309199001192	98.98118223045408	95.88180829478003	0.002614958611581625	1.000097364149726
2.242690377492135	1.8934717678305935	0.0661926800517686	0.7362909999377155	0.10093309199001192	98.98118223045408	95.88180829478003	0.002614958611581625	1.000097364149726
2.242690377492135	1.8934717678305935	0.0661926800517686	0.7362909999377155	0.10093309199001192	98.98118223045408	95.88180829478003	0.002817048945991681	1.000097364149726
2.2426886699981985	1.8934717678305935	0.0661926800517686	0.7362909999377155	0.10093309199001192	98.98118223045408	95.88180829478003	0.002817048945991681	1.000097364149726
2.2426886699981985	1.8934717678305935	0.0661926800517686	0.7362909999377155	0.10093699808635699	98.98118223045408	95.88180829478003	0.002817048945991681	1.000097364149726
2.2426886699981985	1.8934717678305935	0.0661926800517686	0.7362909999377155	0.10093699808635699	98.98118223045408	95.88180829478003	0.002817048945991681	1.000097364149726
2.2426886699981985	1.8934717678305935	0.0661926800517686	0.7363042214114357	0.10093699808635699	98.98118223045408	95.88180829478003	0.002817048945991681	1.000097364149726
2.2426886699981985	1.8934717678305935	0.0661756958745246	0.7363042214114357	0.10093699808635699	98.98118223045408	95.88180829478003	0.002817048945991681	1.000097364149726
2.2426886699981985	1.8934717678305935	0.0661756958745246	0.7363042214114357	0.10093699808635699	98.98118223045408	95.88180829478003	0.0028176883426828787	1.000097364149726
2.2426883343709285	1.8934717678305935	0.0661756958745246	0.7363042214114357	0.10093699808635699	98.98118223045408	95.88180829478003	0.0028176883426828787	1.000097364149726
2.2426883343709285	1.8934717678305935	0.0661756958745246	0.7363042214114357	0.10093699808635699	98.98118223045408	95.88180829478003	0.002837960282943534	1.000097364149726
2.2426883343709285	1.8934717678305935	0.0661756958745246	0.7363042214114357	0.10093699808635699	98.98130407013998	95.88180829478003	0.002837960282943534	1.000097364149726
2.2426883343709285	1.8934717678305935	0.0661756958745246	0.7363042214114357	0.10093699808635699	98.98130407013998	95.88180829478003	0.002837960282943534	1.000097364149726
2.2426883343709285	1.8934717678305935	0.0661756958745246	0.7363307161590684	0.10093699808635699	98.98130407013998	95.88180829478003	0.002837960282943534	1.000097364149726
2.2426883343709285	1.8934717678305935	0.0661756958745246	0.7363307161590684	0.10093699808635699	98.98130407013998	95.88319110958058	0.002837960282943534	1.000097364149726
2.2426883343709285	1.8934717678305935	0.0661756958745246	0.7363307161590684	0.10093699808635699	98.98130407013998	95.88319110958058	0.002837960282943534	1.000097364149726
2.2426883343709285	1.8934717678305935	0.0661756958745246	0.7362922486063408	0.10093699808635699	98.98130407013998	95.88319110958058	0.002837960282943534	1.000097364149726
2.2426883343709285	1.8934717678305935	0.0661756958745246	0.7362922486063408	0.10093699808635699	98.98130407013998	95.88319110958058	0.002837960282943534	1.000097364149726
2.2426894762324348	1.8934717678305935	0.0661756958745246	0.7362922486063408	0.10093699808635699	98.98130407013998	95.88319110958058	0.002837960282943534	1.000097364149726
2.238166889900513	1.8934717678305935	0.0661756958745246	0.7362922486063408	0.10093699808635699	98.98130407013998	95.88319110958058	0.002837960282943534	1.000097364149726
2.238166889900513	1.8934717678305935	0.0661756958745246	0.7362922486063408	0.10093699808635699	98.98130407013998	95.88319110958058	0.002837960282943534	1.000097364149726
2.238166889900513	1.8934717678305935	0.0661756958745246	0.7362922486063408	0.10093699808635699	98.98130407013998	95.88319110958058	0.002837960282943534	1.000097364149726
2.238166889900513	1.8934717678305935	0.0661756958745246	0.7362922486063408	0.10093699808635699	98.98130407013998	95.88319110958058	0.002837960282943534	1.000097364149726
2.238166889900513	1.8934717678305935	0.0661756958745246	0.7362922486063408	0.10093699808635699	98.98130407013998	95.88319110958058	0.002837960282943534	1.000097364149726
2.238166889900513	1.8934717678305935	0.06616774438143024	0.7362922486063408	0.10093699808635699	98.98130407013998	95.88319110958058	0.002837960282943534	1.000097364149726
2.238295925614445	1.8934717678305935	0.06616774438143024	0.7362922486063408	0.10093699808635699	98.98130407013998	95.88319110958058	0.002837960282943534	1.000097364149726
2.238295925614445	1.8934717678305935	0.06615972044131968	0.7362922486063408	0.10093699808635699	98.98130407013998	95.88319110958058	0.002837960282943534	1.000097364149726
2.238295925614445	1.8934717678305935	0.06616617919787669	0.7362922486063408	0.10093699808635699	98.98130407013998	95.88319110958058	0.002837960282943534	1.000097364149726
2.240250119605223	1.8934717678305935	0.06616617919787669	0.7362922486063408	0.10093699808635699	98.98130407013998	95.88319110958058	0.002837960282943534	1.000097364149726
2.240250119605223	1.8934717678305935	0.06616617919787669	0.7362922486063408	0.10093699808635699	98.98130407013998	95.88100705686456	0.002837960282943534	1.000097364149726
2.240250119605223	1.8934717678305935	0.06616617919787669	0.7362922486063408	0.10093699808635699	98.98127393956267	95.88100705686456	0.002837960282943534	1.000097364149726
2.2402489914302945	1.8934717678305935	0.06616617919787669	0.7362922486063408	0.10093699808635699	98.98127393956267	95.88100705686456	0.002837960282943534	1.000097364149726
2.2402489914302945	1.8934717678305935	0.06616617919787669	0.7362922486063408	0.10093699808635699	98.98127393956267	95.97697684498306	0.002837960282943534	1.000097364149726
2.2402489914302945	1.8934717678305935	0.06616617919787669	0.7363087561221199	0.10093699808635699	98.98127393956267	95.97697684498306	0.002837960282943534	1.000097364149726
2.2402489914302945	1.8934717678305935	0.06616617919787669	0.7363087561221199	0.10093699808635699	98.98127393956267	95.97697684498306	0.002837960282943534	1.000097364149726
2.2402489914302945	1.8934717678305935	0.06616617919787669	0.7363087561221199	0.10093699808635699	98.98127393956267	95.97697684498306	0.002837960282943534	1.000097364149726
2.2402489914302945	1.8934717678305935	0.06616617919787669	0.7363087561221199	0.10093699808635699	98.98127393956267	95.97697684498306	0.002837960282943534	1.000097364149726
2.2402489914302945	1.8934717678305935	0.06616617919787669	0.7363087561221199	0.10093699808635699	98.98127393956267	95.97697684498306	0.002837960282943534	1.000097364149726
2.2402489914302945	1.8934717678305935	0.06616617919787669	0.7363087561221199	0.10093699808635699	98.98127393956267	95.97697684498306	0.002838029732617442	1.000097364149726
2.2402489914302945	1.8934717678305935	0.06616617919787669	0.7363087561221199	0.10093699808635699	98.98127393956267	95.97697684498306	0.002838029732617442	1.0000929276719284
2.2402489914302945	1.8934717678305935	0.06616617919787669	0.7363087561221199	0.10093699808635699	98.98127393956267	95.97697684498306	0.002838029732617442	1.0000927283067231
2.2402489914302945	1.8934717678305935	0.06616617919787669	0.7363087561221199	0.10093699808635699	98.98127393956267	95.97697684498306	0.002838029732617442	1.0000927283067231
2.238669645036075	1.8934717678305935	0.06616617919787669	0.7363087561221199	0.10093699808635699	98.98127393956267	95.97697684498306	0.002838029732617442	1.0000927283067231
2.238669645036075	1.8934717678305935	0.06616617919787669	0.7363087561221199	0.10093699808635699	98.98127393956267	95.97697684498306	0.002838029732617442	1.0000927283067231
2.238669645036075	1.8934717678305935	0.06616617919787669	0.7363087561221199	0.10093699808635699	98.98127393956267	95.97697684498306	0.002838029732617442	1.0000927283067231
2.238669645036075	1.8934717678305935	0.06616617919787669	0.7363087561221199	0.10093699808635699	98.98127393956267	95.97697684498306	0.002838029732617442	1.0000927283067231
2.238669645036075	1.8934717678305935	0.06616617919787669	0.7363087561221199	0.10093699808635699	98.98127393956267	95.97697684498306	0.002838029732617442	1.0000927283067231
2.238669645036075	1.8934717678305935	0.06616617919787669	0.7363087561221199	0.10093699808635699	98.98127393956267	95.97697684498306	0.002838029732617442	1.0000927283067231
2.238669645036075	1.8934717678305935	0.06616617919787669	0.7363087561221199	0.10093699808635699	98.98127393956267	96.00006837530113	0.002838029732617442	1.0000927283067231
2.238669645036075	1.8934717678305935	0.06616617919787669	0.7363087561221199	0.10093699808635699	98.98127393956267	96.00006837530113	0.002838029732617442	1.0000928571279402
2.238669645036075	1.8934717678305935	0.06616617919787669	0.7363087561221199	0.10093699808635699	98.9820357734641	96.00006837530113	0.002838029732617442	1.0000928571279402
2.238669645036075	1.8934717678305935	0.06616617919787669	0.7363087561221199	0.10093699808635699	98.9820357734641	96.00006837530113	0.002838029732617442	1.0000927858774058
2.238677132659085	1.8934717678305935	0.06616617919787669	0.7363087561221199	0.10093699808635699	98.9820357734641	96.00006837530113	0.002838029732617442	1.0000927858774058
2.238677132659085	1.8934717678305935	0.06616617919787669	0.7363087561221199	0.10093699808635699	98.9820357734641	96.00006837530113	0.002838029732617442	1.0000927858774058
2.238677132659085	1.8934717678305935	0.06616617919787669	0.7363087561221199	0.10093708486142082	98.9820357734641	96.00006837530113	0.002838029732617442	1.0000927858774058
2.238677132659085	1.8934717678305935	0.06616617919787669	0.7363087561221199	0.10093708486142082	98.9820357734641	96.00006837530113	0.002838029732617442	1.0000927858774058
2.238677132659085	1.8934717678305935	0.0661697722741106	0.7363087561221199	0.10093708486142082	98.9820357734641	96.00006837530113	0.002838029732617442	1.0000927858774058
