2.1378457176535046	1.8932954682174492	0.06652094771346194	0.7522514736577928	0.10095310616289495	98.1785786315396	109.57177584197856	0.002164870269095894	1.0001023537370048
2.1378457176535046	1.8932954682174492	0.06652094771346194	0.7522514736577928	0.10095310616289495	98.1785786315396	109.56189753421035	0.002164870269095894	1.0001023537370048
2.1378457176535046	1.8932954682174492	0.06652094771346194	0.7522436316941191	0.10095310616289495	98.1785786315396	109.56189753421035	0.002164870269095894	1.0001023537370048
2.1378457176535046	1.8932954682174492	0.06652094771346194	0.7522436316941191	0.10095310616289495	98.1785786315396	109.56189753421035	0.002164870269095894	1.0001023537370048
2.1378457176535046	1.8932954682174492	0.06652094771346194	0.7522436316941191	0.10095310616289495	98.17860820976102	109.56189753421035	0.002164870269095894	1.0001023537370048
2.137900491291157	1.8932954682174492	0.06652094771346194	0.7522436316941191	0.10095310616289495	98.17860820976102	109.56189753421035	0.002164870269095894	1.0001023537370048
2.137900491291157	1.8932954682174492	0.06652094771346194	0.7522436316941191	0.10095310616289495	98.17860820976102	109.55407147741897	0.002164870269095894	1.0001023537370048
2.137900491291157	1.8932954682174492	0.06652094771346194	0.7522436316941191	0.10095310616289495	98.17860820976102	109.55407147741897	0.002164870269095894	1.0001023537370048
2.1379008336284846	1.8932954682174492	0.06652094771346194	0.7522436316941191	0.10095310616289495	98.17860820976102	109.55407147741897	0.002164870269095894	1.0001023537370048
2.1379008336284846	1.8932954682174492	0.06652094771346194	0.7522436316941191	0.10095310616289495	98.17860820976102	109.55407147741897	0.002164870269095894	1.0001023537370048
2.1379008336284846	1.8932954682174492	0.06652094771346194	0.7522436316941191	0.10095310616289495	98.17860820976102	109.55407147741897	0.002164870269095894	1.0001023537370048
2.1379008336284846	1.8932954682174492	0.06652094771346194	0.7522436316941191	0.10095310616289495	98.17860820976102	109.55407147741897	0.002164870269095894	1.0001023537370048
2.1379008336284846	1.8932954682174492	0.06652094771346194	0.7522436316941191	0.10095310616289495	98.17860820976102	109.55042317997906	0.002164870269095894	1.0001023537370048
2.1379008336284846	1.8932954682174492	0.06651023106251364	0.7522436316941191	0.10095310616289495	98.17860820976102	109.55042317997906	0.002164870269095894	1.0001023537370048
2.1379008336284846	1.8932954682174492	0.06651023106251364	0.7522436316941191	0.10095310616289495	98.17860820976102	109.55042317997906	0.002164870269095894	1.0001023537370048
2.1379008336284846	1.8932954682174492	0.06651023106251364	0.7522436316941191	0.10095310616289495	98.17860820976102	109.55042317997906	0.002164870269095894	1.0001023537370048
2.1379008336284846	1.8932954682174492	0.06651023106251364	0.7522436316941191	0.10095310616289495	98.17860820976102	109.55042317997906	0.002164870269095894	1.0001023537370048
2.1379008336284846	1.8932954682174492	0.06651023106251364	0.7522436316941191	0.10095310616289495	98.17860820976102	109.55042317997906	0.002105467573861505	1.0001023537370048
2.1379008336284846	1.8932954682174492	0.06651023106251364	0.7522436316941191	0.10095310616289495	98.17860820976102	109.55042317997906	0.002105467573861505	1.0001023537370048
2.1379008336284846	1.893402399882096	0.06651023106251364	0.7522436316941191	0.10095310616289495	98.17860820976102	109.55042317997906	0.002105467573861505	1.0001023537370048
2.1379008336284846	1.893402399882096	0.06651023106251364	0.7522436316941191	0.10095310616289495	98.17860820976102	109.55042317997906	0.0021054479409853047	1.0001023537370048
2.1379008336284846	1.893402399882096	0.06651023106251364	0.7522436316941191	0.10095305337341677	98.17860820976102	109.55042317997906	0.0021054479409853047	1.0001023537370048
2.1379008336284846	1.893402399882096	0.06651023106251364	0.7527743417838303	0.10095305337341677	98.17860820976102	109.55042317997906	0.0021054479409853047	1.0001023537370048
2.1379008336284846	1.893402399882096	0.06651023106251364	0.7527743417838303	0.10095305337341677	98.17860820976102	109.55042317997906	0.0021054479409853047	1.0001023537370048
2.1379008336284846	1.893402399882096	0.06651023106251364	0.7527743417838303	0.10095305337341677	98.17860820976102	109.55042317997906	0.0021054479409853047	1.0001023537370048
2.1379008336284846	1.893402399882096	0.06651023106251364	0.7527743417838303	0.10095305337341677	98.17860820976102	109.55042317997906	0.0021054479409853047	1.0001023537370048
2.1379008336284846	1.893402399882096	0.06651023106251364	0.7527743417838303	0.10095305337341677	98.17860820976102	109.55042317997906	0.0021054479409853047	1.0001023537370048
2.1379008336284846	1.893402399882096	0.06651023106251364	0.7527743417838303	0.10095305337341677	98.17860820976102	109.55042317997906	0.0021053581568640832	1.0001023537370048
2.1379008336284846	1.893402399882096	0.06651023106251364	0.7527743417838303	0.10095305337341677	98.17860820976102	109.55042317997906	0.0021053581568640832	1.0001023537370048
2.1379008336284846	1.893402399882096	0.06651023106251364	0.7527743417838303	0.10095305337341677	98.17860820976102	104.94638522796892	0.0021053581568640832	1.0001023537370048
2.1379008336284846	1.893402399882096	0.06651023106251364	0.7527743417838303	0.1009458427584471	98.17860820976102	104.94638522796892	0.0021053581568640832	1.0001023537370048
2.1379008336284846	1.893402399882096	0.06651023106251364	0.7527743417838303	0.1009458427584471	98.17860820976102	104.94638522796892	0.0021053581568640832	1.0001023537370048
2.1379008336284846	1.893402399882096	0.06651023106251364	0.7527743417838303	0.1009458427584471	98.17860820976102	104.9466136984128	0.0021053581568640832	1.0001023537370048
2.1379008336284846	1.893402399882096	0.06651023106251364	0.7527743417838303	0.10094312058375908	98.17860820976102	104.9466136984128	0.0021053581568640832	1.0001023537370048
2.137860584407911	1.893402399882096	0.06651023106251364	0.7527743417838303	0.10094312058375908	98.17860820976102	104.9466136984128	0.0021053581568640832	1.0001023537370048
2.1379073776135464	1.893402399882096	0.06651023106251364	0.7527743417838303	0.10094312058375908	98.17860820976102	104.9466136984128	0.0021053581568640832	1.0001023537370048
2.138179775260091	1.893402399882096	0.06651023106251364	0.7527743417838303	0.10094312058375908	98.17860820976102	104.9466136984128	0.0021053581568640832	1.0001023537370048
2.138179775260091	1.893402399882096	0.06651023106251364	0.7527743417838303	0.10094312058375908	98.17860820976102	104.9466136984128	0.0021053581568640832	1.0001023537370048
2.138179775260091	1.893402399882096	0.06651023106251364	0.7527743417838303	0.10094312058375908	98.17890787223652	104.9466136984128	0.0021053581568640832	1.0001023537370048
2.138179775260091	1.893402399882096	0.06651023106251364	0.7527743417838303	0.10094312058375908	98.17890787223652	105.22960089384641	0.0021053581568640832	1.0001023537370048
2.138179775260091	1.893402399882096	0.06651023106251364	0.7527743417838303	0.10094312058375908	98.17890787223652	105.22960089384641	0.0021053581568640832	1.0001023537370048
2.138179775260091	1.893402399882096	0.06651023106251364	0.7527743417838303	0.1009589192215316	98.17890787223652	105.22960089384641	0.0021053581568640832	1.0001023537370048
2.138179775260091	1.893402399882096	0.06651023106251364	0.7527743417838303	0.1009589192215316	98.17890787223652	105.22989515520403	0.0021053581568640832	1.0001023537370048
2.138179775260091	1.893402399882096	0.06651023106251364	0.7527667900703083	0.1009589192215316	98.17890787223652	105.22989515520403	0.0021053581568640832	1.0001023537370048
2.138179775260091	1.893402399882096	0.06651023106251364	0.7527667900703083	0.1009589192215316	98.17890787223652	105.22989515520403	0.0021053581568640832	1.0001023537370048
2.138179775260091	1.893402399882096	0.06651023106251364	0.7527667900703083	0.1009589192215316	98.17890787223652	105.22989515520403	0.0021053581568640832	1.0001023837534022
2.138179775260091	1.893402399882096	0.06651023106251364	0.7527667900703083	0.1009589192215316	98.17890787223652	105.22989515520403	0.0021053581568640832	1.0001023837534022
2.138179775260091	1.893402399882096	0.06651023106251364	0.7527667900703083	0.1009589192215316	98.17890787223652	105.22989515520403	0.0021053581568640832	1.0001023837534022
2.138179775260091	1.893402399882096	0.06651121189533517	0.7527667900703083	0.1009589192215316	98.17890787223652	105.22989515520403	0.0021053581568640832	1.0001023837534022
2.138179775260091	1.893402399882096	0.06651121189533517	0.7527667900703083	0.1009589192215316	98.17890787223652	105.22989515520403	0.0021053581568640832	1.0001023837534022
2.138179775260091	1.893402399882096	0.06651121189533517	0.7527667900703083	0.1009589192215316	98.17890787223652	105.22989515520403	0.0021053581568640832	1.0001023837534022
2.138179775260091	1.893402399882096	0.06651121189533517	0.7527667900703083	0.10095900231828478	98.17890787223652	105.22989515520403	0.0021053581568640832	1.0001023837534022
2.138179775260091	1.893402399882096	0.06651121189533517	0.7527667900703083	0.10095900231828478	98.17890787223652	105.22989515520403	0.0021053581568640832	1.0001023837534022
2.138179775260091	1.8943017068222905	0.06651121189533517	0.7527667900703083	0.10095900231828478	98.17890787223652	105.22989515520403	0.0021053581568640832	1.0001023837534022
2.138179775260091	1.89425570304535	0.06651121189533517	0.7527667900703083	0.10095900231828478	98.17890787223652	105.22989515520403	0.0021053581568640832	1.0001023837534022
2.138179775260091	1.89425570304535	0.06651121189533517	0.7527667900703083	0.10095900231828478	98.17890787223652	105.22989515520403	0.0021053581568640832	1.0001023837534022
2.138179775260091	1.89425570304535	0.06651121189533517	0.7527667900703083	0.10095900231828478	98.14271686862833	105.22989515520403	0.0021053581568640832	1.0001023837534022
2.138179775260091	1.89425570304535	0.06651121189533517	0.7527667900703083	0.10095900231828478	98.14271686862833	105.22989515520403	0.0021053581568640832	1.0001023837534022
2.138179775260091	1.89425570304535	0.06651121189533517	0.7527667900703083	0.10095900231828478	98.14271686862833	105.22989515520403	0.0021053581568640832	1.0001023837534022
2.138179775260091	1.89425570304535	0.06651121189533517	0.7527667900703083	0.10095904133259499	98.14271686862833	105.22989515520403	0.0021053581568640832	1.0001023837534022
2.138179775260091	1.89425570304535	0.06651121189533517	0.7527669687898377	0.10095904133259499	98.14271686862833	105.22989515520403	0.0021053581568640832	1.0001023837534022
2.138179775260091	1.89425570304535	0.06651121189533517	0.7527669687898377	0.10095904133259499	98.14271686862833	105.22989515520403	0.0021053581568640832	1.0001023837534022
2.137642358195475	1.89425570304535	0.06651121189533517	0.7527669687898377	0.10095904133259499	98.14271686862833	105.22989515520403	0.0021053581568640832	1.0001023837534022
2.1375437614425827	1.89425570304535	0.06651121189533517	0.7527669687898377	0.10095904133259499	98.14271686862833	105.22989515520403	0.0021053581568640832	1.0001023837534022
2.1375437614425827	1.89425570304535	0.06651121189533517	0.7527669687898377	0.10095904133259499	98.14271686862833	105.22989515520403	0.0021053581568640832	1.0001023837534022
2.1375437614425827	1.89425570304535	0.06651121189533517	0.7527669687898377	0.10095904133259499	98.14271686862833	105.22989515520403	0.0021053581568640832	1.0001023837534022
2.1375437614425827	1.89425570304535	0.06651121189533517	0.7527669687898377	0.10095904133259499	98.14271686862833	105.22989515520403	0.0021053581568640832	1.0001023837534022
2.1375437614425827	1.89425570304535	0.06651121189533517	0.7527669687898377	0.10095904133259499	98.14271686862833	105.22989515520403	0.0021053581568640832	1.0001097709232638
2.1375437614425827	1.89425570304535	0.06651121189533517	0.7527669687898377	0.10095904133259499	98.14271686862833	105.22989515520403	0.0021053581568640832	1.0001097709232638
2.1375437614425827	1.89425570304535	0.06651121189533517	0.7527669687898377	0.10095904133259499	98.14271686862833	105.22989515520403	0.0021053581568640832	1.0001097709232638
2.1375437614425827	1.89425570304535	0.06651121189533517	0.7527669687898377	0.10095904133259499	98.14271686862833	105.22989515520403	0.0021053581568640832	1.0001097709232638
2.1375437614425827	1.89425570304535	0.06651121189533517	0.7527669687898377	0.10095904133259499	98.15764064315188	105.22989515520403	0.0021053581568640832	1.0001097709232638
2.1375437614425827	1.89425570304535	0.06651121189533517	0.7527669687898377	0.10095904133259499	98.15764064315188	105.22989515520403	0.0021053581568640832	1.0001097709232638
2.1375437614425827	1.8942753523987725	0.06651121189533517	0.7527669687898377	0.10095904133259499	98.15764064315188	105.22989515520403	0.0021053581568640832	1.0001097709232638
2.1375437614425827	1.8942753523987725	0.06651121189533517	0.7527669687898377	0.10095904133259499	98.15764064315188	105.22989515520403	0.0021053581568640832	1.0001097709232638
2.1375437614425827	1.8942753523987725	0.06651121189533517	0.7527669687898377	0.10095904133259499	98.15764064315188	105.22989515520403	0.002105309109002292	1.0001097709232638
2.1375437614425827	1.8942753523987725	0.06651121189533517	0.7527669687898377	0.10095904133259499	98.15764064315188	105.22989515520403	0.002105309109002292	1.0001097709232638
2.1375437614425827	1.8942753523987725	0.06651121189533517	0.7527669687898377	0.10095904133259499	98.15764064315188	105.22989515520403	0.002105309109002292	1.0001097709232638
2.1375437614425827	1.8942753523987725	0.06651121189533517	0.7527669687898377	0.10095904133259499	98.15764064315188	105.22989515520403	0.0021096256184322676	1.0001097709232638
2.1375437614425827	1.8942753523987725	0.06651121189533517	0.7527669687898377	0.10095904133259499	98.15805505458378	105.22989515520403	0.0021096256184322676	1.0001097709232638
2.1375437614425827	1.8942753523987725	0.06651121189533517	0.7527669687898377	0.10095904133259499	98.15805505458378	105.22989515520403	0.0021096256184322676	1.0001097996864496
2.1375437614425827	1.8944200892030334	0.06651121189533517	0.7527669687898377	0.10095904133259499	98.15805505458378	105.22989515520403	0.0021096256184322676	1.0001097996864496
2.1375437614425827	1.8944200892030334	0.06651121189533517	0.7527669687898377	0.10095904133259499	98.15805505458378	105.22989515520403	0.0021096256184322676	1.0001097996864496
2.1375437614425827	1.8944200892030334	0.06651121189533517	0.7527669687898377	0.10095904133259499	98.15805505458378	105.22989515520403	0.0021096256184322676	1.0001097996864496
2.1375437614425827	1.8944200892030334	0.06651121189533517	0.7527669687898377	0.10095904133259499	98.15805505458378	105.22989515520403	0.0021096256184322676	1.0001097996864496
2.1375437614425827	1.8944200892030334	0.06651121189533517	0.7527669687898377	0.10095904133259499	98.15805505458378	105.22989515520403	0.0021096256184322676	1.0001097996864496
2.1375437614425827	1.8944200892030334	0.06651121189533517	0.7527669687898377	0.10095904133259499	98.15805505458378	105.36346716944547	0.0021096256184322676	1.0001097996864496
2.1375437614425827	1.8944200892030334	0.06651121189533517	0.7527669687898377	0.10095904133259499	98.15810341390117	105.36346716944547	0.0021096256184322676	1.0001097996864496
2.1375437614425827	1.8944200892030334	0.06651121189533517	0.7527669687898377	0.10095904133259499	98.15790508658729	105.36346716944547	0.0021096256184322676	1.0001097996864496
2.1375437614425827	1.8944200892030334	0.06651121189533517	0.7527669687898377	0.10095904133259499	98.15790508658729	105.36346716944547	0.0021096256184322676	1.0001097996864496
2.1375437614425827	1.8944200892030334	0.06651121189533517	0.7527669687898377	0.10095904133259499	98.15790508658729	105.36346716944547	0.0021096256184322676	1.0001097996864496
2.1375437614425827	1.8944200892030334	0.06651121189533517	0.7527669687898377	0.10095904133259499	98.15776914433725	105.36346716944547	0.0021096256184322676	1.0001097996864496
2.1375437614425827	1.8944200892030334	0.06651121189533517	0.7527669687898377	0.10050348870808141	98.15776914433725	105.36346716944547	0.0021096256184322676	1.0001097996864496
2.1375437614425827	1.8944200892030334	0.06651121189533517	0.7527669687898377	0.10050348870808141	98.15776914433725	105.36346716944547	0.0021096256184322676	1.0001097996864496
2.1375437614425827	1.8944200892030334	0.06651121189533517	0.7527669687898377	0.10050348870808141	98.15776914433725	105.36346716944547	0.0021096256184322676	1.0001097996864496
2.1375437614425827	1.8944200892030334	0.06651121189533517	0.7527669687898377	0.10050348870808141	98.15776914433725	105.36346716944547	0.0021096256184322676	1.0001097996864496
2.1375437614425827	1.8944200892030334	0.06651121189533517	0.7527669687898377	0.10050348870808141	98.15776914433725	105.36346716944547	0.0021096256184322676	1.0001097996864496
2.1375437614425827	1.8944200892030334	0.06651121189533517	0.7527669687898377	0.10050356188287779	98.15776914433725	105.36346716944547	0.0021096256184322676	1.0001097996864496
2.1375437614425827	1.8944200892030334	0.06651121189533517	0.7527669687898377	0.10050356188287779	98.15776914433725	105.36346716944547	0.0021096256184322676	1.0001097996864496
2.1375437614425827	1.8944196927067807	0.06651121189533517	0.7527669687898377	0.10050356188287779	98.15776914433725	105.36346716944547	0.0021096256184322676	1.0001097996864496
2.1375437614425827	1.8944196927067807	0.06651121189533517	0.7527669687898377	0.10077709613934979	98.15776914433725	105.36346716944547	0.0021096256184322676	1.0001097996864496
2.1375437614425827	1.8944196927067807	0.06651121189533517	0.7527678439363573	0.10077709613934979	98.15776914433725	105.36346716944547	0.0021096256184322676	1.0001097996864496
2.1375437614425827	1.8944196927067807	0.06651121189533517	0.7527678439363573	0.10077709613934979	98.15776914433725	105.36346716944547	0.0021096256184322676	1.0001097996864496
2.1375437614425827	1.8944196927067807	0.06651121189533517	0.7527678439363573	0.10077709613934979	98.15835092526743	105.36346716944547	0.0021096256184322676	1.0001097996864496
2.1375437614425827	1.8944196927067807	0.06651121189533517	0.7527678439363573	0.10077709613934979	98.15835092526743	105.36346716944547	0.0021096256184322676	1.0001097996864496
2.1375357491440288	1.8944196927067807	0.06651121189533517	0.7527678439363573	0.10077709613934979	98.15835092526743	105.36346716944547	0.0021096256184322676	1.0001097996864496
2.1375357491440288	1.8944196927067807	0.06651121189533517	0.7527678439363573	0.10077709613934979	98.15835092526743	105.36346716944547	0.0021096256184322676	1.0001097996864496
2.1375357491440288	1.8944196927067807	0.06651121189533517	0.7527678439363573	0.10077709613934979	98.15835092526743	105.36447898653408	0.0021096256184322676	1.0001097996864496
2.1375357491440288	1.8944196927067807	0.06651121189533517	0.7527678439363573	0.10077709613934979	98.1596931147969	105.36447898653408	0.0021096256184322676	1.0001097996864496
2.1375357491440288	1.8944196927067807	0.06651121189533517	0.7527563587823003	0.10077709613934979	98.1596931147969	105.36447898653408	0.0021096256184322676	1.0001097996864496
2.1375357491440288	1.8944196927067807	0.06651121189533517	0.7527563587823003	0.10077709613934979	98.1596931147969	105.36447898653408	0.0021096256184322676	1.0001097996864496
2.1375357491440288	1.8944196927067807	0.06651121189533517	0.7527563587823003	0.10077709613934979	98.1596931147969	107.15292707023674	0.0021096256184322676	1.0001097996864496
2.1375357491440288	1.8944196927067807	0.06651121189533517	0.7527563587823003	0.10077709613934979	98.1596931147969	107.14608067986113	0.0021096256184322676	1.0001097996864496
2.1375357491440288	1.8944196927067807	0.06651121189533517	0.7527563587823003	0.10077709613934979	98.1596931147969	107.14608067986113	0.0021096256184322676	1.0001097996864496
2.1375357491440288	1.8944196927067807	0.06651121189533517	0.7527563587823003	0.10077709613934979	98.1596931147969	107.14608067986113	0.0021096256184322676	1.0001097996864496
2.1375357491440288	1.8944196927067807	0.06651121189533517	0.7527563587823003	0.10077709613934979	98.1596931147969	107.14608067986113	0.0021096256184322676	1.0001097996864496
2.1375357491440288	1.8944196927067807	0.06651121189533517	0.7527563587823003	0.10077709613934979	98.1597238892883	107.14608067986113	0.0021096256184322676	1.0001097996864496
2.1375357491440288	1.8944196927067807	0.06651121189533517	0.7527563587823003	0.10077709613934979	98.1597238892883	107.14608067986113	0.0021096256184322676	1.0001097996864496
2.1375357491440288	1.8944196927067807	0.06651121189533517	0.7527563587823003	0.10077709613934979	98.1597238892883	107.14608067986113	0.0021096256184322676	1.0001097996864496
2.1375357491440288	1.8944196927067807	0.06651121189533517	0.7527563587823003	0.10077709613934979	98.1597238892883	107.14608067986113	0.0021096256184322676	1.0001097996864496
2.1375357491440288	1.8944196927067807	0.06651121189533517	0.7527563587823003	0.10077709613934979	98.1597238892883	107.14608067986113	0.0021096256184322676	1.0001097996864496
2.1375357491440288	1.8944196927067807	0.06651121189533517	0.7527583679164346	0.10077709613934979	98.1597238892883	107.14608067986113	0.0021096256184322676	1.0001097996864496
2.1375357491440288	1.8944196927067807	0.06651121189533517	0.7527583679164346	0.10077709613934979	98.1597238892883	106.55176221254051	0.0021096256184322676	1.0001097996864496
2.1375357491440288	1.8944196927067807	0.06651121189533517	0.7527583679164346	0.10077709613934979	98.1597238892883	106.55176221254051	0.0021096256184322676	1.0001097996864496
2.1375357491440288	1.8955874460186641	0.06651121189533517	0.7527583679164346	0.10077709613934979	98.1597238892883	106.55176221254051	0.0021096256184322676	1.0001097996864496
2.1375357491440288	1.8955874460186641	0.06651121189533517	0.7527583679164346	0.10077709613934979	98.1597238892883	106.55176221254051	0.0021096256184322676	1.0001097996864496
2.1375357491440288	1.8955874460186641	0.06651121189533517	0.7527583679164346	0.10077709613934979	98.1597238892883	106.55176221254051	0.0021096256184322676	1.0001097996864496
2.1375357491440288	1.8955874460186641	0.06651121189533517	0.7527583679164346	0.10077709613934979	98.1597238892883	106.55176221254051	0.0021096256184322676	1.0001097996864496
2.1376320227185466	1.8955874460186641	0.06651121189533517	0.7527583679164346	0.10077709613934979	98.1597238892883	106.55176221254051	0.0021096256184322676	1.0001097996864496
2.1376320227185466	1.8955874460186641	0.06651121189533517	0.7527583679164346	0.10077709613934979	98.15999849760566	106.55176221254051	0.0021096256184322676	1.0001097996864496
2.1376320227185466	1.8955874460186641	0.06651121189533517	0.7527583679164346	0.10077709613934979	98.15999849760566	106.5517651517564	0.0021096256184322676	1.0001097996864496
2.1376320227185466	1.8955874460186641	0.06651121189533517	0.7527583679164346	0.1007769565753171	98.15999849760566	106.5517651517564	0.0021096256184322676	1.0001097996864496
2.1376320227185466	1.8955874460186641	0.06651121189533517	0.7527583679164346	0.1007769565753171	98.15999849760566	106.5517651517564	0.0021096256184322676	1.0001097996864496
2.1376320227185466	1.8955874460186641	0.06651121189533517	0.7527583679164346	0.10079823920942509	98.15999849760566	106.5517651517564	0.0021096256184322676	1.0001097996864496
2.1376320227185466	1.8955874460186641	0.06651121189533517	0.7527583679164346	0.10079823920942509	98.15999849760566	106.5517651517564	0.0021096256184322676	1.000110279020703
2.1376320227185466	1.8955874460186641	0.06651121189533517	0.7527583679164346	0.10079823920942509	98.15999849760566	106.5517651517564	0.0021096256184322676	1.000110279020703
2.1376320227185466	1.8955874460186641	0.06651121189533517	0.7527583679164346	0.10079823920942509	98.15999849760566	106.5517651517564	0.0021096256184322676	1.000110279020703
2.1376320227185466	1.8955874460186641	0.06651121189533517	0.7527583679164346	0.10079823920942509	98.15999849760566	106.5517651517564	0.0021096256184322676	1.000110279020703
2.1376320227185466	1.8955874460186641	0.06651121189533517	0.7527583679164346	0.10079823920942509	98.15999849760566	106.5517651517564	0.0021096256184322676	1.000110279020703
2.1376320227185466	1.8955874460186641	0.06651121189533517	0.7527583679164346	0.10079823920942509	98.15999849760566	106.5517651517564	0.0021096256184322676	1.000110279020703
2.1376320227185466	1.8955874460186641	0.06651121189533517	0.7527583679164346	0.10079823920942509	98.15999849760566	106.5517651517564	0.0021096256184322676	1.000110279020703
2.1376320227185466	1.8955874460186641	0.06651121189533517	0.7527583679164346	0.10079823920942509	98.16079954428143	106.5517651517564	0.0021096256184322676	1.000110279020703
2.1376320227185466	1.8955874460186641	0.06651121189533517	0.7527583679164346	0.10079823920942509	98.16079954428143	106.5517651517564	0.0021096256184322676	1.000110279020703
2.1376320227185466	1.8955874460186641	0.06651121189533517	0.7527583679164346	0.10079866231180816	98.16079954428143	106.5517651517564	0.0021096256184322676	1.000110279020703
2.1376320227185466	1.8955874460186641	0.06651121189533517	0.7527583679164346	0.10079866231180816	98.16079954428143	106.5517651517564	0.0021096256184322676	1.000110279020703
2.139126883735764	1.8955874460186641	0.06651121189533517	0.7527583679164346	0.10079866231180816	98.16079954428143	106.5517651517564	0.0021096256184322676	1.000110279020703
2.139126883735764	1.8955874460186641	0.06651121189533517	0.7527583679164346	0.10079866231180816	98.16079954428143	106.5517651517564	0.0021096256184322676	1.000110279020703
2.139126883735764	1.8955874460186641	0.06651121189533517	0.7527583679164346	0.10079866231180816	98.16079954428143	106.55190623251126	0.0021096256184322676	1.000110279020703
2.139126883735764	1.8955874460186641	0.06651121189533517	0.7527583679164346	0.10079866231180816	98.16079954428143	106.55190623251126	0.0021096256184322676	1.000110279020703
2.139126883735764	1.8955874460186641	0.06651121189533517	0.7527583679164346	0.10079866231180816	98.16079954428143	106.55190623251126	0.0021096256184322676	1.000110279020703
2.139126883735764	1.8955874460186641	0.0665091113271837	0.7527583679164346	0.10079866231180816	98.16079954428143	106.55190623251126	0.0021096256184322676	1.000110279020703
2.139126883735764	1.8955874460186641	0.0665091113271837	0.7527583679164346	0.10079887453285259	98.16079954428143	106.55190623251126	0.0021096256184322676	1.000110279020703
2.139126883735764	1.8955874460186641	0.0665091113271837	0.7527583679164346	0.10079887453285259	98.16375941877736	106.55190623251126	0.0021096256184322676	1.000110279020703
2.139126883735764	1.8955874460186641	0.0665091113271837	0.7527583679164346	0.10079887453285259	98.16375941877736	106.55190623251126	0.0020985676544872708	1.000110279020703
2.139126883735764	1.8955874460186641	0.0665091113271837	0.7527583679164346	0.10079887453285259	98.1529201674685	106.55190623251126	0.0020985676544872708	1.000110279020703
2.139126883735764	1.8955874460186641	0.0665091113271837	0.7527583679164346	0.10079887453285259	98.1529201674685	106.55190623251126	0.0020985676544872708	1.000110279020703
2.1416997936115867	1.8955874460186641	0.0665091113271837	0.7527583679164346	0.10079887453285259	98.1529201674685	106.55190623251126	0.0020985676544872708	1.000110279020703
2.140314312121884	1.8955874460186641	0.0665091113271837	0.7527583679164346	0.10079887453285259	98.1529201674685	106.55190623251126	0.0020985676544872708	1.000110279020703
2.140314312121884	1.8955874460186641	0.0665091113271837	0.7527583679164346	0.10079887453285259	98.1529201674685	106.55190623251126	0.002100307579992559	1.000110279020703
2.140314312121884	1.8955874460186641	0.0665091113271837	0.7527583679164346	0.10079887453285259	98.1529201674685	106.55190623251126	0.002100307579992559	1.000110279020703
2.140314312121884	1.8955874460186641	0.0665091113271837	0.7527583679164346	0.10079887453285259	98.1529201674685	106.56987471087834	0.002100307579992559	1.000110279020703
2.140314312121884	1.8955874460186641	0.0665091113271837	0.7527583679164346	0.10079887453285259	98.1529201674685	106.56987471087834	0.002100307579992559	1.000110279020703
2.140314312121884	1.8955874460186641	0.0665091113271837	0.7527583679164346	0.10079887453285259	98.1529201674685	106.56987471087834	0.002100307579992559	1.000110279020703
2.140314312121884	1.8956049381921758	0.0665091113271837	0.7527583679164346	0.10079887453285259	98.1529201674685	106.56987471087834	0.002100307579992559	1.000110279020703
2.140314312121884	1.8956049381921758	0.0665091113271837	0.7527583679164346	0.10079887453285259	98.1529201674685	106.56987471087834	0.002100307579992559	1.000110279020703
2.140314312121884	1.8956049381921758	0.0665091113271837	0.7527583679164346	0.10079887453285259	98.1529201674685	106.56987471087834	0.002100307579992559	1.000110279020703
2.140314312121884	1.8956049381921758	0.0665091113271837	0.7527583679164346	0.10079887453285259	98.1529201674685	106.56987471087834	0.002112262516912238	1.000110279020703
2.140314312121884	1.8956049381921758	0.0665091113271837	0.7527583679164346	0.10079887453285259	98.1529201674685	106.56693129895169	0.002112262516912238	1.000110279020703
2.1405829487035177	1.8956049381921758	0.0665091113271837	0.7527583679164346	0.10079887453285259	98.1529201674685	106.56693129895169	0.002112262516912238	1.000110279020703
2.1405829487035177	1.8956049381921758	0.0665091113271837	0.7527583679164346	0.10079887453285259	98.1529201674685	106.56693129895169	0.002112262516912238	1.000110279020703
2.1405829487035177	1.8956049381921758	0.0665091113271837	0.7527583679164346	0.10079887453285259	98.1529201674685	106.56693129895169	0.002112262516912238	1.000110279020703
2.1405829487035177	1.8956049381921758	0.0665091113271837	0.7527583679164346	0.10079887453285259	98.1529201674685	106.56693129895169	0.002112262516912238	1.000110279020703
2.1405829487035177	1.8956049381921758	0.0665091113271837	0.7527583679164346	0.10079887453285259	98.1529201674685	106.56693129895169	0.002112262516912238	1.000110279020703
2.1405829487035177	1.8956049381921758	0.0665091113271837	0.7525431469785606	0.10079887453285259	98.1529201674685	106.56693129895169	0.002112262516912238	1.000110279020703
2.1405829487035177	1.8956049381921758	0.0665091113271837	0.7525431469785606	0.10079887453285259	98.1529201674685	106.56693129895169	0.002112262516912238	1.000110279020703
2.1405829487035177	1.8956049381921758	0.0665091113271837	0.7525431469785606	0.10079887453285259	98.1529201674685	106.56693129895169	0.002112262516912238	1.000110279020703
2.1405829487035177	1.8956049381921758	0.0665091113271837	0.7525431469785606	0.10079885437762993	98.1529201674685	106.56693129895169	0.002112262516912238	1.000110279020703
2.1405829487035177	1.8956049381921758	0.0665091113271837	0.7525431469785606	0.10079885437762993	98.1529201674685	106.56693129895169	0.002112262516912238	1.000110279020703
2.1405829487035177	1.8956108916582755	0.0665091113271837	0.7525431469785606	0.10079885437762993	98.1529201674685	106.56693129895169	0.002112262516912238	1.000110279020703
2.1405829487035177	1.8956108916582755	0.0665091113271837	0.7525431469785606	0.10079885437762993	98.15290528067395	106.56693129895169	0.002112262516912238	1.000110279020703
2.1405829487035177	1.8956108916582755	0.0665091113271837	0.7525431469785606	0.1008047262339505	98.15290528067395	106.56693129895169	0.002112262516912238	1.000110279020703
2.1405829487035177	1.8956108916582755	0.0665091113271837	0.7525431469785606	0.1008047262339505	98.15290528067395	106.56693129895169	0.002112262516912238	1.0001078344212662
2.1405829487035177	1.8956108916582755	0.06650609184397316	0.7525431469785606	0.1008047262339505	98.15290528067395	106.56693129895169	0.002112262516912238	1.0001078344212662
2.1405829487035177	1.8956108916582755	0.06650609184397316	0.7525431469785606	0.1008047262339505	98.15290528067395	106.56693129895169	0.002112262516912238	1.0001078344212662
2.1405829487035177	1.8956108916582755	0.06650609184397316	0.7525431469785606	0.1008047262339505	98.15290528067395	106.56693129895169	0.002112262516912238	1.0001078344212662
2.1405829487035177	1.8956108916582755	0.06650609184397316	0.7525431469785606	0.1008047262339505	98.15290528067395	106.56693129895169	0.002112262516912238	1.0001078344212662
2.1405829487035177	1.8956108916582755	0.06650609184397316	0.7525431469785606	0.1008047262339505	98.15290528067395	106.5738710232881	0.002112262516912238	1.0001078344212662
2.1405829487035177	1.8956108916582755	0.06650609184397316	0.7525431469785606	0.1008047262339505	98.15290528067395	106.5738710232881	0.002112262516912238	1.0001078344212662
2.1405829487035177	1.8956108916582755	0.06650609184397316	0.7525431469785606	0.1008047262339505	98.15290528067395	106.42937940994847	0.002112262516912238	1.0001078344212662
2.1405818314854628	1.8956108916582755	0.06650609184397316	0.7525431469785606	0.1008047262339505	98.15290528067395	106.42937940994847	0.002112262516912238	1.0001078344212662
2.1405818314854628	1.895608628050162	0.06650609184397316	0.7525431469785606	0.1008047262339505	98.15290528067395	106.42937940994847	0.002112262516912238	1.0001078344212662
2.1405818314854628	1.895608628050162	0.06650609184397316	0.7525431469785606	0.1008047262339505	98.15290528067395	106.42937940994847	0.002112262516912238	1.0001078344212662
2.1405818314854628	1.895608628050162	0.06650609184397316	0.7525431469785606	0.1008047262339505	98.15290528067395	106.42937940994847	0.002112262516912238	1.0001078344212662
2.1405818314854628	1.895608628050162	0.06650609184397316	0.7525431469785606	0.1008047262339505	98.15290528067395	106.42937940994847	0.002112262516912238	1.0001063343836258
2.1405818314854628	1.895608628050162	0.06650609184397316	0.7525431469785606	0.1008047262339505	98.17502145948558	106.42937940994847	0.002112262516912238	1.0001063343836258
2.1405818314854628	1.895608628050162	0.06650609184397316	0.7525431469785606	0.10066799764366623	98.17502145948558	106.42937940994847	0.002112262516912238	1.0001063343836258
2.1405818314854628	1.895608628050162	0.06650609184397316	0.7525431469785606	0.10066799764366623	98.17502145948558	106.42937940994847	0.002112262516912238	1.0001063343836258
2.1405818314854628	1.895486835569603	0.06650609184397316	0.7525431469785606	0.10066799764366623	98.17502145948558	106.42937940994847	0.002112262516912238	1.0001063343836258
2.1405818314854628	1.895486835569603	0.06650609184397316	0.7525431469785606	0.10066799764366623	98.17502145948558	106.42937940994847	0.002112262516912238	1.0001063343836258
2.1405818314854628	1.895486835569603	0.06650609184397316	0.7525431469785606	0.10066799764366623	98.17502145948558	106.42937940994847	0.002112262516912238	1.0001063343836258
2.1405818314854628	1.895486835569603	0.06650609184397316	0.7525431469785606	0.10066799764366623	98.17502145948558	106.42937940994847	0.002112262516912238	1.0001063343836258
2.1405818314854628	1.895486835569603	0.06650609184397316	0.7525431469785606	0.10066799764366623	98.17502145948558	106.42937940994847	0.002112262516912238	1.0001063343836258
2.1405818314854628	1.895486835569603	0.06650609184397316	0.7525431469785606	0.10066799764366623	98.17502145948558	106.42937940994847	0.002112262516912238	1.0001063343836258
2.1405818314854628	1.895486835569603	0.06650609184397316	0.7525431469785606	0.10066799764366623	98.17502145948558	106.42937940994847	0.0020884192010426628	1.0001063343836258
2.1405818314854628	1.895486835569603	0.06650609184397316	0.7525431469785606	0.10066799764366623	98.17502145948558	106.42937940994847	0.0020884192010426628	1.0001063343836258
2.1405818314854628	1.895486835569603	0.06650609184397316	0.7525431469785606	0.10066799764366623	98.17502145948558	106.42937940994847	0.0020884192010426628	1.0001063343836258
2.1405818314854628	1.895486835569603	0.06650609184397316	0.7525431469785606	0.10066799764366623	98.17502145948558	106.42937940994847	0.0020884192010426628	1.0001068303213803
2.1405818314854628	1.895486835569603	0.06650609184397316	0.7525431469785606	0.10066799764366623	98.17502145948558	106.42937940994847	0.0020884192010426628	1.0001068303213803
2.1405818314854628	1.895486835569603	0.06650609184397316	0.7525431469785606	0.10066799764366623	98.17502145948558	106.42937940994847	0.0020884192010426628	1.0001068303213803
2.1405818314854628	1.895486835569603	0.06650609184397316	0.7525431469785606	0.10066799764366623	98.17502145948558	106.42937940994847	0.0020884192010426628	1.0000995172972746
2.1405818314854628	1.895486835569603	0.06650609184397316	0.7525431469785606	0.10066799764366623	98.17502145948558	106.42937940994847	0.0020884192010426628	1.0000995172972746
2.1405818314854628	1.895486835569603	0.06650609184397316	0.7525431469785606	0.10066799764366623	98.17502145948558	106.42937940994847	0.0020884192010426628	1.0000995172972746
2.1405818314854628	1.895486835569603	0.06650609184397316	0.7525431469785606	0.10066799764366623	98.15648011475149	106.42937940994847	0.0020884192010426628	1.0000995172972746
2.1405818314854628	1.8954523962510885	0.06650609184397316	0.7525431469785606	0.10066799764366623	98.15648011475149	106.42937940994847	0.0020884192010426628	1.0000995172972746
2.1405818314854628	1.8954523962510885	0.06650609184397316	0.7525431469785606	0.10066705394930786	98.15648011475149	106.42937940994847	0.0020884192010426628	1.0000995172972746
2.1405818314854628	1.8954523962510885	0.06650609184397316	0.7525431469785606	0.10066705394930786	98.15648011475149	106.42937940994847	0.0020884192010426628	1.0000995172972746
2.1405818314854628	1.8954523962510885	0.06650609184397316	0.7525431469785606	0.10066705394930786	98.15648011475149	106.42937940994847	0.0020884192010426628	1.0000995172972746
2.1405818314854628	1.8954523962510885	0.06650609184397316	0.7525431469785606	0.1006786126094134	98.15648011475149	106.42937940994847	0.0020884192010426628	1.0000995172972746
2.1405818314854628	1.8954516378390454	0.06650609184397316	0.7525431469785606	0.1006786126094134	98.15648011475149	106.42937940994847	0.0020884192010426628	1.0000995172972746
2.140581940990328	1.8954516378390454	0.06650609184397316	0.7525431469785606	0.1006786126094134	98.15648011475149	106.42937940994847	0.0020884192010426628	1.0000995172972746
2.140581940990328	1.8954516378390454	0.06650609184397316	0.7525431469785606	0.1006786126094134	98.15648011475149	106.42937940994847	0.0020884192010426628	1.0000995172972746
2.1405829400955585	1.8954516378390454	0.06650609184397316	0.7525431469785606	0.1006786126094134	98.15648011475149	106.42937940994847	0.0020884192010426628	1.0000995172972746
2.1405829400955585	1.8954516378390454	0.06650609184397316	0.7525431469785606	0.1006786126094134	98.15648011475149	106.4290676100022	0.0020884192010426628	1.0000995172972746
2.1405829400955585	1.8954516378390454	0.06650609184397316	0.7525431469785606	0.1006786126094134	98.15648011475149	106.4290676100022	0.0020884192010426628	1.0001003010960932
2.1405829400955585	1.8954516378390454	0.06650178980978311	0.7525431469785606	0.1006786126094134	98.15648011475149	106.4290676100022	0.0020884192010426628	1.0001003010960932
2.1405829400955585	1.8954516378390454	0.06650178980978311	0.7525431469785606	0.10070088064069023	98.15648011475149	106.4290676100022	0.0020884192010426628	1.0001003010960932
2.1405829400955585	1.8954516378390454	0.06650178980978311	0.7525431469785606	0.10070088064069023	98.15648011475149	106.68486593789436	0.0020884192010426628	1.0001003010960932
2.1405829400955585	1.8954516378390454	0.06650178980978311	0.7525431469785606	0.10070088064069023	98.15653667224481	106.68486593789436	0.0020884192010426628	1.0001003010960932
2.1405829400955585	1.8954516378390454	0.06650178980978311	0.7525431469785606	0.10070088064069023	98.15653667224481	106.68645589847338	0.0020884192010426628	1.0001003010960932
2.1405829400955585	1.8954516378390454	0.06656837655814675	0.7525431469785606	0.10070088064069023	98.15653667224481	106.68645589847338	0.0020884192010426628	1.0001003010960932
2.1405824588288356	1.8954516378390454	0.06656837655814675	0.7525431469785606	0.10070088064069023	98.15653667224481	106.68645589847338	0.0020884192010426628	1.0001003010960932
2.1405824588288356	1.8954516378390454	0.06656837655814675	0.7525431469785606	0.10070088064069023	98.15653667224481	106.68645589847338	0.0020884192010426628	1.0001003010960932
2.1405824588288356	1.8954516378390454	0.06656837655814675	0.7525431469785606	0.10070088064069023	98.15653667224481	106.68645589847338	0.0020884192010426628	1.0001003010960932
2.1405824588288356	1.8954455671780595	0.06656837655814675	0.7525431469785606	0.10070088064069023	98.15653667224481	106.68645589847338	0.0020884192010426628	1.0001003010960932
2.140901161329692	1.8954455671780595	0.06656837655814675	0.7525431469785606	0.10070088064069023	98.15653667224481	106.68645589847338	0.0020884192010426628	1.0001003010960932
2.140901161329692	1.8954455671780595	0.06656837655814675	0.7525431469785606	0.10070088064069023	98.15653667224481	106.68645589847338	0.002088397530393654	1.0001003010960932
2.140901161329692	1.8954455671780595	0.06656837655814675	0.7525431469785606	0.10070088064069023	98.15653667224481	106.68645589847338	0.002088397530393654	1.0001003010960932
2.140901161329692	1.8954455671780595	0.06656837655814675	0.7525431469785606	0.10070088064069023	98.15653667224481	106.68645589847338	0.002088397530393654	1.0001003010960932
2.140901161329692	1.8954455671780595	0.06656837655814675	0.7525431469785606	0.10071668567293146	98.15653667224481	106.68645589847338	0.002088397530393654	1.0001003010960932
2.140901161329692	1.8954455671780595	0.06656837655814675	0.7525431469785606	0.10071668567293146	98.15653667224481	106.68645589847338	0.002088397530393654	1.0001003010960932
2.140901161329692	1.8951289107908842	0.06656837655814675	0.7525431469785606	0.10071668567293146	98.15653667224481	106.68645589847338	0.002088397530393654	1.0001003010960932
2.140901161329692	1.8951289107908842	0.06656837655814675	0.7525431469785606	0.10071668567293146	98.15653667224481	106.68645589847338	0.002088397530393654	1.0001003010960932
2.140901161329692	1.8951289107908842	0.06656837655814675	0.7525431469785606	0.10071668567293146	98.15653667224481	106.68645589847338	0.002088397530393654	1.0001003010960932
2.140901161329692	1.8951289107908842	0.06657082097391509	0.7525431469785606	0.10071668567293146	98.15653667224481	106.68645589847338	0.002088397530393654	1.0001003010960932
2.140901161329692	1.8951235500271908	0.06657082097391509	0.7525431469785606	0.10071668567293146	98.15653667224481	106.68645589847338	0.002088397530393654	1.0001003010960932
2.140901161329692	1.8951235500271908	0.06657082097391509	0.7525431469785606	0.10071668567293146	98.15653667224481	106.68626862345751	0.002088397530393654	1.0001003010960932
2.140901161329692	1.8951235500271908	0.06657082097391509	0.7525431469785606	0.10071668567293146	98.15653667224481	106.68626862345751	0.002088397530393654	1.0001003010960932
2.140901161329692	1.8951235500271908	0.06657082097391509	0.7525431469785606	0.10071668567293146	98.15653667224481	106.62856521565823	0.002088397530393654	1.0001003010960932
2.140901161329692	1.8951235500271908	0.06657082097391509	0.7525431469785606	0.10071668567293146	98.15653667224481	106.62856521565823	0.002088397530393654	1.0001003010960932
2.140901161329692	1.8951235500271908	0.06657082097391509	0.7525431469785606	0.10071668567293146	98.15653667224481	106.62856521565823	0.002088397530393654	1.0001002881932517
2.140901161329692	1.8951235500271908	0.06657082097391509	0.7525431469785606	0.10071668567293146	98.15653667224481	106.6286910426061	0.002088397530393654	1.0001002881932517
2.140901161329692	1.8951235500271908	0.06657082097391509	0.7525431469785606	0.10066582536042167	98.15653667224481	106.6286910426061	0.002088397530393654	1.0001002881932517
2.140901161329692	1.8951235500271908	0.06657082097391509	0.7525431469785606	0.10066582536042167	98.15653667224481	106.6286910426061	0.002088397530393654	1.0001002881932517
2.140901161329692	1.8951235500271908	0.06657082097391509	0.7525431469785606	0.10066582536042167	98.15653667224481	106.6286910426061	0.0020883505540733455	1.0001002881932517
2.140937088820285	1.8951235500271908	0.06657082097391509	0.7525431469785606	0.10066582536042167	98.15653667224481	106.6286910426061	0.0020883505540733455	1.0001002881932517
2.140937088820285	1.8951235500271908	0.06655215789671234	0.7525431469785606	0.10066582536042167	98.15653667224481	106.6286910426061	0.0020883505540733455	1.0001002881932517
2.140937088820285	1.8951235500271908	0.06655215789671234	0.7525431469785606	0.10066582536042167	98.15653667224481	106.6286910426061	0.0020883505540733455	1.0001002881932517
2.140937088820285	1.8951235500271908	0.06655215789671234	0.7525431469785606	0.10066582536042167	98.15653667224481	106.6286910426061	0.0020883505540733455	1.0001002881932517
2.140937088820285	1.8951235500271908	0.06655215789671234	0.7525431469785606	0.10066582536042167	98.15653667224481	106.6286910426061	0.0020885090527051333	1.0001002881932517
2.140937088820285	1.8951235500271908	0.06655215789671234	0.7525431469785606	0.10066521617038264	98.15653667224481	106.6286910426061	0.0020885090527051333	1.0001002881932517
2.140937088820285	1.8951235500271908	0.06655215789671234	0.7525431469785606	0.10066521617038264	98.15653667224481	106.6286910426061	0.0020885090527051333	1.0001002881932517
2.140937088820285	1.8951235500271908	0.06655215789671234	0.7525431469785606	0.10066521617038264	98.15653667224481	106.6286910426061	0.0020885090527051333	1.0001002881932517
2.140937088820285	1.8951235500271908	0.06655215789671234	0.7525431469785606	0.10066521617038264	98.15653667224481	106.6286910426061	0.0020885090527051333	1.0001002881932517
2.140937088820285	1.8951235500271908	0.06655215789671234	0.7525431469785606	0.10066521617038264	98.15653667224481	106.6286910426061	0.0020885090527051333	1.0001002881932517
2.140937088820285	1.8951235500271908	0.06655215789671234	0.7525431469785606	0.10066521617038264	98.15653667224481	106.6286910426061	0.0020885090527051333	1.0001002881932517
2.1408901972831376	1.8951235500271908	0.06655215789671234	0.7525431469785606	0.10066521617038264	98.15653667224481	106.6286910426061	0.0020885090527051333	1.0001002881932517
2.1408901972831376	1.8951235500271908	0.06655215789671234	0.7525431469785606	0.10066521617038264	98.15653667224481	106.62859167035377	0.0020885090527051333	1.0001002881932517
2.1408901972831376	1.8951235500271908	0.06655215789671234	0.7525431469785606	0.10066521617038264	98.15653667224481	106.60951336826369	0.0020885090527051333	1.0001002881932517
2.1408901972831376	1.8951235500271908	0.06655215789671234	0.7525431469785606	0.10066524684897599	98.15653667224481	106.60951336826369	0.0020885090527051333	1.0001002881932517
2.1408901972831376	1.8951235500271908	0.06655215789671234	0.7525431469785606	0.10066524684897599	98.15653667224481	106.60951336826369	0.0020885090527051333	1.0001002881932517
2.1408901972831376	1.8951235500271908	0.06655215789671234	0.7525431469785606	0.10066524684897599	98.15653667224481	106.60951336826369	0.0020885090527051333	1.0001002881932517
2.1408901972831376	1.8988856666922314	0.06655215789671234	0.7525431469785606	0.10066524684897599	98.15653667224481	106.60951336826369	0.0020885090527051333	1.0001002881932517
2.1408901972831376	1.8988856666922314	0.06655215789671234	0.7525431469785606	0.10066524684897599	98.15653667224481	106.60951336826369	0.0020884776289872395	1.0001002881932517
2.1408901972831376	1.8988856666922314	0.06655215789671234	0.7525431469785606	0.10066524684897599	98.15653667224481	106.60951336826369	0.0020884776289872395	1.0001002881932517
2.1408901972831376	1.8988856666922314	0.06656961580464449	0.7525431469785606	0.10066524684897599	98.15653667224481	106.60951336826369	0.0020884776289872395	1.0001002881932517
2.1408901972831376	1.8988856666922314	0.06656961580464449	0.7525431469785606	0.1006652898266155	98.15653667224481	106.60951336826369	0.0020884776289872395	1.0001002881932517
2.1408901972831376	1.8988862906975434	0.06656961580464449	0.7525431469785606	0.1006652898266155	98.15653667224481	106.60951336826369	0.0020884776289872395	1.0001002881932517
2.1408901972831376	1.8988862906975434	0.06656961580464449	0.7525431469785606	0.1006652898266155	98.15653667224481	106.60951336826369	0.0020884776289872395	1.0001002881932517
2.1408901972831376	1.8988862906975434	0.06656961580464449	0.7525431469785606	0.1006652898266155	98.15653958431159	106.60951336826369	0.0020884776289872395	1.0001002881932517
2.1408901972831376	1.8988862906975434	0.06656373632178393	0.7525431469785606	0.1006652898266155	98.15653958431159	106.60951336826369	0.0020884776289872395	1.0001002881932517
2.1408901972831376	1.8988862906975434	0.06656373632178393	0.7525431469785606	0.1006652898266155	98.15653958431159	106.60951336826369	0.0020884776289872395	1.0001003024758384
2.1408901972831376	1.8988862906975434	0.06656373632178393	0.7525431469785606	0.1006652898266155	98.15653958431159	106.60951336826369	0.0020884776289872395	1.0001003024758384
2.1408901972831376	1.8988862906975434	0.06656373632178393	0.7525431469785606	0.1006652898266155	98.15653958431159	106.60951336826369	0.0020884776289872395	1.0001003024758384
2.1408901972831376	1.8988862906975434	0.06656373632178393	0.7525431469785606	0.1006652898266155	98.15653958431159	106.60951336826369	0.0020884776289872395	1.0001003024758384
2.1408901972831376	1.8988862906975434	0.06656373632178393	0.7525431469785606	0.1006652898266155	98.15653958431159	106.60951336826369	0.0020884776289872395	1.0001003024758384
2.1408901972831376	1.8988862906975434	0.06656373632178393	0.7525431469785606	0.1006652898266155	98.15653958431159	106.60951336826369	0.0020884776289872395	1.0001003024758384
2.1408901972831376	1.8988862906975434	0.06656373632178393	0.7525431469785606	0.10066524563272265	98.15653958431159	106.60951336826369	0.0020884776289872395	1.0001003024758384
2.1408901972831376	1.8988862906975434	0.06656373632178393	0.7525431469785606	0.10066524563272265	98.15653958431159	106.60951336826369	0.0020884776289872395	1.0001003024758384
2.1408901972831376	1.8988862906975434	0.06656373632178393	0.7525431469785606	0.10066524563272265	98.15653958431159	106.60951336826369	0.0020884776289872395	1.000098135220422
2.1408901972831376	1.8988862906975434	0.06656373632178393	0.7525431469785606	0.10066524563272265	98.16057467612038	106.60951336826369	0.0020884776289872395	1.000098135220422
2.1408901972831376	1.8988862906975434	0.06656697910163456	0.7525431469785606	0.10066524563272265	98.16057467612038	106.60951336826369	0.0020884776289872395	1.000098135220422
2.1408901972831376	1.8988862906975434	0.06656697910163456	0.7525431469785606	0.10066524563272265	98.16057467612038	107.90983708154901	0.0020884776289872395	1.000098135220422
2.1408901972831376	1.8988862906975434	0.06656697910163456	0.7530852936687642	0.10066524563272265	98.16057467612038	107.90983708154901	0.0020884776289872395	1.000098135220422
2.1408901972831376	1.8988862906975434	0.06656697910163456	0.7530852936687642	0.10066524563272265	98.16057467612038	107.90983708154901	0.0020884776289872395	1.000098135220422
2.1408901972831376	1.8988862906975434	0.06656697910163456	0.7530852936687642	0.10066524563272265	98.16057467612038	107.90983708154901	0.0020884776289872395	1.000098144383543
2.1408901972831376	1.8988862906975434	0.06656697910163456	0.7530852936687642	0.10066524563272265	98.16057467612038	107.90983708154901	0.0020884776289872395	1.000098144383543
2.1408901972831376	1.8988862906975434	0.06656697910163456	0.7530852936687642	0.10066524563272265	98.16057467612038	107.90989150091943	0.0020884776289872395	1.000098144383543
2.1408901972831376	1.8988862906975434	0.06656261197505071	0.7530852936687642	0.10066524563272265	98.16057467612038	107.90989150091943	0.0020884776289872395	1.000098144383543
2.1408901972831376	1.8988862906975434	0.06656261197505071	0.7530852936687642	0.10066524563272265	98.16057467612038	107.90989150091943	0.0020884776289872395	1.0000975278672823
2.1408901972831376	1.8988862906975434	0.06656261197505071	0.7530852936687642	0.10066524563272265	98.16057467612038	107.90989150091943	0.0020884776289872395	1.0001008973671026
2.1408901972831376	1.8988862906975434	0.06656261197505071	0.7530852936687642	0.10066524563272265	98.16057467612038	107.90989150091943	0.0020884776289872395	1.0001008973671026
2.1408901972831376	1.8988862906975434	0.06656261197505071	0.7530852936687642	0.10066524563272265	98.16057467612038	107.90830203594956	0.0020884776289872395	1.0001008973671026
2.1408901972831376	1.8988862906975434	0.06656261197505071	0.7530852936687642	0.10066524563272265	98.16057467612038	107.90830203594956	0.0020884776289872395	1.0001008973671026
2.1408901972831376	1.8988862906975434	0.06656261197505071	0.7530852936687642	0.10066524563272265	98.16057467612038	107.90859821832514	0.0020884776289872395	1.0001008973671026
2.1408901972831376	1.8988862906975434	0.06656261197505071	0.7530852936687642	0.10066524563272265	98.16057467612038	107.90859821832514	0.0020884776289872395	1.0001008973671026
2.1408188362309932	1.8988862906975434	0.06656261197505071	0.7530852936687642	0.10066524563272265	98.16057467612038	107.90859821832514	0.0020884776289872395	1.0001008973671026
2.1408188362309932	1.8988862906975434	0.06656261197505071	0.7528436727807473	0.10066524563272265	98.16057467612038	107.90859821832514	0.0020884776289872395	1.0001008973671026
2.1408188362309932	1.8988862906975434	0.06656261197505071	0.7528436727807473	0.10066524563272265	98.16057467612038	107.90859821832514	0.0020884776289872395	1.0001008973671026
2.1408188362309932	1.8988862906975434	0.06656261197505071	0.7528436727807473	0.10066524563272265	98.16057467612038	107.38466664797727	0.0020884776289872395	1.0001008973671026
2.1408188362309932	1.8988862906975434	0.06656261197505071	0.7528436727807473	0.10066524563272265	98.16057467612038	107.3851595360535	0.0020884776289872395	1.0001008973671026
2.1408188362309932	1.8988862906975434	0.06656261197505071	0.7528436727807473	0.10066524563272265	98.16057467612038	107.3851595360535	0.0020884776289872395	1.0001008973671026
2.1408188362309932	1.8988862906975434	0.06656261197505071	0.7528436727807473	0.10066524563272265	98.16057467612038	107.3851595360535	0.0020884776289872395	1.0001008973671026
2.1408188362309932	1.8988862906975434	0.06656261197505071	0.7528436727807473	0.10066524563272265	98.16057467612038	107.3851595360535	0.0020884776289872395	1.0001008973671026
2.1408188362309932	1.8988862906975434	0.06655444139615145	0.7528436727807473	0.10066524563272265	98.16057467612038	107.3851595360535	0.0020884776289872395	1.0001008973671026
2.1408188362309932	1.8988862906975434	0.06655444139615145	0.7528436727807473	0.10066524563272265	98.16057467612038	107.3851595360535	0.0020884776289872395	1.0001008931015347
2.140818935486479	1.8988862906975434	0.06655444139615145	0.7528436727807473	0.10066524563272265	98.16057467612038	107.3851595360535	0.0020884776289872395	1.0001008931015347
2.140818935486479	1.8988862906975434	0.06655444139615145	0.7528436727807473	0.10066524563272265	98.16057467612038	107.3851595360535	0.0020884776289872395	1.0001008931015347
2.1408180223123745	1.8988862906975434	0.06655444139615145	0.7528436727807473	0.10066524563272265	98.16057467612038	107.3851595360535	0.0020884776289872395	1.0001008931015347
2.1408180223123745	1.8988862906975434	0.06655444139615145	0.7528436727807473	0.10066524563272265	98.16057467612038	107.3851595360535	0.0020884776289872395	1.0001008931015347
2.1408180223123745	1.8988862906975434	0.06656877746545095	0.7528436727807473	0.10066524563272265	98.16057467612038	107.3851595360535	0.0020884776289872395	1.0001008931015347
2.1408180223123745	1.8988862906975434	0.06656877746545095	0.7528436727807473	0.10066524563272265	98.16057467612038	107.27366360872851	0.0020884776289872395	1.0001008931015347
2.1408180223123745	1.8988862906975434	0.06656877746545095	0.7528436727807473	0.10066524563272265	98.16057467612038	107.27366360872851	0.0020884776289872395	1.0001008931015347
2.1408180223123745	1.8988862906975434	0.06656877746545095	0.7528436727807473	0.10066524563272265	98.16057467612038	107.27366360872851	0.0020884776289872395	1.0001008678902492
2.1408170814356806	1.8988862906975434	0.06656877746545095	0.7528436727807473	0.10066524563272265	98.16057467612038	107.27366360872851	0.0020884776289872395	1.0001008678902492
2.1408170814356806	1.8988862906975434	0.06656877746545095	0.7528436727807473	0.10066524563272265	98.16057467612038	107.27366360872851	0.0020884776289872395	1.0001008678902492
2.1408170814356806	1.8988862906975434	0.06656877746545095	0.7528125364374008	0.10066524563272265	98.16057467612038	107.27366360872851	0.0020884776289872395	1.0001008678902492
2.1408170814356806	1.8988862906975434	0.06656877746545095	0.7528125364374008	0.10066524563272265	98.16057467612038	107.22906428312753	0.0020884776289872395	1.0001008678902492
2.1408170814356806	1.8988862906975434	0.06656877746545095	0.7528125364374008	0.10066524563272265	98.16057467612038	107.22906428312753	0.0020884776289872395	1.0001008678902492
2.1408170814356806	1.8988862906975434	0.06656877746545095	0.7528125364374008	0.10066524563272265	98.16057467612038	107.22895610761547	0.0020884776289872395	1.0001008678902492
2.1408170814356806	1.8988862906975434	0.06656877746545095	0.7528125364374008	0.10066524563272265	98.1605106652274	107.22895610761547	0.0020884776289872395	1.0001008678902492
2.1408194487282257	1.8988862906975434	0.06656877746545095	0.7528125364374008	0.10066524563272265	98.1605106652274	107.22895610761547	0.0020884776289872395	1.0001008678902492
2.1408194487282257	1.8988862906975434	0.06656877746545095	0.7528125364374008	0.10066524563272265	98.1605106652274	107.22895610761547	0.0020884776289872395	1.0001008678902492
2.1408194487282257	1.8988862906975434	0.06654862073648049	0.7528125364374008	0.10066524563272265	98.1605106652274	107.22895610761547	0.0020884776289872395	1.0001008678902492
2.1408194487282257	1.8988862906975434	0.06654862073648049	0.7528125364374008	0.10066524563272265	98.1605106652274	107.22895610761547	0.0020884776289872395	1.0001008678902492
2.1408194487282257	1.8988862906975434	0.06654917397687964	0.7528125364374008	0.10066524563272265	98.1605106652274	107.22895610761547	0.0020884776289872395	1.0001008678902492
2.1408194487282257	1.8988862906975434	0.06654917397687964	0.7528125364374008	0.10066524563272265	98.16039623873142	107.22895610761547	0.0020884776289872395	1.0001008678902492
2.1408194487282257	1.8988862906975434	0.06654917397687964	0.7528125364374008	0.10066524563272265	98.16039623873142	107.22895610761547	0.002087146877513433	1.0001008678902492
2.1408194487282257	1.8988862906975434	0.06654917397687964	0.7528125364374008	0.10066524563272265	98.16039623873142	107.22895610761547	0.002087146877513433	1.0001008678902492
2.1408194487282257	1.8988862906975434	0.06654917397687964	0.7528125364374008	0.10066524563272265	98.16039623873142	107.22895610761547	0.002087146877513433	1.0001008678902492
2.1408194487282257	1.8988862906975434	0.06654917397687964	0.7528125364374008	0.10066524563272265	98.16039623873142	107.22895610761547	0.002087146877513433	1.0001008678902492
2.1408194487282257	1.8988862906975434	0.06654917397687964	0.7525506363985068	0.10066524563272265	98.16039623873142	107.22895610761547	0.002087146877513433	1.0001008678902492
2.1408194487282257	1.8988862906975434	0.06654917397687964	0.7525506363985068	0.10066524563272265	98.16039623873142	107.22895610761547	0.002087146877513433	1.0001008678902492
2.1408194487282257	1.8988862906975434	0.06654917397687964	0.7525506363985068	0.10066524563272265	98.16039623873142	107.10129203054188	0.002087146877513433	1.0001008678902492
2.142566432931017	1.8988862906975434	0.06654917397687964	0.7525506363985068	0.10066524563272265	98.16039623873142	107.10129203054188	0.002087146877513433	1.0001008678902492
2.142566432931017	1.8988862906975434	0.06654917397687964	0.7525506363985068	0.10066524563272265	98.16039623873142	107.10129203054188	0.002087146877513433	1.0001008678902492
2.142566432931017	1.8988854851986539	0.06654917397687964	0.7525506363985068	0.10066524563272265	98.16039623873142	107.10129203054188	0.002087146877513433	1.0001008678902492
2.142566432931017	1.8988854851986539	0.06654917397687964	0.7525506363985068	0.10066524563272265	98.16033816283024	107.10129203054188	0.002087146877513433	1.0001008678902492
2.142566432931017	1.8988854851986539	0.06654917397687964	0.7525506363985068	0.10066524563272265	98.16033816283024	107.10129203054188	0.002087146877513433	1.0001008678902492
2.142566432931017	1.8988854851986539	0.06654917397687964	0.7525506363985068	0.10066524563272265	98.16033816283024	107.10129203054188	0.002087146877513433	1.0001008678902492
2.142566432931017	1.8988854851986539	0.06654917397687964	0.7525506363985068	0.10066524563272265	98.16033816283024	107.10129203054188	0.002087146877513433	1.0001008678902492
2.142566432931017	1.8988854851986539	0.06654917397687964	0.7525506363985068	0.10066524563272265	98.16034533715977	107.10129203054188	0.002087146877513433	1.0001008678902492
2.142566432931017	1.8988854851986539	0.06654917397687964	0.7525506363985068	0.10066524563272265	98.16034533715977	107.10129203054188	0.002087146877513433	1.0001008678902492
2.142566432931017	1.8988854851986539	0.06654917397687964	0.7525506363985068	0.10066524563272265	98.16034533715977	107.10129203054188	0.002087146877513433	1.0001008678902492
2.142566432931017	1.8988854851986539	0.06654917397687964	0.7525506363985068	0.1006674683567339	98.16034533715977	107.10129203054188	0.002087146877513433	1.0001008678902492
2.143367855982499	1.8988854851986539	0.06654917397687964	0.7525506363985068	0.1006674683567339	98.16034533715977	107.10129203054188	0.002087146877513433	1.0001008678902492
2.143367855982499	1.8988854851986539	0.06654917397687964	0.7525506363985068	0.1006674683567339	98.16034533715977	107.32465986540971	0.002087146877513433	1.0001008678902492
2.143367855982499	1.8988854851986539	0.06654917397687964	0.7525506363985068	0.1006674683567339	98.16034533715977	107.32465986540971	0.002087146877513433	1.0001008678902492
2.143367855982499	1.8988854851986539	0.06654917397687964	0.7525506363985068	0.1006674683567339	98.16034533715977	107.32452323988544	0.002087146877513433	1.0001008678902492
2.143367855982499	1.8988854851986539	0.06654917397687964	0.7525506363985068	0.1006674683567339	98.16034533715977	107.32452323988544	0.002087146877513433	1.0001008678902492
2.143367855982499	1.8988854851986539	0.06654917397687964	0.7525506363985068	0.1006674683567339	98.16034533715977	107.32452323988544	0.002087146877513433	1.0001008678902492
2.143210447240646	1.8988854851986539	0.06654917397687964	0.7525506363985068	0.1006674683567339	98.16034533715977	107.32452323988544	0.002087146877513433	1.0001008678902492
2.1432162153662317	1.8988854851986539	0.06654917397687964	0.7525506363985068	0.1006674683567339	98.16034533715977	107.32452323988544	0.002087146877513433	1.0001008678902492
2.1432162153662317	1.8988854851986539	0.06654917397687964	0.7525506363985068	0.1006674683567339	98.16034533715977	107.32452323988544	0.002087146877513433	1.0001008678902492
2.1432162153662317	1.8988854851986539	0.06654917397687964	0.7525506363985068	0.1006674683567339	98.21545249788272	107.32452323988544	0.002087146877513433	1.0001008678902492
2.1432162153662317	1.8988843592775826	0.06654917397687964	0.7525506363985068	0.1006674683567339	98.21545249788272	107.32452323988544	0.002087146877513433	1.0001008678902492
2.1432357688578256	1.8988843592775826	0.06654917397687964	0.7525506363985068	0.1006674683567339	98.21545249788272	107.32452323988544	0.002087146877513433	1.0001008678902492
2.1432357688578256	1.8988843592775826	0.06654917397687964	0.7525506363985068	0.10110271019385113	98.21545249788272	107.32452323988544	0.002087146877513433	1.0001008678902492
2.1432357688578256	1.8988843592775826	0.06654917397687964	0.7525506363985068	0.10078667165530565	98.21545249788272	107.32452323988544	0.002087146877513433	1.0001008678902492
2.1432357688578256	1.8988843592775826	0.06654917397687964	0.7525506363985068	0.10077945997121733	98.21545249788272	107.32452323988544	0.002087146877513433	1.0001008678902492
2.1432357688578256	1.8988843592775826	0.06654917397687964	0.7525506363985068	0.10077945997121733	98.21545249788272	107.32452323988544	0.002087146877513433	1.0001008678902492
2.1432357688578256	1.8988843592775826	0.06654917397687964	0.7525506363985068	0.10077945997121733	98.21545249788272	107.32452323988544	0.0020867730685653245	1.0001008678902492
2.1432357688578256	1.8988843592775826	0.06654917397687964	0.7525506363985068	0.10077945997121733	98.21545249788272	107.32452323988544	0.0020867730685653245	1.0001008678902492
2.1432357688578256	1.8988843592775826	0.06654917397687964	0.7525506363985068	0.10077945997121733	98.21545249788272	107.32452323988544	0.0020867730685653245	1.0001008678902492
2.1432357688578256	1.8988843592775826	0.06654917397687964	0.7525506363985068	0.10077945997121733	98.21545249788272	107.32452323988544	0.0020865117031448337	1.0001008678902492
2.1432357688578256	1.8988843592775826	0.06654917397687964	0.7525506363985068	0.10077886051907337	98.21545249788272	107.32452323988544	0.0020865117031448337	1.0001008678902492
2.1432357688578256	1.8988843592775826	0.06654917397687964	0.7525506363985068	0.10077886051907337	98.21545249788272	107.32452323988544	0.0020865117031448337	1.0001008678902492
2.1432357688578256	1.8988843592775826	0.06654917397687964	0.7525506363985068	0.10077886051907337	98.21545249788272	107.32452323988544	0.0020865117031448337	1.0001008678902492
2.1432357767591608	1.8988843592775826	0.06654917397687964	0.7525506363985068	0.10077886051907337	98.21545249788272	107.32452323988544	0.0020865117031448337	1.0001008678902492
2.1432357767591608	1.8988843592775826	0.06654917397687964	0.7525506363985068	0.10077886051907337	98.21545249788272	107.32452323988544	0.0020865117031448337	1.0001008678902492
2.1432357767591608	1.8988843592775826	0.06642379813553496	0.7525506363985068	0.10077886051907337	98.21545249788272	107.32452323988544	0.0020865117031448337	1.0001008678902492
2.1432357767591608	1.8988843592775826	0.06642379813553496	0.7525506363985068	0.10077886051907337	98.21545249788272	107.32452323988544	0.0020865117031448337	1.0001008678902492
2.1432357767591608	1.8988843592775826	0.06642379813553496	0.7525506363985068	0.10077886051907337	98.21545249788272	107.32452323988544	0.0020865117031448337	1.0001008678902492
2.1432357767591608	1.8988843592775826	0.06642379813553496	0.7525506363985068	0.10077886051907337	98.21545249788272	107.32452323988544	0.0020865117031448337	1.0001008678902492
2.1432357767591608	1.8988843592775826	0.06642379813553496	0.7525506363985068	0.10077886051907337	98.21545249788272	107.32452323988544	0.0021097962954175287	1.0001008678902492
2.1432357767591608	1.8988843592775826	0.06642379813553496	0.7525506363985068	0.10077886051907337	98.21545249788272	107.32452323988544	0.0021097962954175287	1.0001008678902492
2.1432357767591608	1.8988843592775826	0.06642379813553496	0.7525506363985068	0.10077886051907337	98.21545249788272	106.79567284292268	0.0021097962954175287	1.0001008678902492
2.1432357767591608	1.8988843592775826	0.06642379813553496	0.7525506363985068	0.10077886051907337	98.21545249788272	106.79567284292268	0.0021097962954175287	1.0001008678902492
2.1432357767591608	1.8988843592775826	0.06642379813553496	0.7525506363985068	0.10077886051907337	98.21545249788272	106.79567284292268	0.0021097962954175287	1.0001008678902492
2.1432357767591608	1.8988843592775826	0.06642379813553496	0.7525506363985068	0.10077886051907337	98.21545249788272	106.79567284292268	0.0021097962954175287	1.0001008678902492
2.1432357767591608	1.8988843592775826	0.06642379813553496	0.7525506363985068	0.10077887692946294	98.21545249788272	106.79567284292268	0.0021097962954175287	1.0001008678902492
2.1432357767591608	1.8988843592775826	0.06642379813553496	0.7525506363985068	0.10077887692946294	98.21545249788272	106.79567284292268	0.002146337303410451	1.0001008678902492
2.1432357767591608	1.8988843592775826	0.06642379813553496	0.7525506363985068	0.10077887692946294	98.21545249788272	105.36639672692824	0.002146337303410451	1.0001008678902492
2.1429029394456034	1.8988843592775826	0.06642379813553496	0.7525506363985068	0.10077887692946294	98.21545249788272	105.36639672692824	0.002146337303410451	1.0001008678902492
2.1429029394456034	1.8988843592775826	0.06642379813553496	0.7525506363985068	0.10077887692946294	98.21588071408146	105.36639672692824	0.002146337303410451	1.0001008678902492
2.1429029394456034	1.8988843592775826	0.06642379813553496	0.7525506363985068	0.10077887692946294	98.21588071408146	105.36639672692824	0.002146337303410451	1.0001008678902492
2.1429029394456034	1.8988843592775826	0.06642379813553496	0.7525506363985068	0.10077887692946294	98.21588071408146	106.29481265665302	0.002146337303410451	1.0001008678902492
2.1429029394456034	1.8988843592775826	0.06642379813553496	0.7525506363985068	0.10077887692946294	98.21588071408146	106.29481265665302	0.002146337303410451	1.0001008678902492
2.1429029394456034	1.8988843592775826	0.06642379813553496	0.7525506363985068	0.10077887692946294	98.19424948095318	106.29481265665302	0.002146337303410451	1.0001008678902492
2.1429029394456034	1.8988843592775826	0.06642379813553496	0.7525506363985068	0.10077887692946294	98.19424948095318	106.29481265665302	0.002146337303410451	1.0001008678902492
2.1429029394456034	1.8988843592775826	0.06642379813553496	0.7525506363985068	0.10081034847795702	98.19424948095318	106.29481265665302	0.002146337303410451	1.0001008678902492
2.1429029394456034	1.8988843592775826	0.06642379813553496	0.7525506363985068	0.10081034847795702	98.19424948095318	106.29481265665302	0.002146337303410451	1.0001008678902492
2.1429029394456034	1.8988843592775826	0.06642379813553496	0.7525506363985068	0.10081034847795702	98.19424948095318	106.29481265665302	0.002146337303410451	1.0001008678902492
2.1429029394456034	1.8988843592775826	0.06642379813553496	0.7525506363985068	0.10081034847795702	98.19424948095318	106.29481265665302	0.002146337303410451	1.0001008678902492
2.1429029394456034	1.8988843592775826	0.06642379813553496	0.7525564687265195	0.10081034847795702	98.19424948095318	106.29481265665302	0.002146337303410451	1.0001008678902492
2.1429029394456034	1.8988843592775826	0.06642379813553496	0.7525564687265195	0.10081034847795702	98.19424948095318	106.29481265665302	0.002146337303410451	1.0001008678902492
2.142902505701482	1.8988843592775826	0.06642379813553496	0.7525564687265195	0.10081034847795702	98.19424948095318	106.29481265665302	0.002146337303410451	1.0001008678902492
2.142902505701482	1.8988843592775826	0.06642379813553496	0.7525564687265195	0.10081034847795702	98.19424948095318	106.29481265665302	0.002146337303410451	1.0001008678902492
2.142902505701482	1.8988843592775826	0.06642379813553496	0.7525564687265195	0.10081034847795702	98.19424948095318	106.29481265665302	0.002146337303410451	1.0001008678902492
2.142902505701482	1.8988843592775826	0.06642379813553496	0.7525564687265195	0.10081034847795702	98.19424948095318	106.29481265665302	0.0021440957484696716	1.0001008678902492
2.142899826036388	1.8988843592775826	0.06642379813553496	0.7525564687265195	0.10081034847795702	98.19424948095318	106.29481265665302	0.0021440957484696716	1.0001008678902492
2.142899826036388	1.8988843592775826	0.06642379813553496	0.7525564687265195	0.10081034847795702	98.19768801548233	106.29481265665302	0.0021440957484696716	1.0001008678902492
2.142899826036388	1.8988843592775826	0.06642191753652271	0.7525564687265195	0.10081034847795702	98.19768801548233	106.29481265665302	0.0021440957484696716	1.0001008678902492
2.142899826036388	1.8988843592775826	0.06642191753652271	0.7525564687265195	0.10081034847795702	98.19768801548233	106.29481265665302	0.002144123369576491	1.0001008678902492
2.142899826036388	1.8988843592775826	0.06642191753652271	0.7525564687265195	0.10081034847795702	98.19768801548233	106.29481265665302	0.002144123369576491	1.0001008678902492
2.142899826036388	1.8988810455239922	0.06642191753652271	0.7525564687265195	0.10081034847795702	98.19768801548233	106.29481265665302	0.002144123369576491	1.0001008678902492
2.142899826036388	1.8988810455239922	0.06642191753652271	0.7526177460712801	0.10081034847795702	98.19768801548233	106.29481265665302	0.002144123369576491	1.0001008678902492
2.142899826036388	1.8988810455239922	0.06642191753652271	0.7526177460712801	0.10081034847795702	98.19768801548233	106.29481265665302	0.002144123369576491	1.0001008678902492
2.1429058585655993	1.8988810455239922	0.06642191753652271	0.7526177460712801	0.10081034847795702	98.19768801548233	106.29481265665302	0.002144123369576491	1.0001008678902492
2.1429058585655993	1.8988810455239922	0.06642191753652271	0.7526319888609381	0.10081034847795702	98.19768801548233	106.29481265665302	0.002144123369576491	1.0001008678902492
2.1429058585655993	1.8988810455239922	0.06642191753652271	0.7526319888609381	0.10081034847795702	98.19768801548233	106.29481265665302	0.002144123369576491	1.0001008678902492
2.1429058585655993	1.8988810455239922	0.06642191753652271	0.7526319888609381	0.10081034847795702	98.19768801548233	106.29481265665302	0.002144123369576491	1.0001008678902492
2.1429058585655993	1.8988810455239922	0.06642191753652271	0.7526319888609381	0.10081034847795702	98.19757816775716	106.29481265665302	0.002144123369576491	1.0001008678902492
2.1429058585655993	1.8988810455239922	0.06642191753652271	0.7526319888609381	0.10081034847795702	98.19757816775716	106.29481265665302	0.002144123369576491	1.0001008678902492
2.1429058585655993	1.8988810455239922	0.06642191753652271	0.7526319888609381	0.10081034847795702	98.19757816775716	106.29481265665302	0.002144123369576491	1.0001008678902492
2.1429058585655993	1.8988810455239922	0.06642191753652271	0.7526319888609381	0.10081034847795702	98.19757816775716	106.29481265665302	0.002144123369576491	1.0000938692957593
2.1429058585655993	1.8988825087427703	0.06642191753652271	0.7526319888609381	0.10081034847795702	98.19757816775716	106.29481265665302	0.002144123369576491	1.0000938692957593
2.1429058585655993	1.8988825087427703	0.06642191753652271	0.7526319888609381	0.10081034847795702	98.19757816775716	106.29481265665302	0.0021444207294929797	1.0000938692957593
2.1429058585655993	1.8988825087427703	0.06642191753652271	0.7526319888609381	0.10081034847795702	98.19757816775716	106.29481265665302	0.0021444207294929797	1.0000938692957593
2.142893901654166	1.8988825087427703	0.06642191753652271	0.7526319888609381	0.10081034847795702	98.19757816775716	106.29481265665302	0.0021444207294929797	1.0000938692957593
2.142893901654166	1.8988825087427703	0.06642191753652271	0.7526319888609381	0.10081034847795702	98.19757816775716	106.29481265665302	0.0021443968216571106	1.0000938692957593
2.142893901654166	1.8988825087427703	0.06642191753652271	0.7526319888609381	0.10081034847795702	98.19757816775716	106.29481265665302	0.0021443968216571106	1.0000938692957593
2.142893901654166	1.8988825087427703	0.06642191753652271	0.7526319888609381	0.10081034847795702	98.19757816775716	106.29481265665302	0.0021443968216571106	1.0000938692957593
2.142893901654166	1.8988825087427703	0.06642191753652271	0.7526319888609381	0.10081034847795702	98.19757816775716	106.29481265665302	0.0021443968216571106	1.0000941971968396
2.142893901654166	1.8988825087427703	0.06642191753652271	0.7526319888609381	0.10081034847795702	98.19757816775716	106.29481265665302	0.0021443968216571106	1.0000941971968396
2.142893901654166	1.8988825087427703	0.06642191753652271	0.7526319888609381	0.10081034847795702	98.19757816775716	106.29481265665302	0.0021631203432224194	1.0000941971968396
2.142893901654166	1.8988825087427703	0.06642191753652271	0.7526319888609381	0.10081034847795702	98.19757816775716	106.29481265665302	0.0021631203432224194	1.0000941971968396
2.142893901654166	1.8988825087427703	0.06642191753652271	0.7526319888609381	0.10081034847795702	98.19757816775716	106.29481265665302	0.0021631203432224194	1.0000941971968396
2.142893901654166	1.8988825087427703	0.06642191753652271	0.7526319888609381	0.10081034847795702	98.19757816775716	106.29481265665302	0.0021631203432224194	1.0000941971968396
2.142893901654166	1.8988825087427703	0.06642191753652271	0.7526319888609381	0.10081034847795702	98.19757816775716	106.29481265665302	0.0021631203432224194	1.0000941971968396
2.142893901654166	1.8988825087427703	0.06642191753652271	0.7526319888609381	0.10081034847795702	98.19757816775716	106.29481265665302	0.0021631203432224194	1.0000941717706104
2.142893901654166	1.8988825087427703	0.06642191753652271	0.7526319888609381	0.10081034847795702	98.19757816775716	106.16649268288695	0.0021631203432224194	1.0000941717706104
2.142893901654166	1.8988825087427703	0.06642191753652271	0.7526319888609381	0.10081034847795702	98.19757816775716	106.16649268288695	0.0021631203432224194	1.0000941717706104
2.142893901654166	1.8988825087427703	0.06642191753652271	0.7526319888609381	0.10081034847795702	98.19757816775716	106.12499965782574	0.0021631203432224194	1.0000941717706104
2.1421710664016493	1.8988825087427703	0.06642191753652271	0.7526319888609381	0.10081034847795702	98.19757816775716	106.12499965782574	0.0021631203432224194	1.0000941717706104
2.1421710664016493	1.8988825087427703	0.06642191753652271	0.7526319888609381	0.10081034847795702	98.19757816775716	106.12499965782574	0.0021631203432224194	1.0000941717706104
2.1421710664016493	1.8988825087427703	0.06642191753652271	0.7526319888609381	0.10081034847795702	98.19757816775716	106.12499965782574	0.0021631203432224194	1.0000941717706104
2.1421710664016493	1.8988825087427703	0.06642191753652271	0.7526319888609381	0.10081034847795702	98.19757816775716	106.12499965782574	0.0021631203432224194	1.0000941717706104
2.1421710664016493	1.8988825087427703	0.06642191753652271	0.7526319888609381	0.10081034847795702	98.19757816775716	106.12499965782574	0.0021631203432224194	1.0000941717706104
2.142172870606349	1.8988825087427703	0.06642191753652271	0.7526319888609381	0.10081034847795702	98.19757816775716	106.12499965782574	0.0021631203432224194	1.0000941717706104
2.1422164144723266	1.8988825087427703	0.06642191753652271	0.7526319888609381	0.10081034847795702	98.19757816775716	106.12499965782574	0.0021631203432224194	1.0000941717706104
2.1422164144723266	1.8988825087427703	0.06642191753652271	0.7526319888609381	0.10077911027766885	98.19757816775716	106.12499965782574	0.0021631203432224194	1.0000941717706104
2.1422164144723266	1.8988825087427703	0.06642191753652271	0.7526319888609381	0.10077911027766885	98.19757816775716	106.12499965782574	0.0021631203432224194	1.0001035534560232
2.1422164144723266	1.8988825087427703	0.06642191753652271	0.7526319888609381	0.10077911027766885	98.19757816775716	106.12499965782574	0.0021631203432224194	1.0001035534560232
2.1422164144723266	1.8988825087427703	0.06642191753652271	0.7526319888609381	0.10077911027766885	98.19757816775716	106.12499965782574	0.0021631203432224194	1.0001035534560232
2.1422164144723266	1.8988825087427703	0.06642191753652271	0.7526319888609381	0.10077911027766885	98.19757816775716	106.12499965782574	0.0021631203432224194	1.0001035534560232
2.1422164144723266	1.8988825087427703	0.06642191753652271	0.7526319888609381	0.10077911027766885	98.19757816775716	106.12499965782574	0.0021631203432224194	1.0001035534560232
2.1422164144723266	1.8988825087427703	0.06642191753652271	0.7526319888609381	0.10077911027766885	98.19757816775716	106.12499965782574	0.0021631203432224194	1.0001035534560232
2.1422164144723266	1.8988825087427703	0.06642191753652271	0.7526319888609381	0.10077911027766885	98.19757816775716	108.70814506026589	0.0021631203432224194	1.0001035534560232
2.1422164144723266	1.8988825087427703	0.06642191753652271	0.7526319888609381	0.10077911027766885	98.19757816775716	108.70814506026589	0.0021631203432224194	1.0001035534560232
2.1422164144723266	1.8988876327841953	0.06642191753652271	0.7526319888609381	0.10077911027766885	98.19757816775716	108.70814506026589	0.0021631203432224194	1.0001035534560232
2.1422164144723266	1.8988876327841953	0.06642191753652271	0.7526319888609381	0.10077911027766885	98.19757816775716	108.89664008197215	0.0021631203432224194	1.0001035534560232
2.1422164144723266	1.8988876327841953	0.06642191753652271	0.7526319888609381	0.10077911027766885	98.19757816775716	108.89664008197215	0.0021631203432224194	1.0001035534560232
2.1422164144723266	1.8988876327841953	0.06642191753652271	0.7526319888609381	0.10077911027766885	98.19757816775716	108.89664008197215	0.0021631203432224194	1.0001035534560232
2.1422164144723266	1.8988876327841953	0.06642191753652271	0.7526319888609381	0.10077922464179978	98.19757816775716	108.89664008197215	0.0021631203432224194	1.0001035534560232
2.1422164144723266	1.8988876327841953	0.06642191753652271	0.7526319888609381	0.10077922464179978	98.19757816775716	108.89664008197215	0.0021631203432224194	1.0001035534560232
2.1422164144723266	1.8988876327841953	0.06642191753652271	0.7526319888609381	0.10077922464179978	98.19757816775716	108.89664008197215	0.0021631203432224194	1.0001035534560232
2.1422164144723266	1.898798923091235	0.06642191753652271	0.7526319888609381	0.10077922464179978	98.19757816775716	108.89664008197215	0.0021631203432224194	1.0001035534560232
2.1422164144723266	1.898798923091235	0.06642191753652271	0.7526319888609381	0.10077922464179978	98.19757816775716	108.89664008197215	0.0021631203432224194	1.0001035534560232
2.1422164144723266	1.898798923091235	0.06642191753652271	0.7526324232849666	0.10077922464179978	98.19757816775716	108.89664008197215	0.0021631203432224194	1.0001035534560232
2.1422164144723266	1.898798923091235	0.06642191753652271	0.752171430400668	0.10077922464179978	98.19757816775716	108.89664008197215	0.0021631203432224194	1.0001035534560232
2.1422151513239536	1.898798923091235	0.06642191753652271	0.752171430400668	0.10077922464179978	98.19757816775716	108.89664008197215	0.0021631203432224194	1.0001035534560232
2.14226555097159	1.898798923091235	0.06642191753652271	0.752171430400668	0.10077922464179978	98.19757816775716	108.89664008197215	0.0021631203432224194	1.0001035534560232
2.14226555097159	1.898798923091235	0.06642191753652271	0.7521558192914058	0.10077922464179978	98.19757816775716	108.89664008197215	0.0021631203432224194	1.0001035534560232
2.14226555097159	1.9002067408672927	0.06642191753652271	0.7521558192914058	0.10077922464179978	98.19757816775716	108.89664008197215	0.0021631203432224194	1.0001035534560232
2.14226555097159	1.9002067408672927	0.06642191753652271	0.7521558192914058	0.10077922464179978	98.19757816775716	108.89664008197215	0.0021631203432224194	1.0001035534560232
2.14226555097159	1.9002067408672927	0.06642191753652271	0.7521613819188876	0.10077922464179978	98.19757816775716	108.89664008197215	0.0021631203432224194	1.0001035534560232
2.14226555097159	1.9002067408672927	0.06631050592185757	0.7521613819188876	0.10077922464179978	98.19757816775716	108.89664008197215	0.0021631203432224194	1.0001035534560232
2.14226555097159	1.9002067408672927	0.06631050592185757	0.7521613819188876	0.10077922464179978	98.19757816775716	108.89664008197215	0.0021631203432224194	1.0001035534560232
2.14226555097159	1.9002067408672927	0.06631050592185757	0.7521613819188876	0.10077922464179978	98.19757816775716	108.89664008197215	0.0021631203432224194	1.0001035534560232
2.14226555097159	1.9002067408672927	0.06631050592185757	0.7521613819188876	0.10077922464179978	98.19757816775716	108.89664008197215	0.0021653174506781653	1.0001035534560232
2.14226555097159	1.9002067408672927	0.06631050592185757	0.7521613819188876	0.10077922464179978	98.19757816775716	108.89664008197215	0.0021653174506781653	1.0001034922839156
2.14226555097159	1.9002067408672927	0.06631050592185757	0.7521613819188876	0.10077922464179978	98.19757816775716	108.89664008197215	0.0021651290944552015	1.0001034922839156
2.14226555097159	1.9002067408672927	0.06631050592185757	0.7521613819188876	0.10077922464179978	98.19757816775716	108.89664008197215	0.0021503952036505953	1.0001034922839156
2.14226555097159	1.9002067408672927	0.06631050592185757	0.7521613819188876	0.10077922464179978	98.19757816775716	108.89664008197215	0.0021504205334149807	1.0001034922839156
2.14226555097159	1.9002067408672927	0.06631050592185757	0.7521613819188876	0.10077922464179978	98.19757816775716	108.89664008197215	0.0021504205334149807	1.0001034922839156
2.14226555097159	1.9002067408672927	0.06631050592185757	0.7521613819188876	0.10077922464179978	98.19757816775716	108.89664008197215	0.0021504205334149807	1.0001034922839156
2.14226555097159	1.9003883724277406	0.06631050592185757	0.7521613819188876	0.10077922464179978	98.19757816775716	108.89664008197215	0.0021504205334149807	1.0001034922839156
2.14226555097159	1.9003883724277406	0.06631050592185757	0.7521613819188876	0.10077922464179978	98.19757816775716	108.89664008197215	0.0021504205334149807	1.0001034922839156
2.14226555097159	1.9003883724277406	0.06631458044345682	0.7521613819188876	0.10077922464179978	98.19757816775716	108.89664008197215	0.0021504205334149807	1.0001034922839156
2.14226555097159	1.9003883724277406	0.06631458044345682	0.7521613819188876	0.10077922464179978	98.1977239081854	108.89664008197215	0.0021504205334149807	1.0001034922839156
2.142249465347738	1.9003883724277406	0.06631458044345682	0.7521613819188876	0.10077922464179978	98.1977239081854	108.89664008197215	0.0021504205334149807	1.0001034922839156
2.142249465347738	1.9003883724277406	0.06631458044345682	0.7521613819188876	0.10077922464179978	98.1977239081854	108.89664008197215	0.0021504205334149807	1.0001034922839156
2.142249465347738	1.9003883724277406	0.06631458044345682	0.7521613819188876	0.10077922464179978	98.1977239081854	108.89664008197215	0.0021504205334149807	1.0001034922839156
2.142249465347738	1.9003883724277406	0.06631458044345682	0.7521601549266396	0.10077922464179978	98.1977239081854	108.89664008197215	0.0021504205334149807	1.0001034922839156
2.142249465347738	1.9003883724277406	0.06631458044345682	0.7521601549266396	0.10077922464179978	98.1977239081854	108.89664008197215	0.00214040650330666	1.0001034922839156
2.142249465347738	1.9003883724277406	0.06631458044345682	0.7521601549266396	0.10077922464179978	98.1977239081854	108.89664008197215	0.00214040650330666	1.0001034922839156
2.142249465347738	1.9003883724277406	0.06631458044345682	0.7521601549266396	0.10077922464179978	98.1977239081854	108.89664008197215	0.00214040650330666	1.0001034922839156
2.142249465347738	1.9003883724277406	0.06631458044345682	0.7521601549266396	0.10077922464179978	98.1977239081854	108.89664008197215	0.00214040650330666	1.0001034922839156
2.142249465347738	1.9003883724277406	0.06631458044345682	0.7521601549266396	0.10077922464179978	98.1977239081854	108.89664008197215	0.00214040650330666	1.0001034922839156
2.142249465347738	1.9003883724277406	0.06631458044345682	0.7521601549266396	0.10077922464179978	98.1977239081854	108.89664008197215	0.00214040650330666	1.0001034922839156
2.142249465347738	1.9003883724277406	0.06631458044345682	0.7521601549266396	0.10034219730287215	98.1977239081854	108.89664008197215	0.00214040650330666	1.0001034922839156
2.142249465347738	1.9003883724277406	0.06631458044345682	0.7521601549266396	0.10034219730287215	98.1977239081854	108.8946348602274	0.00214040650330666	1.0001034922839156
2.142249465347738	1.9003883724277406	0.06631458044345682	0.7521601549266396	0.10034219730287215	98.1977239081854	108.8946348602274	0.00214040650330666	1.0001034922839156
2.142249465347738	1.9003883724277406	0.06631458044345682	0.7521601549266396	0.10034219730287215	98.1977239081854	108.8946348602274	0.00214040650330666	1.0001034922839156
2.142249465347738	1.9003883724277406	0.06631458044345682	0.7521601549266396	0.10034219730287215	98.1977239081854	108.8946348602274	0.00214040650330666	1.0001034922839156
2.142249465347738	1.9003883724277406	0.06631012477357229	0.7521601549266396	0.10034219730287215	98.1977239081854	108.8946348602274	0.00214040650330666	1.0001034922839156
2.142249465347738	1.9003883724277406	0.06631012477357229	0.7521601549266396	0.10034219730287215	98.1977239081854	108.8946348602274	0.00214040650330666	1.0000923824304446
2.142249465347738	1.9003883724277406	0.06631012477357229	0.7521601549266396	0.10034219730287215	98.1977239081854	108.8946348602274	0.00214040650330666	1.0000923824304446
2.142249465347738	1.9003883724277406	0.06631012477357229	0.7521176214986934	0.10034219730287215	98.1977239081854	108.8946348602274	0.00214040650330666	1.0000923824304446
2.142249465347738	1.9003883724277406	0.06631012477357229	0.7521176214986934	0.10034219730287215	98.1977239081854	108.8946348602274	0.00214040650330666	1.0000923824304446
2.1422584294389213	1.9003883724277406	0.06631012477357229	0.7521176214986934	0.10034219730287215	98.1977239081854	108.8946348602274	0.00214040650330666	1.0000923824304446
2.1422584294389213	1.9003883724277406	0.06631012477357229	0.7521176214986934	0.10034219730287215	98.1977239081854	108.8946348602274	0.00214040650330666	1.0000923824304446
2.1422584294389213	1.9003883724277406	0.06631012477357229	0.7521176214986934	0.10034219730287215	98.1977239081854	108.8946348602274	0.00214040650330666	1.0000923824304446
2.1422584294389213	1.9003883724277406	0.06631012477357229	0.7521176214986934	0.10034219730287215	98.1977239081854	108.8946348602274	0.00214040650330666	1.0000923824304446
2.1422584294389213	1.9003883724277406	0.06631012477357229	0.7521176214986934	0.10139042545116134	98.1977239081854	108.8946348602274	0.00214040650330666	1.0000923824304446
2.1422584294389213	1.9003883724277406	0.06631012477357229	0.7521176214986934	0.10139042545116134	98.1977239081854	108.8946348602274	0.00214040650330666	1.0000923824304446
2.1422584294389213	1.9003883724277406	0.06631012477357229	0.7521176214986934	0.10139042545116134	98.1977239081854	108.8946348602274	0.00214040650330666	1.0000923824304446
2.1422584294389213	1.9003883724277406	0.06631012477357229	0.7521176214986934	0.10139042545116134	98.1977239081854	108.8946348602274	0.00214040650330666	1.0000923824304446
2.1422584294389213	1.9003883724277406	0.06631012477357229	0.7521176214986934	0.10139042545116134	98.1977239081854	109.02444099281225	0.00214040650330666	1.0000923824304446
2.1422584294389213	1.9003883724277406	0.06630133239274699	0.7521176214986934	0.10139042545116134	98.1977239081854	109.02444099281225	0.00214040650330666	1.0000923824304446
2.1422584294389213	1.9003883724277406	0.06630133239274699	0.7521176214986934	0.10139042545116134	98.1977239081854	109.02444099281225	0.00214040650330666	1.0000923824304446
2.1422584294389213	1.9003883724277406	0.06630133239274699	0.7521176214986934	0.10139042545116134	98.1977239081854	109.02444099281225	0.00214040650330666	1.0000923824304446
2.1422584294389213	1.9003883724277406	0.06630133239274699	0.7521176214986934	0.10139042545116134	98.1977239081854	109.02444099281225	0.00214040650330666	1.0000923824304446
2.1422584294389213	1.900389308594142	0.06630133239274699	0.7521176214986934	0.10139042545116134	98.1977239081854	109.02444099281225	0.00214040650330666	1.0000923824304446
2.1422584294389213	1.900389308594142	0.06630133239274699	0.7521176214986934	0.10139042545116134	98.1977239081854	108.77093801139237	0.00214040650330666	1.0000923824304446
2.1422584294389213	1.900389308594142	0.06630133239274699	0.7521176214986934	0.10139042545116134	98.1977239081854	108.77093801139237	0.00214040650330666	1.0000923824304446
2.1422584294389213	1.900389308594142	0.06630133239274699	0.7521176214986934	0.10139042545116134	98.1977239081854	108.77093801139237	0.00214040650330666	1.0000923824304446
2.1422584294389213	1.900389308594142	0.06630133239274699	0.7521176214986934	0.10139042545116134	98.1977239081854	108.77093801139237	0.00214040650330666	1.0000931242919038
2.1422584294389213	1.9003834093540484	0.06630133239274699	0.7521176214986934	0.10139042545116134	98.1977239081854	108.77093801139237	0.00214040650330666	1.0000931242919038
2.1422584294389213	1.9003834093540484	0.06630133239274699	0.7521176214986934	0.10139042545116134	98.1977239081854	108.77179477585872	0.00214040650330666	1.0000931242919038
2.1422584294389213	1.9003834093540484	0.06630133239274699	0.7521176214986934	0.1013904827925136	98.1977239081854	108.77179477585872	0.00214040650330666	1.0000931242919038
2.1422584294389213	1.9003834093540484	0.06630133239274699	0.7521176214986934	0.1013904827925136	98.1977239081854	108.77179477585872	0.00214040650330666	1.0000931242919038
2.1422584294389213	1.9003834093540484	0.06630133239274699	0.7521176214986934	0.1013904827925136	98.1977239081854	108.77179477585872	0.00214040650330666	1.0000931242919038
2.1422584294389213	1.9003834093540484	0.06630133239274699	0.7521176214986934	0.1013904827925136	98.1977239081854	108.77179477585872	0.00214040650330666	1.0000931242919038
2.1422584294389213	1.9003834093540484	0.06630133239274699	0.7521176214986934	0.1013904827925136	98.20189878572913	108.77179477585872	0.00214040650330666	1.0000931242919038
2.1422584294389213	1.9003834093540484	0.06630133239274699	0.7521176214986934	0.1013904827925136	98.20189878572913	108.77179477585872	0.00214040650330666	1.0000931242919038
2.1422584294389213	1.9003834093540484	0.06630133239274699	0.7521176214986934	0.1013904827925136	98.20189878572913	108.77179477585872	0.00214040650330666	1.0000931242919038
2.1422584294389213	1.9003834093540484	0.06630133239274699	0.7521176214986934	0.1013904827925136	98.20189878572913	108.77179477585872	0.00214040650330666	1.0000931242919038
2.1422584294389213	1.9003834093540484	0.06630133239274699	0.7521176214986934	0.1013904827925136	98.20189878572913	108.77179477585872	0.00214040650330666	1.0000931242919038
2.1422584294389213	1.9003834093540484	0.06630133239274699	0.7521176214986934	0.1013904827925136	98.20189878572913	108.77179477585872	0.00214040650330666	1.0000931242919038
2.1422584294389213	1.9003834093540484	0.06630133239274699	0.7521176214986934	0.1013904827925136	98.20189878572913	108.77179477585872	0.00214040650330666	1.0000932439817627
2.1422584294389213	1.900355224839944	0.06630133239274699	0.7521176214986934	0.1013904827925136	98.20189878572913	108.77179477585872	0.00214040650330666	1.0000932439817627
2.1422584294389213	1.900355224839944	0.06630133239274699	0.7521176214986934	0.1013904827925136	98.20189878572913	108.77179477585872	0.00214040650330666	1.0000932439817627
2.1422584294389213	1.900355224839944	0.06630133239274699	0.7521176214986934	0.1013904827925136	98.20189878572913	108.77179477585872	0.00214040650330666	1.0000932439817627
2.1422584294389213	1.900355224839944	0.06630133239274699	0.7521176214986934	0.1013904827925136	98.20189878572913	108.77178544574345	0.00214040650330666	1.0000932439817627
2.1422584294389213	1.9003935417648645	0.06630133239274699	0.7521176214986934	0.1013904827925136	98.20189878572913	108.77178544574345	0.00214040650330666	1.0000932439817627
2.1422357592203896	1.9003935417648645	0.06630133239274699	0.7521176214986934	0.1013904827925136	98.20189878572913	108.77178544574345	0.00214040650330666	1.0000932439817627
2.1422357592203896	1.9003935417648645	0.06630133239274699	0.7521176214986934	0.1013904827925136	98.20189878572913	108.77178544574345	0.00214040650330666	1.0000929864721027
2.1422357592203896	1.9003935417648645	0.06630133239274699	0.7521176214986934	0.1013904827925136	98.19773174583197	108.77178544574345	0.00214040650330666	1.0000929864721027
2.1422357592203896	1.9003935417648645	0.06630133239274699	0.7521176214986934	0.1013904827925136	98.19773174583197	108.77178544574345	0.00214040650330666	1.0000929864721027
2.1422357592203896	1.9003935417648645	0.06630133239274699	0.7521176214986934	0.1013904827925136	98.19773174583197	108.77178544574345	0.002265363413457694	1.0000929864721027
2.1422357592203896	1.9003935417648645	0.06630133239274699	0.7521176214986934	0.1014018293051874	98.19773174583197	108.77178544574345	0.002265363413457694	1.0000929864721027
2.1422357592203896	1.9003935417648645	0.06630133239274699	0.7521176214986934	0.10140179493471628	98.19773174583197	108.77178544574345	0.002265363413457694	1.0000929864721027
2.1422357592203896	1.9003935417648645	0.06630133239274699	0.7521176214986934	0.10140179493471628	98.19773174583197	108.77437941550568	0.002265363413457694	1.0000929864721027
2.1422357592203896	1.9003935417648645	0.06630133239274699	0.7521176214986934	0.10140179493471628	98.19773174583197	108.77437941550568	0.002265363413457694	1.0000929864721027
2.1422357592203896	1.9003935417648645	0.06630133239274699	0.7521176214986934	0.10140179493471628	98.19773174583197	108.77437941550568	0.002265363413457694	1.0000929864721027
2.1422357592203896	1.9003935417648645	0.06630133239274699	0.7521176214986934	0.10140179493471628	98.19773174583197	108.77363944825304	0.002265363413457694	1.0000929864721027
2.1422357592203896	1.9003935417648645	0.06630133239274699	0.7516421920714169	0.10140179493471628	98.19773174583197	108.77363944825304	0.002265363413457694	1.0000929864721027
2.1422357592203896	1.9003935417648645	0.06630133239274699	0.7516421920714169	0.10140179493471628	98.19773174583197	108.77492531428283	0.002265363413457694	1.0000929864721027
2.1422357592203896	1.9003935417648645	0.06630133239274699	0.7516421920714169	0.10088550932059046	98.19773174583197	108.77492531428283	0.002265363413457694	1.0000929864721027
2.1422357592203896	1.9003935417648645	0.06630133239274699	0.7516421920714169	0.10088550932059046	98.19773174583197	108.77492531428283	0.002265363413457694	1.0000929864721027
2.1422357592203896	1.9003938921372436	0.06630133239274699	0.7516421920714169	0.10088550932059046	98.19773174583197	108.77492531428283	0.002265363413457694	1.0000929864721027
2.1422357592203896	1.9003938921372436	0.06630133239274699	0.7516421920714169	0.10088550932059046	98.19773174583197	108.77492531428283	0.002265363413457694	1.0000929864721027
2.1422357592203896	1.9003938921372436	0.0660988561686056	0.7516421920714169	0.10088550932059046	98.19773174583197	108.77492531428283	0.002265363413457694	1.0000929864721027
2.1422357592203896	1.9003938921372436	0.0660988561686056	0.7516421920714169	0.10088378500590721	98.19773174583197	108.77492531428283	0.002265363413457694	1.0000929864721027
2.1422357592203896	1.9003938921372436	0.0660988561686056	0.7516421920714169	0.10088378500590721	98.19774827110562	108.77492531428283	0.002265363413457694	1.0000929864721027
2.1422357592203896	1.9003938921372436	0.06609808002768262	0.7516421920714169	0.10088378500590721	98.19774827110562	108.77492531428283	0.002265363413457694	1.0000929864721027
2.1422357592203896	1.9003938921372436	0.06609808002768262	0.7516421920714169	0.10088378500590721	98.19774827110562	108.77492531428283	0.002265363413457694	1.0000929864721027
2.1422357592203896	1.9003938921372436	0.06609808002768262	0.7516421920714169	0.10088378500590721	98.19774827110562	108.77492531428283	0.002265363413457694	1.0000929864721027
2.1422357592203896	1.9003938921372436	0.06609808002768262	0.7516421920714169	0.10087687365278734	98.19774827110562	108.77492531428283	0.002265363413457694	1.0000929864721027
2.1422252035484015	1.9003938921372436	0.06609808002768262	0.7516421920714169	0.10087687365278734	98.19774827110562	108.77492531428283	0.002265363413457694	1.0000929864721027
2.1415576759218498	1.9003938921372436	0.06609808002768262	0.7516421920714169	0.10087687365278734	98.19774827110562	108.77492531428283	0.002265363413457694	1.0000929864721027
2.1415576759218498	1.9003938921372436	0.06609808002768262	0.7516421920714169	0.10087687365278734	98.19774827110562	108.77492531428283	0.002265363413457694	1.0000929864721027
2.1415576759218498	1.9003938921372436	0.06609808002768262	0.7516421920714169	0.10087687365278734	98.19774827110562	108.77492531428283	0.002265363413457694	1.0000929864721027
2.1415576759218498	1.9003936799214118	0.06609808002768262	0.7516421920714169	0.10087687365278734	98.19774827110562	108.77492531428283	0.002265363413457694	1.0000929864721027
2.1415576759218498	1.9003936799214118	0.06609808002768262	0.7516421920714169	0.10087687365278734	98.19774827110562	108.77492531428283	0.002265363413457694	1.0000929864721027
2.1415576759218498	1.9003936799214118	0.06609808002768262	0.7516421920714169	0.10087687365278734	98.19774827110562	108.85879720295583	0.002265363413457694	1.0000929864721027
2.1415576759218498	1.9003936799214118	0.06609808002768262	0.7516421920714169	0.10087687365278734	98.19774827110562	108.85879720295583	0.002265363413457694	1.0000929864721027
2.1415576759218498	1.9003936799214118	0.06609808002768262	0.7516421920714169	0.10087687365278734	98.19774827110562	108.85879720295583	0.002265363413457694	1.0000929864721027
2.1415576759218498	1.9003936799214118	0.06609808002768262	0.7516421920714169	0.10087687365278734	98.19774827110562	108.85879720295583	0.002265363413457694	1.000097386672661
2.143405883418089	1.9003936799214118	0.06609808002768262	0.7516421920714169	0.10087687365278734	98.19774827110562	108.85879720295583	0.002265363413457694	1.000097386672661
2.143405883418089	1.9003936799214118	0.06609808002768262	0.7516421920714169	0.10087687365278734	98.19774827110562	108.85879720295583	0.002265363413457694	1.0000968911888104
2.143405883418089	1.9003936799214118	0.06609808002768262	0.7516393519967428	0.10087687365278734	98.19774827110562	108.85879720295583	0.002265363413457694	1.0000968911888104
2.143405883418089	1.9003936799214118	0.06609808002768262	0.7516393519967428	0.10087687365278734	98.19707688070922	108.85879720295583	0.002265363413457694	1.0000968911888104
2.143405883418089	1.9003936799214118	0.06609808002768262	0.7516393519967428	0.1009213352345302	98.19707688070922	108.85879720295583	0.002265363413457694	1.0000968911888104
2.143405883418089	1.9003936799214118	0.06609808002768262	0.7516393519967428	0.1009213352345302	98.19707688070922	108.85879720295583	0.0022427075342440574	1.0000968911888104
2.143405883418089	1.9003936799214118	0.06609808002768262	0.7516393519967428	0.10092182652711443	98.19707688070922	108.85879720295583	0.0022427075342440574	1.0000968911888104
2.1434916272894586	1.9003936799214118	0.06609808002768262	0.7516393519967428	0.10092182652711443	98.19707688070922	108.85879720295583	0.0022427075342440574	1.0000968911888104
2.1434916272894586	1.9003936799214118	0.06609808002768262	0.7516393519967428	0.10092182652711443	98.19641143424357	108.85879720295583	0.0022427075342440574	1.0000968911888104
2.1434916272894586	1.9003936799214118	0.06608804400102503	0.7516393519967428	0.10092182652711443	98.19641143424357	108.85879720295583	0.0022427075342440574	1.0000968911888104
2.1434916272894586	1.9003936799214118	0.06608804400102503	0.7516393519967428	0.10092182652711443	98.19641143424357	108.85879720295583	0.0022427075342440574	1.0000968911888104
2.1434916272894586	1.9003936799214118	0.06608804400102503	0.7516393519967428	0.10092182652711443	98.19641143424357	108.85879720295583	0.0022427075342440574	1.0000968911888104
2.1434916272894586	1.9003936799214118	0.06608804400102503	0.7516393519967428	0.10092182652711443	98.20845450905675	108.85879720295583	0.0022427075342440574	1.0000968911888104
2.1434916272894586	1.9003936799214118	0.06608804400102503	0.7516393519967428	0.10092182652711443	98.20845450905675	108.85879720295583	0.0022427075342440574	1.0000968911888104
2.1434916272894586	1.9003936799214118	0.06608804400102503	0.7516393519967428	0.10077649690868982	98.20845450905675	108.85879720295583	0.0022427075342440574	1.0000968911888104
2.1434916272894586	1.9003936799214118	0.06608804400102503	0.7516393519967428	0.10077649690868982	98.20845450905675	108.85879720295583	0.0022427075342440574	1.0000968911888104
2.1434916272894586	1.9003936799214118	0.06608804400102503	0.7516393519967428	0.10077649690868982	98.20845450905675	108.85879720295583	0.0022427075342440574	1.0000968911888104
2.1446899775170203	1.9003936799214118	0.06608804400102503	0.7516393519967428	0.10077649690868982	98.20845450905675	108.85879720295583	0.0022427075342440574	1.0000968911888104
2.1446899775170203	1.90039031010538	0.06608804400102503	0.7516393519967428	0.10077649690868982	98.20845450905675	108.85879720295583	0.0022427075342440574	1.0000968911888104
2.1446899775170203	1.90039031010538	0.06608804400102503	0.7516393519967428	0.10077649690868982	98.20845450905675	108.85879720295583	0.0022427075342440574	1.0000968911888104
2.1446899775170203	1.90039031010538	0.06608804400102503	0.7516393519967428	0.10077649690868982	98.20845450905675	108.85879720295583	0.0022427075342440574	1.0000968911888104
2.1446899775170203	1.90039031010538	0.06608565786669904	0.7516393519967428	0.10077649690868982	98.20845450905675	108.85879720295583	0.0022427075342440574	1.0000968911888104
2.1446899775170203	1.90039031010538	0.06608565786669904	0.7516393519967428	0.10077649690868982	98.20845450905675	108.85879720295583	0.0022427075342440574	1.0000968911888104
2.1446899775170203	1.90039031010538	0.06608565786669904	0.7515931592549114	0.10077649690868982	98.20845450905675	108.85879720295583	0.0022427075342440574	1.0000968911888104
2.1446899775170203	1.90039031010538	0.06608565786669904	0.7515931592549114	0.10077649690868982	98.20845450905675	108.85879720295583	0.0022427075342440574	1.0000968911888104
2.1446899775170203	1.90039031010538	0.06608565786669904	0.7515931592549114	0.10077649690868982	98.20845450905675	108.84055924839801	0.0022427075342440574	1.0000968911888104
2.1446899775170203	1.90039031010538	0.06608565786669904	0.7515931592549114	0.10077649690868982	98.20845450905675	108.84055924839801	0.0022427075342440574	1.0000968911888104
2.1446899775170203	1.90039031010538	0.06608565786669904	0.7515931592549114	0.10077650005043041	98.20845450905675	108.84055924839801	0.0022427075342440574	1.0000968911888104
2.1446899775170203	1.90039031010538	0.06608565786669904	0.7515931592549114	0.10077647242265975	98.20845450905675	108.84055924839801	0.0022427075342440574	1.0000968911888104
2.1446899775170203	1.90039031010538	0.06608565786669904	0.7515931592549114	0.10077647242265975	98.20845450905675	108.87362440136177	0.0022427075342440574	1.0000968911888104
2.1446899775170203	1.90039031010538	0.06608565786669904	0.7515931592549114	0.10077647242265975	98.20845450905675	108.87362440136177	0.0022427075342440574	1.0000968911888104
2.1446899775170203	1.90039031010538	0.06608565786669904	0.7515837742344641	0.10077647242265975	98.20845450905675	108.87362440136177	0.0022427075342440574	1.0000968911888104
2.1445257315757638	1.90039031010538	0.06608565786669904	0.7515837742344641	0.10077647242265975	98.20845450905675	108.87362440136177	0.0022427075342440574	1.0000968911888104
2.1445257315757638	1.90039031010538	0.06608565786669904	0.7515837742344641	0.10077647242265975	98.20845450905675	108.87362440136177	0.0022427075342440574	1.0000968911888104
2.1445257315757638	1.90039031010538	0.06608565786669904	0.7515837742344641	0.10077647242265975	98.20845450905675	108.87362440136177	0.0022424240974909574	1.0000968911888104
2.1445257315757638	1.90039031010538	0.06608565786669904	0.7515837742344641	0.10077647242265975	98.20845450905675	108.87362440136177	0.0022424240974909574	1.0000968911888104
2.1445257315757638	1.90039031010538	0.06608565786669904	0.7515837742344641	0.10077647242265975	98.20845450905675	108.87362440136177	0.0022424240974909574	1.0000968911888104
2.1445257315757638	1.90039031010538	0.06608565786669904	0.7515837742344641	0.10077647242265975	98.20859897585544	108.87362440136177	0.0022424240974909574	1.0000968911888104
2.1445257315757638	1.90039031010538	0.06608565786669904	0.7515837742344641	0.10077646497280619	98.20859897585544	108.87362440136177	0.0022424240974909574	1.0000968911888104
2.1445257315757638	1.90039031010538	0.06608565786669904	0.7515837742344641	0.10077646497280619	98.2091697566194	108.87362440136177	0.0022424240974909574	1.0000968911888104
2.1445257315757638	1.90039031010538	0.06608565786669904	0.7515837742344641	0.10077646497280619	98.2091697566194	108.87362440136177	0.0022424240974909574	1.0000968911888104
2.1443968646961205	1.90039031010538	0.06608565786669904	0.7515837742344641	0.10077646497280619	98.2091697566194	108.87362440136177	0.0022424240974909574	1.0000968911888104
2.1443968646961205	1.90039031010538	0.06608565786669904	0.7515837742344641	0.10077646497280619	98.20836057969376	108.87362440136177	0.0022424240974909574	1.0000968911888104
2.1443968646961205	1.90039031010538	0.06608565786669904	0.7515837742344641	0.10077646497280619	98.20836057969376	108.87362440136177	0.0022424240974909574	1.0000968911888104
2.1444117188266905	1.90039031010538	0.06608565786669904	0.7515837742344641	0.10077646497280619	98.20836057969376	108.87362440136177	0.0022424240974909574	1.0000968911888104
2.1444117188266905	1.90039031010538	0.06608565786669904	0.7515837742344641	0.10077646497280619	98.20836057969376	108.87362440136177	0.0022424240974909574	1.0000968911888104
2.1444117188266905	1.90039031010538	0.06608565786669904	0.7515837742344641	0.10077646497280619	98.20836057969376	108.87362440136177	0.0022424240974909574	1.0000968911888104
2.1444117188266905	1.90039031010538	0.06608565786669904	0.7515837742344641	0.10077646497280619	98.20836057969376	108.87362440136177	0.0022424240974909574	1.0000968911888104
2.1444117188266905	1.90039031010538	0.06608565786669904	0.7515837742344641	0.10077646497280619	98.20836057969376	108.87362440136177	0.0022424240974909574	1.0000968911888104
2.1444117188266905	1.90039031010538	0.06608565786669904	0.7515837742344641	0.10077646497280619	98.20837371515945	108.87362440136177	0.0022424240974909574	1.0000968911888104
2.1444117188266905	1.90039031010538	0.06608565786669904	0.7515837742344641	0.10077646497280619	98.20837371515945	108.87362440136177	0.0022424240974909574	1.0000968911888104
2.1444117188266905	1.90039031010538	0.06608565786669904	0.7515837742344641	0.10077646497280619	98.20837371515945	108.87362440136177	0.0022424240974909574	1.0000968911888104
2.1444117188266905	1.90039031010538	0.06608565786669904	0.7515837742344641	0.10101719726549195	98.20837371515945	108.87362440136177	0.0022424240974909574	1.0000968911888104
2.1444117188266905	1.90039031010538	0.06608565786669904	0.7515837742344641	0.10101719726549195	98.20837371515945	108.87362440136177	0.0022424240974909574	1.0000968911888104
2.1444117188266905	1.90039031010538	0.06608565786669904	0.7515837742344641	0.10101719726549195	98.22267148111612	108.87362440136177	0.0022424240974909574	1.0000968911888104
2.1444117188266905	1.90039031010538	0.06608565786669904	0.7515837742344641	0.10101719726549195	98.22267148111612	108.87362440136177	0.0022424240974909574	1.0000968911888104
2.1444117188266905	1.90039031010538	0.06608565786669904	0.7515837742344641	0.10101719726549195	98.22816856616603	108.87362440136177	0.0022424240974909574	1.0000968911888104
2.1444117188266905	1.90039031010538	0.06608565786669904	0.7515813451788678	0.10101719726549195	98.22816856616603	108.87362440136177	0.0022424240974909574	1.0000968911888104
2.1444117188266905	1.90039031010538	0.06608565786669904	0.7515813451788678	0.10101719726549195	98.22816856616603	108.87362440136177	0.0022424240974909574	1.0000968911888104
2.1444117188266905	1.90039031010538	0.0660774094109686	0.7515813451788678	0.10101719726549195	98.22816856616603	108.87362440136177	0.0022424240974909574	1.0000968911888104
2.1444117188266905	1.9003891988892139	0.0660774094109686	0.7515813451788678	0.10101719726549195	98.22816856616603	108.87362440136177	0.0022424240974909574	1.0000968911888104
2.1444117188266905	1.9003891988892139	0.0660774094109686	0.7515813451788678	0.10101719726549195	98.22816856616603	108.87362440136177	0.0022424240974909574	1.0000968911888104
2.1441494930168337	1.9003891988892139	0.0660774094109686	0.7515813451788678	0.10101719726549195	98.22816856616603	108.87362440136177	0.0022424240974909574	1.0000968911888104
2.1441494930168337	1.9003891988892139	0.0660774094109686	0.7515813451788678	0.10101719726549195	98.22816856616603	108.87362440136177	0.0022424240974909574	1.0000968911888104
2.1441494930168337	1.9000948036091727	0.0660774094109686	0.7515813451788678	0.10101719726549195	98.22816856616603	108.87362440136177	0.0022424240974909574	1.0000968911888104
2.144149814279555	1.9000948036091727	0.0660774094109686	0.7515813451788678	0.10101719726549195	98.22816856616603	108.87362440136177	0.0022424240974909574	1.0000968911888104
2.144149814279555	1.9000948036091727	0.0660774094109686	0.7515813451788678	0.10101719726549195	98.22816856616603	108.87108512133425	0.0022424240974909574	1.0000968911888104
2.144149814279555	1.9000948036091727	0.0660774094109686	0.7515813451788678	0.10101719726549195	98.22816856616603	108.87108512133425	0.002248192582748523	1.0000968911888104
2.144149814279555	1.9000948036091727	0.0660774094109686	0.7515813451788678	0.10101719726549195	98.22816856616603	107.18076619542705	0.002248192582748523	1.0000968911888104
2.144149814279555	1.9000948036091727	0.0660774094109686	0.7515813451788678	0.10101719726549195	98.22816856616603	107.18076619542705	0.002248192582748523	1.0000970725364016
2.144149814279555	1.9000948036091727	0.0660774094109686	0.7515813451788678	0.10101719726549195	98.22816856616603	107.18076619542705	0.002248192582748523	1.0000970725364016
2.144149814279555	1.9000948036091727	0.0660774094109686	0.7515813451788678	0.10101719726549195	98.22816856616603	107.18076619542705	0.002248192582748523	1.0000973603760883
2.144149814279555	1.900157003570399	0.0660774094109686	0.7515813451788678	0.10101719726549195	98.22816856616603	107.18076619542705	0.002248192582748523	1.0000973603760883
2.144149814279555	1.900157003570399	0.0660774094109686	0.7515813451788678	0.10101719726549195	98.22816856616603	107.18076619542705	0.002248192582748523	1.0000973603760883
2.143942148631679	1.900157003570399	0.0660774094109686	0.7515813451788678	0.10101719726549195	98.22816856616603	107.18076619542705	0.002248192582748523	1.0000973603760883
2.143942148631679	1.900157003570399	0.0660774094109686	0.7515813451788678	0.10101719726549195	98.22816856616603	107.18076619542705	0.002248192582748523	1.0000973603760883
2.143942148631679	1.906326308108947	0.0660774094109686	0.7515813451788678	0.10101719726549195	98.22816856616603	107.18076619542705	0.002248192582748523	1.0000973603760883
2.143942148631679	1.906326308108947	0.0660774094109686	0.7515813451788678	0.10101719726549195	98.22816856616603	107.18076619542705	0.002248192582748523	1.0000973603760883
2.143942148631679	1.906326308108947	0.0660774094109686	0.7515813451788678	0.10101719726549195	98.22816856616603	107.18076619542705	0.002248192582748523	1.0000969272669216
2.144006293209506	1.906326308108947	0.0660774094109686	0.7515813451788678	0.10101719726549195	98.22816856616603	107.18076619542705	0.002248192582748523	1.0000969272669216
2.144006293209506	1.906326308108947	0.0660774094109686	0.7515813451788678	0.10107459225424327	98.22816856616603	107.18076619542705	0.002248192582748523	1.0000969272669216
2.144006293209506	1.906326308108947	0.0660774094109686	0.7515813451788678	0.10107459225424327	98.22816856616603	107.18076619542705	0.002248192582748523	1.0000969272669216
2.144006293209506	1.906326308108947	0.0660774094109686	0.7515813451788678	0.10107459225424327	98.22816856616603	107.18076619542705	0.002248192582748523	1.0000969272669216
2.143851582105609	1.906326308108947	0.0660774094109686	0.7515813451788678	0.10107459225424327	98.22816856616603	107.18076619542705	0.002248192582748523	1.0000969272669216
2.143851582105609	1.906326308108947	0.0660774094109686	0.7515813451788678	0.10107459225424327	98.22816856616603	107.18076619542705	0.002248192582748523	1.0000969272669216
2.143851582105609	1.906326308108947	0.0660774094109686	0.7515813451788678	0.10107459225424327	98.22816856616603	107.18076619542705	0.002248192582748523	1.0000968344670018
2.143851582105609	1.906326308108947	0.0660774094109686	0.7515813451788678	0.10107459225424327	98.22816856616603	107.18076619542705	0.002248192582748523	1.0000968344670018
2.143851582105609	1.906326308108947	0.0660774094109686	0.7515813451788678	0.10107459225424327	98.22816856616603	107.18076619542705	0.002248192582748523	1.0000968344670018
2.143851582105609	1.906326308108947	0.0660774094109686	0.7515813451788678	0.10107024523752921	98.22816856616603	107.18076619542705	0.002248192582748523	1.0000968344670018
2.143851582105609	1.906326308108947	0.0660774094109686	0.7515813451788678	0.10107024523752921	98.20897263371462	107.18076619542705	0.002248192582748523	1.0000968344670018
2.143851582105609	1.906326308108947	0.0660774094109686	0.7515813451788678	0.10106941007728999	98.20897263371462	107.18076619542705	0.002248192582748523	1.0000968344670018
2.143851582105609	1.906326308108947	0.0660774094109686	0.7515813451788678	0.10106941007728999	98.20897263371462	107.18076619542705	0.002248192582748523	1.0000951554589972
2.143851582105609	1.906326308108947	0.0660774094109686	0.7515813451788678	0.10106941007728999	98.20897263371462	107.18076619542705	0.002248192582748523	1.0000951554589972
2.143851582105609	1.906326308108947	0.0660774094109686	0.7515813451788678	0.10106941007728999	98.20897263371462	107.18076619542705	0.002248192582748523	1.0000951554589972
2.143851582105609	1.906326308108947	0.06607276380118586	0.7515813451788678	0.10106941007728999	98.20897263371462	107.18076619542705	0.002248192582748523	1.0000951554589972
2.143851582105609	1.906326308108947	0.06607276380118586	0.7515813451788678	0.10106941007728999	98.20897263371462	107.18076619542705	0.002248192582748523	1.0000951554589972
2.143851582105609	1.906326308108947	0.06607276380118586	0.7515813451788678	0.10106941007728999	98.20897263371462	107.18076619542705	0.002248192582748523	1.0000951554589972
2.143851582105609	1.906326308108947	0.06607276380118586	0.7515813451788678	0.10106941007728999	98.20897263371462	107.18076619542705	0.002248192582748523	1.0000951554589972
2.143851582105609	1.906326308108947	0.06607276380118586	0.7515813451788678	0.10106941007728999	98.20897263371462	107.17104511049537	0.002248192582748523	1.0000951554589972
2.143851582105609	1.906326308108947	0.06607276380118586	0.7515813451788678	0.10106941007728999	98.20897263371462	107.17104511049537	0.002248192582748523	1.0000960035927478
2.143851582105609	1.906326308108947	0.06607276380118586	0.7515813451788678	0.10106941007728999	98.20542518746325	107.17104511049537	0.002248192582748523	1.0000960035927478
2.143851582105609	1.9063267801176274	0.06607276380118586	0.7515813451788678	0.10106941007728999	98.20542518746325	107.17104511049537	0.002248192582748523	1.0000960035927478
2.143851582105609	1.9063276555267863	0.06607276380118586	0.7515813451788678	0.10106941007728999	98.20542518746325	107.17104511049537	0.002248192582748523	1.0000960035927478
2.143851582105609	1.9063276555267863	0.06607276380118586	0.7515813451788678	0.10106941007728999	98.20542518746325	107.17104511049537	0.002248192582748523	1.0000960035927478
2.143851582105609	1.9063276555267863	0.06607276380118586	0.7515813451788678	0.10106941007728999	98.20542518746325	107.26827147680483	0.002248192582748523	1.0000960035927478
2.143851582105609	1.9063276555267863	0.06607276380118586	0.7515813451788678	0.10106941007728999	98.20542518746325	107.26827147680483	0.002248192582748523	1.000096197548785
2.143851582105609	1.9063276555267863	0.06607276380118586	0.7515813451788678	0.10106941007728999	98.20542518746325	107.26827147680483	0.002248192582748523	1.000096197548785
2.143851582105609	1.9063276555267863	0.06607276380118586	0.7515813451788678	0.10106941007728999	98.20542518746325	107.26827147680483	0.002248192582748523	1.000096197548785
2.143851582105609	1.9063276555267863	0.06607276380118586	0.7515813451788678	0.10106941007728999	98.20542518746325	107.26825114415742	0.002248192582748523	1.000096197548785
2.1438514288615393	1.9063276555267863	0.06607276380118586	0.7515813451788678	0.10106941007728999	98.20542518746325	107.26825114415742	0.002248192582748523	1.000096197548785
2.1438514288615393	1.9063276555267863	0.06607276380118586	0.7515813451788678	0.10106941007728999	98.20542518746325	107.26825114415742	0.002107152329957288	1.000096197548785
2.1438514288615393	1.9063276555267863	0.06607276380118586	0.7518614047590618	0.10106941007728999	98.20542518746325	107.26825114415742	0.002107152329957288	1.000096197548785
2.1438514288615393	1.9063276555267863	0.06607276380118586	0.7518614047590618	0.10106941007728999	98.20542518746325	107.26825114415742	0.0021077068931017345	1.000096197548785
2.1438514288615393	1.9063276555267863	0.06607276380118586	0.7518614047590618	0.10106941007728999	98.20542518746325	107.26825114415742	0.0021077068931017345	1.000096197548785
2.1438514288615393	1.9063276555267863	0.06607276380118586	0.7518614047590618	0.10106941007728999	98.20542518746325	107.26825114415742	0.0021077068931017345	1.000096197548785
2.1438514288615393	1.9063276555267863	0.06607276380118586	0.7518614047590618	0.10106941007728999	98.20542518746325	107.26825114415742	0.0021077068931017345	1.000096197548785
2.1438514288615393	1.9063276555267863	0.06607276380118586	0.7518614047590618	0.10106941007728999	98.20542518746325	107.26825114415742	0.0021077068931017345	1.000096197548785
2.1442076736281206	1.9063276555267863	0.06607276380118586	0.7518614047590618	0.10106941007728999	98.20542518746325	107.26825114415742	0.0021077068931017345	1.000096197548785
2.1442076736281206	1.9063276555267863	0.06607276380118586	0.7518614047590618	0.10106941007728999	98.18765416968715	107.26825114415742	0.0021077068931017345	1.000096197548785
2.14421343539449	1.9063276555267863	0.06607276380118586	0.7518614047590618	0.10106941007728999	98.18765416968715	107.26825114415742	0.0021077068931017345	1.000096197548785
2.14421343539449	1.9063276555267863	0.06607276380118586	0.7518614047590618	0.10106941007728999	98.18765416968715	107.26825114415742	0.0021077068931017345	1.0000967941850782
2.14421343539449	1.9063276555267863	0.06607276380118586	0.7518614047590618	0.10106941007728999	98.18765416968715	107.26825114415742	0.0021077068931017345	1.0000967941850782
2.14421343539449	1.9063685602421998	0.06607276380118586	0.7518614047590618	0.10106941007728999	98.18765416968715	107.26825114415742	0.0021077068931017345	1.0000967941850782
2.14421343539449	1.9063685602421998	0.06607276380118586	0.7518614047590618	0.10106941007728999	98.18765416968715	107.26825114415742	0.0021077068931017345	1.0000967941850782
2.14421343539449	1.9063685602421998	0.06607276380118586	0.7518614047590618	0.10106941007728999	98.18765416968715	107.26825114415742	0.0021077068931017345	1.0000967941850782
2.14421343539449	1.9063685602421998	0.06607276380118586	0.7518614047590618	0.10106941007728999	98.18765416968715	107.26825114415742	0.0021077068931017345	1.0000967941850782
2.14421343539449	1.9063685602421998	0.06607276380118586	0.7518614047590618	0.10105877598013904	98.18765416968715	107.26825114415742	0.0021077068931017345	1.0000967941850782
2.14421343539449	1.9063685602421998	0.06607276380118586	0.7518614047590618	0.10105877598013904	98.14874234090702	107.26825114415742	0.0021077068931017345	1.0000967941850782
2.14421343539449	1.9063685602421998	0.06607276380118586	0.7518614047590618	0.10105877598013904	98.14874234090702	107.26825114415742	0.0021077068931017345	1.0000967941850782
2.14421343539449	1.9063685602421998	0.06607276380118586	0.7518614047590618	0.10105877598013904	98.14874234090702	107.28082351073232	0.0021077068931017345	1.0000967941850782
2.14421343539449	1.9063685602421998	0.06607276380118586	0.7518614047590618	0.10105877598013904	98.14874234090702	107.28082351073232	0.0021077068931017345	1.0000967941850782
2.14421343539449	1.9063685602421998	0.06607276380118586	0.7518614047590618	0.10105878205161255	98.14874234090702	107.28082351073232	0.0021077068931017345	1.0000967941850782
2.14421343539449	1.9063685602421998	0.06607276380118586	0.7518614047590618	0.10105878205161255	98.14874234090702	107.28082351073232	0.0021077068931017345	1.0000967941850782
2.14421343539449	1.9063685602421998	0.06607276380118586	0.7518614047590618	0.10105878205161255	98.14874234090702	107.2817325607736	0.0021077068931017345	1.0000967941850782
2.14421343539449	1.9063685602421998	0.06607276380118586	0.7518614047590618	0.10075591164555942	98.14874234090702	107.2817325607736	0.0021077068931017345	1.0000967941850782
2.14421343539449	1.906362834456806	0.06607276380118586	0.7518614047590618	0.10075591164555942	98.14874234090702	107.2817325607736	0.0021077068931017345	1.0000967941850782
2.14421343539449	1.906362834456806	0.06607276380118586	0.7518614047590618	0.10075591164555942	98.14874234090702	107.2817325607736	0.0021077068931017345	1.0000967941850782
2.14421343539449	1.906362834456806	0.06607276380118586	0.7518602941345424	0.10075591164555942	98.14874234090702	107.2817325607736	0.0021077068931017345	1.0000967941850782
2.143894385844093	1.906362834456806	0.06607276380118586	0.7518602941345424	0.10075591164555942	98.14874234090702	107.2817325607736	0.0021077068931017345	1.0000967941850782
2.143894385844093	1.906362834456806	0.06607276380118586	0.7518602941345424	0.10075591164555942	98.14874234090702	107.27914837564106	0.0021077068931017345	1.0000967941850782
2.143894385844093	1.906362834456806	0.06607276380118586	0.7518602941345424	0.10075591164555942	98.14874234090702	107.27914837564106	0.0021077068931017345	1.0001129650709577
2.143894385844093	1.906362834456806	0.06607276380118586	0.7518602941345424	0.10075591164555942	98.14874234090702	107.27914837564106	0.002107884828010428	1.0001129650709577
2.143894385844093	1.9063391210782168	0.06607276380118586	0.7518602941345424	0.10075591164555942	98.14874234090702	107.27914837564106	0.002107884828010428	1.0001129650709577
2.143894385844093	1.9063391210782168	0.06607276380118586	0.7518602941345424	0.10075591164555942	98.14874234090702	107.27914837564106	0.002107884828010428	1.0001129650709577
2.143894970492127	1.9063391210782168	0.06607276380118586	0.7518602941345424	0.10075591164555942	98.14874234090702	107.27914837564106	0.002107884828010428	1.0001129650709577
2.143894970492127	1.9063391210782168	0.06607276380118586	0.7518602941345424	0.10075591164555942	98.14874234090702	107.27914837564106	0.002107884828010428	1.0001129650709577
2.143894970492127	1.9063391210782168	0.06607276380118586	0.7518602941345424	0.10075591164555942	98.14874234090702	107.27914837564106	0.0021035529667822327	1.0001129650709577
2.143894970492127	1.9063391210782168	0.06607276380118586	0.7518602941345424	0.10075591164555942	98.13204306696431	107.27914837564106	0.0021035529667822327	1.0001129650709577
2.143894970492127	1.9063391210782168	0.06607276380118586	0.7518517454207998	0.10075591164555942	98.13204306696431	107.27914837564106	0.0021035529667822327	1.0001129650709577
2.143894970492127	1.9063391210782168	0.06607276380118586	0.7518517454207998	0.10075591164555942	98.13204306696431	107.27914837564106	0.0021035529667822327	1.0001129650709577
2.143894970492127	1.9063380247118251	0.06607276380118586	0.7518517454207998	0.10075591164555942	98.13204306696431	107.27914837564106	0.0021035529667822327	1.0001129650709577
2.143894970492127	1.9063380247118251	0.06607276380118586	0.7518517454207998	0.10075591164555942	98.13204306696431	107.27914837564106	0.0021035529667822327	1.0001129650709577
2.143894970492127	1.9063380247118251	0.06607276380118586	0.7518517454207998	0.10075591164555942	98.13204306696431	107.27914837564106	0.0021035529667822327	1.0001129650709577
2.143894970492127	1.9063380247118251	0.06607276380118586	0.7518517454207998	0.10075591164555942	98.13204306696431	107.27914837564106	0.0021035529667822327	1.0001129650709577
2.143894970492127	1.9063380247118251	0.06607128753060254	0.7518517454207998	0.10075591164555942	98.13204306696431	107.27914837564106	0.0021035529667822327	1.0001129650709577
2.143894970492127	1.9063380247118251	0.06607128753060254	0.7518517454207998	0.10075591164555942	98.13204306696431	108.32533428552838	0.0021035529667822327	1.0001129650709577
2.143894970492127	1.9063380247118251	0.06607128753060254	0.7518517454207998	0.10075591164555942	98.13204306696431	108.32533428552838	0.0021035529667822327	1.0001129650709577
2.143894970492127	1.9063380247118251	0.06607128753060254	0.7518517454207998	0.10075591164555942	98.13204306696431	108.32533428552838	0.0021035529667822327	1.0001129650709577
2.143894970492127	1.9063380247118251	0.06607128753060254	0.7518517454207998	0.10075591164555942	98.13442459093604	108.32533428552838	0.0021035529667822327	1.0001129650709577
2.1438959311889465	1.9063380247118251	0.06607128753060254	0.7518517454207998	0.10075591164555942	98.13442459093604	108.32533428552838	0.0021035529667822327	1.0001129650709577
2.1438959311889465	1.9061975763073318	0.06607128753060254	0.7518517454207998	0.10075591164555942	98.13442459093604	108.32533428552838	0.0021035529667822327	1.0001129650709577
2.1438959311889465	1.9061975763073318	0.06607128753060254	0.7518517454207998	0.10075591164555942	98.13442459093604	108.32533428552838	0.0021035529667822327	1.0000978110305312
2.1438959311889465	1.9061975763073318	0.06607128753060254	0.7518517454207998	0.10075686465496	98.13442459093604	108.32533428552838	0.0021035529667822327	1.0000978110305312
2.1438959311889465	1.9061975763073318	0.06607128753060254	0.7518517454207998	0.10075686465496	98.13442459093604	108.32533428552838	0.0021035529667822327	1.0000978110305312
2.1438959311889465	1.9061975763073318	0.06607128753060254	0.7518517454207998	0.10075686465496	98.13442459093604	108.32533428552838	0.0021035529667822327	1.0000978110305312
2.1438959311889465	1.9061975763073318	0.06607128753060254	0.7518517454207998	0.10075686465496	98.13442459093604	108.32533428552838	0.0021035529667822327	1.0000978110305312
2.1438959311889465	1.9061975763073318	0.06607128753060254	0.7518517454207998	0.10075686465496	98.13442459093604	108.32533428552838	0.0021035529667822327	1.0000978110305312
2.1438959311889465	1.9061975763073318	0.06607128753060254	0.7518517454207998	0.10075686465496	98.13501674137284	108.32533428552838	0.0021035529667822327	1.0000978110305312
2.1438959311889465	1.9061975763073318	0.06607128753060254	0.7518517454207998	0.10075686465496	98.13501674137284	108.32533428552838	0.0021035529667822327	1.0000978110305312
2.1438959311889465	1.9061975763073318	0.06607128753060254	0.7518517454207998	0.10075677766041147	98.13501674137284	108.32533428552838	0.0021035529667822327	1.0000978110305312
2.1438959311889465	1.9061975763073318	0.06607128753060254	0.7518517454207998	0.10075677766041147	98.13501674137284	108.32690799916763	0.0021035529667822327	1.0000978110305312
2.1438959311889465	1.9061975763073318	0.06607128753060254	0.7518517454207998	0.10075677766041147	98.11992420809209	108.32690799916763	0.0021035529667822327	1.0000978110305312
2.1438399155668075	1.9061975763073318	0.06607128753060254	0.7518517454207998	0.10075677766041147	98.11992420809209	108.32690799916763	0.0021035529667822327	1.0000978110305312
2.1438399155668075	1.9061975763073318	0.06607128753060254	0.7518517454207998	0.10075677766041147	98.11992420809209	108.32690799916763	0.0021035529667822327	1.0000978110305312
2.1438399155668075	1.9061975763073318	0.06607128753060254	0.7518517454207998	0.10075677766041147	98.11992420809209	108.32690799916763	0.0021022428512969533	1.0000978110305312
2.1438399155668075	1.9061975763073318	0.06607128753060254	0.7516939715905039	0.10075677766041147	98.11992420809209	108.32690799916763	0.0021022428512969533	1.0000978110305312
2.1438399155668075	1.9061975763073318	0.06607128753060254	0.7517167207889386	0.10075677766041147	98.11992420809209	108.32690799916763	0.0021022428512969533	1.0000978110305312
2.1438399155668075	1.9061975763073318	0.06607128753060254	0.7517167207889386	0.10075677766041147	98.11992420809209	108.32690799916763	0.0021022428512969533	1.0000978110305312
2.1438399155668075	1.9061975763073318	0.06607128753060254	0.7517167207889386	0.10075677766041147	98.11992420809209	108.32690799916763	0.0021022428512969533	1.0000978110305312
2.1438399155668075	1.9061975763073318	0.06607128753060254	0.7517211761908589	0.10075677766041147	98.11992420809209	108.32690799916763	0.0021022428512969533	1.0000978110305312
2.1438413730392605	1.9061975763073318	0.06607128753060254	0.7517211761908589	0.10075677766041147	98.11992420809209	108.32690799916763	0.0021022428512969533	1.0000978110305312
2.1438413730392605	1.9061975763073318	0.06607128753060254	0.7517211761908589	0.10075677766041147	98.11992420809209	108.32690799916763	0.0021022428512969533	1.0000978110305312
2.1438413730392605	1.9061975763073318	0.06607128753060254	0.7517211761908589	0.10075677766041147	98.11992420809209	108.32690799916763	0.0021022428512969533	1.0000978110305312
2.1438413730392605	1.9061975763073318	0.06607128753060254	0.7517211761908589	0.10075677766041147	98.11992420809209	108.32690799916763	0.0021022428512969533	1.0000952347137777
2.143837617443973	1.9061975763073318	0.06607128753060254	0.7517211761908589	0.10075677766041147	98.11992420809209	108.32690799916763	0.0021022428512969533	1.0000952347137777
2.143837617443973	1.9061975763073318	0.06607128753060254	0.7517211761908589	0.10075677766041147	98.11992420809209	108.32690799916763	0.002102304669932214	1.0000952347137777
2.143837617443973	1.9061975763073318	0.06607128753060254	0.7517211761908589	0.10075677766041147	98.11992420809209	108.32690799916763	0.002103224877894068	1.0000952347137777
2.143837617443973	1.9061975763073318	0.06607128753060254	0.7517211761908589	0.1003181292388492	98.11992420809209	108.32690799916763	0.002103224877894068	1.0000952347137777
2.143837617443973	1.9061975763073318	0.06607128753060254	0.7517211761908589	0.1003181292388492	98.11992420809209	108.31510576524144	0.002103224877894068	1.0000952347137777
2.143837617443973	1.9061975763073318	0.06607128753060254	0.7517211761908589	0.1003181292388492	98.11992420809209	108.31510576524144	0.002103224877894068	1.0000952347137777
2.143837617443973	1.9061975763073318	0.06607128753060254	0.7517211761908589	0.1003181292388492	98.11992420809209	108.31510576524144	0.002103224877894068	1.0000952347137777
2.143837617443973	1.9061975763073318	0.06607128753060254	0.7517211761908589	0.1003181292388492	98.11992420809209	108.31510576524144	0.002103224877894068	1.0000952347137777
2.143837617443973	1.9061975763073318	0.06607128753060254	0.7517211761908589	0.1003181292388492	98.1069427087195	108.31510576524144	0.002103224877894068	1.0000952347137777
2.143837617443973	1.9061975763073318	0.06607128753060254	0.7517211761908589	0.1003181292388492	98.1069427087195	108.31510576524144	0.002103224877894068	1.0001051548569315
2.143837617443973	1.9061975763073318	0.06607128753060254	0.7517211761908589	0.1003181292388492	98.1069427087195	108.31510576524144	0.002103224877894068	1.0001051548569315
2.143837617443973	1.9061978804454178	0.06607128753060254	0.7517211761908589	0.1003181292388492	98.1069427087195	108.31510576524144	0.002103224877894068	1.0001051548569315
2.143837617443973	1.9061978804454178	0.06607128753060254	0.7517211761908589	0.1003181292388492	98.1069427087195	108.31510576524144	0.002103224877894068	1.0001051548569315
2.143837617443973	1.9061978804454178	0.06607128753060254	0.7517211761908589	0.1003181292388492	98.1069427087195	108.31505656489406	0.002103224877894068	1.0001051548569315
2.143837617443973	1.9061978804454178	0.06607128753060254	0.7517211761908589	0.1003181292388492	98.1069427087195	108.31505656489406	0.002103224877894068	1.0001051548569315
2.143837617443973	1.9061978804454178	0.06604749434007044	0.7517211761908589	0.1003181292388492	98.1069427087195	108.31505656489406	0.002103224877894068	1.0001051548569315
2.143837617443973	1.9061978804454178	0.06604749434007044	0.7517211761908589	0.1003181292388492	98.1068327464852	108.31505656489406	0.002103224877894068	1.0001051548569315
2.143837617443973	1.9061978804454178	0.06604749434007044	0.7512253218499974	0.1003181292388492	98.1068327464852	108.31505656489406	0.002103224877894068	1.0001051548569315
2.143837617443973	1.9062067217932752	0.06604749434007044	0.7512253218499974	0.1003181292388492	98.1068327464852	108.31505656489406	0.002103224877894068	1.0001051548569315
2.143837617443973	1.9062067217932752	0.06604749434007044	0.7512253218499974	0.1003181292388492	98.1068327464852	108.31505656489406	0.00210331872976622	1.0001051548569315
2.143837617443973	1.9062067217932752	0.06604749434007044	0.7512253218499974	0.1003181292388492	98.1068327464852	108.31505656489406	0.0021036703634143006	1.0001051548569315
2.143837617443973	1.9062067217932752	0.06604749434007044	0.7512253218499974	0.1003181292388492	98.1068327464852	108.30361800561555	0.0021036703634143006	1.0001051548569315
2.143837617443973	1.9062067217932752	0.06604749434007044	0.7512253218499974	0.1003181292388492	98.1068327464852	108.30361800561555	0.0021036703634143006	1.0001051548569315
2.143837617443973	1.9062067217932752	0.06604749434007044	0.7512253218499974	0.1003181292388492	98.1068327464852	108.30361800561555	0.002103202813601942	1.0001051548569315
2.143935963802696	1.9062067217932752	0.06604749434007044	0.7512253218499974	0.1003181292388492	98.1068327464852	108.30361800561555	0.002103202813601942	1.0001051548569315
2.143935963802696	1.9062067217932752	0.06604749434007044	0.7512253218499974	0.1003181292388492	98.1068327464852	108.30361800561555	0.002103202813601942	1.0001051548569315
2.143935963802696	1.9062067217932752	0.06604749434007044	0.7512253218499974	0.1003181292388492	98.1068327464852	108.30361800561555	0.002103202813601942	1.0001051548569315
2.143935963802696	1.9062067217932752	0.06604749434007044	0.7512253218499974	0.1003181292388492	98.1068327464852	108.30361800561555	0.002103202813601942	1.0001051548569315
2.143935963802696	1.9062067217932752	0.06604749434007044	0.7512253218499974	0.1003181292388492	98.1068327464852	108.30361800561555	0.002103202813601942	1.0001051548569315
2.143935963802696	1.9062067217932752	0.06604749434007044	0.7512253218499974	0.10027161929740694	98.1068327464852	108.30361800561555	0.002103202813601942	1.0001051548569315
2.143935963802696	1.9062067217932752	0.06604749434007044	0.7512253218499974	0.10027161929740694	98.1068327464852	108.30361800561555	0.002103202813601942	1.0001051548569315
2.143935963802696	1.9062067217932752	0.06604749434007044	0.7512253218499974	0.10027161929740694	98.1068327464852	108.30361800561555	0.002103202813601942	1.0001051548569315
2.143935963802696	1.9062067217932752	0.06604749434007044	0.7512253218499974	0.10027161929740694	98.1068327464852	108.30361800561555	0.002103202813601942	1.0001051548569315
2.143935963802696	1.906451359148429	0.06604749434007044	0.7512253218499974	0.10027161929740694	98.1068327464852	108.30361800561555	0.002103202813601942	1.0001051548569315
2.143935963802696	1.906451359148429	0.06604749434007044	0.7512253218499974	0.10027161929740694	98.1068327464852	108.30361800561555	0.002103202813601942	1.0001051548569315
2.143935963802696	1.906451359148429	0.06604749434007044	0.7512253218499974	0.10027161929740694	98.1068327464852	108.30361800561555	0.002103202813601942	1.0001051548569315
2.143935963802696	1.906451359148429	0.06604749434007044	0.7512253218499974	0.10027161929740694	98.1068327464852	106.30178153884077	0.002103202813601942	1.0001051548569315
2.143935963802696	1.906451359148429	0.06604749434007044	0.7512253218499974	0.10027161929740694	98.1068327464852	106.30178153884077	0.002103202813601942	1.0001051548569315
2.143935963802696	1.906451359148429	0.06604749434007044	0.7512253218499974	0.10027161929740694	98.1068327464852	106.30178153884077	0.002103202813601942	1.0001051548569315
2.143935963802696	1.906451359148429	0.06604749434007044	0.7512253218499974	0.10027161929740694	98.1068327464852	106.30178153884077	0.002103202813601942	1.0001051548569315
2.143935963802696	1.9066071905137487	0.06604749434007044	0.7512253218499974	0.10027161929740694	98.1068327464852	106.30178153884077	0.002103202813601942	1.0001051548569315
2.143935963802696	1.9066071905137487	0.06603784282205027	0.7512253218499974	0.10027161929740694	98.1068327464852	106.30178153884077	0.002103202813601942	1.0001051548569315
2.1439357864714355	1.9066071905137487	0.06603784282205027	0.7512253218499974	0.10027161929740694	98.1068327464852	106.30178153884077	0.002103202813601942	1.0001051548569315
2.1439357864714355	1.9066225128646972	0.06603784282205027	0.7512253218499974	0.10027161929740694	98.1068327464852	106.30178153884077	0.002103202813601942	1.0001051548569315
2.1439357864714355	1.9066225128646972	0.06603784282205027	0.7512253218499974	0.10027161929740694	98.1068327464852	106.30178153884077	0.002106118913716195	1.0001051548569315
2.1439357864714355	1.9066225128646972	0.06603784282205027	0.7512253218499974	0.10027161929740694	98.12575546988391	106.30178153884077	0.002106118913716195	1.0001051548569315
2.1439357864714355	1.9066225128646972	0.06603784282205027	0.7512253218499974	0.10027161929740694	98.12575546988391	106.30178153884077	0.002106118913716195	1.0001051548569315
2.1439357864714355	1.9066225128646972	0.06603784282205027	0.7512253218499974	0.10027161929740694	98.12575546988391	106.30178153884077	0.002106118913716195	1.0001051548569315
2.1439357864714355	1.9066225128646972	0.06603784282205027	0.7512253218499974	0.10027161929740694	98.12575546988391	106.30178153884077	0.002106118913716195	1.0001051548569315
2.1439357864714355	1.9066225128646972	0.06603784282205027	0.7512253218499974	0.10027161929740694	98.12554148633205	106.30178153884077	0.002106118913716195	1.0001051548569315
2.1439357864714355	1.906618314266283	0.06603784282205027	0.7512253218499974	0.10027161929740694	98.12554148633205	106.30178153884077	0.002106118913716195	1.0001051548569315
2.1439357864714355	1.906618314266283	0.06603784282205027	0.7512253218499974	0.10027161929740694	98.12554148633205	106.29968075967379	0.002106118913716195	1.0001051548569315
2.1439357864714355	1.906618314266283	0.06603784282205027	0.7511268930279674	0.10027161929740694	98.12554148633205	106.29968075967379	0.002106118913716195	1.0001051548569315
2.1439357864714355	1.906618314266283	0.06603784282205027	0.7511268930279674	0.10027161929740694	98.12554148633205	106.29968075967379	0.002106118913716195	1.0001051548569315
2.1439357864714355	1.906618314266283	0.06603784282205027	0.7511268930279674	0.10027161929740694	98.12554148633205	106.29968075967379	0.002106118913716195	1.000110975474815
2.1439357864714355	1.906618314266283	0.06603784282205027	0.7511268930279674	0.10027161929740694	98.12554148633205	106.29968075967379	0.002106118913716195	1.000110975474815
2.1439357864714355	1.906618314266283	0.06603784282205027	0.7511268930279674	0.10027161929740694	98.12554148633205	106.29968075967379	0.0021067633831480196	1.000110975474815
2.1439357864714355	1.906618314266283	0.06603784282205027	0.7511268930279674	0.10027158668288745	98.12554148633205	106.29968075967379	0.0021067633831480196	1.000110975474815
2.1439357864714355	1.906618314266283	0.06603784282205027	0.7511268930279674	0.10027158668288745	98.12554148633205	106.29968075967379	0.0021067633831480196	1.000110975474815
2.1439357864714355	1.906618314266283	0.06603784282205027	0.7511268930279674	0.10027158668288745	98.12554148633205	106.29968075967379	0.0021067633831480196	1.000110975474815
2.1439357864714355	1.906618314266283	0.06603784282205027	0.7511268930279674	0.10027158668288745	98.12554148633205	106.29968075967379	0.0021067633831480196	1.000099518338992
2.1439357864714355	1.906618314266283	0.06603788189148665	0.7511268930279674	0.10027158668288745	98.12554148633205	106.29968075967379	0.0021067633831480196	1.000099518338992
2.1439357864714355	1.906618314266283	0.06603788189148665	0.7511268930279674	0.10027158668288745	98.12554536071778	106.29968075967379	0.0021067633831480196	1.000099518338992
2.1439357864714355	1.906618314266283	0.06603788189148665	0.7511268930279674	0.10027158668288745	98.12554536071778	106.29968075967379	0.0021067633831480196	1.000099518338992
2.1439357864714355	1.906618314266283	0.06603788189148665	0.7511268930279674	0.10027158668288745	98.12554536071778	106.29968075967379	0.0021067633831480196	1.000099518338992
2.1439357864714355	1.906618314266283	0.06603788189148665	0.7511268930279674	0.10027158668288745	98.12554536071778	106.29968075967379	0.0021067633831480196	1.000099518338992
2.1439357864714355	1.906618314266283	0.06603788189148665	0.7511268930279674	0.10027158668288745	98.12554536071778	106.29968075967379	0.0021067633831480196	1.000099518338992
2.1439357864714355	1.906618314266283	0.06603788189148665	0.7511268930279674	0.10027158668288745	98.12554536071778	106.29968075967379	0.0021061498793611432	1.000099518338992
2.1439357864714355	1.906618314266283	0.06603788189148665	0.7511268930279674	0.100258257102792	98.12554536071778	106.29968075967379	0.0021061498793611432	1.000099518338992
2.1439357864714355	1.906340498056682	0.06603788189148665	0.7511268930279674	0.100258257102792	98.12554536071778	106.29968075967379	0.0021061498793611432	1.000099518338992
2.1439357864714355	1.906340498056682	0.06603788189148665	0.7511268930279674	0.100258257102792	98.12554536071778	106.29968075967379	0.0021021552958106803	1.000099518338992
2.1439357864714355	1.906340498056682	0.06603788189148665	0.7511268930279674	0.100258257102792	98.12554536071778	106.29968075967379	0.0021021552958106803	1.000099518338992
2.1439197641062764	1.906340498056682	0.06603788189148665	0.7511268930279674	0.100258257102792	98.12554536071778	106.29968075967379	0.0021021552958106803	1.000099518338992
2.1439197641062764	1.906333567839699	0.06603788189148665	0.7511268930279674	0.100258257102792	98.12554536071778	106.29968075967379	0.0021021552958106803	1.000099518338992
2.1439197641062764	1.906333567839699	0.06603788189148665	0.7511268930279674	0.100258257102792	98.12554536071778	106.29968075967379	0.0021021552958106803	1.000099518338992
2.1439197641062764	1.906328935073955	0.06603788189148665	0.7511268930279674	0.100258257102792	98.12554536071778	106.29968075967379	0.0021021552958106803	1.000099518338992
2.1439197641062764	1.906328935073955	0.06603788189148665	0.7511268930279674	0.10032610794178506	98.12554536071778	106.29968075967379	0.0021021552958106803	1.000099518338992
2.1439197641062764	1.9063266433685144	0.06603788189148665	0.7511268930279674	0.10032610794178506	98.12554536071778	106.29968075967379	0.0021021552958106803	1.000099518338992
2.1439197641062764	1.9063266433685144	0.06603788189148665	0.7511268930279674	0.10032610794178506	98.12554536071778	106.29968075967379	0.0021021552958106803	1.000099518338992
2.1439197641062764	1.9063266433685144	0.06603788189148665	0.7511268930279674	0.10032610794178506	98.12554536071778	106.29968075967379	0.0021021552958106803	1.000099518338992
2.1439197641062764	1.9063475191931964	0.06603788189148665	0.7511268930279674	0.10032610794178506	98.12554536071778	106.29968075967379	0.0021021552958106803	1.000099518338992
2.1439197641062764	1.9051381690962355	0.06603788189148665	0.7511268930279674	0.10032610794178506	98.12554536071778	106.29968075967379	0.0021021552958106803	1.000099518338992
2.1439197641062764	1.9051381690962355	0.06603788189148665	0.7511268930279674	0.10032610794178506	98.12554536071778	106.29968075967379	0.0021021552958106803	1.000099518338992
2.1439197641062764	1.9051381690962355	0.06603788189148665	0.7511268930279674	0.10032610794178506	98.12554536071778	106.29968075967379	0.0021021552958106803	1.0000995463214934
2.1439197641062764	1.9051381690962355	0.06603788189148665	0.7511268930279674	0.10032610794178506	98.12557560742006	106.29968075967379	0.0021021552958106803	1.0000995463214934
2.1439197641062764	1.9051381690962355	0.06603788189148665	0.7509708426750396	0.10032610794178506	98.12557560742006	106.29968075967379	0.0021021552958106803	1.0000995463214934
2.1439197641062764	1.9051381690962355	0.06603788189148665	0.7509708426750396	0.10032610794178506	98.12557560742006	106.29968075967379	0.0021021552958106803	1.0000995463214934
2.1439197641062764	1.9051381690962355	0.06604075937535005	0.7509708426750396	0.10032610794178506	98.12557560742006	106.29968075967379	0.0021021552958106803	1.0000995463214934
2.1439197641062764	1.9051381690962355	0.06604075937535005	0.7509708426750396	0.10032610794178506	98.12557560742006	109.39231775818445	0.0021021552958106803	1.0000995463214934
2.1439197641062764	1.9051381690962355	0.06604075937535005	0.7509708426750396	0.10032610794178506	98.12557560742006	109.39231775818445	0.0021021552958106803	1.0001002473768388
2.1439197641062764	1.9051381690962355	0.06604075937535005	0.7509708426750396	0.100323274449371	98.12557560742006	109.39231775818445	0.0021021552958106803	1.0001002473768388
2.1439197641062764	1.9051381690962355	0.06604075937535005	0.7509708426750396	0.100323274449371	98.12561000922162	109.39231775818445	0.0021021552958106803	1.0001002473768388
2.1439197641062764	1.9051381690962355	0.06604075937535005	0.7509708426750396	0.100323274449371	98.12561000922162	109.39231775818445	0.0021021552958106803	1.0001002473768388
2.1439197641062764	1.9051381690962355	0.06604075937535005	0.7509708426750396	0.100323274449371	98.12561000922162	109.39231775818445	0.0021021552958106803	1.0001002473768388
2.1439197641062764	1.9051381690962355	0.06604075937535005	0.7509708426750396	0.100323274449371	98.12561000922162	109.39231775818445	0.0021021552958106803	1.0001002473768388
2.1439197641062764	1.9053353299783353	0.06604075937535005	0.7509708426750396	0.100323274449371	98.12561000922162	109.39231775818445	0.0021021552958106803	1.0001002473768388
2.1439197641062764	1.9056164225113217	0.06604075937535005	0.7509708426750396	0.100323274449371	98.12561000922162	109.39231775818445	0.0021021552958106803	1.0001002473768388
2.1439197641062764	1.9056164225113217	0.06604075937535005	0.7509708426750396	0.100323274449371	98.12561000922162	109.39231775818445	0.0021021552958106803	1.0001002473768388
2.1439197641062764	1.9056164225113217	0.06608044545259437	0.7509708426750396	0.100323274449371	98.12561000922162	109.39231775818445	0.0021021552958106803	1.0001002473768388
2.1439197641062764	1.9056164225113217	0.06608044545259437	0.7509708426750396	0.100323274449371	98.12561000922162	109.05183045822126	0.0021021552958106803	1.0001002473768388
2.1439197641062764	1.9056164225113217	0.06608044545259437	0.7509708426750396	0.100323274449371	98.12561000922162	109.05183045822126	0.0021021552958106803	1.0001002473768388
2.1439197641062764	1.9056164225113217	0.06608044545259437	0.7509708426750396	0.100323274449371	98.12561000922162	109.05183045822126	0.0021021552958106803	1.0001002473768388
2.1439197641062764	1.9056164225113217	0.06608044545259437	0.7509708426750396	0.10041071702354522	98.12561000922162	109.05183045822126	0.0021021552958106803	1.0001002473768388
2.1439197641062764	1.9056164225113217	0.06608044545259437	0.7510415637224735	0.10041071702354522	98.12561000922162	109.05183045822126	0.0021021552958106803	1.0001002473768388
2.1439197641062764	1.9056164225113217	0.06608044545259437	0.7510415637224735	0.10041071702354522	98.12561000922162	109.05183045822126	0.0021021552958106803	1.0001002473768388
2.1439197641062764	1.9056164225113217	0.06608044545259437	0.7510415637224735	0.10041071702354522	98.12561000922162	109.05183045822126	0.0021021552958106803	1.0001002473768388
2.1439197641062764	1.9056164225113217	0.06608044545259437	0.7510415637224735	0.10041071702354522	98.12561000922162	109.05183045822126	0.0021021552958106803	1.0001002473768388
2.1439197641062764	1.9056164225113217	0.06608044545259437	0.7510415637224735	0.10041071702354522	98.12561000922162	109.05151447446319	0.0021021552958106803	1.0001002473768388
2.1439197641062764	1.9056164225113217	0.06608044545259437	0.7510415637224735	0.10041071553701537	98.12561000922162	109.05151447446319	0.0021021552958106803	1.0001002473768388
2.1439197641062764	1.9056164225113217	0.06608044545259437	0.7510415637224735	0.10041071553701537	98.12561000922162	109.05151447446319	0.0021021552958106803	1.0001002473768388
2.1439197641062764	1.9056164225113217	0.06607451882541979	0.7510415637224735	0.10041071553701537	98.12561000922162	109.05151447446319	0.0021021552958106803	1.0001002473768388
2.1439197641062764	1.9056164225113217	0.06607451882541979	0.7510415637224735	0.10041071553701537	98.12561000922162	109.05151447446319	0.0021021552958106803	1.0001002473768388
2.1439197641062764	1.9055899331390498	0.06607451882541979	0.7510415637224735	0.10041071553701537	98.12561000922162	109.05151447446319	0.0021021552958106803	1.0001002473768388
2.1439197641062764	1.9055899331390498	0.06603177805944203	0.7510415637224735	0.10041071553701537	98.12561000922162	109.05151447446319	0.0021021552958106803	1.0001002473768388
2.1439197641062764	1.9055899331390498	0.06603177805944203	0.7510415637224735	0.10041071553701537	98.12561000922162	104.86108592388292	0.0021021552958106803	1.0001002473768388
2.1439197641062764	1.9055899331390498	0.06603177805944203	0.7510415637224735	0.10041071553701537	98.12561000922162	104.86108592388292	0.002102217021473595	1.0001002473768388
2.1439197641062764	1.9055899331390498	0.06603177805944203	0.7510415637224735	0.10041071553701537	98.12561000922162	104.86108592388292	0.0021022075169260497	1.0001002473768388
2.1439197641062764	1.9055899331390498	0.06603177805944203	0.7510415637224735	0.10041071553701537	98.12561000922162	104.86108592388292	0.0021022075169260497	1.0001002473768388
2.1439197641062764	1.9055899331390498	0.06603177805944203	0.7510415637224735	0.10041071553701537	98.15031608335235	104.86108592388292	0.0021022075169260497	1.0001002473768388
2.1439197641062764	1.9055899331390498	0.06603177805944203	0.7510415637224735	0.10041071553701537	98.15031608335235	104.86108592388292	0.0021022075169260497	1.0001002473768388
2.1439197641062764	1.9056059976996926	0.06603177805944203	0.7510415637224735	0.10041071553701537	98.15031608335235	104.86108592388292	0.0021022075169260497	1.0001002473768388
2.1439197641062764	1.9056059976996926	0.06603177805944203	0.7510415637224735	0.10041071553701537	98.15031608335235	104.86108592388292	0.0021022075169260497	1.0001002473768388
2.1439197641062764	1.9056059976996926	0.06603177805944203	0.7510415637224735	0.10041071553701537	98.15031608335235	104.86108592388292	0.0021022075169260497	1.0001002473768388
2.1439197641062764	1.9056059976996926	0.06603177805944203	0.7510415637224735	0.10041071553701537	98.15031608335235	104.86108592388292	0.0023180991279815604	1.0001002473768388
2.1439197641062764	1.9056059976996926	0.06603177805944203	0.7510415637224735	0.10041071553701537	98.11842405321065	104.86108592388292	0.0023180991279815604	1.0001002473768388
2.1439197641062764	1.9056059976996926	0.06603177805944203	0.7510415637224735	0.10041071553701537	98.11842405321065	104.86108592388292	0.0023180991279815604	1.0001002473768388
2.1439197641062764	1.9056059976996926	0.06603177805944203	0.7510415637224735	0.10041071553701537	98.12663877713089	104.86108592388292	0.0023180991279815604	1.0001002473768388
2.1439197641062764	1.9056059976996926	0.06603177805944203	0.7510415637224735	0.10041071553701537	98.12663877713089	104.86108592388292	0.0023180991279815604	1.0001002473768388
2.1439197641062764	1.9056059976996926	0.06603177805944203	0.7510415637224735	0.10041071553701537	98.126582629746	104.86108592388292	0.0023180991279815604	1.0001002473768388
2.1439197641062764	1.9056059976996926	0.06603177805944203	0.7510415637224735	0.10041071553701537	98.14548496046513	104.86108592388292	0.0023180991279815604	1.0001002473768388
2.1439197641062764	1.9056059976996926	0.06603177805944203	0.7510415637224735	0.10041071553701537	98.14548496046513	104.86108592388292	0.0023180991279815604	1.0001002473768388
2.1439197641062764	1.9056059976996926	0.06603177805944203	0.7510415637224735	0.10041071553701537	98.14548496046513	104.86108592388292	0.002270994781913775	1.0001002473768388
2.1439197641062764	1.9056059976996926	0.06603177805944203	0.7510415637224735	0.10041041576847412	98.14548496046513	104.86108592388292	0.002270994781913775	1.0001002473768388
2.1439197641062764	1.9056059976996926	0.06603177805944203	0.7510415637224735	0.10042086511845127	98.14548496046513	104.86108592388292	0.002270994781913775	1.0001002473768388
2.1439197641062764	1.9056059976996926	0.06603177805944203	0.7510415637224735	0.10042086511845127	98.14548496046513	104.86108592388292	0.002270994781913775	1.0001002473768388
2.1439197641062764	1.9056059976996926	0.06603177805944203	0.7510415637224735	0.10042086511845127	98.14548496046513	104.86108592388292	0.002270994781913775	1.0001002677590949
2.1439197641062764	1.9056059976996926	0.06603177805944203	0.7510415637224735	0.10042086511845127	98.14548496046513	104.86108592388292	0.002270994781913775	1.0001002677590949
2.1439197641062764	1.9056059976996926	0.06603177805944203	0.7510415637224735	0.10042086511845127	98.14548496046513	104.86108592388292	0.002270994781913775	1.0001002677590949
2.1439197641062764	1.9056059976996926	0.06603177805944203	0.7510415637224735	0.10042086511845127	98.14548496046513	104.86108592388292	0.002270994781913775	1.0001002677590949
2.1439197641062764	1.9056059976996926	0.06603177805944203	0.7510415637224735	0.10042086511845127	98.14548496046513	104.86108592388292	0.002270994781913775	1.0001002677590949
2.1439197641062764	1.9056059976996926	0.06603177805944203	0.7510415637224735	0.10041525994210847	98.14548496046513	104.86108592388292	0.002270994781913775	1.0001002677590949
2.1439197641062764	1.9056059976996926	0.06603595350402922	0.7510415637224735	0.10041525994210847	98.14548496046513	104.86108592388292	0.002270994781913775	1.0001002677590949
2.1439197641062764	1.9050337711673213	0.06603595350402922	0.7510415637224735	0.10041525994210847	98.14548496046513	104.86108592388292	0.002270994781913775	1.0001002677590949
2.1439197641062764	1.9050337711673213	0.06603595350402922	0.7510415637224735	0.10041525994210847	98.14548496046513	104.85371270187319	0.002270994781913775	1.0001002677590949
2.1439197641062764	1.9050337711673213	0.06603595350402922	0.7510415637224735	0.10041525994210847	98.14548496046513	104.85371270187319	0.002270994781913775	1.0001043188745582
2.1439197641062764	1.9050337711673213	0.06603595350402922	0.7510415637224735	0.10041652342657902	98.14548496046513	104.85371270187319	0.002270994781913775	1.0001043188745582
2.1439197641062764	1.9050337711673213	0.06603595350402922	0.7510415637224735	0.10041652342657902	98.11614684755581	104.85371270187319	0.002270994781913775	1.0001043188745582
2.1439197641062764	1.9050337711673213	0.06603595350402922	0.7510415637224735	0.10041652342657902	98.11614684755581	104.85371270187319	0.002270994781913775	1.0000997192523418
2.1439197641062764	1.9050337711673213	0.06603595350402922	0.7510415637224735	0.10041652342657902	98.11614684755581	104.85371270187319	0.002270994781913775	1.0000997192523418
2.1439197641062764	1.9050337711673213	0.06603595350402922	0.7510415637224735	0.10041652342657902	98.11614684755581	104.85371270187319	0.002270994781913775	1.0000997192523418
2.1439197641062764	1.9050337711673213	0.06603595350402922	0.7510415637224735	0.10041652342657902	98.11614684755581	104.85371270187319	0.002270994781913775	1.0000997192523418
2.1439197641062764	1.9050337711673213	0.06603595350402922	0.7510415637224735	0.10041652342657902	98.11614684755581	104.85371270187319	0.002270994781913775	1.0000997192523418
2.1439197641062764	1.9050337711673213	0.06603595350402922	0.7510415637224735	0.10041652342657902	98.11614684755581	104.85371270187319	0.002270994781913775	1.0000997192523418
2.1439197641062764	1.9050337711673213	0.06603595350402922	0.7510415637224735	0.10041652342657902	98.11614684755581	104.85371270187319	0.002270994781913775	1.0000997192523418
2.1439197641062764	1.9050337711673213	0.06603595350402922	0.7510415637224735	0.10041652342657902	98.11614684755581	104.85371270187319	0.002270994781913775	1.0000997192523418
2.1439197641062764	1.9050337711673213	0.06603595350402922	0.7510415637224735	0.10041652342657902	98.11614684755581	104.8931822304497	0.002270994781913775	1.0000997192523418
2.1439197641062764	1.9050337711673213	0.06603595350402922	0.7510415637224735	0.10041652342657902	98.11614684755581	104.89282234899878	0.002270994781913775	1.0000997192523418
2.1439197641062764	1.9050337711673213	0.06603595350402922	0.7510415637224735	0.10041652342657902	98.11614684755581	104.89282234899878	0.0022711520475618857	1.0000997192523418
2.1431118013528687	1.9050337711673213	0.06603595350402922	0.7510415637224735	0.10041652342657902	98.11614684755581	104.89282234899878	0.0022711520475618857	1.0000997192523418
2.1431118013528687	1.9050337711673213	0.06603595350402922	0.7510415637224735	0.10041652342657902	98.11614684755581	104.89282234899878	0.002271209591648495	1.0000997192523418
2.1431118013528687	1.9050337711673213	0.06603595350402922	0.7510415637224735	0.10041652342657902	98.11614684755581	104.89282234899878	0.002271209591648495	1.0000997192523418
2.1431118013528687	1.9050337711673213	0.06603595350402922	0.7510415637224735	0.10041652342657902	98.11614684755581	104.89282234899878	0.002271209591648495	1.0000997192523418
2.1431118013528687	1.9050337711673213	0.06603595350402922	0.7510415637224735	0.10041652342657902	98.11614684755581	104.89282234899878	0.002271209591648495	1.0000997192523418
2.1431118013528687	1.9050337711673213	0.06603595350402922	0.7510415637224735	0.10041652342657902	98.11614684755581	104.89282234899878	0.002271209591648495	1.0000997192523418
2.143118007501163	1.9050337711673213	0.06603595350402922	0.7510415637224735	0.10041652342657902	98.11614684755581	104.89282234899878	0.002271209591648495	1.0000997192523418
2.143118007501163	1.9050305718377445	0.06603595350402922	0.7510415637224735	0.10041652342657902	98.11614684755581	104.89282234899878	0.002271209591648495	1.0000997192523418
2.143118007501163	1.9050305718377445	0.06603277801049151	0.7510415637224735	0.10041652342657902	98.11614684755581	104.89282234899878	0.002271209591648495	1.0000997192523418
2.143118007501163	1.9050305718377445	0.06603277801049151	0.7510415637224735	0.10041652342657902	98.11614684755581	104.8917036634302	0.002271209591648495	1.0000997192523418
2.143118007501163	1.9050305718377445	0.06603277801049151	0.7510415637224735	0.10041652342657902	98.11614684755581	104.8917036634302	0.002271209591648495	1.0000997192523418
2.143118007501163	1.9050305718377445	0.06603277801049151	0.7510415637224735	0.10041652342657902	98.11614684755581	104.8917036634302	0.0022863017683259473	1.0000997192523418
2.143118007501163	1.9050305718377445	0.06603277801049151	0.7510415637224735	0.10041652342657902	98.11614684755581	104.8917036634302	0.0022863017683259473	1.0000997192523418
2.143118007501163	1.9050305718377445	0.06603277801049151	0.7510415637224735	0.10041652342657902	98.11614684755581	104.8917036634302	0.0022863017683259473	1.0000997192523418
2.143118007501163	1.9050305718377445	0.06603277801049151	0.7510415637224735	0.10041652342657902	98.11614684755581	104.8917036634302	0.0022863017683259473	1.0000997192523418
2.143118007501163	1.9050305718377445	0.06603277801049151	0.7510415637224735	0.10041652342657902	98.11614684755581	104.8917036634302	0.0022863017683259473	1.0000997192523418
2.1431237735590827	1.9050305718377445	0.06603277801049151	0.7510415637224735	0.10041652342657902	98.11614684755581	104.8917036634302	0.0022863017683259473	1.0000997192523418
2.1431237735590827	1.9050305718377445	0.06603277801049151	0.7510415637224735	0.10041652342657902	98.11827853473326	104.8917036634302	0.0022863017683259473	1.0000997192523418
2.1431237735590827	1.9047022061947998	0.06603277801049151	0.7510415637224735	0.10041652342657902	98.11827853473326	104.8917036634302	0.0022863017683259473	1.0000997192523418
2.1431237735590827	1.9047022061947998	0.06603277801049151	0.7510999281248589	0.10041652342657902	98.11827853473326	104.8917036634302	0.0022863017683259473	1.0000997192523418
2.1431237735590827	1.9047022061947998	0.06603277801049151	0.7510999281248589	0.10041661408266146	98.11827853473326	104.8917036634302	0.0022863017683259473	1.0000997192523418
2.1395455984249936	1.9047022061947998	0.06603277801049151	0.7510999281248589	0.10041661408266146	98.11827853473326	104.8917036634302	0.0022863017683259473	1.0000997192523418
2.1395455984249936	1.9047022061947998	0.06603277801049151	0.7510999281248589	0.10041661408266146	98.11827853473326	104.8917036634302	0.0022863017683259473	1.0000997192523418
2.1395455984249936	1.9047022061947998	0.06603277801049151	0.7512110738972043	0.10041661408266146	98.11827853473326	104.8917036634302	0.0022863017683259473	1.0000997192523418
2.1395455984249936	1.9047022061947998	0.06603277801049151	0.7512110738972043	0.10041661408266146	98.11827853473326	104.80220472660694	0.0022863017683259473	1.0000997192523418
2.1395455984249936	1.9047022061947998	0.06603277801049151	0.7512110738972043	0.10041661408266146	98.11827853473326	104.80220472660694	0.0022863017683259473	1.0000997192523418
2.1395455984249936	1.9047022061947998	0.06603277801049151	0.7512110738972043	0.10041661408266146	98.11827853473326	104.80220472660694	0.0022863017683259473	1.0000997192523418
2.1395455984249936	1.9047022061947998	0.06603277801049151	0.7512110738972043	0.10041661408266146	98.11827853473326	104.80220472660694	0.0022863017683259473	1.0000998165411827
2.1395455984249936	1.904704198470471	0.06603277801049151	0.7512110738972043	0.10041661408266146	98.11827853473326	104.80220472660694	0.0022863017683259473	1.0000998165411827
2.1395455984249936	1.904704198470471	0.06603277801049151	0.7512110738972043	0.10041661408266146	98.11830321878894	104.80220472660694	0.0022863017683259473	1.0000998165411827
2.1395455984249936	1.904704198470471	0.06603277801049151	0.7512110738972043	0.10041661408266146	98.11830321878894	104.80220472660694	0.0022863017683259473	1.0000998165411827
2.1395455984249936	1.904704198470471	0.06603277801049151	0.7512110738972043	0.10041661408266146	98.11830321878894	104.80220472660694	0.0022863017683259473	1.0000998143439472
2.1395455984249936	1.904704198470471	0.06603277801049151	0.7512110738972043	0.10041661408266146	98.11830321878894	104.80220472660694	0.0022863017683259473	1.0000998143439472
2.139540289953205	1.904704198470471	0.06603277801049151	0.7512110738972043	0.10041661408266146	98.11830321878894	104.80220472660694	0.0022863017683259473	1.0000998143439472
2.139540289953205	1.904704198470471	0.06603277801049151	0.7512110738972043	0.10041661408266146	98.11830321878894	104.80220472660694	0.0022863017683259473	1.0000998143439472
2.139540289953205	1.904704198470471	0.06603277801049151	0.7512110738972043	0.10041661408266146	98.11830321878894	104.80220472660694	0.0023105846617654533	1.0000998143439472
2.139540289953205	1.904704198470471	0.06603277801049151	0.7512320913060268	0.10041661408266146	98.11830321878894	104.80220472660694	0.0023105846617654533	1.0000998143439472
2.139540289953205	1.904704198470471	0.06603277801049151	0.7512320913060268	0.10041661408266146	98.11830321878894	104.801825800994	0.0023105846617654533	1.0000998143439472
2.139540289953205	1.904704198470471	0.06603277801049151	0.7512320913060268	0.10041661408266146	98.11830321878894	104.801825800994	0.0023105846617654533	1.0000998143439472
2.139540289953205	1.904704198470471	0.06603277801049151	0.7512320913060268	0.10041661408266146	98.11830321878894	104.801825800994	0.002238937749873715	1.0000998143439472
2.139540289953205	1.904704198470471	0.06603277801049151	0.7512320913060268	0.10041661408266146	98.11830321878894	104.801825800994	0.002238937749873715	1.0000998143439472
2.139540289953205	1.904704198470471	0.06603277801049151	0.7512320913060268	0.10041661408266146	98.11830321878894	104.801825800994	0.002238937749873715	1.0000998143439472
2.139540289953205	1.904704198470471	0.06603277801049151	0.7512320913060268	0.10041661408266146	98.11830321878894	104.801825800994	0.002238937749873715	1.0000998143439472
2.139540289953205	1.904704198470471	0.06603277801049151	0.7512320913060268	0.10041661408266146	98.11830321878894	104.801825800994	0.002238937749873715	1.0000998052873193
2.139540289953205	1.904704198470471	0.06603277801049151	0.7512320913060268	0.10041661408266146	98.11830321878894	104.83422808802139	0.002238937749873715	1.0000998052873193
2.139540289953205	1.904704198470471	0.06603277801049151	0.7512320913060268	0.10042087998289534	98.11830321878894	104.83422808802139	0.002238937749873715	1.0000998052873193
2.139540289953205	1.904704198470471	0.06603277801049151	0.7512320913060268	0.10042087998289534	98.11830321878894	104.83365124492867	0.002238937749873715	1.0000998052873193
2.139540289953205	1.904704198470471	0.06603277801049151	0.7512320913060268	0.10042087998289534	98.11830321878894	104.83365124492867	0.002238937749873715	1.0000998052873193
2.139540289953205	1.904704198470471	0.06603277801049151	0.7512320913060268	0.10042087998289534	98.11830321878894	104.83365124492867	0.002238937749873715	1.0000998052873193
2.139540289953205	1.904704198470471	0.06603277801049151	0.7512320913060268	0.10042087998289534	98.10815945604374	104.83365124492867	0.002238937749873715	1.0000998052873193
2.139540289953205	1.904704198470471	0.06603277801049151	0.7512320913060268	0.10042087998289534	98.10815945604374	104.83365124492867	0.002238937749873715	1.0000998052873193
2.139540289953205	1.904704198470471	0.06603277801049151	0.7512320913060268	0.10042087998289534	98.10815945604374	104.83365124492867	0.002238937749873715	1.0000998052873193
2.139540289953205	1.904704198470471	0.06603277801049151	0.7512320913060268	0.10042087998289534	98.10815945604374	104.83365124492867	0.002238937749873715	1.0000998052873193
2.139540289953205	1.904704198470471	0.06603277801049151	0.7512320913060268	0.10042087998289534	98.10815945604374	104.83365124492867	0.002238937749873715	1.0000998052873193
2.139540289953205	1.904704198470471	0.06603277801049151	0.7512320913060268	0.10042087998289534	98.10815945604374	104.83365124492867	0.0022379574888093823	1.0000998052873193
2.139540289953205	1.904704198470471	0.06603277801049151	0.7512320913060268	0.10042087998289534	98.10815945604374	104.83365124492867	0.0022379574888093823	1.0000998052873193
2.139540289953205	1.904704198470471	0.06602888539447421	0.7512320913060268	0.10042087998289534	98.10815945604374	104.83365124492867	0.0022379574888093823	1.0000998052873193
2.139540289953205	1.904704198470471	0.06602888539447421	0.7512320913060268	0.10042087998289534	98.10815945604374	104.83365124492867	0.0022379574888093823	1.0000998052873193
2.139540289953205	1.904704198470471	0.06602888539447421	0.7512320913060268	0.10042087998289534	98.10815945604374	104.83300813334213	0.0022379574888093823	1.0000998052873193
2.139540289953205	1.904704198470471	0.06602888539447421	0.7512320913060268	0.10042087998289534	98.10815945604374	104.83300813334213	0.0022379574888093823	1.0000998052873193
2.139540289953205	1.904704198470471	0.06602888539447421	0.7512320913060268	0.10042087998289534	98.10815945604374	104.83300813334213	0.0022379574888093823	1.0000998052873193
2.139540289953205	1.904704198470471	0.06602888539447421	0.7512320913060268	0.10042087998289534	98.10815945604374	104.83300813334213	0.0022415542693745424	1.0000998052873193
2.139540289953205	1.904704198470471	0.06602888539447421	0.7512320913060268	0.10042087998289534	98.10815945604374	104.83300813334213	0.0022419370667113164	1.0000998052873193
2.139540289953205	1.904704198470471	0.06602888539447421	0.7512320913060268	0.10042087998289534	98.10815945604374	104.83300813334213	0.0022419370667113164	1.0000998052873193
2.139540289953205	1.9038208574370046	0.06602888539447421	0.7512320913060268	0.10042087998289534	98.10815945604374	104.83300813334213	0.0022419370667113164	1.0000998052873193
2.139540289953205	1.9038208574370046	0.0660280944636074	0.7512320913060268	0.10042087998289534	98.10815945604374	104.83300813334213	0.0022419370667113164	1.0000998052873193
2.139540289953205	1.9038208574370046	0.0660280944636074	0.7512320913060268	0.10042087998289534	98.10815945604374	104.83300813334213	0.0022419370667113164	1.0000998052873193
2.139540289953205	1.9038208574370046	0.0660280944636074	0.7512320913060268	0.10042087998289534	98.10815945604374	104.83300813334213	0.0022419370667113164	1.0000998052873193
2.139540289953205	1.9038208574370046	0.0660280944636074	0.7512320913060268	0.10042087998289534	98.10815945604374	104.83300813334213	0.0022419370667113164	1.0000998052873193
2.139540289953205	1.9038208574370046	0.0660280944636074	0.7512320913060268	0.10042087998289534	98.10815945604374	104.83300813334213	0.0022419370667113164	1.000100362373522
2.139540289953205	1.9038208574370046	0.0660280944636074	0.7512320913060268	0.10045248093264646	98.10815945604374	104.83300813334213	0.0022419370667113164	1.000100362373522
2.139540289953205	1.9038208574370046	0.0660280944636074	0.7512320913060268	0.10045248093264646	98.10815945604374	104.83300813334213	0.002241736074343177	1.000100362373522
2.139540289953205	1.9038208574370046	0.0660280944636074	0.7512320913060268	0.10045248093264646	98.10815945604374	104.83300813334213	0.002241736074343177	1.000100362373522
2.139540289953205	1.9038208574370046	0.0660280944636074	0.7512320913060268	0.10045248093264646	98.10815945604374	104.83294324284033	0.002241736074343177	1.000100362373522
2.139540289953205	1.9038208574370046	0.0660280944636074	0.7512320913060268	0.10045248093264646	98.10815945604374	104.83294324284033	0.002241736074343177	1.000100362373522
2.139540289953205	1.9038208574370046	0.0660280944636074	0.7512320913060268	0.10035652174055348	98.10815945604374	104.83294324284033	0.002241736074343177	1.000100362373522
2.139456095173988	1.9038208574370046	0.0660280944636074	0.7512320913060268	0.10035652174055348	98.10815945604374	104.83294324284033	0.002241736074343177	1.000100362373522
2.139456095173988	1.9038208574370046	0.0660280944636074	0.7512320913060268	0.10035652174055348	98.10815945604374	104.83294324284033	0.002241736074343177	1.000100362373522
