2.2925351259976767	1.891642504458811	0.067415158644994	0.7347835175616435	0.10194518954812692	99.42846514589063	101.65391585287101	0.002403556844156121	1.0000991244421251
2.2925351259976767	1.891642504458811	0.067415158644994	0.7347835175616435	0.10194518954812692	99.42846514589063	101.65391585287101	0.002403556844156121	1.0000991244421251
2.2925351259976767	1.891642504458811	0.067415158644994	0.7347835175616435	0.10194421057348044	99.42846514589063	101.65391585287101	0.002403556844156121	1.0000991244421251
2.2925351259976767	1.891642504458811	0.067415158644994	0.7347835175616435	0.10194421057348044	99.42846514589063	101.65391585287101	0.002403556844156121	1.0000991244421251
2.2925351259976767	1.891642504458811	0.067415158644994	0.7347835175616435	0.10194421057348044	99.42846514589063	101.65391585287101	0.002403556844156121	1.0000991244421251
2.2925351259976767	1.891642504458811	0.067415158644994	0.7347835175616435	0.10194421057348044	99.42846514589063	101.65391585287101	0.002403556844156121	1.0000991244421251
2.2925351259976767	1.891642504458811	0.067415158644994	0.7347835175616435	0.10194421057348044	99.4279369806724	101.65391585287101	0.002403556844156121	1.0000991244421251
2.2925351259976767	1.891660468916744	0.067415158644994	0.7347835175616435	0.10194421057348044	99.4279369806724	101.65391585287101	0.002403556844156121	1.0000991244421251
2.2925351259976767	1.891660468916744	0.06741237682141768	0.7347835175616435	0.10194421057348044	99.4279369806724	101.65391585287101	0.002403556844156121	1.0000991244421251
2.2925351259976767	1.8917645664207179	0.06741237682141768	0.7347835175616435	0.10194421057348044	99.4279369806724	101.65391585287101	0.002403556844156121	1.0000991244421251
2.2925351259976767	1.8917645664207179	0.06741237682141768	0.7347835175616435	0.10194421057348044	99.4279369806724	101.65391585287101	0.002403556844156121	1.000100188150176
2.2925351259976767	1.8917645664207179	0.06741237682141768	0.7347835175616435	0.1019433036836785	99.4279369806724	101.65391585287101	0.002403556844156121	1.000100188150176
2.2925351259976767	1.8917645664207179	0.06741237682141768	0.7347835175616435	0.1019433036836785	99.4279369806724	101.65347945105614	0.002403556844156121	1.000100188150176
2.2925351259976767	1.8917645664207179	0.06741237682141768	0.7347835175616435	0.1019433036836785	99.4279369806724	101.65347945105614	0.002403556844156121	1.000100188150176
2.2925351259976767	1.8917645664207179	0.06741237682141768	0.7347835175616435	0.1019433036836785	99.4279369806724	101.65347945105614	0.002403556844156121	1.000100188150176
2.2925351259976767	1.8917645664207179	0.06741237682141768	0.7347835175616435	0.10148290732299627	99.4279369806724	101.65347945105614	0.002403556844156121	1.000100188150176
2.2925351259976767	1.8917645664207179	0.06741237682141768	0.7347835175616435	0.10148290732299627	99.4279369806724	101.65347945105614	0.002403556844156121	1.000100188150176
2.2925303715971044	1.8917645664207179	0.06741237682141768	0.7347835175616435	0.10148290732299627	99.4279369806724	101.65347945105614	0.002403556844156121	1.000100188150176
2.2925303715971044	1.8917645664207179	0.06741237682141768	0.7347835175616435	0.10148290732299627	99.4279369806724	101.65347945105614	0.002403745186357382	1.000100188150176
2.2925303715971044	1.8917530647006884	0.06741237682141768	0.7347835175616435	0.10148290732299627	99.4279369806724	101.65347945105614	0.002403745186357382	1.000100188150176
2.2925303715971044	1.8917748226120403	0.06741237682141768	0.7347835175616435	0.10148290732299627	99.4279369806724	101.65347945105614	0.002403745186357382	1.000100188150176
2.2925303715971044	1.8917748226120403	0.06741237682141768	0.7347835175616435	0.10148290732299627	99.4279369806724	101.65347945105614	0.002403745186357382	1.000100188150176
2.2925303715971044	1.891777353635395	0.06741237682141768	0.7347835175616435	0.10148290732299627	99.4279369806724	101.65347945105614	0.002403745186357382	1.000100188150176
2.2925303715971044	1.891777353635395	0.06741237682141768	0.7347835175616435	0.10148290732299627	99.4279369806724	101.65347945105614	0.002403745186357382	1.000100188150176
2.2925303715971044	1.891777353635395	0.06741237682141768	0.7347835175616435	0.10148290732299627	99.42762831096242	101.65347945105614	0.002403745186357382	1.000100188150176
2.2925303715971044	1.891777353635395	0.06741237682141768	0.7347835175616435	0.10148290732299627	99.42762831096242	101.65347945105614	0.002403745186357382	1.000100188150176
2.2925303715971044	1.891777353635395	0.06741237682141768	0.7347835175616435	0.10148290732299627	99.42762831096242	101.65261546074895	0.002403745186357382	1.000100188150176
2.2925303715971044	1.891777353635395	0.06741404489298802	0.7347835175616435	0.10148290732299627	99.42762831096242	101.65261546074895	0.002403745186357382	1.000100188150176
2.2925303715971044	1.891777353635395	0.06741404489298802	0.7347835175616435	0.10148290732299627	99.42762831096242	101.57572426105152	0.002403745186357382	1.000100188150176
2.2925303715971044	1.891777353635395	0.06741404489298802	0.7347835175616435	0.10148290732299627	99.42765569828352	101.57572426105152	0.002403745186357382	1.000100188150176
2.2925303715971044	1.891777353635395	0.06741404489298802	0.7347835175616435	0.10148290732299627	99.42765569828352	101.57572426105152	0.002403745186357382	1.000100188150176
2.2925303715971044	1.891777353635395	0.06741404489298802	0.7347835175616435	0.10148290732299627	99.42765569828352	101.5766344136187	0.002403745186357382	1.000100188150176
2.2925303715971044	1.891777353635395	0.06741404489298802	0.7347835175616435	0.10148290732299627	99.42765569828352	101.5766344136187	0.002403745186357382	1.000100188150176
2.2925303715971044	1.8917642390141995	0.06741404489298802	0.7347835175616435	0.10148290732299627	99.42765569828352	101.5766344136187	0.002403745186357382	1.000100188150176
2.2925303715971044	1.8917642390141995	0.06741404489298802	0.7347835175616435	0.10148290732299627	99.42765569828352	101.5766344136187	0.002403745186357382	1.000100188150176
2.2925303715971044	1.8917642390141995	0.06741404489298802	0.7349012939048161	0.10148290732299627	99.42765569828352	101.5766344136187	0.002403745186357382	1.000100188150176
2.2925303715971044	1.8917642390141995	0.06741404489298802	0.7349012939048161	0.10148290732299627	99.43171331577044	101.5766344136187	0.002403745186357382	1.000100188150176
2.2925303715971044	1.8917642390141995	0.06737701107625219	0.7349012939048161	0.10148290732299627	99.43171331577044	101.5766344136187	0.002403745186357382	1.000100188150176
2.2925303715971044	1.8917642390141995	0.06737701107625219	0.7349012939048161	0.10148290732299627	99.43171331577044	101.57472000586564	0.002403745186357382	1.000100188150176
2.2925303715971044	1.8917580000329794	0.06737701107625219	0.7349012939048161	0.10148290732299627	99.43171331577044	101.57472000586564	0.002403745186357382	1.000100188150176
2.2925303715971044	1.8917580000329794	0.06737701107625219	0.7349012939048161	0.10148290732299627	99.43171331577044	101.57472000586564	0.002403745186357382	1.000100188150176
2.2925303715971044	1.8917580000329794	0.06737701107625219	0.7349012939048161	0.10148290732299627	99.43171331577044	101.57472000586564	0.002403745186357382	1.000100188150176
2.2925303715971044	1.8917580000329794	0.06737701107625219	0.7349259410690892	0.10148290732299627	99.43171331577044	101.57472000586564	0.002403745186357382	1.000100188150176
2.2925303715971044	1.8917580000329794	0.06737701107625219	0.7349259410690892	0.10148290732299627	99.43171331577044	101.57472000586564	0.002403745186357382	1.000100188150176
2.2925303715971044	1.8917580000329794	0.06737701107625219	0.7349259410690892	0.10148290732299627	99.43171331577044	101.57472000586564	0.002403745186357382	1.000100188150176
2.2925303715971044	1.8917580000329794	0.06737701107625219	0.7349259410690892	0.10148290732299627	99.43171331577044	101.57472000586564	0.002403745186357382	1.000100188150176
2.2925303715971044	1.8917580000329794	0.06737701107625219	0.7349259410690892	0.10148290732299627	99.43171331577044	101.57472000586564	0.002403745186357382	1.000100188150176
2.2925303715971044	1.8917580000329794	0.06737701107625219	0.7349277642432841	0.10148290732299627	99.43171331577044	101.57472000586564	0.002403745186357382	1.000100188150176
2.2925303715971044	1.8917580000329794	0.06737701107625219	0.7349277642432841	0.10148290732299627	99.43171331577044	101.57472000586564	0.002403745186357382	1.000100188150176
2.2925303715971044	1.8917580000329794	0.06737701107625219	0.7349277642432841	0.10148290732299627	99.43171331577044	101.57485379563913	0.002403745186357382	1.000100188150176
2.2925303715971044	1.8917580000329794	0.06737701107625219	0.7349277642432841	0.10148290732299627	99.43171331577044	101.57485379563913	0.002403745186357382	1.000100188150176
2.2925303715971044	1.8917580000329794	0.06737701107625219	0.7349277642432841	0.10148290732299627	99.43171331577044	101.57485379563913	0.002403745186357382	1.000100188150176
2.2925303715971044	1.8917580000329794	0.06737701107625219	0.7349277642432841	0.10148290732299627	99.43171331577044	101.57485379563913	0.002403745186357382	1.000100188150176
2.2925303715971044	1.8917580000329794	0.06737701107625219	0.7349277642432841	0.10148290732299627	99.43171331577044	101.57485379563913	0.002403745186357382	1.000100188150176
2.2925568994322862	1.8917580000329794	0.06737701107625219	0.7349277642432841	0.10148290732299627	99.43171331577044	101.57485379563913	0.002403745186357382	1.000100188150176
2.2925568994322862	1.8917580000329794	0.06737701107625219	0.7349277642432841	0.10148350961348632	99.43171331577044	101.57485379563913	0.002403745186357382	1.000100188150176
2.2925568994322862	1.8917580000329794	0.06737701107625219	0.7349277642432841	0.10148338561285604	99.43171331577044	101.57485379563913	0.002403745186357382	1.000100188150176
2.2925568994322862	1.8917580000329794	0.06737701107625219	0.7349277642432841	0.10148338561285604	99.43171331577044	101.57485379563913	0.002403745186357382	1.000100188150176
2.2925568994322862	1.8917580000329794	0.06735802681475021	0.7349277642432841	0.10148338561285604	99.43171331577044	101.57485379563913	0.002403745186357382	1.000100188150176
2.2925568994322862	1.8917580000329794	0.06735802681475021	0.7349277642432841	0.10148338561285604	99.43171331577044	101.57485379563913	0.0024438345919701727	1.000100188150176
2.2927235534192194	1.8917580000329794	0.06735802681475021	0.7349277642432841	0.10148338561285604	99.43171331577044	101.57485379563913	0.0024438345919701727	1.000100188150176
2.2927235534192194	1.8917580000329794	0.06735802681475021	0.7349277642432841	0.10148338561285604	99.43171331577044	101.57485379563913	0.0024438345919701727	1.000100188150176
2.2927235534192194	1.8917580000329794	0.06735802681475021	0.7349277642432841	0.10148338561285604	99.43171331577044	101.57485379563913	0.0024453372587208205	1.000100188150176
2.2927235534192194	1.8917580000329794	0.06735802681475021	0.7349277642432841	0.10148338561285604	99.43171331577044	101.57485379563913	0.0024453372587208205	1.000100188150176
2.2927235534192194	1.8917580000329794	0.06735802681475021	0.7349277642432841	0.10148338561285604	99.43171331577044	101.57485379563913	0.0024453372587208205	1.000100188150176
2.2927235534192194	1.8917580000329794	0.06735802681475021	0.7349277642432841	0.10148338561285604	99.43171331577044	101.57485379563913	0.0024453372587208205	1.000100188150176
2.2927235534192194	1.8917580000329794	0.06735802681475021	0.7349277642432841	0.10148338561285604	99.43171331577044	101.57485379563913	0.0024459058342719375	1.000100188150176
2.2927235534192194	1.8917580000329794	0.06735802681475021	0.7349277642432841	0.10148338561285604	99.43171331577044	101.57485379563913	0.0024459058342719375	1.0001004068891886
2.2927396424995976	1.8917580000329794	0.06735802681475021	0.7349277642432841	0.10148338561285604	99.43171331577044	101.57485379563913	0.0024459058342719375	1.0001004068891886
2.293154859593505	1.8917580000329794	0.06735802681475021	0.7349277642432841	0.10148338561285604	99.43171331577044	101.57485379563913	0.0024459058342719375	1.0001004068891886
2.293154859593505	1.8917580000329794	0.06735986694935925	0.7349277642432841	0.10148338561285604	99.43171331577044	101.57485379563913	0.0024459058342719375	1.0001004068891886
2.293154859593505	1.8917580000329794	0.06735986694935925	0.7349277642432841	0.10148338561285604	99.43171331577044	101.57485379563913	0.0024459058342719375	1.0001004068891886
2.293154859593505	1.8917580000329794	0.06735986694935925	0.7349277642432841	0.10148342597885264	99.43171331577044	101.57485379563913	0.0024459058342719375	1.0001004068891886
2.293154859593505	1.8917580000329794	0.06735986694935925	0.7349277642432841	0.10148342597885264	99.43171331577044	101.57485379563913	0.0024459058342719375	1.0001007318664885
2.293154859593505	1.8917580000329794	0.06735986694935925	0.7349277642432841	0.10148342597885264	99.43171331577044	101.57485379563913	0.0024459058342719375	1.0001007318664885
2.2931563934985415	1.8917580000329794	0.06735986694935925	0.7349277642432841	0.10148342597885264	99.43171331577044	101.57485379563913	0.0024459058342719375	1.0001007318664885
2.2931563934985415	1.8917580000329794	0.06737901229810225	0.7349277642432841	0.10148342597885264	99.43171331577044	101.57485379563913	0.0024459058342719375	1.0001007318664885
2.2931563934985415	1.8917580000329794	0.06737901229810225	0.7349277642432841	0.10148342597885264	99.43171331577044	101.57485379563913	0.0024459058342719375	1.0001029416984704
2.2931563934985415	1.8917580000329794	0.06737901229810225	0.7349277642432841	0.10148342597885264	99.43171331577044	101.57485379563913	0.0024459058342719375	1.0001029416984704
2.292792056719091	1.8917580000329794	0.06737901229810225	0.7349277642432841	0.10148342597885264	99.43171331577044	101.57485379563913	0.0024459058342719375	1.0001029416984704
2.292792056719091	1.8917580000329794	0.06737901229810225	0.7348964080764937	0.10148342597885264	99.43171331577044	101.57485379563913	0.0024459058342719375	1.0001029416984704
2.292792056719091	1.8917580000329794	0.06737901229810225	0.7348964080764937	0.10148342597885264	99.40122727346532	101.57485379563913	0.0024459058342719375	1.0001029416984704
2.292792056719091	1.8917580000329794	0.06737901229810225	0.7348964080764937	0.10148342597885264	99.40122727346532	101.57485379563913	0.0022985938808575894	1.0001029416984704
2.292792056719091	1.8917580000329794	0.06737901229810225	0.7348964080764937	0.10146696210297679	99.40122727346532	101.57485379563913	0.0022985938808575894	1.0001029416984704
2.292792056719091	1.8917580000329794	0.06737901229810225	0.7348964080764937	0.10146696210297679	99.40122727346532	101.57485379563913	0.0022985938808575894	1.0001029416984704
2.292792056719091	1.8917580000329794	0.06737901229810225	0.7348964080764937	0.10146696210297679	99.40122727346532	101.54801914138676	0.0022985938808575894	1.0001029416984704
2.292792056719091	1.8917580000329794	0.06737901229810225	0.7348964080764937	0.10146696210297679	99.4011287353974	101.54801914138676	0.0022985938808575894	1.0001029416984704
2.292792056719091	1.8917580000329794	0.06737901229810225	0.7348964080764937	0.10146696210297679	99.4011287353974	101.54801914138676	0.0022985938808575894	1.0001029416984704
2.292792056719091	1.8917580000329794	0.06737901229810225	0.7348964080764937	0.10146696210297679	99.4106702888681	101.54801914138676	0.0022985938808575894	1.0001029416984704
2.292792056719091	1.8917580000329794	0.06737901229810225	0.7348964080764937	0.10146696210297679	99.4106702888681	101.54801914138676	0.0022985938808575894	1.0001029416984704
2.292792056719091	1.8917580000329794	0.06737901229810225	0.7348964080764937	0.10146696210297679	99.4106702888681	101.54801914138676	0.0022985938808575894	1.0001029416984704
2.292792056719091	1.8917580000329794	0.06737901229810225	0.7348964080764937	0.10146696210297679	99.4106702888681	101.54801914138676	0.0022985938808575894	1.0001029416984704
2.292792056719091	1.8917580000329794	0.06737901229810225	0.7348964080764937	0.10146696210297679	99.4106702888681	101.54801914138676	0.0022985938808575894	1.0001029416984704
2.292792056719091	1.8917580000329794	0.06737901229810225	0.7348964080764937	0.10146696210297679	99.41032003158229	101.54801914138676	0.0022985938808575894	1.0001029416984704
2.292792056719091	1.8917580000329794	0.06737901229810225	0.7348964080764937	0.1014674194932758	99.41032003158229	101.54801914138676	0.0022985938808575894	1.0001029416984704
2.292792056719091	1.8917580000329794	0.06737901229810225	0.7348964080764937	0.1014674194932758	99.41032003158229	101.54801914138676	0.0023005965385142066	1.0001029416984704
2.2927979222953048	1.8917580000329794	0.06737901229810225	0.7348964080764937	0.1014674194932758	99.41032003158229	101.54801914138676	0.0023005965385142066	1.0001029416984704
2.2927979222953048	1.8917737008904367	0.06737901229810225	0.7348964080764937	0.1014674194932758	99.41032003158229	101.54801914138676	0.0023005965385142066	1.0001029416984704
2.2927979222953048	1.8917737008904367	0.06737901229810225	0.7348964080764937	0.1014674194932758	99.41032003158229	101.54801914138676	0.0023005965385142066	1.0001029416984704
2.2927979222953048	1.8917737008904367	0.06737901229810225	0.7348964080764937	0.1014674194932758	99.41032003158229	101.54801914138676	0.0023005965385142066	1.0001029416984704
2.2927979222953048	1.8917737008904367	0.06737901229810225	0.7348964080764937	0.1014674194932758	99.41032003158229	101.54629184152073	0.0023005965385142066	1.0001029416984704
2.2927979222953048	1.891853940887358	0.06737901229810225	0.7348964080764937	0.1014674194932758	99.41032003158229	101.54629184152073	0.0023005965385142066	1.0001029416984704
2.2927979222953048	1.891853940887358	0.06737901229810225	0.7348964080764937	0.10160149275266127	99.41032003158229	101.54629184152073	0.0023005965385142066	1.0001029416984704
2.2927979222953048	1.891853940887358	0.06737901229810225	0.7348964080764937	0.10160149275266127	99.41032003158229	101.54629184152073	0.0023005965385142066	1.0001029416984704
2.292797884952737	1.891853940887358	0.06737901229810225	0.7348964080764937	0.10160149275266127	99.41032003158229	101.54629184152073	0.0023005965385142066	1.0001029416984704
2.292797884952737	1.891853940887358	0.06737901229810225	0.7349023476468666	0.10160149275266127	99.41032003158229	101.54629184152073	0.0023005965385142066	1.0001029416984704
2.292797884952737	1.891853940887358	0.06737901229810225	0.7349023476468666	0.10160149275266127	99.41032003158229	101.54629184152073	0.0023005965385142066	1.0001029416984704
2.292797884952737	1.891853940887358	0.06737901229810225	0.7349023476468666	0.10160149275266127	99.41032003158229	101.54629184152073	0.0022863486911304945	1.0001029416984704
2.292797884952737	1.891853940887358	0.06737901229810225	0.7349023476468666	0.10160149275266127	99.41032003158229	102.6394595415793	0.0022863486911304945	1.0001029416984704
2.292797884952737	1.891853940887358	0.06737901229810225	0.7349023476468666	0.10160149275266127	99.41032003158229	102.6394595415793	0.002286289788084911	1.0001029416984704
2.292797884952737	1.891853940887358	0.06737901229810225	0.7349023476468666	0.10160140365670375	99.41032003158229	102.6394595415793	0.002286289788084911	1.0001029416984704
2.292797884952737	1.891853940887358	0.06737901229810225	0.7348097041080911	0.10160140365670375	99.41032003158229	102.6394595415793	0.002286289788084911	1.0001029416984704
2.292797884952737	1.891853940887358	0.06737901229810225	0.7348097041080911	0.10160140365670375	99.41032003158229	102.6394595415793	0.0022860912206713424	1.0001029416984704
2.292797884952737	1.891853940887358	0.06737901229810225	0.7348097041080911	0.10160140365670375	99.41032003158229	102.6394595415793	0.0022860912206713424	1.0001029416984704
2.292797884952737	1.891853940887358	0.06737901229810225	0.7348097041080911	0.10160140365670375	99.41032003158229	102.6394595415793	0.0022860912206713424	1.0001040565634023
2.292797884952737	1.891853940887358	0.06737901229810225	0.7348097041080911	0.10160140365670375	99.41032003158229	102.6394595415793	0.002284620972267797	1.0001040565634023
2.292797884952737	1.891853940887358	0.06737901229810225	0.7348097041080911	0.10160140365670375	99.41032003158229	102.6394595415793	0.002284620972267797	1.0001040565634023
2.292797884952737	1.891853940887358	0.06737901229810225	0.7348097041080911	0.10160140365670375	99.41032003158229	102.6394595415793	0.002284620972267797	1.0001040565634023
2.292797884952737	1.891853940887358	0.06737901229810225	0.7348097041080911	0.10160140365670375	99.41032003158229	102.6394595415793	0.002284620972267797	1.0001040565634023
2.292797884952737	1.891853940887358	0.06737901229810225	0.7348097041080911	0.10160140365670375	99.41032003158229	102.6394595415793	0.002284620972267797	1.0001038279113859
2.292797884952737	1.891853940887358	0.06737901229810225	0.7348097041080911	0.10160134620331678	99.41032003158229	102.6394595415793	0.002284620972267797	1.0001038279113859
2.292797884952737	1.891853940887358	0.06737901229810225	0.7348097041080911	0.10160134620331678	99.41032003158229	102.63929259044787	0.002284620972267797	1.0001038279113859
2.292797884952737	1.891853940887358	0.06737901229810225	0.7348097041080911	0.10160134620331678	99.41032003158229	102.63929259044787	0.002284620972267797	1.0001038279113859
2.292797884952737	1.891853940887358	0.06737901229810225	0.7348097041080911	0.10160134620331678	99.41032003158229	102.64141723285985	0.002284620972267797	1.0001038279113859
2.292797884952737	1.891853940887358	0.06737901229810225	0.7348097041080911	0.10160134620331678	99.41016392079071	102.64141723285985	0.002284620972267797	1.0001038279113859
2.292797884952737	1.891853940887358	0.06737901229810225	0.7348097041080911	0.1016015530634409	99.41016392079071	102.64141723285985	0.002284620972267797	1.0001038279113859
2.292797884952737	1.891853940887358	0.06737901229810225	0.7348097041080911	0.1016015530634409	99.41016392079071	102.64141723285985	0.002284620972267797	1.0001038279113859
2.292797884952737	1.891853940887358	0.06737901229810225	0.7348097041080911	0.1016015530634409	99.41016392079071	102.64141723285985	0.002284620972267797	1.0001038279113859
2.292797884952737	1.891853940887358	0.06737901229810225	0.7348097041080911	0.1016015530634409	99.41016392079071	102.64141723285985	0.002284620972267797	1.0001079369136388
2.292797884952737	1.891853940887358	0.06737901229810225	0.7348097041080911	0.1016015530634409	99.41016392079071	102.64141723285985	0.002284620972267797	1.0001079369136388
2.292797884952737	1.891853940887358	0.06737901229810225	0.7348097041080911	0.1016015530634409	99.41016392079071	102.64177672366279	0.002284620972267797	1.0001079369136388
2.292797884952737	1.891853940887358	0.06737901229810225	0.7348097041080911	0.1016015530634409	99.41016392079071	102.64177672366279	0.002280930590068216	1.0001079369136388
2.292797884952737	1.891853940887358	0.06737901229810225	0.7348097041080911	0.1016015530634409	99.41016392079071	102.59431048705622	0.002280930590068216	1.0001079369136388
2.292797884952737	1.891853940887358	0.06737901229810225	0.7348097041080911	0.1016015530634409	99.40232260428044	102.59431048705622	0.002280930590068216	1.0001079369136388
2.292797884952737	1.891853940887358	0.06737901229810225	0.7348097041080911	0.1016015530634409	99.40232260428044	102.59431048705622	0.002280930590068216	1.0001079369136388
2.292797884952737	1.891853940887358	0.06737901229810225	0.7348097041080911	0.1016015530634409	99.40232260428044	102.59431048705622	0.002280930590068216	1.0001079369136388
2.292797884952737	1.8918532199423	0.06737901229810225	0.7348097041080911	0.1016015530634409	99.40232260428044	102.59431048705622	0.002280930590068216	1.0001079369136388
2.292797884952737	1.891833296492806	0.06737901229810225	0.7348097041080911	0.1016015530634409	99.40232260428044	102.59431048705622	0.002280930590068216	1.0001079369136388
2.292797884952737	1.891833296492806	0.06737901229810225	0.7348097041080911	0.1016015530634409	99.40232260428044	100.97005885309362	0.002280930590068216	1.0001079369136388
2.292797884952737	1.891833296492806	0.06737901229810225	0.7348097041080911	0.1016015530634409	99.40232260428044	100.97005885309362	0.0022809421779597114	1.0001079369136388
2.292797884952737	1.891833296492806	0.06737901229810225	0.7348097041080911	0.1016015530634409	99.40232260428044	100.96678265227297	0.0022809421779597114	1.0001079369136388
2.292797884952737	1.891833296492806	0.06737901229810225	0.7348097041080911	0.1016015530634409	99.40232260428044	100.96678265227297	0.0022809421779597114	1.0001079369136388
2.2927423283088526	1.891833296492806	0.06737901229810225	0.7348097041080911	0.1016015530634409	99.40232260428044	100.96678265227297	0.0022809421779597114	1.0001079369136388
2.2927423283088526	1.891833296492806	0.06737901229810225	0.7348097041080911	0.1016015530634409	99.40232260428044	100.96644088374647	0.0022809421779597114	1.0001079369136388
2.2927423283088526	1.891833296492806	0.06737901229810225	0.7348097041080911	0.1016015530634409	99.40232260428044	100.96644088374647	0.0022809421779597114	1.0001079369136388
2.292760912411824	1.891833296492806	0.06737901229810225	0.7348097041080911	0.1016015530634409	99.40232260428044	100.96644088374647	0.0022809421779597114	1.0001079369136388
2.292760912411824	1.891833296492806	0.06737901229810225	0.7348097041080911	0.10183657858892704	99.40232260428044	100.96644088374647	0.0022809421779597114	1.0001079369136388
2.292760912411824	1.891833296492806	0.06737901229810225	0.7348097041080911	0.10183657858892704	99.40232260428044	101.05194489256921	0.0022809421779597114	1.0001079369136388
2.292760912411824	1.891833296492806	0.06737901229810225	0.7348097041080911	0.10183657858892704	99.40232260428044	101.05194489256921	0.0022809421779597114	1.0001079369136388
2.292760912411824	1.891833296492806	0.06737901229810225	0.7348097041080911	0.10183657858892704	99.40232260428044	101.05194489256921	0.0022809421779597114	1.0001079369136388
2.292760912411824	1.891833296492806	0.06737901229810225	0.7348097041080911	0.10183657858892704	99.40232260428044	101.05194489256921	0.0022809421779597114	1.0001069093954573
2.292760912411824	1.891833296492806	0.06737901229810225	0.7348097041080911	0.10183657858892704	99.40232260428044	101.05194489256921	0.0022809421779597114	1.0001069093954573
2.292760912411824	1.891833296492806	0.06737901229810225	0.7348097041080911	0.10183657858892704	99.40232260428044	101.05194489256921	0.0022810204997005543	1.0001069093954573
2.292760912411824	1.891833296492806	0.06737901229810225	0.7348097041080911	0.10183657858892704	99.40232260428044	100.76337753240325	0.0022810204997005543	1.0001069093954573
2.292760912411824	1.891833296492806	0.06737901229810225	0.7348097041080911	0.10183657858892704	99.40232260428044	100.76337753240325	0.0022810204997005543	1.0001069093954573
2.292760912411824	1.891833296492806	0.06737901229810225	0.7348097041080911	0.10183657858892704	99.40232260428044	100.76337753240325	0.0022810204997005543	1.0001069093954573
2.292760912411824	1.891833296492806	0.06737901229810225	0.7348097041080911	0.10183657858892704	99.40232260428044	100.76337753240325	0.0022810204997005543	1.0001069093954573
2.292760912411824	1.891833296492806	0.06737901229810225	0.7348097041080911	0.10183657858892704	99.40232260428044	100.76337753240325	0.0022810204997005543	1.0001069093954573
2.292760912411824	1.8918334268422743	0.06737901229810225	0.7348097041080911	0.10183657858892704	99.40232260428044	100.76337753240325	0.0022810204997005543	1.0001069093954573
2.292760912411824	1.8918334268422743	0.06737901229810225	0.7348097041080911	0.10183657858892704	99.40232260428044	100.76337753240325	0.0022390810943265383	1.0001069093954573
2.292760912411824	1.8918334268422743	0.06737901229810225	0.7348097041080911	0.10183657858892704	99.40232260428044	100.76337753240325	0.0022390810943265383	1.0001069093954573
2.292760912411824	1.8918334268422743	0.06737901229810225	0.7348097041080911	0.10183657858892704	99.40232260428044	100.76337753240325	0.0022390810943265383	1.0001069093954573
2.292760912411824	1.8918334268422743	0.06737901229810225	0.7348097041080911	0.10183657858892704	99.40232260428044	100.76337753240325	0.0022390810943265383	1.0001069093954573
2.292760912411824	1.8918334268422743	0.06737901229810225	0.7348314473901921	0.10183657858892704	99.40232260428044	100.76337753240325	0.0022390810943265383	1.0001069093954573
2.292760912411824	1.8918334268422743	0.06737901229810225	0.7348314473901921	0.10183657858892704	99.40232260428044	100.76337753240325	0.0022390810943265383	1.0001069093954573
2.292760912411824	1.8918334268422743	0.06737901229810225	0.7348314473901921	0.10183657858892704	99.40232260428044	100.76337753240325	0.0022390810943265383	1.0001069093954573
2.292760912411824	1.8918334268422743	0.06737901229810225	0.7348314473901921	0.10183657858892704	99.40232260428044	100.76337753240325	0.0022390810943265383	1.0001069093954573
2.292761974344194	1.8918334268422743	0.06737901229810225	0.7348314473901921	0.10183657858892704	99.40232260428044	100.76337753240325	0.0022390810943265383	1.0001069093954573
2.292761974344194	1.8918334268422743	0.06737901229810225	0.7348314473901921	0.10183657858892704	99.40232260428044	100.76337753240325	0.0022390810943265383	1.000105811979176
2.292761974344194	1.8918334268422743	0.06737901229810225	0.7348314473901921	0.10183657858892704	99.40232260428044	100.76337753240325	0.0022390810943265383	1.000105811979176
2.292761974344194	1.8918334268422743	0.06737901229810225	0.7348314473901921	0.10183657858892704	99.40232260428044	100.76337753240325	0.002345948806581471	1.000105811979176
2.292761974344194	1.8918334268422743	0.06737901229810225	0.7348314473901921	0.10183657858892704	99.40232260428044	100.76337753240325	0.002345948806581471	1.000105811979176
2.292761974344194	1.8918334268422743	0.06737901229810225	0.7348314473901921	0.10183657858892704	99.40232260428044	100.76337753240325	0.002345948806581471	1.000105811979176
2.2928819357705312	1.8918334268422743	0.06737901229810225	0.7348314473901921	0.10183657858892704	99.40232260428044	100.76337753240325	0.002345948806581471	1.000105811979176
2.2928819357705312	1.8918334268422743	0.06737901229810225	0.7348314473901921	0.10183657858892704	99.40232260428044	100.76327046644177	0.002345948806581471	1.000105811979176
2.2928819357705312	1.8918334268422743	0.06737901229810225	0.7348314473901921	0.10183657858892704	99.42227295975317	100.76327046644177	0.002345948806581471	1.000105811979176
2.2928819357705312	1.8918334268422743	0.06737901229810225	0.7348314473901921	0.10183657858892704	99.42227295975317	100.76327046644177	0.002345948806581471	1.000105811979176
2.2928819357705312	1.8918653465690494	0.06737901229810225	0.7348314473901921	0.10183657858892704	99.42227295975317	100.76327046644177	0.002345948806581471	1.000105811979176
2.2928819357705312	1.891865453647929	0.06737901229810225	0.7348314473901921	0.10183657858892704	99.42227295975317	100.76327046644177	0.002345948806581471	1.000105811979176
2.2928819357705312	1.891865453647929	0.06737901229810225	0.7348314473901921	0.10183657858892704	99.42227295975317	100.76327046644177	0.002345948806581471	1.000105811979176
2.2928819357705312	1.891865453647929	0.06737901229810225	0.734839635269499	0.10183657858892704	99.42227295975317	100.76327046644177	0.002345948806581471	1.000105811979176
2.2928819357705312	1.891865453647929	0.06737901229810225	0.734839635269499	0.10183657858892704	99.42227295975317	100.76327046644177	0.002345948806581471	1.000105811979176
2.2928819357705312	1.891865453647929	0.06737901229810225	0.734839635269499	0.10183657858892704	99.42227295975317	100.76327046644177	0.002345948806581471	1.000105811979176
2.2928819357705312	1.891865453647929	0.06737901229810225	0.7348353167554983	0.10183657858892704	99.42227295975317	100.76327046644177	0.002345948806581471	1.000105811979176
2.2928819357705312	1.891865453647929	0.06738025875816712	0.7348353167554983	0.10183657858892704	99.42227295975317	100.76327046644177	0.002345948806581471	1.000105811979176
2.2928819357705312	1.891865453647929	0.06738025875816712	0.7348353167554983	0.10183657858892704	99.42227295975317	100.76327046644177	0.002345948806581471	1.000105811979176
2.2928819357705312	1.891865453647929	0.06738025875816712	0.7348353167554983	0.10183657858892704	99.42227295975317	100.76269987902947	0.002345948806581471	1.000105811979176
2.2928819357705312	1.891865453647929	0.06738025875816712	0.7348353167554983	0.10183657858892704	99.42227295975317	100.76269987902947	0.002345948806581471	1.000105811979176
2.2928819357705312	1.891865453647929	0.06738025875816712	0.7348353167554983	0.10183657858892704	99.42227295975317	100.75323104443956	0.002345948806581471	1.000105811979176
2.2928819357705312	1.891865453647929	0.06738025875816712	0.7348353167554983	0.10183657858892704	99.42227295975317	100.75323104443956	0.002345948806581471	1.000105811979176
2.2928819357705312	1.891865453647929	0.06738025875816712	0.7348353167554983	0.10183657858892704	99.42227295975317	100.75323104443956	0.002345948806581471	1.000105811979176
2.2928819357705312	1.891865453647929	0.06738025875816712	0.7348353167554983	0.10183657858892704	99.42227295975317	100.75323104443956	0.002345948806581471	1.000105811979176
2.2928819357705312	1.891865453647929	0.06738025875816712	0.7348097109427324	0.10183657858892704	99.42227295975317	100.75323104443956	0.002345948806581471	1.000105811979176
2.2928819357705312	1.891865453647929	0.06738025875816712	0.7348097109427324	0.10183657858892704	99.42227295975317	100.69533481294057	0.002345948806581471	1.000105811979176
2.2928819357705312	1.891865453647929	0.06738025875816712	0.7348097109427324	0.10183657858892704	99.42227295975317	100.69533481294057	0.002345948806581471	1.000105811979176
2.2928819357705312	1.891865453647929	0.06738025875816712	0.7348097109427324	0.10183657858892704	99.42227295975317	100.69533481294057	0.0023478982898053643	1.000105811979176
2.2928819357705312	1.891865453647929	0.06738025875816712	0.7348097109427324	0.10183657858892704	99.42227295975317	100.69533481294057	0.0023478982898053643	1.000105811979176
2.2928819357705312	1.8918652400346798	0.06738025875816712	0.7348097109427324	0.10183657858892704	99.42227295975317	100.69533481294057	0.0023478982898053643	1.000105811979176
2.2928819357705312	1.8918652400346798	0.06738025875816712	0.7348097109427324	0.10183657858892704	99.42227295975317	100.69533481294057	0.0023478982898053643	1.000105811979176
2.2928819357705312	1.8918652400346798	0.06738025875816712	0.7348097109427324	0.10183657858892704	99.42227295975317	100.69533481294057	0.0023478982898053643	1.000105811979176
2.2928819357705312	1.8918652400346798	0.06738025875816712	0.7348097109427324	0.10183657858892704	99.42227295975317	100.69533481294057	0.0023478982898053643	1.0001023364172168
2.2928819357705312	1.8918747100585378	0.06738025875816712	0.7348097109427324	0.10183657858892704	99.42227295975317	100.69533481294057	0.0023478982898053643	1.0001023364172168
2.2928819357705312	1.8918747100585378	0.06738025875816712	0.7348097109427324	0.10183697486344252	99.42227295975317	100.69533481294057	0.0023478982898053643	1.0001023364172168
2.2928819357705312	1.8918747100585378	0.06738025875816712	0.7348097109427324	0.10183697486344252	99.42221437263001	100.69533481294057	0.0023478982898053643	1.0001023364172168
2.2928819357705312	1.8918747100585378	0.06738025875816712	0.7348097109427324	0.10183697486344252	99.42221437263001	100.69533481294057	0.0023478982898053643	1.0001023364172168
2.2928819357705312	1.8918747100585378	0.06738025875816712	0.7348097109427324	0.10183697486344252	99.42221437263001	100.69533481294057	0.0023478982898053643	1.0001023364172168
2.2928819357705312	1.8918747100585378	0.06738025875816712	0.7348097109427324	0.101838078043492	99.42221437263001	100.69533481294057	0.0023478982898053643	1.0001023364172168
2.292882131505717	1.8918747100585378	0.06738025875816712	0.7348097109427324	0.101838078043492	99.42221437263001	100.69533481294057	0.0023478982898053643	1.0001023364172168
2.292882131505717	1.8918747100585378	0.06738025875816712	0.7348097109427324	0.101838078043492	99.42221437263001	100.69533481294057	0.0023478982898053643	1.0001023364172168
2.292882131505717	1.8918747100585378	0.06738025875816712	0.7348097109427324	0.101838078043492	99.42221437263001	100.69134808290548	0.0023478982898053643	1.0001023364172168
2.292882131505717	1.8918747100585378	0.06738025875816712	0.7348097109427324	0.101838078043492	99.42221437263001	100.69134808290548	0.0023478982898053643	1.0001023364172168
2.292882131505717	1.8918747100585378	0.06738025875816712	0.7348097109427324	0.101838078043492	99.42221437263001	100.69134808290548	0.0023478982898053643	1.0001023364172168
2.292882131505717	1.8918747100585378	0.06738025875816712	0.7348097109427324	0.101838078043492	99.42221437263001	100.68764880733823	0.0023478982898053643	1.0001023364172168
2.292882131505717	1.8918747100585378	0.06738025875816712	0.7348097109427324	0.101838078043492	99.42221437263001	100.68764880733823	0.0023478982898053643	1.0001023364172168
2.2936635441279054	1.8918747100585378	0.06738025875816712	0.7348097109427324	0.101838078043492	99.42221437263001	100.68764880733823	0.0023478982898053643	1.0001023364172168
2.2936635441279054	1.8918747100585378	0.06738025875816712	0.7348097109427324	0.101838078043492	99.42221437263001	100.68764880733823	0.0023478982898053643	1.0001023364172168
2.2936635441279054	1.8918747100585378	0.06738025875816712	0.7348097109427324	0.10184094525359877	99.42221437263001	100.68764880733823	0.0023478982898053643	1.0001023364172168
2.2936635441279054	1.8918747100585378	0.06738025875816712	0.7347938300834298	0.10184094525359877	99.42221437263001	100.68764880733823	0.0023478982898053643	1.0001023364172168
2.2936635441279054	1.8918747100585378	0.06738025875816712	0.7347938300834298	0.10184094525359877	99.42221437263001	100.68764880733823	0.0023479875094780233	1.0001023364172168
2.2936635441279054	1.891452236837257	0.06738025875816712	0.7347938300834298	0.10184094525359877	99.42221437263001	100.68764880733823	0.0023479875094780233	1.0001023364172168
2.2936635441279054	1.891452236837257	0.06737328606084537	0.7347938300834298	0.10184094525359877	99.42221437263001	100.68764880733823	0.0023479875094780233	1.0001023364172168
2.2936635441279054	1.891452236837257	0.06737328606084537	0.7347938300834298	0.10184094525359877	99.42221437263001	100.68764880733823	0.0023479875094780233	1.0001023364172168
2.2936635441279054	1.891452236837257	0.06737328606084537	0.7347938300834298	0.10184124385127391	99.42221437263001	100.68764880733823	0.0023479875094780233	1.0001023364172168
2.2936590724177117	1.891452236837257	0.06737328606084537	0.7347938300834298	0.10184124385127391	99.42221437263001	100.68764880733823	0.0023479875094780233	1.0001023364172168
2.293648697990421	1.891452236837257	0.06737328606084537	0.7347938300834298	0.10184124385127391	99.42221437263001	100.68764880733823	0.0023479875094780233	1.0001023364172168
2.293648697990421	1.891452236837257	0.06737328606084537	0.7347938300834298	0.10184124385127391	99.42221437263001	100.68764880733823	0.0023479875094780233	1.0001022413607676
2.293648697990421	1.891452236837257	0.06737328606084537	0.7347938300834298	0.10184124385127391	99.42221437263001	100.68764880733823	0.0023479875094780233	1.0001021071002942
2.293648697990421	1.891452236837257	0.06737328606084537	0.7347938300834298	0.10184124385127391	99.42221437263001	100.68764880733823	0.0023479875094780233	1.0001021071002942
2.293648697990421	1.891452236837257	0.06737328606084537	0.7347938300834298	0.10184124385127391	99.42221437263001	100.68764880733823	0.0023479875094780233	1.0001021071002942
2.293648697990421	1.891452236837257	0.06737328606084537	0.7349746789989431	0.10184124385127391	99.42221437263001	100.68764880733823	0.0023479875094780233	1.0001021071002942
2.293648697990421	1.891452236837257	0.06737328606084537	0.7349746789989431	0.10184124385127391	99.42221437263001	100.68764880733823	0.0023479875094780233	1.0001021071002942
2.293648697990421	1.891452236837257	0.06737328606084537	0.7349746789989431	0.10184124385127391	99.42221437263001	100.68764880733823	0.0023479875094780233	1.0001021071002942
2.293648697990421	1.891452236837257	0.06737328606084537	0.7349746789989431	0.10184147790911413	99.42221437263001	100.68764880733823	0.0023479875094780233	1.0001021071002942
2.293648697990421	1.891452236837257	0.06737328606084537	0.7349746789989431	0.10184147790911413	99.42221437263001	100.68764880733823	0.0023479875094780233	1.0001021071002942
2.293648697990421	1.891452236837257	0.06737328606084537	0.7349746789989431	0.10184147790911413	99.42330775509127	100.68764880733823	0.0023479875094780233	1.0001021071002942
2.293648697990421	1.891452236837257	0.06737328606084537	0.7349746789989431	0.10184147790911413	99.42330775509127	100.68764880733823	0.0023479875094780233	1.0001021071002942
2.293648697990421	1.891452236837257	0.06737328606084537	0.7349746789989431	0.10184147790911413	99.42330775509127	100.68764880733823	0.0023479875094780233	1.0001021071002942
2.2943769007638553	1.891452236837257	0.06737328606084537	0.7349746789989431	0.10184147790911413	99.42330775509127	100.68764880733823	0.0023479875094780233	1.0001021071002942
2.2943769007638553	1.891452236837257	0.06737328606084537	0.7349746789989431	0.10184147790911413	99.42285265454584	100.68764880733823	0.0023479875094780233	1.0001021071002942
2.2943769007638553	1.891452236837257	0.06737328606084537	0.7349746789989431	0.10184147790911413	99.42285265454584	100.68764880733823	0.0023479875094780233	1.0001021071002942
2.2943769007638553	1.891452236837257	0.06737328606084537	0.7349746789989431	0.10184147790911413	99.42285265454584	100.68764880733823	0.0023478204573440654	1.0001021071002942
2.2943769007638553	1.891452236837257	0.06737328606084537	0.7349746789989431	0.10184147790911413	99.42285265454584	100.68764880733823	0.0023478204573440654	1.0001021071002942
2.2943769007638553	1.891452236837257	0.06737328606084537	0.7349746789989431	0.10184147790911413	99.42285265454584	100.68764880733823	0.0023478204573440654	1.0001021071002942
2.2943769007638553	1.891452236837257	0.06737328606084537	0.7349746789989431	0.10184345272314048	99.42285265454584	100.68764880733823	0.0023478204573440654	1.0001021071002942
2.2943769007638553	1.891452236837257	0.06737328606084537	0.7349746789989431	0.10184345272314048	99.42285265454584	100.76986866888453	0.0023478204573440654	1.0001021071002942
2.2943769007638553	1.891452236837257	0.06737328606084537	0.7349746789989431	0.10184345272314048	99.42285265454584	100.76986866888453	0.0023478204573440654	1.0001021071002942
2.2943769007638553	1.891452236837257	0.06737328606084537	0.7349746789989431	0.10184345272314048	99.42285265454584	100.76986866888453	0.0023478204573440654	1.0001021071002942
2.2943769007638553	1.891452236837257	0.06738312516167995	0.7349746789989431	0.10184345272314048	99.42285265454584	100.76986866888453	0.0023478204573440654	1.0001021071002942
2.2943769007638553	1.8914284162495516	0.06738312516167995	0.7349746789989431	0.10184345272314048	99.42285265454584	100.76986866888453	0.0023478204573440654	1.0001021071002942
2.2943769007638553	1.8914284162495516	0.06738312516167995	0.7349746789989431	0.10184345272314048	99.42285265454584	101.4491671601072	0.0023478204573440654	1.0001021071002942
2.2943769007638553	1.8914284162495516	0.06738312516167995	0.7349660026910368	0.10184345272314048	99.42285265454584	101.4491671601072	0.0023478204573440654	1.0001021071002942
2.2943769007638553	1.8912598118728727	0.06738312516167995	0.7349660026910368	0.10184345272314048	99.42285265454584	101.4491671601072	0.0023478204573440654	1.0001021071002942
2.2943769007638553	1.8912598118728727	0.06738312516167995	0.7349660026910368	0.10184345272314048	99.42285265454584	101.4491671601072	0.0023610895789670165	1.0001021071002942
2.2943769007638553	1.8912598118728727	0.06738312516167995	0.7349660026910368	0.10184343232979062	99.42285265454584	101.4491671601072	0.0023610895789670165	1.0001021071002942
2.2943769007638553	1.8912598118728727	0.06738312516167995	0.7349660026910368	0.10184343232979062	99.42285265454584	101.4491671601072	0.0023610895789670165	1.0001021071002942
2.2943769007638553	1.8912598118728727	0.06738312516167995	0.7349660026910368	0.10184343232979062	99.42285265454584	101.4491671601072	0.0023610895789670165	1.0001021071002942
2.294378256527603	1.8912598118728727	0.06738312516167995	0.7349660026910368	0.10184343232979062	99.42285265454584	101.4491671601072	0.0023610895789670165	1.0001021071002942
2.294378256527603	1.8912598118728727	0.06738312516167995	0.7349660026910368	0.10184343232979062	99.42285265454584	101.4491671601072	0.0023670777658974618	1.0001021071002942
2.294378256527603	1.8912598118728727	0.06738312516167995	0.7349660026910368	0.10184343232979062	99.42285265454584	101.4491671601072	0.0023670777658974618	1.0001021071002942
2.294378256527603	1.8912598118728727	0.06738312516167995	0.7349660026910368	0.10184343232979062	99.42285265454584	101.47054233388651	0.0023670777658974618	1.0001021071002942
2.294378256527603	1.8912598118728727	0.06738312516167995	0.7349660026910368	0.10184343232979062	99.42285265454584	101.47054233388651	0.0023670777658974618	1.0001021071002942
2.294378256527603	1.8912598118728727	0.06738312516167995	0.7349660026910368	0.10184343232979062	99.42285265454584	101.47054233388651	0.0023670777658974618	1.0001021071002942
2.294378256527603	1.8912598118728727	0.06738312516167995	0.7349660026910368	0.10184343232979062	99.42285265454584	101.47054233388651	0.0023670777658974618	1.0001021071002942
2.294378256527603	1.8912598118728727	0.06738312516167995	0.7349660026910368	0.10184343232979062	99.42285265454584	101.47054233388651	0.0023670777658974618	1.0001021071002942
2.294378256527603	1.8912598118728727	0.06738265944622326	0.7349660026910368	0.10184343232979062	99.42285265454584	101.47054233388651	0.0023670777658974618	1.0001021071002942
2.294378256527603	1.8912598118728727	0.06738265944622326	0.7349660026910368	0.10184351954487272	99.42285265454584	101.47054233388651	0.0023670777658974618	1.0001021071002942
2.294378256527603	1.8912598118728727	0.06738265944622326	0.7349660026910368	0.10184351954487272	99.42285265454584	101.47054233388651	0.0023670777658974618	1.0001021071002942
2.294378256527603	1.8912598118728727	0.06738265944622326	0.7349660026910368	0.10184351954487272	99.42285265454584	101.47054233388651	0.0023670777658974618	1.0001021071002942
2.294378256527603	1.8912598118728727	0.06738265944622326	0.7349660026910368	0.1020610403768552	99.42285265454584	101.47054233388651	0.0023670777658974618	1.0001021071002942
2.294378256527603	1.8912598118728727	0.06738265944622326	0.7349660026910368	0.1020610403768552	99.42285265454584	101.47054233388651	0.0023672377193861074	1.0001021071002942
2.294378256527603	1.8912598118728727	0.06738265944622326	0.7349660026910368	0.1020610403768552	99.42285265454584	101.47054233388651	0.0023672377193861074	1.0001021071002942
2.294378256527603	1.8912598118728727	0.06738265944622326	0.7349660026910368	0.1020610403768552	99.42285265454584	101.47054233388651	0.0023671159263062417	1.0001021071002942
2.294378256527603	1.8912519715923728	0.06738265944622326	0.7349660026910368	0.1020610403768552	99.42285265454584	101.47054233388651	0.0023671159263062417	1.0001021071002942
2.294378256527603	1.8912519715923728	0.06738265944622326	0.7349660026910368	0.1020610403768552	99.42285265454584	101.47054233388651	0.002367382570869107	1.0001021071002942
2.294378256527603	1.8912519715923728	0.06738265944622326	0.7349660026910368	0.1020610403768552	99.42285265454584	101.47054233388651	0.0023720711135247763	1.0001021071002942
2.2943809582453687	1.8912519715923728	0.06738265944622326	0.7349660026910368	0.1020610403768552	99.42285265454584	101.47054233388651	0.0023720711135247763	1.0001021071002942
2.2943809582453687	1.8912519715923728	0.06738265944622326	0.7349660026910368	0.1020610403768552	99.42285265454584	101.47054233388651	0.0023720711135247763	1.0001020698229324
2.2943809582453687	1.8912519715923728	0.06738265944622326	0.7349804700535858	0.1020610403768552	99.42285265454584	101.47054233388651	0.0023720711135247763	1.0001020698229324
2.2943809582453687	1.8912519715923728	0.06738265944622326	0.7349804700535858	0.1020610403768552	99.42285265454584	101.47054233388651	0.0023720711135247763	1.0001020698229324
2.2943809582453687	1.8912519715923728	0.06738265944622326	0.7349804700535858	0.1020610403768552	99.42285265454584	101.47054233388651	0.0023720711135247763	1.0001020698229324
2.2943809582453687	1.8912519715923728	0.06738265944622326	0.7349804700535858	0.1020870765356296	99.42285265454584	101.47054233388651	0.0023720711135247763	1.0001020698229324
2.2943809582453687	1.8912519715923728	0.06738265944622326	0.7349804700535858	0.1020870765356296	99.42285265454584	101.47054233388651	0.0023720711135247763	1.0001020698229324
2.2943809582453687	1.8912519715923728	0.06738265944622326	0.7349804700535858	0.1020870765356296	99.42285265454584	101.47054233388651	0.0023720711135247763	1.000102119652152
2.294348753926041	1.8912519715923728	0.06738265944622326	0.7349804700535858	0.1020870765356296	99.42285265454584	101.47054233388651	0.0023720711135247763	1.000102119652152
2.294348753926041	1.8912519715923728	0.06738265944622326	0.7349804700535858	0.1020870765356296	99.42285265454584	101.47054233388651	0.0023720711135247763	1.000102119652152
2.294348753926041	1.8912531384907285	0.06738265944622326	0.7349804700535858	0.1020870765356296	99.42285265454584	101.47054233388651	0.0023720711135247763	1.000102119652152
2.292236916682409	1.8912531384907285	0.06738265944622326	0.7349804700535858	0.1020870765356296	99.42285265454584	101.47054233388651	0.0023720711135247763	1.000102119652152
2.2923126457043423	1.8912531384907285	0.06738265944622326	0.7349804700535858	0.1020870765356296	99.42285265454584	101.47054233388651	0.0023720711135247763	1.000102119652152
2.2923126457043423	1.8912531384907285	0.06738265944622326	0.7349804700535858	0.10208715122136337	99.42285265454584	101.47054233388651	0.0023720711135247763	1.000102119652152
2.2923174600067533	1.8912531384907285	0.06738265944622326	0.7349804700535858	0.10208715122136337	99.42285265454584	101.47054233388651	0.0023720711135247763	1.000102119652152
2.2923174600067533	1.8912531384907285	0.06738265944622326	0.7349804700535858	0.10208715122136337	99.42285265454584	101.47054233388651	0.0023720711135247763	1.000102119652152
2.2923174600067533	1.8912531384907285	0.06738265944622326	0.7349804700535858	0.10208715122136337	99.42285265454584	101.47054233388651	0.0023720711135247763	1.000102119652152
2.2923174600067533	1.8913457935922127	0.06738265944622326	0.7349804700535858	0.10208715122136337	99.42285265454584	101.47054233388651	0.0023720711135247763	1.000102119652152
2.2923174600067533	1.8913457935922127	0.06738265944622326	0.7349804700535858	0.10208715122136337	99.42285265454584	101.47054233388651	0.0023718250988830855	1.000102119652152
2.2916575279034475	1.8913457935922127	0.06738265944622326	0.7349804700535858	0.10208715122136337	99.42285265454584	101.47054233388651	0.0023718250988830855	1.000102119652152
2.2916575279034475	1.8913457935922127	0.06738265944622326	0.7349804700535858	0.10208715122136337	99.42285265454584	101.47054233388651	0.0023718250988830855	1.000102119652152
2.2916575279034475	1.8913457935922127	0.06738265944622326	0.7349804700535858	0.10208715122136337	99.42285265454584	101.47054233388651	0.0023718250988830855	1.000102119652152
2.2916575279034475	1.8913457935922127	0.06738265944622326	0.7349804700535858	0.10208715122136337	99.42285265454584	101.47054233388651	0.0023718250988830855	1.000102119652152
2.2916575279034475	1.8913613280389432	0.06738265944622326	0.7349804700535858	0.10208715122136337	99.42285265454584	101.47054233388651	0.0023718250988830855	1.000102119652152
2.2916575279034475	1.8913613280389432	0.06738265944622326	0.7349804700535858	0.10208715122136337	99.42285265454584	101.47054233388651	0.0023711614508592728	1.000102119652152
2.2916575279034475	1.8913613280389432	0.06738265944622326	0.7349804700535858	0.10208715122136337	99.42285265454584	101.47054233388651	0.0023106714943861807	1.000102119652152
2.2916575279034475	1.8913613280389432	0.06738265944622326	0.7349804700535858	0.10208715122136337	99.39677600093269	101.47054233388651	0.0023106714943861807	1.000102119652152
2.2916575279034475	1.8913613280389432	0.06738265944622326	0.7349804700535858	0.10208715122136337	99.39677600093269	101.47054233388651	0.0023106714943861807	1.000102119652152
2.2916575279034475	1.8913613280389432	0.06738265944622326	0.7349804700535858	0.10208715122136337	99.39677600093269	101.47054233388651	0.0023106714943861807	1.000102119652152
2.2916575279034475	1.8913613280389432	0.06744935058343383	0.7349804700535858	0.10208715122136337	99.39677600093269	101.47054233388651	0.0023106714943861807	1.000102119652152
2.2916575279034475	1.8913613280389432	0.06744935058343383	0.7349804700535858	0.10208715122136337	99.39677600093269	101.47054233388651	0.0023106714943861807	1.000102119652152
2.2916575279034475	1.8913785332315107	0.06744935058343383	0.7349804700535858	0.10208715122136337	99.39677600093269	101.47054233388651	0.0023106714943861807	1.000102119652152
2.2916575279034475	1.8913785332315107	0.06744935058343383	0.7349804700535858	0.10208715122136337	99.39677600093269	101.47054233388651	0.0023106714943861807	1.000102119652152
2.2916575279034475	1.8913785332315107	0.06744935058343383	0.7349804700535858	0.10208715122136337	99.39677600093269	101.46516155012813	0.0023106714943861807	1.000102119652152
2.2916575279034475	1.8913785332315107	0.06744935058343383	0.7349804700535858	0.10208715122136337	99.39677600093269	101.46516155012813	0.0023106714943861807	1.000102119652152
2.2916575279034475	1.8913785332315107	0.06744935058343383	0.7349804700535858	0.10208715122136337	99.39677600093269	101.46516155012813	0.0023106714943861807	1.000102119652152
2.2916575279034475	1.8913785332315107	0.06744935058343383	0.7349804700535858	0.10208715122136337	99.39677600093269	101.49112727895414	0.0023106714943861807	1.000102119652152
2.2916575279034475	1.8913785332315107	0.06744935058343383	0.7349804700535858	0.10208715122136337	99.39677600093269	101.49112727895414	0.0023106714943861807	1.000102119652152
2.2916575279034475	1.8913785332315107	0.06744935058343383	0.7349804700535858	0.1020871495593744	99.39677600093269	101.49112727895414	0.0023106714943861807	1.000102119652152
2.2916575279034475	1.8913785332315107	0.06744935058343383	0.7349804700535858	0.1020871495593744	99.39677600093269	101.49112727895414	0.0023106714943861807	1.000102119652152
2.2916575279034475	1.8913785332315107	0.06744935058343383	0.7349804700535858	0.1020871495593744	99.39677600093269	101.49112727895414	0.0023106714943861807	1.000102119652152
2.2916575279034475	1.8913785332315107	0.06744935058343383	0.7349804700535858	0.10213008315357304	99.39677600093269	101.49112727895414	0.0023106714943861807	1.000102119652152
2.2916575279034475	1.8913785332315107	0.06744935058343383	0.7349804700535858	0.10213008315357304	99.39677600093269	101.48989097630914	0.0023106714943861807	1.000102119652152
2.2916575279034475	1.8913785332315107	0.06744935058343383	0.7349804700535858	0.10213008315357304	99.39677600093269	100.71516383845058	0.0023106714943861807	1.000102119652152
2.2916575279034475	1.8913785332315107	0.06744935058343383	0.7349804700535858	0.10213008315357304	99.39677600093269	100.71516383845058	0.0023106714943861807	1.000102119652152
2.2916575279034475	1.8913785332315107	0.06744935058343383	0.7349804700535858	0.10213008315357304	99.39677600093269	100.71516383845058	0.0023106714943861807	1.0001021987733523
2.2916575279034475	1.8913785332315107	0.06744935058343383	0.7349804700535858	0.10213008315357304	99.39677600093269	100.71516383845058	0.0023106714943861807	1.0001021987733523
2.2916575279034475	1.8913785332315107	0.06744935058343383	0.7349804700535858	0.10213008315357304	99.39677600093269	100.71516383845058	0.0023106714943861807	1.0001021987733523
2.2916575279034475	1.8913785332315107	0.06744935058343383	0.7349804700535858	0.10213008315357304	99.39677600093269	100.71516383845058	0.0023106714943861807	1.0001021987733523
2.2916575279034475	1.8913785332315107	0.06744935058343383	0.7349804700535858	0.10213008315357304	99.39677600093269	100.71516383845058	0.0023125181685451526	1.0001021987733523
2.2916575279034475	1.8913785332315107	0.06744935058343383	0.7349804700535858	0.10213008315357304	99.39677600093269	100.71516383845058	0.0023125181685451526	1.0001021987733523
2.2916575279034475	1.8913785332315107	0.06744935058343383	0.7349804700535858	0.10212870682649373	99.39677600093269	100.71516383845058	0.0023125181685451526	1.0001021987733523
2.2916575279034475	1.8913785332315107	0.06744935058343383	0.7349804700535858	0.10212870682649373	99.39677600093269	100.71516383845058	0.0023125181685451526	1.0001021987733523
2.2916575279034475	1.8913936356093635	0.06744935058343383	0.7349804700535858	0.10212870682649373	99.39677600093269	100.71516383845058	0.0023125181685451526	1.0001021987733523
2.2916575279034475	1.8913936356093635	0.06744935058343383	0.7349804700535858	0.10212870682649373	99.39677600093269	100.71516383845058	0.0023125181685451526	1.0001021987733523
2.291654702020342	1.8913936356093635	0.06744935058343383	0.7349804700535858	0.10212870682649373	99.39677600093269	100.71516383845058	0.0023125181685451526	1.0001021987733523
2.2916683410298537	1.8913936356093635	0.06744935058343383	0.7349804700535858	0.10212870682649373	99.39677600093269	100.71516383845058	0.0023125181685451526	1.0001021987733523
2.2916683410298537	1.8913936356093635	0.06744935058343383	0.7349831761295407	0.10212870682649373	99.39677600093269	100.71516383845058	0.0023125181685451526	1.0001021987733523
2.2916683410298537	1.8913936356093635	0.06744935058343383	0.7349831761295407	0.10212870682649373	99.39677600093269	100.71312055818784	0.0023125181685451526	1.0001021987733523
2.2916683410298537	1.8913936356093635	0.06744935058343383	0.7349831761295407	0.10212870682649373	99.39677600093269	100.71312055818784	0.0023125181685451526	1.0001021987733523
2.2916683410298537	1.8913936356093635	0.06744935058343383	0.7349831761295407	0.10212870682649373	99.39677600093269	100.71312055818784	0.0023125181685451526	1.0001021987733523
2.2916683410298537	1.891394587345972	0.06744935058343383	0.7349831761295407	0.10212870682649373	99.39677600093269	100.71312055818784	0.0023125181685451526	1.0001021987733523
2.2916683410298537	1.891394587345972	0.06744935058343383	0.7349831761295407	0.10212870682649373	99.39677600093269	100.71312055818784	0.0023125181685451526	1.0001021987733523
2.2916683410298537	1.891394587345972	0.06744935058343383	0.7348322217289796	0.10212870682649373	99.39677600093269	100.71312055818784	0.0023125181685451526	1.0001021987733523
2.2916683410298537	1.891394587345972	0.06744935058343383	0.7348322217289796	0.10212870682649373	99.39677600093269	100.71312055818784	0.0023125181685451526	1.0001021987733523
2.2916683410298537	1.891394587345972	0.06744935058343383	0.7348322217289796	0.10212735178004395	99.39677600093269	100.71312055818784	0.0023125181685451526	1.0001021987733523
2.2916683410298537	1.891394587345972	0.06744935058343383	0.7348322217289796	0.10212864489196373	99.39677600093269	100.71312055818784	0.0023125181685451526	1.0001021987733523
2.2916683410298537	1.891394587345972	0.06744935058343383	0.7348322217289796	0.10212864489196373	99.39677600093269	100.71312055818784	0.0023125181685451526	1.0001021987733523
2.2916683410298537	1.891394587345972	0.06744935058343383	0.7348322217289796	0.10212864489196373	99.39677600093269	100.71312055818784	0.0023125181685451526	1.0001021987733523
2.2916683410298537	1.891394587345972	0.06744935058343383	0.7348322217289796	0.10212864489196373	99.39524965858311	100.71312055818784	0.0023125181685451526	1.0001021987733523
2.2916683410298537	1.891394587345972	0.06744935058343383	0.7348357616500522	0.10212864489196373	99.39524965858311	100.71312055818784	0.0023125181685451526	1.0001021987733523
2.2916683410298537	1.891394587345972	0.06744935058343383	0.7348357616500522	0.10212864489196373	99.39524965858311	100.71312055818784	0.0023125181685451526	1.00010167856385
2.2916683410298537	1.891394587345972	0.06744935058343383	0.7348357616500522	0.10212864489196373	99.39524965858311	100.71312055818784	0.0023125181685451526	1.0001003169091343
2.2916683410298537	1.891394587345972	0.06744935058343383	0.7348357616500522	0.10212864489196373	99.39524965858311	100.71312055818784	0.0023125181685451526	1.0001003169091343
2.2916683410298537	1.891394587345972	0.06744935058343383	0.7348874915696779	0.10212864489196373	99.39524965858311	100.71312055818784	0.0023125181685451526	1.0001003169091343
2.2916683410298537	1.891394587345972	0.06744935058343383	0.7348874915696779	0.10212864489196373	99.39524965858311	100.71312055818784	0.0023125181685451526	1.0001003169091343
2.2916683410298537	1.891394587345972	0.06744935058343383	0.7348874915696779	0.10213246091067014	99.39524965858311	100.71312055818784	0.0023125181685451526	1.0001003169091343
2.2916683410298537	1.891394587345972	0.06744935058343383	0.7348874915696779	0.10213246091067014	99.39524965858311	100.71312055818784	0.0023889701168207937	1.0001003169091343
2.2916683410298537	1.891394587345972	0.06744935058343383	0.7348874915696779	0.10213246091067014	99.39524965858311	100.71312055818784	0.0023889701168207937	1.0001003169091343
2.2916683410298537	1.891394587345972	0.06744935058343383	0.7348874915696779	0.10213246091067014	99.39524965858311	100.71312055818784	0.0023889701168207937	1.0001003169091343
2.2916683410298537	1.891394587345972	0.06744935058343383	0.7348874915696779	0.10213246091067014	99.39524965858311	100.71312055818784	0.002390660185463498	1.0001003169091343
2.2916683410298537	1.891394587345972	0.06744935058343383	0.7348874915696779	0.10213244109468325	99.39524965858311	100.71312055818784	0.002390660185463498	1.0001003169091343
2.2916683410298537	1.891394587345972	0.06744935058343383	0.7348874915696779	0.10213244109468325	99.39524965858311	100.71312055818784	0.002390133634539888	1.0001003169091343
2.2916683410298537	1.891394587345972	0.06744935058343383	0.7348874915696779	0.10213244109468325	99.39524965858311	100.71312055818784	0.002390133634539888	1.0001003169091343
2.2916683410298537	1.891394587345972	0.06743765360193611	0.7348874915696779	0.10213244109468325	99.39524965858311	100.71312055818784	0.002390133634539888	1.0001003169091343
2.2916683410298537	1.891394587345972	0.06743765360193611	0.7348874915696779	0.10213244109468325	99.39524965858311	100.71312055818784	0.002390133634539888	1.0001003169091343
2.2916683410298537	1.891394587345972	0.06743765360193611	0.7348874915696779	0.10213244109468325	99.39524965858311	100.71312055818784	0.002390133634539888	1.0001003169091343
2.2916666331210642	1.891394587345972	0.06743765360193611	0.7348874915696779	0.10213244109468325	99.39524965858311	100.71312055818784	0.002390133634539888	1.0001003169091343
2.2916666331210642	1.8914636125000663	0.06743765360193611	0.7348874915696779	0.10213244109468325	99.39524965858311	100.71312055818784	0.002390133634539888	1.0001003169091343
2.2916666331210642	1.8914636125000663	0.06743765360193611	0.7348874915696779	0.10213244109468325	99.39524965858311	100.71312055818784	0.002390133634539888	1.0001003169091343
2.2916666331210642	1.8914636125000663	0.06743765360193611	0.7348874915696779	0.10213244109468325	99.39524965858311	100.71312055818784	0.002390133634539888	1.0001004576283863
2.2916655747481816	1.8914636125000663	0.06743765360193611	0.7348874915696779	0.10213244109468325	99.39524965858311	100.71312055818784	0.002390133634539888	1.0001004576283863
2.2916655747481816	1.8914636125000663	0.06743765360193611	0.7348874915696779	0.10213244109468325	99.39524965858311	100.71312055818784	0.002390133634539888	1.0001004576283863
2.2916655747481816	1.8914636125000663	0.06743765360193611	0.7348874915696779	0.10213244109468325	99.39524965858311	100.71312055818784	0.002390133634539888	1.0001004576283863
2.2916655747481816	1.8914636125000663	0.06743765360193611	0.7348874915696779	0.10213244109468325	99.39524965858311	100.71285883072039	0.002390133634539888	1.0001004576283863
2.2916655747481816	1.8914636125000663	0.06742415511571805	0.7348874915696779	0.10213244109468325	99.39524965858311	100.71285883072039	0.002390133634539888	1.0001004576283863
2.2916655747481816	1.8914636125000663	0.06742415511571805	0.7348874915696779	0.10213244109468325	99.39524965858311	100.71285883072039	0.002390072693472815	1.0001004576283863
2.2916655747481816	1.8914636125000663	0.06742712886746105	0.7348874915696779	0.10213244109468325	99.39524965858311	100.71285883072039	0.002390072693472815	1.0001004576283863
2.2916655747481816	1.8914636125000663	0.06742712886746105	0.7348874915696779	0.10213244109468325	99.39524965858311	100.71285883072039	0.002390072693472815	1.0001004576283863
2.2916655747481816	1.8916073216153957	0.06742712886746105	0.7348874915696779	0.10213244109468325	99.39524965858311	100.71285883072039	0.002390072693472815	1.0001004576283863
2.2916655747481816	1.8916073216153957	0.06742712886746105	0.7348874915696779	0.10213244109468325	99.39524965858311	100.71285883072039	0.002390072693472815	1.0001004576283863
2.2916655747481816	1.8916073216153957	0.06742712886746105	0.7348874915696779	0.10213244109468325	99.39524965858311	100.71285883072039	0.002390072693472815	1.0001004576283863
2.2916655747481816	1.8916073216153957	0.06742712886746105	0.7348874915696779	0.10213244109468325	99.39524965858311	100.71285883072039	0.0024148815032983715	1.0001004576283863
2.2916655747481816	1.8916073216153957	0.06742712886746105	0.7348874915696779	0.10213244109468325	99.39524965858311	100.71285883072039	0.0024148815032983715	1.0001004576283863
2.2916640752827075	1.8916073216153957	0.06742712886746105	0.7348874915696779	0.10213244109468325	99.39524965858311	100.71285883072039	0.0024148815032983715	1.0001004576283863
2.2916640752827075	1.8916073216153957	0.06742712886746105	0.7348874915696779	0.10213244109468325	99.39524965858311	100.71285883072039	0.0024148815032983715	1.0001004576283863
2.2916632638583327	1.8916073216153957	0.06742712886746105	0.7348874915696779	0.10213244109468325	99.39524965858311	100.71285883072039	0.0024148815032983715	1.0001004576283863
2.2867509539409547	1.8916073216153957	0.06742712886746105	0.7348874915696779	0.10213244109468325	99.39524965858311	100.71285883072039	0.0024148815032983715	1.0001004576283863
2.2867509539409547	1.8916073216153957	0.06742712886746105	0.7348874915696779	0.10212970490834532	99.39524965858311	100.71285883072039	0.0024148815032983715	1.0001004576283863
2.2867509539409547	1.8916115655544068	0.06742712886746105	0.7348874915696779	0.10212970490834532	99.39524965858311	100.71285883072039	0.0024148815032983715	1.0001004576283863
2.2867509539409547	1.8916115655544068	0.06742712886746105	0.7348874915696779	0.10212970490834532	99.39524965858311	100.71285883072039	0.002414880206480325	1.0001004576283863
2.2867509539409547	1.8916115655544068	0.06742712886746105	0.7348874915696779	0.10212970490834532	99.39524965858311	100.71285883072039	0.002421519529577231	1.0001004576283863
2.2867509539409547	1.8916115655544068	0.06742712886746105	0.7348874915696779	0.10212970490834532	99.39524965858311	100.71285883072039	0.002421519529577231	1.0001004576283863
2.2867509539409547	1.8916115655544068	0.06742712886746105	0.7348874915696779	0.10212970490834532	99.39524965858311	100.71285883072039	0.002421519529577231	1.0001004576283863
2.2867509539409547	1.8916115655544068	0.06742712886746105	0.7348824832020159	0.10212970490834532	99.39524965858311	100.71285883072039	0.002421519529577231	1.0001004576283863
2.2867509539409547	1.8916115655544068	0.06742712886746105	0.7348824832020159	0.10212970490834532	99.39524965858311	100.71285883072039	0.002421519529577231	1.0001004576283863
2.2867509539409547	1.8868689819753937	0.06742712886746105	0.7348824832020159	0.10212970490834532	99.39524965858311	100.71285883072039	0.002421519529577231	1.0001004576283863
2.2867509539409547	1.8868689819753937	0.06742712886746105	0.7348824832020159	0.10212970490834532	99.39564531044013	100.71285883072039	0.002421519529577231	1.0001004576283863
2.2867509539409547	1.8868689819753937	0.06742712886746105	0.7348824832020159	0.10212970490834532	99.39564531044013	100.71285883072039	0.0024339698502298082	1.0001004576283863
2.2867509539409547	1.8868689819753937	0.06742712886746105	0.7348824832020159	0.10212970490834532	99.39564531044013	100.71285883072039	0.0024339698502298082	1.0001018601694278
2.2867509539409547	1.8868689819753937	0.06742712886746105	0.7348824832020159	0.10212970490834532	99.39564531044013	100.71285883072039	0.0024339698502298082	1.0001018601694278
2.2867509539409547	1.8868689819753937	0.06742712886746105	0.7348824832020159	0.10212970490834532	99.39564531044013	100.71285883072039	0.0024339698502298082	1.0001018601694278
2.2867509539409547	1.8868694026568278	0.06742712886746105	0.7348824832020159	0.10212970490834532	99.39564531044013	100.71285883072039	0.0024339698502298082	1.0001018601694278
2.2867509539409547	1.8868694026568278	0.06737265404532383	0.7348824832020159	0.10212970490834532	99.39564531044013	100.71285883072039	0.0024339698502298082	1.0001018601694278
2.2867509539409547	1.8868694026568278	0.06737265404532383	0.7348824832020159	0.10212970490834532	99.39564531044013	100.71226534245797	0.0024339698502298082	1.0001018601694278
2.2867509539409547	1.8868694026568278	0.06737265404532383	0.7348824832020159	0.10212970490834532	99.39564531044013	100.71226534245797	0.0024339698502298082	1.0001018601694278
2.2867509539409547	1.8868694026568278	0.06737265404532383	0.7348824832020159	0.10212970490834532	99.39564531044013	100.71226534245797	0.0024339698502298082	1.0001018601694278
2.2867493134989747	1.8868694026568278	0.06737265404532383	0.7348824832020159	0.10212970490834532	99.39564531044013	100.71226534245797	0.0024339698502298082	1.0001018601694278
2.2867493134989747	1.8868694026568278	0.06737265404532383	0.7348824832020159	0.10212970490834532	99.39564531044013	100.71226534245797	0.0024339698502298082	1.0001018601694278
2.2867493134989747	1.8868694026568278	0.06737265404532383	0.7348824832020159	0.1021343311659153	99.39564531044013	100.71226534245797	0.0024339698502298082	1.0001018601694278
2.2867493134989747	1.8868694026568278	0.06737265404532383	0.7348824832020159	0.1021343311659153	99.39564531044013	100.71226534245797	0.0024339698502298082	1.0001018601694278
2.2867493134989747	1.8868694026568278	0.06737265404532383	0.7348824832020159	0.1021343311659153	99.39564531044013	100.71226534245797	0.0024339698502298082	1.0001018601694278
2.2867493134989747	1.8868694026568278	0.06737265404532383	0.7348824832020159	0.1021343311659153	99.39564531044013	100.71226534245797	0.0024339698502298082	1.0001018601694278
2.2867493134989747	1.8868694026568278	0.06737265404532383	0.7348824832020159	0.1021343311659153	99.39564531044013	100.71226534245797	0.0024339698502298082	1.0001018601694278
2.2867493134989747	1.8868694026568278	0.06737265404532383	0.7348824832020159	0.1021343311659153	99.39564531044013	100.71226534245797	0.0024339698502298082	1.0001018601694278
2.2867493134989747	1.8868694026568278	0.06737265404532383	0.7348824832020159	0.1021343311659153	99.39564531044013	100.71226534245797	0.0024339698502298082	1.0001018601694278
2.2867493134989747	1.886867225372063	0.06737265404532383	0.7348824832020159	0.1021343311659153	99.39564531044013	100.71226534245797	0.0024339698502298082	1.0001018601694278
2.2867493134989747	1.886867225372063	0.06737265404532383	0.7348824832020159	0.1021343311659153	99.39564531044013	100.71226534245797	0.0024339698502298082	1.0001018601694278
2.2867493134989747	1.886867225372063	0.06737265404532383	0.7348824832020159	0.1021343311659153	99.39564531044013	100.71226534245797	0.0024339698502298082	1.0001018601694278
2.2867493134989747	1.886867225372063	0.06737265404532383	0.7346472904137568	0.1021343311659153	99.39564531044013	100.71226534245797	0.0024339698502298082	1.0001018601694278
2.2867493134989747	1.886867225372063	0.06737265404532383	0.7346472904137568	0.1021343311659153	99.39564531044013	100.71226534245797	0.0024339698502298082	1.0001019454149127
2.2867493134989747	1.886867225372063	0.06737265404532383	0.7346472904137568	0.1021343311659153	99.39564531044013	100.71226534245797	0.0024339698502298082	1.0001019454149127
2.2867493134989747	1.886867225372063	0.06737265404532383	0.7346219850999394	0.1021343311659153	99.39564531044013	100.71226534245797	0.0024339698502298082	1.0001019454149127
2.2867493134989747	1.886867225372063	0.06737265404532383	0.7346219850999394	0.1021343311659153	99.39564531044013	100.71226534245797	0.0024339698502298082	1.0001019454149127
2.2867493134989747	1.8868615285754013	0.06737265404532383	0.7346219850999394	0.1021343311659153	99.39564531044013	100.71226534245797	0.0024339698502298082	1.0001019454149127
2.2867493134989747	1.8868615285754013	0.06737265404532383	0.7346219850999394	0.1021343311659153	99.39564531044013	100.71226534245797	0.0024339698502298082	1.0001019454149127
2.2867493134989747	1.8868615285754013	0.06737265404532383	0.7346219850999394	0.1021343311659153	99.39564531044013	100.71226534245797	0.0024339698502298082	1.0001019454149127
2.2867493134989747	1.8868615285754013	0.06737265404532383	0.7346219850999394	0.1021343311659153	99.39564531044013	100.71226534245797	0.0024339698502298082	1.0001019454149127
2.2867493134989747	1.8868615285754013	0.06737265404532383	0.7346219850999394	0.1021343311659153	99.40589647358665	100.71226534245797	0.0024339698502298082	1.0001019454149127
2.2864275729540156	1.8868615285754013	0.06737265404532383	0.7346219850999394	0.1021343311659153	99.40589647358665	100.71226534245797	0.0024339698502298082	1.0001019454149127
2.2864275729540156	1.8868615285754013	0.06737265404532383	0.7346219850999394	0.1021343311659153	99.40589647358665	100.71226534245797	0.0024339698502298082	1.0001019454149127
2.2864275729540156	1.8868615285754013	0.06737265404532383	0.7346219850999394	0.1021343311659153	99.40677691202563	100.71226534245797	0.0024339698502298082	1.0001019454149127
2.2864275729540156	1.8868615285754013	0.06737265404532383	0.7346219850999394	0.1021343311659153	99.40677691202563	100.71453602522817	0.0024339698502298082	1.0001019454149127
2.2864275729540156	1.8868615285754013	0.06737265404532383	0.7346219850999394	0.1021343311659153	99.40677691202563	100.71453602522817	0.002442965198442777	1.0001019454149127
2.2864275729540156	1.8868615285754013	0.06737265404532383	0.7346219850999394	0.1021343311659153	99.40677691202563	100.71453602522817	0.002442965198442777	1.0001019454149127
2.2864412481293397	1.8868615285754013	0.06737265404532383	0.7346219850999394	0.1021343311659153	99.40677691202563	100.71453602522817	0.002442965198442777	1.0001019454149127
2.2864412481293397	1.8868615285754013	0.06733550465173095	0.7346219850999394	0.1021343311659153	99.40677691202563	100.71453602522817	0.002442965198442777	1.0001019454149127
2.2864412481293397	1.8868615285754013	0.06733550465173095	0.7346219850999394	0.1021343311659153	99.40677691202563	100.71453602522817	0.00244287234701635	1.0001019454149127
2.2864412481293397	1.8868615285754013	0.06733550465173095	0.7346219850999394	0.1021343311659153	99.40677691202563	100.71453602522817	0.00244287234701635	1.0001019454149127
2.2864906400159417	1.8868615285754013	0.06733550465173095	0.7346219850999394	0.1021343311659153	99.40677691202563	100.71453602522817	0.00244287234701635	1.0001019454149127
2.2864906400159417	1.8868615285754013	0.06733550465173095	0.7346219850999394	0.1021343311659153	99.40677691202563	100.71453602522817	0.00244287234701635	1.0001019454149127
2.2864906400159417	1.8868615285754013	0.06733550465173095	0.7346219850999394	0.1021343311659153	99.40677691202563	100.71453602522817	0.00244287234701635	1.0001019454149127
2.2864906400159417	1.8868615285754013	0.06733550465173095	0.7346219850999394	0.1021343311659153	99.40677691202563	100.71453602522817	0.00244287234701635	1.0001019454149127
2.2864906400159417	1.8868615285754013	0.06733550465173095	0.7346219850999394	0.1021343311659153	99.40677691202563	100.71453602522817	0.0024380898084595285	1.0001019454149127
2.2864906400159417	1.8868615285754013	0.06733550465173095	0.7346219850999394	0.1021343311659153	99.40677691202563	100.71453602522817	0.0024380898084595285	1.0001019454149127
2.2864932827508553	1.8868615285754013	0.06733550465173095	0.7346219850999394	0.1021343311659153	99.40677691202563	100.71453602522817	0.0024380898084595285	1.0001019454149127
2.2864932827508553	1.8868615285754013	0.06733550465173095	0.7346219850999394	0.1021343311659153	99.40677691202563	100.71453602522817	0.0024380898084595285	1.0001019454149127
2.2864831766435265	1.8868615285754013	0.06733550465173095	0.7346219850999394	0.1021343311659153	99.40677691202563	100.71453602522817	0.0024380898084595285	1.0001019454149127
2.2864831766435265	1.8868615285754013	0.06733550465173095	0.7346219850999394	0.1021343311659153	99.40677691202563	100.71453602522817	0.0024380898084595285	1.0001019454149127
2.2864831766435265	1.8868615285754013	0.06733550465173095	0.7346219850999394	0.1021343311659153	99.40677691202563	100.71453602522817	0.0024380898084595285	1.000100378424703
2.2864831766435265	1.8868615285754013	0.06733550465173095	0.7346219850999394	0.1021343311659153	99.40677691202563	100.71453602522817	0.0024671180788582	1.000100378424703
2.2864831766435265	1.8868615285754013	0.06733550465173095	0.7346219850999394	0.1021343311659153	99.40677691202563	100.68133856391906	0.0024671180788582	1.000100378424703
2.2864831766435265	1.8868615285754013	0.06733550465173095	0.7346219850999394	0.1021343311659153	99.40677691202563	100.68133856391906	0.0024671180788582	1.000100378424703
2.2864831766435265	1.8868615285754013	0.06733550465173095	0.7346219850999394	0.1021343311659153	99.40677691202563	100.68133856391906	0.0024671180788582	1.000100378424703
2.2864831766435265	1.8868615285754013	0.06733550465173095	0.7346219850999394	0.10213353595693872	99.40677691202563	100.68133856391906	0.0024671180788582	1.000100378424703
2.2864831766435265	1.8868615285754013	0.06733550465173095	0.7346219850999394	0.10213353595693872	99.40677691202563	100.6805356002201	0.0024671180788582	1.000100378424703
2.2864831766435265	1.8868615285754013	0.06733550465173095	0.7346219850999394	0.10209613443976286	99.40677691202563	100.6805356002201	0.0024671180788582	1.000100378424703
2.2864831766435265	1.8868615285754013	0.06733550465173095	0.7346219850999394	0.10209613443976286	99.40677691202563	100.6805356002201	0.0024671180788582	1.000100378424703
2.2864831766435265	1.8868615285754013	0.06733550465173095	0.7346219850999394	0.10207773581072879	99.40677691202563	100.6805356002201	0.0024671180788582	1.000100378424703
2.2864831766435265	1.8865834889072373	0.06733550465173095	0.7346219850999394	0.10207773581072879	99.40677691202563	100.6805356002201	0.0024671180788582	1.000100378424703
2.2864831766435265	1.8865834889072373	0.06733550465173095	0.7346219850999394	0.10207773581072879	99.40677691202563	100.6805356002201	0.0024671180788582	1.0001004610533346
2.2864831766435265	1.8865834889072373	0.06733550465173095	0.7346219850999394	0.10207773581072879	99.40677691202563	100.6805356002201	0.0024671180788582	1.0001004253216783
2.2864831766435265	1.8865834889072373	0.06733550465173095	0.7346219850999394	0.10207773581072879	99.40677691202563	100.6805356002201	0.0024671180788582	1.0001004253216783
2.2864831766435265	1.8865834889072373	0.06733550465173095	0.7346160998276315	0.10207773581072879	99.40677691202563	100.6805356002201	0.0024671180788582	1.0001004253216783
2.2864831766435265	1.8865834889072373	0.06733550465173095	0.7346160998276315	0.10207773581072879	99.40677691202563	100.6805356002201	0.0024671180788582	1.0001004253216783
2.2864831766435265	1.8865834889072373	0.06733550465173095	0.7346160998276315	0.10207773581072879	99.40677691202563	100.6805356002201	0.0024671180788582	1.0001004253216783
2.2864831766435265	1.8865834889072373	0.06733550465173095	0.7346160998276315	0.10207773581072879	99.40677293505476	100.6805356002201	0.0024671180788582	1.0001004253216783
2.2864831766435265	1.8865834889072373	0.06733550465173095	0.7346160998276315	0.10207773581072879	99.40677293505476	100.6805356002201	0.0024671180788582	1.0001004253216783
2.2864831766435265	1.8865834889072373	0.06733550465173095	0.7346160998276315	0.10207773581072879	99.40677293505476	100.6805356002201	0.0024671180788582	1.0001004253216783
2.2864831766435265	1.8865834889072373	0.06733550465173095	0.7346160998276315	0.10207773581072879	99.40677293505476	100.6805356002201	0.0024671180788582	1.0001004253216783
2.2864831766435265	1.8865834889072373	0.06733550465173095	0.7346160998276315	0.10207773581072879	99.40677293505476	100.6805356002201	0.0024671180788582	1.0001004253216783
2.2864831766435265	1.8865834889072373	0.06733550465173095	0.7346160998276315	0.10207773581072879	99.40677293505476	100.6805356002201	0.0024671180788582	1.0001004253216783
2.2864831766435265	1.8865834889072373	0.06733550465173095	0.7346160998276315	0.10207773581072879	99.40677293505476	100.6805356002201	0.0024671180788582	1.0001004253216783
2.2864831766435265	1.8865834889072373	0.06733550465173095	0.7346160998276315	0.10207773581072879	99.40677293505476	100.6805356002201	0.0024671180788582	1.0001004253216783
2.2864831766435265	1.8865834889072373	0.06733550465173095	0.7346199200783466	0.10207773581072879	99.40677293505476	100.6805356002201	0.0024671180788582	1.0001004253216783
2.2864831766435265	1.8865834889072373	0.06733550465173095	0.7346199200783466	0.10207773581072879	99.40677293505476	100.6805356002201	0.0024671180788582	1.0001004253216783
2.2864831766435265	1.8865834889072373	0.06733550465173095	0.7346199200783466	0.10207773581072879	99.40677293505476	100.6805356002201	0.0024671180788582	1.0001011811100107
2.2864831766435265	1.88658334647386	0.06733550465173095	0.7346199200783466	0.10207773581072879	99.40677293505476	100.6805356002201	0.0024671180788582	1.0001011811100107
2.2864831766435265	1.88658334647386	0.06733550465173095	0.7346199200783466	0.10207773581072879	99.40677293505476	100.6805356002201	0.0024671180788582	1.0001011811100107
2.2864831766435265	1.88658334647386	0.06733550465173095	0.7346199200783466	0.10207773581072879	99.40677293505476	100.6805356002201	0.0024671180788582	1.0001011811100107
2.2864831766435265	1.88658334647386	0.06733550465173095	0.7346199200783466	0.10207741021270732	99.40677293505476	100.6805356002201	0.0024671180788582	1.0001011811100107
2.2864831766435265	1.88658334647386	0.06733550465173095	0.7346199200783466	0.10207741021270732	99.40677293505476	103.0014146260385	0.0024671180788582	1.0001011811100107
2.2864831766435265	1.88658334647386	0.06733550465173095	0.7346199200783466	0.10207741021270732	99.40677293505476	103.0014146260385	0.0024671180788582	1.0001011811100107
2.2864831766435265	1.88658334647386	0.06733550465173095	0.7346199200783466	0.10207741021270732	99.40677293505476	103.0014146260385	0.0024671180788582	1.0001011811100107
2.2864831766435265	1.88658334647386	0.06733550465173095	0.7346199200783466	0.10207741021270732	99.40677293505476	103.0014146260385	0.0024671180788582	1.0001011811100107
2.2864831766435265	1.88658334647386	0.06733550465173095	0.7346199200783466	0.10207741021270732	99.40677293505476	103.0014146260385	0.0024671180788582	1.0001011811100107
2.2864831766435265	1.88658334647386	0.06733550465173095	0.7346199200783466	0.10207741021270732	99.40677293505476	103.00081053155205	0.0024671180788582	1.0001011811100107
2.2864795503097066	1.88658334647386	0.06733550465173095	0.7346199200783466	0.10207741021270732	99.40677293505476	103.00081053155205	0.0024671180788582	1.0001011811100107
2.2864795503097066	1.88658334647386	0.06733550465173095	0.7346199200783466	0.10207741021270732	99.40677293505476	103.00081053155205	0.0024671180788582	1.0001011811100107
2.2866893562326482	1.88658334647386	0.06733550465173095	0.7346199200783466	0.10207741021270732	99.40677293505476	103.00081053155205	0.0024671180788582	1.0001011811100107
2.2866893562326482	1.88658334647386	0.06739108524897147	0.7346199200783466	0.10207741021270732	99.40677293505476	103.00081053155205	0.0024671180788582	1.0001011811100107
2.2866893562326482	1.88658334647386	0.06739108524897147	0.7346199200783466	0.10207741021270732	99.40677293505476	103.00081053155205	0.0024671180788582	1.0001011811100107
2.2866893562326482	1.88658334647386	0.06739108524897147	0.7346199200783466	0.10207741021270732	99.40677293505476	103.00081053155205	0.0024671180788582	1.0001011811100107
2.2867733491934565	1.88658334647386	0.06739108524897147	0.7346199200783466	0.10207741021270732	99.40677293505476	103.00081053155205	0.0024671180788582	1.0001011811100107
2.2867733491934565	1.88658334647386	0.06739108524897147	0.7346199200783466	0.10207741021270732	99.40677293505476	103.00081053155205	0.0024671180788582	1.0001011811100107
2.2867733491934565	1.88658334647386	0.06739108524897147	0.734893361516395	0.10207741021270732	99.40677293505476	103.00081053155205	0.0024671180788582	1.0001011811100107
2.286775694603432	1.88658334647386	0.06739108524897147	0.734893361516395	0.10207741021270732	99.40677293505476	103.00081053155205	0.0024671180788582	1.0001011811100107
2.286775694603432	1.88658334647386	0.06739108524897147	0.734893361516395	0.10207741021270732	99.40677293505476	103.00081053155205	0.0024671180788582	1.0001012328083505
2.286775694603432	1.88658334647386	0.06739108524897147	0.734893361516395	0.10207741021270732	99.40677293505476	103.00104317932804	0.0024671180788582	1.0001012328083505
2.286775694603432	1.88658334647386	0.06739108524897147	0.734893361516395	0.10207741021270732	99.40677293505476	103.00104317932804	0.0024671180788582	1.0001012328083505
2.286775694603432	1.88658334647386	0.06739108524897147	0.734893361516395	0.10207741021270732	99.40677293505476	103.00104317932804	0.0024671180788582	1.0001012328083505
2.286775694603432	1.88658334647386	0.06739108524897147	0.734893361516395	0.10207741021270732	99.40677293505476	103.00104317932804	0.0024671180788582	1.0001012328083505
2.286775694603432	1.88658334647386	0.06739108524897147	0.734893361516395	0.10207741021270732	99.40677293505476	103.00104317932804	0.0024671180788582	1.0001012328083505
2.286775694603432	1.88658334647386	0.06739108524897147	0.7349232272918368	0.10207741021270732	99.40677293505476	103.00104317932804	0.0024671180788582	1.0001012328083505
2.286775694603432	1.88658334647386	0.06739108524897147	0.7349232272918368	0.10208815939490734	99.40677293505476	103.00104317932804	0.0024671180788582	1.0001012328083505
2.286775694603432	1.88658334647386	0.06739108524897147	0.7349232272918368	0.10208744438921101	99.40677293505476	103.00104317932804	0.0024671180788582	1.0001012328083505
2.286780663356363	1.88658334647386	0.06739108524897147	0.7349232272918368	0.10208744438921101	99.40677293505476	103.00104317932804	0.0024671180788582	1.0001012328083505
2.286777969224589	1.88658334647386	0.06739108524897147	0.7349232272918368	0.10208744438921101	99.40677293505476	103.00104317932804	0.0024671180788582	1.0001012328083505
2.286777969224589	1.88658334647386	0.06739108524897147	0.7349232272918368	0.10208744438921101	99.40677293505476	103.00104317932804	0.0024671180788582	1.0001012328083505
2.286777969224589	1.88658334647386	0.06739108524897147	0.7349232272918368	0.10208744438921101	99.40677293505476	103.00104317932804	0.002467036420644357	1.0001012328083505
2.286777969224589	1.88658334647386	0.06739108524897147	0.7349232272918368	0.10208744438921101	99.40677293505476	103.00202676361369	0.002467036420644357	1.0001012328083505
2.286777969224589	1.88658334647386	0.06739310976058102	0.7349232272918368	0.10208744438921101	99.40677293505476	103.00202676361369	0.002467036420644357	1.0001012328083505
2.2866864687341177	1.88658334647386	0.06739310976058102	0.7349232272918368	0.10208744438921101	99.40677293505476	103.00202676361369	0.002467036420644357	1.0001012328083505
2.2866864687341177	1.88658334647386	0.06739310976058102	0.7349232272918368	0.10208744438921101	99.40677293505476	103.00202676361369	0.002467036420644357	1.0001008600114603
2.2866864687341177	1.88658334647386	0.06739310976058102	0.7349232272918368	0.10208744438921101	99.40677293505476	103.00202676361369	0.002467036420644357	1.0001008600114603
2.2866864687341177	1.88658334647386	0.06739310976058102	0.7349232272918368	0.10208744438921101	99.40677293505476	103.00202676361369	0.002467036420644357	1.0001008600114603
2.2866864687341177	1.883981685584593	0.06739310976058102	0.7349232272918368	0.10208744438921101	99.40677293505476	103.00202676361369	0.002467036420644357	1.0001008600114603
2.2866864687341177	1.883981685584593	0.06739310976058102	0.7349150170084968	0.10208744438921101	99.40677293505476	103.00202676361369	0.002467036420644357	1.0001008600114603
2.2866864687341177	1.883981685584593	0.06739310976058102	0.7349150170084968	0.10208744438921101	99.40677293505476	103.02861064326214	0.002467036420644357	1.0001008600114603
2.2866864687341177	1.883981685584593	0.06739310976058102	0.7349150170084968	0.10208744438921101	99.40677293505476	103.02861064326214	0.002467036420644357	1.0001008600114603
2.2866864687341177	1.883981685584593	0.06739310976058102	0.7349150170084968	0.10208744438921101	99.40677293505476	103.02861064326214	0.002467036420644357	1.0001008600114603
2.2866864687341177	1.883981685584593	0.06739310976058102	0.7349150170084968	0.10208744438921101	99.40677293505476	103.02861064326214	0.002467036420644357	1.0001008600114603
2.2866864687341177	1.883981685584593	0.06739310976058102	0.7349150170084968	0.10208744438921101	99.40677293505476	103.02861064326214	0.002467036420644357	1.0001008600114603
2.2866864687341177	1.883981685584593	0.06739310976058102	0.7349150170084968	0.10208744438921101	99.40677293505476	103.02861064326214	0.002467036420644357	1.0001008600114603
2.2866864687341177	1.883981685584593	0.06739310976058102	0.7349150170084968	0.10208744438921101	99.40677293505476	103.02861064326214	0.002467036420644357	1.0001008600114603
2.2866864687341177	1.883981685584593	0.06739310976058102	0.7347573735722417	0.10208744438921101	99.40677293505476	103.02861064326214	0.002467036420644357	1.0001008600114603
2.2866864687341177	1.883981685584593	0.06739310976058102	0.7347573735722417	0.10201751612546367	99.40677293505476	103.02861064326214	0.002467036420644357	1.0001008600114603
2.2866864687341177	1.883981685584593	0.06739310976058102	0.7347573735722417	0.10201751612546367	99.40677293505476	102.9588509349084	0.002467036420644357	1.0001008600114603
2.2866864687341177	1.883981685584593	0.06739310976058102	0.7347573735722417	0.1020221258469418	99.40677293505476	102.9588509349084	0.002467036420644357	1.0001008600114603
2.2866864687341177	1.883981685584593	0.06739310976058102	0.7347573735722417	0.1020221258469418	99.40677293505476	102.9588509349084	0.002467036420644357	1.0001008600114603
2.2866864687341177	1.883981685584593	0.06739310976058102	0.7347573735722417	0.1020221258469418	99.40677293505476	102.9588509349084	0.002467036420644357	1.0001008600114603
2.2866864687341177	1.883981685584593	0.06739310976058102	0.7347573735722417	0.1020221258469418	99.40677293505476	102.9588509349084	0.002467036420644357	1.0001010955794125
2.2866864687341177	1.883981685584593	0.06739310976058102	0.7347573735722417	0.1020221258469418	99.42025420152929	102.9588509349084	0.002467036420644357	1.0001010955794125
2.2866864687341177	1.8840067596310284	0.06739310976058102	0.7347573735722417	0.1020221258469418	99.42025420152929	102.9588509349084	0.002467036420644357	1.0001010955794125
2.2866864687341177	1.8840067596310284	0.06739310976058102	0.7347573735722417	0.1020221258469418	99.42025420152929	102.9588509349084	0.00247150168632567	1.0001010955794125
2.2866683352009973	1.8840067596310284	0.06739310976058102	0.7347573735722417	0.1020221258469418	99.42025420152929	102.9588509349084	0.00247150168632567	1.0001010955794125
2.2866683352009973	1.8840067596310284	0.06739310976058102	0.7347573735722417	0.1020221258469418	99.42018148526097	102.9588509349084	0.00247150168632567	1.0001010955794125
2.2866683352009973	1.8840067596310284	0.06739310976058102	0.7347573735722417	0.1020221258469418	99.42018148526097	102.9588509349084	0.00247150168632567	1.0001010955794125
2.2866683352009973	1.8840067596310284	0.06739310976058102	0.7347573735722417	0.1020221258469418	99.42018148526097	102.9588509349084	0.00247150168632567	1.0001010955794125
2.2866683352009973	1.8840067596310284	0.06739310976058102	0.7347573735722417	0.1020221258469418	99.42018148526097	102.9588509349084	0.00247150168632567	1.0001010955794125
2.2866683352009973	1.8840067596310284	0.06739310976058102	0.7347573735722417	0.1020221258469418	99.42018148526097	102.9588509349084	0.00247150168632567	1.0001010955794125
2.2866683352009973	1.8840067596310284	0.06739310976058102	0.7347573735722417	0.1020221258469418	99.42018148526097	102.9588509349084	0.002471108730701559	1.0001010955794125
2.2866683352009973	1.8840067596310284	0.06739310976058102	0.7347573735722417	0.1020221258469418	99.42018148526097	102.9588509349084	0.0023366163334350505	1.0001010955794125
2.2866683352009973	1.8840067596310284	0.06739310976058102	0.7347573735722417	0.1020221258469418	99.42018148526097	102.9588509349084	0.0023366163334350505	1.0001010955794125
2.2866683352009973	1.8840067596310284	0.06739348156855461	0.7347573735722417	0.1020221258469418	99.42018148526097	102.9588509349084	0.0023366163334350505	1.0001010955794125
2.2866683352009973	1.8840067596310284	0.06739348156855461	0.7347573735722417	0.1020221258469418	99.42018148526097	102.9588509349084	0.0023366163334350505	1.0001010955794125
2.2866683352009973	1.8840067596310284	0.06739348156855461	0.7347573735722417	0.1020221258469418	99.42018148526097	102.9588509349084	0.002338201005787731	1.0001010955794125
2.2866683352009973	1.8840067596310284	0.06739348156855461	0.7347573735722417	0.1020221258469418	99.42018148526097	102.9588509349084	0.002338201005787731	1.0001010955794125
2.2866683352009973	1.8840067596310284	0.06739348156855461	0.7347573735722417	0.1020221258469418	99.42018148526097	102.9588509349084	0.002338201005787731	1.0001010955794125
2.2866683352009973	1.8840067596310284	0.06739348156855461	0.7347573735722417	0.1020221258469418	99.42018148526097	102.96095710590983	0.002338201005787731	1.0001010955794125
2.2866683352009973	1.8840067596310284	0.06739348156855461	0.7347573735722417	0.1020221258469418	99.42018148526097	102.96095710590983	0.002338201005787731	1.0001010955794125
2.2866683352009973	1.8840067596310284	0.06739348156855461	0.7347573735722417	0.1020221258469418	99.42018148526097	102.96095710590983	0.002338201005787731	1.0001010955794125
2.2866683352009973	1.8840067596310284	0.06739348156855461	0.7347573735722417	0.1020221258469418	99.42018148526097	102.96095710590983	0.002338201005787731	1.0001010955794125
2.2866683352009973	1.8840067596310284	0.06739348156855461	0.7347573735722417	0.1020221258469418	99.42018148526097	102.96095710590983	0.002338201005787731	1.0001010955794125
2.2866683352009973	1.8840067596310284	0.06739348156855461	0.7347573735722417	0.1020221258469418	99.42018148526097	102.96103701965654	0.002338201005787731	1.0001010955794125
2.2866683352009973	1.8840067596310284	0.06739348156855461	0.7347573735722417	0.1020221258469418	99.42018148526097	102.96103701965654	0.002338201005787731	1.0001010955794125
2.2866683352009973	1.8840067596310284	0.06739348156855461	0.7347573735722417	0.1020221258469418	99.42018148526097	102.96103701965654	0.002338201005787731	1.0001010955794125
2.2866683352009973	1.8840067596310284	0.06739348156855461	0.7347573735722417	0.1020221258469418	99.42018148526097	102.96103701965654	0.002338201005787731	1.0001010955794125
2.2866683352009973	1.8840067596310284	0.06739348156855461	0.7347573735722417	0.1020221258469418	99.42018148526097	103.25896430759423	0.002338201005787731	1.0001010955794125
2.2866683352009973	1.8840067596310284	0.06739348156855461	0.7347573735722417	0.1020221258469418	99.42018148526097	103.25896430759423	0.002338201005787731	1.0001010955794125
2.2866683352009973	1.8840067596310284	0.06739348156855461	0.7347573735722417	0.1020221258469418	99.42018148526097	103.25896430759423	0.002338201005787731	1.0001010955794125
2.2866683352009973	1.8840067596310284	0.06739348156855461	0.7347573735722417	0.1020221258469418	99.42018148526097	103.25896430759423	0.002338735848196801	1.0001010955794125
2.2866683352009973	1.8840067596310284	0.06739348156855461	0.7347573735722417	0.1020221258469418	99.42018148526097	103.25896430759423	0.002338735848196801	1.0001010955794125
2.2866683352009973	1.8840067596310284	0.06739348156855461	0.7347573735722417	0.1020221258469418	99.42018148526097	103.25896430759423	0.002338735848196801	1.0001010955794125
2.2866683352009973	1.8840067596310284	0.06739348156855461	0.7347573735722417	0.1020221258469418	99.42018148526097	103.25896430759423	0.002338735848196801	1.0001011415202121
2.2866683352009973	1.8840067596310284	0.06739348156855461	0.7347573735722417	0.1020221258469418	99.42018148526097	103.25896430759423	0.0023391916519427645	1.0001011415202121
2.2865777761034245	1.8840067596310284	0.06739348156855461	0.7347573735722417	0.1020221258469418	99.42018148526097	103.25896430759423	0.0023391916519427645	1.0001011415202121
2.2865751306251965	1.8840067596310284	0.06739348156855461	0.7347573735722417	0.1020221258469418	99.42018148526097	103.25896430759423	0.0023391916519427645	1.0001011415202121
2.2865751306251965	1.8840067596310284	0.06739348156855461	0.7347573735722417	0.1020221258469418	99.42018148526097	103.25896430759423	0.0023391916519427645	1.0001011415202121
2.2865751306251965	1.8840067596310284	0.06739348156855461	0.7347573735722417	0.1020221258469418	99.42018148526097	103.25896430759423	0.0023391916519427645	1.0001011415202121
2.2865751306251965	1.8840067596310284	0.06740352972769491	0.7347573735722417	0.1020221258469418	99.42018148526097	103.25896430759423	0.0023391916519427645	1.0001011415202121
2.2865751306251965	1.8840067596310284	0.06740352972769491	0.7347573735722417	0.1020221258469418	99.42018148526097	103.25896430759423	0.0023391916519427645	1.0001011415202121
2.2865751306251965	1.8840067596310284	0.06740352972769491	0.7347573735722417	0.1020221258469418	99.42018148526097	103.25896430759423	0.0023391116214943387	1.0001011415202121
2.2865751306251965	1.8840067596310284	0.06740352972769491	0.7347573735722417	0.1020221258469418	99.42018148526097	103.25896430759423	0.0023715787583345953	1.0001011415202121
2.2865751306251965	1.8840067596310284	0.06738910770595873	0.7347573735722417	0.1020221258469418	99.42018148526097	103.25896430759423	0.0023715787583345953	1.0001011415202121
2.2865751306251965	1.88401543351022	0.06738910770595873	0.7347573735722417	0.1020221258469418	99.42018148526097	103.25896430759423	0.0023715787583345953	1.0001011415202121
2.2861702193819537	1.88401543351022	0.06738910770595873	0.7347573735722417	0.1020221258469418	99.42018148526097	103.25896430759423	0.0023715787583345953	1.0001011415202121
2.2861702193819537	1.88401543351022	0.06738910770595873	0.7347573735722417	0.1020221258469418	99.42018148526097	103.25896430759423	0.0023715787583345953	1.0001011667806166
2.2861702193819537	1.88401543351022	0.06738910770595873	0.7347573735722417	0.1020221258469418	99.42018148526097	103.25896430759423	0.0023715787583345953	1.0001011667806166
2.2861702193819537	1.88401543351022	0.06745541792595708	0.7347573735722417	0.1020221258469418	99.42018148526097	103.25896430759423	0.0023715787583345953	1.0001011667806166
2.2861702193819537	1.88401543351022	0.06745541792595708	0.7347573735722417	0.1020221258469418	99.42018148526097	103.25896430759423	0.0023715787583345953	1.0001011667806166
2.2861702193819537	1.88401543351022	0.06745541792595708	0.7347573735722417	0.1020221258469418	99.42018148526097	103.25896430759423	0.0023715787583345953	1.0001011667806166
2.2861486875665027	1.88401543351022	0.06745541792595708	0.7347573735722417	0.1020221258469418	99.42018148526097	103.25896430759423	0.0023715787583345953	1.0001011667806166
2.2861486875665027	1.88401543351022	0.06745541792595708	0.7347573735722417	0.1020221258469418	99.42018148526097	103.25896430759423	0.0023715787583345953	1.0001011667806166
2.2861486875665027	1.88401543351022	0.06745541792595708	0.7347573735722417	0.1020221258469418	99.42018148526097	103.25896430759423	0.0023715787583345953	1.0001011667806166
2.2861486875665027	1.8839570369650966	0.06745541792595708	0.7347573735722417	0.1020221258469418	99.42018148526097	103.25896430759423	0.0023715787583345953	1.0001011667806166
2.2861486875665027	1.8839533079273871	0.06745541792595708	0.7347573735722417	0.1020221258469418	99.42018148526097	103.25896430759423	0.0023715787583345953	1.0001011667806166
2.2861486875665027	1.8839533079273871	0.06745541792595708	0.7347573735722417	0.1020221258469418	99.42018148526097	103.25896430759423	0.0023688772835334256	1.0001011667806166
2.2861486875665027	1.8839533079273871	0.06745541792595708	0.7347573735722417	0.1020221258469418	99.42018148526097	103.25896430759423	0.0023688772835334256	1.0001011667806166
2.2861486875665027	1.8839533079273871	0.06745541792595708	0.7347573735722417	0.1020221258469418	99.42018148526097	103.25896430759423	0.0023688772835334256	1.0001011667806166
2.2861486875665027	1.8839533079273871	0.06745541792595708	0.7347573735722417	0.1020221258469418	99.421285079173	103.25896430759423	0.0023688772835334256	1.0001011667806166
2.2861486875665027	1.8839533079273871	0.06745541792595708	0.7351327127820769	0.1020221258469418	99.421285079173	103.25896430759423	0.0023688772835334256	1.0001011667806166
2.2861486875665027	1.8839533079273871	0.06745541792595708	0.7351327127820769	0.1020221258469418	99.421285079173	103.25896430759423	0.0023688772835334256	1.0001011667806166
2.2861486875665027	1.8839533079273871	0.06745541792595708	0.7351327127820769	0.1020221258469418	99.421285079173	103.25896430759423	0.002393294799028828	1.0001011667806166
2.2861486875665027	1.8839533079273871	0.06745541792595708	0.7351327127820769	0.1020221258469418	99.421285079173	103.61209994937919	0.002393294799028828	1.0001011667806166
2.2861486875665027	1.8839533079273871	0.06745541792595708	0.7351327127820769	0.1020221258469418	99.4228411243937	103.61209994937919	0.002393294799028828	1.0001011667806166
2.2861486875665027	1.8839533079273871	0.06745541792595708	0.7351327127820769	0.1020221258469418	99.4228411243937	103.61209994937919	0.002393294799028828	1.0001011667806166
2.2861486875665027	1.8839533079273871	0.06745541792595708	0.7351327127820769	0.1020221258469418	99.4228411243937	103.61209994937919	0.002393294799028828	1.0001011667806166
2.2861486875665027	1.8839533079273871	0.06745541792595708	0.7351327127820769	0.10203989844981239	99.4228411243937	103.61209994937919	0.002393294799028828	1.0001011667806166
2.2861486875665027	1.8839533079273871	0.0674849195871632	0.7351327127820769	0.10203989844981239	99.4228411243937	103.61209994937919	0.002393294799028828	1.0001011667806166
2.2861486875665027	1.8839533079273871	0.0674849195871632	0.7351327127820769	0.10203989844981239	99.4228411243937	103.61209994937919	0.002393294799028828	1.0001005718246168
2.2861486875665027	1.8839533079273871	0.0674849195871632	0.7351526444139457	0.10203989844981239	99.4228411243937	103.61209994937919	0.002393294799028828	1.0001005718246168
2.2861486875665027	1.8839533079273871	0.0674849195871632	0.7351526444139457	0.10203989844981239	99.4228411243937	103.61209994937919	0.002393294799028828	1.0001005718246168
2.2861486875665027	1.8839533079273871	0.0674849195871632	0.7351526444139457	0.10203989844981239	99.4228411243937	103.61209994937919	0.002393294799028828	1.0001005718246168
2.2861488513386035	1.8839533079273871	0.0674849195871632	0.7351526444139457	0.10203989844981239	99.4228411243937	103.61209994937919	0.002393294799028828	1.0001005718246168
2.2861488513386035	1.8839533079273871	0.0674849195871632	0.7351526444139457	0.10203989844981239	99.4228411243937	103.61209994937919	0.002393294799028828	1.0001005718246168
2.2861488513386035	1.8839533079273871	0.0674849195871632	0.7351526444139457	0.10203989844981239	99.4228411243937	103.61209994937919	0.002393294799028828	1.0001005718246168
2.2861488513386035	1.885952903531611	0.0674849195871632	0.7351526444139457	0.10203989844981239	99.4228411243937	103.61209994937919	0.002393294799028828	1.0001005718246168
2.2861488513386035	1.885952903531611	0.0674849195871632	0.7351526444139457	0.10204377375931031	99.4228411243937	103.61209994937919	0.002393294799028828	1.0001005718246168
2.2861488513386035	1.885968196591198	0.0674849195871632	0.7351526444139457	0.10204377375931031	99.4228411243937	103.61209994937919	0.002393294799028828	1.0001005718246168
2.2861488513386035	1.885968196591198	0.0674849195871632	0.7351526444139457	0.10204377375931031	99.4228411243937	103.61209994937919	0.002393294799028828	1.0001005718246168
2.2861368977647647	1.885968196591198	0.0674849195871632	0.7351526444139457	0.10204377375931031	99.4228411243937	103.61209994937919	0.002393294799028828	1.0001005718246168
2.2861368977647647	1.8859484082940525	0.0674849195871632	0.7351526444139457	0.10204377375931031	99.4228411243937	103.61209994937919	0.002393294799028828	1.0001005718246168
2.2861368977647647	1.8859484082940525	0.06736561619215659	0.7351526444139457	0.10204377375931031	99.4228411243937	103.61209994937919	0.002393294799028828	1.0001005718246168
2.2861368977647647	1.8859484082940525	0.06736561619215659	0.7351526444139457	0.10204377375931031	99.4228411243937	103.61209994937919	0.002393294799028828	1.0001005718246168
2.2861368977647647	1.8859484082940525	0.06736561619215659	0.7351526444139457	0.10204377375931031	99.4228411243937	103.61209994937919	0.002393294799028828	1.0001005718246168
2.2861368977647647	1.8859484082940525	0.06736561619215659	0.7351526444139457	0.10204377375931031	99.4228411243937	103.61209994937919	0.002393294799028828	1.0001005718246168
2.2861097407361366	1.8859484082940525	0.06736561619215659	0.7351526444139457	0.10204377375931031	99.4228411243937	103.61209994937919	0.002393294799028828	1.0001005718246168
2.2861097407361366	1.8860553484792535	0.06736561619215659	0.7351526444139457	0.10204377375931031	99.4228411243937	103.61209994937919	0.002393294799028828	1.0001005718246168
2.2861097407361366	1.8860553484792535	0.06739596080477235	0.7351526444139457	0.10204377375931031	99.4228411243937	103.61209994937919	0.002393294799028828	1.0001005718246168
2.2861097407361366	1.8860553484792535	0.06738678809201407	0.7351526444139457	0.10204377375931031	99.4228411243937	103.61209994937919	0.002393294799028828	1.0001005718246168
2.2861097407361366	1.8860553484792535	0.06738678809201407	0.7351526444139457	0.10204377375931031	99.4228411243937	103.61209994937919	0.0023908638770563525	1.0001005718246168
2.2861097407361366	1.8860553484792535	0.06738678809201407	0.7351526444139457	0.10204377375931031	99.4228411243937	103.61209994937919	0.002390804898342978	1.0001005718246168
2.2861097407361366	1.8860553484792535	0.06738678809201407	0.7351526444139457	0.10204377375931031	99.4228411243937	103.61209994937919	0.002390804898342978	1.0001005718246168
2.2861097407361366	1.8860553484792535	0.06738678809201407	0.7351526444139457	0.10204377375931031	99.4228411243937	103.61209994937919	0.002390804898342978	1.0001005718246168
2.2861097407361366	1.8860553484792535	0.06738678809201407	0.7351526444139457	0.10204377375931031	99.4228411243937	103.61209994937919	0.002390804898342978	1.0001005718246168
2.2867875221792104	1.8860553484792535	0.06738678809201407	0.7351526444139457	0.10204377375931031	99.4228411243937	103.61209994937919	0.002390804898342978	1.0001005718246168
2.2867875221792104	1.8860553484792535	0.0673765377860154	0.7351526444139457	0.10204377375931031	99.4228411243937	103.61209994937919	0.002390804898342978	1.0001005718246168
2.2867838668808296	1.8860553484792535	0.0673765377860154	0.7351526444139457	0.10204377375931031	99.4228411243937	103.61209994937919	0.002390804898342978	1.0001005718246168
2.2867838668808296	1.8860553484792535	0.0673765377860154	0.7351526444139457	0.10204377375931031	99.4109933082388	103.61209994937919	0.002390804898342978	1.0001005718246168
2.2867838668808296	1.8860553484792535	0.0673765377860154	0.7351526444139457	0.10204377375931031	99.4109933082388	103.61209994937919	0.002390804898342978	1.0001005718246168
2.2867838668808296	1.887489892613476	0.0673765377860154	0.7351526444139457	0.10204377375931031	99.4109933082388	103.61209994937919	0.002390804898342978	1.0001005718246168
2.2867838668808296	1.887489892613476	0.0673765377860154	0.7351526444139457	0.10204377375931031	99.4109933082388	103.61209994937919	0.002390804898342978	1.0001005718246168
2.2867838668808296	1.887489892613476	0.0673765377860154	0.7351526444139457	0.10204377375931031	99.4109933082388	103.44684931239244	0.002390804898342978	1.0001005718246168
2.2867838668808296	1.887489892613476	0.0673765377860154	0.7351526444139457	0.10204377375931031	99.4109933082388	103.44684931239244	0.002390804898342978	1.0001005718246168
2.2867838668808296	1.887489892613476	0.0673765377860154	0.7351526444139457	0.10204377375931031	99.4109933082388	103.44684931239244	0.002390804898342978	1.0001005718246168
2.2867838668808296	1.887489892613476	0.0673765377860154	0.7351526444139457	0.10204377375931031	99.4109920454233	103.44684931239244	0.002390804898342978	1.0001005718246168
2.2867838668808296	1.887489892613476	0.0673765377860154	0.7352007601744164	0.10204377375931031	99.4109920454233	103.44684931239244	0.002390804898342978	1.0001005718246168
2.2867838668808296	1.887489892613476	0.0673765377860154	0.7352007601744164	0.10204377375931031	99.4109920454233	103.44684931239244	0.002390804898342978	1.0001005718246168
2.2867838668808296	1.887489892613476	0.0673765377860154	0.7352007601744164	0.10204377375931031	99.4109920454233	103.44684931239244	0.002390804898342978	1.0001005718246168
2.2867838668808296	1.887489892613476	0.0673765377860154	0.7352007601744164	0.10204377375931031	99.4109920454233	103.44684931239244	0.002390804898342978	1.0001005718246168
2.2867838668808296	1.8876235280533957	0.0673765377860154	0.7352007601744164	0.10204377375931031	99.4109920454233	103.44684931239244	0.002390804898342978	1.0001005718246168
2.2867838668808296	1.8876235280533957	0.0673765377860154	0.7352007601744164	0.10204377375931031	99.4109920454233	103.44684931239244	0.002390804898342978	1.0001005718246168
2.2867838668808296	1.8876235280533957	0.0673765377860154	0.7352007601744164	0.10204377375931031	99.4109920454233	103.44684931239244	0.002390804898342978	1.000099810180636
2.2867838668808296	1.8876235280533957	0.0673765377860154	0.7352007601744164	0.10204377375931031	99.4109920454233	103.23884821639629	0.002390804898342978	1.000099810180636
2.2867838668808296	1.8876235280533957	0.0673765377860154	0.7352007601744164	0.10204377375931031	99.4109920454233	103.23884821639629	0.002390804898342978	1.000099810180636
2.2867838668808296	1.8876235280533957	0.0673765377860154	0.7352007601744164	0.10204377375931031	99.4109920454233	103.23884821639629	0.002390804898342978	1.000099810180636
2.2867838668808296	1.8876235280533957	0.0673765377860154	0.7352007601744164	0.10204377375931031	99.4109920454233	103.23884821639629	0.002390804898342978	1.000099810180636
2.2867838668808296	1.8876235280533957	0.0673765377860154	0.7352007601744164	0.10204377375931031	99.4109920454233	103.23883391338575	0.002390804898342978	1.000099810180636
2.2867838668808296	1.8876235280533957	0.0673765377860154	0.7352007601744164	0.10204377375931031	99.4109920454233	103.23883391338575	0.002390804898342978	1.000099810180636
2.2867838668808296	1.8876235280533957	0.0673765377860154	0.7352007601744164	0.10204377375931031	99.4109920454233	103.23883391338575	0.002390804898342978	1.000099810180636
2.286783238293481	1.8876235280533957	0.0673765377860154	0.7352007601744164	0.10204377375931031	99.4109920454233	103.23883391338575	0.002390804898342978	1.000099810180636
2.286783238293481	1.8876235280533957	0.0673765377860154	0.7352007601744164	0.10204377375931031	99.4109920454233	103.23883391338575	0.002390804898342978	1.000099810180636
2.286783238293481	1.8876235280533957	0.0673765377860154	0.7352007601744164	0.10204377375931031	99.4109920454233	103.23883391338575	0.002390804898342978	1.000099810180636
2.286783238293481	1.8876235280533957	0.06725590826990287	0.7352007601744164	0.10204377375931031	99.4109920454233	103.23883391338575	0.002390804898342978	1.000099810180636
2.286783238293481	1.8876235280533957	0.06725590826990287	0.7352007601744164	0.10204377375931031	99.4109920454233	102.19993990523797	0.002390804898342978	1.000099810180636
2.286783238293481	1.8876235280533957	0.06725590826990287	0.7352007601744164	0.10204377375931031	99.4109920454233	102.19993990523797	0.002390804898342978	1.000099810180636
2.286783238293481	1.8873649312624345	0.06725590826990287	0.7352007601744164	0.10204377375931031	99.4109920454233	102.19993990523797	0.002390804898342978	1.000099810180636
2.286783238293481	1.8873649312624345	0.06725590826990287	0.7352007601744164	0.10204377375931031	99.4109920454233	102.19993990523797	0.002390804898342978	1.000099810180636
2.286783238293481	1.8876127780008503	0.06725590826990287	0.7352007601744164	0.10204377375931031	99.4109920454233	102.19993990523797	0.002390804898342978	1.000099810180636
2.286783238293481	1.8876127780008503	0.06725590826990287	0.7352007601744164	0.10204377375931031	99.4109920454233	102.19988739268074	0.002390804898342978	1.000099810180636
2.286783238293481	1.8876127780008503	0.06725590826990287	0.7352007601744164	0.10204416876493762	99.4109920454233	102.19988739268074	0.002390804898342978	1.000099810180636
2.286783238293481	1.8876127780008503	0.06725590826990287	0.7352007601744164	0.10204416876493762	99.4109920454233	102.19988739268074	0.002390804898342978	1.000099810180636
2.286783238293481	1.888153197177204	0.06725590826990287	0.7352007601744164	0.10204416876493762	99.4109920454233	102.19988739268074	0.002390804898342978	1.000099810180636
2.286783238293481	1.888153197177204	0.06725590826990287	0.7352007601744164	0.10204416876493762	99.4109920454233	102.19988739268074	0.002390804898342978	1.000099810180636
2.286783238293481	1.888153197177204	0.06725590826990287	0.7352007601744164	0.10204416876493762	99.4109920454233	102.19988739268074	0.002390804898342978	1.000099810180636
2.286783238293481	1.888153197177204	0.06725590826990287	0.7352007601744164	0.10204416876493762	99.4109920454233	102.19988739268074	0.002390804898342978	1.000099810180636
2.286783238293481	1.888153197177204	0.06725590826990287	0.7352007601744164	0.10204416876493762	99.4109920454233	102.19988739268074	0.0023917096367558227	1.000099810180636
2.286783238293481	1.888153197177204	0.06725590826990287	0.7352007601744164	0.10204564440502062	99.4109920454233	102.19988739268074	0.0023917096367558227	1.000099810180636
2.286783238293481	1.888153197177204	0.06725590826990287	0.7352007601744164	0.10204805333089961	99.4109920454233	102.19988739268074	0.0023917096367558227	1.000099810180636
2.286783238293481	1.888153197177204	0.06725590826990287	0.7352007601744164	0.10204805333089961	99.4109920454233	102.19988739268074	0.0023917096367558227	1.0000998340182718
2.286783238293481	1.888153197177204	0.06725590826990287	0.7352007601744164	0.10204805333089961	99.4109920454233	102.19988739268074	0.0023917096367558227	1.0000998340182718
2.286783238293481	1.888153197177204	0.06725590826990287	0.7352007601744164	0.10204805333089961	99.4109920454233	100.68693378176994	0.0023917096367558227	1.0000998340182718
2.286783238293481	1.888153197177204	0.06725590826990287	0.7352007601744164	0.10204661403437172	99.4109920454233	100.68693378176994	0.0023917096367558227	1.0000998340182718
2.280846244725858	1.888153197177204	0.06725590826990287	0.7352007601744164	0.10204661403437172	99.4109920454233	100.68693378176994	0.0023917096367558227	1.0000998340182718
2.280846244725858	1.888153197177204	0.0672605515904834	0.7352007601744164	0.10204661403437172	99.4109920454233	100.68693378176994	0.0023917096367558227	1.0000998340182718
2.280846244725858	1.8874667625353374	0.0672605515904834	0.7352007601744164	0.10204661403437172	99.4109920454233	100.68693378176994	0.0023917096367558227	1.0000998340182718
2.280846244725858	1.8874667625353374	0.0672605515904834	0.7352007601744164	0.10204661403437172	99.41138294812004	100.68693378176994	0.0023917096367558227	1.0000998340182718
2.280846244725858	1.8874667625353374	0.0672605515904834	0.7352007601744164	0.10204661403437172	99.41138294812004	100.68693378176994	0.0023917096367558227	1.0000998340182718
2.280846244725858	1.8874667625353374	0.0672605515904834	0.7352007601744164	0.10204661403437172	99.41138294812004	100.68693378176994	0.0023917096367558227	1.0000998340182718
2.280846244725858	1.8874667625353374	0.0672605515904834	0.7352007601744164	0.10204661403437172	99.41138294812004	100.68693378176994	0.0023917096367558227	1.0000998340182718
2.280846244725858	1.8874667625353374	0.0672605515904834	0.7352007601744164	0.10204661403437172	99.41138294812004	100.68693378176994	0.0023917096367558227	1.0000998340182718
2.280846244725858	1.8874667625353374	0.0672605515904834	0.7352365508744791	0.10204661403437172	99.41138294812004	100.68693378176994	0.0023917096367558227	1.0000998340182718
2.280846244725858	1.8874663182233924	0.0672605515904834	0.7352365508744791	0.10204661403437172	99.41138294812004	100.68693378176994	0.0023917096367558227	1.0000998340182718
2.280846244725858	1.8874663182233924	0.0672605515904834	0.7352365508744791	0.1020480046412411	99.41138294812004	100.68693378176994	0.0023917096367558227	1.0000998340182718
2.280846244725858	1.8874663182233924	0.0672605515904834	0.7354103449068817	0.1020480046412411	99.41138294812004	100.68693378176994	0.0023917096367558227	1.0000998340182718
2.280846244725858	1.8874663182233924	0.0672605515904834	0.7354103449068817	0.1020480046412411	99.41138294812004	100.68693378176994	0.0023917096367558227	1.0000998340182718
2.280846244725858	1.8874663182233924	0.0672605515904834	0.7354103449068817	0.1020480046412411	99.41138294812004	100.68693378176994	0.0023917096367558227	1.0000998340182718
2.280846244725858	1.8874663182233924	0.0672605515904834	0.7354103449068817	0.1020480046412411	99.4122324343219	100.68693378176994	0.0023917096367558227	1.0000998340182718
2.280846244725858	1.8874663182233924	0.0672605515904834	0.7354103449068817	0.1020480046412411	99.4122324343219	100.68693378176994	0.0023917096367558227	1.0000998340182718
2.2808474150894695	1.8874663182233924	0.0672605515904834	0.7354103449068817	0.1020480046412411	99.4122324343219	100.68693378176994	0.0023917096367558227	1.0000998340182718
2.2808474150894695	1.8874663182233924	0.0672605515904834	0.7354113705749596	0.1020480046412411	99.4122324343219	100.68693378176994	0.0023917096367558227	1.0000998340182718
2.2808474150894695	1.8882040827595847	0.0672605515904834	0.7354113705749596	0.1020480046412411	99.4122324343219	100.68693378176994	0.0023917096367558227	1.0000998340182718
2.2808474150894695	1.8882034206298084	0.0672605515904834	0.7354113705749596	0.1020480046412411	99.4122324343219	100.68693378176994	0.0023917096367558227	1.0000998340182718
2.2808474150894695	1.8882034206298084	0.0672605515904834	0.7354113705749596	0.1020480046412411	99.4122324343219	100.68693378176994	0.0023917096367558227	1.0000998340182718
2.2808474150894695	1.8882034206298084	0.0672605515904834	0.7354113705749596	0.1020480046412411	99.4122324343219	100.68693378176994	0.0023917096367558227	1.0000998340182718
2.2808474150894695	1.8882034206298084	0.0672605515904834	0.7354113705749596	0.1020480046412411	99.4122324343219	100.68693378176994	0.0023917096367558227	1.0000998340182718
2.2808474150894695	1.8882034206298084	0.0672605515904834	0.7354113705749596	0.1020480046412411	99.4122324343219	100.68693378176994	0.0023917096367558227	1.0000998756419541
2.2808474150894695	1.8836876121116672	0.0672605515904834	0.7354113705749596	0.1020480046412411	99.4122324343219	100.68693378176994	0.0023917096367558227	1.0000998756419541
2.2808474150894695	1.8836876121116672	0.0672605515904834	0.7354113705749596	0.1020480046412411	99.4122324343219	100.68693378176994	0.0023917096367558227	1.0000998756419541
2.2808474150894695	1.8836876121116672	0.0672605515904834	0.7354113705749596	0.1020480046412411	99.4122324343219	100.68693378176994	0.0023917096367558227	1.0000998756419541
2.2808474150894695	1.8836876121116672	0.0672605515904834	0.7354113705749596	0.1020480046412411	99.4122324343219	100.68693378176994	0.0023917096367558227	1.0000998756419541
2.2808474150894695	1.8836876121116672	0.0672605515904834	0.7354113705749596	0.1020480046412411	99.4122324343219	100.68693378176994	0.0023917096367558227	1.0000998756419541
2.2808474150894695	1.8837521278960003	0.0672605515904834	0.7354113705749596	0.1020480046412411	99.4122324343219	100.68693378176994	0.0023917096367558227	1.0000998756419541
2.2808474150894695	1.8837521278960003	0.0672605515904834	0.7354113705749596	0.1020480046412411	99.4122324343219	100.68693378176994	0.0023917096367558227	1.0000998756419541
2.2808474150894695	1.8837521278960003	0.0672605515904834	0.7354113705749596	0.1020480046412411	99.4122324343219	100.68693378176994	0.0023916023601187257	1.0000998756419541
2.2808474150894695	1.8837521278960003	0.0672605515904834	0.7354113705749596	0.10218485317174171	99.4122324343219	100.68693378176994	0.0023916023601187257	1.0000998756419541
2.2808474150894695	1.8837521278960003	0.0672605515904834	0.7354113705749596	0.10218485317174171	99.4122324343219	100.68693378176994	0.0023916023601187257	1.000103322949419
2.2808474150894695	1.8837521278960003	0.0672605515904834	0.7354113705749596	0.10188874079247179	99.4122324343219	100.68693378176994	0.0023916023601187257	1.000103322949419
2.2808474150894695	1.8837521278960003	0.0672605515904834	0.7354113705749596	0.10188874079247179	99.4122324343219	100.99765269211116	0.0023916023601187257	1.000103322949419
2.2808474150894695	1.8837521278960003	0.0672605515904834	0.7354113705749596	0.10188874079247179	99.4122324343219	100.99765269211116	0.0023916023601187257	1.000103322949419
2.2808474150894695	1.8837521278960003	0.0672605515904834	0.7354113705749596	0.10188874079247179	99.41341265071853	100.99765269211116	0.0023916023601187257	1.000103322949419
2.2808474150894695	1.8837521278960003	0.0672605515904834	0.7353889941053496	0.10188874079247179	99.41341265071853	100.99765269211116	0.0023916023601187257	1.000103322949419
2.2808474150894695	1.8837521278960003	0.0672605515904834	0.7353889941053496	0.10188874079247179	99.41340508085875	100.99765269211116	0.0023916023601187257	1.000103322949419
2.2808474150894695	1.8837521278960003	0.0672605515904834	0.7353889941053496	0.10188873881544995	99.41340508085875	100.99765269211116	0.0023916023601187257	1.000103322949419
2.2808474150894695	1.8837521278960003	0.0672605515904834	0.7349299227951114	0.10188873881544995	99.41340508085875	100.99765269211116	0.0023916023601187257	1.000103322949419
2.2808474150894695	1.8837521278960003	0.0672605515904834	0.7349299227951114	0.10188873881544995	99.41340508085875	100.99765269211116	0.0023916023601187257	1.000103322949419
2.2808474150894695	1.8837521278960003	0.0672605515904834	0.7349299227951114	0.10188873881544995	99.41340508085875	100.99765269211116	0.0024862059421247034	1.000103322949419
2.2808474150894695	1.8837521278960003	0.0672605515904834	0.7349299227951114	0.10188873881544995	99.36882018689585	100.99765269211116	0.0024862059421247034	1.000103322949419
2.2808474150894695	1.8837521278960003	0.0672605515904834	0.7349299227951114	0.10188873881544995	99.36882018689585	100.99765269211116	0.0024862059421247034	1.000103322949419
2.2806243140341103	1.8837521278960003	0.0672605515904834	0.7349299227951114	0.10188873881544995	99.36882018689585	100.99765269211116	0.0024862059421247034	1.000103322949419
2.2806243140341103	1.8837521278960003	0.0672605515904834	0.7349299227951114	0.10188873881544995	99.36882018689585	100.99765269211116	0.0024862059421247034	1.000103322949419
2.2806243140341103	1.8858472865618208	0.0672605515904834	0.7349299227951114	0.10188873881544995	99.36882018689585	100.99765269211116	0.0024862059421247034	1.000103322949419
2.2806243140341103	1.8858472865618208	0.0672605515904834	0.7349299227951114	0.10188873881544995	99.36882018689585	100.99765269211116	0.0024862059421247034	1.000103322949419
2.2807278573780936	1.8858472865618208	0.0672605515904834	0.7349299227951114	0.10188873881544995	99.36882018689585	100.99765269211116	0.0024862059421247034	1.000103322949419
2.2807278573780936	1.88584445172094	0.0672605515904834	0.7349299227951114	0.10188873881544995	99.36882018689585	100.99765269211116	0.0024862059421247034	1.000103322949419
2.2807278573780936	1.88584445172094	0.0672605515904834	0.7349299227951114	0.10188873881544995	99.36882018689585	100.99765269211116	0.0024862059421247034	1.000103322949419
2.2807278573780936	1.88584445172094	0.0672605515904834	0.7349299227951114	0.10188873881544995	99.36882018689585	100.99765269211116	0.0024862059421247034	1.000103322949419
2.2807278573780936	1.88584445172094	0.0672605515904834	0.7349299227951114	0.10188873881544995	99.36882018689585	100.99765269211116	0.0024862059421247034	1.000103322949419
2.2807278573780936	1.88584445172094	0.0672605515904834	0.7349299227951114	0.10188873881544995	99.36816453812527	100.99765269211116	0.0024862059421247034	1.000103322949419
2.2807278573780936	1.88584445172094	0.0672605515904834	0.7349299227951114	0.10188873881544995	99.36816453812527	100.99765269211116	0.0024862059421247034	1.000103322949419
2.2807278573780936	1.88584445172094	0.0672605515904834	0.7349299227951114	0.10188873881544995	99.36818238642954	100.99765269211116	0.0024862059421247034	1.000103322949419
2.2807278573780936	1.88584445172094	0.06725919413549013	0.7349299227951114	0.10188873881544995	99.36818238642954	100.99765269211116	0.0024862059421247034	1.000103322949419
2.2807278573780936	1.88584445172094	0.06725919413549013	0.7349299227951114	0.10188873881544995	99.36818238642954	100.99765269211116	0.0024862835685732017	1.000103322949419
2.2807278573780936	1.88584445172094	0.06725919413549013	0.7349299227951114	0.10188873881544995	99.36818238642954	100.99765269211116	0.0024862835685732017	1.0001039291937224
2.2807278573780936	1.88584445172094	0.06726096039580562	0.7349299227951114	0.10188873881544995	99.36818238642954	100.99765269211116	0.0024862835685732017	1.0001039291937224
2.2807278573780936	1.88584445172094	0.06726096039580562	0.7355833663367214	0.10188873881544995	99.36818238642954	100.99765269211116	0.0024862835685732017	1.0001039291937224
2.2807278573780936	1.8855300977628762	0.06726096039580562	0.7355833663367214	0.10188873881544995	99.36818238642954	100.99765269211116	0.0024862835685732017	1.0001039291937224
2.2807278573780936	1.8855300977628762	0.06726096039580562	0.7355833663367214	0.10188873881544995	99.36818238642954	101.06491441758045	0.0024862835685732017	1.0001039291937224
2.2807278573780936	1.8855300977628762	0.06726096039580562	0.7355833663367214	0.10188873881544995	99.36818238642954	101.06491441758045	0.0024862835685732017	1.0001039291937224
2.2807278573780936	1.8855300977628762	0.06726096039580562	0.7355833663367214	0.10188873881544995	99.36818238642954	101.06491441758045	0.0024862835685732017	1.0001039291937224
2.2807278573780936	1.8855300977628762	0.06726096039580562	0.7355833663367214	0.10188873881544995	99.36818238642954	101.06491441758045	0.0024862835685732017	1.0001039291937224
2.2807278573780936	1.8855300977628762	0.06726096039580562	0.7355833663367214	0.10188873881544995	99.36818238642954	101.06491441758045	0.002543497015220543	1.0001039291937224
2.2807278573780936	1.8855300977628762	0.06726096039580562	0.7355833663367214	0.10188873881544995	99.36818238642954	101.06491441758045	0.002543497015220543	1.0001039291937224
2.2807278573780936	1.8855300977628762	0.06726096039580562	0.7355833663367214	0.10188873881544995	99.36818238642954	101.06491441758045	0.002543497015220543	1.0001039291937224
2.2807278573780936	1.8855300977628762	0.06726096039580562	0.7355833663367214	0.10188873881544995	99.36818238642954	101.06491441758045	0.002543497015220543	1.0001039291937224
2.2807278573780936	1.8855300977628762	0.06726096039580562	0.7355833663367214	0.10188873881544995	99.36818238642954	101.06491441758045	0.002543497015220543	1.0001039291937224
2.2807278573780936	1.8855300977628762	0.06726096039580562	0.7355833663367214	0.10188873881544995	99.36818238642954	101.06491441758045	0.002543497015220543	1.0001039291937224
2.2807278573780936	1.8855300977628762	0.0672179155509833	0.7355833663367214	0.10188873881544995	99.36818238642954	101.06491441758045	0.002543497015220543	1.0001039291937224
2.2807278573780936	1.8855300977628762	0.0672179155509833	0.7355833663367214	0.10188877096548732	99.36818238642954	101.06491441758045	0.002543497015220543	1.0001039291937224
2.2807278573780936	1.8855300977628762	0.0672179155509833	0.7355833663367214	0.10188877096548732	99.36818238642954	101.06491441758045	0.002543497015220543	1.0001039291937224
2.2807278573780936	1.8855300977628762	0.0672179155509833	0.7355833663367214	0.10188877096548732	99.36818238642954	101.06491441758045	0.002543497015220543	1.0001039291937224
2.2807278573780936	1.8855300977628762	0.0672179155509833	0.7355833663367214	0.10188877096548732	99.36818238642954	101.06491441758045	0.002543497015220543	1.0001039291937224
2.2807278573780936	1.8855300977628762	0.0672179155509833	0.7355833663367214	0.10188877096548732	99.36818238642954	101.06491441758045	0.002543497015220543	1.0001039291937224
2.2807278573780936	1.8855300977628762	0.0672179155509833	0.7354484240370853	0.10188877096548732	99.36818238642954	101.06491441758045	0.002543497015220543	1.0001039291937224
2.2807278573780936	1.8855300977628762	0.0672179155509833	0.7354484240370853	0.10188877096548732	99.36818238642954	101.06491441758045	0.002543497015220543	1.0001039291937224
2.2807278573780936	1.8855300977628762	0.06721481148074694	0.7354484240370853	0.10188877096548732	99.36818238642954	101.06491441758045	0.002543497015220543	1.0001039291937224
2.2807278573780936	1.8855300977628762	0.06721481148074694	0.7354484240370853	0.10188877096548732	99.36818238642954	101.06491441758045	0.002543497015220543	1.0001039291937224
2.2807278573780936	1.8855300977628762	0.06721481148074694	0.7354484240370853	0.10188877096548732	99.36816101927022	101.06491441758045	0.002543497015220543	1.0001039291937224
2.2807278573780936	1.885480716604152	0.06721481148074694	0.7354484240370853	0.10188877096548732	99.36816101927022	101.06491441758045	0.002543497015220543	1.0001039291937224
2.2807278573780936	1.885480716604152	0.06721481148074694	0.7354484240370853	0.10188877096548732	99.36816101927022	101.06491441758045	0.002543497015220543	1.0001104652798292
2.2807278573780936	1.885480716604152	0.06721481148074694	0.7354484240370853	0.10188877096548732	99.36816101927022	101.06499021715703	0.002543497015220543	1.0001104652798292
2.2807278573780936	1.885480716604152	0.06721481148074694	0.7354484240370853	0.10188877096548732	99.36816101927022	101.06499021715703	0.002543497015220543	1.0001104652798292
2.2807278573780936	1.885480716604152	0.06721481148074694	0.7354484240370853	0.10188877096548732	99.36816101927022	101.06499021715703	0.002543497015220543	1.0001104652798292
2.2807278573780936	1.885481002565114	0.06721481148074694	0.7354484240370853	0.10188877096548732	99.36816101927022	101.06499021715703	0.002543497015220543	1.0001104652798292
2.2807278573780936	1.885481002565114	0.06721481148074694	0.7354484240370853	0.10188877096548732	99.36816101927022	101.06499021715703	0.002543497015220543	1.0001104652798292
2.2807278573780936	1.885481002565114	0.06721481148074694	0.7354484240370853	0.10188877096548732	99.36816101927022	101.06499021715703	0.0025504811171255196	1.0001104652798292
2.2807278573780936	1.885481002565114	0.06721481148074694	0.7354484240370853	0.10188875215486656	99.36816101927022	101.06499021715703	0.0025504811171255196	1.0001104652798292
2.2807278573780936	1.885481002565114	0.06721481148074694	0.7354484240370853	0.10188875215486656	99.36816101927022	101.06499021715703	0.0025504811171255196	1.0001104652798292
2.2807278573780936	1.885481002565114	0.06721481148074694	0.7354484240370853	0.10188875215486656	99.36816101927022	101.06499021715703	0.002281224145924575	1.0001104652798292
2.2807278573780936	1.885481002565114	0.06721481148074694	0.7354484240370853	0.10188875215486656	99.36816101927022	101.06499021715703	0.002281224145924575	1.0001104652798292
2.2807278573780936	1.885481002565114	0.06721481148074694	0.7354484240370853	0.10188875215486656	99.36816101927022	101.06499021715703	0.002281224145924575	1.0001104652798292
2.2807278573780936	1.885481002565114	0.06721481148074694	0.7354484240370853	0.10188875215486656	99.36816101927022	101.06499021715703	0.002281224145924575	1.0001104652798292
2.2807278573780936	1.885481002565114	0.06721481148074694	0.7354484240370853	0.10188875215486656	99.36816101927022	101.05507094489506	0.002281224145924575	1.0001104652798292
2.2807278573780936	1.885481002565114	0.06721481148074694	0.7354484240370853	0.10188875215486656	99.36816101927022	101.05507094489506	0.002281224145924575	1.0001104652798292
2.2807278573780936	1.885481002565114	0.06721481148074694	0.7354484240370853	0.10188875215486656	99.36816101927022	101.05507094489506	0.002281224145924575	1.0001104652798292
2.2807278573780936	1.885481002565114	0.06721481148074694	0.7354484240370853	0.10188875215486656	99.36816101927022	101.05507094489506	0.002281224145924575	1.0001104652798292
2.2807278573780936	1.885481002565114	0.06721481148074694	0.7354484240370853	0.10188875215486656	99.36816101927022	101.05507094489506	0.002281053019312689	1.0001104652798292
2.2807278573780936	1.885481002565114	0.06726427623278458	0.7354484240370853	0.10188875215486656	99.36816101927022	101.05507094489506	0.002281053019312689	1.0001104652798292
2.2807278573780936	1.885481002565114	0.06726427623278458	0.7354484240370853	0.10188875215486656	99.36816101927022	101.05507094489506	0.002281053019312689	1.0001104652798292
2.2807278573780936	1.885481002565114	0.06726427623278458	0.7354484240370853	0.10188875215486656	99.36816101927022	101.25958043681159	0.002281053019312689	1.0001104652798292
2.2807278573780936	1.885481002565114	0.06726427623278458	0.7354484240370853	0.10188875215486656	99.36816101927022	101.25971882257724	0.002281053019312689	1.0001104652798292
2.2807278573780936	1.885481002565114	0.06726427623278458	0.7354484240370853	0.10188875215486656	99.36816101927022	101.25971882257724	0.0022795838027960622	1.0001104652798292
2.2807278573780936	1.885481002565114	0.06726427623278458	0.7354484240370853	0.10188875215486656	99.36816101927022	101.25926400477849	0.0022795838027960622	1.0001104652798292
2.2807278573780936	1.885481002565114	0.06726427623278458	0.7354484240370853	0.10188875215486656	99.36816101927022	101.27545926227617	0.0022795838027960622	1.0001104652798292
2.2807278573780936	1.885481002565114	0.06726427623278458	0.7354484240370853	0.10199287357876864	99.36816101927022	101.27545926227617	0.0022795838027960622	1.0001104652798292
2.2807278573780936	1.885481002565114	0.06726427623278458	0.7354484240370853	0.10199287357876864	99.36816101927022	101.27545926227617	0.002406204097619378	1.0001104652798292
2.2807278573780936	1.8862392822405571	0.06726427623278458	0.7354484240370853	0.10199287357876864	99.36816101927022	101.27545926227617	0.002406204097619378	1.0001104652798292
2.2807278573780936	1.8862392822405571	0.06726427623278458	0.7354484240370853	0.10199287357876864	99.36816101927022	101.27545926227617	0.002406204097619378	1.0001104652798292
2.2807278573780936	1.8862392822405571	0.06726427623278458	0.7354484240370853	0.10199287357876864	99.36816101927022	101.27545926227617	0.002406204097619378	1.0001104652798292
2.2807278573780936	1.8862392822405571	0.06726427623278458	0.7354484240370853	0.10199287357876864	99.36816101927022	101.27545926227617	0.002406204097619378	1.0001104652798292
2.2807278573780936	1.8862392822405571	0.06726427623278458	0.7354484240370853	0.10199287357876864	99.36816101927022	101.27545926227617	0.002406204097619378	1.0001121579014087
2.2807278573780936	1.8862392822405571	0.06726427623278458	0.7354484240370853	0.10199287357876864	99.36816101927022	101.27545926227617	0.002406204097619378	1.0001121579014087
2.2807278573780936	1.8862392822405571	0.06726427623278458	0.7354484240370853	0.10199287357876864	99.36816101927022	101.27545926227617	0.002406204097619378	1.0001121579014087
2.2807278573780936	1.8862392822405571	0.06726427623278458	0.7354484240370853	0.10199287357876864	99.36816101927022	101.27545926227617	0.002406204097619378	1.0001121579014087
2.2807278573780936	1.8862392822405571	0.06726427623278458	0.7354484240370853	0.10199287357876864	99.36816101927022	101.27545926227617	0.0024062231646643363	1.0001121579014087
2.2807278573780936	1.8862392822405571	0.06726427623278458	0.7354484240370853	0.10199287357876864	99.36816101927022	101.27545926227617	0.0024062231646643363	1.0001121579014087
2.2807278573780936	1.8862392822405571	0.06726427623278458	0.7354484240370853	0.10199287357876864	99.36816101927022	101.27545926227617	0.0024062231646643363	1.0001121579014087
2.2807278573780936	1.8862392822405571	0.06727047260974704	0.7354484240370853	0.10199287357876864	99.36816101927022	101.27545926227617	0.0024062231646643363	1.0001121579014087
2.2807278573780936	1.8862392822405571	0.06727047260974704	0.7354484240370853	0.10199287357876864	99.36816101927022	101.27545926227617	0.0024062231646643363	1.0001121579014087
2.280714212622407	1.8862392822405571	0.06727047260974704	0.7354484240370853	0.10199287357876864	99.36816101927022	101.27545926227617	0.0024062231646643363	1.0001121579014087
2.280714212622407	1.8862392822405571	0.06727047260974704	0.7354484240370853	0.10199287357876864	99.36816101927022	101.27738009424118	0.0024062231646643363	1.0001121579014087
2.280714212622407	1.8862392822405571	0.06727047260974704	0.7354484240370853	0.10199287357876864	99.36816101927022	101.27738009424118	0.002636495606434967	1.0001121579014087
2.280714212622407	1.8862392822405571	0.06727047260974704	0.7354484240370853	0.10199287357876864	99.36816101927022	101.27738009424118	0.002636495606434967	1.0001121579014087
2.280714212622407	1.8862392822405571	0.06727047260974704	0.7354484240370853	0.10199287357876864	99.36816101927022	99.00399214494367	0.002636495606434967	1.0001121579014087
2.280715158277874	1.8862392822405571	0.06727047260974704	0.7354484240370853	0.10199287357876864	99.36816101927022	99.00399214494367	0.002636495606434967	1.0001121579014087
2.280715158277874	1.8862392822405571	0.06727047260974704	0.7354484240370853	0.10199287357876864	99.36816101927022	99.00399214494367	0.002636495606434967	1.0001121579014087
2.280715158277874	1.8862392822405571	0.06727047260974704	0.7354484240370853	0.10199287357876864	99.36816101927022	99.00399214494367	0.002636495606434967	1.0001121579014087
2.280715158277874	1.8862392822405571	0.06727047260974704	0.7354484240370853	0.10199287357876864	99.36816101927022	99.00399214494367	0.002636495606434967	1.0001121579014087
2.280715158277874	1.8862392822405571	0.06727047260974704	0.7354484240370853	0.10199287357876864	99.36816101927022	99.00399214494367	0.0026451758336991475	1.0001121579014087
2.280715158277874	1.8862392822405571	0.06727047260974704	0.7354484240370853	0.10199287357876864	99.36816101927022	99.00399214494367	0.0026451758336991475	1.0001121579014087
2.280715158277874	1.8865350488468597	0.06727047260974704	0.7354484240370853	0.10199287357876864	99.36816101927022	99.00399214494367	0.0026451758336991475	1.0001121579014087
2.280715158277874	1.8865350488468597	0.06727047260974704	0.7354484240370853	0.10199287357876864	99.36816101927022	99.00399214494367	0.0026451758336991475	1.0001121579014087
2.280715158277874	1.8865350488468597	0.06727047260974704	0.7354484240370853	0.10199287357876864	99.36816101927022	99.00399214494367	0.0026451758336991475	1.0001121579014087
2.280715158277874	1.8865350488468597	0.06727047260974704	0.7354484240370853	0.10199287357876864	99.36816101927022	99.00399214494367	0.0026451758336991475	1.0001121579014087
2.280715158277874	1.8865350488468597	0.06727047260974704	0.7354484240370853	0.10199287357876864	99.36816101927022	99.00399214494367	0.0026451758336991475	1.0001121579014087
2.280715158277874	1.8865350488468597	0.06727047260974704	0.7354484240370853	0.10199287357876864	99.35150979083359	99.00399214494367	0.0026451758336991475	1.0001121579014087
2.280715635598755	1.8865350488468597	0.06727047260974704	0.7354484240370853	0.10199287357876864	99.35150979083359	99.00399214494367	0.0026451758336991475	1.0001121579014087
2.280715635598755	1.8865350488468597	0.06727047260974704	0.7354484240370853	0.10199287357876864	99.35150979083359	99.00399214494367	0.0026451758336991475	1.0001121579014087
2.280715635598755	1.8865350488468597	0.06727047260974704	0.7354484240370853	0.10199287357876864	99.35150979083359	99.00399214494367	0.0023505830177735555	1.0001121579014087
2.280715635598755	1.8865350488468597	0.06727047260974704	0.7354484240370853	0.10199287357876864	99.35150979083359	99.00399214494367	0.0023505830177735555	1.0001121579014087
2.280715635598755	1.8865350488468597	0.06727047260974704	0.7354484240370853	0.10199287357876864	99.34760443485423	99.00399214494367	0.0023505830177735555	1.0001121579014087
2.280715635598755	1.8865349766746071	0.06727047260974704	0.7354484240370853	0.10199287357876864	99.34760443485423	99.00399214494367	0.0023505830177735555	1.0001121579014087
2.280715635598755	1.8865349766746071	0.06727047260974704	0.7354484240370853	0.10199179794187166	99.34760443485423	99.00399214494367	0.0023505830177735555	1.0001121579014087
2.280715635598755	1.8865364954610937	0.06727047260974704	0.7354484240370853	0.10199179794187166	99.34760443485423	99.00399214494367	0.0023505830177735555	1.0001121579014087
2.280715635598755	1.8865370405094748	0.06727047260974704	0.7354484240370853	0.10199179794187166	99.34760443485423	99.00399214494367	0.0023505830177735555	1.0001121579014087
2.280715635598755	1.8865370405094748	0.06727047260974704	0.7354484240370853	0.1019920684162957	99.34760443485423	99.00399214494367	0.0023505830177735555	1.0001121579014087
2.280715635598755	1.8865370405094748	0.06727047260974704	0.7354484240370853	0.1019920684162957	99.34760443485423	99.00399214494367	0.0023505830177735555	1.0001121579014087
2.280715635598755	1.8863906145974079	0.06727047260974704	0.7354484240370853	0.1019920684162957	99.34760443485423	99.00399214494367	0.0023505830177735555	1.0001121579014087
2.280715635598755	1.8863822759118176	0.06727047260974704	0.7354484240370853	0.1019920684162957	99.34760443485423	99.00399214494367	0.0023505830177735555	1.0001121579014087
2.280715635598755	1.8863822759118176	0.06727047260974704	0.7354484240370853	0.1019920684162957	99.34760443485423	99.00399214494367	0.0023505830177735555	1.0001121579014087
2.280715635598755	1.8863822759118176	0.06727047260974704	0.7354484240370853	0.1019920684162957	99.34760443485423	99.00399214494367	0.0023505830177735555	1.0001121579014087
2.280715635598755	1.8863822759118176	0.06727047260974704	0.7354484240370853	0.1019920684162957	99.34760443485423	99.00399214494367	0.0023075836132026946	1.0001121579014087
2.280715635598755	1.8863822759118176	0.06727047260974704	0.7354484240370853	0.1019920684162957	99.34760443485423	99.00399214494367	0.0023075836132026946	1.0001121579014087
2.280715635598755	1.8863822759118176	0.06727047260974704	0.7354484240370853	0.1019920684162957	99.34760443485423	99.00399214494367	0.0023075836132026946	1.0001121579014087
2.2807377577321235	1.8863822759118176	0.06727047260974704	0.7354484240370853	0.1019920684162957	99.34760443485423	99.00399214494367	0.0023075836132026946	1.0001121579014087
2.2807377577321235	1.8863822759118176	0.06727047260974704	0.7354484240370853	0.1019920684162957	99.34760443485423	99.00399214494367	0.0023075836132026946	1.0001121579014087
2.2807377577321235	1.8863822759118176	0.06727047260974704	0.7354484240370853	0.10199212807411089	99.34760443485423	99.00399214494367	0.0023075836132026946	1.0001121579014087
2.2807377577321235	1.8863822759118176	0.06727047260974704	0.7354484240370853	0.10199212807411089	99.34760443485423	99.00399214494367	0.0023076103911096463	1.0001121579014087
2.2807377577321235	1.8863822759118176	0.06727047260974704	0.7354484240370853	0.10199212807411089	99.34760443485423	99.00399214494367	0.0023076103911096463	1.0001121579014087
2.2807377577321235	1.8863822759118176	0.06727047260974704	0.7354367840780941	0.10199212807411089	99.34760443485423	99.00399214494367	0.0023076103911096463	1.0001121579014087
2.2807377577321235	1.8863822759118176	0.06727047260974704	0.7354367840780941	0.10199212807411089	99.34760443485423	99.00399214494367	0.0023076103911096463	1.0001121579014087
2.2807377577321235	1.8863822759118176	0.06727047260974704	0.7354367840780941	0.10199212807411089	99.34760443485423	99.00399214494367	0.0023076103911096463	1.0001121579014087
2.2807377577321235	1.8863822759118176	0.06727047260974704	0.7354367840780941	0.10199212807411089	99.34760443485423	99.00399214494367	0.0023076103911096463	1.0001121579014087
2.2807377577321235	1.8863822759118176	0.06727047260974704	0.7354367840780941	0.10199212807411089	99.34760443485423	99.00399214494367	0.0023076103911096463	1.000112534108829
2.2807377577321235	1.8863822759118176	0.06727047260974704	0.7354367840780941	0.10199212807411089	99.34760443485423	99.00399214494367	0.00217309349456963	1.000112534108829
2.2807377577321235	1.8863822759118176	0.06727047260974704	0.7354367840780941	0.10199212807411089	99.34760443485423	99.00399214494367	0.00217309349456963	1.000112534108829
2.2807377577321235	1.8863822759118176	0.06727047260974704	0.7354367840780941	0.10199212807411089	99.34760443485423	99.00399214494367	0.00217309349456963	1.000112534108829
2.2807377577321235	1.8863822759118176	0.06727047260974704	0.7354367840780941	0.10199212807411089	99.34760443485423	99.00399214494367	0.00217309349456963	1.0001125996457256
2.2807377577321235	1.8863822759118176	0.06727047260974704	0.7354367840780941	0.1020261046951133	99.34760443485423	99.00399214494367	0.00217309349456963	1.0001125996457256
2.2807377577321235	1.8863822759118176	0.06727047260974704	0.7353299632468978	0.1020261046951133	99.34760443485423	99.00399214494367	0.00217309349456963	1.0001125996457256
2.2807377577321235	1.8863822759118176	0.06727047260974704	0.7353299632468978	0.1020261046951133	99.34760443485423	99.00399214494367	0.0021733605326922914	1.0001125996457256
2.2807377577321235	1.8863822759118176	0.06727047260974704	0.7353159744137103	0.1020261046951133	99.34760443485423	99.00399214494367	0.0021733605326922914	1.0001125996457256
2.2807377577321235	1.8863822759118176	0.06727047260974704	0.7353159744137103	0.1020261046951133	99.34760443485423	99.00399214494367	0.0021733605326922914	1.0001125996457256
2.2807377577321235	1.8863822759118176	0.06727047260974704	0.7353159744137103	0.1020261046951133	99.34751867053235	99.00399214494367	0.0021733605326922914	1.0001125996457256
2.281260909835557	1.8863822759118176	0.06727047260974704	0.7353159744137103	0.1020261046951133	99.34751867053235	99.00399214494367	0.0021733605326922914	1.0001125996457256
2.281260909835557	1.8863822759118176	0.06727047260974704	0.7353159744137103	0.1020261046951133	99.34751867053235	99.00399214494367	0.0021733605326922914	1.0001125996457256
2.281260909835557	1.8863822759118176	0.06727047260974704	0.7350076539468303	0.1020261046951133	99.34751867053235	99.00399214494367	0.0021733605326922914	1.0001125996457256
2.281260909835557	1.8863822759118176	0.06727047260974704	0.7350076539468303	0.1020261046951133	99.34751867053235	99.00399214494367	0.0021733605326922914	1.0001125996457256
2.281673243597068	1.8863822759118176	0.06727047260974704	0.7350076539468303	0.1020261046951133	99.34751867053235	99.00399214494367	0.0021733605326922914	1.0001125996457256
2.281673243597068	1.8863822759118176	0.06730692700269504	0.7350076539468303	0.1020261046951133	99.34751867053235	99.00399214494367	0.0021733605326922914	1.0001125996457256
2.281673243597068	1.8863822759118176	0.06730692700269504	0.7350076539468303	0.10202632740016691	99.34751867053235	99.00399214494367	0.0021733605326922914	1.0001125996457256
2.281673243597068	1.8863822759118176	0.06730692700269504	0.7350076539468303	0.1020260069183258	99.34751867053235	99.00399214494367	0.0021733605326922914	1.0001125996457256
2.281673243597068	1.8863822759118176	0.06730692700269504	0.7350076539468303	0.1020260069183258	99.34751867053235	99.00399214494367	0.0021733605326922914	1.0001125996457256
2.281673243597068	1.8863822759118176	0.06730692700269504	0.7350076539468303	0.1020260069183258	99.34751867053235	99.00399214494367	0.0021733605326922914	1.0001125996457256
2.281673243597068	1.8863822759118176	0.06730692700269504	0.7350076539468303	0.1020260069183258	99.34751867053235	99.00399214494367	0.0021733605326922914	1.0001125996457256
2.281673243597068	1.8863822759118176	0.06730692700269504	0.7350076539468303	0.1020260069183258	99.34751867053235	99.00399214494367	0.0021733605326922914	1.0001125996457256
2.281673243597068	1.8826940912056709	0.06730692700269504	0.7350076539468303	0.1020260069183258	99.34751867053235	99.00399214494367	0.0021733605326922914	1.0001125996457256
2.281673243597068	1.8826940912056709	0.06730692700269504	0.7350076539468303	0.1020260069183258	99.34751867053235	99.00399214494367	0.0021733605326922914	1.0000973907981014
2.281673243597068	1.8826940912056709	0.06730692700269504	0.7350076539468303	0.10202624369821973	99.34751867053235	99.00399214494367	0.0021733605326922914	1.0000973907981014
2.281673243597068	1.8826940912056709	0.06730692700269504	0.7350076539468303	0.10202624369821973	99.34751867053235	99.00399214494367	0.0021733605326922914	1.0000973907981014
2.281673243597068	1.8826940912056709	0.06730692700269504	0.7350076539468303	0.10208589575468853	99.34751867053235	99.00399214494367	0.0021733605326922914	1.0000973907981014
2.281673243597068	1.8826940912056709	0.06730692700269504	0.7350076539468303	0.10208589575468853	99.3485709563545	99.00399214494367	0.0021733605326922914	1.0000973907981014
2.281673243597068	1.8826940912056709	0.06730692700269504	0.7350076539468303	0.10208589575468853	99.3485709563545	99.00399214494367	0.0021733605326922914	1.0000973907981014
2.281673243597068	1.8829235021204103	0.06730692700269504	0.7350076539468303	0.10208589575468853	99.3485709563545	99.00399214494367	0.0021733605326922914	1.0000973907981014
2.281673243597068	1.8829235021204103	0.06730692700269504	0.7350076539468303	0.10208589575468853	99.3485709563545	99.00399214494367	0.0021733605326922914	1.0000973907981014
2.281673243597068	1.8829229569712627	0.06730692700269504	0.7350076539468303	0.10208589575468853	99.3485709563545	99.00399214494367	0.0021733605326922914	1.0000973907981014
2.281673243597068	1.8829229569712627	0.06730692700269504	0.7350076539468303	0.10208589575468853	99.3485709563545	99.08198361964028	0.0021733605326922914	1.0000973907981014
2.281673243597068	1.8829229569712627	0.06730692700269504	0.7350076539468303	0.1020861768023231	99.3485709563545	99.08198361964028	0.0021733605326922914	1.0000973907981014
2.281673243597068	1.8829229569712627	0.06730692700269504	0.7350076539468303	0.1020861768023231	99.3485709563545	99.08198361964028	0.0021733605326922914	1.0000973907981014
2.281673243597068	1.882913550867694	0.06730692700269504	0.7350076539468303	0.1020861768023231	99.3485709563545	99.08198361964028	0.0021733605326922914	1.0000973907981014
2.281673243597068	1.882913550867694	0.06730692700269504	0.7350076539468303	0.1020861768023231	99.3485709563545	99.08198361964028	0.0021733605326922914	1.0000973907981014
2.281673243597068	1.882913550867694	0.06730692700269504	0.7350840794028503	0.1020861768023231	99.3485709563545	99.08198361964028	0.0021733605326922914	1.0000973907981014
2.281673243597068	1.882913550867694	0.06730692700269504	0.7350840794028503	0.1020861768023231	99.3397591820002	99.08198361964028	0.0021733605326922914	1.0000973907981014
2.281673243597068	1.882913550867694	0.06730692700269504	0.7350840794028503	0.1020858525890523	99.3397591820002	99.08198361964028	0.0021733605326922914	1.0000973907981014
2.281673243597068	1.882913550867694	0.06730692700269504	0.7350840794028503	0.1020858525890523	99.3397591820002	99.08198361964028	0.0021733605326922914	1.0000973907981014
2.281673243597068	1.882913550867694	0.06730692700269504	0.7350840794028503	0.1020858525890523	99.3397591820002	99.08137321382482	0.0021733605326922914	1.0000973907981014
2.281673243597068	1.882913550867694	0.06730692700269504	0.7350840794028503	0.1020858525890523	99.3397591820002	99.08137321382482	0.0021718791841382	1.0000973907981014
2.281673243597068	1.882913550867694	0.06730692700269504	0.7350840794028503	0.10208657414962988	99.3397591820002	99.08137321382482	0.0021718791841382	1.0000973907981014
2.281673243597068	1.882913550867694	0.06730692700269504	0.7350840794028503	0.10208657414962988	99.3397591820002	99.08137321382482	0.0021718791841382	1.0000973907981014
2.281673243597068	1.882913550867694	0.06730692700269504	0.7350840794028503	0.10208657414962988	99.3397591820002	99.08137321382482	0.0021718791841382	1.0000973907981014
2.2816278050862833	1.882913550867694	0.06730692700269504	0.7350840794028503	0.10208657414962988	99.3397591820002	99.08137321382482	0.0021718791841382	1.0000973907981014
2.2816278050862833	1.882913550867694	0.06730692700269504	0.7350840794028503	0.10208657414962988	99.3397591820002	99.08137321382482	0.0021718791841382	1.0000973907981014
2.2816278050862833	1.882913550867694	0.06730692700269504	0.7350840794028503	0.10208481094873699	99.3397591820002	99.08137321382482	0.0021718791841382	1.0000973907981014
2.2816278050862833	1.882913550867694	0.06730692700269504	0.7350840794028503	0.10208481094873699	99.3397591820002	99.08137321382482	0.0021718791841382	1.0000973907981014
2.2816278050862833	1.882913550867694	0.06730274398011048	0.7350840794028503	0.10208481094873699	99.3397591820002	99.08137321382482	0.0021718791841382	1.0000973907981014
2.2816278050862833	1.882913550867694	0.06730274398011048	0.7350840794028503	0.10208481094873699	99.3397591820002	99.08137321382482	0.0021718791841382	1.0000973907981014
2.2816278050862833	1.882913550867694	0.06730274398011048	0.7350840794028503	0.10208481094873699	99.3397591820002	99.08137321382482	0.0021718791841382	1.0000973907981014
2.2816278050862833	1.8829136814949081	0.06730274398011048	0.7350840794028503	0.10208481094873699	99.3397591820002	99.08137321382482	0.0021718791841382	1.0000973907981014
2.2816278050862833	1.8829136814949081	0.06730274398011048	0.7350840794028503	0.10208481094873699	99.33972231876099	99.08137321382482	0.0021718791841382	1.0000973907981014
2.2816278050862833	1.8827724414472324	0.06730274398011048	0.7350840794028503	0.10208481094873699	99.33972231876099	99.08137321382482	0.0021718791841382	1.0000973907981014
2.2816278050862833	1.8827724414472324	0.06730274398011048	0.7349234627533521	0.10208481094873699	99.33972231876099	99.08137321382482	0.0021718791841382	1.0000973907981014
2.2816278050862833	1.8827724414472324	0.06730274398011048	0.7349234627533521	0.10208481094873699	99.33972231876099	99.08137321382482	0.0021718791841382	1.0000973907981014
2.2816278050862833	1.8827724414472324	0.06730274398011048	0.7349234627533521	0.10208481094873699	99.33972231876099	99.08137321382482	0.0021718791841382	1.0000973907981014
2.2816278050862833	1.8827724414472324	0.06730274398011048	0.7349234627533521	0.10208491062471252	99.33972231876099	99.08137321382482	0.0021718791841382	1.0000973907981014
2.2816278050862833	1.8827724414472324	0.06730274398011048	0.7349234627533521	0.10208491062471252	99.33972231876099	99.08137321382482	0.0021718791841382	1.0000973907981014
2.2816278050862833	1.8827724414472324	0.06730274398011048	0.7349234627533521	0.10208491062471252	99.33857866455988	99.08137321382482	0.0021718791841382	1.0000973907981014
2.2816278050862833	1.8827724414472324	0.06730274398011048	0.7349234627533521	0.10208491062471252	99.33857866455988	99.08137321382482	0.0021718791841382	1.0000973907981014
2.2816278050862833	1.8827724414472324	0.06730274398011048	0.7349234627533521	0.10208491062471252	99.33857866455988	99.08137321382482	0.0021718791841382	1.0000973907981014
2.2816278050862833	1.8825293779861714	0.06730274398011048	0.7349234627533521	0.10208491062471252	99.33857866455988	99.08137321382482	0.0021718791841382	1.0000973907981014
2.2816278050862833	1.8825293779861714	0.06730274398011048	0.7349234627533521	0.10208496202537293	99.33857866455988	99.08137321382482	0.0021718791841382	1.0000973907981014
2.2816278050862833	1.8825293779861714	0.06730274398011048	0.7349234627533521	0.10208496202537293	99.33857866455988	99.08137321382482	0.0021746391186341836	1.0000973907981014
2.2816278050862833	1.8825293779861714	0.06730274398011048	0.7349234627533521	0.10208496202537293	99.33857866455988	99.08137321382482	0.0021746391186341836	1.0001001120853514
2.2816278050862833	1.8825293779861714	0.06730274398011048	0.7349234627533521	0.10208496202537293	99.33857866455988	99.08137321382482	0.0021746391186341836	1.0001001120853514
2.2816278050862833	1.8825321947639726	0.06730274398011048	0.7349234627533521	0.10208496202537293	99.33857866455988	99.08137321382482	0.0021746391186341836	1.0001001120853514
2.2816278050862833	1.8825321947639726	0.06730274398011048	0.7349234627533521	0.10208496202537293	99.33855151751965	99.08137321382482	0.0021746391186341836	1.0001001120853514
2.2816278050862833	1.8825321947639726	0.06730274398011048	0.7349234627533521	0.10208496202537293	99.33855151751965	99.08137321382482	0.0021746391186341836	1.0001001120853514
2.2816278050862833	1.8825321947639726	0.06730274398011048	0.7349234627533521	0.10208496202537293	99.33855151751965	99.08137321382482	0.0021746391186341836	1.0001001120853514
2.2816278050862833	1.8825321947639726	0.06730274398011048	0.7349234627533521	0.10208496202537293	99.33245539736959	99.08137321382482	0.0021746391186341836	1.0001001120853514
2.2816278050862833	1.8825321947639726	0.06730274398011048	0.7349234627533521	0.10208496202537293	99.33245539736959	99.08137321382482	0.0021746391186341836	1.0001001120853514
2.2816278050862833	1.8825321947639726	0.06730274398011048	0.7349234627533521	0.10208496202537293	99.33245539736959	99.08137321382482	0.00217499735055472	1.0001001120853514
2.2816278050862833	1.8825321947639726	0.06730274398011048	0.7349234627533521	0.10208496202537293	99.33245539736959	99.08137321382482	0.00217499735055472	1.0001001120853514
2.2816278050862833	1.8825321947639726	0.06730274398011048	0.7349234627533521	0.10208496202537293	99.33239733873366	99.08137321382482	0.00217499735055472	1.0001001120853514
2.2816278050862833	1.8825321947639726	0.06730274398011048	0.7349234627533521	0.10208496202537293	99.33241856183658	99.08137321382482	0.00217499735055472	1.0001001120853514
2.2816278050862833	1.8825321947639726	0.06730274398011048	0.7349234627533521	0.10208496202537293	99.33241856183658	99.08137321382482	0.002183242320273814	1.0001001120853514
2.2816278050862833	1.8825321947639726	0.06730274398011048	0.7349234627533521	0.10208496202537293	99.33241856183658	99.08137321382482	0.002183242320273814	1.0001001120853514
2.2816278050862833	1.882541720559788	0.06730274398011048	0.7349234627533521	0.10208496202537293	99.33241856183658	99.08137321382482	0.002183242320273814	1.0001001120853514
2.2816278050862833	1.882541720559788	0.06730274398011048	0.7349234627533521	0.10208496202537293	99.33241856183658	99.08137321382482	0.002183242320273814	1.0001001120853514
2.274819646530571	1.882541720559788	0.06730274398011048	0.7349234627533521	0.10208496202537293	99.33241856183658	99.08137321382482	0.002183242320273814	1.0001001120853514
2.274819646530571	1.882541720559788	0.06730274398011048	0.7349234627533521	0.10208496202537293	99.33241856183658	99.08137321382482	0.002183242320273814	1.0001000203088295
2.274819646530571	1.882541720559788	0.06730274398011048	0.7349234627533521	0.10208346020830354	99.33241856183658	99.08137321382482	0.002183242320273814	1.0001000203088295
2.274819646530571	1.882541720559788	0.06730274398011048	0.7349234627533521	0.10208346020830354	99.33241856183658	99.08137321382482	0.002183242320273814	1.0001000203088295
2.274819646530571	1.882541720559788	0.06730274398011048	0.7352713748328601	0.10208346020830354	99.33241856183658	99.08137321382482	0.002183242320273814	1.0001000203088295
2.274819646530571	1.882541720559788	0.06730274398011048	0.7352713748328601	0.10208346020830354	99.33241856183658	99.08137321382482	0.002183242320273814	1.0001000203088295
2.274819646530571	1.882541720559788	0.06730274398011048	0.7352713748328601	0.10208346020830354	99.33241856183658	99.08137321382482	0.002183242320273814	1.0001000203088295
2.2748231682599456	1.882541720559788	0.06730274398011048	0.7352713748328601	0.10208346020830354	99.33241856183658	99.08137321382482	0.002183242320273814	1.0001000203088295
2.2748231682599456	1.882541720559788	0.06732752747259642	0.7352713748328601	0.10208346020830354	99.33241856183658	99.08137321382482	0.002183242320273814	1.0001000203088295
2.2748231682599456	1.882541720559788	0.06732752747259642	0.7352682630858841	0.10208346020830354	99.33241856183658	99.08137321382482	0.002183242320273814	1.0001000203088295
2.2748231682599456	1.8825568804284827	0.06732752747259642	0.7352682630858841	0.10208346020830354	99.33241856183658	99.08137321382482	0.002183242320273814	1.0001000203088295
2.2748231682599456	1.8825568804284827	0.06732752747259642	0.7352682630858841	0.1020835606645135	99.33241856183658	99.08137321382482	0.002183242320273814	1.0001000203088295
2.2748231682599456	1.8825568804284827	0.06732752747259642	0.7352682630858841	0.1020835606645135	99.33241856183658	99.08137321382482	0.002183242320273814	1.0001032995062906
2.2748231682599456	1.8825568804284827	0.06732752747259642	0.7352682630858841	0.1020835606645135	99.33241856183658	99.08212947277875	0.002183242320273814	1.0001032995062906
2.2748231682599456	1.8825639064452746	0.06732752747259642	0.7352682630858841	0.1020835606645135	99.33241856183658	99.08212947277875	0.002183242320273814	1.0001032995062906
2.2748231682599456	1.8825639064452746	0.06732132554985884	0.7352682630858841	0.1020835606645135	99.33241856183658	99.08212947277875	0.002183242320273814	1.0001032995062906
2.2748231682599456	1.8826325539648094	0.06732132554985884	0.7352682630858841	0.1020835606645135	99.33241856183658	99.08212947277875	0.002183242320273814	1.0001032995062906
2.2748231682599456	1.8826325539648094	0.06732132554985884	0.7352682630858841	0.1020835606645135	99.33241856183658	99.08212947277875	0.002183242320273814	1.0001032995062906
2.2748231682599456	1.8826325539648094	0.06732132554985884	0.7352682630858841	0.1020835606645135	99.33241856183658	99.08212947277875	0.002183242320273814	1.0001032995062906
2.2748231682599456	1.8826325539648094	0.06732132554985884	0.7352682630858841	0.1020835606645135	99.33241856183658	99.08212947277875	0.002183242320273814	1.0001032995062906
2.2748231682599456	1.8826325539648094	0.06732132554985884	0.7352682630858841	0.1020835606645135	99.33241856183658	99.08212947277875	0.002183242320273814	1.0001032995062906
2.2748231682599456	1.8826325539648094	0.06732132554985884	0.7352682630858841	0.10208299504885049	99.33241856183658	99.08212947277875	0.002183242320273814	1.0001032995062906
2.2748231682599456	1.8826325539648094	0.06732132554985884	0.7352682630858841	0.10208299504885049	99.35472483040736	99.08212947277875	0.002183242320273814	1.0001032995062906
2.2748231682599456	1.8826325539648094	0.06732132554985884	0.7352682630858841	0.10208299504885049	99.35472483040736	99.08165886805794	0.002183242320273814	1.0001032995062906
2.2748231682599456	1.8826325539648094	0.06732132554985884	0.7352682630858841	0.10208299504885049	99.35472483040736	99.08165886805794	0.002183242320273814	1.0001032995062906
2.2748231682599456	1.8826043619764414	0.06732132554985884	0.7352682630858841	0.10208299504885049	99.35472483040736	99.08165886805794	0.002183242320273814	1.0001032995062906
2.2748231682599456	1.8816490476882655	0.06732132554985884	0.7352682630858841	0.10208299504885049	99.35472483040736	99.08165886805794	0.002183242320273814	1.0001032995062906
2.275144572943198	1.8816490476882655	0.06732132554985884	0.7352682630858841	0.10208299504885049	99.35472483040736	99.08165886805794	0.002183242320273814	1.0001032995062906
2.275144572943198	1.8816490476882655	0.06730757149744981	0.7352682630858841	0.10208299504885049	99.35472483040736	99.08165886805794	0.002183242320273814	1.0001032995062906
2.275550298434349	1.8816490476882655	0.06730757149744981	0.7352682630858841	0.10208299504885049	99.35472483040736	99.08165886805794	0.002183242320273814	1.0001032995062906
2.275550298434349	1.8816490476882655	0.06730757149744981	0.7352682630858841	0.10208299504885049	99.35437329024397	99.08165886805794	0.002183242320273814	1.0001032995062906
2.275550298434349	1.8816490476882655	0.06730757149744981	0.7352682630858841	0.10208299504885049	99.35535137271953	99.08165886805794	0.002183242320273814	1.0001032995062906
2.275550298434349	1.8816490476882655	0.06730757149744981	0.7352682630858841	0.10208299504885049	99.35535137271953	99.08165886805794	0.002183242320273814	1.0001032995062906
2.2759425320933335	1.8816490476882655	0.06730757149744981	0.7352682630858841	0.10208299504885049	99.35535137271953	99.08165886805794	0.002183242320273814	1.0001032995062906
2.2759425320933335	1.8816490476882655	0.06730757149744981	0.7352682630858841	0.10208299504885049	99.35535137271953	99.08165886805794	0.002183242320273814	1.0001032995062906
2.2759425320933335	1.8816490476882655	0.06730757149744981	0.7352682630858841	0.10208299504885049	99.35371525162158	99.08165886805794	0.002183242320273814	1.0001032995062906
2.2759425320933335	1.8816490476882655	0.06730757149744981	0.7352682630858841	0.10208299504885049	99.35371525162158	99.08165886805794	0.002183242320273814	1.0001032995062906
2.2762441261934487	1.8816490476882655	0.06730757149744981	0.7352682630858841	0.10208299504885049	99.35371525162158	99.08165886805794	0.002183242320273814	1.0001032995062906
2.2762441261934487	1.8816490476882655	0.06730757149744981	0.7352682630858841	0.10208299504885049	99.35371525162158	99.11244991050228	0.002183242320273814	1.0001032995062906
2.2762441261934487	1.8816490476882655	0.06730757149744981	0.7352682630858841	0.10208299504885049	99.35371525162158	99.11244991050228	0.002183242320273814	1.0001032995062906
2.2762441261934487	1.8816490476882655	0.06730757149744981	0.7352682630858841	0.10208299504885049	99.35371525162158	99.11244991050228	0.002183242320273814	1.0001032995062906
2.2762441261934487	1.8816490476882655	0.06730757149744981	0.7352682630858841	0.10208299504885049	99.35371525162158	99.11244991050228	0.002183242320273814	1.0001032995062906
2.2762441261934487	1.8816490476882655	0.06730757149744981	0.7352682630858841	0.10208299504885049	99.35371525162158	99.11244991050228	0.002183242320273814	1.0001032995062906
2.2762441261934487	1.8816498350616626	0.06730757149744981	0.7352682630858841	0.10208299504885049	99.35371525162158	99.11244991050228	0.002183242320273814	1.0001032995062906
2.2762441261934487	1.8816498350616626	0.06730757149744981	0.7352682630858841	0.10208198094721804	99.35371525162158	99.11244991050228	0.002183242320273814	1.0001032995062906
2.2762441261934487	1.8816498350616626	0.06730757149744981	0.7352682630858841	0.10208194356380391	99.35371525162158	99.11244991050228	0.002183242320273814	1.0001032995062906
2.2762441261934487	1.8816498350616626	0.06730757149744981	0.7350305004605976	0.10208194356380391	99.35371525162158	99.11244991050228	0.002183242320273814	1.0001032995062906
2.2762441261934487	1.881649436147919	0.06730757149744981	0.7350305004605976	0.10208194356380391	99.35371525162158	99.11244991050228	0.002183242320273814	1.0001032995062906
2.2762441261934487	1.881649436147919	0.06730757149744981	0.7350305004605976	0.10208194356380391	99.35371525162158	99.11244991050228	0.002183242320273814	1.0001032995062906
2.2762441261934487	1.881649436147919	0.06730757149744981	0.7350305004605976	0.10208194356380391	99.35371525162158	99.11244991050228	0.002168865183006982	1.0001032995062906
2.2762441261934487	1.881649436147919	0.06730757149744981	0.7350305004605976	0.10208194356380391	99.35371525162158	99.11244991050228	0.002168865183006982	1.0001032995062906
2.2762441261934487	1.881649436147919	0.06730757149744981	0.7350305004605976	0.10208194356380391	99.35371525162158	99.11244991050228	0.002168865183006982	1.0001032995062906
2.2762441261934487	1.881649436147919	0.06730757149744981	0.7350305004605976	0.10208194356380391	99.35371525162158	99.11244991050228	0.002168865183006982	1.0001032995062906
2.2762441261934487	1.881649436147919	0.06730757149744981	0.7350305004605976	0.10208194356380391	99.35371525162158	99.11244991050228	0.002168865183006982	1.0001032995062906
2.2762441261934487	1.881649436147919	0.06730757149744981	0.7350305004605976	0.10208194356380391	99.35371525162158	99.11244991050228	0.002168865183006982	1.0001032995062906
2.2762441261934487	1.881649436147919	0.06730757149744981	0.7350305004605976	0.10208194356380391	99.35371525162158	99.11244991050228	0.002168865183006982	1.0000898774451943
2.2762441261934487	1.881649436147919	0.06730757149744981	0.7350305004605976	0.10208194356380391	99.35371525162158	99.09719672105781	0.002168865183006982	1.0000898774451943
2.2762441261934487	1.881649436147919	0.06730757149744981	0.7350305004605976	0.10208194356380391	99.35371525162158	99.09719672105781	0.002168865183006982	1.0000898774451943
2.2762441261934487	1.881649436147919	0.06730757149744981	0.7350305004605976	0.10208194356380391	99.35371525162158	99.09719672105781	0.002168865183006982	1.0000865132552337
2.2762441261934487	1.881649436147919	0.06730757149744981	0.7350305004605976	0.10208194356380391	99.35371525162158	99.09806072872595	0.002168865183006982	1.0000865132552337
2.2762441261934487	1.881649436147919	0.06730757149744981	0.7350305004605976	0.10208194356380391	99.35371525162158	99.09806072872595	0.002168865183006982	1.0000865132552337
2.2762441261934487	1.881649436147919	0.06730757149744981	0.7350305004605976	0.10208194356380391	99.35371525162158	99.09806072872595	0.002168865183006982	1.0000865132552337
2.2762441261934487	1.881649839068305	0.06730757149744981	0.7350305004605976	0.10208194356380391	99.35371525162158	99.09806072872595	0.002168865183006982	1.0000865132552337
2.2762441261934487	1.881649839068305	0.06730757149744981	0.7350305004605976	0.10208194356380391	99.35371525162158	99.09806072872595	0.002168865183006982	1.0000863867739478
2.2762441261934487	1.881649839068305	0.06730757149744981	0.7350305004605976	0.10208194356380391	99.35371525162158	99.09806072872595	0.002168865183006982	1.0000863867739478
2.2762441261934487	1.881649839068305	0.06730757149744981	0.7350305004605976	0.10208194356380391	99.35371525162158	99.09806072872595	0.002168865183006982	1.0000863867739478
2.2762441261934487	1.881649839068305	0.06730757149744981	0.7350305004605976	0.10208194356380391	99.35371525162158	99.09806072872595	0.002168865183006982	1.0000863867739478
2.2762441261934487	1.881649839068305	0.06730757149744981	0.7350305004605976	0.10208194356380391	99.35371525162158	99.09806072872595	0.0021748701453896753	1.0000863867739478
2.2762441261934487	1.881649839068305	0.06730757149744981	0.7350305004605976	0.10208194356380391	99.35371525162158	99.09806072872595	0.0021748701453896753	1.0001014390612402
2.2762441261934487	1.8816497861862087	0.06730757149744981	0.7350305004605976	0.10208194356380391	99.35371525162158	99.09806072872595	0.0021748701453896753	1.0001014390612402
2.2762441261934487	1.881650158084747	0.06730757149744981	0.7350305004605976	0.10208194356380391	99.35371525162158	99.09806072872595	0.0021748701453896753	1.0001014390612402
2.2762441261934487	1.881650158084747	0.06730757149744981	0.7350305004605976	0.10208194356380391	99.35371525162158	99.09806072872595	0.0021748701453896753	1.0001081984190425
2.2762441261934487	1.881650158084747	0.06730757149744981	0.7350305004605976	0.10208194356380391	99.35371525162158	99.09806072872595	0.0021748701453896753	1.0001081984190425
2.2762441261934487	1.881650158084747	0.06730757149744981	0.7350305004605976	0.10208194356380391	99.35371525162158	99.09806072872595	0.0021748701453896753	1.0001081984190425
2.2762441261934487	1.881486191759376	0.06730757149744981	0.7350305004605976	0.10208194356380391	99.35371525162158	99.09806072872595	0.0021748701453896753	1.0001081984190425
2.2762441261934487	1.881486191759376	0.06730757149744981	0.7350305004605976	0.10208194356380391	99.35371525162158	99.09806072872595	0.0021748701453896753	1.0001079735560787
2.2762441261934487	1.881486191759376	0.06730757149744981	0.7350305004605976	0.10208194356380391	99.35371525162158	99.09806072872595	0.002186656597955097	1.0001079735560787
