2.132475453451803	1.9058674496531376	0.06591042736023477	0.7524553872265539	0.10037064375600804	98.04490473440845	106.1767359176805	0.0022805446487486184	1.0000902323752796
2.132475453451803	1.9058674496531376	0.06591042736023477	0.7522929279879433	0.10037064375600804	98.04490473440845	106.1767359176805	0.0022805446487486184	1.0000902323752796
2.132475453451803	1.9058674496531376	0.06591042736023477	0.7523392429825091	0.10037064375600804	98.04490473440845	106.1767359176805	0.0022805446487486184	1.0000902323752796
2.132475453451803	1.9058674496531376	0.06591042736023477	0.7523392429825091	0.10037064375600804	98.04490473440845	107.52402967220291	0.0022805446487486184	1.0000902323752796
2.132475453451803	1.9058674496531376	0.06591042736023477	0.7523392429825091	0.10037064375600804	98.04490473440845	107.49367769771321	0.0022805446487486184	1.0000902323752796
2.132475453451803	1.9058674496531376	0.06591042736023477	0.7523392429825091	0.1003705639045899	98.04490473440845	107.49367769771321	0.0022805446487486184	1.0000902323752796
2.1324806898561666	1.9058674496531376	0.06591042736023477	0.7523392429825091	0.1003705639045899	98.04490473440845	107.49367769771321	0.0022805446487486184	1.0000902323752796
2.1324806898561666	1.9058674496531376	0.06591042736023477	0.7523392429825091	0.1003705639045899	98.05749851837422	107.49367769771321	0.0022805446487486184	1.0000902323752796
2.1324806898561666	1.9058674496531376	0.06591042736023477	0.7523331699048966	0.1003705639045899	98.05749851837422	107.49367769771321	0.0022805446487486184	1.0000902323752796
2.1324806898561666	1.9058658537672892	0.06591042736023477	0.7523331699048966	0.1003705639045899	98.05749851837422	107.49367769771321	0.0022805446487486184	1.0000902323752796
2.1324806898561666	1.9058658537672892	0.06591042736023477	0.7523331699048966	0.1003705639045899	98.05749851837422	107.49367769771321	0.0022805446487486184	1.0000902323752796
2.1325111625427615	1.9058658537672892	0.06591042736023477	0.7523331699048966	0.1003705639045899	98.05749851837422	107.49367769771321	0.0022805446487486184	1.0000902323752796
2.1325111625427615	1.9058658537672892	0.06591042736023477	0.7523331699048966	0.1003705639045899	98.05749851837422	107.49367769771321	0.0022805446487486184	1.0000902323752796
2.1325111625427615	1.9058658537672892	0.06591042736023477	0.7523331699048966	0.1003705639045899	98.05749851837422	107.49367769771321	0.0022805446487486184	1.0000902323752796
2.1325111625427615	1.9058658537672892	0.06591832060207824	0.7523331699048966	0.1003705639045899	98.05749851837422	107.49367769771321	0.0022805446487486184	1.0000902323752796
2.1325111625427615	1.9058658537672892	0.06591832060207824	0.7523331699048966	0.1003708318610664	98.05749851837422	107.49367769771321	0.0022805446487486184	1.0000902323752796
2.1325111625427615	1.9058658537672892	0.06591832060207824	0.7523331699048966	0.1003708318610664	98.05749851837422	107.49367769771321	0.0022805446487486184	1.0000902323752796
2.1325111625427615	1.9058658537672892	0.06591832060207824	0.7523331699048966	0.1003708318610664	98.05749851837422	107.49367769771321	0.0022805446487486184	1.0000902323752796
2.1325111625427615	1.9058658537672892	0.06591832060207824	0.7523331699048966	0.10037980027412834	98.05749851837422	107.49367769771321	0.0022805446487486184	1.0000902323752796
2.1325111625427615	1.9058658537672892	0.06591832060207824	0.7523331699048966	0.10037980027412834	98.05749851837422	107.49367769771321	0.0022805446487486184	1.0000902323752796
2.1325111625427615	1.9058658537672892	0.06591832060207824	0.7523331699048966	0.10037980027412834	98.05749851837422	107.49367769771321	0.0022805446487486184	1.000090226824802
2.1325111625427615	1.9058658537672892	0.06591832060207824	0.7523331699048966	0.10037965240705193	98.05749851837422	107.49367769771321	0.0022805446487486184	1.000090226824802
2.1325111625427615	1.9058658537672892	0.06591832060207824	0.7523331699048966	0.10037965240705193	98.04520912097887	107.49367769771321	0.0022805446487486184	1.000090226824802
2.1325111625427615	1.9058705234047952	0.06591832060207824	0.7523331699048966	0.10037965240705193	98.04520912097887	107.49367769771321	0.0022805446487486184	1.000090226824802
2.1325111625427615	1.9058705234047952	0.06591832060207824	0.7523331699048966	0.10037718237088532	98.04520912097887	107.49367769771321	0.0022805446487486184	1.000090226824802
2.1325111625427615	1.9058705234047952	0.06585750469953174	0.7523331699048966	0.10037718237088532	98.04520912097887	107.49367769771321	0.0022805446487486184	1.000090226824802
2.1325111625427615	1.9058705234047952	0.06585750469953174	0.7523331699048966	0.10037718237088532	98.04520912097887	107.49367769771321	0.0022805446487486184	1.000090226824802
2.1325111625427615	1.9058705234047952	0.06585750469953174	0.7523331699048966	0.10037718237088532	98.04520912097887	107.49367769771321	0.0022805446487486184	1.000090226824802
2.1325111625427615	1.9058705234047952	0.06585750469953174	0.7523331699048966	0.10037718237088532	98.04520912097887	107.49367769771321	0.0022805446487486184	1.000090226824802
2.1325111625427615	1.9058705234047952	0.06585750469953174	0.7523331699048966	0.10037718237088532	98.04520912097887	107.49367769771321	0.0022805446487486184	1.000090226824802
2.1325111625427615	1.9058705234047952	0.06585750469953174	0.7523331699048966	0.10037718237088532	98.04608350730808	107.49367769771321	0.0022805446487486184	1.000090226824802
2.1325111625427615	1.9058705234047952	0.06585750469953174	0.7523331699048966	0.10037718237088532	98.07374862576665	107.49367769771321	0.0022805446487486184	1.000090226824802
2.1325111625427615	1.9058705234047952	0.06585750469953174	0.7523331699048966	0.10037718237088532	98.07372456365727	107.49367769771321	0.0022805446487486184	1.000090226824802
2.132511081877067	1.9058705234047952	0.06585750469953174	0.7523331699048966	0.10037718237088532	98.07372456365727	107.49367769771321	0.0022805446487486184	1.000090226824802
2.132511081877067	1.9058705234047952	0.06585492392286994	0.7523331699048966	0.10037718237088532	98.07372456365727	107.49367769771321	0.0022805446487486184	1.000090226824802
2.132511081877067	1.9058705234047952	0.06585492392286994	0.7523331699048966	0.10037718237088532	98.07372456365727	107.49367769771321	0.0022805446487486184	1.000090226824802
2.132511081877067	1.9058705234047952	0.06585169039735467	0.7523331699048966	0.10037718237088532	98.07372456365727	107.49367769771321	0.0022805446487486184	1.000090226824802
2.132511081877067	1.9058705234047952	0.06585169039735467	0.7523331699048966	0.10037718237088532	98.073494949809	107.49367769771321	0.0022805446487486184	1.000090226824802
2.132511081877067	1.9058693178691437	0.06585169039735467	0.7523331699048966	0.10037718237088532	98.073494949809	107.49367769771321	0.0022805446487486184	1.000090226824802
2.132511081877067	1.9058693178691437	0.06585169039735467	0.7523331699048966	0.10037661750980219	98.073494949809	107.49367769771321	0.0022805446487486184	1.000090226824802
2.132511081877067	1.9058693178691437	0.06585169039735467	0.7523331699048966	0.10037661750980219	98.073494949809	107.49367769771321	0.0022805446487486184	1.000090226824802
2.132511081877067	1.9058693178691437	0.06585169039735467	0.7523331699048966	0.10037661750980219	98.073494949809	107.49367769771321	0.0022805446487486184	1.000090226824802
2.132511081877067	1.9058693178691437	0.06585169039735467	0.7523331699048966	0.10037661750980219	98.073494949809	107.49367769771321	0.0022803459580060382	1.000090226824802
2.1322723542249147	1.9058693178691437	0.06585169039735467	0.7523331699048966	0.10037661750980219	98.073494949809	107.49367769771321	0.0022803459580060382	1.000090226824802
2.1322723542249147	1.9058693178691437	0.06585169039735467	0.7523331699048966	0.10037661750980219	98.073494949809	107.49367769771321	0.0022803459580060382	1.000090226824802
2.1322723542249147	1.9058693178691437	0.06585169039735467	0.7523331699048966	0.10037661750980219	98.073494949809	107.49367769771321	0.0022803459580060382	1.000090226824802
2.1322723542249147	1.9058693178691437	0.06585169039735467	0.7523331699048966	0.10037661750980219	98.073494949809	107.52627651563924	0.0022803459580060382	1.000090226824802
2.1322723542249147	1.9058693178691437	0.06585169039735467	0.7523331699048966	0.10037661750980219	98.073494949809	107.52627651563924	0.0022803459580060382	1.000090226824802
2.1322723542249147	1.9058693178691437	0.06585169039735467	0.7523331699048966	0.10037661750980219	98.073494949809	107.52627651563924	0.0022803459580060382	1.000090226824802
2.1322723542249147	1.9058693178691437	0.06585169039735467	0.7523331699048966	0.10037661750980219	98.07105345638888	107.52627651563924	0.0022803459580060382	1.000090226824802
2.1322723542249147	1.9058693178691437	0.06585022328450554	0.7523331699048966	0.10037661750980219	98.07105345638888	107.52627651563924	0.0022803459580060382	1.000090226824802
2.1322723542249147	1.9058693178691437	0.06585022328450554	0.7523331699048966	0.10037661750980219	98.07105345638888	107.52627651563924	0.0022803459580060382	1.000090226824802
2.1322723542249147	1.9058693178691437	0.06585022328450554	0.7523331699048966	0.10037661750980219	98.07105345638888	107.52627651563924	0.0022803459580060382	1.000090226824802
2.1322723542249147	1.9058737974957882	0.06585022328450554	0.7523331699048966	0.10037661750980219	98.07105345638888	107.52627651563924	0.0022803459580060382	1.000090226824802
2.1322731449930186	1.9058737974957882	0.06585022328450554	0.7523331699048966	0.10037661750980219	98.07105345638888	107.52627651563924	0.0022803459580060382	1.000090226824802
2.1322731449930186	1.9058737974957882	0.06585022328450554	0.7523331699048966	0.10037661750980219	98.07105345638888	107.58128175652898	0.0022803459580060382	1.000090226824802
2.1322731449930186	1.9058737974957882	0.06586287923057907	0.7523331699048966	0.10037661750980219	98.07105345638888	107.58128175652898	0.0022803459580060382	1.000090226824802
2.1322731449930186	1.9058737974957882	0.06586287923057907	0.7523331699048966	0.10037661750980219	98.07105345638888	107.58128175652898	0.0022803459580060382	1.000090226824802
2.1322731449930186	1.9058737974957882	0.06586287923057907	0.7523331699048966	0.10037661750980219	98.07401158717371	107.58128175652898	0.0022803459580060382	1.000090226824802
2.1322731449930186	1.9058737974957882	0.06586287923057907	0.7523331699048966	0.10037661750980219	98.07401158717371	107.58128175652898	0.002348307327089531	1.000090226824802
2.1322731449930186	1.9058798084032775	0.06586287923057907	0.7523331699048966	0.10037661750980219	98.07401158717371	107.58128175652898	0.002348307327089531	1.000090226824802
2.1322731449930186	1.9058798084032775	0.06586287923057907	0.7523331699048966	0.1003812164544306	98.07401158717371	107.58128175652898	0.002348307327089531	1.000090226824802
2.1322731449930186	1.9039777345748332	0.06586287923057907	0.7523331699048966	0.1003812164544306	98.07401158717371	107.58128175652898	0.002348307327089531	1.000090226824802
2.1322731449930186	1.9039777345748332	0.06586287923057907	0.7523331699048966	0.1003812164544306	98.07401158717371	107.58128175652898	0.002348307327089531	1.000090226824802
2.1322731449930186	1.9039777345748332	0.06586287923057907	0.7523331699048966	0.1003812164544306	98.07401158717371	107.58128175652898	0.002348307327089531	1.000090226824802
2.1322731449930186	1.9039777345748332	0.06586287923057907	0.7523331699048966	0.1003812164544306	98.07401158717371	107.58128175652898	0.002348307327089531	1.000090226824802
2.1322731449930186	1.9039777345748332	0.06586287923057907	0.7523331699048966	0.1003812164544306	98.07401158717371	108.03461674238488	0.002348307327089531	1.000090226824802
2.1322731449930186	1.9039777345748332	0.06586287923057907	0.7523331699048966	0.1003812164544306	98.07401158717371	108.03461674238488	0.0023481913294815804	1.000090226824802
2.1322731449930186	1.9039777345748332	0.06586287923057907	0.7523331699048966	0.1003812164544306	98.07401158717371	108.03461674238488	0.0023481913294815804	1.0000899045985145
2.1322731449930186	1.9039777345748332	0.06586287923057907	0.7523331699048966	0.1003812164544306	98.07401158717371	108.03461674238488	0.00234818066796531	1.0000899045985145
2.1322731449930186	1.9039777345748332	0.06586287923057907	0.7523331699048966	0.1003812164544306	98.07401158717371	108.03461674238488	0.00234818066796531	1.0000899045985145
2.1322731449930186	1.9039777345748332	0.06586287923057907	0.7523331699048966	0.1003812164544306	98.07401158717371	108.03461674238488	0.00234818066796531	1.0000898927804314
2.1322731449930186	1.9039777345748332	0.06586287923057907	0.7523331699048966	0.1003812164544306	98.07409463651483	108.03461674238488	0.00234818066796531	1.0000898927804314
2.1322731449930186	1.9039777345748332	0.06586287923057907	0.7523331699048966	0.1003812164544306	98.07409463651483	108.03461674238488	0.00234818066796531	1.0000898927804314
2.1322731449930186	1.9039771068102922	0.06586287923057907	0.7523331699048966	0.1003812164544306	98.07409463651483	108.03461674238488	0.00234818066796531	1.0000898927804314
2.1322731449930186	1.9039771068102922	0.06586287923057907	0.7523331699048966	0.1003812164544306	98.07409463651483	108.03461674238488	0.00234818066796531	1.0000898927804314
2.1322731449930186	1.9039771068102922	0.06586287923057907	0.7523331699048966	0.1003812164544306	98.07409463651483	108.03461674238488	0.00234818066796531	1.0000898927804314
2.1322731449930186	1.9039771068102922	0.06586287923057907	0.7523331699048966	0.1003812164544306	98.07409463651483	108.03461674238488	0.00234818066796531	1.0000898927804314
2.1322731449930186	1.9039771068102922	0.06586287923057907	0.7523331699048966	0.1003812164544306	98.07409463651483	108.03461674238488	0.00234818066796531	1.0000898927804314
2.1322731449930186	1.9039771068102922	0.06586287923057907	0.7523331699048966	0.1003812164544306	98.07409463651483	108.03455822406842	0.00234818066796531	1.0000898927804314
2.1322731449930186	1.9039771068102922	0.06586287923057907	0.7523331699048966	0.1003841131827654	98.07409463651483	108.03455822406842	0.00234818066796531	1.0000898927804314
2.1322731449930186	1.9039771068102922	0.06586287923057907	0.7523331699048966	0.1003841131827654	98.07409463651483	108.03455822406842	0.00234818066796531	1.000090203155989
2.1322731449930186	1.9039771068102922	0.06586287923057907	0.7523331699048966	0.1003841131827654	98.07409463651483	108.03455822406842	0.002203445875054875	1.000090203155989
2.1322731449930186	1.9039771068102922	0.06586287923057907	0.7523331699048966	0.1003841131827654	98.07409463651483	108.03455822406842	0.002203445875054875	1.000090203155989
2.1322731449930186	1.9039771068102922	0.06586287923057907	0.7523331699048966	0.10041391471880248	98.07409463651483	108.03455822406842	0.002203445875054875	1.000090203155989
2.1322731449930186	1.9039781675640772	0.06586287923057907	0.7523331699048966	0.10041391471880248	98.07409463651483	108.03455822406842	0.002203445875054875	1.000090203155989
2.133136393196351	1.9039781675640772	0.06586287923057907	0.7523331699048966	0.10041391471880248	98.07409463651483	108.03455822406842	0.002203445875054875	1.000090203155989
2.133136393196351	1.9039781675640772	0.06586287923057907	0.7523331699048966	0.10041391471880248	98.0546700785767	108.03455822406842	0.002203445875054875	1.000090203155989
2.133136393196351	1.9039781675640772	0.06586287923057907	0.7523331699048966	0.10041391471880248	98.0546700785767	108.03455822406842	0.002203445875054875	1.000090203155989
2.133136393196351	1.9039781675640772	0.06586287923057907	0.7523331699048966	0.10041343552534504	98.0546700785767	108.03455822406842	0.002203445875054875	1.000090203155989
2.133136393196351	1.9049188615459247	0.06586287923057907	0.7523331699048966	0.10041343552534504	98.0546700785767	108.03455822406842	0.002203445875054875	1.000090203155989
2.133136393196351	1.9049188615459247	0.06586287923057907	0.7523331699048966	0.10052415512370046	98.0546700785767	108.03455822406842	0.002203445875054875	1.000090203155989
2.133136393196351	1.9049188615459247	0.06586287923057907	0.7523331699048966	0.10052415512370046	98.0546700785767	108.03455822406842	0.002203445875054875	1.000090203155989
2.133136393196351	1.9049188615459247	0.06586287923057907	0.7523331699048966	0.10052415512370046	98.0546700785767	108.03455822406842	0.00220348624621995	1.000090203155989
2.133136393196351	1.9049188615459247	0.06586287923057907	0.7523331699048966	0.10052415512370046	98.0546700785767	108.03455822406842	0.002182199178010533	1.000090203155989
2.133136393196351	1.9049188615459247	0.06586287923057907	0.7523331699048966	0.10052380085308199	98.0546700785767	108.03455822406842	0.002182199178010533	1.000090203155989
2.133136393196351	1.9049188615459247	0.06586287923057907	0.7523331699048966	0.10052380085308199	98.0546700785767	108.03455822406842	0.002182199178010533	1.000090203155989
2.1329676482127216	1.9049188615459247	0.06586287923057907	0.7523331699048966	0.10052380085308199	98.0546700785767	108.03455822406842	0.002182199178010533	1.000090203155989
2.1329676482127216	1.9049188615459247	0.06586287923057907	0.7523331699048966	0.10052380085308199	98.0546700785767	108.03455822406842	0.002182199178010533	1.000090203155989
2.1329676482127216	1.9049188615459247	0.06586287923057907	0.7523331699048966	0.10052380085308199	98.0546700785767	108.03455822406842	0.002182199178010533	1.000090203155989
2.1329676482127216	1.9049188615459247	0.06586287923057907	0.7523331699048966	0.10052380085308199	98.05471863962013	108.03455822406842	0.002182199178010533	1.000090203155989
2.1329676482127216	1.9049188615459247	0.06586287923057907	0.7523331699048966	0.10052380085308199	98.05471863962013	108.03455822406842	0.002182199178010533	1.000090203155989
2.1329676482127216	1.9049188615459247	0.06586287923057907	0.7523331699048966	0.10050382476908626	98.05471863962013	108.03455822406842	0.002182199178010533	1.000090203155989
2.1329676482127216	1.9049188615459247	0.06586287923057907	0.7523331699048966	0.10050382476908626	98.05471863962013	108.03455822406842	0.002182199178010533	1.000090203155989
2.1329676482127216	1.9049188615459247	0.06586287923057907	0.7523331699048966	0.10050382476908626	98.05471863962013	108.03455822406842	0.002182199178010533	1.000090203155989
2.1329676482127216	1.9049188615459247	0.06586287923057907	0.7523331699048966	0.10050382476908626	98.05471863962013	108.03455822406842	0.002182199178010533	1.000090203155989
2.1329676482127216	1.9049188615459247	0.06586287923057907	0.7523331699048966	0.10050382476908626	98.05471863962013	108.03455822406842	0.002182199178010533	1.0000858307176972
2.1329676482127216	1.9049188615459247	0.06586287923057907	0.7523331699048966	0.10050382476908626	98.05471863962013	108.03455822406842	0.002182199178010533	1.0000858307176972
2.1329676482127216	1.9049188615459247	0.06586287923057907	0.7523331699048966	0.10050382476908626	98.05471863962013	108.03455822406842	0.002182199178010533	1.0000858307176972
2.1329676482127216	1.9049217544993489	0.06586287923057907	0.7523331699048966	0.10050382476908626	98.05471863962013	108.03455822406842	0.002182199178010533	1.0000858307176972
2.1329676482127216	1.9049217544993489	0.06586287923057907	0.7523331699048966	0.10050382476908626	98.05471863962013	108.03455822406842	0.002182199178010533	1.0000858307176972
2.1329676482127216	1.9049217544993489	0.06586287923057907	0.7523331699048966	0.10051999887406966	98.05471863962013	108.03455822406842	0.002182199178010533	1.0000858307176972
2.1329676482127216	1.9049217544993489	0.06586287923057907	0.7523331699048966	0.10051999887406966	98.05471863962013	108.03455822406842	0.002182199178010533	1.0001013604150628
2.1329676482127216	1.9049217544993489	0.06586287923057907	0.7523331699048966	0.10051999887406966	98.05471863962013	108.03455822406842	0.002182199178010533	1.0001013604150628
2.1329676482127216	1.9049217544993489	0.06586287923057907	0.7523331699048966	0.10051999887406966	98.05471863962013	108.03437080026482	0.002182199178010533	1.0001013604150628
2.1329676482127216	1.9049217544993489	0.06586287923057907	0.7523331699048966	0.10051999887406966	98.05471863962013	108.03437080026482	0.002182199178010533	1.0001013604150628
2.1329676482127216	1.9049217544993489	0.06586287923057907	0.7523331699048966	0.10051999887406966	98.05471863962013	108.03437080026482	0.002182199178010533	1.0001013604150628
2.1329676482127216	1.9049217544993489	0.06586287923057907	0.7523331699048966	0.10051999887406966	98.05471863962013	108.03437080026482	0.002182199178010533	1.0001013604150628
2.1329676482127216	1.9049217544993489	0.06586287923057907	0.7523331699048966	0.10051999887406966	98.05471863962013	108.03437080026482	0.002182199178010533	1.0001013604150628
2.1329676482127216	1.9049217544993489	0.06586287923057907	0.7523331699048966	0.10051999887406966	98.05455965844759	108.03437080026482	0.002182199178010533	1.0001013604150628
2.1329676482127216	1.9049217544993489	0.06586287923057907	0.7523331699048966	0.10051999887406966	98.05455965844759	108.03437080026482	0.0021823510511113677	1.0001013604150628
2.1329676482127216	1.9049217544993489	0.06586287923057907	0.7523331699048966	0.10051507285227294	98.05455965844759	108.03437080026482	0.0021823510511113677	1.0001013604150628
2.1329676482127216	1.9049217544993489	0.06586287923057907	0.7523331699048966	0.10051507285227294	98.05455965844759	108.03437080026482	0.0021823510511113677	1.0001013604150628
2.1329676482127216	1.9049217544993489	0.06586287923057907	0.7523331699048966	0.10051507285227294	98.05455965844759	108.03437080026482	0.0021823510511113677	1.0001013604150628
2.1329676482127216	1.9049217544993489	0.06586287923057907	0.7524082549828416	0.10051507285227294	98.05455965844759	108.03437080026482	0.0021823510511113677	1.0001013604150628
2.1329676482127216	1.9049217544993489	0.06586287923057907	0.7524082549828416	0.10051507285227294	98.05455965844759	108.03437080026482	0.0021823510511113677	1.0001013604150628
2.1329676482127216	1.9049217544993489	0.06586287923057907	0.7524082549828416	0.10051507285227294	98.05455965844759	108.03437080026482	0.0021823510511113677	1.0001013604150628
2.1329676482127216	1.9049217544993489	0.06586287923057907	0.7524082549828416	0.10051466539001652	98.05455965844759	108.03437080026482	0.0021823510511113677	1.0001013604150628
2.1329676482127216	1.9049217544993489	0.06586287923057907	0.7524082549828416	0.10051466539001652	98.05455965844759	108.03437080026482	0.0021823510511113677	1.0001013604150628
2.1329676482127216	1.9049217544993489	0.06586287923057907	0.7524082549828416	0.10051466539001652	98.05455965844759	108.03437080026482	0.0021823510511113677	1.0001015455349958
2.1329676482127216	1.9049217544993489	0.06586287923057907	0.7524082549828416	0.10051466539001652	98.05455965844759	108.03437080026482	0.0021823510511113677	1.0001015455349958
2.1329676482127216	1.904221629071083	0.06586287923057907	0.7524082549828416	0.10051466539001652	98.05455965844759	108.03437080026482	0.0021823510511113677	1.0001015455349958
2.1329676482127216	1.904221629071083	0.06586287923057907	0.7524082549828416	0.10051466539001652	98.05455965844759	108.03437080026482	0.0021823510511113677	1.0001015455349958
2.1329676482127216	1.904221629071083	0.06586287923057907	0.7524082549828416	0.10051466539001652	98.05455965844759	108.02898668523605	0.0021823510511113677	1.0001015455349958
2.1329676482127216	1.904221629071083	0.06586287923057907	0.7524082549828416	0.10051466539001652	98.05455965844759	108.01703201613826	0.0021823510511113677	1.0001015455349958
2.1329676482127216	1.904221629071083	0.06586287923057907	0.7524082549828416	0.10051466539001652	98.05455965844759	108.01703201613826	0.0021816343861669196	1.0001015455349958
2.1329676482127216	1.904221629071083	0.06586287923057907	0.7524082549828416	0.10051466539001652	98.05455965844759	108.01703201613826	0.0021816343861669196	1.0001015455349958
2.1329676482127216	1.904221629071083	0.06586287923057907	0.7524082549828416	0.10051466196056848	98.05455965844759	108.01703201613826	0.0021816343861669196	1.0001015455349958
2.1329676482127216	1.904221629071083	0.06586287923057907	0.7524082549828416	0.10051466196056848	98.04149959536579	108.01703201613826	0.0021816343861669196	1.0001015455349958
2.1329676482127216	1.904221629071083	0.06586287923057907	0.7524082549828416	0.10051466196056848	98.04149959536579	108.01703201613826	0.0021816343861669196	1.0001015455349958
2.1329676482127216	1.904221629071083	0.06586287923057907	0.7524082549828416	0.10051466196056848	98.04149959536579	108.01703201613826	0.0021816343861669196	1.0001015455349958
2.1329676482127216	1.904221629071083	0.06586287923057907	0.7524082549828416	0.10051466196056848	98.04149959536579	108.01703201613826	0.0021816343861669196	1.0001015455349958
2.1329676482127216	1.904221629071083	0.06586287923057907	0.7524082549828416	0.10051466196056848	98.04149959536579	108.01703201613826	0.0021816343861669196	1.0001015455349958
2.1329676482127216	1.904221629071083	0.06586287923057907	0.7524082549828416	0.10051466196056848	98.04149959536579	108.01703201613826	0.0021816343861669196	1.0001015455349958
2.1329676482127216	1.904221629071083	0.06586287923057907	0.7524082549828416	0.10051466196056848	98.04149959536579	108.01703201613826	0.0021816343861669196	1.0001015455349958
2.1329676482127216	1.904221629071083	0.06586287923057907	0.7524082549828416	0.10051466196056848	98.04149959536579	108.01703201613826	0.0021816343861669196	1.0001036861982702
2.1329676482127216	1.904221629071083	0.06586287923057907	0.7524082549828416	0.10051466196056848	98.04149959536579	108.01703201613826	0.0021816343861669196	1.0001036861982702
2.1329676482127216	1.904221629071083	0.06586287923057907	0.7524082549828416	0.10051466196056848	98.04149959536579	108.01703201613826	0.0021816343861669196	1.0001036861982702
2.1329488739126896	1.904221629071083	0.06586287923057907	0.7524082549828416	0.10051466196056848	98.04149959536579	108.01703201613826	0.0021816343861669196	1.0001036861982702
2.133010779441754	1.904221629071083	0.06586287923057907	0.7524082549828416	0.10051466196056848	98.04149959536579	108.01703201613826	0.0021816343861669196	1.0001036861982702
2.133010779441754	1.904221629071083	0.06586287923057907	0.7524082549828416	0.10051466196056848	98.04149959536579	108.01703201613826	0.0021816343861669196	1.0001036861982702
2.133010779441754	1.904221629071083	0.06586287923057907	0.7524082549828416	0.10051466196056848	98.04149959536579	108.01703201613826	0.002239122937667286	1.0001036861982702
2.133010779441754	1.904221629071083	0.06586287923057907	0.7524082549828416	0.10051466196056848	98.04149959536579	108.01703201613826	0.002239122937667286	1.0001036861982702
2.133010779441754	1.904221629071083	0.06586108138780578	0.7524082549828416	0.10051466196056848	98.04149959536579	108.01703201613826	0.002239122937667286	1.0001036861982702
2.133010779441754	1.904221629071083	0.06586108138780578	0.7524082549828416	0.10051466196056848	98.04149959536579	108.01703201613826	0.002239122937667286	1.0001036861982702
2.133010779441754	1.904221629071083	0.06586108138780578	0.7512625223844939	0.10051466196056848	98.04149959536579	108.01703201613826	0.002239122937667286	1.0001036861982702
2.133010779441754	1.904221629071083	0.06586108138780578	0.7512625223844939	0.10051466196056848	98.04149959536579	108.01703201613826	0.002166606212897884	1.0001036861982702
2.133010779441754	1.904221629071083	0.06586108138780578	0.7512625223844939	0.10051466196056848	98.04149959536579	108.01703201613826	0.002166606212897884	1.0001036861982702
2.133010779441754	1.904221629071083	0.06586108138780578	0.7512625223844939	0.10051466196056848	98.04149959536579	108.01703201613826	0.002166606212897884	1.0001036861982702
2.133010779441754	1.904221629071083	0.06586108138780578	0.7512625223844939	0.10051466196056848	98.04149959536579	108.01066719306621	0.002166606212897884	1.0001036861982702
2.133010779441754	1.904221629071083	0.06586108138780578	0.7512625223844939	0.10051477063406716	98.04149959536579	108.01066719306621	0.002166606212897884	1.0001036861982702
2.133010779441754	1.904221629071083	0.06586108138780578	0.7512625223844939	0.10051477063406716	98.04149959536579	108.01066719306621	0.002166606212897884	1.0001036861982702
2.133010779441754	1.904221629071083	0.06586108138780578	0.7512625223844939	0.10051477063406716	98.04149959536579	108.01066719306621	0.002166606212897884	1.0001036861982702
2.133010779441754	1.904221629071083	0.06586108138780578	0.7512625223844939	0.10051477063406716	98.04149959536579	107.94099460958242	0.002166606212897884	1.0001036861982702
2.133010779441754	1.904221629071083	0.06586108138780578	0.7512625223844939	0.10051477063406716	98.04149959536579	107.94099460958242	0.002166606212897884	1.0001036861982702
2.133010779441754	1.904221629071083	0.06586108138780578	0.7512625223844939	0.10051477063406716	98.04149959536579	107.94099460958242	0.002166606212897884	1.0001036861982702
2.133010779441754	1.904221629071083	0.06586108138780578	0.7512625223844939	0.10051477063406716	98.04149959536579	107.94099460958242	0.002166606212897884	1.0001036861982702
2.133010779441754	1.904221629071083	0.06586108138780578	0.7512625223844939	0.10051477063406716	98.04111618497933	107.94099460958242	0.002166606212897884	1.0001036861982702
2.133010779441754	1.904221629071083	0.06586108138780578	0.7512625223844939	0.10051477063406716	98.04111618497933	107.94099460958242	0.002166606212897884	1.0001036861982702
2.133010779441754	1.904221629071083	0.06586108138780578	0.7512625223844939	0.10051477063406716	98.04111618497933	107.94099460958242	0.002166606212897884	1.0001036861982702
2.133010779441754	1.904221629071083	0.06586108138780578	0.7512625223844939	0.10051477063406716	98.04111618497933	107.94099460958242	0.002166606212897884	1.0001036861982702
2.133010779441754	1.904221629071083	0.06586108138780578	0.7512625223844939	0.10051477063406716	98.04111618497933	107.94099460958242	0.002166606212897884	1.0001036861982702
2.133010779441754	1.904221629071083	0.06586108138780578	0.7512625223844939	0.10051477063406716	98.04111618497933	107.94099460958242	0.002166606212897884	1.0001036861982702
2.133010779441754	1.904221629071083	0.06586108138780578	0.7512625223844939	0.10051477851519085	98.04111618497933	107.94099460958242	0.002166606212897884	1.0001036861982702
2.133010779441754	1.904221629071083	0.06586108138780578	0.7512625223844939	0.10051477851519085	98.04111618497933	107.94099460958242	0.002166606212897884	1.0001036861982702
2.133010779441754	1.904221629071083	0.06586108138780578	0.7512625223844939	0.10051477851519085	98.04111618497933	107.94099460958242	0.0021670748752290075	1.0001036861982702
2.133010779441754	1.904221629071083	0.06586108138780578	0.7512625223844939	0.10051477851519085	98.04111618497933	107.94099460958242	0.0021670748752290075	1.0001036861982702
2.133010779441754	1.904221629071083	0.06586108138780578	0.7512625223844939	0.10051477851519085	98.04111618497933	107.94099460958242	0.0021670748752290075	1.0001036861982702
2.133010779441754	1.904221629071083	0.06586108138780578	0.7512625223844939	0.10051477851519085	98.04111618497933	107.94099460958242	0.0021670748752290075	1.0001036861982702
2.133010779441754	1.904221629071083	0.06586108138780578	0.7512625223844939	0.10051477851519085	98.04111618497933	107.94099460958242	0.0021674161823234017	1.0001036861982702
2.133010779441754	1.904221629071083	0.06586108138780578	0.7512625223844939	0.10051477851519085	98.04111618497933	107.94099460958242	0.0021674161823234017	1.0001036861982702
2.133010779441754	1.904221629071083	0.06586108138780578	0.7512625223844939	0.10051477851519085	98.04111618497933	107.94099460958242	0.0021674161823234017	1.0001036861982702
2.1335036010753963	1.904221629071083	0.06586108138780578	0.7512625223844939	0.10051477851519085	98.04111618497933	107.94099460958242	0.0021674161823234017	1.0001036861982702
2.1335036010753963	1.904221629071083	0.06586108138780578	0.7512625223844939	0.10051477851519085	98.04111618497933	107.94099460958242	0.0021674161823234017	1.0001036861982702
2.1335036010753963	1.904221629071083	0.06586108138780578	0.7512625223844939	0.10051477851519085	98.04111618497933	107.94099460958242	0.0021674161823234017	1.0001036861982702
2.1335036010753963	1.9040445908460837	0.06586108138780578	0.7512625223844939	0.10051477851519085	98.04111618497933	107.94099460958242	0.0021674161823234017	1.0001036861982702
2.1335036010753963	1.9040445908460837	0.06586108138780578	0.7512625223844939	0.10051477851519085	98.04111618497933	107.94099460958242	0.0021674161823234017	1.0001036861982702
2.1335036010753963	1.9040445908460837	0.06586108138780578	0.7512625223844939	0.10052802289781342	98.04111618497933	107.94099460958242	0.0021674161823234017	1.0001036861982702
2.1335036010753963	1.9040445908460837	0.06586108138780578	0.7512625223844939	0.10052802289781342	98.04111618497933	107.9635060570564	0.0021674161823234017	1.0001036861982702
2.1335036010753963	1.9040445908460837	0.06586108138780578	0.7512625223844939	0.10052802289781342	98.04111618497933	107.96384606186749	0.0021674161823234017	1.0001036861982702
2.1335036010753963	1.9040445908460837	0.06586108138780578	0.7512625223844939	0.10052802289781342	98.04111618497933	107.99694336991192	0.0021674161823234017	1.0001036861982702
2.1335036010753963	1.9040445908460837	0.06586108138780578	0.7512625223844939	0.10052802289781342	98.04111618497933	107.99694336991192	0.0021674161823234017	1.0001036861982702
2.1335036010753963	1.9040445908460837	0.06586108138780578	0.7512625223844939	0.10052802289781342	98.04111618497933	107.99694336991192	0.0021674161823234017	1.0001036861982702
2.1335036010753963	1.9040445908460837	0.06586108138780578	0.7512625223844939	0.10052790703073358	98.04111618497933	107.99694336991192	0.0021674161823234017	1.0001036861982702
2.1335036010753963	1.9040445908460837	0.06586108138780578	0.7512625223844939	0.10052790703073358	98.04111618497933	107.99694336991192	0.0021674161823234017	1.0001036861982702
2.1335036010753963	1.9040445908460837	0.06586108138780578	0.7512625223844939	0.10052790703073358	98.04111618497933	105.7161147798316	0.0021674161823234017	1.0001036861982702
2.1335036010753963	1.9040445908460837	0.06586108138780578	0.7512625223844939	0.10052790703073358	98.04111618497933	105.59864837048887	0.0021674161823234017	1.0001036861982702
2.1335036010753963	1.9040445908460837	0.06586108138780578	0.7521700482513036	0.10052790703073358	98.04111618497933	105.59864837048887	0.0021674161823234017	1.0001036861982702
2.1335036010753963	1.9105188961930502	0.06586108138780578	0.7521700482513036	0.10052790703073358	98.04111618497933	105.59864837048887	0.0021674161823234017	1.0001036861982702
2.1335036010753963	1.9105188961930502	0.06586108138780578	0.7522824426071433	0.10052790703073358	98.04111618497933	105.59864837048887	0.0021674161823234017	1.0001036861982702
2.1335036010753963	1.9105188961930502	0.06586108138780578	0.7522824426071433	0.10052790703073358	98.04111618497933	105.59864837048887	0.00217301938583756	1.0001036861982702
2.1335036010753963	1.9105188961930502	0.06586108138780578	0.7522540012628087	0.10052790703073358	98.04111618497933	105.59864837048887	0.00217301938583756	1.0001036861982702
2.1334457211124787	1.9105188961930502	0.06586108138780578	0.7522540012628087	0.10052790703073358	98.04111618497933	105.59864837048887	0.00217301938583756	1.0001036861982702
2.1334457211124787	1.9105188961930502	0.06586108138780578	0.7522540012628087	0.10052790703073358	98.04111618497933	105.59864837048887	0.00217301938583756	1.0001038147687484
2.1334457211124787	1.9105188961930502	0.06586095910764252	0.7522540012628087	0.10052790703073358	98.04111618497933	105.59864837048887	0.00217301938583756	1.0001038147687484
2.1334457211124787	1.9105188961930502	0.06586095910764252	0.7522540012628087	0.10052790703073358	98.04111618497933	105.59864837048887	0.002717484451592607	1.0001038147687484
2.1334984530791474	1.9105188961930502	0.06586095910764252	0.7522540012628087	0.10052790703073358	98.04111618497933	105.59864837048887	0.002717484451592607	1.0001038147687484
2.1334984530791474	1.9105188961930502	0.06586095910764252	0.7522540012628087	0.10052790703073358	98.04111618497933	105.59864837048887	0.002717484451592607	1.0001038147687484
2.1334984530791474	1.9105188961930502	0.06586095910764252	0.7522540012628087	0.10052790703073358	98.04095984683558	105.59864837048887	0.002717484451592607	1.0001038147687484
2.1334984530791474	1.9105188961930502	0.06586095910764252	0.7522540012628087	0.10052790703073358	98.04095984683558	105.59864837048887	0.002717484451592607	1.0001038147687484
2.1334984530791474	1.9105188961930502	0.06586095910764252	0.7522540012628087	0.10052790703073358	98.04095984683558	105.59864837048887	0.002717484451592607	1.0001038147687484
2.1334984530791474	1.9105188961930502	0.06586095910764252	0.7522540012628087	0.10052790703073358	98.04095984683558	105.59864837048887	0.002717484451592607	1.0001038147687484
2.1334984530791474	1.9105188961930502	0.06586095910764252	0.7522540012628087	0.10052790703073358	98.04095984683558	105.59864837048887	0.002717484451592607	1.0001038147687484
2.1334984530791474	1.9105188961930502	0.06586095910764252	0.7522540012628087	0.10052790703073358	98.04095984683558	105.59864837048887	0.002717484451592607	1.0001038147687484
2.1334984530791474	1.9105188961930502	0.06586095910764252	0.7522540012628087	0.10052790703073358	98.04095984683558	105.59864837048887	0.002717484451592607	1.0001038147687484
2.1334984530791474	1.9105188961930502	0.06586095910764252	0.7522540012628087	0.10052790703073358	98.04095984683558	105.59864837048887	0.002717484451592607	1.0001033107530384
2.1334984530791474	1.9105188961930502	0.06586095910764252	0.7522540012628087	0.10052790703073358	98.04095984683558	105.59864837048887	0.002717484451592607	1.0001033107530384
2.1334984530791474	1.9105188961930502	0.06586095910764252	0.7522540012628087	0.10052790703073358	98.04095984683558	105.59864837048887	0.002717484451592607	1.0001033142565965
2.1334984530791474	1.9105188961930502	0.06586095910764252	0.7522540012628087	0.10052790703073358	98.04095984683558	105.59864837048887	0.002717484451592607	1.0001033142565965
2.1334984530791474	1.9105188961930502	0.06586095910764252	0.7522540012628087	0.10052790703073358	98.04095984683558	105.59864837048887	0.002717484451592607	1.0001033142565965
2.1334984530791474	1.9105189063100818	0.06586095910764252	0.7522540012628087	0.10052790703073358	98.04095984683558	105.59864837048887	0.002717484451592607	1.0001033142565965
2.1334984530791474	1.9105189063100818	0.06586095910764252	0.7522540012628087	0.10052790703073358	98.04095984683558	105.59864837048887	0.002717484451592607	1.0001033142565965
2.1334984530791474	1.9105189063100818	0.06586095910764252	0.7522540012628087	0.10052790703073358	98.04095984683558	105.55360612143588	0.002717484451592607	1.0001033142565965
2.1334984530791474	1.9105189063100818	0.06586892902157412	0.7522540012628087	0.10052790703073358	98.04095984683558	105.55360612143588	0.002717484451592607	1.0001033142565965
2.1334984530791474	1.9105189063100818	0.06566272652088097	0.7522540012628087	0.10052790703073358	98.04095984683558	105.55360612143588	0.002717484451592607	1.0001033142565965
2.1334984530791474	1.9105189063100818	0.06566272652088097	0.7522540012628087	0.10052790703073358	98.04095984683558	105.55360612143588	0.002717476854412378	1.0001033142565965
2.1334984530791474	1.9105189063100818	0.06566272652088097	0.7522540012628087	0.10052790703073358	98.04107623825949	105.55360612143588	0.002717476854412378	1.0001033142565965
2.133501752228768	1.9105189063100818	0.06566272652088097	0.7522540012628087	0.10052790703073358	98.04107623825949	105.55360612143588	0.002717476854412378	1.0001033142565965
2.133501752228768	1.9104379242779523	0.06566272652088097	0.7522540012628087	0.10052790703073358	98.04107623825949	105.55360612143588	0.002717476854412378	1.0001033142565965
2.1335023751552744	1.9104379242779523	0.06566272652088097	0.7522540012628087	0.10052790703073358	98.04107623825949	105.55360612143588	0.002717476854412378	1.0001033142565965
2.1335023751552744	1.9104379242779523	0.06566272652088097	0.7522540012628087	0.10052790703073358	98.04107623825949	105.55360612143588	0.002717476854412378	1.0001032036060176
2.1335023751552744	1.9104379242779523	0.06566272652088097	0.7522540012628087	0.10052790703073358	98.04107623825949	105.55360612143588	0.002717476854412378	1.0001033621105304
2.1335023751552744	1.9104379242779523	0.06566272652088097	0.7522540012628087	0.10052790703073358	98.04107623825949	105.55468932042619	0.002717476854412378	1.0001033621105304
2.133389431321108	1.9104379242779523	0.06566272652088097	0.7522540012628087	0.10052790703073358	98.04107623825949	105.55468932042619	0.002717476854412378	1.0001033621105304
2.133389431321108	1.9104379242779523	0.06566272652088097	0.7522540012628087	0.10052790703073358	98.04107623825949	105.55468932042619	0.002717476854412378	1.0001033621105304
2.133389431321108	1.9104379242779523	0.06566272652088097	0.752254175958976	0.10052790703073358	98.04107623825949	105.55468932042619	0.002717476854412378	1.0001033621105304
2.133389431321108	1.9104379242779523	0.06566272652088097	0.752254175958976	0.10052790703073358	98.04107623825949	105.55468932042619	0.002719753606907973	1.0001033621105304
2.133389431321108	1.9104379242779523	0.06566272652088097	0.752254175958976	0.10052790703073358	98.04107623825949	105.55468932042619	0.002719753606907973	1.0001033621105304
2.133389431321108	1.9104379242779523	0.06566272652088097	0.752254175958976	0.10052790703073358	98.04107623825949	105.61353591951662	0.002719753606907973	1.0001033621105304
2.133389431321108	1.9104379242779523	0.06566272652088097	0.752254175958976	0.10052790703073358	98.04107623825949	105.66382121298189	0.002719753606907973	1.0001033621105304
2.133389431321108	1.9104379242779523	0.06566272652088097	0.752254175958976	0.1005278821459283	98.04107623825949	105.66382121298189	0.002719753606907973	1.0001033621105304
2.133389431321108	1.9104379242779523	0.06566272652088097	0.752254175958976	0.1005278821459283	98.04107623825949	105.66382121298189	0.002719753606907973	1.0001033621105304
2.133389431321108	1.9104379242779523	0.06566272652088097	0.752254175958976	0.1005278821459283	98.04107623825949	105.66382121298189	0.002719753606907973	1.0001033621105304
2.133389431321108	1.9104379242779523	0.06566272652088097	0.752254175958976	0.1005278821459283	98.04107623825949	105.66382121298189	0.002719753606907973	1.0001033621105304
2.133389431321108	1.9104401558893906	0.06566272652088097	0.752254175958976	0.1005278821459283	98.04107623825949	105.66382121298189	0.002719753606907973	1.0001033621105304
2.133389431321108	1.9104401558893906	0.06566272652088097	0.752254175958976	0.1005278821459283	98.04107623825949	105.66382121298189	0.002719753606907973	1.0001033621105304
2.1331210003995276	1.9104401558893906	0.06566272652088097	0.752254175958976	0.1005278821459283	98.04107623825949	105.66382121298189	0.002719753606907973	1.0001033621105304
2.1331210003995276	1.917708171019749	0.06566272652088097	0.752254175958976	0.1005278821459283	98.04107623825949	105.66382121298189	0.002719753606907973	1.0001033621105304
2.1331210003995276	1.917708171019749	0.06566272652088097	0.752254175958976	0.1005278821459283	98.04107623825949	105.66382121298189	0.002719753606907973	1.0001033621105304
2.1331210003995276	1.917708171019749	0.06566272652088097	0.752254175958976	0.1005278821459283	98.04107623825949	105.66382121298189	0.002719753606907973	1.0001033621105304
2.1331210003995276	1.917708171019749	0.06566272652088097	0.752254175958976	0.1005278821459283	98.04107623825949	105.66402149537105	0.002719753606907973	1.0001033621105304
2.1331210003995276	1.917708171019749	0.06566272652088097	0.752254175958976	0.1005278821459283	98.04107623825949	105.66402149537105	0.002719753606907973	1.0001031939024148
2.1331210003995276	1.917708171019749	0.06566272652088097	0.752254175958976	0.1005278821459283	98.04138178437677	105.66402149537105	0.002719753606907973	1.0001031939024148
2.1331210003995276	1.917708171019749	0.06566272652088097	0.752254175958976	0.1005278821459283	98.04138178437677	105.66402149537105	0.002719753606907973	1.0001031939024148
2.1331210003995276	1.917708171019749	0.06566272652088097	0.752254175958976	0.1005278821459283	98.04138178437677	105.66402149537105	0.002719753606907973	1.0001031939024148
2.1331210003995276	1.917708171019749	0.06566272652088097	0.752254175958976	0.1005278821459283	98.04138178437677	105.66425584346567	0.002719753606907973	1.0001031939024148
2.1331210003995276	1.917708171019749	0.06566272652088097	0.7522140467199304	0.1005278821459283	98.04138178437677	105.66425584346567	0.002719753606907973	1.0001031939024148
2.1331210003995276	1.917708171019749	0.06566272652088097	0.7522140467199304	0.1005278821459283	98.05210376958969	105.66425584346567	0.002719753606907973	1.0001031939024148
2.1331210003995276	1.917708171019749	0.06566272652088097	0.7522140467199304	0.1005278821459283	98.05210376958969	105.66944345033875	0.002719753606907973	1.0001031939024148
2.1331210003995276	1.917708171019749	0.06566868611141306	0.7522140467199304	0.1005278821459283	98.05210376958969	105.66944345033875	0.002719753606907973	1.0001031939024148
2.1331210003995276	1.917708171019749	0.06566868611141306	0.7522140467199304	0.1005278821459283	98.05210376958969	105.66944345033875	0.002719753606907973	1.0001031939024148
2.1331210003995276	1.917708171019749	0.06566868611141306	0.7522140467199304	0.1005278821459283	98.05210376958969	105.66944345033875	0.002719753606907973	1.0001031939024148
2.1331210003995276	1.917708171019749	0.06566868611141306	0.7521313981489353	0.1005278821459283	98.05210376958969	105.66944345033875	0.002719753606907973	1.0001031939024148
2.1331210003995276	1.917708171019749	0.06566586749149701	0.7521313981489353	0.1005278821459283	98.05210376958969	105.66944345033875	0.002719753606907973	1.0001031939024148
2.133120324188125	1.917708171019749	0.06566586749149701	0.7521313981489353	0.1005278821459283	98.05210376958969	105.66944345033875	0.002719753606907973	1.0001031939024148
2.133120324188125	1.917708171019749	0.06566586749149701	0.7521313981489353	0.1005278821459283	98.05210376958969	105.66944345033875	0.0027199728048053927	1.0001031939024148
2.133120324188125	1.917708171019749	0.06566586749149701	0.7521313981489353	0.1005278821459283	98.05210376958969	105.66944345033875	0.0027199728048053927	1.0001031939024148
2.133120324188125	1.917708171019749	0.06566586749149701	0.7521313981489353	0.1005278821459283	98.05210376958969	105.66944345033875	0.0027199728048053927	1.0001031939024148
2.133120324188125	1.917726779403002	0.06566586749149701	0.7521313981489353	0.1005278821459283	98.05210376958969	105.66944345033875	0.0027199728048053927	1.0001031939024148
2.133120324188125	1.917726779403002	0.06566586749149701	0.7521313981489353	0.1005278821459283	98.05210376958969	105.66944345033875	0.0027199728048053927	1.0001033687578678
2.133120324188125	1.917726779403002	0.06566586749149701	0.7521313981489353	0.1005278821459283	98.05210376958969	105.66611148464682	0.0027199728048053927	1.0001033687578678
2.133120324188125	1.917726779403002	0.06566586749149701	0.7521313981489353	0.1005278821459283	98.05210376958969	105.66611148464682	0.0027199728048053927	1.0001033687578678
2.133120324188125	1.917726779403002	0.06566586749149701	0.7521313981489353	0.1005278821459283	98.05210376958969	105.67591928017112	0.0027199728048053927	1.0001033687578678
2.133120324188125	1.917726779403002	0.06566586749149701	0.7521313981489353	0.1005278821459283	98.05210376958969	105.67587886009179	0.0027199728048053927	1.0001033687578678
2.133120324188125	1.917726779403002	0.06566586749149701	0.7521313981489353	0.1005278821459283	98.05210376958969	105.67587886009179	0.0027199728048053927	1.0001033687578678
2.133120324188125	1.917726779403002	0.06566586749149701	0.7521313981489353	0.1005278821459283	98.05210376958969	105.67587886009179	0.0027199728048053927	1.0001033687578678
2.133120324188125	1.917726779403002	0.06566586749149701	0.7521313981489353	0.1005278821459283	98.05210376958969	105.67587886009179	0.0027198225412987873	1.0001033687578678
2.133120324188125	1.917726779403002	0.06566586749149701	0.7521313981489353	0.1005278821459283	98.05210376958969	105.67587886009179	0.0027198225412987873	1.0001033687578678
2.133120324188125	1.917726779403002	0.06566586749149701	0.7521313981489353	0.1005278821459283	98.059405194805	105.67587886009179	0.0027198225412987873	1.0001033687578678
2.133120324188125	1.917726779403002	0.06566586749149701	0.7521313981489353	0.1005278821459283	98.059405194805	105.67587886009179	0.0027198225412987873	1.0001033687578678
2.133120324188125	1.917726779403002	0.06566586749149701	0.7521313981489353	0.1005278821459283	98.059405194805	98.6854016896451	0.0027198225412987873	1.0001033687578678
2.133120324188125	1.917726779403002	0.06566586749149701	0.7521313981489353	0.10063936099820195	98.059405194805	98.6854016896451	0.0027198225412987873	1.0001033687578678
2.133120324188125	1.917726779403002	0.06566586749149701	0.7521313981489353	0.10063936099820195	98.059405194805	98.6854016896451	0.0027198225412987873	1.0001033687578678
2.133120324188125	1.917726779403002	0.0655542327653088	0.7521313981489353	0.10063936099820195	98.059405194805	98.6854016896451	0.0027198225412987873	1.0001033687578678
2.133120324188125	1.917726779403002	0.0655542327653088	0.7521313981489353	0.10063936099820195	98.059405194805	98.6854016896451	0.0027198225412987873	1.0001033687578678
2.133120324188125	1.917726779403002	0.0655542327653088	0.7521313981489353	0.10063936099820195	98.059405194805	98.6854016896451	0.0027198225412987873	1.0001033687578678
2.133120324188125	1.917726779403002	0.0655542327653088	0.7521313981489353	0.10063936099820195	98.059405194805	98.6854016896451	0.0027198225412987873	1.0001033687578678
2.133120324188125	1.917726779403002	0.0655542327653088	0.7521313981489353	0.10063936099820195	98.059405194805	98.6854016896451	0.0027198225412987873	1.0001033687578678
2.133120324188125	1.917726779403002	0.0655542327653088	0.7521313981489353	0.10063936099820195	98.059405194805	98.6854016896451	0.0027198225412987873	1.0001033687578678
2.133120324188125	1.917726779403002	0.0655542327653088	0.7521313981489353	0.10063936099820195	98.059405194805	98.6854016896451	0.0027185322131953933	1.0001033687578678
2.133120324188125	1.917726779403002	0.0655542327653088	0.7521313981489353	0.10063936099820195	98.059405194805	98.6854016896451	0.0027185322131953933	1.00010162806318
2.133120324188125	1.9177282449987625	0.0655542327653088	0.7521313981489353	0.10063936099820195	98.059405194805	98.6854016896451	0.0027185322131953933	1.00010162806318
2.133120324188125	1.9177282449987625	0.0655542327653088	0.7521313981489353	0.10063936099820195	98.059405194805	103.47370680793193	0.0027185322131953933	1.00010162806318
2.133120324188125	1.9177282449987625	0.0655542327653088	0.7521313981489353	0.10063936099820195	98.059405194805	103.47370680793193	0.0027185322131953933	1.00010162806318
2.133120324188125	1.9177282449987625	0.0655542327653088	0.7521313981489353	0.10064052819458073	98.059405194805	103.47370680793193	0.0027185322131953933	1.00010162806318
2.133120324188125	1.9177281009471387	0.0655542327653088	0.7521313981489353	0.10064052819458073	98.059405194805	103.47370680793193	0.0027185322131953933	1.00010162806318
2.133120324188125	1.9178487539298925	0.0655542327653088	0.7521313981489353	0.10064052819458073	98.059405194805	103.47370680793193	0.0027185322131953933	1.00010162806318
2.1331149672886154	1.9178487539298925	0.0655542327653088	0.7521313981489353	0.10064052819458073	98.059405194805	103.47370680793193	0.0027185322131953933	1.00010162806318
2.1331149672886154	1.9178487539298925	0.0655542327653088	0.7521313981489353	0.10063989523195586	98.059405194805	103.47370680793193	0.0027185322131953933	1.00010162806318
2.1331149672886154	1.9178487539298925	0.0655542327653088	0.7521313981489353	0.10063989523195586	98.059405194805	103.47370680793193	0.0027185201996525244	1.00010162806318
2.1331149672886154	1.9178488157331854	0.0655542327653088	0.7521313981489353	0.10063989523195586	98.059405194805	103.47370680793193	0.0027185201996525244	1.00010162806318
2.1331149672886154	1.9178488157331854	0.0655542327653088	0.7521313981489353	0.10063989523195586	98.059405194805	103.47370680793193	0.0027185201996525244	1.00010162806318
2.1331149672886154	1.9178488157331854	0.0655542327653088	0.7521313981489353	0.10063989523195586	98.059405194805	103.47370680793193	0.0027185201996525244	1.00010162806318
2.1331149672886154	1.9178488157331854	0.0655542327653088	0.7521313981489353	0.10063989523195586	98.059405194805	103.47370680793193	0.0027185201996525244	1.00010162806318
2.1331149672886154	1.9178488157331854	0.0655542327653088	0.7521313981489353	0.10063989523195586	98.059405194805	103.47370680793193	0.0027185201996525244	1.00010162806318
2.1331149672886154	1.9177733357923368	0.0655542327653088	0.7521313981489353	0.10063989523195586	98.059405194805	103.47370680793193	0.0027185201996525244	1.00010162806318
2.1331149672886154	1.9177733357923368	0.0655542327653088	0.7521723142098973	0.10063989523195586	98.059405194805	103.47370680793193	0.0027185201996525244	1.00010162806318
2.1331149672886154	1.9177620202608199	0.0655542327653088	0.7521723142098973	0.10063989523195586	98.059405194805	103.47370680793193	0.0027185201996525244	1.00010162806318
2.1331149672886154	1.9177620202608199	0.0655542327653088	0.7521723142098973	0.10063989523195586	98.05602325657381	103.47370680793193	0.0027185201996525244	1.00010162806318
2.1331149672886154	1.9177620202608199	0.0655542327653088	0.7521723142098973	0.10063989523195586	98.05602325657381	103.47370680793193	0.0026354316618672755	1.00010162806318
2.1331149672886154	1.9177620202608199	0.0655542327653088	0.7524334978514978	0.10063989523195586	98.05602325657381	103.47370680793193	0.0026354316618672755	1.00010162806318
2.1331149672886154	1.9177620202608199	0.0655542327653088	0.7524334978514978	0.10063989523195586	98.05602325657381	103.47370680793193	0.0026354316618672755	1.00010162806318
2.1331149672886154	1.9177620202608199	0.0655542327653088	0.7524334978514978	0.10063989523195586	98.05602325657381	103.47370680793193	0.0026354316618672755	1.00010162806318
2.1331149672886154	1.9177620202608199	0.0655542327653088	0.7524334978514978	0.10063989523195586	98.0567273252603	103.47370680793193	0.0026354316618672755	1.00010162806318
2.1331149672886154	1.9177620202608199	0.0655542327653088	0.7524334978514978	0.10063989523195586	98.0567273252603	103.47370680793193	0.0026364901143627164	1.00010162806318
2.1331149672886154	1.9177620202608199	0.0655542327653088	0.7524334978514978	0.10063989523195586	98.0567273252603	103.47370680793193	0.0026364901143627164	1.00010162806318
2.1331149672886154	1.9177620202608199	0.0655542327653088	0.7524334978514978	0.10063989523195586	98.0567273252603	103.47370680793193	0.0026364901143627164	1.00010162806318
2.133087507847307	1.9177620202608199	0.0655542327653088	0.7524334978514978	0.10063989523195586	98.0567273252603	103.47370680793193	0.0026364901143627164	1.00010162806318
2.133087507847307	1.9177620202608199	0.0655542327653088	0.7524334978514978	0.10063989523195586	98.0567273252603	103.47370680793193	0.0026364901143627164	1.00010162806318
2.133087507847307	1.9177618461506265	0.0655542327653088	0.7524334978514978	0.10063989523195586	98.0567273252603	103.47370680793193	0.0026364901143627164	1.00010162806318
2.1330976978719045	1.9177618461506265	0.0655542327653088	0.7524334978514978	0.10063989523195586	98.0567273252603	103.47370680793193	0.0026364901143627164	1.00010162806318
2.1330976978719045	1.9177618461506265	0.0655542327653088	0.7524334978514978	0.10063989523195586	98.0567273252603	103.47370680793193	0.0026364901143627164	1.00010162806318
2.1330976978719045	1.9177618461506265	0.0655542327653088	0.7524334978514978	0.10063989523195586	98.0567273252603	103.47370680793193	0.0026364901143627164	1.00010162806318
2.1330976978719045	1.9177618461506265	0.0655542327653088	0.7524334978514978	0.10063989523195586	98.0567273252603	103.47370680793193	0.0026364901143627164	1.00010162806318
2.1330976978719045	1.9177618461506265	0.06553507907606038	0.7524334978514978	0.10063989523195586	98.0567273252603	103.47370680793193	0.0026364901143627164	1.00010162806318
2.1330976978719045	1.9177618461506265	0.06553507907606038	0.7524334978514978	0.10063989523195586	98.0567273252603	103.49457941409834	0.0026364901143627164	1.00010162806318
2.1330976978719045	1.9177618461506265	0.06553507907606038	0.7524334978514978	0.10063989523195586	98.0567273252603	103.49138021341358	0.0026364901143627164	1.00010162806318
2.1330976978719045	1.9177106880388985	0.06553507907606038	0.7524334978514978	0.10063989523195586	98.0567273252603	103.49138021341358	0.0026364901143627164	1.00010162806318
2.1330976978719045	1.9177106880388985	0.06553507907606038	0.7524334978514978	0.10063989523195586	98.0567273252603	103.28597204330177	0.0026364901143627164	1.00010162806318
2.1330976978719045	1.9177106880388985	0.06553507907606038	0.7524334978514978	0.10063989523195586	98.07469758701204	103.28597204330177	0.0026364901143627164	1.00010162806318
2.1330976978719045	1.9177106880388985	0.06553507907606038	0.7524334978514978	0.1006398686194168	98.07469758701204	103.28597204330177	0.0026364901143627164	1.00010162806318
2.1330976978719045	1.9177106880388985	0.06553507907606038	0.7524334978514978	0.1006398686194168	98.07469758701204	103.28597204330177	0.0026364901143627164	1.0001017755796955
2.1330976978719045	1.9176930709406588	0.06553507907606038	0.7524334978514978	0.1006398686194168	98.07469758701204	103.28597204330177	0.0026364901143627164	1.0001017755796955
2.1330976978719045	1.9176931952443608	0.06553507907606038	0.7524334978514978	0.1006398686194168	98.07469758701204	103.28597204330177	0.0026364901143627164	1.0001017755796955
2.1331545314922864	1.9176931952443608	0.06553507907606038	0.7524334978514978	0.1006398686194168	98.07469758701204	103.28597204330177	0.0026364901143627164	1.0001017755796955
2.1331545314922864	1.9176931952443608	0.06553507907606038	0.7524334978514978	0.1006398686194168	98.07469758701204	103.28597204330177	0.0026364901143627164	1.0001017755796955
2.1331545314922864	1.9176931952443608	0.06553507907606038	0.7524334978514978	0.1006398686194168	98.07469758701204	103.28597204330177	0.0026364901143627164	1.0001017755796955
2.1331545314922864	1.917696637508464	0.06553507907606038	0.7524334978514978	0.1006398686194168	98.07469758701204	103.28597204330177	0.0026364901143627164	1.0001017755796955
2.1331545314922864	1.917696637508464	0.06553507907606038	0.7524334978514978	0.1006398686194168	98.07469758701204	103.28597204330177	0.00263651492269322	1.0001017755796955
2.1331545314922864	1.917696637508464	0.06553507907606038	0.7524334978514978	0.1006398686194168	98.07469758701204	103.28597204330177	0.00263651492269322	1.0001017755796955
2.1331545314922864	1.9177005879707025	0.06553507907606038	0.7524334978514978	0.1006398686194168	98.07469758701204	103.28597204330177	0.00263651492269322	1.0001017755796955
2.1331545314922864	1.917697875532753	0.06553507907606038	0.7524334978514978	0.1006398686194168	98.07469758701204	103.28597204330177	0.00263651492269322	1.0001017755796955
2.1331545314922864	1.917697875532753	0.06553507907606038	0.7524334978514978	0.1006398686194168	98.07469758701204	103.28597204330177	0.00263651492269322	1.0001017755796955
2.1331545314922864	1.917697875532753	0.06553507907606038	0.7524334978514978	0.1006398686194168	98.07469758701204	103.28597204330177	0.00263651492269322	1.0001017755796955
2.1331545314922864	1.917697875532753	0.06553507907606038	0.7524334978514978	0.1006398686194168	98.07469758701204	103.28597204330177	0.00263651492269322	1.0001017755796955
2.131141924850429	1.917697875532753	0.06553507907606038	0.7524334978514978	0.1006398686194168	98.07469758701204	103.28597204330177	0.00263651492269322	1.0001017755796955
2.131141924850429	1.917697875532753	0.06553551682005385	0.7524334978514978	0.1006398686194168	98.07469758701204	103.28597204330177	0.00263651492269322	1.0001017755796955
2.131141924850429	1.917697875532753	0.06553551682005385	0.7524334978514978	0.1006398686194168	98.07469758701204	103.28597204330177	0.002636422969789237	1.0001017755796955
2.1311432613255836	1.917697875532753	0.06553551682005385	0.7524334978514978	0.1006398686194168	98.07469758701204	103.28597204330177	0.002636422969789237	1.0001017755796955
2.1311432613255836	1.917697875532753	0.06553551682005385	0.7524334978514978	0.1006398686194168	98.07469758701204	103.28408212706736	0.002636422969789237	1.0001017755796955
2.1311432613255836	1.917697875532753	0.06553551682005385	0.7524334978514978	0.1006398686194168	98.07469758701204	103.28408212706736	0.002636422969789237	1.0001017755796955
2.1311432613255836	1.917697875532753	0.06553551682005385	0.7524334978514978	0.1006398686194168	98.07469758701204	103.28408212706736	0.002636422969789237	1.0001017755796955
2.1311432613255836	1.917697875532753	0.06553551682005385	0.7524334978514978	0.1006398686194168	98.07469758701204	103.2856356793303	0.002636422969789237	1.0001017755796955
2.131654710541537	1.917697875532753	0.06553551682005385	0.7524334978514978	0.1006398686194168	98.07469758701204	103.2856356793303	0.002636422969789237	1.0001017755796955
2.131654710541537	1.917697875532753	0.06553551682005385	0.7524334978514978	0.10064358228062578	98.07469758701204	103.2856356793303	0.002636422969789237	1.0001017755796955
2.131654710541537	1.917697875532753	0.06553551682005385	0.7524313196040072	0.10064358228062578	98.07469758701204	103.2856356793303	0.002636422969789237	1.0001017755796955
2.131654710541537	1.917697875532753	0.06553551682005385	0.7524313196040072	0.10064358228062578	98.07469758701204	103.28574566207247	0.002636422969789237	1.0001017755796955
2.131655547463153	1.917697875532753	0.06553551682005385	0.7524313196040072	0.10064358228062578	98.07469758701204	103.28574566207247	0.002636422969789237	1.0001017755796955
2.131655547463153	1.917697875532753	0.06553551682005385	0.7524313196040072	0.10064358228062578	98.07469758701204	103.28574566207247	0.002637129610537408	1.0001017755796955
2.131655547463153	1.917697875532753	0.06553551682005385	0.7524313196040072	0.10064358228062578	98.07469758701204	103.28574566207247	0.002637129610537408	1.0001017755796955
2.131655547463153	1.917697875532753	0.06553551682005385	0.7524313196040072	0.10064358228062578	98.07469758701204	103.28574566207247	0.002637129610537408	1.0001017755796955
2.131655547463153	1.917697875532753	0.06553551682005385	0.7524313196040072	0.10064358228062578	98.07469758701204	103.28574566207247	0.002634935866564735	1.0001017755796955
2.131655547463153	1.917697875532753	0.06553551682005385	0.7524313196040072	0.10064358228062578	98.07469758701204	103.28574566207247	0.0026374340450479906	1.0001017755796955
2.131655547463153	1.917697875532753	0.06553551682005385	0.7524313196040072	0.10064358228062578	98.07469758701204	103.16889325049527	0.0026374340450479906	1.0001017755796955
2.131652929987454	1.917697875532753	0.06553551682005385	0.7524313196040072	0.10064358228062578	98.07469758701204	103.16889325049527	0.0026374340450479906	1.0001017755796955
2.131652929987454	1.917697875532753	0.06553551682005385	0.7524313196040072	0.10064358228062578	98.07469758701204	103.16889325049527	0.0026433267552155725	1.0001017755796955
2.1316365831167174	1.917697875532753	0.06553551682005385	0.7524313196040072	0.10064358228062578	98.07469758701204	103.16889325049527	0.0026433267552155725	1.0001017755796955
2.1316365831167174	1.917697875532753	0.06553551682005385	0.7524313196040072	0.10064358228062578	98.07469758701204	103.16889325049527	0.0026433267552155725	1.0000964494197402
2.1316365831167174	1.917697875532753	0.06553551682005385	0.7524313196040072	0.10064358228062578	98.07469758701204	103.16889325049527	0.0026433267552155725	1.000096434782928
2.1316365831167174	1.9176991172534965	0.06553551682005385	0.7524313196040072	0.10064358228062578	98.07469758701204	103.16889325049527	0.0026433267552155725	1.000096434782928
2.1316365831167174	1.9176991172534965	0.06553551682005385	0.7524313196040072	0.10064358228062578	98.07469758701204	103.16889325049527	0.0026433267552155725	1.000096434782928
2.1316365831167174	1.9176991172534965	0.06553551682005385	0.7523981457829421	0.10064358228062578	98.07469758701204	103.16889325049527	0.0026433267552155725	1.000096434782928
2.1316365831167174	1.9176991172534965	0.06553551682005385	0.7523551331246969	0.10064358228062578	98.07469758701204	103.16889325049527	0.0026433267552155725	1.000096434782928
2.1316365831167174	1.9176991172534965	0.06553551682005385	0.7523551331246969	0.10064358228062578	98.07494320215842	103.16889325049527	0.0026433267552155725	1.000096434782928
2.1316365831167174	1.9176991172534965	0.06553551682005385	0.7523551331246969	0.10064358228062578	98.07494320215842	103.16889325049527	0.0026433267552155725	1.000096434782928
2.1316365831167174	1.9176991172534965	0.06553551682005385	0.7523551331246969	0.10064358228062578	98.07494320215842	103.16889325049527	0.0026433267552155725	1.000096434782928
2.1316365831167174	1.9176991172534965	0.06553551682005385	0.7523551331246969	0.10064358228062578	98.07494320215842	103.30687131566583	0.0026433267552155725	1.000096434782928
2.131618543669104	1.9176991172534965	0.06553551682005385	0.7523551331246969	0.10064358228062578	98.07494320215842	103.30687131566583	0.0026433267552155725	1.000096434782928
2.131618543669104	1.9176991172534965	0.06553551682005385	0.7523551331246969	0.10063823085629967	98.07494320215842	103.30687131566583	0.0026433267552155725	1.000096434782928
2.131618543669104	1.9176991172534965	0.06553551682005385	0.7523551331246969	0.10063823085629967	98.07494320215842	102.12813861825637	0.0026433267552155725	1.000096434782928
2.131618543669104	1.9176991172534965	0.06553551682005385	0.7523551331246969	0.10063823085629967	98.07494320215842	102.12813861825637	0.00264336162192985	1.000096434782928
2.131618543669104	1.9176991172534965	0.06553551682005385	0.7523551331246969	0.10063823085629967	98.07494320215842	102.12813861825637	0.00264336162192985	1.000096434782928
2.131618543669104	1.9172088548944135	0.06553551682005385	0.7523551331246969	0.10063823085629967	98.07494320215842	102.12813861825637	0.00264336162192985	1.000096434782928
2.131618543669104	1.9172088548944135	0.06552548650144469	0.7523551331246969	0.10063823085629967	98.07494320215842	102.12813861825637	0.00264336162192985	1.000096434782928
2.131618543669104	1.9172088548944135	0.06552548650144469	0.7523551331246969	0.10063823085629967	98.07494320215842	105.17453695821713	0.00264336162192985	1.000096434782928
2.131618543669104	1.9172088548944135	0.06552548650144469	0.7523551331246969	0.10063823085629967	98.07494320215842	105.17453695821713	0.00264336162192985	1.000096434782928
2.131618543669104	1.9172088548944135	0.06552548650144469	0.7523551331246969	0.10063823085629967	98.07494320215842	105.17453695821713	0.00264336162192985	1.000096434782928
2.131618543669104	1.9172088548944135	0.06552548650144469	0.7523551331246969	0.10063823085629967	98.07494320215842	105.17453695821713	0.00264336162192985	1.000096434782928
2.131618543669104	1.9172088548944135	0.06552548650144469	0.7523450815961065	0.10063823085629967	98.07494320215842	105.17453695821713	0.00264336162192985	1.000096434782928
2.131618543669104	1.9172088548944135	0.0655233976288478	0.7523450815961065	0.10063823085629967	98.07494320215842	105.17453695821713	0.00264336162192985	1.000096434782928
2.131618543669104	1.9172088548944135	0.0655233976288478	0.7526965224010311	0.10063823085629967	98.07494320215842	105.17453695821713	0.00264336162192985	1.000096434782928
2.131618543669104	1.9172088548944135	0.0655233976288478	0.7526965224010311	0.10063823085629967	98.07494320215842	104.52919110144983	0.00264336162192985	1.000096434782928
2.131618543669104	1.9172088548944135	0.0655233976288478	0.7526965224010311	0.10063823085629967	98.07494320215842	104.52919110144983	0.0026403053097810224	1.000096434782928
2.131618543669104	1.9172088548944135	0.0655233976288478	0.7526965224010311	0.10063823085629967	98.07494320215842	105.00536733839002	0.0026403053097810224	1.000096434782928
2.131618543669104	1.9172088548944135	0.0655233976288478	0.7526965224010311	0.10063823085629967	98.07494320215842	105.00536733839002	0.0026403053097810224	1.000096434782928
2.131618543669104	1.9172089809913377	0.0655233976288478	0.7526965224010311	0.10063823085629967	98.07494320215842	105.00536733839002	0.0026403053097810224	1.000096434782928
2.131618543669104	1.9172089809913377	0.06552728892613814	0.7526965224010311	0.10063823085629967	98.07494320215842	105.00536733839002	0.0026403053097810224	1.000096434782928
2.131618543669104	1.9172089809913377	0.06552728892613814	0.7526965224010311	0.10063823085629967	98.07494320215842	105.00536733839002	0.002640185315708724	1.000096434782928
2.131618543669104	1.9172089809913377	0.06552728892613814	0.7526965224010311	0.10063823085629967	98.07546414256298	105.00536733839002	0.002640185315708724	1.000096434782928
2.1316168828406736	1.9172089809913377	0.06552728892613814	0.7526965224010311	0.10063823085629967	98.07546414256298	105.00536733839002	0.002640185315708724	1.000096434782928
2.1311626986695105	1.9172089809913377	0.06552728892613814	0.7526965224010311	0.10063823085629967	98.07546414256298	105.00536733839002	0.002640185315708724	1.000096434782928
2.1311626986695105	1.9172089809913377	0.06552728892613814	0.7526965224010311	0.10063823085629967	98.07545461144133	105.00536733839002	0.002640185315708724	1.000096434782928
2.1311626986695105	1.9172089809913377	0.06552728892613814	0.7526965224010311	0.10063823085629967	98.07545461144133	105.00536733839002	0.002640185315708724	1.000096434782928
2.1311626986695105	1.9172089809913377	0.06552728892613814	0.7526965224010311	0.10063823085629967	98.07554799966545	105.00536733839002	0.002640185315708724	1.000096434782928
2.1311626986695105	1.9172089809913377	0.06552728892613814	0.7526965224010311	0.10063823085629967	98.07554799966545	105.00536733839002	0.002640185315708724	1.000096434782928
2.1311626986695105	1.9172089809913377	0.06552728892613814	0.7526965224010311	0.10063823085629967	98.07513680891837	105.00536733839002	0.002640185315708724	1.000096434782928
2.1311626986695105	1.9172089809913377	0.06552728892613814	0.7519547927089593	0.10063823085629967	98.07513680891837	105.00536733839002	0.002640185315708724	1.000096434782928
2.1311626986695105	1.9172089809913377	0.06552728892613814	0.7519547927089593	0.10063823085629967	98.07193921081333	105.00536733839002	0.002640185315708724	1.000096434782928
2.1311626986695105	1.9172089809913377	0.06552728892613814	0.7519547927089593	0.10063823085629967	98.07193921081333	105.00536733839002	0.002640185315708724	1.000096434782928
2.1311626986695105	1.9172089809913377	0.06552728892613814	0.7519547927089593	0.10063823085629967	98.07193921081333	105.00536733839002	0.002640185315708724	1.000096434782928
2.1311626986695105	1.9172089809913377	0.06552728892613814	0.7519547927089593	0.10063823085629967	98.07193921081333	105.00527240272943	0.002640185315708724	1.000096434782928
2.131154143130325	1.9172089809913377	0.06552728892613814	0.7519547927089593	0.10063823085629967	98.07193921081333	105.00527240272943	0.002640185315708724	1.000096434782928
2.131154143130325	1.9172089809913377	0.06552728892613814	0.7519547927089593	0.10063823085629967	98.07193921081333	105.00527240272943	0.002640185315708724	1.000096434782928
2.131154143130325	1.9172089809913377	0.06552728892613814	0.7519547927089593	0.10063823085629967	98.07193921081333	105.00527240272943	0.002640185315708724	1.000096434782928
2.131154143130325	1.9167901676808783	0.06552728892613814	0.7519547927089593	0.10063823085629967	98.07193921081333	105.00527240272943	0.002640185315708724	1.000096434782928
2.131154143130325	1.9167901676808783	0.06552728892613814	0.7519547927089593	0.10063823085629967	98.07193921081333	105.00527240272943	0.002640185315708724	1.000096434782928
2.131154143130325	1.9167901676808783	0.06552728892613814	0.7519547927089593	0.10063823085629967	98.07193921081333	105.00527240272943	0.002640185315708724	1.000096434782928
2.131154143130325	1.9167901676808783	0.06552728892613814	0.7519547927089593	0.10063823085629967	98.07193921081333	105.00552044548347	0.002640185315708724	1.000096434782928
2.131154143130325	1.9167901676808783	0.06552728892613814	0.7519547927089593	0.10063823085629967	98.07193921081333	105.00552044548347	0.002640185315708724	1.000096434782928
2.131154143130325	1.9167901676808783	0.06552728892613814	0.7519547927089593	0.10063823085629967	98.07193921081333	105.00552044548347	0.002640185315708724	1.000096434782928
2.131154143130325	1.9167901676808783	0.06552728892613814	0.7519547927089593	0.10063823085629967	98.07193921081333	105.00552044548347	0.002640185315708724	1.000096434782928
2.131154143130325	1.9167901676808783	0.06552728892613814	0.7519547927089593	0.10073449208972736	98.07193921081333	105.00552044548347	0.002640185315708724	1.000096434782928
2.131154143130325	1.9167901676808783	0.06552728892613814	0.7519547927089593	0.10073449208972736	98.07193921081333	105.00552044548347	0.002640185315708724	1.000096434782928
2.131154143130325	1.9167901676808783	0.06552728892613814	0.7519547927089593	0.10073449208972736	98.07193921081333	105.00552044548347	0.002640185315708724	1.000096434782928
2.131154143130325	1.9167901676808783	0.06552728892613814	0.7519547927089593	0.10073449208972736	98.07193921081333	105.0047533819149	0.002640185315708724	1.000096434782928
2.131163363931345	1.9167901676808783	0.06552728892613814	0.7519547927089593	0.10073449208972736	98.07193921081333	105.0047533819149	0.002640185315708724	1.000096434782928
2.131163363931345	1.9167901676808783	0.06552421275138083	0.7519547927089593	0.10073449208972736	98.07193921081333	105.0047533819149	0.002640185315708724	1.000096434782928
2.131163363931345	1.9167901676808783	0.06552421275138083	0.7519547927089593	0.10073449208972736	98.07193921081333	105.41171804938057	0.002640185315708724	1.000096434782928
2.1313840871212255	1.9167901676808783	0.06552421275138083	0.7519547927089593	0.10073449208972736	98.07193921081333	105.41171804938057	0.002640185315708724	1.000096434782928
2.1313840871212255	1.9167901676808783	0.06552421275138083	0.7519547927089593	0.10073449208972736	98.07193921081333	105.41171804938057	0.002640185315708724	1.000096434782928
2.1312096167581616	1.9167901676808783	0.06552421275138083	0.7519547927089593	0.10073449208972736	98.07193921081333	105.41171804938057	0.002640185315708724	1.000096434782928
2.1312096167581616	1.9167901676808783	0.06552421275138083	0.7519547927089593	0.10073449208972736	98.07193921081333	105.41171804938057	0.0025839960033121876	1.000096434782928
2.1312096167581616	1.9167901676808783	0.06552421275138083	0.7519547927089593	0.10073449208972736	98.07193921081333	105.41251610799083	0.0025839960033121876	1.000096434782928
2.1312096167581616	1.9167901676808783	0.06552421275138083	0.7519547927089593	0.10073449208972736	98.07193921081333	105.41251610799083	0.0025839960033121876	1.000096434782928
2.1312096167581616	1.9167901676808783	0.06552421275138083	0.7519547927089593	0.10073449208972736	98.07193921081333	105.41251610799083	0.0025839960033121876	1.000096434782928
2.1312096167581616	1.9150409696447317	0.06552421275138083	0.7519547927089593	0.10073449208972736	98.07193921081333	105.41251610799083	0.0025839960033121876	1.000096434782928
2.1312096167581616	1.9150409696447317	0.06552421275138083	0.7519547927089593	0.10073449208972736	98.07193921081333	105.41251610799083	0.0025839960033121876	1.000096434782928
2.1312096167581616	1.9150409696447317	0.06552421275138083	0.7519547927089593	0.10073449208972736	98.07193921081333	105.41251610799083	0.0025839960033121876	1.000096434782928
2.1312096167581616	1.9150409696447317	0.06552421275138083	0.7519547927089593	0.10073449208972736	98.07193921081333	105.41251610799083	0.0025839960033121876	1.000096434782928
2.1312096167581616	1.9150409696447317	0.06552421275138083	0.7519547927089593	0.10073449208972736	98.07193921081333	105.41251610799083	0.0025839960033121876	1.000096434782928
2.13122185215654	1.9150409696447317	0.06552421275138083	0.7519547927089593	0.10073449208972736	98.07193921081333	105.41251610799083	0.0025839960033121876	1.000096434782928
2.13122185215654	1.9150409696447317	0.06552421275138083	0.7519547927089593	0.10073449208972736	98.07193921081333	105.41251610799083	0.0025839960033121876	1.000096434782928
2.1313639640045725	1.9150409696447317	0.06552421275138083	0.7519547927089593	0.10073449208972736	98.07193921081333	105.41251610799083	0.0025839960033121876	1.000096434782928
2.1313639640045725	1.9150409696447317	0.06552421275138083	0.7519547927089593	0.10073449208972736	98.07193921081333	105.41251610799083	0.0025839960033121876	1.0000959411896817
2.1313639640045725	1.9150409696447317	0.06552421275138083	0.7519547927089593	0.10073449208972736	98.07193921081333	105.41251610799083	0.0025839960033121876	1.0000959411896817
2.1313639640045725	1.91504132993429	0.06552421275138083	0.7519547927089593	0.10073449208972736	98.07193921081333	105.41251610799083	0.0025839960033121876	1.0000959411896817
2.1313639640045725	1.91504132993429	0.06552421275138083	0.7519547927089593	0.10076491259639127	98.07193921081333	105.41251610799083	0.0025839960033121876	1.0000959411896817
2.1313639640045725	1.91504132993429	0.06552421275138083	0.7519547927089593	0.10076491259639127	98.07193921081333	105.41251610799083	0.0025839960033121876	1.0000959411896817
2.1313639640045725	1.91504132993429	0.06552421275138083	0.7519547927089593	0.10076491259639127	98.07193921081333	105.41251610799083	0.0025839960033121876	1.000093107803166
2.1313639640045725	1.91504132993429	0.06552421275138083	0.7519547927089593	0.10076491259639127	98.07193921081333	105.41251610799083	0.0025839960033121876	1.000093107803166
2.1313639640045725	1.91504132993429	0.06552421275138083	0.7519547927089593	0.10076491259639127	98.07193921081333	105.41251610799083	0.0025839960033121876	1.000093107803166
2.1313639640045725	1.91504132993429	0.06552421275138083	0.7519547927089593	0.10076491259639127	98.07193921081333	105.41251610799083	0.0025839960033121876	1.000093107803166
2.1313639640045725	1.91504132993429	0.06552421275138083	0.7519529455901872	0.10076491259639127	98.07193921081333	105.41251610799083	0.0025839960033121876	1.000093107803166
2.1315430753219866	1.91504132993429	0.06552421275138083	0.7519529455901872	0.10076491259639127	98.07193921081333	105.41251610799083	0.0025839960033121876	1.000093107803166
2.1315430753219866	1.91504132993429	0.06552421275138083	0.7519529455901872	0.10076491259639127	98.07193921081333	105.41251610799083	0.0025839960033121876	1.000093107803166
2.1315430753219866	1.91504132993429	0.06552421275138083	0.7519529455901872	0.10076491259639127	98.07193921081333	105.41251610799083	0.0025839960033121876	1.000093107803166
2.1315430753219866	1.91504132993429	0.06552421275138083	0.7519529455901872	0.10076491259639127	98.07193921081333	105.41298515119148	0.0025839960033121876	1.000093107803166
2.1315430753219866	1.91504132993429	0.06547217145252529	0.7519529455901872	0.10076491259639127	98.07193921081333	105.41298515119148	0.0025839960033121876	1.000093107803166
2.1315430753219866	1.91504132993429	0.06547217145252529	0.7519529455901872	0.10076491259639127	98.07193921081333	105.41298515119148	0.0025839960033121876	1.000093107803166
2.1315430753219866	1.91504132993429	0.06547217145252529	0.7519529455901872	0.10076491259639127	98.07766275529876	105.41298515119148	0.0025839960033121876	1.000093107803166
2.1315430753219866	1.91504132993429	0.06547217145252529	0.7519529455901872	0.10076491259639127	98.07766275529876	105.41298515119148	0.0025839960033121876	1.0000931471282593
2.1315430753219866	1.91504132993429	0.06547217145252529	0.7519529455901872	0.10076491259639127	98.07766275529876	105.19587239697957	0.0025839960033121876	1.0000931471282593
2.1315430753219866	1.91504132993429	0.06547217145252529	0.7519529455901872	0.10076491259639127	98.07766275529876	105.19587239697957	0.0025839960033121876	1.0000931471282593
2.1315430753219866	1.91504132993429	0.06547217145252529	0.7519529455901872	0.10076491259639127	98.07766275529876	105.19587239697957	0.0025839960033121876	1.0000931471282593
2.1315430753219866	1.91504132993429	0.06547217145252529	0.7519529455901872	0.10076491259639127	98.0771753839614	105.19587239697957	0.0025839960033121876	1.0000931471282593
2.1315430753219866	1.91504132993429	0.06547217145252529	0.7519529455901872	0.10076491259639127	98.0771753839614	105.19587239697957	0.0025839960033121876	1.0000931471282593
2.1315430753219866	1.91504132993429	0.06547217145252529	0.7519529455901872	0.10076491259639127	98.0771753839614	105.19587239697957	0.0025839960033121876	1.0000931471282593
2.1315430753219866	1.91504132993429	0.06547217145252529	0.7519529455901872	0.10076491259639127	98.0771753839614	105.19587239697957	0.0025839960033121876	1.0000931471282593
2.1315430753219866	1.91504132993429	0.06546839982751286	0.7519529455901872	0.10076491259639127	98.0771753839614	105.19587239697957	0.0025839960033121876	1.0000931471282593
2.1315430753219866	1.91504132993429	0.06546839982751286	0.7519529455901872	0.10076491259639127	98.0771753839614	105.19587239697957	0.0025839960033121876	1.0000931471282593
2.1315430753219866	1.91504132993429	0.06546839982751286	0.7519529455901872	0.10076491259639127	98.0771753839614	105.19587239697957	0.0025839960033121876	1.0000931471282593
2.1315430753219866	1.9176994648851529	0.06546839982751286	0.7519529455901872	0.10076491259639127	98.0771753839614	105.19587239697957	0.0025839960033121876	1.0000931471282593
2.1315430753219866	1.9168571262879177	0.06546839982751286	0.7519529455901872	0.10076491259639127	98.0771753839614	105.19587239697957	0.0025839960033121876	1.0000931471282593
2.1315430753219866	1.9168571262879177	0.06546839982751286	0.7519529455901872	0.10076491259639127	98.0771753839614	105.19587239697957	0.0025839960033121876	1.0000931471282593
2.1315430753219866	1.9168571262879177	0.06546839982751286	0.7519529455901872	0.10076491259639127	98.07716965679207	105.19587239697957	0.0025839960033121876	1.0000931471282593
2.1315430753219866	1.9168571262879177	0.06546839982751286	0.7519529455901872	0.10076491259639127	98.07675789887578	105.19587239697957	0.0025839960033121876	1.0000931471282593
2.1315430753219866	1.9169549571982434	0.06546839982751286	0.7519529455901872	0.10076491259639127	98.07675789887578	105.19587239697957	0.0025839960033121876	1.0000931471282593
2.131393387801782	1.9169549571982434	0.06546839982751286	0.7519529455901872	0.10076491259639127	98.07675789887578	105.19587239697957	0.0025839960033121876	1.0000931471282593
2.131393387801782	1.9169549571982434	0.06546839982751286	0.7519529455901872	0.10076491259639127	98.07675789887578	105.19587239697957	0.0025839960033121876	1.0000931471282593
2.131393387801782	1.9169549571982434	0.06546839982751286	0.7519529455901872	0.10080651742985192	98.07675789887578	105.19587239697957	0.0025839960033121876	1.0000931471282593
2.1315728279774717	1.9169549571982434	0.06546839982751286	0.7519529455901872	0.10080651742985192	98.07675789887578	105.19587239697957	0.0025839960033121876	1.0000931471282593
2.1315728279774717	1.9169549571982434	0.06546839982751286	0.7519529455901872	0.10080651742985192	98.07675789887578	105.19587239697957	0.0025839960033121876	1.0000931471282593
2.1315728279774717	1.9172596898129917	0.06546839982751286	0.7519529455901872	0.10080651742985192	98.07675789887578	105.19587239697957	0.0025839960033121876	1.0000931471282593
2.1315728279774717	1.9172596898129917	0.06546839982751286	0.7519529455901872	0.10080651742985192	98.07685586305564	105.19587239697957	0.0025839960033121876	1.0000931471282593
2.1315728279774717	1.9172596898129917	0.06546839982751286	0.7519529455901872	0.10080651742985192	98.07685586305564	105.19587239697957	0.0025839960033121876	1.0000931471282593
2.1315728279774717	1.9172596898129917	0.06546839982751286	0.7519529455901872	0.10080651742985192	98.07685586305564	105.19587239697957	0.0025839960033121876	1.0000931471282593
2.1315728279774717	1.9172596898129917	0.06546839982751286	0.7519529455901872	0.10080651742985192	98.07685586305564	105.19587239697957	0.0025839960033121876	1.0000931691240769
2.1315749542401643	1.9172596898129917	0.06546839982751286	0.7519529455901872	0.10080651742985192	98.07685586305564	105.19587239697957	0.0025839960033121876	1.0000931691240769
2.1315749542401643	1.9172596898129917	0.06546839982751286	0.7519529455901872	0.10080651742985192	98.07685586305564	105.19578245584398	0.0025839960033121876	1.0000931691240769
2.1315749542401643	1.9172596898129917	0.06546839982751286	0.7519529455901872	0.10080651742985192	98.07685586305564	105.19578245584398	0.0025839960033121876	1.0000931691240769
2.1315749542401643	1.9172596898129917	0.06546839982751286	0.7519529455901872	0.10080651742985192	98.07685586305564	105.19578245584398	0.0025839960033121876	1.0000931691240769
2.1315749542401643	1.9172596898129917	0.06546839982751286	0.7519529455901872	0.10080651742985192	98.07685586305564	105.19578245584398	0.0025839960033121876	1.0000931691240769
2.1315749542401643	1.9172596898129917	0.06546839982751286	0.7519529455901872	0.10080651742985192	98.07685586305564	105.19578245584398	0.0025839960033121876	1.0000931691240769
2.1315749542401643	1.9172596898129917	0.06546839982751286	0.7519529455901872	0.10079235229859644	98.07685586305564	105.19578245584398	0.0025839960033121876	1.0000931691240769
2.1315749542401643	1.9172596898129917	0.06546839982751286	0.7519529455901872	0.10079235229859644	98.07685586305564	105.19578245584398	0.0025839960033121876	1.0000931691240769
2.1315749542401643	1.9172596898129917	0.06546839982751286	0.7519529455901872	0.10079240997922351	98.07685586305564	105.19578245584398	0.0025839960033121876	1.0000931691240769
2.1315749542401643	1.9172596898129917	0.06546839982751286	0.7519529455901872	0.10079240997922351	98.07685586305564	105.19578245584398	0.0025839960033121876	1.0000931691240769
2.1315749542401643	1.9172596898129917	0.06546409613366161	0.7519529455901872	0.10079240997922351	98.07685586305564	105.19578245584398	0.0025839960033121876	1.0000931691240769
2.1315749542401643	1.9172596898129917	0.06546409613366161	0.7519529455901872	0.10079240997922351	98.07685586305564	105.07884986784121	0.0025839960033121876	1.0000931691240769
2.1315749542401643	1.9172596898129917	0.06546409613366161	0.7519529455901872	0.10079240997922351	98.07685586305564	105.07884986784121	0.0025839960033121876	1.0000931691240769
2.1315749542401643	1.9172596898129917	0.06546409613366161	0.7519529455901872	0.10079240997922351	98.07685586305564	105.07884986784121	0.0025839960033121876	1.0000931691240769
2.1315749542401643	1.9172596898129917	0.06546409613366161	0.7519529455901872	0.10079240997922351	98.07685586305564	105.07884986784121	0.0025839960033121876	1.0000931691240769
2.1315749542401643	1.9172596898129917	0.06547258643498369	0.7519529455901872	0.10079240997922351	98.07685586305564	105.07884986784121	0.0025839960033121876	1.0000931691240769
2.1315749542401643	1.9172596898129917	0.06547258643498369	0.7519529455901872	0.10079240997922351	98.07685586305564	105.07884986784121	0.0025839960033121876	1.0000931691240769
2.1315749542401643	1.9172596898129917	0.06547258643498369	0.7519529455901872	0.10079240997922351	98.07685586305564	105.07884986784121	0.0025839960033121876	1.0000931691240769
2.1315749542401643	1.9172596898129917	0.06547258643498369	0.7519529455901872	0.10079240997922351	98.07685586305564	105.07884986784121	0.0025839960033121876	1.0000931691240769
2.1315749542401643	1.9172596898129917	0.06547258643498369	0.7519529455901872	0.10079240997922351	98.07685586305564	105.07884986784121	0.0025839960033121876	1.0000931691240769
2.1315749542401643	1.9172596898129917	0.06547258643498369	0.7519529455901872	0.10079240997922351	98.07685586305564	105.07884986784121	0.0025839960033121876	1.0000931691240769
2.1315749542401643	1.9172596898129917	0.06547258643498369	0.7519529455901872	0.10079240997922351	98.07685586305564	105.07884986784121	0.0025839960033121876	1.0000931691240769
2.1315749542401643	1.9172690044137104	0.06547258643498369	0.7519529455901872	0.10079240997922351	98.07685586305564	105.07884986784121	0.0025839960033121876	1.0000931691240769
2.1315749542401643	1.9154482659617054	0.06547258643498369	0.7519529455901872	0.10079240997922351	98.07685586305564	105.07884986784121	0.0025839960033121876	1.0000931691240769
2.1315749542401643	1.9154482659617054	0.06547258643498369	0.7519529455901872	0.10079240997922351	98.07685586305564	105.07884986784121	0.0025839960033121876	1.0000931691240769
2.1316297116760645	1.9154482659617054	0.06547258643498369	0.7519529455901872	0.10079240997922351	98.07685586305564	105.07884986784121	0.0025839960033121876	1.0000931691240769
2.1316297116760645	1.9154482659617054	0.06547258643498369	0.7519529455901872	0.10079240997922351	98.07685586305564	105.07884986784121	0.0025839960033121876	1.0000931691240769
2.1316297116760645	1.9154482659617054	0.06547258643498369	0.7519529455901872	0.10079240997922351	98.07952889476546	105.07884986784121	0.0025839960033121876	1.0000931691240769
2.1316297116760645	1.9154482659617054	0.06547258643498369	0.7519529455901872	0.10079240997922351	98.07952889476546	105.07884986784121	0.0025839960033121876	1.0000931691240769
2.1316297116760645	1.9154482659617054	0.06547258643498369	0.7519529455901872	0.10079240997922351	98.07952889476546	105.07884986784121	0.0025839960033121876	1.0000931691240769
2.1316264080519733	1.9154482659617054	0.06547258643498369	0.7519529455901872	0.10079240997922351	98.07952889476546	105.07884986784121	0.0025839960033121876	1.0000931691240769
2.1316264080519733	1.9154482659617054	0.06547258643498369	0.7519529455901872	0.10079240997922351	98.07952889476546	105.07884986784121	0.0025839960033121876	1.0000931691240769
2.1316264080519733	1.9154482659617054	0.06547258643498369	0.7519524224533426	0.10079240997922351	98.07952889476546	105.07884986784121	0.0025839960033121876	1.0000931691240769
2.1316264080519733	1.9154482659617054	0.06547258643498369	0.7519524224533426	0.10079240997922351	98.07952889476546	105.07884986784121	0.0025839960033121876	1.0000931691240769
2.1316207467157753	1.9154482659617054	0.06547258643498369	0.7519524224533426	0.10079240997922351	98.07952889476546	105.07884986784121	0.0025839960033121876	1.0000931691240769
2.1316207467157753	1.9154482659617054	0.06547258643498369	0.7519524224533426	0.10079240997922351	98.07952889476546	105.07884986784121	0.0025839960033121876	1.0000931691240769
2.1316207467157753	1.9154482659617054	0.06547258643498369	0.7519524224533426	0.10079240997922351	98.07952889476546	105.07884986784121	0.0025839960033121876	1.0000931691240769
2.1316207467157753	1.9154482659617054	0.06547258643498369	0.7519524224533426	0.10079240997922351	98.07952889476546	105.07884986784121	0.0025839960033121876	1.0000931691240769
2.1316207467157753	1.9154482659617054	0.06547258643498369	0.7519524224533426	0.10079240997922351	98.07952889476546	105.07884986784121	0.0025839960033121876	1.0000931691240769
2.1316207467157753	1.9154482659617054	0.06546151064035699	0.7519524224533426	0.10079240997922351	98.07952889476546	105.07884986784121	0.0025839960033121876	1.0000931691240769
2.1316207467157753	1.9154482659617054	0.06546151064035699	0.7519524224533426	0.10079240997922351	98.07952889476546	105.07884986784121	0.0025839960033121876	1.0000931691240769
2.1316207467157753	1.9154482659617054	0.06546151064035699	0.7519524224533426	0.10079240997922351	98.07952889476546	105.07884986784121	0.0023685717533586705	1.0000931691240769
2.1316207467157753	1.9154482659617054	0.06546151064035699	0.7519524224533426	0.10079240997922351	98.07952889476546	105.07884986784121	0.0023685717533586705	1.0000931691240769
2.1316207467157753	1.9154482659617054	0.06546151064035699	0.7519524224533426	0.10079240997922351	98.07952889476546	105.04373520281024	0.0023685717533586705	1.0000931691240769
2.1316207467157753	1.9154482659617054	0.06546151064035699	0.7519524224533426	0.10079240997922351	98.07952889476546	105.04373520281024	0.0023685717533586705	1.0000886784310126
2.1316207467157753	1.9154482659617054	0.06546151064035699	0.7519524224533426	0.10079240997922351	98.07952889476546	105.04373520281024	0.0023685717533586705	1.0000886784310126
2.1325042537333214	1.9154482659617054	0.06546151064035699	0.7519524224533426	0.10079240997922351	98.07952889476546	105.04373520281024	0.0023685717533586705	1.0000886784310126
2.1325042537333214	1.9154482659617054	0.06546151064035699	0.7519524224533426	0.10079240997922351	98.07952889476546	105.04373520281024	0.0023685717533586705	1.0000886784310126
2.1325042537333214	1.9154556985688074	0.06546151064035699	0.7519524224533426	0.10079240997922351	98.07952889476546	105.04373520281024	0.0023685717533586705	1.0000886784310126
2.1325042537333214	1.9154556985688074	0.06546151064035699	0.7519524224533426	0.10079240997922351	98.07952889476546	105.04373520281024	0.0023685717533586705	1.0000886784310126
2.1325042537333214	1.9154556985688074	0.06546151064035699	0.7519524224533426	0.10079240997922351	98.07952889476546	105.04373520281024	0.0023685717533586705	1.0000886784310126
2.1325042537333214	1.9154556985688074	0.06546151064035699	0.7519524224533426	0.10079240997922351	98.07952889476546	105.04373520281024	0.0023685717533586705	1.0000886784310126
2.1325042537333214	1.9154556985688074	0.06546151064035699	0.7519524224533426	0.10079240997922351	98.07952889476546	105.04373520281024	0.0023685717533586705	1.0000886784310126
2.1325042537333214	1.9154555967420988	0.06546151064035699	0.7519524224533426	0.10079240997922351	98.07952889476546	105.04373520281024	0.0023685717533586705	1.0000886784310126
2.1325042537333214	1.9154555967420988	0.06546151064035699	0.7519524224533426	0.10079240997922351	98.07952889476546	105.04373520281024	0.0023685717533586705	1.0000886784310126
2.1325042537333214	1.9154555967420988	0.06546151064035699	0.7519524224533426	0.10079240997922351	98.07952889476546	105.04373520281024	0.0023685717533586705	1.0000886784310126
2.1325042537333214	1.9154555967420988	0.06546151064035699	0.7519524224533426	0.10079230806729352	98.07952889476546	105.04373520281024	0.0023685717533586705	1.0000886784310126
2.1322881365371766	1.9154555967420988	0.06546151064035699	0.7519524224533426	0.10079230806729352	98.07952889476546	105.04373520281024	0.0023685717533586705	1.0000886784310126
2.1322881365371766	1.9154555967420988	0.06546151064035699	0.7519524224533426	0.10079230806729352	98.07952889476546	105.04373520281024	0.0023661527176181162	1.0000886784310126
2.1322881365371766	1.9154555967420988	0.06546151064035699	0.7519524224533426	0.10079230806729352	98.07952889476546	105.04373520281024	0.0023661527176181162	1.0000886784310126
2.1322881365371766	1.9154555967420988	0.06546151064035699	0.7519524224533426	0.10079230806729352	98.07952889476546	105.04373520281024	0.0023661527176181162	1.0000886784310126
2.1322881365371766	1.9154555967420988	0.06546151064035699	0.7519524224533426	0.10079245015165621	98.07952889476546	105.04373520281024	0.0023661527176181162	1.0000886784310126
2.1322881365371766	1.9154555967420988	0.06546151064035699	0.7519524224533426	0.10079245015165621	98.07952889476546	105.04373520281024	0.0023661527176181162	1.0000886784310126
2.1322881365371766	1.9166306030851472	0.06546151064035699	0.7519524224533426	0.10079245015165621	98.07952889476546	105.04373520281024	0.0023661527176181162	1.0000886784310126
2.1322881365371766	1.9166306030851472	0.06546151064035699	0.7519524224533426	0.10079245015165621	98.07952889476546	105.04373520281024	0.0023661527176181162	1.0000886929155812
2.1322881365371766	1.9166306030851472	0.06546264650990746	0.7519524224533426	0.10079245015165621	98.07952889476546	105.04373520281024	0.0023661527176181162	1.0000886929155812
2.1322881365371766	1.9166306030851472	0.06546264650990746	0.7520020218865818	0.10079245015165621	98.07952889476546	105.04373520281024	0.0023661527176181162	1.0000886929155812
2.1322881365371766	1.9166306030851472	0.06546264650990746	0.7520020218865818	0.10079245015165621	98.07952889476546	105.04373520281024	0.0023661527176181162	1.0000886929155812
2.1322881365371766	1.9166306030851472	0.06546264650990746	0.7520020218865818	0.10079245015165621	98.07952889476546	105.04373520281024	0.0023661527176181162	1.0000886929155812
2.1322881365371766	1.9166306030851472	0.06546264650990746	0.7520020218865818	0.10079245015165621	98.07952889476546	105.04373520281024	0.0023661527176181162	1.0000886929155812
2.1322881365371766	1.9166306030851472	0.06546264650990746	0.7520020218865818	0.10079245015165621	98.07952889476546	105.57415467980928	0.0023661527176181162	1.0000886929155812
2.1322881365371766	1.9166306030851472	0.06546264650990746	0.7520020218865818	0.10079245015165621	98.07952889476546	105.57415467980928	0.0023661527176181162	1.0000886929155812
2.1322881365371766	1.9166306030851472	0.06546264650990746	0.7520020218865818	0.10079245015165621	98.07952889476546	105.57415467980928	0.0023815479499313366	1.0000886929155812
2.1322881365371766	1.9166306030851472	0.06546264650990746	0.7520020218865818	0.10079245015165621	98.07952889476546	105.57415467980928	0.0023815479499313366	1.0000886929155812
2.1322881365371766	1.9166306030851472	0.06546264650990746	0.7520020218865818	0.10079245015165621	98.07952889476546	105.57415467980928	0.0023815479499313366	1.0000886929155812
2.1322881365371766	1.9166306030851472	0.06546264650990746	0.7520048096660283	0.10079245015165621	98.07952889476546	105.57415467980928	0.0023815479499313366	1.0000886929155812
2.1322881365371766	1.9166306030851472	0.06546264650990746	0.7520048096660283	0.10079245015165621	98.07952889476546	105.67393971816414	0.0023815479499313366	1.0000886929155812
2.1322881365371766	1.9166303411134902	0.06546264650990746	0.7520048096660283	0.10079245015165621	98.07952889476546	105.67393971816414	0.0023815479499313366	1.0000886929155812
2.1322881365371766	1.9166303411134902	0.06546264650990746	0.7520048096660283	0.10079245015165621	98.07952889476546	105.67393971816414	0.0023815479499313366	1.0000886929155812
2.1322881365371766	1.9166303411134902	0.06546264650990746	0.7520048096660283	0.10079245015165621	98.07952889476546	105.67393971816414	0.00237871128501978	1.0000886929155812
2.1322881365371766	1.9166303411134902	0.06546264650990746	0.7520048096660283	0.10079245015165621	98.07952889476546	105.67393971816414	0.00237816564626842	1.0000886929155812
2.1322034332857296	1.9166303411134902	0.06546264650990746	0.7520048096660283	0.10079245015165621	98.07952889476546	105.67393971816414	0.00237816564626842	1.0000886929155812
2.1322034332857296	1.9166303411134902	0.06546264650990746	0.7520048096660283	0.10079245015165621	98.08378905280183	105.67393971816414	0.00237816564626842	1.0000886929155812
2.1322034332857296	1.9166381229000689	0.06546264650990746	0.7520048096660283	0.10079245015165621	98.08378905280183	105.67393971816414	0.00237816564626842	1.0000886929155812
2.1322034332857296	1.9166381229000689	0.06546264650990746	0.7520048096660283	0.10079245015165621	98.08378905280183	105.67393971816414	0.00237816564626842	1.0000886929155812
2.1322034332857296	1.9166381229000689	0.06546264650990746	0.7520048096660283	0.10079245015165621	98.08378905280183	105.67393971816414	0.00237816564626842	1.0000886929155812
2.1322034332857296	1.9166381229000689	0.06546264650990746	0.7520048096660283	0.10079245015165621	98.08378905280183	105.67393971816414	0.00237816564626842	1.0000886929155812
2.1322034332857296	1.9166381229000689	0.06546264650990746	0.7520048096660283	0.10079245015165621	98.08378905280183	105.67393971816414	0.00237816564626842	1.0000886929155812
2.1322034332857296	1.9166381229000689	0.06546264650990746	0.7520048096660283	0.10079245015165621	98.08378905280183	105.47091331900063	0.00237816564626842	1.0000886929155812
2.1322034332857296	1.9166381229000689	0.06546264650990746	0.7519301749080632	0.10079245015165621	98.08378905280183	105.47091331900063	0.00237816564626842	1.0000886929155812
2.1322034332857296	1.9166381229000689	0.06546264650990746	0.7519301749080632	0.10079245015165621	98.08378905280183	105.47091331900063	0.00237816564626842	1.0000886929155812
2.1322034332857296	1.9166381229000689	0.06546264650990746	0.7519301749080632	0.10079245015165621	98.08378905280183	105.47091331900063	0.00237816564626842	1.0000886929155812
2.1322034332857296	1.9166381229000689	0.06546264650990746	0.7519301749080632	0.10079245015165621	98.08378905280183	105.47091331900063	0.00237816564626842	1.0000886843632317
2.1322034332857296	1.9166381229000689	0.06550304035090819	0.7519301749080632	0.10079245015165621	98.08378905280183	105.47091331900063	0.00237816564626842	1.0000886843632317
2.1322034332857296	1.9166381229000689	0.06550304035090819	0.7519301749080632	0.10079245015165621	98.08378905280183	105.47091331900063	0.00237816564626842	1.0000886843632317
2.1322034332857296	1.9166381229000689	0.06550304035090819	0.7519301749080632	0.10079245015165621	98.08378905280183	105.47091331900063	0.00237816564626842	1.0000886843632317
2.1322034332857296	1.9166381229000689	0.06550304035090819	0.7519301749080632	0.10079245015165621	98.08378905280183	105.47091331900063	0.00237816564626842	1.0000886843632317
2.1322034332857296	1.9166381229000689	0.06550304035090819	0.7519301749080632	0.10079245015165621	98.08378905280183	105.47091331900063	0.00237816564626842	1.0000886843632317
2.1322034332857296	1.9166381229000689	0.06550385624087933	0.7519301749080632	0.10079245015165621	98.08378905280183	105.47091331900063	0.00237816564626842	1.0000886843632317
2.1322034332857296	1.9166381229000689	0.06550385624087933	0.7519301749080632	0.10079245015165621	98.08378905280183	105.47091331900063	0.00237816564626842	1.0000886843632317
2.1322034332857296	1.9166381229000689	0.06550385624087933	0.7519301749080632	0.10079245015165621	98.08378905280183	105.47091331900063	0.00237816564626842	1.0000886843632317
2.1322034332857296	1.9166381229000689	0.06550385624087933	0.7519301749080632	0.10079245015165621	98.08378905280183	105.47091331900063	0.00237816564626842	1.0000886843632317
2.1322034332857296	1.916763227937338	0.06550385624087933	0.7519301749080632	0.10079245015165621	98.08378905280183	105.47091331900063	0.00237816564626842	1.0000886843632317
2.1322034332857296	1.916763227937338	0.06550385624087933	0.7519301749080632	0.10079245015165621	98.08378905280183	105.47091331900063	0.00237816564626842	1.0000886843632317
2.1322034332857296	1.916763227937338	0.06550385624087933	0.7519301749080632	0.10079245015165621	98.08378905280183	105.47091331900063	0.00237816564626842	1.0000893642109168
2.1322034332857296	1.916763227937338	0.06550385624087933	0.7519301749080632	0.10079245015165621	98.08378905280183	105.47091331900063	0.00237816564626842	1.0000893642109168
2.1322034332857296	1.916763227937338	0.06550385624087933	0.7519301749080632	0.1007927171080843	98.08378905280183	105.47091331900063	0.00237816564626842	1.0000893642109168
2.1322034332857296	1.916763227937338	0.06550385624087933	0.7519301749080632	0.10079324660286305	98.08378905280183	105.47091331900063	0.00237816564626842	1.0000893642109168
2.1322034332857296	1.916763227937338	0.06550385624087933	0.7519301749080632	0.10079324660286305	98.08378905280183	105.47091331900063	0.00237816564626842	1.0000893642109168
2.1322034332857296	1.916763227937338	0.06550385624087933	0.7519301749080632	0.10079324660286305	98.08378905280183	105.47091331900063	0.00237816564626842	1.0000893642109168
2.1322034332857296	1.916763227937338	0.06550385624087933	0.7519301749080632	0.10079324660286305	98.08378905280183	105.47091331900063	0.00237816564626842	1.0000893642109168
2.1322034332857296	1.916763227937338	0.06550385624087933	0.7519301749080632	0.10079324660286305	98.08378905280183	105.47091331900063	0.00237816564626842	1.0000893642109168
2.1322034332857296	1.916748399575597	0.06550385624087933	0.7519301749080632	0.10079324660286305	98.08378905280183	105.47091331900063	0.00237816564626842	1.0000893642109168
2.1322034332857296	1.9161389664563309	0.06550385624087933	0.7519301749080632	0.10079324660286305	98.08378905280183	105.47091331900063	0.00237816564626842	1.0000893642109168
2.1322034332857296	1.9161389664563309	0.06550385624087933	0.7519301749080632	0.10079324660286305	98.08378905280183	105.47091331900063	0.0023544208243085223	1.0000893642109168
2.1322034332857296	1.9161389664563309	0.06550385624087933	0.7519301749080632	0.10079324660286305	98.08378905280183	105.47091331900063	0.0023544208243085223	1.0000893642109168
2.1322034332857296	1.9161389664563309	0.06550385624087933	0.7519301749080632	0.10079321356961157	98.08378905280183	105.47091331900063	0.0023544208243085223	1.0000893642109168
2.1322034332857296	1.9161389664563309	0.06550385624087933	0.7519301749080632	0.10079321356961157	98.08378905280183	105.47091331900063	0.0023544208243085223	1.0000893642109168
2.1322276332969956	1.9161389664563309	0.06550385624087933	0.7519301749080632	0.10079321356961157	98.08378905280183	105.47091331900063	0.0023544208243085223	1.0000893642109168
2.1322276332969956	1.9161389664563309	0.06550385624087933	0.7519301749080632	0.10079321356961157	98.08378905280183	105.47091331900063	0.0023997956108262825	1.0000893642109168
2.1322276332969956	1.9161529946447897	0.06550385624087933	0.7519301749080632	0.10079321356961157	98.08378905280183	105.47091331900063	0.0023997956108262825	1.0000893642109168
2.1322276332969956	1.9161529946447897	0.06550385624087933	0.7519301749080632	0.10079321356961157	98.08378905280183	105.47091331900063	0.0023997956108262825	1.0000893642109168
2.1322276332969956	1.9161529946447897	0.06550385624087933	0.7519301749080632	0.10079321356961157	98.08378905280183	105.47091331900063	0.0023997956108262825	1.0000893642109168
2.1322276332969956	1.9161529946447897	0.06550385624087933	0.7519301749080632	0.10079321356961157	98.08378905280183	105.47091331900063	0.0023997956108262825	1.0000893642109168
2.1322276332969956	1.9161529946447897	0.06550385624087933	0.7519301749080632	0.10079321356961157	98.08378905280183	105.47091331900063	0.0024512994701593196	1.0000893642109168
2.1322276332969956	1.9161529946447897	0.06550385624087933	0.7519301749080632	0.10079321356961157	98.08378905280183	105.47091331900063	0.0024512994701593196	1.0000893642109168
2.1322276332969956	1.9161529946447897	0.06550385624087933	0.7519301749080632	0.10079321356961157	98.08378905280183	105.47091331900063	0.0024512994701593196	1.0000893642109168
2.1322276332969956	1.9161529946447897	0.06550385624087933	0.7519301749080632	0.10079321356961157	98.08378905280183	105.5522930774927	0.0024512994701593196	1.0000893642109168
2.1322276332969956	1.9161529946447897	0.06550385624087933	0.7519301749080632	0.10079321356961157	98.08374254486782	105.5522930774927	0.0024512994701593196	1.0000893642109168
2.1322276332969956	1.9161529946447897	0.06550385624087933	0.7519301749080632	0.10079321356961157	98.08374254486782	105.5522930774927	0.0024512994701593196	1.0000893642109168
2.1322276332969956	1.9161529946447897	0.06550385624087933	0.7519301749080632	0.10079321356961157	98.08374254486782	105.5522930774927	0.0024512994701593196	1.0000893642109168
2.1322276332969956	1.9156505080544428	0.06550385624087933	0.7519301749080632	0.10079321356961157	98.08374254486782	105.5522930774927	0.0024512994701593196	1.0000893642109168
2.132226292787683	1.9156505080544428	0.06550385624087933	0.7519301749080632	0.10079321356961157	98.08374254486782	105.5522930774927	0.0024512994701593196	1.0000893642109168
2.132226292787683	1.9156505080544428	0.06550385624087933	0.7519301749080632	0.10079321356961157	98.08374254486782	105.5522930774927	0.0024512994701593196	1.0000893642109168
2.132226292787683	1.9156505080544428	0.06550385624087933	0.7519301749080632	0.10079321356961157	98.08374254486782	105.68543294980566	0.0024512994701593196	1.0000893642109168
2.132226292787683	1.9156505080544428	0.06550385624087933	0.7519301749080632	0.10079321356961157	98.08374254486782	105.68543294980566	0.0024512994701593196	1.0000893642109168
2.132227857928733	1.9156505080544428	0.06550385624087933	0.7519301749080632	0.10079321356961157	98.08374254486782	105.68543294980566	0.0024512994701593196	1.0000893642109168
2.132227857928733	1.9156476714420396	0.06550385624087933	0.7519301749080632	0.10079321356961157	98.08374254486782	105.68543294980566	0.0024512994701593196	1.0000893642109168
2.132227857928733	1.9156476714420396	0.06550385624087933	0.7519301749080632	0.10079321356961157	98.08374254486782	105.68543294980566	0.0024512994701593196	1.0000893642109168
2.132227857928733	1.9156476714420396	0.06550385624087933	0.7519301749080632	0.10079321356961157	98.08374254486782	105.68543294980566	0.002451240135496287	1.0000893642109168
2.132227857928733	1.9156476714420396	0.06550385624087933	0.7519301749080632	0.10079321356961157	98.08374254486782	105.68543294980566	0.002451240135496287	1.0000893642109168
2.1305379446462203	1.9156476714420396	0.06550385624087933	0.7519301749080632	0.10079321356961157	98.08374254486782	105.68543294980566	0.002451240135496287	1.0000893642109168
2.1305379446462203	1.9156798627962226	0.06550385624087933	0.7519301749080632	0.10079321356961157	98.08374254486782	105.68543294980566	0.002451240135496287	1.0000893642109168
2.1305379446462203	1.9156798627962226	0.06550385624087933	0.7519301749080632	0.10079321356961157	98.08374254486782	105.68543294980566	0.002451240135496287	1.0000893642109168
2.1305379446462203	1.9156798627962226	0.06550385624087933	0.7519301749080632	0.10079321356961157	98.08374254486782	105.68657966305405	0.002451240135496287	1.0000893642109168
2.1305379446462203	1.9156798627962226	0.06550385624087933	0.7519301749080632	0.10079321356961157	98.08374254486782	105.68657966305405	0.002451240135496287	1.0000893642109168
2.1305422293173333	1.9156798627962226	0.06550385624087933	0.7519301749080632	0.10079321356961157	98.08374254486782	105.68657966305405	0.002451240135496287	1.0000893642109168
2.1305422293173333	1.9156798627962226	0.06550385624087933	0.7519301749080632	0.10079321356961157	98.08374254486782	105.68657966305405	0.002451240135496287	1.0000893642109168
2.1305422293173333	1.9156798627962226	0.06550385624087933	0.7519301749080632	0.10079321356961157	98.08374254486782	105.66716177118793	0.002451240135496287	1.0000893642109168
2.1305422293173333	1.9156798627962226	0.06550385624087933	0.7519301749080632	0.10079321356961157	98.08374254486782	105.66716177118793	0.002451240135496287	1.0000893642109168
2.1305422293173333	1.9156798627962226	0.06550385624087933	0.7519301749080632	0.10079321356961157	98.08374254486782	105.66716177118793	0.002451240135496287	1.0000893642109168
2.1305422293173333	1.9156798627962226	0.06550385624087933	0.7519301749080632	0.10079321356961157	98.08374254486782	105.67285284550195	0.002451240135496287	1.0000893642109168
2.1305422293173333	1.9156798627962226	0.06550385624087933	0.7519301749080632	0.10079321356961157	98.08374254486782	105.67285284550195	0.002451240135496287	1.0000893642109168
2.1305422293173333	1.9156798627962226	0.06550385624087933	0.7519301749080632	0.10079321356961157	98.08374254486782	105.67285284550195	0.002436601493980746	1.0000893642109168
2.1305422293173333	1.9156798627962226	0.06550385624087933	0.7519301749080632	0.10079321356961157	98.08374254486782	105.67285284550195	0.002436601493980746	1.0000891063449417
2.1305422293173333	1.9156798627962226	0.06550385624087933	0.7519301749080632	0.10078467462730932	98.08374254486782	105.67285284550195	0.002436601493980746	1.0000891063449417
2.1305422293173333	1.9156798627962226	0.06550385624087933	0.7519301749080632	0.10078467462730932	98.08374254486782	105.67285284550195	0.002436601493980746	1.0000891063449417
2.1305422293173333	1.9156798627962226	0.06550385624087933	0.7519301749080632	0.10078467462730932	98.08374254486782	105.67285284550195	0.002436601493980746	1.0000891063449417
2.1305422293173333	1.9156798627962226	0.06550385624087933	0.7519301749080632	0.10078467462730932	98.08374254486782	105.67285284550195	0.002436601493980746	1.0000891063449417
2.1305422293173333	1.9156798627962226	0.06550385624087933	0.7519301749080632	0.10078467462730932	98.08374254486782	105.67285284550195	0.002438119810343119	1.0000891063449417
2.1305422293173333	1.9156798627962226	0.06550385624087933	0.7519301749080632	0.10078467462730932	98.08374254486782	105.67285284550195	0.002438119810343119	1.0000891063449417
2.1305422293173333	1.9156798627962226	0.06550385624087933	0.7519301749080632	0.10078467462730932	98.08374254486782	105.67285284550195	0.002438119810343119	1.0000891063449417
2.1305422293173333	1.9156798627962226	0.06550385624087933	0.7519301749080632	0.10078467462730932	98.08374254486782	105.67285284550195	0.002438119810343119	1.0000894394438458
2.1305422293173333	1.9156798627962226	0.06550385624087933	0.7519301749080632	0.10078467462730932	98.08374254486782	105.67298219746677	0.002438119810343119	1.0000894394438458
2.130564135285219	1.9156798627962226	0.06550385624087933	0.7519301749080632	0.10078467462730932	98.08374254486782	105.67298219746677	0.002438119810343119	1.0000894394438458
2.130564135285219	1.9156798627962226	0.06550385624087933	0.7519301749080632	0.10078467462730932	98.08374254486782	105.67298219746677	0.002438119810343119	1.0000894394438458
2.1306447814143703	1.9156798627962226	0.06550385624087933	0.7519301749080632	0.10078467462730932	98.08374254486782	105.67298219746677	0.002438119810343119	1.0000894394438458
2.1306447814143703	1.9156798627962226	0.06550385624087933	0.7519301749080632	0.10078467462730932	98.08374254486782	105.67298219746677	0.002438119810343119	1.0000894394438458
2.1306447814143703	1.9156798627962226	0.06550385624087933	0.7519301749080632	0.10078467462730932	98.08374254486782	105.67298219746677	0.002438119810343119	1.0000894394438458
2.1306447814143703	1.9156798627962226	0.06550385624087933	0.7519301749080632	0.10078467462730932	98.08374254486782	105.67298219746677	0.002438119810343119	1.0000894394438458
2.1306447814143703	1.9156798627962226	0.06550385624087933	0.7519301749080632	0.10078467462730932	98.08374254486782	105.67298219746677	0.002438119810343119	1.0000894394438458
2.1306447814143703	1.9156798627962226	0.06550385624087933	0.7519301749080632	0.10078467462730932	98.08374254486782	105.67298219746677	0.002438119810343119	1.0000894785996377
2.1306447814143703	1.9156798627962226	0.06550385624087933	0.7519301749080632	0.10078467462730932	98.08374254486782	105.67298219746677	0.002438119810343119	1.0000894785996377
2.1306447814143703	1.9156798627962226	0.06550385624087933	0.7519301749080632	0.10078334732038177	98.08374254486782	105.67298219746677	0.002438119810343119	1.0000894785996377
2.1306447814143703	1.9156802239839765	0.06550385624087933	0.7519301749080632	0.10078334732038177	98.08374254486782	105.67298219746677	0.002438119810343119	1.0000894785996377
2.1306447814143703	1.9156802239839765	0.06550385624087933	0.7519301749080632	0.10078334732038177	98.08374254486782	105.67298219746677	0.002437721567176941	1.0000894785996377
2.1306447814143703	1.9156802239839765	0.06550385624087933	0.7519301749080632	0.10079846615281136	98.08374254486782	105.67298219746677	0.002437721567176941	1.0000894785996377
2.1306447814143703	1.9156802239839765	0.06550385624087933	0.7519301749080632	0.10079846615281136	98.08374254486782	105.67298219746677	0.002437721567176941	1.0000894785996377
2.1306447814143703	1.9156802239839765	0.06550385624087933	0.7519301749080632	0.10079846615281136	98.08374254486782	105.67298219746677	0.002437721567176941	1.0000894785996377
2.1306447814143703	1.9156802239839765	0.06550385624087933	0.7519301749080632	0.10081238079453453	98.08374254486782	105.67298219746677	0.002437721567176941	1.0000894785996377
2.1306447814143703	1.9156802239839765	0.06550385624087933	0.7519301749080632	0.10081238079453453	98.08374254486782	105.67298219746677	0.002437721567176941	1.0000842872056788
2.1306447814143703	1.9156802239839765	0.06550385624087933	0.7519301749080632	0.10081238079453453	98.08374254486782	105.67298219746677	0.002437721567176941	1.0000842872056788
2.1313228025150313	1.9156802239839765	0.06550385624087933	0.7519301749080632	0.10081238079453453	98.08374254486782	105.67298219746677	0.002437721567176941	1.0000842872056788
2.1313228025150313	1.9156802239839765	0.06550385624087933	0.7519301749080632	0.10081238079453453	98.08374254486782	105.67298219746677	0.002437721567176941	1.0000842872056788
2.1313228025150313	1.9155235345030295	0.06550385624087933	0.7519301749080632	0.10081238079453453	98.08374254486782	105.67298219746677	0.002437721567176941	1.0000842872056788
2.1313228025150313	1.9155235345030295	0.06550385624087933	0.7519301749080632	0.10081238079453453	98.08374254486782	105.67298219746677	0.002437721567176941	1.0000842872056788
2.1313228025150313	1.9155235345030295	0.06550385624087933	0.7519301749080632	0.10081238079453453	98.08374254486782	105.67298219746677	0.002437721567176941	1.0000842872056788
2.131320286044089	1.9155235345030295	0.06550385624087933	0.7519301749080632	0.10081238079453453	98.08374254486782	105.67298219746677	0.002437721567176941	1.0000842872056788
2.131320286044089	1.9155235345030295	0.06550385624087933	0.7519301749080632	0.10081238079453453	98.08374254486782	105.67298219746677	0.0024376145726919232	1.0000842872056788
2.131320286044089	1.9155235345030295	0.06550385624087933	0.7519301749080632	0.10081238079453453	98.08374254486782	105.67298219746677	0.0024376145726919232	1.0000842872056788
2.131320286044089	1.9155235345030295	0.06550385624087933	0.7519301749080632	0.10081238079453453	98.08374254486782	105.67298219746677	0.0024376145726919232	1.0000842872056788
2.131320286044089	1.9155235345030295	0.06550385624087933	0.7519301749080632	0.10081238079453453	98.08374254486782	105.67298219746677	0.0024376145726919232	1.0000842872056788
2.131320286044089	1.9155235345030295	0.06550385624087933	0.7519301749080632	0.10081238079453453	98.08374254486782	105.67298219746677	0.0024376145726919232	1.0000842872056788
2.131320286044089	1.9155235345030295	0.06550385624087933	0.7519301749080632	0.10081238079453453	98.08374254486782	105.67298219746677	0.0024376145726919232	1.0000842872056788
2.131320286044089	1.9155235345030295	0.06550385624087933	0.7519301749080632	0.10081238079453453	98.08374254486782	105.67298219746677	0.0024376145726919232	1.0000842872056788
2.131320286044089	1.9155235345030295	0.06550385624087933	0.7519301749080632	0.10081238079453453	98.08334545219928	105.67298219746677	0.0024376145726919232	1.0000842872056788
2.131320286044089	1.9155235345030295	0.06550385624087933	0.7519301749080632	0.10081238079453453	98.08334545219928	105.68052435951492	0.0024376145726919232	1.0000842872056788
2.131320286044089	1.9155235345030295	0.06550385624087933	0.7519497490584779	0.10081238079453453	98.08334545219928	105.68052435951492	0.0024376145726919232	1.0000842872056788
2.131320286044089	1.9155235345030295	0.06550385624087933	0.7519497490584779	0.10081238079453453	98.08334545219928	105.68052435951492	0.0024376145726919232	1.0000842872056788
2.131320286044089	1.9155235345030295	0.06550385624087933	0.7519497490584779	0.10081238079453453	98.08334545219928	105.68052435951492	0.0024376145726919232	1.0000842872056788
2.131320286044089	1.9155235345030295	0.06550385624087933	0.7519497490584779	0.10081233129144253	98.08334545219928	105.68052435951492	0.0024376145726919232	1.0000842872056788
2.131320286044089	1.9155176701712553	0.06550385624087933	0.7519497490584779	0.10081233129144253	98.08334545219928	105.68052435951492	0.0024376145726919232	1.0000842872056788
2.1314733006436732	1.9155176701712553	0.06550385624087933	0.7519497490584779	0.10081233129144253	98.08334545219928	105.68052435951492	0.0024376145726919232	1.0000842872056788
2.1314733006436732	1.9155176701712553	0.06550385624087933	0.7519497490584779	0.10081233129144253	98.08334545219928	105.68052435951492	0.0024376145726919232	1.0000842872056788
2.1314733006436732	1.9155176701712553	0.06550385624087933	0.7519497490584779	0.1008122457394607	98.08334545219928	105.68052435951492	0.0024376145726919232	1.0000842872056788
2.1314733006436732	1.9155176185966343	0.06550385624087933	0.7519497490584779	0.1008122457394607	98.08334545219928	105.68052435951492	0.0024376145726919232	1.0000842872056788
2.1314733006436732	1.9155176185966343	0.06550385624087933	0.7519497490584779	0.1008122457394607	98.08334545219928	105.68003497147843	0.0024376145726919232	1.0000842872056788
2.1314733006436732	1.9155176185966343	0.06550385624087933	0.7519497490584779	0.1007654491608655	98.08334545219928	105.68003497147843	0.0024376145726919232	1.0000842872056788
2.1314733006436732	1.9155176185966343	0.06550385624087933	0.7519497490584779	0.1007654491608655	98.08334545219928	105.68003497147843	0.0024376145726919232	1.0000842872056788
2.1314733006436732	1.9155176185966343	0.06550385624087933	0.7519497490584779	0.1007654491608655	98.08334545219928	105.68003497147843	0.0024376145726919232	1.0000842872056788
2.1314733006436732	1.9155176185966343	0.06550385624087933	0.7520120910888675	0.1007654491608655	98.08334545219928	105.68003497147843	0.0024376145726919232	1.0000842872056788
2.1314733006436732	1.9155176185966343	0.06550385624087933	0.7520071169528182	0.1007654491608655	98.08334545219928	105.68003497147843	0.0024376145726919232	1.0000842872056788
2.1314733006436732	1.9155176185966343	0.06550385624087933	0.7520071169528182	0.10076533766905697	98.08334545219928	105.68003497147843	0.0024376145726919232	1.0000842872056788
2.1314733006436732	1.9155176185966343	0.06550385624087933	0.7520071169528182	0.10076533766905697	98.08334545219928	105.68003497147843	0.0024376145726919232	1.0000842872056788
2.1314733006436732	1.9155176185966343	0.06550385624087933	0.7520071169528182	0.10076533766905697	98.08334545219928	105.68003497147843	0.0024376145726919232	1.0000842872056788
2.1314733006436732	1.9155176185966343	0.06550385624087933	0.7520071169528182	0.10076533766905697	98.08334545219928	105.68003497147843	0.0024376145726919232	1.0000842872056788
2.1313557147903137	1.9155176185966343	0.06550385624087933	0.7520071169528182	0.10076533766905697	98.08334545219928	105.68003497147843	0.0024376145726919232	1.0000842872056788
2.1313557147903137	1.9155176185966343	0.06550385624087933	0.7520071169528182	0.10076533766905697	98.08334545219928	105.68003497147843	0.0024376145726919232	1.0000842872056788
2.1313557147903137	1.9155176185966343	0.0655037432699493	0.7520071169528182	0.10076533766905697	98.08334545219928	105.68003497147843	0.0024376145726919232	1.0000842872056788
2.1313557147903137	1.9155176185966343	0.0655037432699493	0.7520071169528182	0.10076533766905697	98.08334545219928	105.68003497147843	0.0024376145726919232	1.0000842872056788
2.1313557147903137	1.9155176185966343	0.0655037432699493	0.7520071169528182	0.10076533766905697	98.08334545219928	105.68003497147843	0.0024376145726919232	1.0000842872056788
2.1313557147903137	1.9155176185966343	0.0655037432699493	0.7520071169528182	0.10076533766905697	98.08334545219928	105.68003497147843	0.0024376145726919232	1.0000842872056788
2.1313557147903137	1.9155176185966343	0.0655037432699493	0.7520071169528182	0.10076533766905697	98.08334545219928	105.68003497147843	0.0024376145726919232	1.0000842872056788
2.1313557147903137	1.9155176185966343	0.0655037432699493	0.7520071169528182	0.10076533766905697	98.08334545219928	105.68003497147843	0.0024307562314129687	1.0000842872056788
2.1313557147903137	1.9155176185966343	0.0655037432699493	0.7520071169528182	0.10076533766905697	98.08334545219928	106.73895311134758	0.0024307562314129687	1.0000842872056788
2.1313557147903137	1.9155176185966343	0.0655037432699493	0.7520071169528182	0.10076533766905697	98.08334545219928	106.73895311134758	0.0024307562314129687	1.0000842872056788
2.1313557147903137	1.9155176185966343	0.06545593884388445	0.7520071169528182	0.10076533766905697	98.08334545219928	106.73895311134758	0.0024307562314129687	1.0000842872056788
2.1313557147903137	1.9155176185966343	0.06545593884388445	0.7520071169528182	0.10076533766905697	98.08334545219928	106.73895311134758	0.0024307562314129687	1.0000842872056788
2.1313557147903137	1.9155176185966343	0.06545593884388445	0.7520071169528182	0.10076533766905697	98.08334545219928	106.73895311134758	0.0024307562314129687	1.0000842872056788
2.1313557147903137	1.9155176185966343	0.06545593884388445	0.7520071169528182	0.10071090549969312	98.08334545219928	106.73895311134758	0.0024307562314129687	1.0000842872056788
2.1319237626143135	1.9155176185966343	0.06545593884388445	0.7520071169528182	0.10071090549969312	98.08334545219928	106.73895311134758	0.0024307562314129687	1.0000842872056788
2.1319237626143135	1.9155176185966343	0.06545593884388445	0.7520071169528182	0.10071090549969312	98.08334545219928	106.73895311134758	0.0024307562314129687	1.0000842872056788
2.1319237626143135	1.9155176185966343	0.06545593884388445	0.7520071169528182	0.10071147816937764	98.08334545219928	106.73895311134758	0.0024307562314129687	1.0000842872056788
2.1319237626143135	1.9155176185966343	0.06545544300024386	0.7520071169528182	0.10071147816937764	98.08334545219928	106.73895311134758	0.0024307562314129687	1.0000842872056788
2.1319237626143135	1.9155176185966343	0.06545544300024386	0.7520071169528182	0.10071147816937764	98.08334545219928	106.73895311134758	0.0024307562314129687	1.0000842872056788
2.1319237626143135	1.9146846967271338	0.06545544300024386	0.7520071169528182	0.10071147816937764	98.08334545219928	106.73895311134758	0.0024307562314129687	1.0000842872056788
2.1319237626143135	1.9146846967271338	0.06545544300024386	0.7520071169528182	0.10071147816937764	98.08334545219928	106.73895311134758	0.0024307562314129687	1.0000842872056788
2.1319237626143135	1.9146846967271338	0.06545544300024386	0.7520071169528182	0.10071054873049658	98.08334545219928	106.73895311134758	0.0024307562314129687	1.0000842872056788
2.1319237626143135	1.9146846967271338	0.06545544300024386	0.7520071169528182	0.10071054873049658	98.08334545219928	108.57276526533997	0.0024307562314129687	1.0000842872056788
2.1319237626143135	1.9146846967271338	0.06545544300024386	0.7520071169528182	0.10071054873049658	98.08334545219928	108.57276526533997	0.0024307562314129687	1.0000842872056788
2.1319237626143135	1.9146846967271338	0.06545544300024386	0.7520071169528182	0.10071054873049658	98.08334545219928	108.57276526533997	0.0024307562314129687	1.0000842872056788
2.1319237626143135	1.9146846967271338	0.0654519356706666	0.7520071169528182	0.10071054873049658	98.08334545219928	108.57276526533997	0.0024307562314129687	1.0000842872056788
2.1319237626143135	1.9146846967271338	0.0654519356706666	0.7519901786237597	0.10071054873049658	98.08334545219928	108.57276526533997	0.0024307562314129687	1.0000842872056788
2.1319237626143135	1.9146846967271338	0.0654519356706666	0.7519901786237597	0.10071054873049658	98.08334545219928	108.5722478508121	0.0024307562314129687	1.0000842872056788
2.1319237626143135	1.9146846967271338	0.0654519356706666	0.7519901786237597	0.10071054873049658	98.0834775185615	108.5722478508121	0.0024307562314129687	1.0000842872056788
2.1319237626143135	1.9147629095744012	0.0654519356706666	0.7519901786237597	0.10071054873049658	98.0834775185615	108.5722478508121	0.0024307562314129687	1.0000842872056788
2.1319237626143135	1.9147629095744012	0.0654519356706666	0.7518844130103506	0.10071054873049658	98.0834775185615	108.5722478508121	0.0024307562314129687	1.0000842872056788
2.1319237626143135	1.9147629095744012	0.0654519356706666	0.7518844130103506	0.10071054873049658	98.0834775185615	108.5722478508121	0.0024307562314129687	1.0000842872056788
2.1319237626143135	1.9153313553167661	0.0654519356706666	0.7518844130103506	0.10071054873049658	98.0834775185615	108.5722478508121	0.0024307562314129687	1.0000842872056788
2.1319237626143135	1.9153313553167661	0.0654519356706666	0.7518844130103506	0.10071054873049658	98.0834775185615	108.5722478508121	0.0024307562314129687	1.0000842872056788
2.1319237626143135	1.9153313553167661	0.0654519356706666	0.7518844130103506	0.10071054873049658	98.0834775185615	108.5722478508121	0.0024307562314129687	1.0000842872056788
2.1319237626143135	1.9153313553167661	0.0654519356706666	0.7518844130103506	0.10071054873049658	98.0834775185615	108.5722478508121	0.0024307562314129687	1.0000842872056788
2.1319237626143135	1.9153313553167661	0.0654519356706666	0.7518844130103506	0.10071054873049658	98.0834775185615	108.5722478508121	0.0024307562314129687	1.0000842872056788
2.1319237626143135	1.9153313553167661	0.0654625253690907	0.7518844130103506	0.10071054873049658	98.0834775185615	108.5722478508121	0.0024307562314129687	1.0000842872056788
2.1319237626143135	1.9156101801182412	0.0654625253690907	0.7518844130103506	0.10071054873049658	98.0834775185615	108.5722478508121	0.0024307562314129687	1.0000842872056788
2.1319237626143135	1.9156101801182412	0.0654625253690907	0.7518844130103506	0.10071054873049658	98.0834775185615	108.48561171055847	0.0024307562314129687	1.0000842872056788
2.1319237626143135	1.9156101801182412	0.06547121072426323	0.7518844130103506	0.10071054873049658	98.0834775185615	108.48561171055847	0.0024307562314129687	1.0000842872056788
2.1319237626143135	1.9156101801182412	0.06547121072426323	0.7518844130103506	0.10071054873049658	98.0834775185615	108.48561171055847	0.0024307562314129687	1.0000842872056788
2.1319237626143135	1.9156101801182412	0.06547121072426323	0.7518844130103506	0.10071054873049658	98.0834775185615	108.48561171055847	0.0024307562314129687	1.0000842872056788
2.1319237626143135	1.9156101801182412	0.06547121072426323	0.7518844130103506	0.10071054873049658	98.0834775185615	108.48561171055847	0.0024307562314129687	1.0000842872056788
2.1319237626143135	1.9156101801182412	0.06547121072426323	0.7518844130103506	0.10071054873049658	98.0834775185615	108.48561171055847	0.0024307562314129687	1.0000873543243014
2.132370379178348	1.9156101801182412	0.06547121072426323	0.7518844130103506	0.10071054873049658	98.0834775185615	108.48561171055847	0.0024307562314129687	1.0000873543243014
2.132370379178348	1.9156106323092381	0.06547121072426323	0.7518844130103506	0.10071054873049658	98.0834775185615	108.48561171055847	0.0024307562314129687	1.0000873543243014
2.132370379178348	1.9156120333824262	0.06547121072426323	0.7518844130103506	0.10071054873049658	98.0834775185615	108.48561171055847	0.0024307562314129687	1.0000873543243014
2.132370379178348	1.9156120333824262	0.06547121072426323	0.7518844130103506	0.10071054873049658	98.0834775185615	108.48561171055847	0.0024307562314129687	1.0000873543243014
2.132404131277932	1.9156120333824262	0.06547121072426323	0.7518844130103506	0.10071054873049658	98.0834775185615	108.48561171055847	0.0024307562314129687	1.0000873543243014
2.132404131277932	1.9156120333824262	0.06547121072426323	0.7518844130103506	0.10071054873049658	98.09328984356466	108.48561171055847	0.0024307562314129687	1.0000873543243014
2.132399184160824	1.9156120333824262	0.06547121072426323	0.7518844130103506	0.10071054873049658	98.09328984356466	108.48561171055847	0.0024307562314129687	1.0000873543243014
2.132399184160824	1.9156120333824262	0.06547121072426323	0.7518844130103506	0.10071054873049658	98.09328984356466	108.48561171055847	0.002405409946474916	1.0000873543243014
2.132399184160824	1.9156120333824262	0.06547121072426323	0.7518844130103506	0.10071061623506133	98.09328984356466	108.48561171055847	0.002405409946474916	1.0000873543243014
2.132399184160824	1.9156120333824262	0.06547121072426323	0.7518844130103506	0.10071061623506133	98.09328984356466	108.48561171055847	0.002405409946474916	1.0000873543243014
2.132399184160824	1.9156120333824262	0.06547121072426323	0.7518844130103506	0.10071061623506133	98.09328984356466	108.48561171055847	0.002405409946474916	1.0000873543243014
2.132399184160824	1.9156120333824262	0.06547121072426323	0.7518844130103506	0.10071061623506133	98.09328984356466	108.48561171055847	0.002405409946474916	1.0000873543243014
2.132399184160824	1.9156120333824262	0.06547121072426323	0.7518844130103506	0.10071061623506133	98.09328984356466	108.48561171055847	0.002405409946474916	1.0000873543243014
2.1324010725885754	1.9156120333824262	0.06547121072426323	0.7518844130103506	0.10071061623506133	98.09328984356466	108.48561171055847	0.002405409946474916	1.0000873543243014
2.1324010725885754	1.9156120333824262	0.06547121072426323	0.7518844130103506	0.10071061623506133	98.09328984356466	108.48561171055847	0.002405409946474916	1.0000873543243014
2.1324010725885754	1.9156120333824262	0.06547121072426323	0.7518844130103506	0.10071010599383956	98.09328984356466	108.48561171055847	0.002405409946474916	1.0000873543243014
2.132399701636655	1.9156120333824262	0.06547121072426323	0.7518844130103506	0.10071010599383956	98.09328984356466	108.48561171055847	0.002405409946474916	1.0000873543243014
2.132399701636655	1.9156120333824262	0.06547121072426323	0.7518844130103506	0.1008465018762712	98.09328984356466	108.48561171055847	0.002405409946474916	1.0000873543243014
2.132399701636655	1.9156120333824262	0.06547121072426323	0.7518844130103506	0.1008465018762712	98.09328984356466	108.48561171055847	0.002405409946474916	1.0000873543243014
2.132399701636655	1.9156120333824262	0.06547121072426323	0.7518844130103506	0.1008465018762712	98.09328984356466	108.48561171055847	0.002405409946474916	1.0000873543243014
2.132399701636655	1.9156120333824262	0.06547121072426323	0.7518844130103506	0.1008465018762712	98.09328984356466	108.48561171055847	0.002405347173516409	1.0000873543243014
2.132399701636655	1.9156120333824262	0.06547121072426323	0.7518844130103506	0.1008465018762712	98.09328984356466	108.48561171055847	0.002405347173516409	1.0000873543243014
2.132399701636655	1.9156120333824262	0.06547121072426323	0.7518844130103506	0.1008465018762712	98.09328984356466	108.48561171055847	0.002405347173516409	1.0000873543243014
2.132399701636655	1.9156120333824262	0.06547121072426323	0.7518844130103506	0.1008465018762712	98.09328984356466	108.48561171055847	0.002405347173516409	1.0000873543243014
2.132399701636655	1.9156120333824262	0.06547121072426323	0.7518844130103506	0.10084608061448737	98.09328984356466	108.48561171055847	0.002405347173516409	1.0000873543243014
2.132399701636655	1.9156120333824262	0.06547121072426323	0.7518844130103506	0.10084608061448737	98.09328984356466	108.48561171055847	0.002405347173516409	1.0000873543243014
2.132399701636655	1.9156120333824262	0.06547121072426323	0.7518844130103506	0.10084608061448737	98.09328984356466	108.48561171055847	0.002405347173516409	1.0000873543243014
2.132399701636655	1.9156120333824262	0.06547121072426323	0.7518844130103506	0.10084608061448737	98.09328984356466	108.48561171055847	0.002409085353685772	1.0000873543243014
2.132399701636655	1.9156120333824262	0.06547121072426323	0.7518844130103506	0.10084608061448737	98.09328984356466	108.48561171055847	0.002409085353685772	1.0000873543243014
2.132399701636655	1.9156120333824262	0.06547121072426323	0.7518844130103506	0.10084608061448737	98.09328984356466	108.48561171055847	0.002409085353685772	1.000096842512871
2.132399701636655	1.9156120333824262	0.06547121072426323	0.7518844130103506	0.10084608061448737	98.09328984356466	108.48561171055847	0.0021118394356763447	1.000096842512871
2.132399701636655	1.9156120333824262	0.06547121072426323	0.7518844130103506	0.10084608061448737	98.09328984356466	108.48561171055847	0.0021118394356763447	1.0000968828588312
2.132399701636655	1.9156120333824262	0.06547121072426323	0.7518844130103506	0.10079281044033601	98.09328984356466	108.48561171055847	0.0021118394356763447	1.0000968828588312
2.132399701636655	1.9156120333824262	0.06547121072426323	0.7518844130103506	0.10079281044033601	98.09328984356466	108.48561171055847	0.0020970160901756505	1.0000968828588312
2.132399701636655	1.9156120333824262	0.06547121072426323	0.7518844130103506	0.10079281044033601	98.09328984356466	108.48561171055847	0.0020970160901756505	1.0000968828588312
2.132399701636655	1.9156120333824262	0.06547121072426323	0.7518844130103506	0.10079281044033601	98.09329744724135	108.48561171055847	0.0020970160901756505	1.0000968828588312
2.132399701636655	1.9156120333824262	0.06547121072426323	0.7518844130103506	0.10079281044033601	98.09329744724135	108.48604248084048	0.0020970160901756505	1.0000968828588312
2.132399701636655	1.9156120333824262	0.06547121072426323	0.7518844130103506	0.10079281044033601	98.09319230832683	108.48604248084048	0.0020970160901756505	1.0000968828588312
2.132399701636655	1.9156120333824262	0.06547121072426323	0.7518844130103506	0.10079281044033601	98.09319230832683	108.48604248084048	0.0020970160901756505	1.0000968828588312
2.132399701636655	1.9156120333824262	0.06547121072426323	0.7518844130103506	0.10079290406073176	98.09319230832683	108.48604248084048	0.0020970160901756505	1.0000968828588312
2.132399701636655	1.9156120333824262	0.06547121072426323	0.7518844130103506	0.10079290406073176	98.09319230832683	108.48604248084048	0.0020970160901756505	1.0000968828588312
2.132399701636655	1.9156120333824262	0.06547121072426323	0.7518844130103506	0.10079290406073176	98.09319230832683	108.48604248084048	0.0020972838131719765	1.0000968828588312
2.132399701636655	1.9156120333824262	0.06547121072426323	0.7518844130103506	0.10079290406073176	98.09319230832683	108.48604248084048	0.0020972838131719765	1.0000968828588312
2.132399701636655	1.9156120333824262	0.06547121072426323	0.7518844130103506	0.10079290406073176	98.09319230832683	108.48604248084048	0.0020972838131719765	1.0000968828588312
2.132399701636655	1.9156120333824262	0.06547121072426323	0.7518844130103506	0.10079290406073176	98.09319230832683	108.48667398743133	0.0020972838131719765	1.0000968828588312
2.1326152076395513	1.9156120333824262	0.06547121072426323	0.7518844130103506	0.10079290406073176	98.09319230832683	108.48667398743133	0.0020972838131719765	1.0000968828588312
2.132601972234058	1.9156120333824262	0.06547121072426323	0.7518844130103506	0.10079290406073176	98.09319230832683	108.48667398743133	0.0020972838131719765	1.0000968828588312
2.132601972234058	1.9156120333824262	0.06547121072426323	0.7518844130103506	0.10079290406073176	98.09319230832683	108.48667398743133	0.0020972838131719765	1.0000968828588312
2.1325953899348264	1.9156120333824262	0.06547121072426323	0.7518844130103506	0.10079290406073176	98.09319230832683	108.48667398743133	0.0020972838131719765	1.0000968828588312
2.1325953899348264	1.9156120333824262	0.06547121072426323	0.7518844130103506	0.10079290406073176	98.09319230832683	108.48667398743133	0.0020972838131719765	1.0000968828588312
2.1325953899348264	1.9156120333824262	0.06547121072426323	0.7518844130103506	0.10079290406073176	98.09319230832683	108.48667398743133	0.0020972838131719765	1.0000968828588312
2.1325953899348264	1.9156120333824262	0.06547121072426323	0.7518844130103506	0.10079290406073176	98.09319230832683	108.48667398743133	0.0020972838131719765	1.0000968828588312
2.1325953899348264	1.9156120333824262	0.06547121072426323	0.7518844130103506	0.10079290406073176	98.09319230832683	108.48667398743133	0.0020972838131719765	1.0000968828588312
2.1325928849978895	1.9156120333824262	0.06547121072426323	0.7518844130103506	0.10079290406073176	98.09319230832683	108.48667398743133	0.0020972838131719765	1.0000968828588312
2.1325928849978895	1.9156120333824262	0.06547121072426323	0.7518844130103506	0.10080014747806786	98.09319230832683	108.48667398743133	0.0020972838131719765	1.0000968828588312
2.1325928849978895	1.9156120333824262	0.06547121072426323	0.7518844130103506	0.10080014747806786	98.09319230832683	108.48667398743133	0.0020972838131719765	1.0000968828588312
2.1325928849978895	1.9156120333824262	0.06547121072426323	0.7518844130103506	0.10080014747806786	98.09319230832683	108.48667398743133	0.0020972838131719765	1.0000968828588312
2.1325928849978895	1.9156120333824262	0.06547121072426323	0.7518844130103506	0.10080014747806786	98.09319230832683	108.48667398743133	0.0020972838131719765	1.0000901263051525
2.1325928849978895	1.9156120333824262	0.06547121072426323	0.7518844130103506	0.10080014747806786	98.09319230832683	108.48667398743133	0.0020972838131719765	1.0000901263051525
2.1325928849978895	1.9156337877029734	0.06547121072426323	0.7518844130103506	0.10080014747806786	98.09319230832683	108.48667398743133	0.0020972838131719765	1.0000901263051525
2.1325928849978895	1.9156337877029734	0.06547121072426323	0.7518844130103506	0.10080014747806786	98.09319230832683	108.45215676532213	0.0020972838131719765	1.0000901263051525
2.1325928849978895	1.9156337877029734	0.06547121072426323	0.7518844130103506	0.10080014747806786	98.09319230832683	108.45215676532213	0.0020972838131719765	1.0000901263051525
2.1325928849978895	1.9156337877029734	0.06547121072426323	0.7518844130103506	0.10080014747806786	98.09319230832683	108.45215676532213	0.0020972838131719765	1.0000901263051525
2.1325928849978895	1.9156341378572355	0.06547121072426323	0.7518844130103506	0.10080014747806786	98.09319230832683	108.45215676532213	0.0020972838131719765	1.0000901263051525
2.1325928849978895	1.9156341378572355	0.06547121072426323	0.7518844130103506	0.10080014747806786	98.09319230832683	108.45215676532213	0.0020972838131719765	1.0000901263051525
2.1325928849978895	1.9156341378572355	0.06547121072426323	0.7518844130103506	0.10080014747806786	98.08169145742754	108.45215676532213	0.0020972838131719765	1.0000901263051525
2.1325928849978895	1.9156341378572355	0.06547121072426323	0.7518844130103506	0.10080014747806786	98.08169145742754	108.45215676532213	0.0020972838131719765	1.0000901263051525
2.1325928849978895	1.9156341378572355	0.06547121072426323	0.7518844130103506	0.10080014747806786	98.08169145742754	108.45215676532213	0.0020972838131719765	1.0000901263051525
2.1325928849978895	1.9156341378572355	0.06547121072426323	0.7518844130103506	0.10080014747806786	98.08169145742754	108.45215676532213	0.0020972838131719765	1.0000902818498583
2.1325928849978895	1.9156341378572355	0.06547121072426323	0.7518844130103506	0.10080014747806786	98.08172234779224	108.45215676532213	0.0020972838131719765	1.0000902818498583
2.1325928849978895	1.9156341378572355	0.06547121072426323	0.7518844130103506	0.10080014747806786	98.08172234779224	108.45250006317738	0.0020972838131719765	1.0000902818498583
2.1325928849978895	1.9156341378572355	0.06547121072426323	0.7518844130103506	0.10080014747806786	98.08144126464111	108.45250006317738	0.0020972838131719765	1.0000902818498583
2.1325928849978895	1.9156341378572355	0.06547121072426323	0.7518844130103506	0.10080014747806786	98.08144126464111	108.45250006317738	0.0020972838131719765	1.0000902818498583
2.1325928849978895	1.9156341378572355	0.06547121072426323	0.7518844130103506	0.10080014747806786	98.08144117537822	108.45250006317738	0.0020972838131719765	1.0000902818498583
2.1325928849978895	1.9156341378572355	0.06547121072426323	0.7518844130103506	0.10080014747806786	98.08144117537822	108.45250006317738	0.0020972838131719765	1.0000902818498583
2.1325928849978895	1.9156341378572355	0.06547121072426323	0.7518844130103506	0.10079248157208927	98.08144117537822	108.45250006317738	0.0020972838131719765	1.0000902818498583
2.1325928849978895	1.9156341378572355	0.06547121072426323	0.7518844130103506	0.10079248157208927	98.08144117537822	109.17593287835449	0.0020972838131719765	1.0000902818498583
2.1325928849978895	1.9156341378572355	0.06547121072426323	0.7518844130103506	0.10079248157208927	98.08144117537822	109.17593287835449	0.002097238842088849	1.0000902818498583
2.1325928849978895	1.9156341378572355	0.06547121072426323	0.7518844130103506	0.10079248157208927	98.08144117537822	109.17593287835449	0.002097238842088849	1.0000902818498583
2.1325928849978895	1.9156341378572355	0.06547121072426323	0.7518844130103506	0.10079248157208927	98.08144117537822	109.17593287835449	0.002097238842088849	1.000090229814811
2.1325928849978895	1.9156341378572355	0.06547121072426323	0.7518844130103506	0.10079255251157065	98.08144117537822	109.17593287835449	0.002097238842088849	1.000090229814811
2.1325928849978895	1.9156341378572355	0.06547121072426323	0.7518844130103506	0.10079255251157065	98.08144117537822	109.18803327551616	0.002097238842088849	1.000090229814811
2.1325928849978895	1.9156341378572355	0.06547121072426323	0.7514025580825318	0.10079255251157065	98.08144117537822	109.18803327551616	0.002097238842088849	1.000090229814811
2.1325928849978895	1.9156341378572355	0.06547121072426323	0.7514025580825318	0.10079255251157065	98.08144117537822	109.18803327551616	0.002097238842088849	1.000090229814811
2.1325928849978895	1.9156341378572355	0.06547121072426323	0.7514025580825318	0.10079255251157065	98.08144117537822	109.19264942304324	0.002097238842088849	1.000090229814811
2.1325928849978895	1.9156341378572355	0.06547121072426323	0.7514025580825318	0.10079255251157065	98.08144117537822	109.19280882726906	0.002097238842088849	1.000090229814811
2.132588319336736	1.9156341378572355	0.06547121072426323	0.7514025580825318	0.10079255251157065	98.08144117537822	109.19280882726906	0.002097238842088849	1.000090229814811
2.132588319336736	1.9156341378572355	0.06547121072426323	0.7514025580825318	0.10079255251157065	98.08144117537822	109.19280882726906	0.002097238842088849	1.000090229814811
2.132588319336736	1.9070474836066182	0.06547121072426323	0.7514025580825318	0.10079255251157065	98.08144117537822	109.19280882726906	0.002097238842088849	1.000090229814811
2.132588319336736	1.9070474836066182	0.06547121072426323	0.7514025580825318	0.10079255251157065	98.08144117537822	109.19280882726906	0.002097238842088849	1.000090229814811
2.132588319336736	1.9070474836066182	0.06547121072426323	0.7514025580825318	0.10079255251157065	98.08144117537822	109.19280882726906	0.002097238842088849	1.0000884223900623
2.132588319336736	1.9070474836066182	0.06547121072426323	0.7514025580825318	0.10079255251157065	98.08144117537822	109.19280882726906	0.002097238842088849	1.0000884223900623
2.132588319336736	1.9070474836066182	0.06547121072426323	0.7514025580825318	0.10079255251157065	98.08144117537822	109.19280882726906	0.002097238842088849	1.0000884223900623
2.132588319336736	1.9070474836066182	0.06550900679232946	0.7514025580825318	0.10079255251157065	98.08144117537822	109.19280882726906	0.002097238842088849	1.0000884223900623
2.132588319336736	1.9070474836066182	0.06550900679232946	0.7514025580825318	0.10079255251157065	98.08144117537822	109.19280882726906	0.002097238842088849	1.0000884223900623
2.132506275122626	1.9070474836066182	0.06550900679232946	0.7514025580825318	0.10079255251157065	98.08144117537822	109.19280882726906	0.002097238842088849	1.0000884223900623
2.132506275122626	1.9070474836066182	0.06550900679232946	0.7514025580825318	0.10079255251157065	98.08144117537822	109.19280882726906	0.002097238842088849	1.0000884223900623
2.132506275122626	1.9070464596031034	0.06550900679232946	0.7514025580825318	0.10079255251157065	98.08144117537822	109.19280882726906	0.002097238842088849	1.0000884223900623
2.132506275122626	1.9070464596031034	0.06550900679232946	0.7514025580825318	0.10079255251157065	98.08144117537822	109.19280882726906	0.002097238842088849	1.0000884223900623
2.132506275122626	1.9070464596031034	0.06550900679232946	0.7514025580825318	0.10079255251157065	98.08144117537822	109.19813620779793	0.002097238842088849	1.0000884223900623
2.132506275122626	1.9070464596031034	0.06550900679232946	0.7514025580825318	0.10079255251157065	98.08144117537822	109.19813620779793	0.002097238842088849	1.0000884223900623
2.132506275122626	1.9070464596031034	0.06550900679232946	0.7514025580825318	0.10079255251157065	98.09443782750296	109.19813620779793	0.002097238842088849	1.0000884223900623
2.132506275122626	1.9070464596031034	0.06550900679232946	0.7514025580825318	0.10079255251157065	98.09443782750296	109.19813620779793	0.002097238842088849	1.0000884935082803
2.132506275122626	1.9070464596031034	0.06550900679232946	0.7514025580825318	0.10079255251157065	98.09443782750296	109.19813620779793	0.002097238842088849	1.0000884935082803
2.132506275122626	1.9070464596031034	0.06550900679232946	0.7514025580825318	0.10079324244990116	98.09443782750296	109.19813620779793	0.002097238842088849	1.0000884935082803
2.132506275122626	1.9070464596031034	0.06550900679232946	0.7514025580825318	0.10079324244990116	98.09443782750296	109.19813620779793	0.002097238842088849	1.0000890535134315
2.132506275122626	1.9070464596031034	0.06550900679232946	0.7514025580825318	0.10079324244990116	98.09443782750296	109.19813620779793	0.002097238842088849	1.0000890535134315
2.132506275122626	1.9070464596031034	0.06550900679232946	0.7514025580825318	0.10079324244990116	98.09443782750296	109.19813620779793	0.002097238842088849	1.0000890012332568
2.132506275122626	1.9070464596031034	0.06550900679232946	0.7514025580825318	0.10079324244990116	98.09443782750296	109.19813620779793	0.002097238842088849	1.0001038160067943
2.132506275122626	1.9070464596031034	0.06550900679232946	0.7514025580825318	0.10079324244990116	98.09443782750296	109.19813620779793	0.002097238842088849	1.0001038160067943
2.132506275122626	1.9070464596031034	0.06550900679232946	0.7514025580825318	0.10079324244990116	98.09443782750296	109.19813620779793	0.002097238842088849	1.0001038160067943
2.132506275122626	1.9070464596031034	0.06550900679232946	0.7514025580825318	0.10079324244990116	98.09443782750296	109.19813620779793	0.002097238842088849	1.0001038160067943
2.132506275122626	1.9070464596031034	0.06550900679232946	0.7514025580825318	0.10079324244990116	98.09443782750296	109.19831211704847	0.002097238842088849	1.0001038160067943
2.132506275122626	1.9070464596031034	0.06550900679232946	0.7514025580825318	0.10079324244990116	98.09443782750296	109.19831211704847	0.002097238842088849	1.0001038160067943
2.132506275122626	1.9070464596031034	0.06550900679232946	0.7514025580825318	0.10079324244990116	98.09443782750296	109.19831211704847	0.002097238842088849	1.0001038160067943
2.132506275122626	1.9070464596031034	0.06550900679232946	0.7514025580825318	0.10079324244990116	98.09443782750296	109.19831211704847	0.002097238842088849	1.0001038160067943
2.132506275122626	1.9070464596031034	0.06550900679232946	0.7514025580825318	0.10079324244990116	98.09443782750296	109.19831211704847	0.002097238842088849	1.0001038160067943
2.132506275122626	1.9070464596031034	0.06550900679232946	0.7514025580825318	0.10079324244990116	98.09443782750296	109.31015394259136	0.002097238842088849	1.0001038160067943
2.132506275122626	1.9070464596031034	0.06550900679232946	0.7514025580825318	0.10079324244990116	98.09443782750296	109.31015394259136	0.002097247581575975	1.0001038160067943
2.132506275122626	1.9070464596031034	0.06550900679232946	0.7514025580825318	0.10079324244990116	98.09443782750296	109.31015394259136	0.002097247581575975	1.0001038160067943
2.132506275122626	1.9070464596031034	0.06550900679232946	0.7514025580825318	0.10079324244990116	98.09443782750296	109.31015394259136	0.002097247581575975	1.0001038160067943
2.132506275122626	1.9070464596031034	0.06550900679232946	0.7514025580825318	0.10079324244990116	98.09443782750296	109.31015394259136	0.002097247581575975	1.0001038160067943
2.132506275122626	1.9070470409003295	0.06550900679232946	0.7514025580825318	0.10079324244990116	98.09443782750296	109.31015394259136	0.002097247581575975	1.0001038160067943
2.132506275122626	1.9070470409003295	0.06550900679232946	0.7514025580825318	0.10079324244990116	98.09443782750296	109.31015394259136	0.002097247581575975	1.0001038160067943
2.132506275122626	1.9070470409003295	0.06550900679232946	0.7514025580825318	0.10079324244990116	98.09443782750296	109.31015394259136	0.002097247581575975	1.0001038160067943
2.132506275122626	1.9070470409003295	0.06550900679232946	0.7514025580825318	0.10079324244990116	98.09443782750296	109.31015394259136	0.002097247581575975	1.0001038160067943
2.132506275122626	1.9070470409003295	0.06550366260322937	0.7514025580825318	0.10079324244990116	98.09443782750296	109.31015394259136	0.002097247581575975	1.0001038160067943
2.132506275122626	1.9070470409003295	0.06550366260322937	0.7514025580825318	0.10079324244990116	98.09443782750296	109.30808200969756	0.002097247581575975	1.0001038160067943
2.132506275122626	1.9070470409003295	0.06550366260322937	0.7513816366095551	0.10079324244990116	98.09443782750296	109.30808200969756	0.002097247581575975	1.0001038160067943
2.132506275122626	1.9070470409003295	0.06550366260322937	0.7513816366095551	0.10079324244990116	98.09443782750296	109.30808200969756	0.002097247581575975	1.0001038160067943
2.132506275122626	1.9070470409003295	0.06550366260322937	0.7513816366095551	0.10079324244990116	98.09443782750296	109.30808200969756	0.002097247581575975	1.0001038160067943
2.132506275122626	1.9070470409003295	0.06550366260322937	0.7513816366095551	0.10079324244990116	98.09443782750296	109.30808200969756	0.002097247581575975	1.0001038160067943
2.132506275122626	1.9070470409003295	0.06550366260322937	0.7513816366095551	0.10079324244990116	98.09443782750296	109.30808200969756	0.002097247581575975	1.0001038160067943
2.132506275122626	1.9070470409003295	0.06550366260322937	0.7513816366095551	0.10079324244990116	98.09443782750296	109.30808200969756	0.002097247581575975	1.0001038160067943
2.1326539846334938	1.9070470409003295	0.06550366260322937	0.7513816366095551	0.10079324244990116	98.09443782750296	109.30808200969756	0.002097247581575975	1.0001038160067943
2.1326539846334938	1.9070470409003295	0.06550366260322937	0.7513816366095551	0.10079324244990116	98.09443782750296	109.30808200969756	0.002097247581575975	1.0001038160067943
2.1326539846334938	1.9070759372811514	0.06550366260322937	0.7513816366095551	0.10079324244990116	98.09443782750296	109.30808200969756	0.002097247581575975	1.0001038160067943
2.1326539846334938	1.9070759372811514	0.065778272154686	0.7513816366095551	0.10079324244990116	98.09443782750296	109.30808200969756	0.002097247581575975	1.0001038160067943
2.1326539846334938	1.9070759372811514	0.065778272154686	0.7513816366095551	0.10079324244990116	98.09443782750296	109.30808200969756	0.002097247581575975	1.0001038160067943
2.1326539846334938	1.9070759372811514	0.065778272154686	0.7513816366095551	0.10079324244990116	98.09443782750296	109.30808200969756	0.002097247581575975	1.0001038160067943
2.1326539846334938	1.9071055278043212	0.065778272154686	0.7513816366095551	0.10079324244990116	98.09443782750296	109.30808200969756	0.002097247581575975	1.0001038160067943
2.1326539846334938	1.9071055278043212	0.065778272154686	0.7513816366095551	0.10079324244990116	98.09443782750296	109.30808200969756	0.002097247581575975	1.0001054232395785
2.1326539846334938	1.9071055278043212	0.065778272154686	0.7513816366095551	0.10079324244990116	98.0344199489935	109.30808200969756	0.002097247581575975	1.0001054232395785
2.1326586223328987	1.9071055278043212	0.065778272154686	0.7513816366095551	0.10079324244990116	98.0344199489935	109.30808200969756	0.002097247581575975	1.0001054232395785
2.1326586223328987	1.9071055278043212	0.065778272154686	0.7513816366095551	0.10079324244990116	98.0344199489935	109.30808200969756	0.002097247581575975	1.0001054232395785
2.1326586223328987	1.9071055278043212	0.065778272154686	0.7513816366095551	0.10055904371736851	98.0344199489935	109.30808200969756	0.002097247581575975	1.0001054232395785
2.1326586223328987	1.9071055278043212	0.065778272154686	0.7513816366095551	0.10055904371736851	98.0344199489935	109.30808200969756	0.002097247581575975	1.0001054232395785
2.1326586223328987	1.9072343696740335	0.065778272154686	0.7513816366095551	0.10055904371736851	98.0344199489935	109.30808200969756	0.002097247581575975	1.0001054232395785
2.1326586223328987	1.9072343696740335	0.065778272154686	0.7513816366095551	0.10055904371736851	98.03491551064829	109.30808200969756	0.002097247581575975	1.0001054232395785
2.1326586223328987	1.9072343696740335	0.065778272154686	0.7513639929188739	0.10055904371736851	98.03491551064829	109.30808200969756	0.002097247581575975	1.0001054232395785
2.1326586223328987	1.9072343696740335	0.065778272154686	0.7513639929188739	0.10055904371736851	98.03491551064829	109.14336522392591	0.002097247581575975	1.0001054232395785
2.1326586223328987	1.9072343696740335	0.065778272154686	0.7513639929188739	0.10055904371736851	98.03491551064829	109.14336522392591	0.002097247581575975	1.0001054232395785
2.1326586223328987	1.9072343696740335	0.065778272154686	0.7513639929188739	0.10055904371736851	98.03491551064829	109.14336522392591	0.002097247581575975	1.0001047047250642
2.1326586223328987	1.9072343696740335	0.065778272154686	0.7513639929188739	0.10055904371736851	98.03491551064829	109.14336522392591	0.002097247581575975	1.000104583167629
2.1326586223328987	1.9072343696740335	0.065778272154686	0.7513639929188739	0.10055904371736851	98.03491551064829	109.14336522392591	0.002097247581575975	1.000104583167629
2.1326586223328987	1.9072338215843745	0.065778272154686	0.7513639929188739	0.10055904371736851	98.03491551064829	109.14336522392591	0.002097247581575975	1.000104583167629
2.1326586223328987	1.9072338215843745	0.065778272154686	0.7513639929188739	0.10055904371736851	98.03491551064829	109.14336522392591	0.002097247581575975	1.000104583167629
2.1326586223328987	1.9072338215843745	0.065778272154686	0.7513639929188739	0.10055904371736851	98.03491551064829	109.14336522392591	0.002097247581575975	1.00010560403659
2.1326586223328987	1.9072338215843745	0.065778272154686	0.7513639929188739	0.10055904371736851	98.03491551064829	109.14336522392591	0.002097247581575975	1.00010560403659
2.1326586223328987	1.9072338215843745	0.065778272154686	0.7513639929188739	0.10055904371736851	98.03491551064829	109.14336522392591	0.002097247581575975	1.00010560403659
2.132658677940531	1.9072338215843745	0.065778272154686	0.7513639929188739	0.10055904371736851	98.03491551064829	109.14336522392591	0.002097247581575975	1.00010560403659
2.132658677940531	1.9072338215843745	0.065778272154686	0.7513639929188739	0.10055904371736851	98.03491551064829	109.14336522392591	0.002097247581575975	1.00010560403659
2.132658677940531	1.9072338215843745	0.065778272154686	0.7513639929188739	0.10055904371736851	98.03491551064829	109.14336522392591	0.002097247581575975	1.00010560403659
2.132658677940531	1.9072338215843745	0.065778272154686	0.7513639929188739	0.10056151648330777	98.03491551064829	109.14336522392591	0.002097247581575975	1.00010560403659
2.132658677940531	1.9072338215843745	0.065778272154686	0.7513639929188739	0.10056151648330777	98.03491551064829	109.14336522392591	0.002097247581575975	1.00010560403659
2.132658677940531	1.9072338215843745	0.065778272154686	0.7513639929188739	0.10056151648330777	98.03489444008328	109.14336522392591	0.002097247581575975	1.00010560403659
2.132658677940531	1.9072338215843745	0.065778272154686	0.7513639929188739	0.10056151648330777	98.03489444008328	109.14336522392591	0.002097247581575975	1.00010560403659
2.132658677940531	1.9072338215843745	0.06577876107998465	0.7513639929188739	0.10056151648330777	98.03489444008328	109.14336522392591	0.002097247581575975	1.00010560403659
2.132658677940531	1.9072338215843745	0.06577876107998465	0.7513639929188739	0.10056151648330777	98.03489444008328	109.14336522392591	0.002097247581575975	1.00010560403659
2.1327885049345103	1.9072338215843745	0.06577876107998465	0.7513639929188739	0.10056151648330777	98.03489444008328	109.14336522392591	0.002097247581575975	1.00010560403659
2.1327885049345103	1.9072338215843745	0.06577876107998465	0.7513639929188739	0.10056151648330777	98.03489444008328	109.14336522392591	0.002097247581575975	1.00010560403659
2.1327885049345103	1.9072338215843745	0.06577876107998465	0.7513639929188739	0.10056151648330777	98.03489444008328	109.13683201008651	0.002097247581575975	1.00010560403659
2.1327885049345103	1.9072338215843745	0.06577876107998465	0.7513639929188739	0.10056151648330777	98.03489444008328	109.13683201008651	0.002097247581575975	1.00010560403659
2.1327885049345103	1.9072338215843745	0.06577876107998465	0.7514166966265301	0.10056151648330777	98.03489444008328	109.13683201008651	0.002097247581575975	1.00010560403659
2.1327885049345103	1.9072338215843745	0.06573810202338144	0.7514166966265301	0.10056151648330777	98.03489444008328	109.13683201008651	0.002097247581575975	1.00010560403659
2.1327885049345103	1.9072338215843745	0.06573810202338144	0.7514166966265301	0.10056151648330777	98.03489444008328	109.13683201008651	0.002097247581575975	1.00010560403659
2.1327885049345103	1.9072338215843745	0.06574816702473663	0.7514166966265301	0.10056151648330777	98.03489444008328	109.13683201008651	0.002097247581575975	1.00010560403659
2.132787759585719	1.9072338215843745	0.06574816702473663	0.7514166966265301	0.10056151648330777	98.03489444008328	109.13683201008651	0.002097247581575975	1.00010560403659
2.132787759585719	1.9072338215843745	0.06574816702473663	0.7514166966265301	0.10055691911173822	98.03489444008328	109.13683201008651	0.002097247581575975	1.00010560403659
2.132787759585719	1.9072338215843745	0.06574816702473663	0.7514166966265301	0.10055691911173822	98.03489444008328	109.13683201008651	0.002097247581575975	1.00010560403659
2.132787759585719	1.906881731834483	0.06574816702473663	0.7514166966265301	0.10055691911173822	98.03489444008328	109.13683201008651	0.002097247581575975	1.00010560403659
2.132787759585719	1.906881731834483	0.06574896330701259	0.7514166966265301	0.10055691911173822	98.03489444008328	109.13683201008651	0.002097247581575975	1.00010560403659
2.132787759585719	1.9068830358260733	0.06574896330701259	0.7514166966265301	0.10055691911173822	98.03489444008328	109.13683201008651	0.002097247581575975	1.00010560403659
2.132787759585719	1.9068830358260733	0.06574896330701259	0.7514166966265301	0.10055691911173822	98.03489444008328	109.13683201008651	0.002097247581575975	1.00010560403659
2.132787759585719	1.9068830358260733	0.06574896330701259	0.7514166966265301	0.10055691911173822	98.03489444008328	109.13683201008651	0.002162499596643681	1.00010560403659
2.132787759585719	1.9068830358260733	0.06574896330701259	0.7514166966265301	0.10055691911173822	98.03489444008328	109.13683201008651	0.002162499596643681	1.00010560403659
2.132787759585719	1.9068830358260733	0.06574896330701259	0.7514166966265301	0.10055691911173822	98.03489444008328	109.13683201008651	0.0021658915569752754	1.00010560403659
2.132787759585719	1.9068830358260733	0.06574896330701259	0.7514166966265301	0.10055691911173822	98.03489444008328	109.13683201008651	0.0021658915569752754	1.00010560403659
2.132787759585719	1.9068830358260733	0.06574896330701259	0.7514166966265301	0.10055691911173822	98.03489444008328	109.13764132427272	0.0021658915569752754	1.00010560403659
2.132787759585719	1.9068830358260733	0.06574896330701259	0.7514166966265301	0.10055691911173822	98.03495943787529	109.13764132427272	0.0021658915569752754	1.00010560403659
2.132776244314053	1.9068830358260733	0.06574896330701259	0.7514166966265301	0.10055691911173822	98.03495943787529	109.13764132427272	0.0021658915569752754	1.00010560403659
2.132776244314053	1.9068830358260733	0.06574896330701259	0.7514166966265301	0.10055691911173822	98.03495943787529	109.13764132427272	0.0021658915569752754	1.00010560403659
2.132776244314053	1.9068830358260733	0.06574896330701259	0.7514166966265301	0.10055691911173822	98.03495943787529	109.13764132427272	0.0021658915569752754	1.00010560403659
2.132776244314053	1.9068830358260733	0.06574896330701259	0.7514166966265301	0.10055691911173822	98.03495943787529	109.13764132427272	0.0021658915569752754	1.00010560403659
2.132776244314053	1.9062895791816408	0.06574896330701259	0.7514166966265301	0.10055691911173822	98.03495943787529	109.13764132427272	0.0021658915569752754	1.00010560403659
2.132776244314053	1.9062895791816408	0.06574896330701259	0.7514166966265301	0.10055691911173822	98.03495943787529	109.13764132427272	0.0021658915569752754	1.00010560403659
2.132776244314053	1.9062895791816408	0.06574896330701259	0.7514166966265301	0.10055691911173822	98.03495943787529	109.13764132427272	0.0021658915569752754	1.00010560403659
2.132776244314053	1.9062895791816408	0.06574896330701259	0.7514166966265301	0.10055691911173822	98.03495943787529	108.9216333642157	0.0021658915569752754	1.00010560403659
2.132776244314053	1.9062895791816408	0.06574896330701259	0.7514166966265301	0.10055691911173822	98.03495943787529	108.9216333642157	0.0021658915569752754	1.00010560403659
2.132776244314053	1.9062895791816408	0.06574896330701259	0.7514166966265301	0.10055691911173822	98.03495943787529	108.9216333642157	0.0021658915569752754	1.00010560403659
2.132776244314053	1.9062895791816408	0.06574896330701259	0.7514166966265301	0.10055691911173822	98.03495943787529	108.9216333642157	0.0021658915569752754	1.00010560403659
2.132776244314053	1.9062895791816408	0.06574896330701259	0.7514189576145657	0.10055691911173822	98.03495943787529	108.9216333642157	0.0021658915569752754	1.00010560403659
2.132776244314053	1.9062895791816408	0.06574896330701259	0.7514189576145657	0.10055691911173822	98.03495943787529	108.9216333642157	0.0021658915569752754	1.00010560403659
2.132776244314053	1.9062895791816408	0.06574896330701259	0.7514189576145657	0.10055634549164319	98.03495943787529	108.9216333642157	0.0021658915569752754	1.00010560403659
2.1321978334199194	1.9062895791816408	0.06574896330701259	0.7514189576145657	0.10055634549164319	98.03495943787529	108.9216333642157	0.0021658915569752754	1.00010560403659
2.1321978334199194	1.9062895791816408	0.06574896330701259	0.7514189576145657	0.10055634549164319	98.03495943787529	108.9216333642157	0.0021180955219837227	1.00010560403659
2.1321978334199194	1.9062895791816408	0.06574896330701259	0.7514189576145657	0.10055634549164319	98.03495943787529	108.92015940953294	0.0021180955219837227	1.00010560403659
2.1321978334199194	1.9062895791816408	0.06574896330701259	0.7514189576145657	0.10055634549164319	98.03495943787529	108.92015940953294	0.0021180955219837227	1.000091310244286
2.1321978334199194	1.9062895791816408	0.06574896330701259	0.751424542994835	0.10055634549164319	98.03495943787529	108.92015940953294	0.0021180955219837227	1.000091310244286
2.1321978334199194	1.9062895791816408	0.06574896330701259	0.751424542994835	0.10055634549164319	98.03495943787529	108.92015940953294	0.0021180955219837227	1.000091310244286
2.132198816914121	1.9062895791816408	0.06574896330701259	0.751424542994835	0.10055634549164319	98.03495943787529	108.92015940953294	0.0021180955219837227	1.000091310244286
2.132198816914121	1.9062895791816408	0.06574896330701259	0.751424542994835	0.10055634549164319	98.03244621518074	108.92015940953294	0.0021180955219837227	1.000091310244286
2.132198816914121	1.9062895791816408	0.06574896330701259	0.751424542994835	0.10055634549164319	98.03244621518074	108.92015940953294	0.0021180955219837227	1.000091310244286
2.132198816914121	1.9063203025509046	0.06574896330701259	0.751424542994835	0.10055634549164319	98.03244621518074	108.92015940953294	0.0021180955219837227	1.000091310244286
2.132198816914121	1.9063203025509046	0.06574896330701259	0.7515014351948105	0.10055634549164319	98.03244621518074	108.92015940953294	0.0021180955219837227	1.000091310244286
2.132198816914121	1.9063203025509046	0.06574896330701259	0.7515014351948105	0.10055634549164319	98.03244621518074	110.37211681676139	0.0021180955219837227	1.000091310244286
2.132198816914121	1.9063203025509046	0.06574896330701259	0.7515014351948105	0.10055634549164319	98.03244621518074	110.37211681676139	0.0021180955219837227	1.000091310244286
2.132201717603248	1.9063203025509046	0.06574896330701259	0.7515014351948105	0.10055634549164319	98.03244621518074	110.37211681676139	0.0021180955219837227	1.000091310244286
2.132201717603248	1.9063203025509046	0.06574896330701259	0.7515014351948105	0.10055634549164319	98.03244621518074	110.37211681676139	0.0021180955219837227	1.000091310244286
2.1325115970331288	1.9063203025509046	0.06574896330701259	0.7515014351948105	0.10055634549164319	98.03244621518074	110.37211681676139	0.0021180955219837227	1.000091310244286
2.1325115970331288	1.9063203025509046	0.06574896330701259	0.7515014351948105	0.10055634549164319	98.03244621518074	110.37211681676139	0.0021180955219837227	1.000091310244286
2.1325115970331288	1.9063203025509046	0.06574896330701259	0.7515014351948105	0.10055634549164319	98.03244621518074	110.37211681676139	0.0021180955219837227	1.000091310244286
2.1325115970331288	1.9063203025509046	0.06574896330701259	0.7515014351948105	0.10055634549164319	98.03244621518074	110.37211681676139	0.0021121920773928505	1.000091310244286
2.1325115970331288	1.9063203025509046	0.06574896330701259	0.7515014351948105	0.10055634549164319	98.03244621518074	110.37211681676139	0.0021121920773928505	1.000091310244286
2.1325115970331288	1.9063203025509046	0.06574896330701259	0.7515014351948105	0.10055634549164319	98.03244621518074	110.37211681676139	0.0021121920773928505	1.000091310244286
2.1325115970331288	1.9063203025509046	0.06574896330701259	0.7515014351948105	0.10055634549164319	98.03244621518074	110.37211681676139	0.0021121920773928505	1.0000919026856498
2.1325115970331288	1.9063203025509046	0.06574896330701259	0.7515014351948105	0.10055634549164319	98.03244621518074	110.37211681676139	0.0021121920773928505	1.0000919026856498
2.1325115970331288	1.9063203025509046	0.06574896330701259	0.7515014351948105	0.10055634549164319	98.03244621518074	110.37211681676139	0.0021121920773928505	1.0000919026856498
2.1325115970331288	1.9063203025509046	0.06574896330701259	0.7515014351948105	0.10055634549164319	98.03244621518074	110.37211681676139	0.0021122720811632954	1.0000919026856498
2.1325115970331288	1.9063203025509046	0.06574896330701259	0.7515014351948105	0.10055634549164319	98.03244621518074	110.37211681676139	0.0021122720811632954	1.0000919026856498
2.132507425455513	1.9063203025509046	0.06574896330701259	0.7515014351948105	0.10055634549164319	98.03244621518074	110.37211681676139	0.0021122720811632954	1.0000919026856498
2.132507425455513	1.9063203025509046	0.06574896330701259	0.7515014351948105	0.10055634549164319	98.03244621518074	110.37211681676139	0.0021122720811632954	1.0000919026856498
2.132507425455513	1.9063203025509046	0.06574896330701259	0.7515014351948105	0.10055634549164319	98.03244621518074	110.37211681676139	0.0021122720811632954	1.0000919026856498
2.132507425455513	1.9063203025509046	0.06574896330701259	0.7515014351948105	0.10055634549164319	98.03244621518074	110.37211681676139	0.0021122720811632954	1.0000918565483332
2.132507425455513	1.9063203025509046	0.06574896330701259	0.7515014351948105	0.10055634549164319	98.03244621518074	110.37211681676139	0.0021122720811632954	1.0000918565483332
2.132507425455513	1.9063203025509046	0.06574896330701259	0.7515014351948105	0.10055634549164319	98.03244621518074	110.37211681676139	0.0021122720811632954	1.0000918565483332
2.132507425455513	1.9063203025509046	0.06574896330701259	0.7515014351948105	0.10055634549164319	98.03254058775158	110.37211681676139	0.0021122720811632954	1.0000918565483332
2.132507425455513	1.9063203025509046	0.06574896330701259	0.7515014351948105	0.10055634549164319	98.03254058775158	110.37211681676139	0.0021122720811632954	1.0000918565483332
2.132507425455513	1.9063203025509046	0.06574896330701259	0.7515014351948105	0.10048571668408278	98.03254058775158	110.37211681676139	0.0021122720811632954	1.0000918565483332
2.132507425455513	1.9063203025509046	0.06574896330701259	0.7515014351948105	0.10048571668408278	98.03254058775158	110.37211681676139	0.0021122720811632954	1.0000918565483332
2.132507425455513	1.9063203025509046	0.06574896330701259	0.7515014351948105	0.10048571668408278	98.03254058775158	110.37211681676139	0.0021122720811632954	1.0000918565483332
2.132507425455513	1.9063203025509046	0.06574896330701259	0.7515014351948105	0.10048571668408278	98.03254058775158	110.37211681676139	0.0021122720811632954	1.0000918565483332
2.132507425455513	1.9063203025509046	0.06574896330701259	0.7515014351948105	0.10048571668408278	98.03254058775158	110.37211681676139	0.0021122720811632954	1.0000918565483332
2.132507425455513	1.9063203025509046	0.06574896330701259	0.7515014351948105	0.10048571668408278	98.03254058775158	110.37211681676139	0.0021123604379408327	1.0000918565483332
2.132507425455513	1.9063203025509046	0.06574896330701259	0.7515014351948105	0.1004855530947838	98.03254058775158	110.37211681676139	0.0021123604379408327	1.0000918565483332
2.132506685252703	1.9063203025509046	0.06574896330701259	0.7515014351948105	0.1004855530947838	98.03254058775158	110.37211681676139	0.0021123604379408327	1.0000918565483332
2.1324224276717327	1.9063203025509046	0.06574896330701259	0.7515014351948105	0.1004855530947838	98.03254058775158	110.37211681676139	0.0021123604379408327	1.0000918565483332
2.1324224276717327	1.9063203025509046	0.06574896330701259	0.7515014351948105	0.1004855530947838	98.03254058775158	110.37211681676139	0.0021123604379408327	1.0000918565483332
2.1324224276717327	1.9063203025509046	0.06574896330701259	0.7515014351948105	0.10048550816087075	98.03254058775158	110.37211681676139	0.0021123604379408327	1.0000918565483332
2.1324224276717327	1.906329948060888	0.06574896330701259	0.7515014351948105	0.10048550816087075	98.03254058775158	110.37211681676139	0.0021123604379408327	1.0000918565483332
2.1324224276717327	1.906329948060888	0.06574896330701259	0.7519184933469174	0.10048550816087075	98.03254058775158	110.37211681676139	0.0021123604379408327	1.0000918565483332
2.1324224276717327	1.906329948060888	0.06574896330701259	0.7519184933469174	0.10048550816087075	98.06941023868247	110.37211681676139	0.0021123604379408327	1.0000918565483332
