2.1116572033145196	1.9001199273720504	0.06673117869498636	0.7578655408742137	0.10036953512549522	97.90127848981815	102.6056650606254	0.0024389774406739723	1.0000929384798027
2.1116572033145196	1.9001199273720504	0.06673117869498636	0.7578655408742137	0.10036953512549522	97.90127848981815	102.6056650606254	0.0024389774406739723	1.0000929384798027
2.1116572033145196	1.9001199273720504	0.06673117869498636	0.7578655408742137	0.10036953512549522	97.90127848981815	102.6056650606254	0.0024389774406739723	1.0000929384798027
2.1116572033145196	1.9001199273720504	0.06673117869498636	0.7578655408742137	0.10036953512549522	97.90127848981815	102.6056650606254	0.0024389774406739723	1.0000927315549724
2.1116572033145196	1.9001199273720504	0.06673117869498636	0.7578904490006005	0.10036953512549522	97.90127848981815	102.6056650606254	0.0024389774406739723	1.0000927315549724
2.1116572033145196	1.9001199273720504	0.06673117869498636	0.7578904490006005	0.10026558920698529	97.90127848981815	102.6056650606254	0.0024389774406739723	1.0000927315549724
2.1116572033145196	1.9001199273720504	0.06673117869498636	0.7578904490006005	0.10026558920698529	97.90127848981815	102.6056650606254	0.0024389774406739723	1.0000927315549724
2.1116572033145196	1.9001199273720504	0.06673117869498636	0.7578904490006005	0.10026558920698529	97.90127848981815	102.6056650606254	0.0024389774406739723	1.0000927315549724
2.1116572033145196	1.9001199273720504	0.06673117869498636	0.7578904490006005	0.10026558920698529	97.90127848981815	102.60546366293153	0.0024389774406739723	1.0000927315549724
2.1116572033145196	1.9001199273720504	0.06673117869498636	0.7578904490006005	0.10027590606961517	97.90127848981815	102.60546366293153	0.0024389774406739723	1.0000927315549724
2.1116572033145196	1.9001199273720504	0.06673117869498636	0.7578904490006005	0.10027590606961517	97.90127848981815	102.60546366293153	0.0024389774406739723	1.000093960314316
2.1116572033145196	1.9001199273720504	0.06673117869498636	0.7578904490006005	0.10027590606961517	97.90127848981815	102.60546366293153	0.0024089931130433914	1.000093960314316
2.1116572033145196	1.9001199273720504	0.06673117869498636	0.7578904490006005	0.10027590606961517	97.90127848981815	102.60546366293153	0.0024089931130433914	1.000093960314316
2.1116572033145196	1.9001199273720504	0.06673117869498636	0.7578904490006005	0.10027590606961517	97.90268589362263	102.60546366293153	0.0024089931130433914	1.000093960314316
2.1116572033145196	1.9001199273720504	0.06673117869498636	0.7578904490006005	0.10027590606961517	97.90268589362263	102.60546366293153	0.0024089931130433914	1.0001006348906822
2.1116572033145196	1.9001199273720504	0.06673117869498636	0.7578904490006005	0.10027590606961517	97.90268589362263	102.60546366293153	0.0024089931130433914	1.0001006348906822
2.1116572033145196	1.9001199273720504	0.06673117869498636	0.7578951357312388	0.10027590606961517	97.90268589362263	102.60546366293153	0.0024089931130433914	1.0001006348906822
2.1116572033145196	1.9001199273720504	0.06673117869498636	0.7578951357312388	0.10027595701950333	97.90268589362263	102.60546366293153	0.0024089931130433914	1.0001006348906822
2.1116590094288483	1.9001199273720504	0.06673117869498636	0.7578951357312388	0.10027595701950333	97.90268589362263	102.60546366293153	0.0024089931130433914	1.0001006348906822
2.1116590094288483	1.9001199273720504	0.06673117869498636	0.7578951357312388	0.10027595701950333	97.90268589362263	102.60546366293153	0.0024089931130433914	1.0001057786322984
2.1116590094288483	1.9001199273720504	0.06673117869498636	0.7578951357312388	0.10027595701950333	97.90268589362263	102.6066360920352	0.0024089931130433914	1.0001057786322984
2.1116590094288483	1.9001199273720504	0.06673117869498636	0.7578951357312388	0.10027595701950333	97.90268589362263	102.6066360920352	0.0024089931130433914	1.0001057786322984
2.1116590094288483	1.9001199273720504	0.06673117869498636	0.7578951357312388	0.10027595701950333	97.90268589362263	102.6066360920352	0.0024089931130433914	1.0001057786322984
2.1116590094288483	1.9001199273720504	0.06673117869498636	0.7578951357312388	0.10027595701950333	97.90268589362263	102.6066360920352	0.0024089931130433914	1.0001057786322984
2.1116590094288483	1.9001199273720504	0.06673117869498636	0.7578951357312388	0.10027595701950333	97.90268589362263	102.6066360920352	0.0024093319528513536	1.0001057786322984
2.1116590094288483	1.9001199273720504	0.06673117869498636	0.7578951357312388	0.10027595701950333	97.90268589362263	102.6066360920352	0.0024093319528513536	1.0001057786322984
2.1116590094288483	1.9001199273720504	0.06673117869498636	0.7578951357312388	0.10027595701950333	97.90289381683569	102.6066360920352	0.0024093319528513536	1.0001057786322984
2.1116590094288483	1.8999787609635734	0.06673117869498636	0.7578951357312388	0.10027595701950333	97.90289381683569	102.6066360920352	0.0024093319528513536	1.0001057786322984
2.1116590094288483	1.8999787609635734	0.06673117869498636	0.7578951357312388	0.10027595701950333	97.90289381683569	102.6066360920352	0.0024093319528513536	1.0001060241955735
2.1116590094288483	1.8999787609635734	0.06673117869498636	0.7578951357312388	0.10027595701950333	97.90289381683569	102.6066360920352	0.0024093319528513536	1.0001060241955735
2.1116590094288483	1.8999787609635734	0.06673117869498636	0.7578951357312388	0.10027595701950333	97.90289381683569	102.59833776733328	0.0024093319528513536	1.0001060241955735
2.1116590094288483	1.8999787609635734	0.06673117869498636	0.7578951357312388	0.10027595701950333	97.90289381683569	102.59833776733328	0.0024093319528513536	1.0001060241955735
2.1116590094288483	1.8999787609635734	0.06673117869498636	0.7579596389848418	0.10027595701950333	97.90289381683569	102.59833776733328	0.0024093319528513536	1.0001060241955735
2.1116590094288483	1.8999787609635734	0.06673117869498636	0.7579596389848418	0.10027634421641479	97.90289381683569	102.59833776733328	0.0024093319528513536	1.0001060241955735
2.1116590094288483	1.8999787609635734	0.06673117869498636	0.7579596389848418	0.10027634421641479	97.90289381683569	102.59833776733328	0.0024093319528513536	1.0001060241955735
2.1116590094288483	1.8999787609635734	0.06673117869498636	0.7579596389848418	0.10027634421641479	97.90289381683569	102.59833776733328	0.0024093668653870186	1.0001060241955735
2.1116590094288483	1.8999787609635734	0.06673117869498636	0.7579596389848418	0.10027634421641479	97.90289381683569	102.59833776733328	0.0024093668653870186	1.0001060241955735
2.111661325458277	1.8999787609635734	0.06673117869498636	0.7579596389848418	0.10027634421641479	97.90289381683569	102.59833776733328	0.0024093668653870186	1.0001060241955735
2.111661325458277	1.8999787609635734	0.06673117869498636	0.7579596389848418	0.10027634421641479	97.90289381683569	102.59833776733328	0.0024093668653870186	1.0001060241955735
2.111661325458277	1.8999787609635734	0.06673117869498636	0.7579596389848418	0.10027634421641479	97.90289381683569	102.59833776733328	0.0024093668653870186	1.0001060241955735
2.111661325458277	1.8999787609635734	0.06673117869498636	0.7579596389848418	0.10027634421641479	97.90289381683569	102.59833776733328	0.0024093668653870186	1.0001060241955735
2.111661325458277	1.8999787609635734	0.06673117869498636	0.7579596389848418	0.10027634421641479	97.89595395849743	102.59833776733328	0.0024093668653870186	1.0001060241955735
2.111661325458277	1.8999787609635734	0.06673117869498636	0.7579596389848418	0.10027634421641479	97.89595395849743	102.59833776733328	0.0024093668653870186	1.0001087055915536
2.111661325458277	1.8999787609635734	0.06673117869498636	0.7579596389848418	0.10027634421641479	97.89602239001903	102.59833776733328	0.0024093668653870186	1.0001087055915536
2.111661325458277	1.8999787609635734	0.06673117869498636	0.7579596389848418	0.10026116708452258	97.89602239001903	102.59833776733328	0.0024093668653870186	1.0001087055915536
2.111661325458277	1.8999787609635734	0.06673160461362426	0.7579596389848418	0.10026116708452258	97.89602239001903	102.59833776733328	0.0024093668653870186	1.0001087055915536
2.111661325458277	1.8999787609635734	0.06673160461362426	0.7579596389848418	0.10030061891153123	97.89602239001903	102.59833776733328	0.0024093668653870186	1.0001087055915536
2.111661325458277	1.8999787609635734	0.06673160461362426	0.7579596389848418	0.10030061891153123	97.89602239001903	102.59833776733328	0.0024093668653870186	1.0001087055915536
2.111661325458277	1.8999787609635734	0.06673160461362426	0.7579596389848418	0.10030061891153123	97.89602239001903	102.59833776733328	0.0024093668653870186	1.0001087055915536
2.111661325458277	1.8999787609635734	0.06673160461362426	0.7579596389848418	0.10030061891153123	97.89602239001903	102.59833776733328	0.0024093668653870186	1.0001087055915536
2.111634429544729	1.8999787609635734	0.06673160461362426	0.7579596389848418	0.10030061891153123	97.89602239001903	102.59833776733328	0.0024093668653870186	1.0001087055915536
2.111634429544729	1.8999787609635734	0.06673160461362426	0.7579596389848418	0.10030061891153123	97.89602239001903	102.59833776733328	0.0024093668653870186	1.0001087055915536
2.111634429544729	1.8999787609635734	0.06673160461362426	0.7581248833752053	0.10030061891153123	97.89602239001903	102.59833776733328	0.0024093668653870186	1.0001087055915536
2.111634429544729	1.8999787609635734	0.06673160461362426	0.7581248833752053	0.10030061891153123	97.89602239001903	102.59833776733328	0.0024093668653870186	1.0001085131945922
2.111634429544729	1.8999787609635734	0.06673160461362426	0.7581248833752053	0.10030061891153123	97.89602239001903	102.59833776733328	0.002427063281581767	1.0001085131945922
2.111634429544729	1.8999787609635734	0.06673160461362426	0.7581248833752053	0.10030061891153123	97.89602239001903	102.59833776733328	0.002427063281581767	1.0001085131945922
2.111634429544729	1.8999787609635734	0.06673160461362426	0.7581248833752053	0.10030061891153123	97.89602239001903	102.59833776733328	0.002427063281581767	1.0001085131945922
2.111634429544729	1.9000096674523221	0.06673160461362426	0.7581248833752053	0.10030061891153123	97.89602239001903	102.59833776733328	0.002427063281581767	1.0001085131945922
2.111634429544729	1.9000096674523221	0.06673160461362426	0.7581248833752053	0.10030061891153123	97.89602239001903	102.59833776733328	0.002427063281581767	1.0001085131945922
2.111634429544729	1.9000096674523221	0.06673160461362426	0.7581248833752053	0.10030061891153123	97.89602239001903	107.42436993857686	0.002427063281581767	1.0001085131945922
2.111634429544729	1.9000096674523221	0.06673160461362426	0.7581248833752053	0.10030061891153123	97.89602239001903	107.42436993857686	0.002427063281581767	1.0001085131945922
2.111634429544729	1.9000096674523221	0.06673160461362426	0.7581248833752053	0.10030061891153123	97.89602239001903	107.42436993857686	0.002427063281581767	1.0001085131945922
2.111634429544729	1.9000096674523221	0.06673160461362426	0.7581248833752053	0.10030136234342578	97.89602239001903	107.42436993857686	0.002427063281581767	1.0001085131945922
2.111630869364896	1.9000096674523221	0.06673160461362426	0.7581248833752053	0.10030136234342578	97.89602239001903	107.42436993857686	0.002427063281581767	1.0001085131945922
2.111630869364896	1.9000096674523221	0.06673160461362426	0.7581248833752053	0.10030136234342578	97.89602239001903	107.42436993857686	0.002427063281581767	1.0001085131945922
2.111630869364896	1.9000096674523221	0.06673160461362426	0.7581248833752053	0.10030136234342578	97.89552852045813	107.42436993857686	0.002427063281581767	1.0001085131945922
2.111630869364896	1.9000096674523221	0.06673160461362426	0.7581248833752053	0.10030136234342578	97.89552852045813	107.42446603108277	0.002427063281581767	1.0001085131945922
2.111630869364896	1.900009783951336	0.06673160461362426	0.7581248833752053	0.10030136234342578	97.89552852045813	107.42446603108277	0.002427063281581767	1.0001085131945922
2.111630869364896	1.900009783951336	0.06673160461362426	0.7581248833752053	0.10030136234342578	97.89552852045813	107.42446603108277	0.002427063281581767	1.0001085131945922
2.111630869364896	1.900009783951336	0.06673160461362426	0.7581248833752053	0.10030136234342578	97.89552852045813	107.42446603108277	0.002427063281581767	1.0001085131945922
2.111630869364896	1.900009783951336	0.06673160461362426	0.7581248833752053	0.10030136234342578	97.89552852045813	107.42446603108277	0.0024270509450382	1.0001085131945922
2.111630869364896	1.900009783951336	0.06673160461362426	0.7581248833752053	0.10037290941622592	97.89552852045813	107.42446603108277	0.0024270509450382	1.0001085131945922
2.111630869364896	1.900009783951336	0.06673160461362426	0.7581248833752053	0.10037290941622592	97.8956569311489	107.42446603108277	0.0024270509450382	1.0001085131945922
2.111630869364896	1.900009783951336	0.06673160461362426	0.7581248833752053	0.10037496940411912	97.8956569311489	107.42446603108277	0.0024270509450382	1.0001085131945922
2.111630869364896	1.900009783951336	0.06673160461362426	0.7581248833752053	0.10037496940411912	97.8956569311489	107.42446603108277	0.0024270509450382	1.0001085131945922
2.111630869364896	1.900009783951336	0.06673160461362426	0.7581248833752053	0.10037496940411912	97.8956569311489	107.42446603108277	0.0024270509450382	1.0001085131945922
2.111630869364896	1.900009783951336	0.06673160461362426	0.7581248833752053	0.10037496940411912	97.8956569311489	107.42485578937264	0.0024270509450382	1.0001085131945922
2.111630869364896	1.900009783951336	0.06673160461362426	0.7581248833752053	0.10037496940411912	97.8956569311489	107.42485578937264	0.0024270509450382	1.0001085131945922
2.111630869364896	1.900009783951336	0.06673160461362426	0.7581248833752053	0.10037496940411912	97.8956569311489	107.42574878513454	0.0024270509450382	1.0001085131945922
2.111630869364896	1.900009783951336	0.06673160461362426	0.7581248833752053	0.10037496940411912	97.8956569311489	107.43019994586182	0.0024270509450382	1.0001085131945922
2.111630869364896	1.900009783951336	0.06673516521159048	0.7581248833752053	0.10037496940411912	97.8956569311489	107.43019994586182	0.0024270509450382	1.0001085131945922
2.111630869364896	1.900009783951336	0.06673516521159048	0.7581248833752053	0.10037496940411912	97.8956569311489	107.43019994586182	0.0024270509450382	1.0001085131945922
2.111630869364896	1.900009783951336	0.06673516521159048	0.7581248833752053	0.10037496940411912	97.8956569311489	107.43019994586182	0.0024270509450382	1.0001085131945922
2.111630869364896	1.900009783951336	0.06673516521159048	0.7581248833752053	0.10037496940411912	97.8956569311489	107.42977682897173	0.0024270509450382	1.0001085131945922
2.111630869364896	1.900009783951336	0.06673516521159048	0.7581248833752053	0.10037490366720347	97.8956569311489	107.42977682897173	0.0024270509450382	1.0001085131945922
2.111630869364896	1.900009783951336	0.06673516521159048	0.7581248833752053	0.10037490366720347	97.8956569311489	107.42977682897173	0.0024270509450382	1.0001085131945922
2.1116867271915534	1.900009783951336	0.06673516521159048	0.7581248833752053	0.10037490366720347	97.8956569311489	107.42977682897173	0.0024270509450382	1.0001085131945922
2.111630707878004	1.900009783951336	0.06673516521159048	0.7581248833752053	0.10037490366720347	97.8956569311489	107.42977682897173	0.0024270509450382	1.0001085131945922
2.111630707878004	1.900009783951336	0.06673516521159048	0.7581248833752053	0.10037490366720347	97.8956569311489	107.42977682897173	0.002427084760070254	1.0001085131945922
2.111630707878004	1.900735628806749	0.06673516521159048	0.7581248833752053	0.10037490366720347	97.8956569311489	107.42977682897173	0.002427084760070254	1.0001085131945922
2.111630707878004	1.900735628806749	0.06673516521159048	0.7581248833752053	0.10037490366720347	97.8956569311489	107.42977682897173	0.002427084760070254	1.0001085131945922
2.111630707878004	1.900735628806749	0.06673516521159048	0.7581248833752053	0.10037490366720347	97.8956569311489	107.42977682897173	0.002427084760070254	1.0001085131945922
2.111630707878004	1.900735628806749	0.06673516521159048	0.7581248833752053	0.10037490366720347	97.8956569311489	107.42977682897173	0.002427084760070254	1.0001085131945922
2.111630707878004	1.900735628806749	0.06673516521159048	0.7581248833752053	0.10037490366720347	97.84784062322971	107.42977682897173	0.002427084760070254	1.0001085131945922
2.111630707878004	1.900735628806749	0.06673516521159048	0.7581248833752053	0.10037490366720347	97.84784062322971	107.42977682897173	0.002427084760070254	1.000108413342027
2.111630707878004	1.900735628806749	0.06673516521159048	0.7581248833752053	0.10037490366720347	97.84784062322971	107.42977682897173	0.002427084760070254	1.000108413342027
2.111630707878004	1.900735628806749	0.06673516521159048	0.7581248833752053	0.10037490366720347	97.84784062322971	107.42977682897173	0.002427084760070254	1.000108413342027
2.111630707878004	1.900735628806749	0.06673516521159048	0.7581248833752053	0.10037490366720347	97.84784062322971	107.42977682897173	0.002427084760070254	1.000108413342027
2.111630707878004	1.900735628806749	0.06673516521159048	0.7581248833752053	0.10037490366720347	97.84784062322971	107.42977682897173	0.002427084760070254	1.000108413342027
2.111630707878004	1.900735628806749	0.06682827958613506	0.7581248833752053	0.10037490366720347	97.84784062322971	107.42977682897173	0.002427084760070254	1.000108413342027
2.111630707878004	1.900735628806749	0.06682827958613506	0.7581248833752053	0.10037490366720347	97.84464130711225	107.42977682897173	0.002427084760070254	1.000108413342027
2.111630707878004	1.900735628806749	0.06682827958613506	0.7581248833752053	0.10037490366720347	97.84464130711225	107.42977682897173	0.0024687563953191883	1.000108413342027
2.1116297340563874	1.900735628806749	0.06682827958613506	0.7581248833752053	0.10037490366720347	97.84464130711225	107.42977682897173	0.0024687563953191883	1.000108413342027
2.1116297340563874	1.900735628806749	0.06682827958613506	0.7581248833752053	0.10037490366720347	97.84464130711225	107.42977682897173	0.0024687563953191883	1.000108413342027
2.1116297340563874	1.900735628806749	0.0668333187392525	0.7581248833752053	0.10037490366720347	97.84464130711225	107.42977682897173	0.0024687563953191883	1.000108413342027
2.1116297340563874	1.900735628806749	0.0668333187392525	0.7581248833752053	0.10037490366720347	97.84464130711225	107.4297010460792	0.0024687563953191883	1.000108413342027
2.111677453434502	1.900735628806749	0.0668333187392525	0.7581248833752053	0.10037490366720347	97.84464130711225	107.4297010460792	0.0024687563953191883	1.000108413342027
2.111677453434502	1.900735628806749	0.0668333187392525	0.7581248833752053	0.10037490366720347	97.84464130711225	107.43114504190541	0.0024687563953191883	1.000108413342027
2.111677453434502	1.900735628806749	0.0668333187392525	0.7581248833752053	0.10037490366720347	97.84464130711225	107.43369624230917	0.0024687563953191883	1.000108413342027
2.111677453434502	1.9010546280607066	0.0668333187392525	0.7581248833752053	0.10037490366720347	97.84464130711225	107.43369624230917	0.0024687563953191883	1.000108413342027
2.111677453434502	1.9010546280607066	0.0668333187392525	0.7581248833752053	0.10037490366720347	97.84464130711225	107.43369624230917	0.0024687563953191883	1.000108413342027
2.111677453434502	1.9010546280607066	0.0668333187392525	0.7581248833752053	0.10037490366720347	97.84464130711225	107.43369624230917	0.0024687563953191883	1.000108413342027
2.111677453434502	1.9010546280607066	0.0668333187392525	0.7581248833752053	0.10037490366720347	97.84464130711225	107.43369624230917	0.0024687563953191883	1.000108413342027
2.111677453434502	1.9010546280607066	0.0668333187392525	0.7581248833752053	0.10037490366720347	97.84464130711225	107.43369624230917	0.0024687563953191883	1.000108413342027
2.111677453434502	1.9010546280607066	0.0668333187392525	0.7581248833752053	0.10037490366720347	97.84464130711225	107.43369624230917	0.0024687563953191883	1.000108413342027
2.111677453434502	1.9010546280607066	0.0668333187392525	0.7581248833752053	0.10037490366720347	97.84464130711225	107.43260748015634	0.0024687563953191883	1.000108413342027
2.111677453434502	1.9010546280607066	0.0668333187392525	0.7581248833752053	0.10037490366720347	97.84464130711225	107.43260748015634	0.0024687563953191883	1.000108413342027
2.111677453434502	1.9010546280607066	0.0668333187392525	0.7581248833752053	0.10037490366720347	97.84464130711225	107.43260748015634	0.0023472072294031024	1.000108413342027
2.111677453434502	1.9010546280607066	0.0668333187392525	0.7581248833752053	0.10037490366720347	97.84464130711225	107.43260748015634	0.0023472072294031024	1.000108413342027
2.111677453434502	1.9010546280607066	0.0668333187392525	0.7581248833752053	0.10037543803958202	97.84464130711225	107.43260748015634	0.0023472072294031024	1.000108413342027
2.111677453434502	1.9010546280607066	0.0668333187392525	0.7581248833752053	0.10037543803958202	97.84464130711225	107.43260748015634	0.0023472072294031024	1.000108413342027
2.111677453434502	1.9010546280607066	0.0668333187392525	0.7581248833752053	0.10037543803958202	97.84464130711225	107.43260748015634	0.002346411396172701	1.000108413342027
2.111677453434502	1.9010546280607066	0.0668333187392525	0.7581248833752053	0.10037543803958202	97.84464130711225	107.43260748015634	0.002346411396172701	1.000108413342027
2.111677453434502	1.9010546280607066	0.0668333187392525	0.7581248833752053	0.10037543803958202	97.84464130711225	107.43260748015634	0.002346411396172701	1.000108413342027
2.111677453434502	1.9010546280607066	0.0668333187392525	0.7581248833752053	0.10037543803958202	97.84464130711225	107.41755162032487	0.002346411396172701	1.000108413342027
2.111677453434502	1.9011412141215593	0.0668333187392525	0.7581248833752053	0.10037543803958202	97.84464130711225	107.41755162032487	0.002346411396172701	1.000108413342027
2.111677453434502	1.9011412141215593	0.0668333187392525	0.7581248833752053	0.10037543803958202	97.84464130711225	107.41755162032487	0.002346411396172701	1.000108413342027
2.111677453434502	1.9011412141215593	0.0668333187392525	0.7581248833752053	0.10037543803958202	97.84464130711225	106.35918547057769	0.002346411396172701	1.000108413342027
2.111677453434502	1.9011412141215593	0.0668333187392525	0.7581248833752053	0.10037543803958202	97.84464130711225	106.35918547057769	0.002346411396172701	1.000108413342027
2.111677453434502	1.9011412141215593	0.0668333187392525	0.7581248833752053	0.10037543803958202	97.84464130711225	106.35918547057769	0.0023464936420952544	1.000108413342027
2.112085153802517	1.9011412141215593	0.0668333187392525	0.7581248833752053	0.10037543803958202	97.84464130711225	106.35918547057769	0.0023464936420952544	1.000108413342027
2.112085153802517	1.9011412141215593	0.0668333187392525	0.7581248833752053	0.10037543803958202	97.84464130711225	106.35918547057769	0.0023464936420952544	1.000108413342027
2.112085153802517	1.9011412141215593	0.0668333187392525	0.7581248833752053	0.10037543803958202	97.84464130711225	106.35918547057769	0.0023464936420952544	1.000108413342027
2.112085153802517	1.9011412141215593	0.0668333187392525	0.7581248833752053	0.10037564240995935	97.84464130711225	106.35918547057769	0.0023464936420952544	1.000108413342027
2.1121210799499224	1.9011412141215593	0.0668333187392525	0.7581248833752053	0.10037564240995935	97.84464130711225	106.35918547057769	0.0023464936420952544	1.000108413342027
2.1121210799499224	1.9011412141215593	0.0668333187392525	0.7581248833752053	0.10037564240995935	97.84464130711225	106.35918547057769	0.0023464936420952544	1.000108413342027
2.1121210799499224	1.9011412141215593	0.0668333187392525	0.7581248833752053	0.10037564240995935	97.84466594798972	106.35918547057769	0.0023464936420952544	1.000108413342027
2.1121191545247937	1.9011412141215593	0.0668333187392525	0.7581248833752053	0.10037564240995935	97.84466594798972	106.35918547057769	0.0023464936420952544	1.000108413342027
2.1121191545247937	1.9011412141215593	0.0668333187392525	0.7581248833752053	0.10037564240995935	97.84466594798972	106.35918547057769	0.0023464936420952544	1.000108413342027
2.1121191545247937	1.9011412141215593	0.0668333187392525	0.7581248833752053	0.10037564240995935	97.84466594798972	106.35918547057769	0.0023464936420952544	1.000108413342027
2.1121191545247937	1.9011412141215593	0.0668333187392525	0.7582038527477462	0.10037564240995935	97.84466594798972	106.35918547057769	0.0023464936420952544	1.000108413342027
2.1121191545247937	1.9011412141215593	0.0668333187392525	0.7582038527477462	0.10037564240995935	97.84466594798972	106.35918547057769	0.0023464936420952544	1.000108413342027
2.1121191545247937	1.9011412141215593	0.0668333187392525	0.7582038527477462	0.10037564240995935	97.84466594798972	106.13213281323767	0.0023464936420952544	1.000108413342027
2.1121191545247937	1.899691714703118	0.0668333187392525	0.7582038527477462	0.10037564240995935	97.84466594798972	106.13213281323767	0.0023464936420952544	1.000108413342027
2.11215781595957	1.899691714703118	0.0668333187392525	0.7582038527477462	0.10037564240995935	97.84466594798972	106.13213281323767	0.0023464936420952544	1.000108413342027
2.11215781595957	1.899691714703118	0.0668333187392525	0.7582038527477462	0.10037564240995935	97.84466594798972	106.13213281323767	0.0023464936420952544	1.000108413342027
2.11215781595957	1.899691714703118	0.0668333187392525	0.7582038527477462	0.10037564240995935	97.84466594798972	106.13213281323767	0.0023464936420952544	1.000108413342027
2.11215781595957	1.899691714703118	0.0668333187392525	0.7582038527477462	0.10037564240995935	97.84466594798972	106.13213281323767	0.0023464936420952544	1.000108413342027
2.11215781595957	1.899691714703118	0.0668333187392525	0.7582038527477462	0.10037564240995935	97.8442367737055	106.13213281323767	0.0023464936420952544	1.000108413342027
2.11215781595957	1.899691714703118	0.0668333187392525	0.7582038527477462	0.10037564240995935	97.8442367737055	106.13213281323767	0.0023464936420952544	1.000108413342027
2.11215781595957	1.899691714703118	0.0668333187392525	0.7582038527477462	0.10037564240995935	97.8442367737055	106.13213281323767	0.0023464936420952544	1.000108413342027
2.11215781595957	1.899691714703118	0.0668333187392525	0.7582038527477462	0.10037564240995935	97.8442367737055	106.13213281323767	0.0023464936420952544	1.000108413342027
2.111996216968011	1.899691714703118	0.0668333187392525	0.7582038527477462	0.10037564240995935	97.8442367737055	106.13213281323767	0.0023464936420952544	1.000108413342027
2.111996216968011	1.899691714703118	0.0668333187392525	0.7582038527477462	0.10037564240995935	97.8442367737055	106.13213281323767	0.0023464936420952544	1.000108413342027
2.111996216968011	1.899691714703118	0.0668333187392525	0.7582038527477462	0.10037564240995935	97.8442367737055	106.13213281323767	0.0023464936420952544	1.000108413342027
2.1119947834389743	1.899691714703118	0.0668333187392525	0.7582038527477462	0.10037564240995935	97.8442367737055	106.13213281323767	0.0023464936420952544	1.000108413342027
2.1119947834389743	1.899691714703118	0.0668333187392525	0.7582038527477462	0.10037564240995935	97.8442367737055	106.13213281323767	0.0023464936420952544	1.000108413342027
2.1119947834389743	1.899691714703118	0.0668333187392525	0.7582038527477462	0.10037564240995935	97.8442367737055	106.13213281323767	0.0023464936420952544	1.000108413342027
2.1119947834389743	1.899691714703118	0.0668333187392525	0.7582038527477462	0.10037564240995935	97.8442367737055	106.13213281323767	0.0023464936420952544	1.000108413342027
2.1119947834389743	1.899691714703118	0.0668333187392525	0.7582038527477462	0.10037564240995935	97.8442367737055	106.13213281323767	0.0023464936420952544	1.000108413342027
2.1119947834389743	1.899691714703118	0.0668333187392525	0.7582038527477462	0.10037564240995935	97.8442367737055	106.13213281323767	0.0023464936420952544	1.000108413342027
2.1119947834389743	1.900261686663353	0.0668333187392525	0.7582038527477462	0.10037564240995935	97.8442367737055	106.13213281323767	0.0023464936420952544	1.000108413342027
2.1119772696083206	1.900261686663353	0.0668333187392525	0.7582038527477462	0.10037564240995935	97.8442367737055	106.13213281323767	0.0023464936420952544	1.000108413342027
2.1119772696083206	1.900261686663353	0.0668333187392525	0.7582038527477462	0.10037564240995935	97.8442367737055	106.13213281323767	0.0023464936420952544	1.000108413342027
2.1119772696083206	1.900261686663353	0.0668333187392525	0.7582038527477462	0.10037564240995935	97.8442367737055	106.13213281323767	0.0023464936420952544	1.000108413342027
2.1119772696083206	1.900261686663353	0.0668333187392525	0.7582038527477462	0.10037564240995935	97.8442367737055	106.13213281323767	0.0023464936420952544	1.000108413342027
2.1119772696083206	1.8994538133032601	0.0668333187392525	0.7582038527477462	0.10037564240995935	97.8442367737055	106.13213281323767	0.0023464936420952544	1.000108413342027
2.1119772696083206	1.8994538133032601	0.0668333187392525	0.7582038527477462	0.10037564240995935	97.8442367737055	106.13213281323767	0.0023464936420952544	1.000108413342027
2.1119772696083206	1.8994538133032601	0.0668333187392525	0.758170081687175	0.10037564240995935	97.8442367737055	106.13213281323767	0.0023464936420952544	1.000108413342027
2.1119772696083206	1.899544830988457	0.0668333187392525	0.758170081687175	0.10037564240995935	97.8442367737055	106.13213281323767	0.0023464936420952544	1.000108413342027
2.1119772696083206	1.899544830988457	0.0668333187392525	0.758170081687175	0.10037564240995935	97.8442367737055	106.13213281323767	0.0023464936420952544	1.000108413342027
2.1119772696083206	1.899544830988457	0.0668333187392525	0.758170081687175	0.10037564240995935	97.8442367737055	106.13135230519465	0.0023464936420952544	1.000108413342027
2.1119772696083206	1.8998322443341138	0.0668333187392525	0.758170081687175	0.10037564240995935	97.8442367737055	106.13135230519465	0.0023464936420952544	1.000108413342027
2.1119772696083206	1.8998322443341138	0.0668333187392525	0.7581595185786869	0.10037564240995935	97.8442367737055	106.13135230519465	0.0023464936420952544	1.000108413342027
2.1119772696083206	1.8998322443341138	0.0668333187392525	0.7581595185786869	0.10037564240995935	97.8442367737055	106.13135230519465	0.0023464936420952544	1.000108413342027
2.1119772696083206	1.8998183433104354	0.0668333187392525	0.7581595185786869	0.10037564240995935	97.8442367737055	106.13135230519465	0.0023464936420952544	1.000108413342027
2.1119772696083206	1.8998183433104354	0.06683035230579457	0.7581595185786869	0.10037564240995935	97.8442367737055	106.13135230519465	0.0023464936420952544	1.000108413342027
2.1119772696083206	1.8998183433104354	0.06683035230579457	0.7581595185786869	0.10037564240995935	97.84423441224816	106.13135230519465	0.0023464936420952544	1.000108413342027
2.1119772696083206	1.8998183433104354	0.06683035230579457	0.7581595185786869	0.10037564240995935	97.84423441224816	106.13135230519465	0.0023464936420952544	1.000108413342027
2.1119772696083206	1.8999488963857605	0.06683035230579457	0.7581595185786869	0.10037564240995935	97.84423441224816	106.13135230519465	0.0023464936420952544	1.000108413342027
2.1119772696083206	1.8999488963857605	0.06683035230579457	0.7581595185786869	0.10037564240995935	97.84423441224816	106.13135230519465	0.00234810597068134	1.000108413342027
2.1119772696083206	1.8999488963857605	0.06683035230579457	0.7581595185786869	0.10037564240995935	97.84714105458133	106.13135230519465	0.00234810597068134	1.000108413342027
2.1119772696083206	1.8999488963857605	0.06683035230579457	0.7581708590284009	0.10037564240995935	97.84714105458133	106.13135230519465	0.00234810597068134	1.000108413342027
2.1119772696083206	1.8999488963857605	0.06683035230579457	0.7581708590284009	0.10037564240995935	97.84714105458133	106.13135230519465	0.0023591757209054337	1.000108413342027
2.1119772696083206	1.8999488963857605	0.06683035230579457	0.7581708590284009	0.10037564240995935	97.84714105458133	106.13135230519465	0.0023591757209054337	1.000108413342027
2.1119772696083206	1.8999488963857605	0.06683035230579457	0.7581708590284009	0.10037564240995935	97.84714105458133	106.13135230519465	0.0023591757209054337	1.000108413342027
2.1119772696083206	1.8999488963857605	0.06683035230579457	0.7581708590284009	0.10037564240995935	97.84714105458133	106.13135230519465	0.0023591757209054337	1.000108413342027
2.1119772696083206	1.8999488963857605	0.06683035230579457	0.7581708590284009	0.10037564240995935	97.84714105458133	106.13135230519465	0.0023591757209054337	1.000108413342027
2.1119772696083206	1.8999488963857605	0.06683035230579457	0.7581708590284009	0.10037564240995935	97.84714105458133	106.13135230519465	0.0023591757209054337	1.000108413342027
2.1119772696083206	1.8999488963857605	0.06683035230579457	0.7581708590284009	0.10037564240995935	97.84714105458133	106.13135230519465	0.0023591757209054337	1.000108413342027
2.1119772696083206	1.8999488963857605	0.06683035230579457	0.7581708590284009	0.10037564240995935	97.84714105458133	106.13135230519465	0.0023591757209054337	1.000108413342027
2.1119772696083206	1.8999488963857605	0.06683035230579457	0.7581708590284009	0.10037564240995935	97.84714105458133	106.13135230519465	0.0023591757209054337	1.000108413342027
2.1119772696083206	1.8999488963857605	0.06683035230579457	0.7581708590284009	0.10037564240995935	97.84714105458133	106.12138509762727	0.0023591757209054337	1.000108413342027
2.1119772696083206	1.8999507276776282	0.06683035230579457	0.7581708590284009	0.10037564240995935	97.84714105458133	106.12138509762727	0.0023591757209054337	1.000108413342027
2.1119772696083206	1.9010849936061474	0.06683035230579457	0.7581708590284009	0.10037564240995935	97.84714105458133	106.12138509762727	0.0023591757209054337	1.000108413342027
2.1119772696083206	1.9010849936061474	0.06683035230579457	0.758141958478807	0.10037564240995935	97.84714105458133	106.12138509762727	0.0023591757209054337	1.000108413342027
2.1119772696083206	1.9010849936061474	0.06683035230579457	0.758141958478807	0.10037564240995935	97.84714105458133	106.16666806600382	0.0023591757209054337	1.000108413342027
2.1119772696083206	1.9010846553090195	0.06683035230579457	0.758141958478807	0.10037564240995935	97.84714105458133	106.16666806600382	0.0023591757209054337	1.000108413342027
2.1119772696083206	1.9010846553090195	0.06683035230579457	0.758141958478807	0.10037564240995935	97.84714105458133	106.16666806600382	0.0023591757209054337	1.000108413342027
2.1119772696083206	1.9010846553090195	0.06683035230579457	0.758141958478807	0.10037564240995935	97.84714105458133	106.20076629730602	0.0023591757209054337	1.000108413342027
2.1119772696083206	1.9010846553090195	0.06683035230579457	0.758141958478807	0.10037564240995935	97.84714105458133	106.20076629730602	0.0023373157935711025	1.000108413342027
2.1119772696083206	1.9010846553090195	0.06683035230579457	0.758141958478807	0.10037564240995935	97.84714105458133	106.20076629730602	0.0023373157935711025	1.000108413342027
2.1119772696083206	1.9010846553090195	0.06683035230579457	0.758141958478807	0.10037564240995935	97.84714105458133	106.20076629730602	0.002336977998601422	1.000108413342027
2.1119772696083206	1.9010846553090195	0.06683035230579457	0.758141958478807	0.10037564240995935	97.84688027981548	106.20076629730602	0.002336977998601422	1.000108413342027
2.1119772696083206	1.9010846553090195	0.06683035230579457	0.758141958478807	0.10037564240995935	97.84688027981548	106.20076629730602	0.002336977998601422	1.000108413342027
2.1119772696083206	1.9010846553090195	0.06683035230579457	0.758141958478807	0.10037564240995935	97.84688027981548	106.19027714071032	0.002336977998601422	1.000108413342027
2.1119772696083206	1.9010846553090195	0.06683035230579457	0.758141958478807	0.10037564240995935	97.84688027981548	106.19027714071032	0.0023202503819980606	1.000108413342027
2.1119772696083206	1.9010846553090195	0.06681681950682054	0.758141958478807	0.10037564240995935	97.84688027981548	106.19027714071032	0.0023202503819980606	1.000108413342027
2.112873606404231	1.9010846553090195	0.06681681950682054	0.758141958478807	0.10037564240995935	97.84688027981548	106.19027714071032	0.0023202503819980606	1.000108413342027
2.112873606404231	1.9010846553090195	0.06681681950682054	0.758141958478807	0.10037564240995935	97.84688027981548	106.19027714071032	0.0023202503819980606	1.000108413342027
2.112873606404231	1.9010846553090195	0.06681681950682054	0.758141958478807	0.10037564240995935	97.84688027981548	106.19027714071032	0.0023202503819980606	1.000108561662536
2.112874656826063	1.9010846553090195	0.06681681950682054	0.758141958478807	0.10037564240995935	97.84688027981548	106.19027714071032	0.0023202503819980606	1.000108561662536
2.112874656826063	1.9010846553090195	0.06681681950682054	0.758141958478807	0.10037564240995935	97.84688027981548	106.19027714071032	0.0023202503819980606	1.000108561662536
2.112874656826063	1.9005321701087141	0.06681681950682054	0.758141958478807	0.10037564240995935	97.84688027981548	106.19027714071032	0.0023202503819980606	1.000108561662536
2.112874656826063	1.9005321701087141	0.06681681950682054	0.758141958478807	0.10037564240995935	97.84688027981548	105.3566488891641	0.0023202503819980606	1.000108561662536
2.112874656826063	1.9005321701087141	0.06681681950682054	0.758141958478807	0.10037564240995935	97.84688027981548	105.3566488891641	0.0023202503819980606	1.000108561662536
2.112874656826063	1.9005321701087141	0.06681681950682054	0.758141958478807	0.10037564240995935	97.84688027981548	105.3566488891641	0.0023202503819980606	1.000108561662536
2.112874656826063	1.9005321701087141	0.06681681950682054	0.758141958478807	0.10037564240995935	97.84688027981548	105.3566488891641	0.0023202503819980606	1.000108561662536
2.112874656826063	1.9005321701087141	0.06681681950682054	0.758141958478807	0.10037564240995935	97.84688027981548	105.3566488891641	0.0023202503819980606	1.000108561662536
2.112874656826063	1.9005321701087141	0.06681681950682054	0.758141958478807	0.10037564240995935	97.84688027981548	103.6666172338792	0.0023202503819980606	1.000108561662536
2.112874656826063	1.9005321701087141	0.06681681950682054	0.758141958478807	0.10037564240995935	97.84688027981548	103.6643725368034	0.0023202503819980606	1.000108561662536
2.112874656826063	1.9005321701087141	0.06681681950682054	0.758141958478807	0.10037564240995935	97.84688027981548	103.6643725368034	0.0023202503819980606	1.000108561662536
2.112874656826063	1.9005321701087141	0.06681681950682054	0.758141958478807	0.10037564240995935	97.84688027981548	103.6643725368034	0.0023202503819980606	1.000108561662536
2.112874656826063	1.9005321701087141	0.06681651131170725	0.758141958478807	0.10037564240995935	97.84688027981548	103.6643725368034	0.0023202503819980606	1.000108561662536
2.112874656826063	1.9005321701087141	0.06681651131170725	0.758141958478807	0.10037564240995935	97.84688027981548	103.6643725368034	0.0023202503819980606	1.000108561662536
2.112874656826063	1.9005321701087141	0.06681651131170725	0.758141958478807	0.10037564240995935	97.84688027981548	103.6643725368034	0.0023202503819980606	1.000108561662536
2.112874656826063	1.9005321701087141	0.06681651131170725	0.7581379018198643	0.10037564240995935	97.84688027981548	103.6643725368034	0.0023202503819980606	1.000108561662536
2.112874656826063	1.900512025422482	0.06681651131170725	0.7581379018198643	0.10037564240995935	97.84688027981548	103.6643725368034	0.0023202503819980606	1.000108561662536
2.112874656826063	1.900512025422482	0.06681651131170725	0.7581379018198643	0.10037564240995935	97.84688027981548	103.6643725368034	0.0023202503819980606	1.000108561662536
2.112874656826063	1.900512025422482	0.06681651131170725	0.7581379018198643	0.10037564240995935	97.84688027981548	103.6643725368034	0.0023202503819980606	1.000108561662536
2.112874656826063	1.900512025422482	0.06681651131170725	0.7581379018198643	0.10037564240995935	97.84688027981548	103.6643725368034	0.0023189949710936525	1.000108561662536
2.112874656826063	1.900512025422482	0.06681651131170725	0.7581379018198643	0.10037564240995935	97.84688027981548	103.6643725368034	0.0023189949710936525	1.000108561662536
2.112874656826063	1.900512025422482	0.06681651131170725	0.7581379018198643	0.10037564240995935	97.84688027981548	103.6643725368034	0.0023189949710936525	1.000108561662536
2.112874656826063	1.900512025422482	0.06681651131170725	0.7581379018198643	0.10037564240995935	97.84688027981548	103.6643725368034	0.0023189949710936525	1.000108561662536
2.112874656826063	1.900512025422482	0.06681651131170725	0.7581379018198643	0.10037564240995935	97.85021613118687	103.6643725368034	0.0023189949710936525	1.000108561662536
2.112874656826063	1.900512025422482	0.06681651131170725	0.7581379018198643	0.10037564240995935	97.85021613118687	103.6643725368034	0.002314127581965627	1.000108561662536
2.112874656826063	1.900512025422482	0.06681651131170725	0.7581379018198643	0.10037564240995935	97.85021613118687	103.6643725368034	0.002314127581965627	1.000108561662536
2.1083175664592164	1.900512025422482	0.06681651131170725	0.7581379018198643	0.10037564240995935	97.85021613118687	103.6643725368034	0.002314127581965627	1.000108561662536
2.1112929641099325	1.900512025422482	0.06681651131170725	0.7581379018198643	0.10037564240995935	97.85021613118687	103.6643725368034	0.002314127581965627	1.000108561662536
2.1112929641099325	1.900512025422482	0.06681651131170725	0.7581379018198643	0.10037564240995935	97.85021613118687	103.6643725368034	0.002314127581965627	1.000108561662536
2.1112929641099325	1.900512025422482	0.06681651131170725	0.7581379018198643	0.10037566862757703	97.85021613118687	103.6643725368034	0.002314127581965627	1.000108561662536
2.1112929641099325	1.900510300860195	0.06681651131170725	0.7581379018198643	0.10037566862757703	97.85021613118687	103.6643725368034	0.002314127581965627	1.000108561662536
2.1112929641099325	1.900510300860195	0.06681651131170725	0.7581379018198643	0.10037566862757703	97.85021613118687	103.66464822404232	0.002314127581965627	1.000108561662536
2.1112929641099325	1.900510300860195	0.06681651131170725	0.7581379018198643	0.10037566862757703	97.85021613118687	103.66464822404232	0.002314127581965627	1.000108561662536
2.1112929641099325	1.900510300860195	0.06681651131170725	0.7581379018198643	0.10037566862757703	97.85021613118687	103.66464822404232	0.002314127581965627	1.000108561662536
2.1112929641099325	1.900510300860195	0.06681651131170725	0.7581286590691504	0.10037566862757703	97.85021613118687	103.66464822404232	0.002314127581965627	1.000108561662536
2.1112929641099325	1.900510300860195	0.06681651131170725	0.7581286590691504	0.10037566862757703	97.85021613118687	103.66477390458711	0.002314127581965627	1.000108561662536
2.1112929641099325	1.900510300860195	0.06681651131170725	0.7581286590691504	0.10037566862757703	97.85021613118687	103.66477390458711	0.002314127581965627	1.000108561662536
2.1112929641099325	1.900510300860195	0.06681651131170725	0.7581286590691504	0.10037566862757703	97.85021613118687	103.66477390458711	0.002314127581965627	1.000108561662536
2.1112929641099325	1.900510300860195	0.06681651131170725	0.7581286590691504	0.10037566862757703	97.85021613118687	103.66477390458711	0.002314127581965627	1.000108561662536
2.1112929641099325	1.900510300860195	0.06682382970480182	0.7581286590691504	0.10037566862757703	97.85021613118687	103.66477390458711	0.002314127581965627	1.000108561662536
2.1112929641099325	1.900510300860195	0.06682382970480182	0.7581286590691504	0.10037566862757703	97.85021613118687	103.66477390458711	0.002314127581965627	1.000108561662536
2.1112929641099325	1.900510300860195	0.06682382970480182	0.7581286590691504	0.10037566862757703	97.85021613118687	103.66477390458711	0.002314127581965627	1.000108561662536
2.1112929641099325	1.900510300860195	0.06682382970480182	0.7581286590691504	0.10037566862757703	97.85021613118687	103.66477390458711	0.002314127581965627	1.000108561662536
2.1112929641099325	1.900510300860195	0.06682382970480182	0.7581286590691504	0.10037566862757703	97.85021613118687	103.66477390458711	0.002311910427610638	1.000108561662536
2.1112929641099325	1.900510300860195	0.06682382970480182	0.7581286590691504	0.10037566862757703	97.85021613118687	103.66477390458711	0.002311910427610638	1.000108561662536
2.1112929641099325	1.900510300860195	0.06682382970480182	0.7581286590691504	0.10037566862757703	97.85021613118687	103.66477390458711	0.002311910427610638	1.000108561662536
2.1112929641099325	1.900510300860195	0.06682382970480182	0.7581286590691504	0.10037566862757703	97.85021613118687	103.66477390458711	0.002311910427610638	1.000108561662536
2.1112929641099325	1.900510300860195	0.06682382970480182	0.7581286590691504	0.10037566862757703	97.85021613118687	103.66477390458711	0.002311910427610638	1.000108561662536
2.1112929641099325	1.900510300860195	0.06682382970480182	0.7581286590691504	0.10037566862757703	97.85021613118687	103.66477390458711	0.002311910427610638	1.000108561662536
2.1112929641099325	1.900510300860195	0.06682382970480182	0.7581286590691504	0.10037566862757703	97.85021613118687	103.66477390458711	0.002311910427610638	1.000108561662536
2.1112929641099325	1.900518673634538	0.06682382970480182	0.7581286590691504	0.10037566862757703	97.85021613118687	103.66477390458711	0.002311910427610638	1.000108561662536
2.1112929641099325	1.9005328329442872	0.06682382970480182	0.7581286590691504	0.10037566862757703	97.85021613118687	103.66477390458711	0.002311910427610638	1.000108561662536
2.1112929641099325	1.9005328329442872	0.06682382970480182	0.7581286590691504	0.10037566862757703	97.85021613118687	103.66477390458711	0.002311910427610638	1.000108561662536
2.1112929641099325	1.9005328329442872	0.06682382970480182	0.7581286590691504	0.10037566862757703	97.85021613118687	103.66477390458711	0.002311910427610638	1.0001084610067994
2.1112929641099325	1.9005328329442872	0.06682382970480182	0.7581286590691504	0.10037566862757703	97.85021613118687	103.66477390458711	0.0023119684029458726	1.0001084610067994
2.1112929641099325	1.9005328329442872	0.06682382970480182	0.7581286590691504	0.10037566862757703	97.85021613118687	103.66477390458711	0.0023119684029458726	1.0001084610067994
2.1112929641099325	1.9005328329442872	0.06682052681892152	0.7581286590691504	0.10037566862757703	97.85021613118687	103.66477390458711	0.0023119684029458726	1.0001084610067994
2.1112929641099325	1.9005328329442872	0.06682052681892152	0.7581286590691504	0.10037566862757703	97.87353918781507	103.66477390458711	0.0023119684029458726	1.0001084610067994
2.1112929641099325	1.9005328329442872	0.06682052681892152	0.7581286590691504	0.10037566862757703	97.87353918781507	103.66477390458711	0.0023119684029458726	1.0001084610067994
2.1112929641099325	1.9005332704348374	0.06682052681892152	0.7581286590691504	0.10037566862757703	97.87353918781507	103.66477390458711	0.0023119684029458726	1.0001084610067994
2.1112929641099325	1.9005332704348374	0.06682052681892152	0.7581286590691504	0.10037566862757703	97.87353918781507	103.66363527328889	0.0023119684029458726	1.0001084610067994
2.1112929641099325	1.9005332704348374	0.06682052681892152	0.7581286590691504	0.10037566862757703	97.87353918781507	103.64605993052946	0.0023119684029458726	1.0001084610067994
2.1112929641099325	1.9005332704348374	0.06682052681892152	0.7581286590691504	0.10037566862757703	97.87353918781507	103.64605993052946	0.0023119684029458726	1.0001084610067994
2.1112929641099325	1.9005332704348374	0.06682052681892152	0.7581286590691504	0.10037566862757703	97.87353918781507	103.64605993052946	0.0023119684029458726	1.0001084610067994
2.1113421618993757	1.9005332704348374	0.06682052681892152	0.7581286590691504	0.10037566862757703	97.87353918781507	103.64605993052946	0.0023119684029458726	1.0001084610067994
2.1113421618993757	1.9005332704348374	0.06682052681892152	0.7581286590691504	0.10037566862757703	97.87353918781507	103.64605993052946	0.0023119684029458726	1.0001084610067994
2.1113421618993757	1.9005332704348374	0.06682052681892152	0.7579446670435878	0.10037566862757703	97.87353918781507	103.64605993052946	0.0023119684029458726	1.0001084610067994
2.1113421618993757	1.9005332704348374	0.06682052681892152	0.7579446670435878	0.10037586387020758	97.87353918781507	103.64605993052946	0.0023119684029458726	1.0001084610067994
2.1113421618993757	1.9005332704348374	0.06682052681892152	0.7579446670435878	0.10037586387020758	97.87353918781507	103.60521567182164	0.0023119684029458726	1.0001084610067994
2.1113421618993757	1.9005332704348374	0.06682052681892152	0.7579446670435878	0.10037586387020758	97.87353918781507	103.60521567182164	0.0023119684029458726	1.0001084610067994
2.1113421618993757	1.9005332704348374	0.06682052681892152	0.7579446670435878	0.10037586387020758	97.87353918781507	103.6029473031473	0.0023119684029458726	1.0001084610067994
2.1113421618993757	1.9005332704348374	0.06682052681892152	0.7579446670435878	0.10037586387020758	97.87353918781507	103.56915317861174	0.0023119684029458726	1.0001084610067994
2.1113421618993757	1.9005332704348374	0.06682052681892152	0.7579446670435878	0.10037586387020758	97.87353918781507	103.56915317861174	0.0023139105703647504	1.0001084610067994
2.1113421618993757	1.9005332704348374	0.06682052681892152	0.7579446670435878	0.10037580090435735	97.87353918781507	103.56915317861174	0.0023139105703647504	1.0001084610067994
2.1113421618993757	1.9005332704348374	0.0668653650293989	0.7579446670435878	0.10037580090435735	97.87353918781507	103.56915317861174	0.0023139105703647504	1.0001084610067994
2.1113421618993757	1.9005332704348374	0.0668653650293989	0.7579446670435878	0.10037580090435735	97.87353918781507	103.56915317861174	0.0023139571571923275	1.0001084610067994
2.1113421618993757	1.9005332704348374	0.0668653650293989	0.7579446670435878	0.10037580090435735	97.87353918781507	103.8048403026205	0.0023139571571923275	1.0001084610067994
2.1113421618993757	1.9005332704348374	0.0668653650293989	0.7579446670435878	0.10037580090435735	97.87353918781507	102.61664771614367	0.0023139571571923275	1.0001084610067994
2.1113421618993757	1.9005332704348374	0.0668653650293989	0.7579446670435878	0.10037580090435735	97.87353918781507	102.61664771614367	0.0023164956149910854	1.0001084610067994
2.1113421618993757	1.9005332704348374	0.0668653650293989	0.7579446670435878	0.10037580090435735	97.87353918781507	102.61664771614367	0.0023164956149910854	1.0001090922203817
2.1113421618993757	1.9005621701883364	0.0668653650293989	0.7579446670435878	0.10037580090435735	97.87353918781507	102.61664771614367	0.0023164956149910854	1.0001090922203817
2.1113421618993757	1.9005621701883364	0.0668653650293989	0.7579446670435878	0.10037580090435735	97.87353918781507	102.61664771614367	0.0023164956149910854	1.0001090922203817
2.1113421618993757	1.9005621701883364	0.0668653650293989	0.7579446670435878	0.10037550870423204	97.87353918781507	102.61664771614367	0.0023164956149910854	1.0001090922203817
2.1113421618993757	1.9005621701883364	0.0668653650293989	0.7579446670435878	0.10037550870423204	97.87353918781507	102.61664771614367	0.0023164956149910854	1.0001090922203817
2.1113421618993757	1.9005621701883364	0.0668653650293989	0.7579446670435878	0.10037550870423204	97.87353918781507	102.61664771614367	0.0023164956149910854	1.0001090922203817
2.1113421618993757	1.9005621701883364	0.0668653650293989	0.7579446670435878	0.10037550870423204	97.87353918781507	102.61819967911188	0.0023164956149910854	1.0001090922203817
2.1113421618993757	1.9005621701883364	0.0668653650293989	0.7579446670435878	0.10036952173568417	97.87353918781507	102.61819967911188	0.0023164956149910854	1.0001090922203817
2.1113421618993757	1.9005621701883364	0.0668653650293989	0.7579446670435878	0.10036952173568417	97.87353918781507	102.61819967911188	0.0023164956149910854	1.0001090922203817
2.1113421618993757	1.9005621701883364	0.0668653650293989	0.7579446670435878	0.10036952173568417	97.87353918781507	102.61819967911188	0.0023164956149910854	1.0001090922203817
2.1113421618993757	1.9005621701883364	0.0668653650293989	0.7579446670435878	0.10035585963616551	97.87353918781507	102.61819967911188	0.0023164956149910854	1.0001090922203817
2.1113421618993757	1.9005621701883364	0.0668653650293989	0.7579446670435878	0.10035585963616551	97.87353918781507	102.61819967911188	0.0023164956149910854	1.0001090922203817
2.1113421618993757	1.9005621701883364	0.0668653650293989	0.7579446670435878	0.10035585963616551	97.87353918781507	102.61458763218258	0.0023164956149910854	1.0001090922203817
2.1113421618993757	1.9005621701883364	0.0668653650293989	0.7579446670435878	0.10035102597728586	97.87353918781507	102.61458763218258	0.0023164956149910854	1.0001090922203817
2.1113421618993757	1.9005621701883364	0.0668653650293989	0.7579446670435878	0.10035102597728586	97.87353918781507	102.61458763218258	0.0023164956149910854	1.0001090922203817
2.1113421618993757	1.9005621701883364	0.0668653650293989	0.7579446670435878	0.10035102597728586	97.87353918781507	102.61458763218258	0.0023904606982071215	1.0001090922203817
2.111401470468462	1.9005621701883364	0.0668653650293989	0.7579446670435878	0.10035102597728586	97.87353918781507	102.61458763218258	0.0023904606982071215	1.0001090922203817
2.111401470468462	1.9005621701883364	0.06686656100652578	0.7579446670435878	0.10035102597728586	97.87353918781507	102.61458763218258	0.0023904606982071215	1.0001090922203817
2.111401470468462	1.9005621701883364	0.06686656100652578	0.7579446670435878	0.10035102597728586	97.87353918781507	102.61458763218258	0.0023904606982071215	1.0001090922203817
2.111401470468462	1.9005621701883364	0.06686656100652578	0.7579446670435878	0.10035102597728586	97.87353918781507	102.61458763218258	0.0023904606982071215	1.0001090922203817
2.111401470468462	1.9005616388435342	0.06686656100652578	0.7579446670435878	0.10035102597728586	97.87353918781507	102.61458763218258	0.0023904606982071215	1.0001090922203817
2.111401470468462	1.9005616388435342	0.06686656100652578	0.7579446670435878	0.10035102597728586	97.87344169789374	102.61458763218258	0.0023904606982071215	1.0001090922203817
2.111401470468462	1.9005616388435342	0.06686656100652578	0.7579446670435878	0.10035102597728586	97.87344169789374	102.61458763218258	0.0023904606982071215	1.0001090922203817
2.111401470468462	1.9005616388435342	0.06686656100652578	0.7579446670435878	0.10035102597728586	97.866675448165	102.61458763218258	0.0023904606982071215	1.0001090922203817
2.111401470468462	1.9005616388435342	0.06686656100652578	0.7579446670435878	0.10035102597728586	97.866675448165	102.61458763218258	0.0023904606982071215	1.0001090922203817
2.111401470468462	1.9005616388435342	0.06686656100652578	0.7579446670435878	0.10035102597728586	97.866675448165	102.61458763218258	0.0023904606982071215	1.0001090922203817
2.111401470468462	1.9005616388435342	0.06686656100652578	0.7579446670435878	0.10035102597728586	97.866675448165	102.61458763218258	0.0023904606982071215	1.0001090922203817
2.111401470468462	1.9005616388435342	0.06686656100652578	0.7579446670435878	0.10035102597728586	97.866675448165	102.61458763218258	0.0023904606982071215	1.000108861537592
2.111401470468462	1.9005616388435342	0.06686656100652578	0.7579446670435878	0.10035102597728586	97.866675448165	102.61458763218258	0.0023904606982071215	1.000108861537592
2.111401470468462	1.9005616388435342	0.06686656100652578	0.7579446670435878	0.10035102597728586	97.866675448165	102.61458763218258	0.0023904606982071215	1.000108861537592
2.111401470468462	1.9005616388435342	0.06686656100652578	0.7579446670435878	0.10035102597728586	97.866675448165	102.61458763218258	0.0023904606982071215	1.000108861537592
2.111401470468462	1.9005616388435342	0.06686656100652578	0.7579446670435878	0.10035102597728586	97.866675448165	102.61458763218258	0.0023904606982071215	1.000108861537592
2.111401470468462	1.9005616388435342	0.06686656100652578	0.7579446670435878	0.10035102597728586	97.866675448165	102.61458763218258	0.0023904606982071215	1.000108861537592
2.111401470468462	1.9005616388435342	0.06686656100652578	0.7579446670435878	0.10035102597728586	97.866675448165	102.61458763218258	0.0023904606982071215	1.000108861537592
2.111401470468462	1.9005616388435342	0.06686656100652578	0.7579446670435878	0.10035102597728586	97.866675448165	102.61458763218258	0.0023894408379054157	1.000108861537592
2.111401470468462	1.9005616388435342	0.06686656100652578	0.7579446670435878	0.10035102597728586	97.866675448165	102.61458763218258	0.0023894408379054157	1.000108861537592
2.111401470468462	1.9005616388435342	0.06686656100652578	0.7579446670435878	0.10035102597728586	97.866675448165	102.61458763218258	0.0023894408379054157	1.000108861537592
2.111401470468462	1.9005616388435342	0.06686656100652578	0.7579446670435878	0.10035102597728586	97.866675448165	103.70825869068301	0.0023894408379054157	1.000108861537592
2.111401470468462	1.9005616388435342	0.06686656100652578	0.7579446670435878	0.10035102597728586	97.86735853101901	103.70825869068301	0.0023894408379054157	1.000108861537592
2.111401470468462	1.9005616388435342	0.06686656100652578	0.7579446670435878	0.10036140553405616	97.86735853101901	103.70825869068301	0.0023894408379054157	1.000108861537592
2.111401470468462	1.9005616388435342	0.06686656100652578	0.7579446670435878	0.10036140553405616	97.86735853101901	103.70825869068301	0.002389505011679442	1.000108861537592
2.111401470468462	1.9005616388435342	0.06686656100652578	0.7579446670435878	0.10036140553405616	97.86735853101901	103.70825869068301	0.002389505011679442	1.000108861537592
2.111401470468462	1.9005616388435342	0.06686656100652578	0.757779885959535	0.10036140553405616	97.86735853101901	103.70825869068301	0.002389505011679442	1.000108861537592
2.111401470468462	1.9005616388435342	0.06686656100652578	0.757779885959535	0.10036140553405616	97.86735853101901	103.70825869068301	0.002389505011679442	1.000108861537592
2.111401470468462	1.9005616388435342	0.06686656100652578	0.757779885959535	0.10036140553405616	97.86735853101901	103.70825869068301	0.002389505011679442	1.000108861537592
2.111401470468462	1.9005616388435342	0.06686656100652578	0.757779885959535	0.10036140553405616	97.86735853101901	103.70825869068301	0.002389505011679442	1.000108861537592
2.111401470468462	1.9003374996032023	0.06686656100652578	0.757779885959535	0.10036140553405616	97.86735853101901	103.70825869068301	0.002389505011679442	1.000108861537592
2.111401470468462	1.9003374996032023	0.06686656100652578	0.757779885959535	0.10036140553405616	97.86735853101901	103.70825869068301	0.002389505011679442	1.000108861537592
2.111401470468462	1.9003374996032023	0.06686656100652578	0.757779885959535	0.10036140553405616	97.86735853101901	103.83931388456853	0.002389505011679442	1.000108861537592
2.111401470468462	1.9003374996032023	0.06686656100652578	0.7577886295950721	0.10036140553405616	97.86735853101901	103.83931388456853	0.002389505011679442	1.000108861537592
2.111401470468462	1.9003374996032023	0.06686656100652578	0.7577886295950721	0.10036140553405616	97.86735853101901	103.83931388456853	0.002389505011679442	1.000108861537592
2.111401470468462	1.9003374996032023	0.06686656100652578	0.7577886295950721	0.10036140553405616	97.86735853101901	103.70258557829129	0.002389505011679442	1.000108861537592
2.111401470468462	1.9003374996032023	0.06686656100652578	0.7577886295950721	0.10036140553405616	97.86735853101901	103.70258557829129	0.002389505011679442	1.000108861537592
2.111401470468462	1.9003374996032023	0.06686656100652578	0.7577886295950721	0.10036140553405616	97.86735853101901	103.70258557829129	0.002389505011679442	1.000108861537592
2.111401470468462	1.9003374996032023	0.06686656100652578	0.7577886295950721	0.10036140553405616	97.86735853101901	103.70258557829129	0.002389505011679442	1.000108861537592
2.111401470468462	1.9003374996032023	0.06686656100652578	0.7577886295950721	0.10036140553405616	97.86735853101901	103.70258557829129	0.002389505011679442	1.000108861537592
2.111401470468462	1.9003374996032023	0.06686656100652578	0.7577886295950721	0.10036140553405616	97.86735853101901	103.70258557829129	0.002389505011679442	1.000108861537592
2.111401470468462	1.9003374996032023	0.06686656100652578	0.7578707069752059	0.10036140553405616	97.86735853101901	103.70258557829129	0.002389505011679442	1.000108861537592
2.111401470468462	1.9003374996032023	0.06686656100652578	0.7578745709930158	0.10036140553405616	97.86735853101901	103.70258557829129	0.002389505011679442	1.000108861537592
2.111401470468462	1.9003374996032023	0.06686656100652578	0.7578745709930158	0.10036140553405616	97.86735853101901	103.17788422689124	0.002389505011679442	1.000108861537592
2.111401470468462	1.9003374996032023	0.06686656100652578	0.7578745709930158	0.10036140553405616	97.86735853101901	103.17788422689124	0.002389505011679442	1.000108861537592
2.111401470468462	1.9003374996032023	0.06686656100652578	0.7578745709930158	0.10036140553405616	97.86735853101901	103.17788422689124	0.002389505011679442	1.000108861537592
2.111401470468462	1.9003374996032023	0.06686656100652578	0.7578745709930158	0.10036140553405616	97.86735853101901	103.17788422689124	0.002389505011679442	1.000108861537592
2.111401470468462	1.9003374996032023	0.06686656100652578	0.7578745709930158	0.10036140553405616	97.86735853101901	103.17788422689124	0.002389505011679442	1.000108861537592
2.111401470468462	1.9003374996032023	0.06686656100652578	0.7578745709930158	0.10036140553405616	97.86735853101901	103.17788422689124	0.002389505011679442	1.0001086014406655
2.111401470468462	1.9003374996032023	0.06686656100652578	0.7578745709930158	0.10036140553405616	97.86735853101901	103.17788422689124	0.002389505011679442	1.0001086014406655
2.111401470468462	1.9003374996032023	0.06686656100652578	0.7578745709930158	0.10036140553405616	97.86735853101901	103.17788422689124	0.002389505011679442	1.0001086014406655
2.111401470468462	1.9003374996032023	0.06686656100652578	0.7578745709930158	0.10036140553405616	97.86735853101901	103.17788422689124	0.002389505011679442	1.0001086014406655
2.111401470468462	1.9003374996032023	0.06686656100652578	0.7578745709930158	0.10036140553405616	97.86735853101901	103.17788422689124	0.002389505011679442	1.0001086014406655
2.111401470468462	1.9003374996032023	0.06686656100652578	0.7578745709930158	0.10036140553405616	97.86735853101901	103.17788422689124	0.002389505011679442	1.0001086014406655
2.111401470468462	1.9003374996032023	0.06686656100652578	0.7578745709930158	0.10036140553405616	97.86735853101901	103.17788422689124	0.0023876022187138894	1.0001086014406655
2.111401470468462	1.9003374996032023	0.06686656100652578	0.7578745709930158	0.10036140553405616	97.86735853101901	103.17489579520955	0.0023876022187138894	1.0001086014406655
2.111401470468462	1.9003374996032023	0.06686656100652578	0.7578745709930158	0.10036140553405616	97.86735853101901	103.17489579520955	0.0023876022187138894	1.0001086014406655
2.111401470468462	1.9003374996032023	0.06686656100652578	0.7578745709930158	0.10036140553405616	97.86735853101901	103.17489579520955	0.0023876022187138894	1.0001086014406655
2.111401470468462	1.9003374996032023	0.06686656100652578	0.7578745709930158	0.10036140553405616	97.86735853101901	103.17489579520955	0.0023876022187138894	1.0001086014406655
2.111401470468462	1.9003374996032023	0.06686656100652578	0.7578745709930158	0.10036140553405616	97.86735853101901	103.17489579520955	0.0023876022187138894	1.0001086014406655
2.111401470468462	1.9003374996032023	0.06686656100652578	0.7578745709930158	0.10036140553405616	97.86735853101901	103.17489579520955	0.0023876022187138894	1.0001086014406655
2.111401470468462	1.9003374996032023	0.06686656100652578	0.7578745709930158	0.10036140553405616	97.86735853101901	103.17489579520955	0.0023876022187138894	1.0001086014406655
2.111401470468462	1.9003374996032023	0.06686656100652578	0.7578745709930158	0.10036140553405616	97.86735853101901	103.17489579520955	0.0023876022187138894	1.0001086014406655
2.111401470468462	1.9003374996032023	0.06686656100652578	0.7578745709930158	0.10036140553405616	97.86735853101901	103.17489579520955	0.0023876022187138894	1.0001086014406655
2.111401470468462	1.9003374996032023	0.06686656100652578	0.7578745709930158	0.10035507016912136	97.86735853101901	103.17489579520955	0.0023876022187138894	1.0001086014406655
2.111401470468462	1.9003374996032023	0.06686656100652578	0.7578745709930158	0.10035507016912136	97.86735853101901	97.6372288106104	0.0023876022187138894	1.0001086014406655
2.111401387225528	1.9003374996032023	0.06686656100652578	0.7578745709930158	0.10035507016912136	97.86735853101901	97.6372288106104	0.0023876022187138894	1.0001086014406655
2.111401387225528	1.9003374996032023	0.06686656100652578	0.7578745709930158	0.10035507016912136	97.86735853101901	97.6372288106104	0.0023876022187138894	1.0001086014406655
2.111401387225528	1.9003374996032023	0.06686656100652578	0.7578745709930158	0.10035507016912136	97.86735853101901	97.6372288106104	0.0023876022187138894	1.0001094525350585
2.111390828109211	1.9003374996032023	0.06686656100652578	0.7578745709930158	0.10035507016912136	97.86735853101901	97.6372288106104	0.0023876022187138894	1.0001094525350585
2.111390828109211	1.9003316696926926	0.06686656100652578	0.7578745709930158	0.10035507016912136	97.86735853101901	97.6372288106104	0.0023876022187138894	1.0001094525350585
2.111390828109211	1.9003316696926926	0.06686656100652578	0.7578745709930158	0.10035507016912136	97.86735853101901	97.6372288106104	0.0023876022187138894	1.0001094525350585
2.111390828109211	1.9003316696926926	0.06686656100652578	0.7578745709930158	0.10037874281378013	97.86735853101901	97.6372288106104	0.0023876022187138894	1.0001094525350585
2.111390828109211	1.9003316696926926	0.06686656100652578	0.7578745709930158	0.10037874281378013	97.86735853101901	97.6372288106104	0.0023876022187138894	1.0001094525350585
2.111390828109211	1.9003316696926926	0.06686656100652578	0.7578745709930158	0.10037874281378013	97.86735853101901	97.6372288106104	0.0023876022187138894	1.0001094525350585
2.111390828109211	1.9003316696926926	0.06686656100652578	0.7578745709930158	0.10037874281378013	97.86735853101901	97.6372288106104	0.0023876022187138894	1.0001094525350585
2.111390828109211	1.902194035349504	0.06686656100652578	0.7578745709930158	0.10037874281378013	97.86735853101901	97.6372288106104	0.0023876022187138894	1.0001094525350585
2.111390828109211	1.902194035349504	0.06686656100652578	0.7578745709930158	0.10037874281378013	97.86735853101901	97.63679982239704	0.0023876022187138894	1.0001094525350585
2.111390828109211	1.902194035349504	0.06686656100652578	0.7578745709930158	0.10037874281378013	97.86735853101901	97.63679982239704	0.002387599990124439	1.0001094525350585
2.111390828109211	1.9012318680022886	0.06686656100652578	0.7578745709930158	0.10037874281378013	97.86735853101901	97.63679982239704	0.002387599990124439	1.0001094525350585
2.111390828109211	1.9012318680022886	0.06686656100652578	0.7578745709930158	0.10037874281378013	97.86735853101901	97.63679982239704	0.002387599990124439	1.0001094525350585
2.111390828109211	1.9012013119514275	0.06686656100652578	0.7578745709930158	0.10037874281378013	97.86735853101901	97.63679982239704	0.002387599990124439	1.0001094525350585
2.111387013965146	1.9012013119514275	0.06686656100652578	0.7578745709930158	0.10037874281378013	97.86735853101901	97.63679982239704	0.002387599990124439	1.0001094525350585
2.111387013965146	1.9012013119514275	0.06686656100652578	0.7578745709930158	0.10037874281378013	97.86735853101901	97.63679982239704	0.002387599990124439	1.0001094525350585
2.111387013965146	1.9012013119514275	0.06686656100652578	0.7578745709930158	0.10037874281378013	97.86735853101901	97.63679982239704	0.002387599990124439	1.0001094525350585
2.111387013965146	1.9012014178164351	0.06686656100652578	0.7578745709930158	0.10037874281378013	97.86735853101901	97.63679982239704	0.002387599990124439	1.0001094525350585
2.111387013965146	1.9012014178164351	0.06686656100652578	0.7578745709930158	0.10037874281378013	97.86735853101901	97.63679982239704	0.002387599990124439	1.0001120863174628
2.111387013965146	1.9012014178164351	0.06686656100652578	0.7578745709930158	0.10037874281378013	97.86735853101901	97.63679982239704	0.002387599990124439	1.0001120863174628
2.111387013965146	1.9012014178164351	0.06686656100652578	0.7578745709930158	0.10037874281378013	97.86735853101901	97.63679982239704	0.002387599990124439	1.0001120863174628
2.1114308135893247	1.9012014178164351	0.06686656100652578	0.7578745709930158	0.10037874281378013	97.86735853101901	97.63679982239704	0.002387599990124439	1.0001120863174628
2.111431020329303	1.9012014178164351	0.06686656100652578	0.7578745709930158	0.10037874281378013	97.86735853101901	97.63679982239704	0.002387599990124439	1.0001120863174628
2.111431020329303	1.9012014178164351	0.06686656100652578	0.7578745709930158	0.10037874281378013	97.86735853101901	97.63679982239704	0.002387599990124439	1.0001120863174628
2.111431020329303	1.9012014178164351	0.06686656100652578	0.7578745709930158	0.10037874281378013	97.86735853101901	97.63679982239704	0.002387599990124439	1.0001120863174628
2.111431020329303	1.9012014178164351	0.06686656100652578	0.7578745709930158	0.10037874281378013	97.86735853101901	97.63679982239704	0.002387599990124439	1.0001120863174628
2.111431020329303	1.9012014178164351	0.06686656100652578	0.7578745709930158	0.10037874281378013	97.86735853101901	97.63679982239704	0.002387599990124439	1.0001120863174628
2.1134031652199186	1.9012014178164351	0.06686656100652578	0.7578745709930158	0.10037874281378013	97.86735853101901	97.63679982239704	0.002387599990124439	1.0001120863174628
2.1134031652199186	1.9012014178164351	0.06686656100652578	0.7578745709930158	0.10037874281378013	97.86735853101901	97.63679982239704	0.0026428820688684782	1.0001120863174628
2.1134031652199186	1.9012014178164351	0.06686656100652578	0.7578745709930158	0.10037874281378013	97.86735853101901	97.63679982239704	0.0026428820688684782	1.0001120863174628
2.1134031652199186	1.9012014178164351	0.06686656100652578	0.7578745709930158	0.10037874281378013	97.86735853101901	97.63679982239704	0.0026428820688684782	1.000111795920265
2.1134031652199186	1.9012014178164351	0.06686656100652578	0.7578745709930158	0.10037874281378013	97.86735853101901	97.63679982239704	0.0026428820688684782	1.000111795920265
2.1134031652199186	1.9012014178164351	0.06686656100652578	0.7578745709930158	0.10037874281378013	97.86737562304728	97.63679982239704	0.0026428820688684782	1.000111795920265
2.1134031652199186	1.9012014178164351	0.06686656100652578	0.7578745709930158	0.10010202500919117	97.86737562304728	97.63679982239704	0.0026428820688684782	1.000111795920265
2.1134031652199186	1.9012014178164351	0.06686656100652578	0.7578745709930158	0.1001020241946442	97.86737562304728	97.63679982239704	0.0026428820688684782	1.000111795920265
2.1134031652199186	1.9012014178164351	0.06686656100652578	0.7578745709930158	0.1001020241946442	97.86737562304728	97.63679982239704	0.002642848340326332	1.000111795920265
2.1134031652199186	1.9012014178164351	0.06686656100652578	0.7578745709930158	0.1001020241946442	97.86737562304728	97.63679982239704	0.002642848340326332	1.000111795920265
2.1134024630421187	1.9012014178164351	0.06686656100652578	0.7578745709930158	0.1001020241946442	97.86737562304728	97.63679982239704	0.002642848340326332	1.000111795920265
2.1134024630421187	1.9012014178164351	0.06686656100652578	0.7578745709930158	0.1001020241946442	97.86737562304728	97.63679982239704	0.002642848340326332	1.000111795920265
2.1134024630421187	1.9012014178164351	0.06686656100652578	0.7578745709930158	0.1001020241946442	97.86739068982791	97.63679982239704	0.002642848340326332	1.000111795920265
2.1134024630421187	1.9012014178164351	0.06686656100652578	0.7578745709930158	0.1001020241946442	97.86739068982791	97.63679982239704	0.002642848340326332	1.000111795920265
2.1134024630421187	1.9012014178164351	0.06686656100652578	0.7578745709930158	0.1001020241946442	97.90671379810696	97.63679982239704	0.002642848340326332	1.000111795920265
2.1134024630421187	1.9012014178164351	0.06686656100652578	0.7578745709930158	0.1001020241946442	97.90671379810696	97.63679982239704	0.002642848340326332	1.000111795920265
2.1134024630421187	1.9012014178164351	0.06686656100652578	0.7578745709930158	0.1001020241946442	97.90671379810696	97.63679982239704	0.002642848340326332	1.000111795920265
2.1134024630421187	1.9012014178164351	0.06686656100652578	0.7578745709930158	0.1001020241946442	97.90671379810696	97.63679982239704	0.002642848340326332	1.000111795920265
2.1134024630421187	1.9012014178164351	0.06686656100652578	0.7578745709930158	0.1001020241946442	97.90671379810696	97.63679982239704	0.002642848340326332	1.000111795920265
2.1134024630421187	1.9012014178164351	0.06686656100652578	0.7578745709930158	0.1001020241946442	97.90671379810696	97.63679982239704	0.002642848340326332	1.000111795920265
2.1134024630421187	1.9012014178164351	0.06687798942874808	0.7578745709930158	0.1001020241946442	97.90671379810696	97.63679982239704	0.002642848340326332	1.000111795920265
2.1134024630421187	1.9012014178164351	0.06687798942874808	0.7578745709930158	0.1001020241946442	97.90671379810696	97.63679982239704	0.002642848340326332	1.000111795920265
2.1134024630421187	1.9012014178164351	0.06687798942874808	0.7578745709930158	0.1001020241946442	97.90671379810696	97.63679982239704	0.002642848340326332	1.0001119066406008
2.1134024630421187	1.9012014178164351	0.06687798942874808	0.7578745709930158	0.1001020241946442	97.90671379810696	97.63679982239704	0.002642848340326332	1.0001119066406008
2.1134024630421187	1.9012014178164351	0.06687798942874808	0.7578745709930158	0.1001020241946442	97.90671379810696	97.63679982239704	0.002642848340326332	1.000111627760569
2.1134024630421187	1.8994074675547805	0.06687798942874808	0.7578745709930158	0.1001020241946442	97.90671379810696	97.63679982239704	0.002642848340326332	1.000111627760569
2.1134024630421187	1.8994074675547805	0.06687798942874808	0.7578745709930158	0.1001020241946442	97.90671379810696	97.63679982239704	0.002642848340326332	1.000111627760569
2.1134024630421187	1.8994074675547805	0.06687798942874808	0.7578745709930158	0.1001020241946442	97.90671379810696	97.63679982239704	0.002642848340326332	1.000111627760569
2.1134024630421187	1.8994074675547805	0.06687798942874808	0.7578745709930158	0.1001020241946442	97.90671379810696	97.63679982239704	0.0026327450560632206	1.000111627760569
2.1134024630421187	1.8994074675547805	0.06687798942874808	0.7578745709930158	0.1001020241946442	97.90671379810696	97.63679982239704	0.0026681111827699684	1.000111627760569
2.1134024630421187	1.8994074675547805	0.06687798942874808	0.7578745709930158	0.1001020241946442	97.90473021382418	97.63679982239704	0.0026681111827699684	1.000111627760569
2.1134024630421187	1.8994074675547805	0.06687798942874808	0.7578745709930158	0.1001020241946442	97.90471161601573	97.63679982239704	0.0026681111827699684	1.000111627760569
2.1134024630421187	1.8994205985133492	0.06687798942874808	0.7578745709930158	0.1001020241946442	97.90471161601573	97.63679982239704	0.0026681111827699684	1.000111627760569
2.1134024630421187	1.8994205985133492	0.06687798942874808	0.7578745709930158	0.1001020241946442	97.90471161601573	97.63679982239704	0.0026681111827699684	1.0001115510053509
2.1134024630421187	1.8994205985133492	0.06687798942874808	0.7578745709930158	0.1001020241946442	97.90471161601573	97.63679982239704	0.0026681111827699684	1.0001124557441166
2.1134024630421187	1.8994205985133492	0.06687798942874808	0.7578745709930158	0.1001020241946442	97.8974500927476	97.63679982239704	0.0026681111827699684	1.0001124557441166
2.1134024630421187	1.8994205985133492	0.06687798942874808	0.7578745709930158	0.1001020241946442	97.89742688291786	97.63679982239704	0.0026681111827699684	1.0001124557441166
2.1134024630421187	1.8994205985133492	0.06687798942874808	0.7578745709930158	0.1001020241946442	97.89742688291786	97.63679982239704	0.0026681111827699684	1.0001124557441166
2.1134024630421187	1.8994205985133492	0.06687798942874808	0.7578745709930158	0.1001020241946442	97.89742688291786	97.63679982239704	0.0026681111827699684	1.0001124557441166
2.1134024630421187	1.8994205985133492	0.06687798942874808	0.7578745709930158	0.1001020241946442	97.89742688291786	97.63679982239704	0.0026681111827699684	1.0001124557441166
2.1134024630421187	1.8994205985133492	0.06687798942874808	0.7578745709930158	0.1001020241946442	97.88085189006132	97.63679982239704	0.0026681111827699684	1.0001124557441166
2.1134024630421187	1.8994205985133492	0.06687798942874808	0.7578745709930158	0.1001020241946442	97.88085189006132	97.63679982239704	0.0026681111827699684	1.0001117463942204
2.1134024630421187	1.8994205985133492	0.06687798942874808	0.7578745709930158	0.1001020241946442	97.88085189006132	97.63679982239704	0.0026681111827699684	1.0001117463942204
2.1134024630421187	1.8994205985133492	0.06687798942874808	0.7578745709930158	0.1001020241946442	97.88085189006132	97.63679982239704	0.0026273072335844102	1.0001117463942204
2.1134024630421187	1.8994205985133492	0.06687798942874808	0.7578745709930158	0.1001020241946442	97.88085189006132	97.63679982239704	0.0026273072335844102	1.0001117463942204
2.113454941765999	1.8994205985133492	0.06687798942874808	0.7578745709930158	0.1001020241946442	97.88085189006132	97.63679982239704	0.0026273072335844102	1.0001117463942204
2.113454941765999	1.8994205985133492	0.06687798942874808	0.7578745709930158	0.10010202602803256	97.88085189006132	97.63679982239704	0.0026273072335844102	1.0001117463942204
2.113454941765999	1.8994205985133492	0.06687798942874808	0.7578745709930158	0.10010202602803256	97.88085189006132	97.87639692809965	0.0026273072335844102	1.0001117463942204
2.113454941765999	1.8994205985133492	0.06687798942874808	0.7578745709930158	0.10010202602803256	97.88085189006132	97.97086229861966	0.0026273072335844102	1.0001117463942204
2.113454941765999	1.8994205985133492	0.06687798942874808	0.7578745709930158	0.10010202602803256	97.88085189006132	97.97086229861966	0.0026273072335844102	1.0001117463942204
2.113454941765999	1.8994205985133492	0.06687798942874808	0.7578745709930158	0.10010202602803256	97.88085189006132	97.9712874315158	0.0026273072335844102	1.0001117463942204
2.113454941765999	1.8994205985133492	0.06687798942874808	0.7578745709930158	0.10010202602803256	97.88085189006132	97.9712874315158	0.0026273072335844102	1.0001116862224333
2.113454941765999	1.8996161253774082	0.06687798942874808	0.7578745709930158	0.10010202602803256	97.88085189006132	97.9712874315158	0.0026273072335844102	1.0001116862224333
2.113454941765999	1.8996161253774082	0.06687798942874808	0.7578745709930158	0.10010202602803256	97.88085189006132	97.9712874315158	0.0026273072335844102	1.0001116862224333
2.113454941765999	1.8996161253774082	0.06687798942874808	0.7578745709930158	0.10010202602803256	97.88085189006132	97.9712874315158	0.0026273072335844102	1.0001116862224333
2.113454941765999	1.8996161253774082	0.06687798942874808	0.7578745709930158	0.10010202602803256	97.88085189006132	97.9712874315158	0.0026273072335844102	1.0001116862224333
2.113454941765999	1.8996161253774082	0.06687798942874808	0.7578745709930158	0.10010202602803256	97.88085189006132	97.9712874315158	0.0026273072335844102	1.0001116862224333
2.113454941765999	1.8996161253774082	0.06687798942874808	0.7578745709930158	0.10010202602803256	97.88085189006132	97.9712874315158	0.0026273072335844102	1.0001116862224333
2.113454941765999	1.8996161253774082	0.06687798942874808	0.7578745709930158	0.10010202602803256	97.88085189006132	99.32130210258487	0.0026273072335844102	1.0001116862224333
2.113454941765999	1.8996161253774082	0.06687798942874808	0.7578745709930158	0.10010202602803256	97.88085189006132	99.32130210258487	0.0026273072335844102	1.0001068476528967
2.113454941765999	1.8996161253774082	0.06687798942874808	0.7578745709930158	0.10010202602803256	97.88085189006132	99.32130210258487	0.0026273072335844102	1.0001068476528967
2.113454941765999	1.8996161253774082	0.06687798942874808	0.7578745709930158	0.10010202602803256	97.88085189006132	99.32130210258487	0.0026273072335844102	1.0001068476528967
2.113454941765999	1.8996161253774082	0.06687798942874808	0.7578745709930158	0.10010202602803256	97.88085189006132	99.32130210258487	0.0026273072335844102	1.000105373772625
2.113454941765999	1.8996161253774082	0.06687798942874808	0.7578745709930158	0.10010202602803256	97.88085189006132	99.32130210258487	0.0026273072335844102	1.000105373772625
2.113454941765999	1.8996161253774082	0.06687798942874808	0.7578745709930158	0.10010202602803256	97.88085189006132	99.32130210258487	0.0026273072335844102	1.0001148541958989
2.113454941765999	1.8995483245629508	0.06687798942874808	0.7578745709930158	0.10010202602803256	97.88085189006132	99.32130210258487	0.0026273072335844102	1.0001148541958989
2.113454941765999	1.8995483245629508	0.06687798942874808	0.7578745709930158	0.10010202602803256	97.88085189006132	99.32130210258487	0.0026273072335844102	1.0001148541958989
2.113454941765999	1.8995483245629508	0.06687798942874808	0.7578745709930158	0.10010202602803256	97.88085189006132	99.32130210258487	0.0026387912943167608	1.0001148541958989
2.113454941765999	1.8995483245629508	0.06687798942874808	0.7578745709930158	0.10010202602803256	97.88085189006132	99.32130210258487	0.0026387912943167608	1.0001148541958989
2.113454941765999	1.8995483245629508	0.06687798942874808	0.7578745709930158	0.10010202602803256	97.8822874764995	99.32130210258487	0.0026387912943167608	1.0001148541958989
2.113454941765999	1.8995483245629508	0.06687798942874808	0.7578745709930158	0.10010202602803256	97.8822874764995	99.32130210258487	0.0026387912943167608	1.0001148581522403
2.113454941765999	1.8995483245629508	0.06687798942874808	0.7578744770118598	0.10010202602803256	97.8822874764995	99.32130210258487	0.0026387912943167608	1.0001148581522403
2.113454941765999	1.8995483245629508	0.06687798942874808	0.7578744770118598	0.10010202602803256	97.8822874764995	99.32130210258487	0.0026387912943167608	1.000112033689965
2.113454941765999	1.8995483245629508	0.06687798942874808	0.7578744770118598	0.10010202602803256	97.8822874764995	99.32130210258487	0.0026387912943167608	1.000112033689965
2.113454941765999	1.8995490199837357	0.06687798942874808	0.7578744770118598	0.10010202602803256	97.8822874764995	99.32130210258487	0.0026387912943167608	1.000112033689965
2.113454941765999	1.8995490199837357	0.06687798942874808	0.7578744770118598	0.10010202602803256	97.8822874764995	99.31856110021936	0.0026387912943167608	1.000112033689965
2.113454941765999	1.8995490199837357	0.06687798942874808	0.7578744770118598	0.10010202602803256	97.8822874764995	99.31856110021936	0.0026387912943167608	1.0001117551558811
2.113454941765999	1.8995490199837357	0.06687798942874808	0.7578744770118598	0.10010202602803256	97.88138955385375	99.31856110021936	0.0026387912943167608	1.0001117551558811
2.11345376474319	1.8995490199837357	0.06687798942874808	0.7578744770118598	0.10010202602803256	97.88138955385375	99.31856110021936	0.0026387912943167608	1.0001117551558811
2.11345376474319	1.8995490199837357	0.06687798942874808	0.7578744770118598	0.10010202602803256	97.88138955385375	99.31856110021936	0.0026387912943167608	1.0001117551558811
2.11345376474319	1.8995490199837357	0.06687798942874808	0.7578744770118598	0.10010202602803256	97.88138955385375	99.31856110021936	0.0026387913663949987	1.0001117551558811
2.11345376474319	1.8995490199837357	0.06687798942874808	0.7578744770118598	0.10010202602803256	97.88138955385375	99.31856110021936	0.0026387913663949987	1.0001117551558811
2.11345376474319	1.8995490199837357	0.06687798942874808	0.7578744770118598	0.10010202602803256	97.88138955385375	99.31856110021936	0.0026387913663949987	1.0001117551558811
2.1134967393852326	1.8995490199837357	0.06687798942874808	0.7578744770118598	0.10010202602803256	97.88138955385375	99.31856110021936	0.0026387913663949987	1.0001117551558811
2.1134967393852326	1.8995490199837357	0.06687798942874808	0.7578744770118598	0.10010202602803256	97.88138955385375	99.31856110021936	0.0026387913663949987	1.0001117551558811
2.1134967393852326	1.8995490199837357	0.06687798942874808	0.7578744770118598	0.10010202602803256	97.88138955385375	99.31856110021936	0.0026387913663949987	1.0001117551558811
2.1134967393852326	1.8995490199837357	0.06687798942874808	0.7578744770118598	0.10010202602803256	97.8773362546534	99.31856110021936	0.0026387913663949987	1.0001117551558811
2.1134967393852326	1.8995490199837357	0.06687798942874808	0.7578744770118598	0.10010202602803256	97.8773362546534	99.31856110021936	0.0025531916967083414	1.0001117551558811
2.113502979859944	1.8995490199837357	0.06687798942874808	0.7578744770118598	0.10010202602803256	97.8773362546534	99.31856110021936	0.0025531916967083414	1.0001117551558811
2.113502979859944	1.8995490199837357	0.06687798942874808	0.7578744770118598	0.10010202602803256	97.8773362546534	99.31856110021936	0.0025531916967083414	1.0001117227491594
2.113502979859944	1.8995490199837357	0.06687798942874808	0.7578744770118598	0.10010202602803256	97.8773362546534	99.31856110021936	0.0025531916967083414	1.0001117227491594
2.113502979859944	1.8995490199837357	0.06687798942874808	0.7578744770118598	0.10010202602803256	97.8773362546534	99.31856110021936	0.0025531916967083414	1.0001117227491594
2.113502979859944	1.8995490199837357	0.06687798942874808	0.7578744770118598	0.10010202602803256	97.8773362546534	99.31856110021936	0.0025531916967083414	1.0001117227491594
2.113502979859944	1.8995490199837357	0.06687798942874808	0.7578744770118598	0.10010202602803256	97.8773362546534	99.31856110021936	0.0025531916967083414	1.0001117227491594
2.113502979859944	1.8995490199837357	0.06687798942874808	0.7578744770118598	0.10010202602803256	97.8772323856468	99.31856110021936	0.0025531916967083414	1.0001117227491594
2.113502979859944	1.8995490199837357	0.06687798942874808	0.7578744770118598	0.10010202602803256	97.8789022595426	99.31856110021936	0.0025531916967083414	1.0001117227491594
2.113502979859944	1.8995490199837357	0.06687798942874808	0.7578744770118598	0.10010178355343295	97.8789022595426	99.31856110021936	0.0025531916967083414	1.0001117227491594
2.113502979859944	1.8995490199837357	0.06687798942874808	0.7578744770118598	0.10010178355343295	97.8789022595426	99.31856110021936	0.0025531916967083414	1.0001117227491594
2.113502979859944	1.8995490199837357	0.06687798942874808	0.7578744770118598	0.10010178355343295	97.8789022595426	99.31856110021936	0.0025531916967083414	1.0001117227491594
2.113502979859944	1.8995490199837357	0.06687798942874808	0.7578744770118598	0.10010178355343295	97.8789022595426	99.31856110021936	0.0025531916967083414	1.0001117477286956
2.113502979859944	1.8995490199837357	0.06687798942874808	0.7578744770118598	0.10010178355343295	97.8789022595426	99.31856110021936	0.0025531916967083414	1.0001117477286956
2.113502979859944	1.8995490199837357	0.06687798942874808	0.7578744770118598	0.10019508719561088	97.8789022595426	99.31856110021936	0.0025531916967083414	1.0001117477286956
2.113502979859944	1.8995490199837357	0.06687798942874808	0.7578744770118598	0.1001738799222521	97.8789022595426	99.31856110021936	0.0025531916967083414	1.0001117477286956
2.113502979859944	1.8995490199837357	0.06687798942874808	0.7578744770118598	0.1001738799222521	97.8789022595426	99.31856110021936	0.0025531916967083414	1.0001117477286956
2.113502979859944	1.8995490199837357	0.06687798942874808	0.7578744770118598	0.1001738799222521	97.8789022595426	101.91394078605641	0.0025531916967083414	1.0001117477286956
2.113502979859944	1.8995490199837357	0.06687798942874808	0.7578744770118598	0.1001738799222521	97.8789022595426	101.91394078605641	0.0025531916967083414	1.0001117477286956
2.113502979859944	1.8995490199837357	0.06687798942874808	0.7578744770118598	0.1001738799222521	97.8789022595426	101.91394078605641	0.002584232792423812	1.0001117477286956
2.113502979859944	1.8995490199837357	0.06688447049313494	0.7578744770118598	0.1001738799222521	97.8789022595426	101.91394078605641	0.002584232792423812	1.0001117477286956
2.113502979859944	1.8972858473026877	0.06688447049313494	0.7578744770118598	0.1001738799222521	97.8789022595426	101.91394078605641	0.002584232792423812	1.0001117477286956
2.113502979859944	1.8972849790159947	0.06688447049313494	0.7578744770118598	0.1001738799222521	97.8789022595426	101.91394078605641	0.002584232792423812	1.0001117477286956
2.113502979859944	1.8972849790159947	0.06688447049313494	0.7578744770118598	0.1001739152801761	97.8789022595426	101.91394078605641	0.002584232792423812	1.0001117477286956
2.113502979859944	1.8972849790159947	0.06688447049313494	0.7580116663518492	0.1001739152801761	97.8789022595426	101.91394078605641	0.002584232792423812	1.0001117477286956
2.113502979859944	1.8972849790159947	0.06688447049313494	0.7580116663518492	0.1001739152801761	97.8789022595426	101.93302803782665	0.002584232792423812	1.0001117477286956
2.113502979859944	1.8972849790159947	0.06688447049313494	0.7580116663518492	0.1001739152801761	97.8789022595426	101.93302803782665	0.002584232792423812	1.0001092742684177
2.113502979859944	1.8972849790159947	0.06688447049313494	0.7580116663518492	0.1001739152801761	97.87744333706965	101.93302803782665	0.002584232792423812	1.0001092742684177
2.113502979859944	1.8972849790159947	0.06688447049313494	0.7583659448118546	0.1001739152801761	97.87744333706965	101.93302803782665	0.002584232792423812	1.0001092742684177
2.113502979859944	1.8972849790159947	0.06688447049313494	0.7583659448118546	0.1001739152801761	97.87744333706965	101.93302803782665	0.002584232792423812	1.0001092742684177
2.113502979859944	1.8972849790159947	0.06688447049313494	0.7583659448118546	0.1001739152801761	97.87744333706965	101.93302803782665	0.002584232792423812	1.0001092742684177
2.113502979859944	1.8972849790159947	0.06688447049313494	0.7583659448118546	0.1001739152801761	97.87744333706965	101.93302803782665	0.002584232792423812	1.0001092742684177
2.113502979859944	1.8972849790159947	0.06688447049313494	0.7583659448118546	0.1001739152801761	97.87744333706965	101.93302803782665	0.002584232792423812	1.0001092742684177
2.113502979859944	1.8972849790159947	0.06688447049313494	0.7583659448118546	0.1001739152801761	97.87744333706965	101.93302803782665	0.0025848764248592544	1.0001092742684177
2.113502979859944	1.8972849790159947	0.06688447049313494	0.7583722636284086	0.1001739152801761	97.87744333706965	101.93302803782665	0.0025848764248592544	1.0001092742684177
2.113502979859944	1.8972847167510252	0.06688447049313494	0.7583722636284086	0.1001739152801761	97.87744333706965	101.93302803782665	0.0025848764248592544	1.0001092742684177
2.113502979859944	1.8972847167510252	0.06688447049313494	0.7583848468459885	0.1001739152801761	97.87744333706965	101.93302803782665	0.0025848764248592544	1.0001092742684177
2.113502979859944	1.8972847167510252	0.06688447049313494	0.7583848468459885	0.1001739152801761	97.87744333706965	101.93302803782665	0.0025848764248592544	1.0001092742684177
2.113502979859944	1.8972847167510252	0.06688447049313494	0.7583848468459885	0.1001739152801761	97.87744333706965	101.93302803782665	0.0025848764248592544	1.0001092742684177
2.113502979859944	1.8972847167510252	0.06688447049313494	0.7583848468459885	0.1001739152801761	97.87744333706965	101.93302803782665	0.0025848764248592544	1.0001092742684177
2.113502979859944	1.8972847167510252	0.06688447049313494	0.7583848468459885	0.1001739152801761	97.89357335455905	101.93302803782665	0.0025848764248592544	1.0001092742684177
2.113502979859944	1.8972847167510252	0.06688447049313494	0.7583848468459885	0.1001739152801761	97.89357335455905	101.93302803782665	0.0025848764248592544	1.0001092742684177
2.113502979859944	1.8972847167510252	0.06688447049313494	0.7583848468459885	0.1001739152801761	97.89357335455905	101.93302803782665	0.002584951310173187	1.0001092742684177
2.113502979859944	1.8972847167510252	0.06688447049313494	0.7583848468459885	0.1001739152801761	97.89357335455905	101.93302803782665	0.002584951310173187	1.0001092742684177
2.113502979859944	1.8972847167510252	0.06688447049313494	0.7583848468459885	0.1001739152801761	97.89357335455905	101.93302803782665	0.002584951310173187	1.0001092742684177
2.113502979859944	1.8972847167510252	0.06688447049313494	0.7583848468459885	0.1001739152801761	97.89357335455905	101.93302803782665	0.002584951310173187	1.0001092742684177
2.113502979859944	1.8972847167510252	0.06688447049313494	0.7583848468459885	0.1001739152801761	97.89357335455905	101.93302803782665	0.002598672081001416	1.0001092742684177
2.113502979859944	1.8972847167510252	0.06688447049313494	0.7583848468459885	0.1001739152801761	97.89357335455905	102.51957273871503	0.002598672081001416	1.0001092742684177
2.113502979859944	1.8972847167510252	0.06688447049313494	0.7583848468459885	0.1001739152801761	97.89357335455905	102.51957273871503	0.002598672081001416	1.0001092742684177
2.113502979859944	1.8972847167510252	0.06688447049313494	0.7583848468459885	0.1001739152801761	97.89357335455905	102.51957273871503	0.00261556107562279	1.0001092742684177
2.113502979859944	1.8972847167510252	0.06688447049313494	0.7583343863619534	0.1001739152801761	97.89357335455905	102.51957273871503	0.00261556107562279	1.0001092742684177
2.113502979859944	1.8972847167510252	0.06688447049313494	0.7582183692812923	0.1001739152801761	97.89357335455905	102.51957273871503	0.00261556107562279	1.0001092742684177
2.113502979859944	1.8972847167510252	0.06688447049313494	0.7584097885028511	0.1001739152801761	97.89357335455905	102.51957273871503	0.00261556107562279	1.0001092742684177
2.113502979859944	1.8972847167510252	0.06688447049313494	0.7584097885028511	0.1001739152801761	97.89357335455905	102.51957273871503	0.00261556107562279	1.0001092742684177
2.113502979859944	1.8972847167510252	0.06688447049313494	0.7584097885028511	0.1001739152801761	97.89357335455905	102.51957273871503	0.00261556107562279	1.0001092742684177
2.113502979859944	1.8972847167510252	0.06688447049313494	0.7584097885028511	0.1001739152801761	97.89357335455905	102.51957273871503	0.00261556107562279	1.0001092742684177
2.113502979859944	1.8972847167510252	0.06688447049313494	0.7584097885028511	0.1001739152801761	97.89357335455905	102.52165509089554	0.00261556107562279	1.0001092742684177
2.113502979859944	1.8972813275039442	0.06688447049313494	0.7584097885028511	0.1001739152801761	97.89357335455905	102.52165509089554	0.00261556107562279	1.0001092742684177
2.113502979859944	1.8972813275039442	0.06688447049313494	0.7584097885028511	0.1001739152801761	97.89357335455905	102.52165509089554	0.00261556107562279	1.0001092742684177
2.113502979859944	1.8972813275039442	0.06688447049313494	0.7584097885028511	0.1001739152801761	97.89357335455905	102.52165509089554	0.002623398113471416	1.0001092742684177
2.113502979859944	1.8972813275039442	0.06688447049313494	0.7584097885028511	0.1001739152801761	97.89357335455905	102.52165509089554	0.002623398113471416	1.0001092742684177
2.113497437952068	1.8972813275039442	0.06688447049313494	0.7584097885028511	0.1001739152801761	97.89357335455905	102.52165509089554	0.002623398113471416	1.0001092742684177
2.113497437952068	1.8972813275039442	0.06688447049313494	0.7584097885028511	0.10017384380808315	97.89357335455905	102.52165509089554	0.002623398113471416	1.0001092742684177
2.113497437952068	1.8972813275039442	0.06688447049313494	0.7584097885028511	0.10017409858618546	97.89357335455905	102.52165509089554	0.002623398113471416	1.0001092742684177
2.113497437952068	1.8972813275039442	0.06688447049313494	0.7584097885028511	0.10017409858618546	97.89357335455905	102.52165509089554	0.002623398113471416	1.0001092742684177
2.113497437952068	1.8972813275039442	0.06688447049313494	0.7584097885028511	0.10017409858618546	97.89357335455905	102.52165509089554	0.002623398113471416	1.0001096818718451
2.113497437952068	1.8972813275039442	0.06688447049313494	0.7584097885028511	0.10019595460486544	97.89357335455905	102.52165509089554	0.002623398113471416	1.0001096818718451
2.113497437952068	1.8972813275039442	0.06688447049313494	0.7584097885028511	0.10019595460486544	97.89357335455905	102.52165509089554	0.002623398113471416	1.0001096818718451
2.113497437952068	1.8972813275039442	0.06688447049313494	0.7584746549890926	0.10019595460486544	97.89357335455905	102.52165509089554	0.002623398113471416	1.0001096818718451
2.113497437952068	1.8972813275039442	0.06688447049313494	0.7584746549890926	0.10019595460486544	97.89357335455905	102.52165509089554	0.0026236149048971197	1.0001096818718451
2.1134877659817435	1.8972813275039442	0.06688447049313494	0.7584746549890926	0.10019595460486544	97.89357335455905	102.52165509089554	0.0026236149048971197	1.0001096818718451
2.1134877659817435	1.8972813275039442	0.06688447049313494	0.7584746549890926	0.10019595460486544	97.89357335455905	102.52062388051498	0.0026236149048971197	1.0001096818718451
2.1134877659817435	1.8972813275039442	0.06688447049313494	0.7584746549890926	0.10019595460486544	97.89357335455905	102.52062388051498	0.002623550719817529	1.0001096818718451
2.1134877659817435	1.8972813275039442	0.06688447049313494	0.7584746549890926	0.10019595460486544	97.89357335455905	102.52062388051498	0.002623550719817529	1.0001096818718451
2.1134877659817435	1.8972813275039442	0.06688447049313494	0.7584746549890926	0.10019595460486544	97.89357335455905	102.52062388051498	0.002623550719817529	1.0001090806768778
2.1134877659817435	1.8972813275039442	0.06688447049313494	0.7584746549890926	0.10019595460486544	97.89357335455905	102.52062388051498	0.002623550719817529	1.0001090806768778
2.1134877659817435	1.8972813275039442	0.06688447049313494	0.7584746549890926	0.10019595460486544	97.89357335455905	102.52062388051498	0.002623550719817529	1.0001090806768778
2.1134877659817435	1.8972813275039442	0.06688447049313494	0.7584746549890926	0.10019595460486544	97.89357335455905	102.52062388051498	0.002623550719817529	1.0001090806768778
2.1134877659817435	1.8972813275039442	0.06688447049313494	0.7584746549890926	0.10019595460486544	97.89357335455905	102.52062388051498	0.002623550719817529	1.0001090806768778
2.1134877659817435	1.8972813275039442	0.06688447049313494	0.7584746549890926	0.10019595460486544	97.89357335455905	102.52062388051498	0.002623550719817529	1.0001090806768778
2.1134877659817435	1.8972813275039442	0.06688447049313494	0.7584746549890926	0.10019595460486544	97.89357335455905	102.52062388051498	0.002623550719817529	1.0001090806768778
2.1134877659817435	1.8972813275039442	0.06688447049313494	0.7584746549890926	0.1001954267011513	97.89357335455905	102.52062388051498	0.002623550719817529	1.0001090806768778
2.1134877659817435	1.8972813275039442	0.06688447049313494	0.7584746549890926	0.10006314514054984	97.89357335455905	102.52062388051498	0.002623550719817529	1.0001090806768778
2.1131338549598584	1.8972813275039442	0.06688447049313494	0.7584746549890926	0.10006314514054984	97.89357335455905	102.52062388051498	0.002623550719817529	1.0001090806768778
2.1131338549598584	1.8972813275039442	0.06688447049313494	0.7584746549890926	0.10006314514054984	97.89357335455905	102.52062388051498	0.002623550719817529	1.0001090806768778
2.1131338549598584	1.8972813275039442	0.06688447049313494	0.7584746549890926	0.10006314514054984	97.89357335455905	102.52062388051498	0.002623550719817529	1.0001090806768778
2.1131338549598584	1.8972813275039442	0.06688447049313494	0.7584746549890926	0.10006314514054984	97.89357335455905	102.52062388051498	0.002623550719817529	1.0001090806768778
2.1131338549598584	1.8972813275039442	0.06688447049313494	0.7584746549890926	0.10006314514054984	97.89408132886348	102.52062388051498	0.002623550719817529	1.0001090806768778
2.1131338549598584	1.8972813275039442	0.06688447049313494	0.7584746549890926	0.10006314514054984	97.89408132886348	102.52062388051498	0.002623292002975723	1.0001090806768778
2.1131338549598584	1.8972813275039442	0.06688447049313494	0.7584746549890926	0.10006314514054984	97.89408132886348	102.52062388051498	0.002623292002975723	1.0001090806768778
2.1131338549598584	1.8972813275039442	0.06688447049313494	0.7584746549890926	0.10006314514054984	97.89408132886348	102.52062388051498	0.002623292002975723	1.0001090806768778
2.1131338549598584	1.8972813275039442	0.0669222019917157	0.7584746549890926	0.10006314514054984	97.89408132886348	102.52062388051498	0.002623292002975723	1.0001090806768778
2.1131338549598584	1.8972813275039442	0.0669222019917157	0.7584746549890926	0.10006314514054984	97.89408132886348	102.52062388051498	0.002623292002975723	1.0001090806768778
2.1131338549598584	1.8972813275039442	0.0669222019917157	0.7584746549890926	0.10006314514054984	97.89408132886348	102.52754563086576	0.002623292002975723	1.0001090806768778
2.1131338549598584	1.8972813275039442	0.0669222019917157	0.7584746549890926	0.10006314514054984	97.89408132886348	102.52754563086576	0.002623292002975723	1.0001090806768778
2.1131338549598584	1.8972813275039442	0.0669222019917157	0.7584746549890926	0.10006314514054984	97.89408132886348	102.52754563086576	0.002623292002975723	1.0001090806768778
2.1131338549598584	1.8972813275039442	0.0669222019917157	0.7584746549890926	0.10006314514054984	97.89408132886348	101.75679256377067	0.002623292002975723	1.0001090806768778
2.1131338549598584	1.8972813275039442	0.0669222019917157	0.7584746549890926	0.10006314514054984	97.89408132886348	101.75679256377067	0.002623292002975723	1.0001090806768778
2.1131338549598584	1.8972813275039442	0.0669222019917157	0.7584746549890926	0.1000631873594353	97.89408132886348	101.75679256377067	0.002623292002975723	1.0001090806768778
2.1131338549598584	1.8972813275039442	0.0669222019917157	0.7584753783891289	0.1000631873594353	97.89408132886348	101.75679256377067	0.002623292002975723	1.0001090806768778
2.1131338549598584	1.8972813275039442	0.06698611539202498	0.7584753783891289	0.1000631873594353	97.89408132886348	101.75679256377067	0.002623292002975723	1.0001090806768778
2.1131338549598584	1.8972813275039442	0.06700431522506263	0.7584753783891289	0.1000631873594353	97.89408132886348	101.75679256377067	0.002623292002975723	1.0001090806768778
2.1131338549598584	1.8972813275039442	0.06700431522506263	0.7584753783891289	0.1000631873594353	97.89408132886348	101.75679256377067	0.002623292002975723	1.0001090806768778
2.1131338549598584	1.8972813275039442	0.06700431522506263	0.7584753783891289	0.1000631873594353	97.89408132886348	101.75679256377067	0.002623292002975723	1.0001090806768778
2.1131338549598584	1.8972813275039442	0.06700680049643977	0.7584753783891289	0.1000631873594353	97.89408132886348	101.75679256377067	0.002623292002975723	1.0001090806768778
2.1131338549598584	1.8972813275039442	0.06700680049643977	0.7584753783891289	0.1000631873594353	97.89408132886348	101.75679256377067	0.002623292002975723	1.0001090806768778
2.1131338549598584	1.8972813275039442	0.06700680049643977	0.7584753783891289	0.1000631873594353	97.89408132886348	101.75679256377067	0.002623292002975723	1.0001090806768778
2.1131274262492172	1.8972813275039442	0.06700680049643977	0.7584753783891289	0.1000631873594353	97.89408132886348	101.75679256377067	0.002623292002975723	1.0001090806768778
2.1131274262492172	1.8972813275039442	0.06700680049643977	0.7584753783891289	0.1000631873594353	97.89408132886348	101.83263698439004	0.002623292002975723	1.0001090806768778
2.1131274262492172	1.8972813275039442	0.06700680049643977	0.7584753783891289	0.1000631873594353	97.89408132886348	101.9007038697733	0.002623292002975723	1.0001090806768778
2.1131274262492172	1.8972813275039442	0.06700680049643977	0.7584753783891289	0.1000586785708656	97.89408132886348	101.9007038697733	0.002623292002975723	1.0001090806768778
2.1131274262492172	1.8972813275039442	0.06700680049643977	0.7584753783891289	0.1000586785708656	97.89408132886348	101.9007038697733	0.002623292002975723	1.0001090806768778
2.1141854986507136	1.8972813275039442	0.06700680049643977	0.7584753783891289	0.1000586785708656	97.89408132886348	101.9007038697733	0.002623292002975723	1.0001090806768778
2.1141854986507136	1.8972813275039442	0.06700680049643977	0.7584753783891289	0.1000586785708656	97.89408132886348	101.9007038697733	0.002623292002975723	1.0001090806768778
2.1141854986507136	1.8972813275039442	0.06700680049643977	0.7584753783891289	0.1000586785708656	97.89408132886348	101.9007038697733	0.002623292002975723	1.0001090806768778
2.1141854986507136	1.8972813275039442	0.06700680049643977	0.7584753783891289	0.1000586785708656	97.89408132886348	101.90136812707117	0.002623292002975723	1.0001090806768778
2.1141854986507136	1.8972813275039442	0.06700680049643977	0.7584753783891289	0.10004983825041183	97.89408132886348	101.90136812707117	0.002623292002975723	1.0001090806768778
2.1141854986507136	1.8972813275039442	0.06700680049643977	0.7584753783891289	0.10004983825041183	97.89408132886348	101.90136812707117	0.002623292002975723	1.0001090806768778
2.1141854986507136	1.8972813275039442	0.06700680049643977	0.7584753783891289	0.10004983825041183	97.89408132886348	101.90136812707117	0.002623292002975723	1.0001090806768778
2.1141854986507136	1.8968706090047476	0.06700680049643977	0.7584753783891289	0.10004983825041183	97.89408132886348	101.90136812707117	0.002623292002975723	1.0001090806768778
2.1141854986507136	1.8968706090047476	0.06700680049643977	0.7584753783891289	0.10004983825041183	97.89408132886348	101.90136812707117	0.002623292002975723	1.0001090806768778
2.1141854986507136	1.8968706090047476	0.06700680049643977	0.7584753783891289	0.0999820060104123	97.89408132886348	101.90136812707117	0.002623292002975723	1.0001090806768778
2.1141854986507136	1.8968706090047476	0.06700680049643977	0.7584753783891289	0.0999820060104123	97.89408132886348	101.90136812707117	0.002623292002975723	1.0001090806768778
2.1141854986507136	1.8968706090047476	0.06700680049643977	0.7584753783891289	0.0999820060104123	97.89408132886348	101.90136812707117	0.002623292002975723	1.0001090806768778
2.1141854986507136	1.8968706090047476	0.06700680049643977	0.7584753783891289	0.0999820060104123	97.89408132886348	101.88226225756199	0.002623292002975723	1.0001090806768778
2.1141854986507136	1.8968706090047476	0.06700680049643977	0.7584753783891289	0.0999820060104123	97.89408132886348	101.88226225756199	0.002623292002975723	1.0001090806768778
2.1141854986507136	1.8968706090047476	0.06700680049643977	0.7584753783891289	0.0999820060104123	97.89408132886348	101.88226225756199	0.002623292002975723	1.0001090806768778
2.1141854986507136	1.8968706090047476	0.06700680049643977	0.7584753783891289	0.0999820060104123	97.89408132886348	101.96022129391926	0.002623292002975723	1.0001090806768778
2.1141854986507136	1.8968706090047476	0.06700680049643977	0.7584753783891289	0.0999820060104123	97.89196651685285	101.96022129391926	0.002623292002975723	1.0001090806768778
2.1141854986507136	1.8968706090047476	0.06700680049643977	0.7584753783891289	0.0999820060104123	97.89196651685285	101.96022129391926	0.002623292002975723	1.0001090806768778
2.1141854986507136	1.8968706090047476	0.06700680049643977	0.7584428790322182	0.0999820060104123	97.89196651685285	101.96022129391926	0.002623292002975723	1.0001090806768778
2.1141854986507136	1.8968706090047476	0.06700680049643977	0.7584428790322182	0.0999820060104123	97.89196651685285	101.96022129391926	0.002623292002975723	1.0001090806768778
2.1141854986507136	1.8968706090047476	0.06700680049643977	0.7584428790322182	0.0999820060104123	97.89196651685285	101.96022129391926	0.002623292002975723	1.0001090806768778
2.1141854986507136	1.8968706090047476	0.06700680049643977	0.7584428790322182	0.0999820060104123	97.89196651685285	101.96022129391926	0.002623292002975723	1.0001090806768778
2.1141854986507136	1.8968706090047476	0.06700680049643977	0.7584428790322182	0.0999820060104123	97.89196651685285	101.96022129391926	0.002623292002975723	1.0001090806768778
2.1141854986507136	1.8968706090047476	0.06700680049643977	0.7584428790322182	0.0999820060104123	97.89196651685285	101.96022129391926	0.002623292002975723	1.0001090806768778
2.1141854986507136	1.8968706090047476	0.06700680049643977	0.7584428790322182	0.0999820060104123	97.89196651685285	101.96022129391926	0.002623292002975723	1.0001090806768778
2.1141854986507136	1.8968706090047476	0.06700680049643977	0.7584428790322182	0.0999820060104123	97.89196651685285	101.96022129391926	0.002623292002975723	1.0001091235911506
2.1141854986507136	1.8968706090047476	0.06700680049643977	0.7584520020016409	0.0999820060104123	97.89196651685285	101.96022129391926	0.002623292002975723	1.0001091235911506
2.1141854986507136	1.8968706090047476	0.06700680049643977	0.7584520020016409	0.0999820060104123	97.89196651685285	101.96022129391926	0.002623292002975723	1.0001091235911506
2.1141854986507136	1.8968706090047476	0.06700680049643977	0.7584520020016409	0.0999820060104123	97.89196651685285	98.68481487819074	0.002623292002975723	1.0001091235911506
2.1141854986507136	1.8968706090047476	0.06700680049643977	0.7584520020016409	0.0999820060104123	97.8828941691355	98.68481487819074	0.002623292002975723	1.0001091235911506
2.1141854986507136	1.8968706090047476	0.06700680049643977	0.7584520020016409	0.0999820060104123	97.8828941691355	98.68481487819074	0.002623292002975723	1.0001103425461662
2.1141854986507136	1.8968706090047476	0.06700680049643977	0.7584520020016409	0.0999820060104123	97.8828941691355	98.68481487819074	0.0026769303795013697	1.0001103425461662
2.1081974947798376	1.8968706090047476	0.06700680049643977	0.7584520020016409	0.0999820060104123	97.8828941691355	98.68481487819074	0.0026769303795013697	1.0001103425461662
2.1081974947798376	1.8968706090047476	0.06700680049643977	0.7584520020016409	0.0999820060104123	97.8828941691355	98.68481487819074	0.0026769303795013697	1.0001103425461662
2.1081974947798376	1.8968706090047476	0.06700680049643977	0.7584520020016409	0.0999820060104123	97.8828941691355	98.68481487819074	0.0026769303795013697	1.0001103425461662
2.1082805117375027	1.8968706090047476	0.06700680049643977	0.7584520020016409	0.0999820060104123	97.8828941691355	98.68481487819074	0.0026769303795013697	1.0001103425461662
2.1082805117375027	1.8968706090047476	0.06700680049643977	0.7584520020016409	0.0999820060104123	97.8828941691355	98.68481487819074	0.0026766538160110944	1.0001103425461662
2.1082805117375027	1.895926407336238	0.06700680049643977	0.7584520020016409	0.0999820060104123	97.8828941691355	98.68481487819074	0.0026766538160110944	1.0001103425461662
2.1082805117375027	1.895926407336238	0.06700680049643977	0.7584520020016409	0.0999820060104123	97.8828941691355	98.68481487819074	0.0026766538160110944	1.0001103425461662
2.1082805117375027	1.895926407336238	0.06700680049643977	0.7584520020016409	0.09999191418732625	97.8828941691355	98.68481487819074	0.0026766538160110944	1.0001103425461662
2.1082805117375027	1.895926407336238	0.06700680049643977	0.7584520020016409	0.09999191418732625	97.8828941691355	98.68481487819074	0.0026766538160110944	1.0001103425461662
2.1082805117375027	1.895926407336238	0.06700680049643977	0.7584520020016409	0.09999191418732625	97.8828941691355	98.68481487819074	0.0026766538160110944	1.0001103425461662
2.1082805117375027	1.895926407336238	0.06700680049643977	0.7584520020016409	0.09999191418732625	97.8828941691355	98.68481487819074	0.0026766538160110944	1.0001103425461662
2.1082805117375027	1.895926407336238	0.06700680049643977	0.7584520020016409	0.09999191418732625	97.8828941691355	98.6847432190916	0.0026766538160110944	1.0001103425461662
2.1082805117375027	1.895926407336238	0.06700680049643977	0.7584520020016409	0.09999191418732625	97.8828941691355	98.6847432190916	0.0026766538160110944	1.0001094490743947
2.1082805117375027	1.895926407336238	0.06700680049643977	0.7584520020016409	0.09999191418732625	97.8828941691355	98.6847432190916	0.0026766538160110944	1.0001094490743947
2.1085169105765154	1.895926407336238	0.06700680049643977	0.7584520020016409	0.09999191418732625	97.8828941691355	98.6847432190916	0.0026766538160110944	1.0001094490743947
2.1085169105765154	1.895926407336238	0.06690692690306357	0.7584520020016409	0.09999191418732625	97.8828941691355	98.6847432190916	0.0026766538160110944	1.0001094490743947
2.108538293250044	1.895926407336238	0.06690692690306357	0.7584520020016409	0.09999191418732625	97.8828941691355	98.6847432190916	0.0026766538160110944	1.0001094490743947
2.108538293250044	1.895926407336238	0.06690692690306357	0.7584520020016409	0.09999191418732625	97.8828941691355	98.6847432190916	0.0026764488624196375	1.0001094490743947
2.108538293250044	1.895926407336238	0.06690692690306357	0.7584520020016409	0.09999191418732625	97.8828941691355	98.6847432190916	0.0026764488624196375	1.0001094490743947
2.108538293250044	1.895926407336238	0.06690692690306357	0.7584520020016409	0.09999191418732625	97.8828941691355	98.6847432190916	0.00287646535949062	1.0001094490743947
2.108539233346858	1.895926407336238	0.06690692690306357	0.7584520020016409	0.09999191418732625	97.8828941691355	98.6847432190916	0.00287646535949062	1.0001094490743947
2.108539233346858	1.895926407336238	0.06690692690306357	0.7584520020016409	0.09999191418732625	97.8828941691355	98.16440196552774	0.00287646535949062	1.0001094490743947
2.108539233346858	1.895926407336238	0.06690692690306357	0.7584520020016409	0.09999189859857012	97.8828941691355	98.16440196552774	0.00287646535949062	1.0001094490743947
2.108539233346858	1.895926407336238	0.06690692690306357	0.7584520020016409	0.09999189859857012	97.8828941691355	98.16441516835185	0.00287646535949062	1.0001094490743947
2.108539233346858	1.895926407336238	0.06690692690306357	0.7584520020016409	0.09999189859857012	97.8828941691355	98.16441516835185	0.00287646535949062	1.0001094490743947
2.108539233346858	1.895926407336238	0.06690692690306357	0.7584520020016409	0.09999189859857012	97.88170762726176	98.16441516835185	0.00287646535949062	1.0001094490743947
2.108539233346858	1.895926407336238	0.06690692690306357	0.7584520020016409	0.09999189859857012	97.88170762726176	98.16441516835185	0.00287646535949062	1.0001090069512528
2.108539233346858	1.895926407336238	0.06690692690306357	0.7584520020016409	0.09999189859857012	97.88170762726176	98.16441516835185	0.00287646535949062	1.0001090069512528
2.108539233346858	1.895926407336238	0.06690692690306357	0.7584520020016409	0.09999189859857012	97.88170762726176	98.16441516835185	0.00287646535949062	1.0001090069512528
2.108539233346858	1.895926407336238	0.06690692690306357	0.7584520020016409	0.09999189859857012	97.88170762726176	98.16441516835185	0.00287646535949062	1.0001090069512528
2.108539233346858	1.895926407336238	0.06690692690306357	0.7584520020016409	0.09999189859857012	97.88170762726176	98.16441516835185	0.00287646535949062	1.0001121426717017
2.108539233346858	1.896946285977189	0.06690692690306357	0.7584520020016409	0.09999189859857012	97.88170762726176	98.16441516835185	0.00287646535949062	1.0001121426717017
2.108539233346858	1.896946285977189	0.06690692690306357	0.7584520020016409	0.09999189859857012	97.88170762726176	98.16441516835185	0.00287646535949062	1.0001121426717017
2.108539233346858	1.8969666235196567	0.06690692690306357	0.7584520020016409	0.09999189859857012	97.88170762726176	98.16441516835185	0.00287646535949062	1.0001121426717017
2.108539233346858	1.8969666235196567	0.06690692690306357	0.7584446066336039	0.09999189859857012	97.88170762726176	98.16441516835185	0.00287646535949062	1.0001121426717017
2.108539233346858	1.8969666235196567	0.06690692690306357	0.7584446066336039	0.09999189859857012	97.88170762726176	98.16357947826258	0.00287646535949062	1.0001121426717017
2.108539233346858	1.8969666235196567	0.06690692690306357	0.7584446066336039	0.09998772710853646	97.88170762726176	98.16357947826258	0.00287646535949062	1.0001121426717017
2.108539233346858	1.8969666235196567	0.06690692690306357	0.7584446066336039	0.10001596413442722	97.88170762726176	98.16357947826258	0.00287646535949062	1.0001121426717017
2.1083977335093524	1.8969666235196567	0.06690692690306357	0.7584446066336039	0.10001596413442722	97.88170762726176	98.16357947826258	0.00287646535949062	1.0001121426717017
2.1083977335093524	1.8969666235196567	0.06690692690306357	0.7584446066336039	0.10001596413442722	97.88170762726176	98.16357947826258	0.00287646535949062	1.0001121426717017
2.1083977335093524	1.8969666235196567	0.06690692690306357	0.7584446066336039	0.10001596413442722	97.88170762726176	98.16357947826258	0.00287646535949062	1.0001121426717017
2.1083977335093524	1.8969666235196567	0.06690692690306357	0.7584446066336039	0.10001596413442722	97.88170762726176	98.16357947826258	0.0025695387918345837	1.0001121426717017
2.1083977335093524	1.8969666235196567	0.06690692690306357	0.7584446066336039	0.10001596413442722	97.88170762726176	98.16357947826258	0.0025695387918345837	1.0001121426717017
2.1083977335093524	1.8975465796098914	0.06690692690306357	0.7584446066336039	0.10001596413442722	97.88170762726176	98.16357947826258	0.0025695387918345837	1.0001121426717017
2.1083977335093524	1.8975465796098914	0.06690692690306357	0.7584446066336039	0.10001596413442722	97.88170762726176	98.15651995424184	0.0025695387918345837	1.0001121426717017
2.1083977335093524	1.8975465796098914	0.06690692690306357	0.7584446066336039	0.10001596413442722	97.88170762726176	98.15651995424184	0.0025695387918345837	1.0001121426717017
2.1083977335093524	1.8975465796098914	0.06690692690306357	0.7584446066336039	0.10001596413442722	97.88170762726176	98.15651995424184	0.0025695387918345837	1.0001121426717017
2.1083977335093524	1.8975465796098914	0.06690692690306357	0.7585347069376334	0.10001596413442722	97.88170762726176	98.15651995424184	0.0025695387918345837	1.0001121426717017
2.1083977335093524	1.8975465796098914	0.06690692690306357	0.7585347069376334	0.10001596413442722	97.88170762726176	98.15641702061363	0.0025695387918345837	1.0001121426717017
2.1083977335093524	1.8975465796098914	0.06690692690306357	0.7585347069376334	0.10001595145583707	97.88170762726176	98.15641702061363	0.0025695387918345837	1.0001121426717017
2.1083977335093524	1.8975465796098914	0.06690692690306357	0.7585347069376334	0.10001595145583707	97.88170762726176	98.15641702061363	0.0025695387918345837	1.0001121426717017
2.1083977335093524	1.8975465796098914	0.06690692690306357	0.7585813534414088	0.10001595145583707	97.88170762726176	98.15641702061363	0.0025695387918345837	1.0001121426717017
2.1083977335093524	1.8975465796098914	0.06690692690306357	0.7585813534414088	0.10001595145583707	97.88170762726176	98.15641702061363	0.0025695387918345837	1.0001121426717017
2.1083977335093524	1.8975465796098914	0.06690692690306357	0.7585813534414088	0.10001595145583707	97.88170762726176	98.15668142760754	0.0025695387918345837	1.0001121426717017
2.1083977335093524	1.8975465796098914	0.06690692690306357	0.7585813534414088	0.10001595145583707	97.88170762726176	98.15668142760754	0.0025695387918345837	1.0001121426717017
2.1083977335093524	1.8975465796098914	0.06690692690306357	0.7585813534414088	0.10000784586875099	97.88170762726176	98.15668142760754	0.0025695387918345837	1.0001121426717017
2.1083979304441196	1.8975465796098914	0.06690692690306357	0.7585813534414088	0.10000784586875099	97.88170762726176	98.15668142760754	0.0025695387918345837	1.0001121426717017
2.1083979304441196	1.8975465796098914	0.06690692690306357	0.7585813534414088	0.10000784586875099	97.88170762726176	98.15668142760754	0.0025695387918345837	1.0001121426717017
2.1083979304441196	1.8975465796098914	0.06690692690306357	0.7585813534414088	0.10000734272440256	97.88170762726176	98.15668142760754	0.0025695387918345837	1.0001121426717017
2.1083979304441196	1.8975465796098914	0.06690692690306357	0.7585813534414088	0.10000734272440256	97.88170762726176	98.15730636950381	0.0025695387918345837	1.0001121426717017
2.1084393781251145	1.8975465796098914	0.06690692690306357	0.7585813534414088	0.10000734272440256	97.88170762726176	98.15730636950381	0.0025695387918345837	1.0001121426717017
2.1084393781251145	1.8975465796098914	0.06690692690306357	0.7585813534414088	0.10000734272440256	97.88170762726176	98.15730636950381	0.0025695387918345837	1.0001121426717017
2.1084393781251145	1.8975465796098914	0.06690692690306357	0.7585813534414088	0.10020344855389544	97.88170762726176	98.15730636950381	0.0025695387918345837	1.0001121426717017
2.1084393781251145	1.8975465796098914	0.06690692690306357	0.7585813534414088	0.10020344855389544	97.88170762726176	98.15730636950381	0.0025748274636548506	1.0001121426717017
2.1084393781251145	1.8975465796098914	0.06690692690306357	0.7585813534414088	0.10020344855389544	97.88170762726176	98.15730636950381	0.0025748274636548506	1.0001121426717017
2.1084393781251145	1.8975465796098914	0.06690692690306357	0.7585813534414088	0.10020344855389544	97.88170762726176	98.15730636950381	0.0025748274636548506	1.0001121426717017
2.1084393781251145	1.8975465796098914	0.06690692690306357	0.7585813534414088	0.10020344855389544	97.88170762726176	98.15730636950381	0.0025748274636548506	1.0001121426717017
2.1084393781251145	1.8975465796098914	0.06690692690306357	0.7585813534414088	0.10020358112987601	97.88170762726176	98.15730636950381	0.0025748274636548506	1.0001121426717017
2.1084393781251145	1.8975465796098914	0.06690692690306357	0.7585813534414088	0.10020358112987601	97.88170762726176	98.15730636950381	0.0025748274636548506	1.0001121426717017
2.1084393781251145	1.8975465796098914	0.06690692690306357	0.7585813534414088	0.10020358112987601	97.88170762726176	98.15730636950381	0.0025748274636548506	1.0001121426717017
2.1084393781251145	1.8975465796098914	0.06690692690306357	0.7585813534414088	0.10020358112987601	97.88170762726176	98.15730636950381	0.0025748274636548506	1.0001121426717017
2.1084393781251145	1.8975465796098914	0.06690692690306357	0.7585813534414088	0.10020358112987601	97.88170762726176	98.11380885998108	0.0025748274636548506	1.0001121426717017
2.1084393781251145	1.8975465796098914	0.06690692690306357	0.7585813534414088	0.10020358112987601	97.88170762726176	98.11380885998108	0.0025748274636548506	1.0001121426717017
2.1084393781251145	1.8975465796098914	0.06690692690306357	0.7585813534414088	0.10020358112987601	97.88170762726176	98.11380885998108	0.0025748274636548506	1.0001121426717017
2.1084393781251145	1.8975465796098914	0.06690903757333812	0.7585813534414088	0.10020358112987601	97.88170762726176	98.11380885998108	0.0025748274636548506	1.0001121426717017
2.1084393781251145	1.8975465796098914	0.06690903757333812	0.7585813534414088	0.10020358112987601	97.88170762726176	98.11380885998108	0.0025748274636548506	1.0001121426717017
2.108439742143516	1.8975465796098914	0.06690903757333812	0.7585813534414088	0.10020358112987601	97.88170762726176	98.11380885998108	0.0025748274636548506	1.0001121426717017
2.108439742143516	1.8975465796098914	0.06690903757333812	0.7585813534414088	0.10020358112987601	97.88071896666982	98.11380885998108	0.0025748274636548506	1.0001121426717017
2.108439742143516	1.8975465796098914	0.06690903757333812	0.7585813534414088	0.10020358112987601	97.88071896666982	98.11380885998108	0.0025748274636548506	1.0001121426717017
2.108439742143516	1.897546451580708	0.06690903757333812	0.7585813534414088	0.10020358112987601	97.88071896666982	98.11380885998108	0.0025748274636548506	1.0001121426717017
2.108439742143516	1.897546451580708	0.06690903757333812	0.7585813534414088	0.10020358112987601	97.88071896666982	98.11380885998108	0.0025692061889927313	1.0001121426717017
2.108439742143516	1.897546451580708	0.06690903757333812	0.7585813534414088	0.10020358112987601	97.88071896666982	98.10768100729467	0.0025692061889927313	1.0001121426717017
2.108439742143516	1.897546451580708	0.06690903757333812	0.7585813534414088	0.10020358112987601	97.88071896666982	98.10768100729467	0.0025692061889927313	1.0001121426717017
2.1084407592107066	1.897546451580708	0.06690903757333812	0.7585813534414088	0.10020358112987601	97.88071896666982	98.10768100729467	0.0025692061889927313	1.0001121426717017
2.1084407592107066	1.897546451580708	0.06690903757333812	0.7585813534414088	0.10020358112987601	97.88071896666982	98.10768100729467	0.0025692061889927313	1.0001121426717017
2.108610537937535	1.897546451580708	0.06690903757333812	0.7585813534414088	0.10020358112987601	97.88071896666982	98.10768100729467	0.0025692061889927313	1.0001121426717017
2.108610537937535	1.8975421480981498	0.06690903757333812	0.7585813534414088	0.10020358112987601	97.88071896666982	98.10768100729467	0.0025692061889927313	1.0001121426717017
2.108610537937535	1.8975424882386986	0.06690903757333812	0.7585813534414088	0.10020358112987601	97.88071896666982	98.10768100729467	0.0025692061889927313	1.0001121426717017
2.108610537937535	1.8975424882386986	0.06690903757333812	0.7585813534414088	0.10020358112987601	97.88071896666982	98.10768100729467	0.0025692061889927313	1.0001121426717017
2.108610537937535	1.8975424882386986	0.06690903757333812	0.7586387260096265	0.10020358112987601	97.88071896666982	98.10768100729467	0.0025692061889927313	1.0001121426717017
2.108610537937535	1.8975424882386986	0.06690903757333812	0.7586387260096265	0.10020358112987601	97.88071896666982	98.10768100729467	0.002569603846456831	1.0001121426717017
2.108610537937535	1.8975424882386986	0.06690903757333812	0.7586387260096265	0.10020358112987601	97.88071896666982	98.10768100729467	0.002569603846456831	1.0001121426717017
2.108610537937535	1.8975424882386986	0.06690903757333812	0.7586387260096265	0.10020358112987601	97.88071896666982	98.10768100729467	0.002569603846456831	1.0001121426717017
2.108610537937535	1.8975424882386986	0.06691069145573113	0.7586387260096265	0.10020358112987601	97.88071896666982	98.10768100729467	0.002569603846456831	1.0001121426717017
2.108610537937535	1.8975424882386986	0.06691069145573113	0.7586387260096265	0.10020358112987601	97.88071896666982	98.10768100729467	0.002569603846456831	1.0001121426717017
2.108610537937535	1.8975424882386986	0.06691069145573113	0.7586387260096265	0.10020358112987601	97.88071896666982	98.10768100729467	0.002569603846456831	1.0001121426717017
2.108610537937535	1.8975424882386986	0.06691069145573113	0.7586387260096265	0.10020358112987601	97.88071896666982	98.10768100729467	0.002569603846456831	1.0001121426717017
2.108610537937535	1.8975424882386986	0.06691069145573113	0.7586387260096265	0.10020358112987601	97.88071896666982	98.10768100729467	0.002569603846456831	1.0001121426717017
2.108610537937535	1.8975424882386986	0.06691069145573113	0.7586387260096265	0.10020358112987601	97.88071896666982	98.10768100729467	0.002569603846456831	1.0001121426717017
2.108610537937535	1.8975424882386986	0.06691069145573113	0.7586387260096265	0.10020358112987601	97.88071896666982	98.10768100729467	0.002569603846456831	1.0001121426717017
2.108610537937535	1.8975428215503356	0.06691069145573113	0.7586387260096265	0.10020358112987601	97.88071896666982	98.10768100729467	0.002569603846456831	1.0001121426717017
2.108610537937535	1.8975428215503356	0.06685885695925171	0.7586387260096265	0.10020358112987601	97.88071896666982	98.10768100729467	0.002569603846456831	1.0001121426717017
2.108610537937535	1.8975428215503356	0.06685885695925171	0.7586387260096265	0.10020358112987601	97.88071896666982	98.10768100729467	0.002569603846456831	1.0001121426717017
2.108610537937535	1.8975428215503356	0.06685885695925171	0.7586387260096265	0.10020358112987601	97.88071896666982	98.10768100729467	0.0024598149228689335	1.0001121426717017
2.108610537937535	1.8975428215503356	0.06685885695925171	0.7586387260096265	0.10020358112987601	97.88071896666982	98.10768100729467	0.0024598149228689335	1.0001121912206226
2.108610537937535	1.8975428215503356	0.06685885695925171	0.7586387260096265	0.10020358112987601	97.88071896666982	98.10768100729467	0.0024598149228689335	1.0001117979128897
2.108610537937535	1.8975428215503356	0.06685885695925171	0.7586387260096265	0.10020358112987601	97.88071896666982	98.10768100729467	0.0024598149228689335	1.0001117979128897
2.108610537937535	1.8975428215503356	0.06685885695925171	0.7586387260096265	0.10020358112987601	97.88082227369735	98.10768100729467	0.0024598149228689335	1.0001117979128897
2.108610537937535	1.8975428215503356	0.06685885695925171	0.7586387260096265	0.10020358112987601	97.8815548500532	98.10768100729467	0.0024598149228689335	1.0001117979128897
2.108610537937535	1.8975428215503356	0.06685885695925171	0.7586387260096265	0.10020358112987601	97.868669652974	98.10768100729467	0.0024598149228689335	1.0001117979128897
2.108610537937535	1.8975428215503356	0.06685885695925171	0.7586387260096265	0.10020358112987601	97.868669652974	98.10768100729467	0.0024598149228689335	1.0001117979128897
2.108610537937535	1.8975428215503356	0.06685885695925171	0.7586387260096265	0.10020358112987601	97.868669652974	98.10768100729467	0.0024598149228689335	1.0001117979128897
2.108610537937535	1.8975428215503356	0.06685885695925171	0.7586387260096265	0.10020358112987601	97.868669652974	108.98595659245366	0.0024598149228689335	1.0001117979128897
2.108610537937535	1.8975428215503356	0.06685885695925171	0.7586387260096265	0.10020358112987601	97.868669652974	108.98595659245366	0.0024598149228689335	1.0001117979128897
2.108610537937535	1.8975428215503356	0.06685885695925171	0.7586387260096265	0.10020358112987601	97.87691124516047	108.98595659245366	0.0024598149228689335	1.0001117979128897
2.108610537937535	1.8975428215503356	0.06685885695925171	0.7586387260096265	0.10020358112987601	97.87691124516047	108.98595659245366	0.0024598149228689335	1.0001117979128897
2.1086124774261137	1.8975428215503356	0.06685885695925171	0.7586387260096265	0.10020358112987601	97.87691124516047	108.98595659245366	0.0024598149228689335	1.0001117979128897
2.1086124774261137	1.8975428215503356	0.06685885695925171	0.7586387260096265	0.10020358112987601	97.87691124516047	108.98058351033532	0.0024598149228689335	1.0001117979128897
2.1086124774261137	1.8975428215503356	0.06685885695925171	0.7586387260096265	0.10020358112987601	97.87691124516047	108.98058351033532	0.0024598149228689335	1.0001117979128897
2.1086124774261137	1.8975428215503356	0.06685885695925171	0.7586387260096265	0.10020358112987601	97.87691124516047	108.98058351033532	0.0024598149228689335	1.0001117979128897
2.1086124774261137	1.8975428215503356	0.06685885695925171	0.7586387260096265	0.10020358112987601	97.87691124516047	108.98058351033532	0.0024598149228689335	1.0001117979128897
2.1086124774261137	1.8975428215503356	0.06685885695925171	0.7586387260096265	0.10020358112987601	97.87691124516047	108.98058351033532	0.0024598149228689335	1.0001117979128897
2.1086124774261137	1.8975428215503356	0.06685885695925171	0.7586387260096265	0.10020358112987601	97.87691124516047	108.98058351033532	0.0024598149228689335	1.0001117979128897
2.1091697618844365	1.8975428215503356	0.06685885695925171	0.7586387260096265	0.10020358112987601	97.87691124516047	108.98058351033532	0.0024598149228689335	1.0001117979128897
2.1091697618844365	1.8975428215503356	0.06685885695925171	0.7586387260096265	0.10020358112987601	97.87691124516047	108.98058351033532	0.0024598149228689335	1.0001117979128897
2.1091697618844365	1.8975428215503356	0.06685885695925171	0.7586387260096265	0.10020358112987601	97.87610749076167	108.98058351033532	0.0024598149228689335	1.0001117979128897
2.1091697618844365	1.8975428215503356	0.06685885695925171	0.7586387260096265	0.10020358112987601	97.87610749076167	108.98058351033532	0.0024598149228689335	1.0001117979128897
2.1091697618844365	1.8975444199212652	0.06685885695925171	0.7586387260096265	0.10020358112987601	97.87610749076167	108.98058351033532	0.0024598149228689335	1.0001117979128897
2.1091697618844365	1.8975444199212652	0.06685885695925171	0.7586387260096265	0.10020358112987601	97.87610749076167	108.98058351033532	0.0024598149228689335	1.0001117979128897
2.109170779607951	1.8975444199212652	0.06685885695925171	0.7586387260096265	0.10020358112987601	97.87610749076167	108.98058351033532	0.0024598149228689335	1.0001117979128897
2.109170779607951	1.8975444199212652	0.06685885695925171	0.7586387260096265	0.10020358112987601	97.87610749076167	108.98256951898183	0.0024598149228689335	1.0001117979128897
2.109170779607951	1.8975444199212652	0.06685885695925171	0.7586387260096265	0.10020352067437296	97.87610749076167	108.98256951898183	0.0024598149228689335	1.0001117979128897
2.109170779607951	1.8975444199212652	0.06685885695925171	0.7586387260096265	0.10020352067437296	97.87610749076167	108.98256951898183	0.0024598149228689335	1.0001117979128897
2.109170779607951	1.8975444199212652	0.06685885695925171	0.7586387260096265	0.10020352067437296	97.87610749076167	108.98256951898183	0.0024598149228689335	1.0001100248348582
2.109170779607951	1.8975452040942256	0.06685885695925171	0.7586387260096265	0.10020352067437296	97.87610749076167	108.98256951898183	0.0024598149228689335	1.0001100248348582
2.109170779607951	1.8975452040942256	0.06685885695925171	0.7586387260096265	0.10020352067437296	97.87610749076167	108.98256951898183	0.0024590908515453418	1.0001100248348582
2.109170779607951	1.8975452040942256	0.0668388467246342	0.7586387260096265	0.10020352067437296	97.87610749076167	108.98256951898183	0.0024590908515453418	1.0001100248348582
2.109170779607951	1.8975452040942256	0.0668388467246342	0.7586387260096265	0.10020352067437296	97.87610749076167	108.98256951898183	0.0024590908515453418	1.0001100248348582
2.109170779607951	1.8975452040942256	0.0668388467246342	0.7586387260096265	0.10020352067437296	97.87605210868735	108.98256951898183	0.0024590908515453418	1.0001100248348582
2.109170779607951	1.8975452040942256	0.06681813216960429	0.7586387260096265	0.10020352067437296	97.87605210868735	108.98256951898183	0.0024590908515453418	1.0001100248348582
2.109170779607951	1.8975452040942256	0.06681813216960429	0.7586387260096265	0.1001962283510524	97.87605210868735	108.98256951898183	0.0024590908515453418	1.0001100248348582
2.109170779607951	1.8975452040942256	0.06681813216960429	0.7585558037351	0.1001962283510524	97.87605210868735	108.98256951898183	0.0024590908515453418	1.0001100248348582
2.109170779607951	1.8975452040942256	0.06681813216960429	0.7585558037351	0.1001962283510524	97.87605210868735	108.98256951898183	0.0024590908515453418	1.0001100248348582
2.109170779607951	1.8975452040942256	0.06681813216960429	0.7585558037351	0.1001962283510524	97.87605210868735	108.98256951898183	0.0024590908515453418	1.0001100157117149
2.109170851560624	1.8975452040942256	0.06681813216960429	0.7585558037351	0.1001962283510524	97.87605210868735	108.98256951898183	0.0024590908515453418	1.0001100157117149
2.109170851560624	1.8975452040942256	0.06681813216960429	0.7585240528055696	0.1001962283510524	97.87605210868735	108.98256951898183	0.0024590908515453418	1.0001100157117149
2.109170851560624	1.8975452040942256	0.06681813216960429	0.7585240528055696	0.1001962283510524	97.87605210868735	108.42600955113943	0.0024590908515453418	1.0001100157117149
2.109170851560624	1.8975452040942256	0.06681813216960429	0.7585240528055696	0.1001962283510524	97.87605210868735	108.50943307576298	0.0024590908515453418	1.0001100157117149
2.109170851560624	1.8975452040942256	0.06681813216960429	0.7585240528055696	0.1001962283510524	97.87686426300856	108.50943307576298	0.0024590908515453418	1.0001100157117149
2.109170851560624	1.8975452040942256	0.06681813216960429	0.7585329601110508	0.1001962283510524	97.87686426300856	108.50943307576298	0.0024590908515453418	1.0001100157117149
2.109170851560624	1.8975452040942256	0.06681813216960429	0.7585329601110508	0.1001962283510524	97.87686426300856	108.50943307576298	0.0024590908515453418	1.0001100157117149
2.109170851560624	1.8975447544519075	0.06681813216960429	0.7585329601110508	0.1001962283510524	97.87686426300856	108.50943307576298	0.0024590908515453418	1.0001100157117149
2.109170851560624	1.8975447544519075	0.06681813216960429	0.7585329601110508	0.1001962283510524	97.87731757553091	108.50943307576298	0.0024590908515453418	1.0001100157117149
2.109170851560624	1.8975447544519075	0.06681813216960429	0.7585329601110508	0.1001962283510524	97.87731757553091	108.50943307576298	0.0024590908515453418	1.0001100157117149
2.109170851560624	1.8975447544519075	0.06681813216960429	0.7585329601110508	0.1001962283510524	97.87731757553091	108.50943307576298	0.0024590908515453418	1.0001100157117149
2.109170851560624	1.8975447544519075	0.06681813216960429	0.7585329601110508	0.1001962283510524	97.87731757553091	108.50943307576298	0.0024590908515453418	1.0001100157117149
2.109170851560624	1.8975447544519075	0.06681813216960429	0.7585329601110508	0.1001962283510524	97.86933674167199	108.50943307576298	0.0024590908515453418	1.0001100157117149
2.109170851560624	1.8975447544519075	0.06681813216960429	0.7585329601110508	0.1001962283510524	97.86933674167199	108.50943307576298	0.0024590908515453418	1.0001100157117149
2.109170851560624	1.8975447544519075	0.06681813216960429	0.7585329601110508	0.1001962283510524	97.86933674167199	108.50943307576298	0.0024590908515453418	1.0001100157117149
2.109170851560624	1.8975447544519075	0.06681813216960429	0.7585329601110508	0.1001962283510524	97.86680662598006	108.50943307576298	0.0024590908515453418	1.0001100157117149
2.1091620572360545	1.8975447544519075	0.06681813216960429	0.7585329601110508	0.1001962283510524	97.86680662598006	108.50943307576298	0.0024590908515453418	1.0001100157117149
2.1091620572360545	1.8975447544519075	0.06681813216960429	0.7585329601110508	0.1001962283510524	97.86680662598006	108.50943307576298	0.0024590908515453418	1.0001100157117149
2.1091620572360545	1.8975447544519075	0.06681813216960429	0.7585329601110508	0.1001962283510524	97.86680662598006	108.50943307576298	0.0024590908515453418	1.0001100157117149
2.1091620572360545	1.8975447544519075	0.06681813216960429	0.7585329601110508	0.10019628780690691	97.86680662598006	108.50943307576298	0.0024590908515453418	1.0001100157117149
2.1091620572360545	1.8975447544519075	0.06681813216960429	0.7585329601110508	0.10019628780690691	97.86680662598006	108.50943307576298	0.0024590908515453418	1.0001100157117149
2.1091620572360545	1.8975447544519075	0.06681813216960429	0.7585329601110508	0.10019628780690691	97.86680662598006	108.50943307576298	0.0024590908515453418	1.0001100157117149
2.1091620572360545	1.8975447544519075	0.06681813216960429	0.7585329601110508	0.10019628780690691	97.86680662598006	108.50943307576298	0.0024597834825194646	1.0001100157117149
2.1091620572360545	1.8975447544519075	0.06681813216960429	0.7585329601110508	0.10019628780690691	97.86680662598006	108.50943307576298	0.0024597834825194646	1.0001100157117149
2.1091620572360545	1.8975447544519075	0.06681813216960429	0.7585329601110508	0.10019628780690691	97.86680662598006	108.50943307576298	0.0024597834825194646	1.0001100157117149
2.1091620572360545	1.8975447544519075	0.06681813216960429	0.7585329601110508	0.10019628780690691	97.86680662598006	108.50943307576298	0.0024597834825194646	1.0001100157117149
2.1091620572360545	1.8975447544519075	0.06681813216960429	0.7585329601110508	0.10016170519894903	97.86680662598006	108.50943307576298	0.0024597834825194646	1.0001100157117149
2.1091620572360545	1.8975447544519075	0.06681813216960429	0.7585329601110508	0.10016170519894903	97.86680662598006	106.04927876465005	0.0024597834825194646	1.0001100157117149
2.1091586736997487	1.8975447544519075	0.06681813216960429	0.7585329601110508	0.10016170519894903	97.86680662598006	106.04927876465005	0.0024597834825194646	1.0001100157117149
2.1091586736997487	1.8975447544519075	0.06681813216960429	0.7585329601110508	0.10016170519894903	97.86680662598006	106.04927876465005	0.0024597834825194646	1.0001100157117149
2.1091586736997487	1.8975447544519075	0.06681813216960429	0.7585329601110508	0.10016170519894903	97.86680662598006	106.04927876465005	0.0024597834825194646	1.0001100157117149
2.1091586736997487	1.8975447544519075	0.06681813216960429	0.7585329601110508	0.10016170519894903	97.86680662598006	106.04927876465005	0.002512771670571306	1.0001100157117149
2.1091586736997487	1.8975447544519075	0.06681813216960429	0.7585329601110508	0.100157238671854	97.86680662598006	106.04927876465005	0.002512771670571306	1.0001100157117149
2.1091586736997487	1.8975447544519075	0.06681813216960429	0.7585329601110508	0.10015713161648164	97.86680662598006	106.04927876465005	0.002512771670571306	1.0001100157117149
2.1091586736997487	1.8975447544519075	0.06681813216960429	0.7585329601110508	0.10015713161648164	97.86680662598006	106.04927876465005	0.002513134308979353	1.0001100157117149
2.1091586736997487	1.897599158737713	0.06681813216960429	0.7585329601110508	0.10015713161648164	97.86680662598006	106.04927876465005	0.002513134308979353	1.0001100157117149
2.1091586736997487	1.897599158737713	0.06681813216960429	0.7585329601110508	0.10015713161648164	97.86680662598006	106.04927876465005	0.002513134308979353	1.0001100157117149
2.1091586736997487	1.897599158737713	0.06681813216960429	0.7585329601110508	0.10015713161648164	97.86680662598006	106.03594791599905	0.002513134308979353	1.0001100157117149
2.1091586736997487	1.897599158737713	0.06681813216960429	0.7585329601110508	0.10015713161648164	97.86680662598006	106.03594791599905	0.002515829686373995	1.0001100157117149
2.1091586736997487	1.897599158737713	0.06681813216960429	0.7585329601110508	0.10015713161648164	97.86674243169858	106.03594791599905	0.002515829686373995	1.0001100157117149
2.1091586736997487	1.8975740891565662	0.06681813216960429	0.7585329601110508	0.10015713161648164	97.86674243169858	106.03594791599905	0.002515829686373995	1.0001100157117149
2.1091586736997487	1.8975740891565662	0.06681813216960429	0.7585371758373733	0.10015713161648164	97.86674243169858	106.03594791599905	0.002515829686373995	1.0001100157117149
2.1091586736997487	1.8975740891565662	0.06681813216960429	0.7585371758373733	0.10015713161648164	97.86674243169858	106.03594791599905	0.002515829686373995	1.0001100157117149
2.1091586736997487	1.8975740891565662	0.06681813216960429	0.7585371758373733	0.10015713161648164	97.86674243169858	106.03594791599905	0.0025383036407241296	1.0001100157117149
2.1091586736997487	1.8975740891565662	0.06681813216960429	0.7585371758373733	0.10015713161648164	97.86674243169858	106.03626184073114	0.0025383036407241296	1.0001100157117149
2.1091586736997487	1.8975740891565662	0.06681813216960429	0.7585371758373733	0.10015713161648164	97.86674243169858	106.03626184073114	0.0025383036407241296	1.0001100157117149
2.1091586736997487	1.8975740891565662	0.06681813216960429	0.7585371758373733	0.10015713161648164	97.86674243169858	106.03626184073114	0.0025383036407241296	1.0001100157117149
2.1091586736997487	1.8975740891565662	0.06681813216960429	0.758543948458701	0.10015713161648164	97.86674243169858	106.03626184073114	0.0025383036407241296	1.0001100157117149
2.1092057060747362	1.8975740891565662	0.06681813216960429	0.758543948458701	0.10015713161648164	97.86674243169858	106.03626184073114	0.0025383036407241296	1.0001100157117149
2.1092057060747362	1.8975740891565662	0.06681813216960429	0.758543948458701	0.10015713161648164	97.86674243169858	106.03626184073114	0.0025383036407241296	1.0001100157117149
2.1092057060747362	1.897583015344692	0.06681813216960429	0.758543948458701	0.10015713161648164	97.86674243169858	106.03626184073114	0.0025383036407241296	1.0001100157117149
2.1092057060747362	1.897583015344692	0.06681813216960429	0.758543948458701	0.10015713161648164	97.86674243169858	106.03626184073114	0.0025383036407241296	1.0001100157117149
2.1092057060747362	1.897583015344692	0.06681813216960429	0.758543948458701	0.10015713161648164	97.86674243169858	106.03626184073114	0.0025383036407241296	1.0001100157117149
2.1092057060747362	1.897583015344692	0.06681813216960429	0.758543948458701	0.10015713161648164	97.86674243169858	106.03626184073114	0.0025383036407241296	1.0001100157117149
2.1092057060747362	1.897583015344692	0.06681813216960429	0.758543948458701	0.10015713161648164	97.86674243169858	106.03626184073114	0.0025435828028178226	1.0001100157117149
2.1092057060747362	1.897583015344692	0.06681813216960429	0.758543948458701	0.10015713161648164	97.86677418160615	106.03626184073114	0.0025435828028178226	1.0001100157117149
2.1092057060747362	1.897583015344692	0.06681813216960429	0.758543948458701	0.10015713161648164	97.86677418160615	106.03626184073114	0.0025435828028178226	1.0001077850220874
2.1092057060747362	1.897583015344692	0.06681813216960429	0.758543948458701	0.10015713161648164	97.86677418160615	106.03626184073114	0.0025435828028178226	1.0001075163803845
2.1092057060747362	1.897583015344692	0.06681813216960429	0.758543948458701	0.10016748394039947	97.86677418160615	106.03626184073114	0.0025435828028178226	1.0001075163803845
2.1092057060747362	1.897583015344692	0.06681813216960429	0.758543948458701	0.10016748394039947	97.86677418160615	106.03626184073114	0.0025435828028178226	1.0001075163803845
2.1092057060747362	1.897583015344692	0.06681813216960429	0.758543948458701	0.10016748394039947	97.86677418160615	106.03626184073114	0.0025435828028178226	1.0001075163803845
2.1092057060747362	1.897583015344692	0.06681813216960429	0.758543948458701	0.10016748394039947	97.86677418160615	106.03626184073114	0.0025435828028178226	1.0001075163803845
2.1092057060747362	1.896525595665238	0.06681813216960429	0.758543948458701	0.10016748394039947	97.86677418160615	106.03626184073114	0.0025435828028178226	1.0001075163803845
2.109204330984965	1.896525595665238	0.06681813216960429	0.758543948458701	0.10016748394039947	97.86677418160615	106.03626184073114	0.0025435828028178226	1.0001075163803845
2.109204330984965	1.896525595665238	0.06681813216960429	0.758543948458701	0.10016748394039947	97.86677418160615	106.03626184073114	0.0025417148050058025	1.0001075163803845
2.109204330984965	1.896525595665238	0.06681813216960429	0.758543948458701	0.10016748394039947	97.86677418160615	106.03626184073114	0.0025417148050058025	1.0001075163803845
2.109204330984965	1.896525595665238	0.06681813216960429	0.758543948458701	0.10016748394039947	97.86677418160615	106.03626184073114	0.0025417148050058025	1.0001075163803845
2.109204330984965	1.8979450645551272	0.06681813216960429	0.758543948458701	0.10016748394039947	97.86677418160615	106.03626184073114	0.0025417148050058025	1.0001075163803845
2.109204330984965	1.8979450645551272	0.06681813216960429	0.758543948458701	0.10016748394039947	97.86677418160615	106.03626184073114	0.0025417148050058025	1.0001011213211295
2.109204330984965	1.8979450645551272	0.06681813216960429	0.7585811644308221	0.10016748394039947	97.86677418160615	106.03626184073114	0.0025417148050058025	1.0001011213211295
2.109204330984965	1.8979450645551272	0.06681813216960429	0.7585811644308221	0.10016748394039947	97.86677418160615	106.03533349806624	0.0025417148050058025	1.0001011213211295
2.109204330984965	1.8979450645551272	0.06681813216960429	0.7585811644308221	0.10016748394039947	97.86677418160615	106.03533349806624	0.0025417148050058025	1.0001011213211295
2.109204330984965	1.8979450645551272	0.06681813216960429	0.7585811644308221	0.10016748394039947	97.86677418160615	106.03533349806624	0.0025417148050058025	1.0001011213211295
2.109204330984965	1.8979450645551272	0.06681813216960429	0.7585811644308221	0.10016748394039947	97.86677418160615	104.25201642766473	0.0025417148050058025	1.0001011213211295
2.109204330984965	1.8979450645551272	0.06681813216960429	0.7585811644308221	0.10016748394039947	97.86677418160615	104.25201642766473	0.0025417148050058025	1.0001011213211295
2.109204330984965	1.8979450645551272	0.06681813216960429	0.7585811644308221	0.10016748394039947	97.86677418160615	104.25201642766473	0.0025417148050058025	1.0001011213211295
2.109204330984965	1.8979450645551272	0.06681813216960429	0.758545327154701	0.10016748394039947	97.86677418160615	104.25201642766473	0.0025417148050058025	1.0001011213211295
2.109204330984965	1.8979450645551272	0.06681813216960429	0.758545327154701	0.10016748394039947	97.86677418160615	104.25201642766473	0.0025417148050058025	1.0001011213211295
2.109204330984965	1.8979450645551272	0.06681813216960429	0.758545327154701	0.10016748394039947	97.86677418160615	104.25201642766473	0.0025417148050058025	1.0001011213211295
2.109204330984965	1.8979450645551272	0.06681813216960429	0.758545327154701	0.10016748394039947	97.86677418160615	104.25201642766473	0.0025417148050058025	1.0001011213211295
2.109204330984965	1.8979450645551272	0.06681813216960429	0.758545327154701	0.10016748394039947	97.86677418160615	104.25201642766473	0.0025417148050058025	1.0001011213211295
2.109204330984965	1.8979450645551272	0.06681813216960429	0.758545327154701	0.10016748394039947	97.86677418160615	104.25201642766473	0.0025417148050058025	1.0001011213211295
2.109204330984965	1.8979450645551272	0.06681813216960429	0.758545327154701	0.10016748394039947	97.86677418160615	104.25201642766473	0.0025417148050058025	1.0001011213211295
2.109204330984965	1.8979450645551272	0.06681813216960429	0.758545327154701	0.10016748394039947	97.86668610530243	104.25201642766473	0.0025417148050058025	1.0001011213211295
2.109204330984965	1.8979450645551272	0.06681813216960429	0.758545327154701	0.1001158495245131	97.86668610530243	104.25201642766473	0.0025417148050058025	1.0001011213211295
2.109204330984965	1.8979450645551272	0.06681813216960429	0.758545327154701	0.10011592406945179	97.86668610530243	104.25201642766473	0.0025417148050058025	1.0001011213211295
2.109204330984965	1.8979450645551272	0.06681813216960429	0.758545327154701	0.10011592406945179	97.86668610530243	104.25201642766473	0.0025417148050058025	1.000101176732354
2.109204330984965	1.8979450645551272	0.06681813216960429	0.758545327154701	0.10011592406945179	97.86668610530243	104.25201642766473	0.0025417148050058025	1.000101176732354
2.109204330984965	1.8979450645551272	0.06681813216960429	0.758545327154701	0.10011592406945179	97.86668610530243	104.25201642766473	0.0025417148050058025	1.000101176732354
2.1092150350177947	1.8979450645551272	0.06681813216960429	0.758545327154701	0.10011592406945179	97.86668610530243	104.25201642766473	0.0025417148050058025	1.000101176732354
2.1092150350177947	1.8979450645551272	0.06681813216960429	0.758545327154701	0.10011592406945179	97.86668610530243	104.25201642766473	0.0025417148050058025	1.000101176732354
2.1092150350177947	1.8979450645551272	0.06681813216960429	0.758545327154701	0.10011592406945179	97.86668610530243	104.25201642766473	0.0025417148050058025	1.0001012144831467
2.1092150350177947	1.8979450645551272	0.06681813216960429	0.758545327154701	0.10011592406945179	97.86668610530243	104.24797539726914	0.0025417148050058025	1.0001012144831467
2.1092150350177947	1.8979450645551272	0.06681813216960429	0.758545327154701	0.10011592406945179	97.86668610530243	104.24797539726914	0.002476778460380584	1.0001012144831467
2.1092150350177947	1.8979450645551272	0.06681813216960429	0.758545327154701	0.10011592406945179	97.86668610530243	104.24797539726914	0.002476778460380584	1.0001012144831467
2.1092150350177947	1.8979450645551272	0.06681813216960429	0.758545327154701	0.10009237409203078	97.86668610530243	104.24797539726914	0.002476778460380584	1.0001012144831467
2.1092150350177947	1.8979450645551272	0.06681813216960429	0.758545327154701	0.10009237409203078	97.86668610530243	104.24797539726914	0.002476778460380584	1.0001012144831467
2.1092150350177947	1.8979450645551272	0.06681813216960429	0.758545327154701	0.10009240727481107	97.86668610530243	104.24797539726914	0.002476778460380584	1.0001012144831467
2.1092150350177947	1.8979450645551272	0.06681813216960429	0.758545327154701	0.10009240727481107	97.86668610530243	104.24797539726914	0.002476778460380584	1.0001012144831467
2.1092150350177947	1.8979450645551272	0.06682023943717133	0.758545327154701	0.10009240727481107	97.86668610530243	104.24797539726914	0.002476778460380584	1.0001012144831467
2.1092150350177947	1.8979450645551272	0.06682023943717133	0.758545327154701	0.10009240727481107	97.86668610530243	104.24797539726914	0.002476778460380584	1.0001012144831467
2.1092150350177947	1.8979450645551272	0.06682023943717133	0.758545327154701	0.10009240727481107	97.86668610530243	104.24797539726914	0.0023356724481344024	1.0001012144831467
2.1092150350177947	1.8979450645551272	0.06682023943717133	0.758545327154701	0.10009240727481107	97.86668610530243	104.24797539726914	0.0023356724481344024	1.0001012144831467
2.1092150350177947	1.8979450645551272	0.06682023943717133	0.758545327154701	0.10009240727481107	97.86668610530243	104.24797539726914	0.0023356724481344024	1.0001012144831467
2.1092150350177947	1.8979450645551272	0.06682023943717133	0.758545327154701	0.09993910952541267	97.86668610530243	104.24797539726914	0.0023356724481344024	1.0001012144831467
2.109215994041881	1.8979450645551272	0.06682023943717133	0.758545327154701	0.09993910952541267	97.86668610530243	104.24797539726914	0.0023356724481344024	1.0001012144831467
2.1092947210589794	1.8979450645551272	0.06682023943717133	0.758545327154701	0.09993910952541267	97.86668610530243	104.24797539726914	0.0023356724481344024	1.0001012144831467
2.1092947210589794	1.8979450645551272	0.06682023943717133	0.7585723256190212	0.09993910952541267	97.86668610530243	104.24797539726914	0.0023356724481344024	1.0001012144831467
2.1092947210589794	1.8979450645551272	0.06682023943717133	0.7585723256190212	0.09993645152331851	97.86668610530243	104.24797539726914	0.0023356724481344024	1.0001012144831467
2.1092947210589794	1.8979450645551272	0.06682023943717133	0.7585723256190212	0.09993645152331851	97.86668610530243	104.38768737948676	0.0023356724481344024	1.0001012144831467
2.1092947210589794	1.8979450645551272	0.06682023943717133	0.7585723256190212	0.09993645152331851	97.86668610530243	104.38768737948676	0.0023356724481344024	1.0001012144831467
2.1092947210589794	1.8979450645551272	0.06682023943717133	0.7585723256190212	0.09993645152331851	97.86668610530243	104.38768737948676	0.0023273712225406707	1.0001012144831467
2.1092947210589794	1.8979450645551272	0.06682023943717133	0.7585723256190212	0.09993645152331851	97.86668610530243	104.38768737948676	0.0023273712225406707	1.0001012144831467
2.1092947210589794	1.8979450645551272	0.06682023943717133	0.7585723256190212	0.09993645152331851	97.86668610530243	104.38768737948676	0.0023273712225406707	1.0001016829130183
2.1092947210589794	1.8979450645551272	0.06682023943717133	0.7585723256190212	0.09993645152331851	97.86668610530243	104.38768737948676	0.0023273712225406707	1.0001016829130183
2.1092947210589794	1.8979450645551272	0.06682023943717133	0.7585723256190212	0.10006780071638315	97.86668610530243	104.38768737948676	0.0023273712225406707	1.0001016829130183
2.1092947210589794	1.8979450645551272	0.06682023943717133	0.7585723256190212	0.10006780071638315	97.86703814914118	104.38768737948676	0.0023273712225406707	1.0001016829130183
2.1092947210589794	1.897909796355058	0.06682023943717133	0.7585723256190212	0.10006780071638315	97.86703814914118	104.38768737948676	0.0023273712225406707	1.0001016829130183
2.1092947210589794	1.897909796355058	0.06682023943717133	0.7585723256190212	0.10006780071638315	97.86703814914118	104.38768737948676	0.0023273712225406707	1.0001016829130183
2.1092947210589794	1.897909796355058	0.06682023943717133	0.7585718374989279	0.10006780071638315	97.86703814914118	104.38768737948676	0.0023273712225406707	1.0001016829130183
2.1092947210589794	1.897909796355058	0.06682023943717133	0.7585718374989279	0.10006780071638315	97.86703814914118	104.38768737948676	0.0023273712225406707	1.0001016829130183
2.1092947210589794	1.897909796355058	0.06682023943717133	0.7585718374989279	0.10006780071638315	97.86703814914118	104.38768737948676	0.0023273712225406707	1.0001016829130183
2.1092947210589794	1.897909796355058	0.06682023943717133	0.7585718374989279	0.10006780071638315	97.86703814914118	104.38830949270769	0.0023273712225406707	1.0001016829130183
2.1092947210589794	1.897909796355058	0.06682023943717133	0.7585718374989279	0.10006780071638315	97.86703814914118	104.38830949270769	0.0023273712225406707	1.0001016829130183
2.1092947210589794	1.897909796355058	0.0668017422100382	0.7585718374989279	0.10006780071638315	97.86703814914118	104.38830949270769	0.0023273712225406707	1.0001016829130183
2.1092947210589794	1.897909796355058	0.06681809704262191	0.7585718374989279	0.10006780071638315	97.86703814914118	104.38830949270769	0.0023273712225406707	1.0001016829130183
2.1092947210589794	1.897909796355058	0.06681809704262191	0.7585718374989279	0.10006780071638315	97.86703814914118	104.38935711539345	0.0023273712225406707	1.0001016829130183
2.1092947210589794	1.897909796355058	0.06681809704262191	0.7585718374989279	0.10009678436929326	97.86703814914118	104.38935711539345	0.0023273712225406707	1.0001016829130183
2.1092952941352534	1.897909796355058	0.06681809704262191	0.7585718374989279	0.10009678436929326	97.86703814914118	104.38935711539345	0.0023273712225406707	1.0001016829130183
2.1092952941352534	1.897909796355058	0.06681809704262191	0.7585718374989279	0.10009678436929326	97.86703814914118	104.42433841732084	0.0023273712225406707	1.0001016829130183
2.1092952941352534	1.897909796355058	0.06681809704262191	0.7585718374989279	0.10009678436929326	97.86703814914118	104.4191123643953	0.0023273712225406707	1.0001016829130183
2.1092952941352534	1.897909796355058	0.06681809704262191	0.7585718374989279	0.10009678436929326	97.86703814914118	104.4191123643953	0.0023273712225406707	1.0001016829130183
2.1092952941352534	1.897909796355058	0.06681809704262191	0.7585718374989279	0.10009678436929326	97.86703814914118	104.4191123643953	0.0023273712225406707	1.0001016829130183
2.1092952941352534	1.897909796355058	0.06681809704262191	0.7585718374989279	0.10009678436929326	97.86703814914118	104.4191123643953	0.0023230751232087956	1.0001016829130183
2.1092950200613014	1.897909796355058	0.06681809704262191	0.7585718374989279	0.10009678436929326	97.86703814914118	104.4191123643953	0.0023230751232087956	1.0001016829130183
2.1092950200613014	1.897909796355058	0.06681809704262191	0.7585718374989279	0.10009678436929326	97.87054104577714	104.4191123643953	0.0023230751232087956	1.0001016829130183
2.1092950200613014	1.8978663097899713	0.06681809704262191	0.7585718374989279	0.10009678436929326	97.87054104577714	104.4191123643953	0.0023230751232087956	1.0001016829130183
2.1092950200613014	1.8978663097899713	0.06681809704262191	0.7585718374989279	0.10009678436929326	97.87054104577714	104.4191123643953	0.0023230751232087956	1.0001016829130183
2.1092950200613014	1.8978663097899713	0.06681809704262191	0.7585718374989279	0.10009678436929326	97.87054104577714	104.4191123643953	0.0023230751232087956	1.0001016829130183
2.1092950200613014	1.8978663097899713	0.06681809704262191	0.7585718374989279	0.10009678436929326	97.87054104577714	104.4191123643953	0.0023230751232087956	1.0001016829130183
2.1092950200613014	1.8978663097899713	0.06681809704262191	0.7585718374989279	0.10009678436929326	97.87054104577714	104.4191123643953	0.0023230751232087956	1.0001016829130183
2.1092950200613014	1.8978287606639408	0.06681809704262191	0.7585718374989279	0.10009678436929326	97.87054104577714	104.4191123643953	0.0023230751232087956	1.0001016829130183
2.1092950200613014	1.8978287606639408	0.06681809704262191	0.7585718374989279	0.10009678436929326	97.87054104577714	104.4191123643953	0.0023230751232087956	1.0001016829130183
2.1092950200613014	1.8978287606639408	0.06681809704262191	0.7585718374989279	0.10009678436929326	97.87054104577714	104.4191123643953	0.0023230751232087956	1.0001016829130183
2.1092950200613014	1.8978287606639408	0.06681809704262191	0.7585718374989279	0.10009678436929326	97.87054104577714	104.4191123643953	0.0023230751232087956	1.0001016829130183
2.1094712702540024	1.8978287606639408	0.06681809704262191	0.7585718374989279	0.10009678436929326	97.87054104577714	104.4191123643953	0.0023230751232087956	1.0001016829130183
2.1094712702540024	1.8978287606639408	0.06681809704262191	0.7585718374989279	0.10009678436929326	97.87054104577714	104.4191123643953	0.0023288274713269335	1.0001016829130183
2.1094712702540024	1.8978287606639408	0.06681809704262191	0.7585718374989279	0.10009678436929326	97.87054104577714	104.4191123643953	0.0023378678179084224	1.0001016829130183
2.1094712702540024	1.8978287606639408	0.06681809704262191	0.7585718374989279	0.10009678436929326	97.87054104577714	104.4191123643953	0.0023378678179084224	1.0001016829130183
2.1094712702540024	1.8978287606639408	0.06681809704262191	0.7585718374989279	0.10009678436929326	97.87054104577714	104.4190981599037	0.0023378678179084224	1.0001016829130183
2.1094712702540024	1.8978287606639408	0.06681809704262191	0.7585718374989279	0.10009678436929326	97.87054104577714	104.4190981599037	0.0023378678179084224	1.0001016829130183
2.1094712702540024	1.8978287606639408	0.06681809704262191	0.7585718374989279	0.10007590356678846	97.87054104577714	104.4190981599037	0.0023378678179084224	1.0001016829130183
2.1094712702540024	1.8978287606639408	0.06681809704262191	0.7585718374989279	0.10007590356678846	97.87054104577714	104.4190981599037	0.0023378678179084224	1.0001016829130183
2.1094712702540024	1.8978287606639408	0.06681809704262191	0.7585718374989279	0.10007590356678846	97.87054104577714	104.3935087038258	0.0023378678179084224	1.0001016829130183
2.1094712702540024	1.8978287606639408	0.06681809704262191	0.7585718374989279	0.10007590356678846	97.87054104577714	104.3935087038258	0.0023378678179084224	1.0001016829130183
2.1094712702540024	1.8978287606639408	0.06681809704262191	0.7585718374989279	0.10007590356678846	97.87054104577714	104.3935087038258	0.0023378678179084224	1.0001016829130183
2.1094712702540024	1.9005178128663458	0.06681809704262191	0.7585718374989279	0.10007590356678846	97.87054104577714	104.3935087038258	0.0023378678179084224	1.0001016829130183
2.1094712702540024	1.9005178128663458	0.06681809704262191	0.7585718374989279	0.10040696717849848	97.87054104577714	104.3935087038258	0.0023378678179084224	1.0001016829130183
2.1094712702540024	1.9005178128663458	0.06681809704262191	0.7585718374989279	0.10040696717849848	97.87054104577714	104.3935087038258	0.0023378678179084224	1.0001016829130183
2.1094712702540024	1.9005178128663458	0.06681809704262191	0.7585718374989279	0.10040696717849848	97.87054104577714	104.3935087038258	0.0023378678179084224	1.0001016829130183
2.1094712702540024	1.9016263208661324	0.06681809704262191	0.7585718374989279	0.10040696717849848	97.87054104577714	104.3935087038258	0.0023378678179084224	1.0001016829130183
2.1094712702540024	1.9016263208661324	0.06681809704262191	0.7585718374989279	0.10040696717849848	97.87054104577714	105.84536746846312	0.0023378678179084224	1.0001016829130183
2.1094712702540024	1.9016263208661324	0.06681809704262191	0.7585718374989279	0.10040696717849848	97.87054104577714	105.84536746846312	0.0023397078360766154	1.0001016829130183
2.1094712702540024	1.9016263208661324	0.06681809704262191	0.7585718374989279	0.10040696717849848	97.87054104577714	105.84536746846312	0.0023397078360766154	1.0001016829130183
2.1094712702540024	1.9016263208661324	0.06681809704262191	0.7585718374989279	0.10040696717849848	97.87054104577714	105.84536746846312	0.0023397078360766154	1.0001016829130183
2.1094712702540024	1.9016037756695563	0.06681809704262191	0.7585718374989279	0.10040696717849848	97.87054104577714	105.84536746846312	0.0023397078360766154	1.0001016829130183
2.1094712702540024	1.9016037756695563	0.06681809704262191	0.7585718374989279	0.10040696717849848	97.87054104577714	105.97336006792302	0.0023397078360766154	1.0001016829130183
2.1094712702540024	1.9016037756695563	0.06681809704262191	0.7585718374989279	0.10040696717849848	97.87054104577714	105.97336006792302	0.0023397078360766154	1.0001006259255913
2.1094712702540024	1.9016037756695563	0.06681809704262191	0.7585718374989279	0.10040696717849848	97.87054104577714	105.97336006792302	0.0023397078360766154	1.0001004148418906
2.1094712702540024	1.9016037756695563	0.06681809704262191	0.7585718374989279	0.10040696717849848	97.87054104577714	105.97336006792302	0.0023397078360766154	1.0001004148418906
2.1094712702540024	1.9016037756695563	0.06681809704262191	0.7585718374989279	0.10040696717849848	97.87054104577714	105.97336006792302	0.0023397078360766154	1.0001004148418906
2.1094712702540024	1.9016037756695563	0.06683084362679965	0.7585718374989279	0.10040696717849848	97.87054104577714	105.97336006792302	0.0023397078360766154	1.0001004148418906
2.1094712702540024	1.9016037756695563	0.06683084362679965	0.7585718374989279	0.10040696717849848	97.87054104577714	105.97336006792302	0.0023397078360766154	1.0001004148418906
2.1094712702540024	1.9016037756695563	0.06683084362679965	0.7585718374989279	0.10040696717849848	97.87054104577714	106.04632372933925	0.0023397078360766154	1.0001004148418906
2.1094712702540024	1.9016037756695563	0.06683084362679965	0.7585718374989279	0.10040696717849848	97.87054104577714	106.04632372933925	0.0023397078360766154	1.0000991902912097
2.1094712702540024	1.9016037756695563	0.06683084362679965	0.7585718374989279	0.10040696717849848	97.87054104577714	106.04632372933925	0.0023397078360766154	1.0000991902912097
2.1094712702540024	1.9016077479228128	0.06683084362679965	0.7585718374989279	0.10040696717849848	97.87054104577714	106.04632372933925	0.0023397078360766154	1.0000991902912097
2.1094712702540024	1.9016077479228128	0.06683084362679965	0.7585627622960718	0.10040696717849848	97.87054104577714	106.04632372933925	0.0023397078360766154	1.0000991902912097
2.1094712702540024	1.9016077479228128	0.06683084362679965	0.7585627622960718	0.10040696717849848	97.87054104577714	106.04632372933925	0.0023417856575989773	1.0000991902912097
2.1094712702540024	1.901608274604149	0.06683084362679965	0.7585627622960718	0.10040696717849848	97.87054104577714	106.04632372933925	0.0023417856575989773	1.0000991902912097
2.1094712702540024	1.901608274604149	0.06683084362679965	0.7585627622960718	0.10040696717849848	97.87054104577714	106.04632372933925	0.0023417856575989773	1.0000991902912097
2.1094712702540024	1.901608274604149	0.06683084362679965	0.7586064830364775	0.10040696717849848	97.87054104577714	106.04632372933925	0.0023417856575989773	1.0000991902912097
2.1094712702540024	1.901608274604149	0.06683084362679965	0.7586064830364775	0.10040696717849848	97.87054104577714	106.04632372933925	0.0023417856575989773	1.0000991902912097
2.1094712702540024	1.901608274604149	0.06683084362679965	0.7586064830364775	0.10040696717849848	97.87054104577714	106.04632372933925	0.0023417711551280843	1.0000991902912097
2.1094712702540024	1.901456117818961	0.06683084362679965	0.7586064830364775	0.10040696717849848	97.87054104577714	106.04632372933925	0.0023417711551280843	1.0000991902912097
2.1094712702540024	1.9014610611456226	0.06683084362679965	0.7586064830364775	0.10040696717849848	97.87054104577714	106.04632372933925	0.0023417711551280843	1.0000991902912097
2.1094712702540024	1.9014610611456226	0.06683084362679965	0.7586064830364775	0.10040696717849848	97.87054104577714	106.04632372933925	0.0023417711551280843	1.0000991902912097
2.108153348510944	1.9014610611456226	0.06683084362679965	0.7586064830364775	0.10040696717849848	97.87054104577714	106.04632372933925	0.0023417711551280843	1.0000991902912097
2.108153348510944	1.9014363589186067	0.06683084362679965	0.7586064830364775	0.10040696717849848	97.87054104577714	106.04632372933925	0.0023417711551280843	1.0000991902912097
2.108153348510944	1.9014363589186067	0.06683084362679965	0.7586064830364775	0.10040788121919655	97.87054104577714	106.04632372933925	0.0023417711551280843	1.0000991902912097
2.108153348510944	1.9014363589186067	0.06683084362679965	0.7586064830364775	0.10040788121919655	97.87054104577714	106.04632372933925	0.0023417711551280843	1.0000991902912097
2.108153348510944	1.9003562003806187	0.06683084362679965	0.7586064830364775	0.10040788121919655	97.87054104577714	106.04632372933925	0.0023417711551280843	1.0000991902912097
2.108153348510944	1.9003562003806187	0.06683084362679965	0.7586064830364775	0.10040789345278257	97.87054104577714	106.04632372933925	0.0023417711551280843	1.0000991902912097
2.108153348510944	1.9003562003806187	0.06683084362679965	0.7586064830364775	0.10040789345278257	97.87054104577714	106.04632372933925	0.0023417711551280843	1.0000991902912097
2.108153348510944	1.9003562003806187	0.06683084362679965	0.7586064830364775	0.10040599094961719	97.87054104577714	106.04632372933925	0.0023417711551280843	1.0000991902912097
2.108153348510944	1.9003562003806187	0.06683084362679965	0.7586064830364775	0.10040599094961719	97.87054104577714	106.04632372933925	0.0023417711551280843	1.0000991902912097
2.108153348510944	1.9003562003806187	0.06683084362679965	0.7586064830364775	0.10040599094961719	97.87054104577714	106.04632372933925	0.0023417711551280843	1.0000991902912097
2.108153348510944	1.9003562003806187	0.06681436423222153	0.7586064830364775	0.10040599094961719	97.87054104577714	106.04632372933925	0.0023417711551280843	1.0000991902912097
2.108153348510944	1.9003562003806187	0.06681436423222153	0.7586064830364775	0.10040599094961719	97.87054104577714	106.04632372933925	0.0023417711551280843	1.0000991902912097
2.108153348510944	1.9003562003806187	0.06681436423222153	0.7586064830364775	0.10040599094961719	97.87054104577714	106.04632372933925	0.0023417711551280843	1.0000991902912097
2.108153348510944	1.9003562003806187	0.06681436423222153	0.7586064830364775	0.10040599094961719	97.87054104577714	106.04632372933925	0.0023417711551280843	1.0000991902912097
2.108153348510944	1.9003562003806187	0.06681436423222153	0.7586064830364775	0.10040599094961719	97.87054104577714	106.04632372933925	0.0023417711551280843	1.0000991902912097
2.108153348510944	1.9003562003806187	0.06681436423222153	0.7586064830364775	0.10040599094961719	97.87054104577714	106.04632372933925	0.0023417711551280843	1.0000991902912097
2.108153348510944	1.9003562003806187	0.06681436423222153	0.7586218570365013	0.10040599094961719	97.87054104577714	106.04632372933925	0.0023417711551280843	1.0000991902912097
2.108153348510944	1.9003562003806187	0.06681436423222153	0.7586218570365013	0.1004061405532212	97.87054104577714	106.04632372933925	0.0023417711551280843	1.0000991902912097
2.108153348510944	1.9003562003806187	0.06681436423222153	0.7586218570365013	0.10040712478773367	97.87054104577714	106.04632372933925	0.0023417711551280843	1.0000991902912097
2.108153348510944	1.9003562003806187	0.06681436423222153	0.7586218570365013	0.10040712478773367	97.87054104577714	106.04632372933925	0.0023417711551280843	1.0000991902912097
2.108153348510944	1.9003562003806187	0.06681436423222153	0.7586218570365013	0.10040712478773367	97.87054104577714	106.03942974740252	0.0023417711551280843	1.0000991902912097
2.108153348510944	1.9003562003806187	0.06681436423222153	0.7586218570365013	0.10040712478773367	97.87054104577714	106.03942974740252	0.002353045443140406	1.0000991902912097
2.108153348510944	1.9003562003806187	0.06681436423222153	0.7586218570365013	0.10040712478773367	97.87054104577714	106.02688283798818	0.002353045443140406	1.0000991902912097
2.108153348510944	1.9002394106836777	0.06681436423222153	0.7586218570365013	0.10040712478773367	97.87054104577714	106.02688283798818	0.002353045443140406	1.0000991902912097
2.108153348510944	1.9002394106836777	0.06681436423222153	0.7586218570365013	0.10040712478773367	97.87055492540962	106.02688283798818	0.002353045443140406	1.0000991902912097
2.108153348510944	1.9002394106836777	0.06681436423222153	0.7586218570365013	0.10040712478773367	97.86640542395912	106.02688283798818	0.002353045443140406	1.0000991902912097
2.108153348510944	1.9002394106836777	0.06681436423222153	0.7586218570365013	0.10040712478773367	97.86640542395912	106.02789055880885	0.002353045443140406	1.0000991902912097
2.108153348510944	1.9002394106836777	0.06681436423222153	0.7586218570365013	0.10040712478773367	97.86640542395912	106.08607502432385	0.002353045443140406	1.0000991902912097
2.108153348510944	1.9002394106836777	0.06681436423222153	0.7586218570365013	0.10040712478773367	97.86640542395912	106.08607502432385	0.0024665239704795834	1.0000991902912097
2.108153348510944	1.9002394106836777	0.06680167902341574	0.7586218570365013	0.10040712478773367	97.86640542395912	106.08607502432385	0.0024665239704795834	1.0000991902912097
2.108153348510944	1.9002394106836777	0.06680167902341574	0.7586218570365013	0.10040712478773367	97.86640542395912	106.08607502432385	0.0024665239704795834	1.0000991902912097
2.108153348510944	1.9002394106836777	0.06680167902341574	0.7586218570365013	0.10040712478773367	97.86640542395912	106.08607502432385	0.0024664176986844435	1.0000991902912097
2.108153348510944	1.9002394106836777	0.06680167902341574	0.7586218570365013	0.10040734007677252	97.86640542395912	106.08607502432385	0.0024664176986844435	1.0000991902912097
2.108153794757891	1.9002394106836777	0.06680167902341574	0.7586218570365013	0.10040734007677252	97.86640542395912	106.08607502432385	0.0024664176986844435	1.0000991902912097
2.108153794757891	1.9002394106836777	0.06680167902341574	0.7586218570365013	0.10040717084716785	97.86640542395912	106.08607502432385	0.0024664176986844435	1.0000991902912097
2.108153794757891	1.9002394106836777	0.06680167902341574	0.7586218570365013	0.10040717084716785	97.87550344870448	106.08607502432385	0.0024664176986844435	1.0000991902912097
2.108153794757891	1.9002394106836777	0.06680167902341574	0.7586218570365013	0.10040717084716785	97.87550344870448	106.08607502432385	0.0024664176986844435	1.0000991902912097
