2.07424875591391	1.9148619193983818	0.06824249460776391	0.7706900967599697	0.10025273820247668	97.51520340877917	106.82494592905941	0.002660922769577953	1.0001074610093477
2.07424875591391	1.9148619193983818	0.06824249460776391	0.7706900967599697	0.10025273820247668	97.51520340877917	106.82494592905941	0.0026292168362096135	1.0001074610093477
2.07424875591391	1.9148619193983818	0.06824249460776391	0.7706900967599697	0.10025273820247668	97.51520340877917	106.82494592905941	0.0026292168362096135	1.0001074610093477
2.07424875591391	1.9148619193983818	0.06824249460776391	0.7706900967599697	0.10025273820247668	97.51520340877917	106.82494592905941	0.0026292168362096135	1.0001074610093477
2.07424875591391	1.9148619193983818	0.06824249460776391	0.770701851953901	0.10025273820247668	97.51520340877917	106.82494592905941	0.0026292168362096135	1.0001074610093477
2.07424875591391	1.9148619193983818	0.06824249460776391	0.770701851953901	0.10025280107443582	97.51520340877917	106.82494592905941	0.0026292168362096135	1.0001074610093477
2.07424875591391	1.9148619193983818	0.06824249460776391	0.770701851953901	0.10025280107443582	97.51520340877917	106.82494592905941	0.0026292168362096135	1.0001074610093477
2.07424875591391	1.916978906891151	0.06824249460776391	0.770701851953901	0.10025280107443582	97.51520340877917	106.82494592905941	0.0026292168362096135	1.0001074610093477
2.07424875591391	1.916978906891151	0.06824249460776391	0.770701851953901	0.10025288206104402	97.51520340877917	106.82494592905941	0.0026292168362096135	1.0001074610093477
2.07424875591391	1.916978906891151	0.06824249460776391	0.770701851953901	0.10025288206104402	97.51520340877917	106.82494592905941	0.0026292168362096135	1.0001074610093477
2.07424875591391	1.916978906891151	0.06824249460776391	0.7707140472108219	0.10025288206104402	97.51520340877917	106.82494592905941	0.0026292168362096135	1.0001074610093477
2.07424875591391	1.916978906891151	0.06824249460776391	0.7707140472108219	0.10025288206104402	97.51520340877917	106.82494592905941	0.0026292168362096135	1.0001074610093477
2.07424875591391	1.916978906891151	0.06824249460776391	0.7707140472108219	0.10025288206104402	97.51520340877917	106.80431603805293	0.0026292168362096135	1.0001074610093477
2.07424875591391	1.916978906891151	0.06824249460776391	0.7707140472108219	0.10025288206104402	97.51520340877917	106.80431603805293	0.0026292168362096135	1.0001074610093477
2.07424875591391	1.916978906891151	0.06824249460776391	0.7707140472108219	0.10025288206104402	97.51520340877917	106.80431603805293	0.002629276665074207	1.0001074610093477
2.074161248113369	1.916978906891151	0.06824249460776391	0.7707140472108219	0.10025288206104402	97.51520340877917	106.80431603805293	0.002629276665074207	1.0001074610093477
2.074161248113369	1.916978906891151	0.06824249460776391	0.7707140472108219	0.10025288206104402	97.51520340877917	106.80431603805293	0.002593229488159982	1.0001074610093477
2.074161248113369	1.916978906891151	0.06824249460776391	0.7707140472108219	0.10025288206104402	97.51520340877917	102.6899225575337	0.002593229488159982	1.0001074610093477
2.074161248113369	1.9169762910525898	0.06824249460776391	0.7707140472108219	0.10025288206104402	97.51520340877917	102.6899225575337	0.002593229488159982	1.0001074610093477
2.074161248113369	1.9169762910525898	0.06824249460776391	0.7707140472108219	0.10007601786247845	97.51520340877917	102.6899225575337	0.002593229488159982	1.0001074610093477
2.074161248113369	1.9169762910525898	0.06824249460776391	0.7708702309832843	0.10007601786247845	97.51520340877917	102.6899225575337	0.002593229488159982	1.0001074610093477
2.074161248113369	1.9169762910525898	0.06824249460776391	0.7708702309832843	0.10007601786247845	97.51520340877917	102.6899225575337	0.002593229488159982	1.0001074610093477
2.074161248113369	1.9169762910525898	0.06824249460776391	0.7708702309832843	0.10007601786247845	97.51520340877917	102.6899225575337	0.002593229488159982	1.0001074610093477
2.074161248113369	1.9169762910525898	0.06824249460776391	0.7708702309832843	0.10007601786247845	97.51520340877917	102.6899225575337	0.002593229488159982	1.0001074610093477
2.074161248113369	1.9169762910525898	0.06824249460776391	0.7708702309832843	0.10007601786247845	97.51520340877917	102.6899225575337	0.002593229488159982	1.0000983634225575
2.074161248113369	1.9169762910525898	0.06824249460776391	0.7708702309832843	0.10008687653035939	97.51520340877917	102.6899225575337	0.002593229488159982	1.0000983634225575
2.074161248113369	1.9169762910525898	0.06824249460776391	0.7708702309832843	0.10008687653035939	97.51520340877917	102.6899225575337	0.002593229488159982	1.0000983634225575
2.074161248113369	1.9169762910525898	0.06824249460776391	0.7708702309832843	0.09998576488244788	97.51520340877917	102.6899225575337	0.002593229488159982	1.0000983634225575
2.074161248113369	1.9169762910525898	0.06824249460776391	0.7708702309832843	0.09998576488244788	97.51520340877917	102.6899225575337	0.002593229488159982	1.0000983634225575
2.074161248113369	1.9169762910525898	0.06824249460776391	0.7708702309832843	0.09998576488244788	97.51520340877917	102.6899225575337	0.002593229488159982	1.0000983634225575
2.074161248113369	1.9169762910525898	0.06824249460776391	0.7708702309832843	0.09998576488244788	97.51520340877917	102.6899225575337	0.002593229488159982	1.0000983634225575
2.074161248113369	1.9169762910525898	0.06824249460776391	0.7708702309832843	0.10046038668905921	97.51520340877917	102.6899225575337	0.002593229488159982	1.0000983634225575
2.074161248113369	1.9169762661741752	0.06824249460776391	0.7708702309832843	0.10046038668905921	97.51520340877917	102.6899225575337	0.002593229488159982	1.0000983634225575
2.074161248113369	1.9169762661741752	0.06824249460776391	0.7708702309832843	0.10046038668905921	97.51377572275769	102.6899225575337	0.002593229488159982	1.0000983634225575
2.074161248113369	1.9169762661741752	0.06824249460776391	0.7708702309832843	0.10046038668905921	97.51377572275769	102.6899225575337	0.002593229488159982	1.0000983634225575
2.074161248113369	1.9169762661741752	0.06824249460776391	0.7708702309832843	0.10046045671394158	97.51377572275769	102.6899225575337	0.002593229488159982	1.0000983634225575
2.074161248113369	1.9169762661741752	0.06824249460776391	0.7708702309832843	0.10046045671394158	97.51377572275769	102.6899225575337	0.002593229488159982	1.0000983634225575
2.074161248113369	1.9169762661741752	0.06824249460776391	0.7708702309832843	0.10046045671394158	97.51377572275769	102.6899225575337	0.002593229488159982	1.0000983634225575
2.074161248113369	1.916964302480165	0.06824249460776391	0.7708702309832843	0.10046045671394158	97.51377572275769	102.6899225575337	0.002593229488159982	1.0000983634225575
2.074161248113369	1.9169596272022291	0.06824249460776391	0.7708702309832843	0.10046045671394158	97.51377572275769	102.6899225575337	0.002593229488159982	1.0000983634225575
2.0741634289708744	1.9169596272022291	0.06824249460776391	0.7708702309832843	0.10046045671394158	97.51377572275769	102.6899225575337	0.002593229488159982	1.0000983634225575
2.0741634289708744	1.9169596272022291	0.06824249460776391	0.7708702309832843	0.10046045671394158	97.51377572275769	102.6899225575337	0.002593229488159982	1.0000983634225575
2.0741634289708744	1.9169596272022291	0.06824249460776391	0.7708702309832843	0.10046045671394158	97.51377572275769	102.6899225575337	0.002593229488159982	1.0000979996629709
2.0741634289708744	1.9169823999750184	0.06824249460776391	0.7708702309832843	0.10046045671394158	97.51377572275769	102.6899225575337	0.002593229488159982	1.0000979996629709
2.0741634289708744	1.9169820668580388	0.06824249460776391	0.7708702309832843	0.10046045671394158	97.51377572275769	102.6899225575337	0.002593229488159982	1.0000979996629709
2.0741634289708744	1.9169820668580388	0.06824249460776391	0.7708702309832843	0.10046045671394158	97.51377572275769	102.6899225575337	0.002593229488159982	1.0000979996629709
2.0741634289708744	1.9169820668580388	0.06824249460776391	0.7708702309832843	0.10046045671394158	97.51377572275769	102.6899225575337	0.002593229488159982	1.000097281355762
2.0741634289708744	1.9169820668580388	0.06824249460776391	0.7708702309832843	0.10046045671394158	97.51377572275769	102.6899225575337	0.002593229488159982	1.000097281355762
2.0741634289708744	1.9169820668580388	0.06824249460776391	0.7708702309832843	0.10046045671394158	97.51377572275769	102.6899225575337	0.002593229488159982	1.000097281355762
2.0741634289708744	1.9169820668580388	0.06824249460776391	0.7708702309832843	0.10046045671394158	97.51377572275769	102.6899225575337	0.002593229488159982	1.000097281355762
2.0741634289708744	1.9169820668580388	0.06824249460776391	0.7708702309832843	0.10046045671394158	97.51377572275769	102.6899225575337	0.002593229488159982	1.000097281355762
2.0741634289708744	1.9169820668580388	0.06824249460776391	0.7708702309832843	0.10046045671394158	97.51377572275769	102.6899225575337	0.002599578371317826	1.000097281355762
2.0741634289708744	1.9169820668580388	0.06824249460776391	0.7708702309832843	0.10046045671394158	97.51377572275769	102.6899225575337	0.002599578371317826	1.000097281355762
2.0741634289708744	1.9169820668580388	0.06824249460776391	0.7708702309832843	0.10046045671394158	97.51377572275769	102.6899225575337	0.002599578371317826	1.000097281355762
2.0741634289708744	1.9169820668580388	0.06824249460776391	0.7708702309832843	0.10046045671394158	97.51377572275769	102.6899225575337	0.002599578371317826	1.000097281355762
2.0741634289708744	1.9169820668580388	0.06824074767611718	0.7708702309832843	0.10046045671394158	97.51377572275769	102.6899225575337	0.002599578371317826	1.000097281355762
2.0741634289708744	1.9169820668580388	0.06824074767611718	0.7708488240528664	0.10046045671394158	97.51377572275769	102.6899225575337	0.002599578371317826	1.000097281355762
2.0741634289708744	1.9169820668580388	0.06824074767611718	0.7708488240528664	0.10046045671394158	97.51377572275769	102.6899225575337	0.002599578371317826	1.000097281355762
2.0741634289708744	1.9169820668580388	0.06823282102958238	0.7708488240528664	0.10046045671394158	97.51377572275769	102.6899225575337	0.002599578371317826	1.000097281355762
2.0741634289708744	1.9169820668580388	0.06823282102958238	0.7708488240528664	0.10046045671394158	97.51377572275769	102.6899225575337	0.002599578371317826	1.000097281355762
2.0741634289708744	1.9169820668580388	0.06823282102958238	0.7708488240528664	0.10046045671394158	97.51038902320562	102.6899225575337	0.002599578371317826	1.000097281355762
2.0741634289708744	1.9169820668580388	0.06823282102958238	0.7708527305829973	0.10046045671394158	97.51038902320562	102.6899225575337	0.002599578371317826	1.000097281355762
2.0741599003221314	1.9169820668580388	0.06823282102958238	0.7708527305829973	0.10046045671394158	97.51038902320562	102.6899225575337	0.002599578371317826	1.000097281355762
2.0741609564522987	1.9169820668580388	0.06823282102958238	0.7708527305829973	0.10046045671394158	97.51038902320562	102.6899225575337	0.002599578371317826	1.000097281355762
2.0741609564522987	1.9169820668580388	0.06823282102958238	0.7708527305829973	0.10046045671394158	97.51038902320562	102.6899225575337	0.002599578371317826	1.000097281355762
2.0741609564522987	1.917037886755392	0.06823282102958238	0.7708527305829973	0.10046045671394158	97.51038902320562	102.6899225575337	0.002599578371317826	1.000097281355762
2.0741609564522987	1.917037886755392	0.06823282102958238	0.7708527305829973	0.10046045671394158	97.51038902320562	102.64068125267032	0.002599578371317826	1.000097281355762
2.0712406079857217	1.917037886755392	0.06823282102958238	0.7708527305829973	0.10046045671394158	97.51038902320562	102.64068125267032	0.002599578371317826	1.000097281355762
2.0712406079857217	1.917037886755392	0.06823282102958238	0.7708527305829973	0.10046045671394158	97.51038902320562	102.64068125267032	0.002599578371317826	1.000097281355762
2.0712406079857217	1.917037886755392	0.06823282102958238	0.7708527305829973	0.10046045671394158	97.51038902320562	102.64055406983402	0.002599578371317826	1.000097281355762
2.0712406079857217	1.917037886755392	0.06823282102958238	0.7708527305829973	0.10046045671394158	97.51038902320562	102.64055406983402	0.002599578371317826	1.000097281355762
2.0712406079857217	1.917037886755392	0.06823282102958238	0.7708527305829973	0.10045587313474068	97.51038902320562	102.64055406983402	0.002599578371317826	1.000097281355762
2.0705012848218756	1.917037886755392	0.06823282102958238	0.7708527305829973	0.10045587313474068	97.51038902320562	102.64055406983402	0.002599578371317826	1.000097281355762
2.0705012848218756	1.917037886755392	0.06823282102958238	0.7708527305829973	0.10045587313474068	97.51038902320562	102.64055406983402	0.002586743115415895	1.000097281355762
2.0705012848218756	1.917037886755392	0.06823477059786709	0.7708527305829973	0.10045587313474068	97.51038902320562	102.64055406983402	0.002586743115415895	1.000097281355762
2.0705012848218756	1.917037886755392	0.06823477059786709	0.7708527305829973	0.10045587313474068	97.51038902320562	102.64055406983402	0.002586743115415895	1.000097281355762
2.0705012848218756	1.917037886755392	0.06823477059786709	0.7708527305829973	0.10045587313474068	97.51288538578459	102.64055406983402	0.002586743115415895	1.000097281355762
2.0705012848218756	1.917037886755392	0.06823477059786709	0.7708527305829973	0.10045587313474068	97.51288538578459	102.64055406983402	0.002586743115415895	1.000097281355762
2.0705012848218756	1.917037886755392	0.06823477059786709	0.7708527305829973	0.10045587313474068	97.51288538578459	102.64055406983402	0.002586743115415895	1.000097281355762
2.0705012848218756	1.917037886755392	0.06823477059786709	0.7709304219645268	0.10045587313474068	97.51288538578459	102.64055406983402	0.002586743115415895	1.000097281355762
2.0705012848218756	1.9170383405886104	0.06823477059786709	0.7709304219645268	0.10045587313474068	97.51288538578459	102.64055406983402	0.002586743115415895	1.000097281355762
2.0705078873311535	1.9170383405886104	0.06823477059786709	0.7709304219645268	0.10045587313474068	97.51288538578459	102.64055406983402	0.002586743115415895	1.000097281355762
2.0705078873311535	1.9170383405886104	0.06823477059786709	0.7709304219645268	0.10045587313474068	97.51288538578459	102.64055406983402	0.0027845391133721254	1.000097281355762
2.0705078873311535	1.9170383405886104	0.06823477059786709	0.7709304219645268	0.10045587313474068	97.51288538578459	102.64055406983402	0.0027845391133721254	1.000097281355762
2.0705078873311535	1.9170383405886104	0.06823477059786709	0.7709304219645268	0.10045587313474068	97.51288538578459	102.4491258506369	0.0027845391133721254	1.000097281355762
2.0705078873311535	1.9169809528465285	0.06823477059786709	0.7709304219645268	0.10045587313474068	97.51288538578459	102.4491258506369	0.0027845391133721254	1.000097281355762
2.0705078873311535	1.9169809528465285	0.06823477059786709	0.7709304219645268	0.10045587313474068	97.51288538578459	102.4491258506369	0.0027845391133721254	1.000097415487709
2.0705078873311535	1.9169809528465285	0.06823477059786709	0.7709304219645268	0.10045587313474068	97.51288538578459	102.4491258506369	0.0027845391133721254	1.000097415487709
2.0705078873311535	1.9169809528465285	0.06823477059786709	0.7709304219645268	0.10045587313474068	97.51288538578459	102.4491258506369	0.0027845391133721254	1.000097415487709
2.0705078873311535	1.9169809528465285	0.06823477059786709	0.7709355512736291	0.10045587313474068	97.51288538578459	102.4491258506369	0.0027845391133721254	1.000097415487709
2.0705078873311535	1.9169809528465285	0.06823477059786709	0.7709355512736291	0.10045587313474068	97.51288538578459	102.4491258506369	0.0027845391133721254	1.000097415487709
2.0705078873311535	1.9169809528465285	0.06823477059786709	0.7709355512736291	0.10045587313474068	97.51300832019241	102.4491258506369	0.0027845391133721254	1.000097415487709
2.0705078873311535	1.9169809528465285	0.06823477059786709	0.7709355512736291	0.10045587313474068	97.51300832019241	102.4491258506369	0.0027845391133721254	1.000097415487709
2.070507839769	1.9169809528465285	0.06823477059786709	0.7709355512736291	0.10045587313474068	97.51300832019241	102.4491258506369	0.0027845391133721254	1.000097415487709
2.070507839769	1.9169156657295012	0.06823477059786709	0.7709355512736291	0.10045587313474068	97.51300832019241	102.4491258506369	0.0027845391133721254	1.000097415487709
2.070507839769	1.9169156657295012	0.06823477059786709	0.7709355512736291	0.10045587313474068	97.51300832019241	102.4491258506369	0.0027845391133721254	1.000097415487709
2.070507839769	1.9169156657295012	0.06823477059786709	0.7709355512736291	0.10045587313474068	97.51300832019241	102.4491258506369	0.0027845391133721254	1.0000975421737892
2.070507839769	1.9169156657295012	0.06823477059786709	0.7709355512736291	0.10045587313474068	97.51300832019241	102.4491258506369	0.0027845391133721254	1.0000975421737892
2.070507839769	1.9169156657295012	0.06823477059786709	0.7709171980643061	0.10045587313474068	97.51300832019241	102.4491258506369	0.0027845391133721254	1.0000975421737892
2.070507839769	1.9169156657295012	0.06823477059786709	0.7709171980643061	0.10045587313474068	97.51300832019241	102.44589562393493	0.0027845391133721254	1.0000975421737892
2.070507839769	1.9169156657295012	0.06823477059786709	0.7716982664009007	0.10045587313474068	97.51300832019241	102.44589562393493	0.0027845391133721254	1.0000975421737892
2.070507839769	1.9169156657295012	0.06823477059786709	0.7716982664009007	0.10045587313474068	97.51300832019241	102.44589562393493	0.0027845391133721254	1.0000975421737892
2.070507839769	1.9169156657295012	0.06823477059786709	0.7716982664009007	0.10045584782627821	97.51300832019241	102.44589562393493	0.0027845391133721254	1.0000975421737892
2.070507839769	1.9169156657295012	0.06823477059786709	0.7716982664009007	0.10045584782627821	97.51300832019241	102.44589562393493	0.0027845846122754466	1.0000975421737892
2.070507839769	1.9169156657295012	0.06823477059786709	0.7716982664009007	0.10045584782627821	97.51300832019241	102.44589562393493	0.0027845846122754466	1.0000976684965344
2.070507839769	1.9169156657295012	0.06823477059786709	0.7716982664009007	0.10045584782627821	97.51300832019241	102.44589562393493	0.0027845846122754466	1.0000976684965344
2.070507839769	1.9169156657295012	0.06823477059786709	0.7720137519253097	0.10045584782627821	97.51300832019241	102.44589562393493	0.0027845846122754466	1.0000976684965344
2.070507839769	1.9169156657295012	0.06823477059786709	0.7720137519253097	0.10045584782627821	97.51300832019241	102.39767917062368	0.0027845846122754466	1.0000976684965344
2.070507839769	1.9169156657295012	0.06823477059786709	0.7720137519253097	0.10045584782627821	97.51300832019241	102.39767917062368	0.0027845846122754466	1.0000976684965344
2.070507839769	1.9169156657295012	0.06823477059786709	0.7713108672694448	0.10045584782627821	97.51300832019241	102.39767917062368	0.0027845846122754466	1.0000976684965344
2.070507839769	1.9169156657295012	0.06823477059786709	0.7713108672694448	0.10045584782627821	97.51300832019241	102.39767917062368	0.0027845846122754466	1.0000976684965344
2.070507839769	1.9169156657295012	0.06823477059786709	0.7713108672694448	0.10045584782627821	97.50939825339792	102.39767917062368	0.0027845846122754466	1.0000976684965344
2.070507839769	1.9169156657295012	0.06823477059786709	0.7713108672694448	0.10045584782627821	97.50939825339792	102.39767917062368	0.0027845846122754466	1.0000976684965344
2.070507839769	1.9169156657295012	0.06823477059786709	0.7713108672694448	0.10045584782627821	97.50939825339792	102.39767917062368	0.0027845846122754466	1.0000976684965344
2.070507839769	1.9154548890484544	0.06823477059786709	0.7713108672694448	0.10045584782627821	97.50939825339792	102.39767917062368	0.0027845846122754466	1.0000976684965344
2.070507839769	1.9154548890484544	0.06823477059786709	0.7713108672694448	0.10045584782627821	97.50939825339792	102.39767917062368	0.0027845807159632297	1.0000976684965344
2.070507839769	1.9154548890484544	0.06823477059786709	0.7712540832701525	0.10045584782627821	97.50939825339792	102.39767917062368	0.0027845807159632297	1.0000976684965344
2.070507839769	1.9154548890484544	0.06823477059786709	0.7712540832701525	0.10045584782627821	97.50939825339792	102.40842147725398	0.0027845807159632297	1.0000976684965344
2.070507839769	1.9154548890484544	0.06823477059786709	0.7712540832701525	0.10045584782627821	97.50939825339792	102.40842147725398	0.0027845807159632297	1.0000976684965344
2.070507839769	1.9154548890484544	0.06823477059786709	0.7712540832701525	0.10033278465863281	97.50939825339792	102.40842147725398	0.0027845807159632297	1.0000976684965344
2.070507839769	1.9154548890484544	0.06823477059786709	0.7712540832701525	0.10033278465863281	97.50943617764466	102.40842147725398	0.0027845807159632297	1.0000976684965344
2.070507839769	1.9154548890484544	0.06823477059786709	0.7712540832701525	0.10033278465863281	97.50943617764466	102.40842147725398	0.0027845807159632297	1.0000976684965344
2.0705075744076487	1.9154548890484544	0.06823477059786709	0.7712540832701525	0.10033278465863281	97.50943617764466	102.40842147725398	0.0027845807159632297	1.0000976684965344
2.0705075744076487	1.911486762870354	0.06823477059786709	0.7712540832701525	0.10033278465863281	97.50943617764466	102.40842147725398	0.0027845807159632297	1.0000976684965344
2.0705075744076487	1.911486762870354	0.06823477059786709	0.7712540832701525	0.10033278465863281	97.50943617764466	102.40874394884867	0.0027845807159632297	1.0000976684965344
2.0705075744076487	1.911486762870354	0.06823477059786709	0.7712540832701525	0.09960970280117382	97.50943617764466	102.40874394884867	0.0027845807159632297	1.0000976684965344
2.0705075744076487	1.911486762870354	0.06823477059786709	0.7712540832701525	0.09960970280117382	97.50943617764466	102.40874394884867	0.0027845807159632297	1.0000982207015174
2.0677756658554847	1.911486762870354	0.06823477059786709	0.7712540832701525	0.09960970280117382	97.50943617764466	102.40874394884867	0.0027845807159632297	1.0000982207015174
2.0677756658554847	1.908483178897137	0.06823477059786709	0.7712540832701525	0.09960970280117382	97.50943617764466	102.40874394884867	0.0027845807159632297	1.0000982207015174
2.0677756658554847	1.908483178897137	0.06823477059786709	0.7712540832701525	0.09960970280117382	97.50943617764466	102.40874394884867	0.0027845807159632297	1.0000982207015174
2.0677756658554847	1.908483178897137	0.06823477059786709	0.7712540832701525	0.09960970280117382	97.50943617764466	102.40874394884867	0.0027845807159632297	1.0000982207015174
2.0677756658554847	1.908483178897137	0.06823477059786709	0.7712366228558359	0.09960970280117382	97.50943617764466	102.40874394884867	0.0027845807159632297	1.0000982207015174
2.0677756658554847	1.9081534026318803	0.06823477059786709	0.7712366228558359	0.09960970280117382	97.50943617764466	102.40874394884867	0.0027845807159632297	1.0000982207015174
2.0677756658554847	1.9081534026318803	0.06823477059786709	0.7712366228558359	0.09960993331717594	97.50943617764466	102.40874394884867	0.0027845807159632297	1.0000982207015174
2.0677756658554847	1.9081534026318803	0.06823477059786709	0.7712366228558359	0.09960993331717594	97.50943617764466	102.40874394884867	0.0027845807159632297	1.0000982207015174
2.0677756658554847	1.9081534026318803	0.06823477059786709	0.7712366228558359	0.09960993331717594	97.50943617764466	102.40874394884867	0.0027845807159632297	1.0000982207015174
2.0677756658554847	1.9081534026318803	0.06823477059786709	0.7712366228558359	0.09960993331717594	97.50943617764466	102.40874394884867	0.0027846699928533733	1.0000982207015174
2.0677756658554847	1.9081534026318803	0.06823477059786709	0.7712366228558359	0.09960987412797165	97.50943617764466	102.40874394884867	0.0027846699928533733	1.0000982207015174
2.0677756658554847	1.9081534026318803	0.06823477059786709	0.7712366228558359	0.09960987412797165	97.50943617764466	102.40874394884867	0.0027846699928533733	1.0000982207015174
2.0677756658554847	1.9081534026318803	0.06823477059786709	0.7712366228558359	0.09960987412797165	97.50943617764466	102.40874394884867	0.0027846699928533733	1.0000982207015174
2.0677756658554847	1.9081534026318803	0.06823477059786709	0.7712366228558359	0.09960987412797165	97.50943617764466	102.40874394884867	0.0027846699928533733	1.0000982207015174
2.0677756658554847	1.9081534026318803	0.06823477059786709	0.7712366228558359	0.09960987412797165	97.50943617764466	102.40874394884867	0.0027846699928533733	1.0000982207015174
2.0677756658554847	1.9081534026318803	0.06823477059786709	0.7712366228558359	0.09960987412797165	97.50943617764466	102.40874394884867	0.0027846699928533733	1.0001022892699052
2.0677756658554847	1.9081534026318803	0.06823477059786709	0.7712366228558359	0.09960987412797165	97.50943617764466	102.40874394884867	0.0027846699928533733	1.0001022892699052
2.0677756658554847	1.9081534026318803	0.06823477059786709	0.7712366228558359	0.09960987412797165	97.50943617764466	102.40874394884867	0.0027846699928533733	1.0001022892699052
2.0677756658554847	1.9081534026318803	0.06823477059786709	0.7712366228558359	0.09960987412797165	97.50943617764466	102.40874394884867	0.0027846699928533733	1.0001022892699052
2.0677756658554847	1.9081534026318803	0.06823477059786709	0.7712366228558359	0.09960987412797165	97.50943617764466	102.40874394884867	0.0027846699928533733	1.00010232310079
2.0677756658554847	1.9081534026318803	0.06823477059786709	0.7712366228558359	0.09960987412797165	97.50943617764466	102.40874394884867	0.0027846699928533733	1.00010232310079
2.0677756658554847	1.9081534026318803	0.06823477059786709	0.7712366228558359	0.09960987412797165	97.50943617764466	102.40874394884867	0.0026824556512958335	1.00010232310079
2.0677756658554847	1.9081534026318803	0.06823477059786709	0.7712366228558359	0.09960987412797165	97.50943617764466	102.40874394884867	0.002671284402410258	1.00010232310079
2.0677756658554847	1.9079734332329947	0.06823477059786709	0.7712366228558359	0.09960987412797165	97.50943617764466	102.40874394884867	0.002671284402410258	1.00010232310079
2.0677756658554847	1.9079734332329947	0.06823477059786709	0.7712366228558359	0.09960987412797165	97.50943617764466	102.40874394884867	0.002671284402410258	1.0001037397184673
2.0677756658554847	1.9079734332329947	0.06823477059786709	0.7712366228558359	0.09960987412797165	97.50943617764466	102.40874394884867	0.002671284402410258	1.0001037397184673
2.0677756658554847	1.9079734332329947	0.06823477059786709	0.7712366228558359	0.09960987412797165	97.50943617764466	102.40002487324705	0.002671284402410258	1.0001037397184673
2.0677756658554847	1.9079734332329947	0.06823477059786709	0.7712366228558359	0.09960987412797165	97.50943617764466	102.40002487324705	0.002671284402410258	1.0001037397184673
2.0677756658554847	1.9079734332329947	0.06823477059786709	0.7712366228558359	0.09960987412797165	97.50977718506378	102.40002487324705	0.002671284402410258	1.0001037397184673
2.0677756658554847	1.907970732346493	0.06823477059786709	0.7712366228558359	0.09960987412797165	97.50977718506378	102.40002487324705	0.002671284402410258	1.0001037397184673
2.0677756658554847	1.9080387642517875	0.06823477059786709	0.7712366228558359	0.09960987412797165	97.50977718506378	102.40002487324705	0.002671284402410258	1.0001037397184673
2.0677756658554847	1.9080387642517875	0.06823477059786709	0.7712366228558359	0.09960987412797165	97.50977718506378	102.40002487324705	0.002671284402410258	1.0001037397184673
2.0677756658554847	1.9080387642517875	0.06823477059786709	0.7712366228558359	0.09960987412797165	97.50977718506378	102.40002487324705	0.002671284402410258	1.0001037397184673
2.0677756658554847	1.9080387642517875	0.06823477059786709	0.7712366228558359	0.09960987412797165	97.50977718506378	102.40002487324705	0.002671284402410258	1.0001037397184673
2.0677756658554847	1.9080387642517875	0.06823477059786709	0.7712366228558359	0.09960987412797165	97.50977718506378	102.40002487324705	0.002671284402410258	1.000103907462491
2.0677756658554847	1.9080387642517875	0.06823477059786709	0.7712366228558359	0.09960980407323755	97.50977718506378	102.40002487324705	0.002671284402410258	1.000103907462491
2.0677756658554847	1.9080387642517875	0.06823477059786709	0.7712366228558359	0.09960980407323755	97.50977718506378	102.2855696779453	0.002671284402410258	1.000103907462491
2.0677756658554847	1.9080387642517875	0.06823477059786709	0.7712366228558359	0.09960980407323755	97.50977718506378	102.2855696779453	0.002671284402410258	1.000103907462491
2.0677756658554847	1.9080387642517875	0.06823477059786709	0.7712366228558359	0.09960980407323755	97.50977718506378	102.2855696779453	0.002671284402410258	1.000103907462491
2.0677756658554847	1.9080387642517875	0.06823477059786709	0.7712366228558359	0.09960980407323755	97.50977718506378	102.2855696779453	0.002671284402410258	1.000103907462491
2.0677756658554847	1.9080387642517875	0.06823404558679097	0.7712366228558359	0.09960980407323755	97.50977718506378	102.2855696779453	0.002671284402410258	1.000103907462491
2.0677756658554847	1.9080387642517875	0.06823404558679097	0.7712366228558359	0.09960980407323755	97.50977718506378	102.2855696779453	0.002671284402410258	1.000107206603052
2.0677756658554847	1.9080387642517875	0.06823404558679097	0.7712366228558359	0.09960980407323755	97.50977718506378	102.2855696779453	0.002671284402410258	1.000107206603052
2.0677756658554847	1.9080387642517875	0.06823404558679097	0.7712366228558359	0.09981092409498052	97.50977718506378	102.2855696779453	0.002671284402410258	1.000107206603052
2.067790195626152	1.9080387642517875	0.06823404558679097	0.7712366228558359	0.09981092409498052	97.50977718506378	102.2855696779453	0.002671284402410258	1.000107206603052
2.067790195626152	1.9081896572166943	0.06823404558679097	0.7712366228558359	0.09981092409498052	97.50977718506378	102.2855696779453	0.002671284402410258	1.000107206603052
2.067790195626152	1.9081896572166943	0.06823404558679097	0.7712366228558359	0.09981096041236061	97.50977718506378	102.2855696779453	0.002671284402410258	1.000107206603052
2.067790195626152	1.9081896572166943	0.06823404558679097	0.7712366228558359	0.09981096041236061	97.50977718506378	102.2855696779453	0.002671284402410258	1.000107206603052
2.067790195626152	1.9081896572166943	0.06823404558679097	0.7712366228558359	0.09981096041236061	97.50977718506378	102.2855696779453	0.002671284402410258	1.000107206603052
2.067790195626152	1.9081896572166943	0.06823404558679097	0.7712366228558359	0.09981096041236061	97.50977718506378	102.2855696779453	0.0026234762306224313	1.000107206603052
2.067790195626152	1.9081896572166943	0.06823404558679097	0.7712366228558359	0.09981096041236061	97.50977718506378	102.2855696779453	0.0026234762306224313	1.000107206603052
2.067790195626152	1.9081896572166943	0.06823404558679097	0.7712366228558359	0.09981096041236061	97.50977718506378	102.2855696779453	0.0026234762306224313	1.000107206603052
2.067790195626152	1.9081896572166943	0.06823404558679097	0.7712366228558359	0.09981096041236061	97.50977718506378	102.2855696779453	0.0026234762306224313	1.000107206603052
2.067790195626152	1.9081896572166943	0.06823404558679097	0.7712366228558359	0.09981096041236061	97.50977718506378	102.2855696779453	0.0026234762306224313	1.000107206603052
2.067790195626152	1.9081896572166943	0.06823404558679097	0.7712366228558359	0.09981075740493339	97.50977718506378	102.2855696779453	0.0026234762306224313	1.000107206603052
2.067790195626152	1.908183780375218	0.06823404558679097	0.7712366228558359	0.09981075740493339	97.50977718506378	102.2855696779453	0.0026234762306224313	1.000107206603052
2.067790195626152	1.908183780375218	0.06823404558679097	0.7712366228558359	0.09981075740493339	97.50977718506378	102.2855696779453	0.0026234762306224313	1.000107206603052
2.067790195626152	1.908183780375218	0.06823404558679097	0.7712366228558359	0.09981075740493339	97.50977718506378	102.2855696779453	0.0026234762306224313	1.000107206603052
2.067790195626152	1.908183780375218	0.06823404558679097	0.7712401245584631	0.09981075740493339	97.50977718506378	102.2855696779453	0.0026234762306224313	1.000107206603052
2.067790195626152	1.908183780375218	0.06823404558679097	0.7712401245584631	0.09981075740493339	97.50977718506378	102.2855696779453	0.0026234762306224313	1.000107206603052
2.067790195626152	1.908183780375218	0.06823404558679097	0.7712401245584631	0.09981075740493339	97.50977718506378	102.2855696779453	0.0026234762306224313	1.000107206603052
2.067790195626152	1.908183780375218	0.06823404558679097	0.7712401245584631	0.09981075740493339	97.50977718506378	102.2855696779453	0.0026234762306224313	1.0001070520163247
2.067790195626152	1.908183780375218	0.06823404558679097	0.7712401245584631	0.09981075740493339	97.50977718506378	102.28530068675215	0.0026234762306224313	1.0001070520163247
2.067811632026588	1.908183780375218	0.06823404558679097	0.7712401245584631	0.09981075740493339	97.50977718506378	102.28530068675215	0.0026234762306224313	1.0001070520163247
2.067811632026588	1.9082355809126545	0.06823404558679097	0.7712401245584631	0.09981075740493339	97.50977718506378	102.28530068675215	0.0026234762306224313	1.0001070520163247
2.067811632026588	1.9082355809126545	0.06823404558679097	0.7712401245584631	0.09981075740493339	97.50977718506378	102.28530068675215	0.0026234762306224313	1.0001070520163247
2.067811632026588	1.9082355206445731	0.06823404558679097	0.7712401245584631	0.09981075740493339	97.50977718506378	102.28530068675215	0.0026234762306224313	1.0001070520163247
2.067811632026588	1.9082355206445731	0.06823404558679097	0.7712401245584631	0.09981075740493339	97.50977718506378	102.28530068675215	0.0026234762306224313	1.0001054453235685
2.067811632026588	1.9082355206445731	0.06823404558679097	0.7712401245584631	0.09981075740493339	97.50977718506378	102.28530068675215	0.0026234762306224313	1.0001054453235685
2.067811632026588	1.9082355206445731	0.06823404558679097	0.7712401245584631	0.09981075740493339	97.50977718506378	102.28530068675215	0.0026234762306224313	1.0001054453235685
2.067811632026588	1.9082355206445731	0.06823404558679097	0.7712401245584631	0.09981075740493339	97.50977718506378	102.28530068675215	0.002596713004348015	1.0001054453235685
2.067811632026588	1.9082355206445731	0.06823404558679097	0.7712401245584631	0.09981075740493339	97.50977718506378	102.28530068675215	0.002596713004348015	1.0001054453235685
2.067813150659852	1.9082355206445731	0.06823404558679097	0.7712401245584631	0.09981075740493339	97.50977718506378	102.28530068675215	0.002596713004348015	1.0001054453235685
2.067813150659852	1.908236898517687	0.06823404558679097	0.7712401245584631	0.09981075740493339	97.50977718506378	102.28530068675215	0.002596713004348015	1.0001054453235685
2.067813150659852	1.9082372148446989	0.06823404558679097	0.7712401245584631	0.09981075740493339	97.50977718506378	102.28530068675215	0.002596713004348015	1.0001054453235685
2.067813150659852	1.9082372148446989	0.06823404558679097	0.7712401245584631	0.09981075740493339	97.50977718506378	102.28530068675215	0.002596713004348015	1.0001054453235685
2.067810576662845	1.9082372148446989	0.06823404558679097	0.7712401245584631	0.09981075740493339	97.50977718506378	102.28530068675215	0.002596713004348015	1.0001054453235685
2.067810576662845	1.9082372148446989	0.06824064076266127	0.7712401245584631	0.09981075740493339	97.50977718506378	102.28530068675215	0.002596713004348015	1.0001054453235685
2.067810576662845	1.9082555695808991	0.06824064076266127	0.7712401245584631	0.09981075740493339	97.50977718506378	102.28530068675215	0.002596713004348015	1.0001054453235685
2.067810576662845	1.9082555695808991	0.06824064076266127	0.7712401245584631	0.09981075740493339	97.50977718506378	102.26248777218953	0.002596713004348015	1.0001054453235685
2.067810576662845	1.9082555695808991	0.06825555831963412	0.7712401245584631	0.09981075740493339	97.50977718506378	102.26248777218953	0.002596713004348015	1.0001054453235685
2.067810576662845	1.9082555695808991	0.06825555831963412	0.7712401245584631	0.09981075740493339	97.50977718506378	102.26248777218953	0.002596708331226133	1.0001054453235685
2.067792979078732	1.9082555695808991	0.06825555831963412	0.7712401245584631	0.09981075740493339	97.50977718506378	102.26248777218953	0.002596708331226133	1.0001054453235685
2.067792979078732	1.9082555695808991	0.06825555831963412	0.7712401245584631	0.09981075740493339	97.5125153342724	102.26248777218953	0.002596708331226133	1.0001054453235685
2.067792979078732	1.9082555695808991	0.06825555831963412	0.7712401245584631	0.09981075740493339	97.5125153342724	102.26248777218953	0.002596708331226133	1.0001054453235685
2.067792979078732	1.9082555695808991	0.06825555831963412	0.7712401245584631	0.09981093763072596	97.5125153342724	102.26248777218953	0.002596708331226133	1.0001054453235685
2.0680149218065647	1.9082555695808991	0.06825555831963412	0.7712401245584631	0.09981093763072596	97.5125153342724	102.26248777218953	0.002596708331226133	1.0001054453235685
2.0691520396709366	1.9082555695808991	0.06825555831963412	0.7712401245584631	0.09981093763072596	97.5125153342724	102.26248777218953	0.002596708331226133	1.0001054453235685
2.0691520396709366	1.9082555695808991	0.06825555831963412	0.7712401245584631	0.09981093763072596	97.5125153342724	102.26248777218953	0.002596708331226133	1.0001054453235685
2.0691520396709366	1.9082555695808991	0.06825555831963412	0.7712401245584631	0.09981093763072596	97.5125153342724	102.26248777218953	0.002596708331226133	1.0001054453235685
2.0691520396709366	1.9082555695808991	0.06825555831963412	0.7712401245584631	0.09981093763072596	97.5125153342724	102.26248777218953	0.002596708331226133	1.0001054453235685
2.0691520396709366	1.9082555695808991	0.06825555831963412	0.7712401245584631	0.09981093763072596	97.5125153342724	102.05736673143241	0.002596708331226133	1.0001054453235685
2.0691520396709366	1.9082555695808991	0.06825555831963412	0.7712401245584631	0.09981093763072596	97.5125153342724	102.05736673143241	0.002596708331226133	1.0001054453235685
2.0691520396709366	1.9082555695808991	0.06825555831963412	0.7712401245584631	0.09981093763072596	97.5125153342724	102.06060969079296	0.002596708331226133	1.0001054453235685
2.0691520396709366	1.9082555695808991	0.06825555831963412	0.7712401245584631	0.09981093763072596	97.5125153342724	102.06060969079296	0.002596708331226133	1.0001054145537345
2.0691520396709366	1.9082555695808991	0.06825555831963412	0.7712401245584631	0.09981093763072596	97.5125153342724	102.06060969079296	0.002596708331226133	1.0001054145537345
2.0691520396709366	1.9082555695808991	0.06825555831963412	0.7712401245584631	0.09981093763072596	97.5125153342724	102.06060969079296	0.002596708331226133	1.0001054145537345
2.0691520396709366	1.9082555695808991	0.06825555831963412	0.7712401245584631	0.09980629507737536	97.5125153342724	102.06060969079296	0.002596708331226133	1.0001054145537345
2.0696321417724244	1.9082555695808991	0.06825555831963412	0.7712401245584631	0.09980629507737536	97.5125153342724	102.06060969079296	0.002596708331226133	1.0001054145537345
2.0696321417724244	1.9082555695808991	0.06825555831963412	0.7712401245584631	0.09980629507737536	97.5125153342724	102.06060969079296	0.002596708331226133	1.0001054145537345
2.0696321417724244	1.9082555695808991	0.06825555831963412	0.7712401245584631	0.09980629507737536	97.51522871223199	102.06060969079296	0.002596708331226133	1.0001054145537345
2.0696321417724244	1.9082555695808991	0.06825555831963412	0.7712401245584631	0.09980629507737536	97.51522871223199	102.06060969079296	0.002596708331226133	1.0001054145537345
2.0696321417724244	1.9082555695808991	0.06825555831963412	0.7712401245584631	0.09980629507737536	97.51522871223199	102.06060969079296	0.002596708331226133	1.0001054145537345
2.0696321417724244	1.9082555695808991	0.06825555831963412	0.7712401245584631	0.09980629507737536	97.51522871223199	102.06060969079296	0.002596708331226133	1.0001054145537345
2.0696321417724244	1.9082555695808991	0.06825555831963412	0.7712401245584631	0.09980629507737536	97.51522871223199	102.06060969079296	0.002596708331226133	1.0001053310768324
2.0696321417724244	1.9082555695808991	0.06825555831963412	0.7712401245584631	0.09980629507737536	97.51522871223199	102.11200767759233	0.002596708331226133	1.0001053310768324
2.0696321417724244	1.9082555695808991	0.06825555831963412	0.7712401245584631	0.09980629507737536	97.51522871223199	102.11200767759233	0.002596708331226133	1.0001053310768324
2.0696321417724244	1.9082555695808991	0.06825555831963412	0.7712401245584631	0.09980629507737536	97.51522871223199	102.11200767759233	0.002596708331226133	1.0001053310768324
2.0696321417724244	1.9082555695808991	0.06825555831963412	0.7712401245584631	0.09980629507737536	97.51522871223199	102.11200767759233	0.002596708331226133	1.0001053310768324
2.0696321417724244	1.9082555695808991	0.06825555831963412	0.7712401245584631	0.09980629507737536	97.51522871223199	102.11200767759233	0.002596708331226133	1.0001053310768324
2.0696321417724244	1.9082308367239846	0.06825555831963412	0.7712401245584631	0.09980629507737536	97.51522871223199	102.11200767759233	0.002596708331226133	1.0001053310768324
2.069619315738485	1.9082308367239846	0.06825555831963412	0.7712401245584631	0.09980629507737536	97.51522871223199	102.11200767759233	0.002596708331226133	1.0001053310768324
2.069619315738485	1.9082308367239846	0.06825555831963412	0.7712401245584631	0.09980629507737536	97.51594128479297	102.11200767759233	0.002596708331226133	1.0001053310768324
2.068601092947496	1.9082308367239846	0.06825555831963412	0.7712401245584631	0.09980629507737536	97.51594128479297	102.11200767759233	0.002596708331226133	1.0001053310768324
2.068601092947496	1.9082308367239846	0.06825555831963412	0.7712401245584631	0.09980629507737536	97.51594128479297	104.58759420366007	0.002596708331226133	1.0001053310768324
2.068601092947496	1.9082308367239846	0.06825555831963412	0.7712401245584631	0.09980629507737536	97.51594128479297	104.58759420366007	0.002596708331226133	1.0001053310768324
2.068601092947496	1.9082308367239846	0.06825555831963412	0.7712401245584631	0.09980629507737536	97.51594128479297	104.58759420366007	0.002596708331226133	1.0001053310768324
2.068601092947496	1.9082308367239846	0.06825555831963412	0.7712401245584631	0.09980629507737536	97.51594128479297	104.58759420366007	0.0025970885761454304	1.0001053310768324
2.068601092947496	1.9082308367239846	0.06825555831963412	0.7712401245584631	0.09980529902750707	97.51594128479297	104.58759420366007	0.0025970885761454304	1.0001053310768324
2.068601092947496	1.9082308367239846	0.06825555831963412	0.7712401245584631	0.09980529902750707	97.51594128479297	104.58759420366007	0.0025970885761454304	1.0001053310768324
2.068601092947496	1.9082308367239846	0.06825555831963412	0.7712401245584631	0.09980529902750707	97.51594128479297	104.04611271653214	0.0025970885761454304	1.0001053310768324
2.068601092947496	1.9082308367239846	0.06825555831963412	0.7712401245584631	0.09980529902750707	97.51594128479297	104.04611271653214	0.0025970885761454304	1.0001053310768324
2.068601092947496	1.9082308367239846	0.06825555831963412	0.7712401245584631	0.09980529902750707	97.51594128479297	104.04611271653214	0.0025970885761454304	1.0001053310768324
2.065894621052628	1.9082308367239846	0.06825555831963412	0.7712401245584631	0.09980529902750707	97.51594128479297	104.04611271653214	0.0025970885761454304	1.0001053310768324
2.065894621052628	1.9082308367239846	0.06825555831963412	0.7712401245584631	0.09980529902750707	97.51594128479297	104.04611271653214	0.0025970885761454304	1.0001053310768324
2.065894621052628	1.9082308367239846	0.06825555831963412	0.7712401245584631	0.09980630180884173	97.51594128479297	104.04611271653214	0.0025970885761454304	1.0001053310768324
2.065894621052628	1.9082308367239846	0.06825555831963412	0.7712401245584631	0.09980630180884173	97.51594128479297	104.04611271653214	0.0025970885761454304	1.0001053310768324
2.065894621052628	1.9082308367239846	0.06825555831963412	0.7712401245584631	0.09980630180884173	97.51594128479297	104.04611271653214	0.002632300273923163	1.0001053310768324
2.065894621052628	1.9082419445695171	0.06825555831963412	0.7712401245584631	0.09980630180884173	97.51594128479297	104.04611271653214	0.002632300273923163	1.0001053310768324
2.065894621052628	1.9082419445695171	0.06825555831963412	0.7712401245584631	0.09980630180884173	97.51594128479297	103.99674131132618	0.002632300273923163	1.0001053310768324
2.065894621052628	1.9082419445695171	0.06825555831963412	0.7712401245584631	0.09980630180884173	97.51594128479297	103.99674131132618	0.002632300273923163	1.0001053310768324
2.065894621052628	1.9082419445695171	0.06825555831963412	0.7712401245584631	0.09980630180884173	97.51594128479297	103.99674131132618	0.002632300273923163	1.0001053310768324
2.065894621052628	1.9082419445695171	0.06825555831963412	0.7712401245584631	0.09980630180884173	97.51594128479297	103.99674131132618	0.002632300273923163	1.0001053310768324
2.065894621052628	1.9082419445695171	0.06825555831963412	0.7712401245584631	0.09980630180884173	97.51594128479297	104.18114716728763	0.002632300273923163	1.0001053310768324
2.065894621052628	1.9082419445695171	0.06825555831963412	0.7712401245584631	0.09980630180884173	97.51594128479297	104.18114716728763	0.002632300273923163	1.0001053310768324
2.065894621052628	1.9082419445695171	0.06825555831963412	0.7712401245584631	0.09980630180884173	97.51594128479297	104.18114716728763	0.002632300273923163	1.0001053310768324
2.065894621052628	1.9082419445695171	0.06825555831963412	0.7712401245584631	0.09980630180884173	97.51594128479297	104.18114716728763	0.002632300273923163	1.0001053310768324
2.0662170610670363	1.9082419445695171	0.06825555831963412	0.7712401245584631	0.09980630180884173	97.51594128479297	104.18114716728763	0.002632300273923163	1.0001053310768324
2.0662170610670363	1.9082419445695171	0.06825555831963412	0.7712401245584631	0.09978091960185208	97.51594128479297	104.18114716728763	0.002632300273923163	1.0001053310768324
2.0662170610670363	1.9082419445695171	0.06825555831963412	0.7712401245584631	0.09978091960185208	97.51594128479297	104.18114716728763	0.002632817335279595	1.0001053310768324
2.0662170610670363	1.9082419445695171	0.06825555831963412	0.7712979736971805	0.09978091960185208	97.51594128479297	104.18114716728763	0.002632817335279595	1.0001053310768324
2.0662170610670363	1.9082419445695171	0.06825555831963412	0.7712813617941644	0.09978091960185208	97.51594128479297	104.18114716728763	0.002632817335279595	1.0001053310768324
2.0662170610670363	1.9082419445695171	0.06825555831963412	0.7712813617941644	0.09978091960185208	97.51594128479297	104.17444931007259	0.002632817335279595	1.0001053310768324
2.0662170610670363	1.9082419445695171	0.06825555831963412	0.7712813617941644	0.09978091960185208	97.51594128479297	104.17444931007259	0.002632817335279595	1.0001053310768324
2.0662170610670363	1.9082419445695171	0.06825555831963412	0.7712813617941644	0.09978091960185208	97.51594128479297	104.17444931007259	0.002632817335279595	1.0001053310768324
2.0662170610670363	1.9082419445695171	0.06825555831963412	0.7712813617941644	0.09978091960185208	97.51594128479297	104.17444931007259	0.002632817335279595	1.0001053310768324
2.0662170610670363	1.9082419445695171	0.06825555831963412	0.7712813617941644	0.09978091960185208	97.51594128479297	104.17444931007259	0.002632817335279595	1.0001053310768324
2.0662170610670363	1.9082419445695171	0.06825555831963412	0.7712813617941644	0.09978091960185208	97.51594128479297	104.17444931007259	0.002632817335279595	1.0001053310768324
2.0662170610670363	1.9082419445695171	0.06825555831963412	0.7712813617941644	0.09978091960185208	97.51594128479297	104.17444931007259	0.002632817335279595	1.0001053310768324
2.0662170610670363	1.9082419445695171	0.06825555831963412	0.7712813617941644	0.09978091960185208	97.51594128479297	104.17444931007259	0.002632817335279595	1.0001053310768324
2.0662170610670363	1.9082419445695171	0.06825555831963412	0.7712813617941644	0.09978091960185208	97.51594128479297	104.17444931007259	0.0026327556679540598	1.0001053310768324
2.0662170610670363	1.9082419445695171	0.06825555831963412	0.7712813617941644	0.09978091960185208	97.51594128479297	104.17444931007259	0.002639850748173604	1.0001053310768324
2.0662170610670363	1.9082419445695171	0.06820417588048236	0.7712813617941644	0.09978091960185208	97.51594128479297	104.17444931007259	0.002639850748173604	1.0001053310768324
2.0662170610670363	1.9082419445695171	0.06820417588048236	0.7712813617941644	0.09978091960185208	97.51594128479297	104.17444931007259	0.002639850748173604	1.0001053310768324
2.0662170610670363	1.9082419445695171	0.06820417588048236	0.7712813617941644	0.09978091960185208	97.51594128479297	104.17444931007259	0.002637346178573912	1.0001053310768324
2.0662170610670363	1.9082419445695171	0.06820417588048236	0.7712813617941644	0.09978091960185208	97.51594128479297	104.17444931007259	0.002637346178573912	1.0001052374560417
2.0662170610670363	1.9082419445695171	0.06820417588048236	0.7712813617941644	0.09978091960185208	97.51594128479297	104.17444931007259	0.002637346178573912	1.0001052374560417
2.0662170610670363	1.9082419445695171	0.06820417588048236	0.7712813617941644	0.09978091960185208	97.51594128479297	104.17444931007259	0.002637346178573912	1.0001052374560417
2.0662170610670363	1.9082419445695171	0.06820417588048236	0.7712813617941644	0.09978091960185208	97.51594128479297	104.17444931007259	0.0026168139175510256	1.0001052374560417
2.0662170610670363	1.9082419445695171	0.06821825803333727	0.7712813617941644	0.09978091960185208	97.51594128479297	104.17444931007259	0.0026168139175510256	1.0001052374560417
2.066216353207001	1.9082419445695171	0.06821825803333727	0.7712813617941644	0.09978091960185208	97.51594128479297	104.17444931007259	0.0026168139175510256	1.0001052374560417
2.066216353207001	1.9082419445695171	0.06821825803333727	0.7712813617941644	0.09978091960185208	97.51594128479297	104.17444931007259	0.002616857155594132	1.0001052374560417
2.066216353207001	1.9082419445695171	0.06821825803333727	0.7712813617941644	0.09978232583107624	97.51594128479297	104.17444931007259	0.002616857155594132	1.0001052374560417
2.066216353207001	1.9082419445695171	0.06821825803333727	0.7712813617941644	0.09975681969987692	97.51594128479297	104.17444931007259	0.002616857155594132	1.0001052374560417
2.066212447759095	1.9082419445695171	0.06821825803333727	0.7712813617941644	0.09975681969987692	97.51594128479297	104.17444931007259	0.002616857155594132	1.0001052374560417
2.066212447759095	1.9082419445695171	0.06821825803333727	0.7712813617941644	0.09975681969987692	97.51594128479297	104.17444931007259	0.002616857155594132	1.0001052374560417
2.066212447759095	1.9082419445695171	0.06821825803333727	0.7712813617941644	0.09975681969987692	97.51594128479297	104.17314963233163	0.002616857155594132	1.0001052374560417
2.066212447759095	1.9082415444489444	0.06821825803333727	0.7712813617941644	0.09975681969987692	97.51594128479297	104.17314963233163	0.002616857155594132	1.0001052374560417
2.066212447759095	1.9082415444489444	0.06821825803333727	0.7712813617941644	0.09975681969987692	97.51594128479297	104.17314963233163	0.002620419934513448	1.0001052374560417
2.066212447759095	1.9082415444489444	0.06821825803333727	0.7712813617941644	0.09975681969987692	97.51594128479297	104.17314963233163	0.002620419934513448	1.0001052374560417
2.066212447759095	1.9082415444489444	0.06821825803333727	0.7712813617941644	0.09975681969987692	97.51594128479297	104.17314963233163	0.002620419934513448	1.0001052374560417
2.066212447759095	1.9082415444489444	0.06821825803333727	0.7712813617941644	0.09975678091494117	97.51594128479297	104.17314963233163	0.002620419934513448	1.0001052374560417
2.066212447759095	1.9082415444489444	0.06821825803333727	0.7712813617941644	0.09975678091494117	97.51594128479297	104.17314963233163	0.002620419934513448	1.0001052374560417
2.066212447759095	1.9082415444489444	0.06821825803333727	0.7712813617941644	0.09975678091494117	97.51594128479297	104.17314963233163	0.0026192108480225943	1.0001052374560417
2.066212447759095	1.9082415444489444	0.06821825803333727	0.7712813617941644	0.09975678091494117	97.51594128479297	104.17314963233163	0.0026192108480225943	1.0001024863647718
2.066212447759095	1.9082415444489444	0.06821825803333727	0.7712813617941644	0.09975678091494117	97.51594128479297	104.17314963233163	0.0026192108480225943	1.0001024863647718
2.066212447759095	1.9082415444489444	0.06821825803333727	0.7712813617941644	0.09975532649782512	97.51594128479297	104.17314963233163	0.0026192108480225943	1.0001024863647718
2.066212447759095	1.9082415444489444	0.06821825803333727	0.7712813617941644	0.09975532649782512	97.51594128479297	104.17314963233163	0.0026192108480225943	1.0001024863647718
2.066212447759095	1.9082415444489444	0.06826114937885876	0.7712813617941644	0.09975532649782512	97.51594128479297	104.17314963233163	0.0026192108480225943	1.0001024863647718
2.066212447759095	1.9082415444489444	0.06826114937885876	0.7712813617941644	0.09975532649782512	97.51594128479297	104.17314963233163	0.0026192108480225943	1.0001024863647718
2.066212447759095	1.9082415444489444	0.06826114937885876	0.7712813617941644	0.09975532649782512	97.51594128479297	104.17314963233163	0.0026192108480225943	1.0001024863647718
2.066212447759095	1.9082415444489444	0.06826114937885876	0.7712813617941644	0.09975532649782512	97.51594128479297	104.17314963233163	0.002619127912091488	1.0001024863647718
2.066212447759095	1.9082415444489444	0.06826114937885876	0.7712813617941644	0.09975532649782512	97.51587667504997	104.17314963233163	0.002619127912091488	1.0001024863647718
2.066212447759095	1.9082415444489444	0.06826114937885876	0.7712813617941644	0.09975477836175992	97.51587667504997	104.17314963233163	0.002619127912091488	1.0001024863647718
2.066212447759095	1.9082415444489444	0.06826114937885876	0.7711854152346531	0.09975477836175992	97.51587667504997	104.17314963233163	0.002619127912091488	1.0001024863647718
2.066212447759095	1.9082415444489444	0.06826114937885876	0.7711854152346531	0.09975477836175992	97.51587667504997	104.17314963233163	0.002619127912091488	1.000091240693702
2.066212447759095	1.9082399758888196	0.06826114937885876	0.7711854152346531	0.09975477836175992	97.51587667504997	104.17314963233163	0.002619127912091488	1.000091240693702
2.066212447759095	1.9082399758888196	0.06826114937885876	0.7711854152346531	0.09975477836175992	97.51587667504997	104.17314963233163	0.002619127912091488	1.000091240693702
2.066212447759095	1.9082399758888196	0.06826114937885876	0.7711854152346531	0.09975477836175992	97.51587667504997	104.17314963233163	0.002619127912091488	1.000091240693702
2.066211086154088	1.9082399758888196	0.06826114937885876	0.7711854152346531	0.09975477836175992	97.51587667504997	104.17314963233163	0.002619127912091488	1.000091240693702
2.066211086154088	1.9082399758888196	0.06826228088807984	0.7711854152346531	0.09975477836175992	97.51587667504997	104.17314963233163	0.002619127912091488	1.000091240693702
2.066613088795088	1.9082399758888196	0.06826228088807984	0.7711854152346531	0.09975477836175992	97.51587667504997	104.17314963233163	0.002619127912091488	1.000091240693702
2.066613088795088	1.9082399758888196	0.06826228088807984	0.7711854152346531	0.09975477836175992	97.51250054305079	104.17314963233163	0.002619127912091488	1.000091240693702
2.066613088795088	1.9082399758888196	0.06826228088807984	0.7711854152346531	0.09975477836175992	97.51250054305079	104.17314963233163	0.002619127912091488	1.000091240693702
2.066613088795088	1.9082399758888196	0.06826228088807984	0.7711854152346531	0.09975477836175992	97.51250054305079	104.17314963233163	0.002619127912091488	1.000091240693702
2.066613088795088	1.9082399758888196	0.06826228088807984	0.7711854152346531	0.09975477836175992	97.51250054305079	104.17325892129709	0.002619127912091488	1.000091240693702
2.066613088795088	1.9082408031970504	0.06826228088807984	0.7711854152346531	0.09975477836175992	97.51250054305079	104.17325892129709	0.002619127912091488	1.000091240693702
2.066613088795088	1.9082408031970504	0.06826228088807984	0.7711854152346531	0.09989262422978622	97.51250054305079	104.17325892129709	0.002619127912091488	1.000091240693702
2.066613088795088	1.9082408031970504	0.06826228088807984	0.7711854152346531	0.09989262422978622	97.51250054305079	104.17325892129709	0.002619127912091488	1.000091240693702
2.066613088795088	1.9082408031970504	0.06826228088807984	0.7711854152346531	0.09989262422978622	97.51250054305079	104.26816190684148	0.002619127912091488	1.000091240693702
2.066213611075331	1.9082408031970504	0.06826228088807984	0.7711854152346531	0.09989262422978622	97.51250054305079	104.26816190684148	0.002619127912091488	1.000091240693702
2.066213611075331	1.9082408031970504	0.06826228088807984	0.7711854152346531	0.09989262422978622	97.51250054305079	104.26816190684148	0.002619127912091488	1.000091240693702
2.066213611075331	1.9082408031970504	0.06826228088807984	0.7711854152346531	0.09989262422978622	97.51250054305079	104.26816190684148	0.002619127912091488	1.000091240693702
2.066213611075331	1.9082408031970504	0.06826228088807984	0.7711854152346531	0.09989262422978622	97.51250054305079	104.26816190684148	0.002619127912091488	1.000091240693702
2.066526318885596	1.9082408031970504	0.06826228088807984	0.7711854152346531	0.09989262422978622	97.51250054305079	104.26816190684148	0.002619127912091488	1.000091240693702
2.066526318885596	1.9082408031970504	0.06826228088807984	0.7711854152346531	0.09989262422978622	97.51250054305079	104.26768907919117	0.002619127912091488	1.000091240693702
2.066526318885596	1.9082669616574794	0.06826228088807984	0.7711854152346531	0.09989262422978622	97.51250054305079	104.26768907919117	0.002619127912091488	1.000091240693702
2.066526318885596	1.9082669616574794	0.06826228088807984	0.7711854152346531	0.09989262422978622	97.51250054305079	104.26768907919117	0.002619127912091488	1.000091240693702
2.066526318885596	1.9082669616574794	0.06826228088807984	0.7711854152346531	0.09989262422978622	97.51250054305079	104.26768907919117	0.0026336857832793305	1.000091240693702
2.066526318885596	1.9082669616574794	0.06826228088807984	0.7711854152346531	0.09989262422978622	97.51250054305079	104.26768907919117	0.0026336857832793305	1.000091240693702
2.066526318885596	1.9082669616574794	0.06826228088807984	0.7711854152346531	0.09989262422978622	97.51250054305079	104.26898411317201	0.0026336857832793305	1.000091240693702
2.066526318885596	1.9082669616574794	0.06826228088807984	0.7711854152346531	0.09989262422978622	97.51250054305079	104.26898411317201	0.0026336857832793305	1.000091240693702
2.066526318885596	1.9082669616574794	0.06826228088807984	0.7711854152346531	0.09989262422978622	97.51250054305079	104.26898411317201	0.0026336857832793305	1.000091240693702
2.066526318885596	1.9082669616574794	0.06826228088807984	0.7711854152346531	0.09989262422978622	97.51250054305079	101.30482245184932	0.0026336857832793305	1.000091240693702
2.066526318885596	1.9082669616574794	0.06826228088807984	0.7711854152346531	0.09989262422978622	97.51250054305079	101.30482245184932	0.0026336857832793305	1.000091240693702
2.066526318885596	1.9082685188939283	0.06826228088807984	0.7711854152346531	0.09989262422978622	97.51250054305079	101.30482245184932	0.0026336857832793305	1.000091240693702
2.066526318885596	1.9082685188939283	0.06826228088807984	0.7711854152346531	0.09989262422978622	97.51250054305079	101.30482245184932	0.0026336857832793305	1.000091240693702
2.066526318885596	1.9082685188939283	0.06826228088807984	0.7711854152346531	0.09989262422978622	97.51250054305079	101.30482245184932	0.0026336857832793305	1.000091240693702
2.066529664231899	1.9082685188939283	0.06826228088807984	0.7711854152346531	0.09989262422978622	97.51250054305079	101.30482245184932	0.0026336857832793305	1.000091240693702
2.066529664231899	1.9082685188939283	0.06826228088807984	0.7711854152346531	0.09989262422978622	97.51250054305079	101.30482245184932	0.0026336857832793305	1.000091240693702
2.066521692416178	1.9082685188939283	0.06826228088807984	0.7711854152346531	0.09989262422978622	97.51250054305079	101.30482245184932	0.0026336857832793305	1.000091240693702
2.066521692416178	1.9082685188939283	0.06826228088807984	0.7711854152346531	0.09989262422978622	97.51250054305079	101.30482245184932	0.0026226982675352805	1.000091240693702
2.066521692416178	1.9082685188939283	0.06826228088807984	0.7711854152346531	0.09989262422978622	97.51250054305079	101.30482245184932	0.0026226982675352805	1.000091240693702
2.066521692416178	1.9082685188939283	0.06826228088807984	0.7711854152346531	0.09989262422978622	97.51250054305079	101.30482245184932	0.0026226982675352805	1.000091240693702
2.066521692416178	1.9082685188939283	0.06826228088807984	0.7711854152346531	0.09989262422978622	97.51250054305079	101.30482245184932	0.0026226982675352805	1.000091240693702
2.066521692416178	1.9082685188939283	0.06826228088807984	0.7711854152346531	0.09989262422978622	97.51250054305079	101.30474167756681	0.0026226982675352805	1.000091240693702
2.066521692416178	1.9082577735119632	0.06826228088807984	0.7711854152346531	0.09989262422978622	97.51250054305079	101.30474167756681	0.0026226982675352805	1.000091240693702
2.066521692416178	1.9082577735119632	0.06826228088807984	0.7711854152346531	0.09989262422978622	97.51250054305079	101.30474167756681	0.0026226982675352805	1.000091240693702
2.066521692416178	1.9082577735119632	0.06826118040174282	0.7711854152346531	0.09989262422978622	97.51250054305079	101.30474167756681	0.0026226982675352805	1.000091240693702
2.066521692416178	1.9082577735119632	0.06826118040174282	0.7711854152346531	0.09989262422978622	97.50487277156523	101.30474167756681	0.0026226982675352805	1.000091240693702
2.066521692416178	1.9082532615976935	0.06826118040174282	0.7711854152346531	0.09989262422978622	97.50487277156523	101.30474167756681	0.0026226982675352805	1.000091240693702
2.066521692416178	1.9082118227032023	0.06826118040174282	0.7711854152346531	0.09989262422978622	97.50487277156523	101.30474167756681	0.0026226982675352805	1.000091240693702
2.066521692416178	1.9082118227032023	0.06826118040174282	0.7711854152346531	0.09989262422978622	97.50487277156523	101.30474167756681	0.0026226982675352805	1.000091240693702
2.06923306264462	1.9082118227032023	0.06826118040174282	0.7711854152346531	0.09989262422978622	97.50487277156523	101.30474167756681	0.0026226982675352805	1.000091240693702
2.06923306264462	1.9082118227032023	0.06826118040174282	0.7711854152346531	0.09989262422978622	97.50487277156523	101.30474167756681	0.0026226982675352805	1.000091240693702
2.06923306264462	1.9082118227032023	0.06826118040174282	0.7711854152346531	0.09989262422978622	97.50487277156523	101.30474167756681	0.0026226982675352805	1.000091240693702
2.06923306264462	1.9082118227032023	0.06826118040174282	0.7711854152346531	0.09989262422978622	97.50487277156523	101.30474167756681	0.0026226982675352805	1.000091240693702
2.0692358140400375	1.9082118227032023	0.06826118040174282	0.7711854152346531	0.09989262422978622	97.50487277156523	101.30474167756681	0.0026226982675352805	1.000091240693702
2.0692358140400375	1.9082118227032023	0.06826118040174282	0.7711854152346531	0.09989262422978622	97.5049703977153	101.30474167756681	0.0026226982675352805	1.000091240693702
2.0692358140400375	1.9082118227032023	0.06826118040174282	0.7711854152346531	0.09989262422978622	97.5049703977153	101.30474167756681	0.0026226982675352805	1.000091240693702
2.0692358140400375	1.9082118227032023	0.06826118040174282	0.7711854152346531	0.09989262422978622	97.5049703977153	101.30474167756681	0.0026226982675352805	1.000091240693702
2.0692358140400375	1.9082118227032023	0.06826118040174282	0.7711854152346531	0.09989262422978622	97.5049703977153	101.30474167756681	0.0026226982675352805	1.000091240693702
2.0692358140400375	1.9082118227032023	0.06826118040174282	0.7711854152346531	0.09989262422978622	97.5049703977153	101.30474167756681	0.0026226982675352805	1.000091240693702
2.069131563817599	1.9082118227032023	0.06826118040174282	0.7711854152346531	0.09989262422978622	97.5049703977153	101.30474167756681	0.0026226982675352805	1.000091240693702
2.069131563817599	1.9082118227032023	0.06829105407515028	0.7711854152346531	0.09989262422978622	97.5049703977153	101.30474167756681	0.0026226982675352805	1.000091240693702
2.069131563817599	1.9082118227032023	0.06829105407515028	0.7711854152346531	0.09989262422978622	97.5049703977153	101.30474167756681	0.0026226982675352805	1.000091240693702
2.069131563817599	1.9080477780210823	0.06829105407515028	0.7711854152346531	0.09989262422978622	97.5049703977153	101.30474167756681	0.0026226982675352805	1.000091240693702
2.069131563817599	1.9080477780210823	0.06829169591579008	0.7711854152346531	0.09989262422978622	97.5049703977153	101.30474167756681	0.0026226982675352805	1.000091240693702
2.069131563817599	1.9080477780210823	0.06829169591579008	0.7711854152346531	0.09989262422978622	97.5049703977153	101.30474167756681	0.0026226982675352805	1.000091240693702
2.069131563817599	1.9080477780210823	0.06829169591579008	0.7711854152346531	0.09989262422978622	97.5049703977153	101.30474167756681	0.0026227341455210833	1.000091240693702
2.069131563817599	1.9080477780210823	0.06829169591579008	0.7711854152346531	0.09989262422978622	97.5049703977153	101.30474167756681	0.0026229546998878975	1.000091240693702
2.069131563817599	1.9080477780210823	0.06829169591579008	0.7711854152346531	0.09989262422978622	97.5049703977153	101.30474167756681	0.0026229546998878975	1.000091240693702
2.069131563817599	1.9080477780210823	0.06829169591579008	0.7711854152346531	0.09989262422978622	97.50900003006528	101.30474167756681	0.0026229546998878975	1.000091240693702
2.069131563817599	1.9080477780210823	0.06829169591579008	0.7711854152346531	0.09989262422978622	97.50900003006528	101.30474167756681	0.0026244028802866917	1.000091240693702
2.069131563817599	1.9080477780210823	0.06829169591579008	0.7711854152346531	0.09989262422978622	97.49721370478215	101.30474167756681	0.0026244028802866917	1.000091240693702
2.069131563817599	1.9080477780210823	0.06829169591579008	0.7711854152346531	0.09989262422978622	97.49721370478215	101.30474167756681	0.0026244028802866917	1.000091240693702
2.069128489808461	1.9080477780210823	0.06829169591579008	0.7711854152346531	0.09989262422978622	97.49721370478215	101.30474167756681	0.0026244028802866917	1.000091240693702
2.069128489808461	1.9080477780210823	0.06829169591579008	0.7711854152346531	0.09989262422978622	97.49721370478215	101.30474167756681	0.0026244028802866917	1.000091240693702
2.069128489808461	1.9080477780210823	0.06829169591579008	0.7711854152346531	0.09986185831023578	97.49721370478215	101.30474167756681	0.0026244028802866917	1.000091240693702
2.069128489808461	1.9080477780210823	0.06829169591579008	0.7711854152346531	0.09986185831023578	97.49721370478215	101.30474167756681	0.0026244028802866917	1.000091240693702
2.069128489808461	1.9080477780210823	0.06829169591579008	0.7711854152346531	0.09986185831023578	97.49721370478215	101.30474167756681	0.0026244028802866917	1.000091240693702
2.069128489808461	1.9080477780210823	0.06829169591579008	0.7711854152346531	0.09986185831023578	97.49721370478215	101.30474167756681	0.0026244028802866917	1.000091240693702
2.069128489808461	1.9080477780210823	0.06829169591579008	0.7711854152346531	0.09986185831023578	97.49721370478215	102.08816175229909	0.0026244028802866917	1.000091240693702
2.069128489808461	1.9080477780210823	0.06829169591579008	0.7711854152346531	0.09986185831023578	97.49721370478215	102.08816175229909	0.0026244028802866917	1.0000879509195297
2.0662231627053145	1.9080477780210823	0.06829169591579008	0.7711854152346531	0.09986185831023578	97.49721370478215	102.08816175229909	0.0026244028802866917	1.0000879509195297
2.0662231627053145	1.9080477780210823	0.06829169591579008	0.7711854152346531	0.09986185831023578	97.49721370478215	102.08816175229909	0.0026244028802866917	1.0000879509195297
2.0662231627053145	1.9080477780210823	0.06829169591579008	0.7711854152346531	0.09986185831023578	97.49721370478215	102.08816175229909	0.0026244028802866917	1.0000879509195297
2.0662151426976987	1.9080477780210823	0.06829169591579008	0.7711854152346531	0.09986185831023578	97.49721370478215	102.08816175229909	0.0026244028802866917	1.0000879509195297
2.0662151426976987	1.9080477780210823	0.06829169591579008	0.7711854152346531	0.09984973146227813	97.49721370478215	102.08816175229909	0.0026244028802866917	1.0000879509195297
2.0662151426976987	1.9080477780210823	0.06829169591579008	0.7711854152346531	0.09984820181763417	97.49721370478215	102.08816175229909	0.0026244028802866917	1.0000879509195297
2.0662151426976987	1.9080477780210823	0.06829169591579008	0.7715506334596784	0.09984820181763417	97.49721370478215	102.08816175229909	0.0026244028802866917	1.0000879509195297
2.0662151426976987	1.9080477780210823	0.06829169591579008	0.7715506334596784	0.09984820181763417	97.49721370478215	102.08816175229909	0.0026244028802866917	1.0000879509195297
2.0662151426976987	1.9080477780210823	0.06829169591579008	0.7715506334596784	0.09984820181763417	97.49721370478215	102.08816175229909	0.0026244028802866917	1.0000879509195297
2.0662151426976987	1.9080477780210823	0.06829169591579008	0.7715506334596784	0.09984820181763417	97.49721370478215	102.08816175229909	0.0026244028802866917	1.0000879436477992
2.0662151426976987	1.9080477780210823	0.06829169591579008	0.7715506334596784	0.09984820181763417	97.49721370478215	102.08816175229909	0.0026244028802866917	1.0000879436477992
2.0662151426976987	1.9080477780210823	0.06829169591579008	0.7715506334596784	0.09984820181763417	97.49721370478215	102.08816175229909	0.0026244028802866917	1.0000879436477992
2.0662151426976987	1.9080477780210823	0.06829169591579008	0.7715506334596784	0.09984820181763417	97.49721370478215	102.08816175229909	0.0026244028802866917	1.0000879436477992
2.0662151426976987	1.9080477780210823	0.06829169591579008	0.7715506334596784	0.09984820181763417	97.49721370478215	102.08816175229909	0.0026242792976183273	1.0000879436477992
2.0662151426976987	1.9080477780210823	0.06829169591579008	0.7715506334596784	0.09984820181763417	97.49721370478215	102.08816175229909	0.0026242792976183273	1.0000879436477992
2.0662151426976987	1.908040920774316	0.06829169591579008	0.7715506334596784	0.09984820181763417	97.49721370478215	102.08816175229909	0.0026242792976183273	1.0000879436477992
2.0662151426976987	1.908040920774316	0.06829169591579008	0.7715506334596784	0.09984817293040013	97.49721370478215	102.08816175229909	0.0026242792976183273	1.0000879436477992
2.0662151426976987	1.908040920774316	0.06829169591579008	0.7715506334596784	0.09984817293040013	97.49588137725979	102.08816175229909	0.0026242792976183273	1.0000879436477992
2.0662151426976987	1.908040920774316	0.06829169591579008	0.7715506334596784	0.09984817293040013	97.49722144146985	102.08816175229909	0.0026242792976183273	1.0000879436477992
2.0662151426976987	1.908040920774316	0.06829169591579008	0.7715506334596784	0.09984817293040013	97.49722144146985	102.08816175229909	0.0026242792976183273	1.0000879436477992
2.0662151426976987	1.908040920774316	0.06829169591579008	0.7715506334596784	0.09963916120492407	97.49722144146985	102.08816175229909	0.0026242792976183273	1.0000879436477992
2.0662188692263093	1.908040920774316	0.06829169591579008	0.7715506334596784	0.09963916120492407	97.49722144146985	102.08816175229909	0.0026242792976183273	1.0000879436477992
2.0662188692263093	1.9080503355126368	0.06829169591579008	0.7715506334596784	0.09963916120492407	97.49722144146985	102.08816175229909	0.0026242792976183273	1.0000879436477992
2.0662188692263093	1.9080503355126368	0.06829169591579008	0.7715506334596784	0.09963916120492407	97.49722144146985	102.08816175229909	0.0026242792976183273	1.0000879436477992
2.0662188692263093	1.9080503355126368	0.06829169591579008	0.7715506334596784	0.09963916120492407	97.49722144146985	102.08816175229909	0.0026242792976183273	1.0000879436477992
2.0662188692263093	1.9080503355126368	0.06829169591579008	0.7715506334596784	0.09966132255743922	97.49722144146985	102.08816175229909	0.0026242792976183273	1.0000879436477992
2.0662188692263093	1.9080503355126368	0.06829169591579008	0.7715506334596784	0.09966120841476862	97.49722144146985	102.08816175229909	0.0026242792976183273	1.0000879436477992
2.0662188692263093	1.9080503355126368	0.06829169591579008	0.7715506334596784	0.09966120841476862	97.49722144146985	102.08816175229909	0.0026242792976183273	1.0000879436477992
2.0662188692263093	1.9080503355126368	0.06829169591579008	0.7715506334596784	0.09966120841476862	97.49722144146985	102.08816175229909	0.0026241709955664464	1.0000879436477992
2.0662188692263093	1.9080503355126368	0.06829169591579008	0.7715506334596784	0.09966120841476862	97.49722144146985	102.08816175229909	0.0026241709955664464	1.0000879436477992
2.0662188692263093	1.9080503355126368	0.06829169591579008	0.7715506334596784	0.09966120841476862	97.49722144146985	102.08816175229909	0.0026241709955664464	1.0000901943922869
2.0662188692263093	1.9080503355126368	0.06829169591579008	0.7715506334596784	0.09966120841476862	97.49722144146985	102.08816175229909	0.0026241709955664464	1.0000901943922869
2.0662188692263093	1.9080503355126368	0.06829169591579008	0.7715506334596784	0.09966120841476862	97.49722144146985	102.08816175229909	0.0026239781123740076	1.0000901943922869
2.0662188692263093	1.9080503355126368	0.06829169591579008	0.7715506334596784	0.09966120841476862	97.49799832134272	102.08816175229909	0.0026239781123740076	1.0000901943922869
2.0662188692263093	1.9080503355126368	0.06829169591579008	0.7715506334596784	0.09966120841476862	97.49799832134272	102.08816175229909	0.0026239781123740076	1.0000901943922869
2.0662188692263093	1.9080503355126368	0.06829169591579008	0.7715506334596784	0.09966120841476862	97.49799832134272	102.08816175229909	0.0026239781123740076	1.0000901943922869
2.0662188692263093	1.9080503355126368	0.06829169591579008	0.7714132403239405	0.09966120841476862	97.49799832134272	102.08816175229909	0.0026239781123740076	1.0000901943922869
2.0662188692263093	1.9080503355126368	0.06829169591579008	0.7714132403239405	0.09966120841476862	97.49073179600941	102.08816175229909	0.0026239781123740076	1.0000901943922869
2.0662188692263093	1.9080503355126368	0.06829169591579008	0.7714132403239405	0.09966124706023903	97.49073179600941	102.08816175229909	0.0026239781123740076	1.0000901943922869
2.0662188692263093	1.9080503355126368	0.06829169591579008	0.7714132403239405	0.09985023334177723	97.49073179600941	102.08816175229909	0.0026239781123740076	1.0000901943922869
2.0662188692263093	1.9080503355126368	0.06829169591579008	0.7714132403239405	0.09985023334177723	97.49073179600941	102.08816175229909	0.0026487271973746466	1.0000901943922869
2.0662188692263093	1.9080503355126368	0.06829169591579008	0.7714132403239405	0.09985023334177723	97.49073179600941	102.08816175229909	0.0026487271973746466	1.000087858777553
2.0662188692263093	1.9080503355126368	0.06829169591579008	0.7714132403239405	0.09985023334177723	97.49073179600941	102.08816175229909	0.0026487271973746466	1.000087858777553
2.0662188692263093	1.9080503355126368	0.06829169591579008	0.7714132403239405	0.09985023334177723	97.49827041638963	102.08816175229909	0.0026487271973746466	1.000087858777553
2.0662188692263093	1.9080503355126368	0.06829169591579008	0.7714132403239405	0.09985023334177723	97.49827041638963	102.08816175229909	0.0026487271973746466	1.000087858777553
2.0662188692263093	1.9080503355126368	0.06829169591579008	0.7714132403239405	0.09985023334177723	97.49827041638963	102.08816175229909	0.0026487271973746466	1.000087858777553
2.0662188692263093	1.9080503355126368	0.06829169591579008	0.7714132403239405	0.09985023334177723	97.493956393487	102.08816175229909	0.0026487271973746466	1.000087858777553
2.0662188692263093	1.9080502391106886	0.06829169591579008	0.7714132403239405	0.09985023334177723	97.493956393487	102.08816175229909	0.0026487271973746466	1.000087858777553
2.0662188692263093	1.9080502391106886	0.06829169591579008	0.7714132403239405	0.09985023334177723	97.49392826151922	102.08816175229909	0.0026487271973746466	1.000087858777553
2.0662188692263093	1.9080502391106886	0.06829169591579008	0.7714132403239405	0.09985023334177723	97.49392826151922	102.08816175229909	0.0026487271973746466	1.000087858777553
2.0662188692263093	1.9080502391106886	0.06829169591579008	0.7714132403239405	0.09985023334177723	97.49392826151922	102.08816175229909	0.0026487271973746466	1.000087858777553
2.0662188692263093	1.9080502391106886	0.06829169591579008	0.7714132403239405	0.09985023334177723	97.49392826151922	102.08816175229909	0.0026487271973746466	1.000087858777553
2.0662188692263093	1.9080502391106886	0.06829169591579008	0.7714132403239405	0.09985023334177723	97.48286506902194	102.08816175229909	0.0026487271973746466	1.000087858777553
2.0662188692263093	1.9080502391106886	0.06829169591579008	0.7714132403239405	0.09985016735324113	97.48286506902194	102.08816175229909	0.0026487271973746466	1.000087858777553
2.0662188692263093	1.9080502391106886	0.06829169591579008	0.7714132403239405	0.09985016735324113	97.48286506902194	102.08816175229909	0.0026487271973746466	1.000087858777553
2.0662188692263093	1.9080502391106886	0.06829169591579008	0.7714132403239405	0.09985016735324113	97.48286506902194	102.08816175229909	0.0026487271973746466	1.0000942959083376
2.0662188692263093	1.9080502391106886	0.06829169591579008	0.7714132403239405	0.09985016735324113	97.48286506902194	102.08816175229909	0.0026487271973746466	1.0000942959083376
2.0662188692263093	1.9080502391106886	0.06829169591579008	0.7714132403239405	0.09985016735324113	97.48286506902194	102.08816175229909	0.0026487271973746466	1.0000942959083376
2.0662188692263093	1.9080502391106886	0.06829169591579008	0.7714132403239405	0.09985016735324113	97.48286506902194	102.08816175229909	0.0026487271973746466	1.0000942959083376
2.0662188692263093	1.9080502391106886	0.06829169591579008	0.7714132403239405	0.09985016735324113	97.48286506902194	102.08816175229909	0.0026487271973746466	1.0000942959083376
2.0662188692263093	1.9080502391106886	0.06829169591579008	0.7714132403239405	0.09985016735324113	97.48286506902194	102.08816175229909	0.0026487271973746466	1.0000942959083376
2.0662188692263093	1.9080502391106886	0.06829169591579008	0.7714132403239405	0.09985016735324113	97.48286506902194	102.08816175229909	0.0026487271973746466	1.0000942959083376
2.0662188692263093	1.9080346397349601	0.06829169591579008	0.7714132403239405	0.09985016735324113	97.48286506902194	102.08816175229909	0.0026487271973746466	1.0000942959083376
2.0662188692263093	1.9080346397349601	0.06829169591579008	0.7714132403239405	0.09985016735324113	97.48286506902194	102.08816175229909	0.0026487271973746466	1.0000942959083376
2.0662188692263093	1.9080346397349601	0.06829169591579008	0.7714132403239405	0.09985016735324113	97.48286506902194	102.08638422625808	0.0026487271973746466	1.0000942959083376
2.0662188692263093	1.9080346397349601	0.06829169591579008	0.7714132403239405	0.09985016735324113	97.48286506902194	102.08638422625808	0.0026487271973746466	1.0000942959083376
2.0662188692263093	1.9080346397349601	0.06829169591579008	0.7714132403239405	0.09985016735324113	97.48286506902194	102.08638422625808	0.0026487271973746466	1.0000942959083376
2.0662188692263093	1.9080346397349601	0.06829169591579008	0.7714132403239405	0.09985016735324113	97.48286506902194	102.08638422625808	0.0026487271973746466	1.0000942959083376
2.0662188692263093	1.9080346397349601	0.06829169591579008	0.7714132403239405	0.09985016735324113	97.48286506902194	102.08638422625808	0.0026487271973746466	1.0000942959083376
2.0662188692263093	1.9080346397349601	0.06829169591579008	0.7714132403239405	0.09985016735324113	97.48286506902194	102.08638422625808	0.0026487271973746466	1.0000942959083376
2.0662188692263093	1.907995879245517	0.06829169591579008	0.7714132403239405	0.09985016735324113	97.48286506902194	102.08638422625808	0.0026487271973746466	1.0000942959083376
2.0662188692263093	1.907995879245517	0.06829169591579008	0.7714132403239405	0.09985016735324113	97.48286506902194	102.08638422625808	0.0026487271973746466	1.0000942959083376
2.0662188692263093	1.907995879245517	0.06829169591579008	0.7714132403239405	0.09985016735324113	97.48286506902194	102.08638422625808	0.0026487271973746466	1.000090206881988
2.0662188692263093	1.907995879245517	0.06829169591579008	0.7713631264501573	0.09985016735324113	97.48286506902194	102.08638422625808	0.0026487271973746466	1.000090206881988
2.0662188692263093	1.907995879245517	0.06829169591579008	0.7713631264501573	0.09985016735324113	97.48286506902194	102.08638422625808	0.002638577315174293	1.000090206881988
2.0662188692263093	1.907995879245517	0.06829169591579008	0.7713631264501573	0.0998712743226385	97.48286506902194	102.08638422625808	0.002638577315174293	1.000090206881988
2.0662188692263093	1.907995879245517	0.06829169591579008	0.7713631264501573	0.0998712743226385	97.48286506902194	102.08638422625808	0.002638577315174293	1.000090206881988
2.0662188692263093	1.907995879245517	0.06829169591579008	0.7713631264501573	0.0998712743226385	97.48286506902194	102.08638422625808	0.002638577315174293	1.000090206881988
2.0662188692263093	1.907995879245517	0.06829169591579008	0.7713631264501573	0.0998712743226385	97.48286506902194	102.08638422625808	0.002638577315174293	1.000090206881988
2.0662188692263093	1.907995879245517	0.06829169591579008	0.7713631264501573	0.09987020980489633	97.48286506902194	102.08638422625808	0.002638577315174293	1.000090206881988
2.0662188692263093	1.907995879245517	0.06829169591579008	0.7713631264501573	0.09987020980489633	97.48286506902194	102.08638422625808	0.002638577315174293	1.000090206881988
2.0662188692263093	1.907995879245517	0.06829169591579008	0.7713631264501573	0.09987020980489633	97.48286506902194	102.08638422625808	0.002638577315174293	1.000090206881988
2.0662188692263093	1.907995879245517	0.06829169591579008	0.7713631264501573	0.09987020980489633	97.49110707009463	102.08638422625808	0.002638577315174293	1.000090206881988
2.0662188692263093	1.907995879245517	0.06829169591579008	0.7713631264501573	0.09987020980489633	97.49176335781935	102.08638422625808	0.002638577315174293	1.000090206881988
2.0662075097706847	1.907995879245517	0.06829169591579008	0.7713631264501573	0.09987020980489633	97.49176335781935	102.08638422625808	0.002638577315174293	1.000090206881988
2.0662075097706847	1.907995879245517	0.06829169591579008	0.7713631264501573	0.09987020980489633	97.49176335781935	102.08638422625808	0.0026412674525709496	1.000090206881988
2.0662075097706847	1.907995879245517	0.06829169591579008	0.7713631264501573	0.09987020980489633	97.49176335781935	102.08638422625808	0.0027368878556869557	1.000090206881988
2.0662075097706847	1.907995879245517	0.06829169591579008	0.7713631264501573	0.09987020980489633	97.49176335781935	102.08638422625808	0.002660154319138138	1.000090206881988
2.0662075097706847	1.9081070556256976	0.06829169591579008	0.7713631264501573	0.09987020980489633	97.49176335781935	102.08638422625808	0.002660154319138138	1.000090206881988
2.0662075097706847	1.9081070556256976	0.06829169591579008	0.7713631264501573	0.09987020980489633	97.49176335781935	102.08638422625808	0.002660154319138138	1.000090206881988
2.0662075097706847	1.9081070556256976	0.06829169591579008	0.7713631264501573	0.09987020980489633	97.49176335781935	102.08638422625808	0.002660607410556506	1.000090206881988
2.0662075097706847	1.9081070556256976	0.06829169591579008	0.7713631264501573	0.09987020980489633	97.49176335781935	102.08638422625808	0.002660607410556506	1.000090206881988
2.0662075097706847	1.9081070556256976	0.06829169591579008	0.7713631264501573	0.09987020980489633	97.49176335781935	102.08638422625808	0.002660607410556506	1.000090206881988
2.0662075097706847	1.9081070556256976	0.06829169591579008	0.7713631264501573	0.09987020980489633	97.49176335781935	102.08638422625808	0.002660607410556506	1.000090206881988
2.0662075097706847	1.9081070556256976	0.06829169591579008	0.7713631264501573	0.09987020980489633	97.49176335781935	102.08638422625808	0.002660607410556506	1.000090206881988
2.0662075097706847	1.9081070556256976	0.06829169591579008	0.7713631264501573	0.09987020980489633	97.49176335781935	102.09135831541133	0.002660607410556506	1.000090206881988
2.0662075097706847	1.9081070556256976	0.06829169591579008	0.7713631264501573	0.09987020980489633	97.49176335781935	102.09135831541133	0.002660607410556506	1.000090206881988
2.0662075097706847	1.9083818103151982	0.06829169591579008	0.7713631264501573	0.09987020980489633	97.49176335781935	102.09135831541133	0.002660607410556506	1.000090206881988
2.0662075097706847	1.9083818103151982	0.06829169591579008	0.7709056169640957	0.09987020980489633	97.49176335781935	102.09135831541133	0.002660607410556506	1.000090206881988
2.0662075097706847	1.9083818103151982	0.06829169591579008	0.7709056169640957	0.09987020980489633	97.49176335781935	102.09135831541133	0.002660607410556506	1.000090206881988
2.0662075097706847	1.9083818103151982	0.06829169591579008	0.7709056169640957	0.09988247582914477	97.49176335781935	102.09135831541133	0.002660607410556506	1.000090206881988
2.0662075097706847	1.9083818103151982	0.06829169591579008	0.7709056169640957	0.09988247582914477	97.49176335781935	102.09135831541133	0.002660607410556506	1.000090206881988
2.0662075097706847	1.9083818103151982	0.06829169591579008	0.7709056169640957	0.09988247582914477	97.49176335781935	102.10022369388167	0.002660607410556506	1.000090206881988
2.0662075097706847	1.9083818103151982	0.06829169591579008	0.7709056169640957	0.09988247582914477	97.469080023028	102.10022369388167	0.002660607410556506	1.000090206881988
2.0662075097706847	1.9083818103151982	0.06829169591579008	0.7709056169640957	0.09988247582914477	97.469080023028	101.97445730662267	0.002660607410556506	1.000090206881988
2.0662075097706847	1.9083818103151982	0.06829169591579008	0.7709056169640957	0.09988247582914477	97.469080023028	101.97445730662267	0.002660607410556506	1.000090206881988
2.066287841058394	1.9083818103151982	0.06829169591579008	0.7709056169640957	0.09988247582914477	97.469080023028	101.97445730662267	0.002660607410556506	1.000090206881988
2.0662826364266462	1.9083818103151982	0.06829169591579008	0.7709056169640957	0.09988247582914477	97.469080023028	101.97445730662267	0.002660607410556506	1.000090206881988
2.0662826364266462	1.9083818103151982	0.06829169591579008	0.7709056169640957	0.09988247582914477	97.469080023028	101.97445730662267	0.002660607410556506	1.000090206881988
2.0662826364266462	1.9083818103151982	0.06829169591579008	0.7709056169640957	0.09988247582914477	97.469080023028	101.97445730662267	0.002660607410556506	1.000090206881988
2.0662826364266462	1.9083818103151982	0.06829169591579008	0.7709056169640957	0.09988247582914477	97.469080023028	101.97445730662267	0.002660607410556506	1.000090206881988
2.0662826364266462	1.9083818103151982	0.06829169591579008	0.7711397755547902	0.09988247582914477	97.469080023028	101.97445730662267	0.002660607410556506	1.000090206881988
2.0662826364266462	1.9083818103151982	0.06829169591579008	0.7711397755547902	0.09988247582914477	97.469080023028	101.92866225004683	0.002660607410556506	1.000090206881988
2.067572622335334	1.9083818103151982	0.06829169591579008	0.7711397755547902	0.09988247582914477	97.469080023028	101.92866225004683	0.002660607410556506	1.000090206881988
2.067572622335334	1.9083818103151982	0.06829169591579008	0.7711397755547902	0.09988247582914477	97.469080023028	101.92866225004683	0.002660607410556506	1.000090206881988
2.067572622335334	1.9083818103151982	0.06829169591579008	0.7711397755547902	0.09988247582914477	97.469080023028	101.92866225004683	0.002660607410556506	1.000090206881988
2.067572622335334	1.9083818103151982	0.06829169591579008	0.7711397755547902	0.09988247582914477	97.466191128656	101.92866225004683	0.002660607410556506	1.000090206881988
2.067572622335334	1.9083818103151982	0.06831040328096134	0.7711397755547902	0.09988247582914477	97.466191128656	101.92866225004683	0.002660607410556506	1.000090206881988
2.067572622335334	1.9083818103151982	0.06831040328096134	0.7711397755547902	0.09988247582914477	97.466191128656	101.92866225004683	0.002660464955700078	1.000090206881988
2.067572622335334	1.9083818103151982	0.06831040328096134	0.7712835141069831	0.09988247582914477	97.466191128656	101.92866225004683	0.002660464955700078	1.000090206881988
2.067572622335334	1.9083818103151982	0.06831040328096134	0.7712835141069831	0.09988247582914477	97.46731871291242	101.92866225004683	0.002660464955700078	1.000090206881988
2.067572622335334	1.9083818103151982	0.06831040328096134	0.7712835141069831	0.09988247582914477	97.46731871291242	101.92866225004683	0.002660464955700078	1.000090206881988
2.067572622335334	1.9083818103151982	0.06831040328096134	0.7712835141069831	0.09988247582914477	97.46729473198013	101.92866225004683	0.002660464955700078	1.000090206881988
2.0675784417934424	1.9083818103151982	0.06831040328096134	0.7712835141069831	0.09988247582914477	97.46729473198013	101.92866225004683	0.002660464955700078	1.000090206881988
2.0675784417934424	1.9083818103151982	0.06831040328096134	0.7712835141069831	0.09988247582914477	97.46729473198013	101.92866225004683	0.002660464955700078	1.000090206881988
2.0675784417934424	1.9083818103151982	0.06831040328096134	0.7712835141069831	0.09988247582914477	97.46729473198013	101.92866225004683	0.002660464955700078	1.000090166391657
2.0675784417934424	1.9083818103151982	0.06831040328096134	0.7712835141069831	0.09988247582914477	97.46729473198013	101.92866225004683	0.002660464955700078	1.000090166391657
2.0675784417934424	1.9083818103151982	0.06831040328096134	0.7712835141069831	0.09988247582914477	97.46729473198013	101.92866225004683	0.002660464955700078	1.000090166391657
2.0675784417934424	1.9083818103151982	0.06831040328096134	0.7712835141069831	0.09988247582914477	97.46729473198013	101.92866225004683	0.002660464955700078	1.000090166391657
2.0675784417934424	1.9083818103151982	0.06831040328096134	0.7712835141069831	0.09988247582914477	97.46729473198013	101.92866225004683	0.002660464955700078	1.000090166391657
2.0675784417934424	1.9083818103151982	0.06831040328096134	0.7712835141069831	0.09988247582914477	97.46729473198013	101.92866225004683	0.002660464955700078	1.000090166391657
2.0675784417934424	1.9083818103151982	0.06831040328096134	0.7712835141069831	0.09988247582914477	97.46729473198013	101.92866225004683	0.002660464955700078	1.000090166391657
2.0675784417934424	1.9083818103151982	0.06831040328096134	0.7712835141069831	0.09988247582914477	97.46729473198013	101.92866225004683	0.002660464955700078	1.000090166391657
2.0675784417934424	1.9083818103151982	0.06831040328096134	0.7712835141069831	0.09988247582914477	97.46729473198013	101.92866225004683	0.002660464955700078	1.000090166391657
2.0675784417934424	1.9083818103151982	0.06823390967600658	0.7712835141069831	0.09988247582914477	97.46729473198013	101.92866225004683	0.002660464955700078	1.000090166391657
2.0675784417934424	1.9083818103151982	0.06823390967600658	0.7712835141069831	0.09988247582914477	97.46729473198013	101.92866225004683	0.002660464955700078	1.0001043421883253
2.0675784417934424	1.9083818103151982	0.06823390967600658	0.7712835141069831	0.09988247582914477	97.46729473198013	101.92866225004683	0.002660464955700078	1.0001043421883253
2.0675784417934424	1.9083818103151982	0.06823390967600658	0.7712835141069831	0.09988247582914477	97.46729473198013	101.92866225004683	0.0026604606154105002	1.0001043421883253
2.0675784417934424	1.9083818103151982	0.06823390967600658	0.771291888432171	0.09988247582914477	97.46729473198013	101.92866225004683	0.0026604606154105002	1.0001043421883253
2.0675784417934424	1.9083818103151982	0.06823390967600658	0.771291888432171	0.09988247582914477	97.46729473198013	101.92866225004683	0.0026604606154105002	1.0001043421883253
2.0675784417934424	1.9083818103151982	0.06823390967600658	0.771291888432171	0.09988247582914477	97.46729473198013	101.92866225004683	0.0026604606154105002	1.0001043421883253
2.0675784417934424	1.9083818103151982	0.06823390967600658	0.771291888432171	0.09988247582914477	97.46729473198013	101.92866225004683	0.0026604606154105002	1.0001043421883253
2.0675784417934424	1.9083818103151982	0.06823390967600658	0.771291888432171	0.09988247582914477	97.46729473198013	101.92866225004683	0.0026604606154105002	1.0001036231093894
2.0675784417934424	1.9083818103151982	0.06823390967600658	0.7711720371619701	0.09988247582914477	97.46729473198013	101.92866225004683	0.0026604606154105002	1.0001036231093894
2.0675784417934424	1.9083818103151982	0.06823390967600658	0.7711720371619701	0.09988247582914477	97.46693380039169	101.92866225004683	0.0026604606154105002	1.0001036231093894
2.0675784417934424	1.9083818103151982	0.06823390967600658	0.7711720371619701	0.09988247582914477	97.46693380039169	101.92866225004683	0.0026604606154105002	1.0001036231093894
2.0675784417934424	1.9083818103151982	0.06823390967600658	0.7711720371619701	0.09988247582914477	97.46693380039169	101.92866225004683	0.0026605128791090315	1.0001036231093894
2.0675784417934424	1.9083818103151982	0.06823390967600658	0.7711720371619701	0.09988247582914477	97.46693380039169	101.92866225004683	0.0023639000670880594	1.0001036231093894
2.0675784417934424	1.9083818103151982	0.06823390967600658	0.7711779009932472	0.09988247582914477	97.46693380039169	101.92866225004683	0.0023639000670880594	1.0001036231093894
2.0675784417934424	1.9083818103151982	0.06823390967600658	0.7711779009932472	0.09988247582914477	97.46558006845763	101.92866225004683	0.0023639000670880594	1.0001036231093894
2.0675784417934424	1.9083818103151982	0.06823390967600658	0.7711779009932472	0.09988247582914477	97.45548139201938	101.92866225004683	0.0023639000670880594	1.0001036231093894
2.0675784417934424	1.9083818103151982	0.06823390967600658	0.7711779009932472	0.09988247582914477	97.45548139201938	101.92866225004683	0.0023639488689745844	1.0001036231093894
2.0672221162689493	1.9083818103151982	0.06823390967600658	0.7711779009932472	0.09988247582914477	97.45548139201938	101.92866225004683	0.0023639488689745844	1.0001036231093894
2.0672221162689493	1.9083818103151982	0.06823390967600658	0.7711779009932472	0.09988247582914477	97.45548139201938	101.92866225004683	0.0023639488689745844	1.0001036231093894
2.0672221162689493	1.9083818103151982	0.06823390967600658	0.7711779009932472	0.09988247582914477	97.45548139201938	101.92866225004683	0.0023639488689745844	1.0001036231093894
2.0672221162689493	1.9082845526638443	0.06823390967600658	0.7711779009932472	0.09988247582914477	97.45548139201938	101.92866225004683	0.0023639488689745844	1.0001036231093894
2.0672221162689493	1.9082845526638443	0.06823390967600658	0.7711779009932472	0.09988247582914477	97.45548139201938	101.92908342496087	0.0023639488689745844	1.0001036231093894
2.0672221162689493	1.9082845526638443	0.06823390967600658	0.7711779009932472	0.09988247582914477	97.45548139201938	101.92908342496087	0.0023639488689745844	1.0001036231093894
2.0672221162689493	1.9082845526638443	0.06823390967600658	0.7711779009932472	0.09988257725417664	97.45548139201938	101.92908342496087	0.0023639488689745844	1.0001036231093894
2.0672221162689493	1.9082845526638443	0.06823390967600658	0.7711779009932472	0.09988257725417664	97.45548139201938	101.92908342496087	0.0023639488689745844	1.0001036231093894
2.0672221162689493	1.9082845526638443	0.06823390967600658	0.7711779009932472	0.09988257725417664	97.45548139201938	101.92908342496087	0.0023639488689745844	1.0001036231093894
2.0672208216347454	1.9082845526638443	0.06823390967600658	0.7711779009932472	0.09988257725417664	97.45548139201938	101.92908342496087	0.0023639488689745844	1.0001036231093894
2.0672208216347454	1.9082854390632735	0.06823390967600658	0.7711779009932472	0.09988257725417664	97.45548139201938	101.92908342496087	0.0023639488689745844	1.0001036231093894
2.0670349213887023	1.9082854390632735	0.06823390967600658	0.7711779009932472	0.09988257725417664	97.45548139201938	101.92908342496087	0.0023639488689745844	1.0001036231093894
2.0670349213887023	1.9082854390632735	0.06823390967600658	0.7711779009932472	0.09988257725417664	97.45548139201938	101.92908342496087	0.0023639488689745844	1.0001036231093894
2.0670267829482114	1.9082854390632735	0.06823390967600658	0.7711779009932472	0.09988257725417664	97.45548139201938	101.92908342496087	0.0023639488689745844	1.0001036231093894
2.0670267829482114	1.9082854390632735	0.06823390967600658	0.7711779009932472	0.09988257725417664	97.45548139201938	101.92908342496087	0.0023639488689745844	1.0001036231093894
2.0670267829482114	1.9082854390632735	0.06823390967600658	0.7712358119182421	0.09988257725417664	97.45548139201938	101.92908342496087	0.0023639488689745844	1.0001036231093894
2.0670267829482114	1.9082854390632735	0.06823390967600658	0.7712358119182421	0.09988257725417664	97.45548139201938	101.92908342496087	0.0023639488689745844	1.0001036231093894
2.0670267829482114	1.9082854390632735	0.06823390967600658	0.7712358119182421	0.09988257725417664	97.45548139201938	101.92960774850064	0.0023639488689745844	1.0001036231093894
2.0670267829482114	1.9082854390632735	0.06823390967600658	0.7712358119182421	0.09988257725417664	97.45548139201938	101.92960774850064	0.002363638410100169	1.0001036231093894
2.067080466589844	1.9082854390632735	0.06823390967600658	0.7712358119182421	0.09988257725417664	97.45548139201938	101.92960774850064	0.002363638410100169	1.0001036231093894
2.067080466589844	1.9082854390632735	0.06823390967600658	0.7712358119182421	0.09988257725417664	97.45548139201938	101.92960774850064	0.002360395310304144	1.0001036231093894
2.067080466589844	1.9082854390632735	0.06823390967600658	0.7712358119182421	0.09988257725417664	97.45548139201938	101.92960774850064	0.002360395310304144	1.0001036231093894
2.067080466589844	1.9082854390632735	0.06823390967600658	0.7712358119182421	0.09988257725417664	97.45548139201938	101.92960774850064	0.002360395310304144	1.0001036231093894
2.067080466589844	1.9082854390632735	0.06823390967600658	0.7712358119182421	0.09988257725417664	97.45548139201938	101.92960774850064	0.002360395310304144	1.0001036231093894
2.067080466589844	1.9082854390632735	0.06823390967600658	0.7712358119182421	0.09988257725417664	97.45548139201938	101.92960774850064	0.0023357398687304048	1.0001036231093894
2.067080466589844	1.9082854390632735	0.06823390967600658	0.7712358119182421	0.09988257725417664	97.45509025529641	101.92960774850064	0.0023357398687304048	1.0001036231093894
2.067080466589844	1.9082854390632735	0.06823390967600658	0.7712358119182421	0.09988257725417664	97.45509025529641	101.93142367787402	0.0023357398687304048	1.0001036231093894
2.067080466589844	1.9082854390632735	0.06823390967600658	0.7712358119182421	0.09988257725417664	97.45509025529641	101.93142367787402	0.0023357398687304048	1.0001036231093894
2.067080466589844	1.9082854390632735	0.06823390967600658	0.7712358119182421	0.09988257725417664	97.45509025529641	101.93142367787402	0.0024794132729414474	1.0001036231093894
2.067080466589844	1.9082854390632735	0.06823390967600658	0.7712358119182421	0.09988257725417664	97.45509025529641	101.93142367787402	0.0024794132729414474	1.0001030414230485
2.067080466589844	1.9082854390632735	0.06823390967600658	0.7712358119182421	0.09988257725417664	97.45509025529641	101.93142367787402	0.0024794132729414474	1.0001030414230485
2.067080466589844	1.9082854390632735	0.06823390967600658	0.7712358119182421	0.09988257725417664	97.45509025529641	101.93142367787402	0.0024794132729414474	1.0001030414230485
2.067080466589844	1.9082854390632735	0.06823390967600658	0.7712358119182421	0.09988257725417664	97.45509025529641	101.93142367787402	0.0024794132729414474	1.0001030414230485
2.067080466589844	1.9082854390632735	0.06823390967600658	0.7712358119182421	0.09988257725417664	97.45509025529641	101.93302538968058	0.0024794132729414474	1.0001030414230485
2.067080466589844	1.9082854390632735	0.06823390967600658	0.7712358119182421	0.09988257725417664	97.45509025529641	101.93302538968058	0.0024794132729414474	1.0001030414230485
2.067080466589844	1.9082854390632735	0.06823390967600658	0.7712358119182421	0.09988257725417664	97.45509025529641	101.93302538968058	0.0024794132729414474	1.0001030414230485
2.067080466589844	1.9082854390632735	0.06823390967600658	0.7712403774991754	0.09988257725417664	97.45509025529641	101.93302538968058	0.0024794132729414474	1.0001030414230485
2.067080466589844	1.9082854390632735	0.06823390967600658	0.7712403774991754	0.09988257725417664	97.454938944142	101.93302538968058	0.0024794132729414474	1.0001030414230485
2.067080466589844	1.9082854390632735	0.06823390967600658	0.7712403774991754	0.09988257725417664	97.454938944142	101.93302538968058	0.0024794132729414474	1.000101537031748
2.067080466589844	1.9082854390632735	0.06823390967600658	0.7712403774991754	0.09988257725417664	97.454938944142	101.93302538968058	0.0024794903804972444	1.000101537031748
2.067080466589844	1.9082854390632735	0.06823390967600658	0.7712403774991754	0.09988257725417664	97.454938944142	101.93302538968058	0.0024794903804972444	1.000101537031748
2.067080466589844	1.9082854390632735	0.06823390967600658	0.7712403774991754	0.09988257725417664	97.454938944142	101.93302538968058	0.0024794903804972444	1.000101537031748
2.067080466589844	1.9082854390632735	0.06823390967600658	0.7712403774991754	0.09988257725417664	97.454938944142	101.93302538968058	0.0024794903804972444	1.000101537031748
2.067080466589844	1.9082854390632735	0.06823390967600658	0.7712403774991754	0.09988257725417664	97.454938944142	101.93302538968058	0.0024794903804972444	1.000101537031748
2.067080466589844	1.9082854390632735	0.06823390967600658	0.7712403774991754	0.09988257725417664	97.4464860013595	101.93302538968058	0.0024794903804972444	1.000101537031748
2.067080466589844	1.9082854390632735	0.06823390967600658	0.7712403774991754	0.09988257725417664	97.4464860013595	101.93302538968058	0.002511417995029438	1.000101537031748
2.067080466589844	1.9082854390632735	0.06823390967600658	0.7712403774991754	0.09988262395774475	97.4464860013595	101.93302538968058	0.002511417995029438	1.000101537031748
2.067080466589844	1.9082854390632735	0.06823390967600658	0.7712403774991754	0.09988262395774475	97.4464860013595	101.93302538968058	0.002511417995029438	1.000101537031748
2.0671891412996537	1.9082854390632735	0.06823390967600658	0.7712403774991754	0.09988262395774475	97.4464860013595	101.93302538968058	0.002511417995029438	1.000101537031748
2.0671891412996537	1.9082854390632735	0.06823390967600658	0.7712403774991754	0.09988262395774475	97.4464860013595	101.93302538968058	0.0025109519883779645	1.000101537031748
2.06718161591216	1.9082854390632735	0.06823390967600658	0.7712403774991754	0.09988262395774475	97.4464860013595	101.93302538968058	0.0025109519883779645	1.000101537031748
2.06718161591216	1.9082854390632735	0.06823390967600658	0.7712403774991754	0.09987763795437037	97.4464860013595	101.93302538968058	0.0025109519883779645	1.000101537031748
2.06718161591216	1.9082854390632735	0.06823390967600658	0.7712403774991754	0.09979449726359144	97.4464860013595	101.93302538968058	0.0025109519883779645	1.000101537031748
2.06718161591216	1.9082854390632735	0.06823382226632116	0.7712403774991754	0.09979449726359144	97.4464860013595	101.93302538968058	0.0025109519883779645	1.000101537031748
2.06718161591216	1.9082854390632735	0.06823382226632116	0.7712403774991754	0.09979449726359144	97.4464860013595	101.93302538968058	0.0025109519883779645	1.000101537031748
2.06718161591216	1.9082854390632735	0.06823382226632116	0.7712403774991754	0.09979449726359144	97.4464860013595	101.93302538968058	0.0025109519883779645	1.000101537031748
2.06718161591216	1.9082854390632735	0.06823382226632116	0.7712403774991754	0.09979449726359144	97.4464860013595	101.93302538968058	0.0025109519883779645	1.000101537031748
2.06718161591216	1.9082854390632735	0.06823382226632116	0.7712403774991754	0.09979449726359144	97.4464860013595	101.90313955181114	0.0025109519883779645	1.000101537031748
2.06718161591216	1.9082854390632735	0.06823235025236508	0.7712403774991754	0.09979449726359144	97.4464860013595	101.90313955181114	0.0025109519883779645	1.000101537031748
2.06718161591216	1.9082854390632735	0.06823235025236508	0.7712403774991754	0.09979449726359144	97.44658723801682	101.90313955181114	0.0025109519883779645	1.000101537031748
2.06718161591216	1.9082854390632735	0.06823235025236508	0.7712403774991754	0.09979449726359144	97.44658723801682	101.90313955181114	0.0025109519883779645	1.000101537031748
2.06718161591216	1.9082854390632735	0.06823235025236508	0.7712469422957666	0.09979449726359144	97.44658723801682	101.90313955181114	0.0025109519883779645	1.000101537031748
2.06718161591216	1.9082854390632735	0.06821409427081998	0.7712469422957666	0.09979449726359144	97.44658723801682	101.90313955181114	0.0025109519883779645	1.000101537031748
2.06718161591216	1.9082854390632735	0.06821409427081998	0.7712469422957666	0.09979449726359144	97.44658723801682	101.90313955181114	0.0025109519883779645	1.000101537031748
2.06718161591216	1.9082854390632735	0.06821409427081998	0.7712356953151067	0.09979449726359144	97.44658723801682	101.90313955181114	0.0025109519883779645	1.000101537031748
2.0671527760470916	1.9082854390632735	0.06821409427081998	0.7712356953151067	0.09979449726359144	97.44658723801682	101.90313955181114	0.0025109519883779645	1.000101537031748
2.0671527760470916	1.9082854390632735	0.06821409427081998	0.7712356953151067	0.09979449726359144	97.44658723801682	101.90313955181114	0.0025109519883779645	1.000101537031748
2.0671527760470916	1.9082854390632735	0.06821409427081998	0.7712356953151067	0.09979449726359144	97.44658723801682	101.90313955181114	0.0025109519883779645	1.000101537031748
2.0671527760470916	1.9082854390632735	0.06821409427081998	0.7712356953151067	0.0996005287627169	97.44658723801682	101.90313955181114	0.0025109519883779645	1.000101537031748
2.0671527760470916	1.9082854390632735	0.06821409427081998	0.7712356953151067	0.0996005287627169	97.44658723801682	101.90313955181114	0.0025109519883779645	1.0001033452827013
2.0671525123368966	1.9082854390632735	0.06821409427081998	0.7712356953151067	0.0996005287627169	97.44658723801682	101.90313955181114	0.0025109519883779645	1.0001033452827013
2.0671525123368966	1.9082854390632735	0.06821409427081998	0.7712356953151067	0.0996005287627169	97.44658723801682	101.90313955181114	0.0025109634001774057	1.0001033452827013
2.0671525123368966	1.9083047294067939	0.06821409427081998	0.7712356953151067	0.0996005287627169	97.44658723801682	101.90313955181114	0.0025109634001774057	1.0001033452827013
2.0671525123368966	1.9083047294067939	0.06821409427081998	0.7712356953151067	0.0996005287627169	97.44658723801682	101.90313955181114	0.00251099146627284	1.0001033452827013
2.0671525123368966	1.9083047294067939	0.06821409427081998	0.7712356953151067	0.0996005287627169	97.44658723801682	101.90313955181114	0.00251099146627284	1.0001033452827013
2.0671525123368966	1.9083047294067939	0.06821409427081998	0.7712045980205496	0.0996005287627169	97.44658723801682	101.90313955181114	0.00251099146627284	1.0001033452827013
2.0671525123368966	1.9083047294067939	0.06821409427081998	0.7712045980205496	0.09960042365290478	97.44658723801682	101.90313955181114	0.00251099146627284	1.0001033452827013
2.0671525123368966	1.908209940722125	0.06821409427081998	0.7712045980205496	0.09960042365290478	97.44658723801682	101.90313955181114	0.00251099146627284	1.0001033452827013
2.0671525123368966	1.908209940722125	0.06821409427081998	0.7712045980205496	0.09960042365290478	97.44658723801682	101.90313955181114	0.00251099146627284	1.0001033452827013
2.0671525123368966	1.908209940722125	0.06821409427081998	0.7712045980205496	0.09960042365290478	97.44658723801682	101.90313955181114	0.002510459852095642	1.0001033452827013
2.0671525123368966	1.908209940722125	0.06821409427081998	0.7712045980205496	0.09960042365290478	97.44658723801682	101.90313955181114	0.002510459852095642	1.0001033452827013
2.0671525123368966	1.908209940722125	0.06821409427081998	0.7712045980205496	0.09960042365290478	97.44658723801682	101.90313955181114	0.002510459852095642	1.0001033452827013
2.0671525123368966	1.908209940722125	0.06821409427081998	0.7712045980205496	0.09960042365290478	97.44658723801682	101.90313955181114	0.002510459852095642	1.0001033452827013
2.0671525123368966	1.908209940722125	0.06821409427081998	0.7712045980205496	0.09960042365290478	97.44658723801682	101.9033787857267	0.002510459852095642	1.0001033452827013
2.0671525123368966	1.908209940722125	0.06821409427081998	0.7712045980205496	0.09960042365290478	97.44658723801682	101.9033787857267	0.002510459852095642	1.0001033452827013
2.0671525123368966	1.908209940722125	0.06821409427081998	0.7712045980205496	0.09960042365290478	97.44658723801682	101.9033787857267	0.0025104904177650723	1.0001033452827013
2.0671525123368966	1.908209940722125	0.06821409427081998	0.7712045980205496	0.09960042365290478	97.44658723801682	101.9033787857267	0.0025104904177650723	1.0001033452827013
2.0671525123368966	1.908209940722125	0.06821409427081998	0.7712045980205496	0.09960042365290478	97.44658723801682	101.9033787857267	0.0025104904177650723	1.0001033452827013
2.0671525123368966	1.9082064860257033	0.06821409427081998	0.7712045980205496	0.09960042365290478	97.44658723801682	101.9033787857267	0.0025104904177650723	1.0001033452827013
2.067102030755867	1.9082064860257033	0.06821409427081998	0.7712045980205496	0.09960042365290478	97.44658723801682	101.9033787857267	0.0025104904177650723	1.0001033452827013
2.067102030755867	1.9082064860257033	0.06821409427081998	0.7712045980205496	0.09960042365290478	97.44658723801682	101.9033787857267	0.0025104242079777525	1.0001033452827013
2.067102030755867	1.9082064860257033	0.06821409427081998	0.7712045980205496	0.09960042365290478	97.44658723801682	101.9033787857267	0.0025140115229298006	1.0001033452827013
2.067102030755867	1.9082064860257033	0.06821409427081998	0.7712045980205496	0.0996040743828456	97.44658723801682	101.9033787857267	0.0025140115229298006	1.0001033452827013
2.067102030755867	1.9082064860257033	0.06821409427081998	0.7712045980205496	0.0996040743828456	97.44658723801682	104.26093420111931	0.0025140115229298006	1.0001033452827013
2.067102030755867	1.9082064860257033	0.06821409427081998	0.7712045980205496	0.0996040743828456	97.44658723801682	103.9923771036905	0.0025140115229298006	1.0001033452827013
2.067102030755867	1.9082064860257033	0.06821409427081998	0.7712045980205496	0.0996040743828456	97.44658723801682	103.9923771036905	0.002514150776198457	1.0001033452827013
2.067102030755867	1.9082064860257033	0.06821409427081998	0.7712045980205496	0.0996040743828456	97.44658723801682	103.9923771036905	0.002514150776198457	1.0001033452827013
2.067102030755867	1.9082064860257033	0.06821409427081998	0.7712045980205496	0.0996040743828456	97.44658723801682	103.98475138367304	0.002514150776198457	1.0001033452827013
2.067102030755867	1.9082064860257033	0.06821409427081998	0.7712045980205496	0.0996040743828456	97.44658723801682	103.98475138367304	0.002514150776198457	1.0001033452827013
2.067102030755867	1.9082064860257033	0.06821409427081998	0.7712045980205496	0.0996040743828456	97.44658723801682	103.98475138367304	0.002514150776198457	1.0001033452827013
2.067102030755867	1.9062345366880804	0.06821409427081998	0.7712045980205496	0.0996040743828456	97.44658723801682	103.98475138367304	0.002514150776198457	1.0001033452827013
2.067102030755867	1.9062345366880804	0.06821409427081998	0.7712045980205496	0.0996040743828456	97.44658723801682	103.90813866423613	0.002514150776198457	1.0001033452827013
2.067102030755867	1.9062345366880804	0.06821409427081998	0.7712045980205496	0.0996040743828456	97.44658723801682	103.90813866423613	0.002514150776198457	1.0001033452827013
2.067102030755867	1.9062345366880804	0.06821409427081998	0.7712045980205496	0.0996040743828456	97.44658723801682	103.90813866423613	0.002514150776198457	1.0001033452827013
2.067103138257681	1.9062345366880804	0.06821409427081998	0.7712045980205496	0.0996040743828456	97.44658723801682	103.90813866423613	0.002514150776198457	1.0001033452827013
2.067103138257681	1.9062345366880804	0.06821409427081998	0.7712045980205496	0.0996040743828456	97.44658723801682	103.90813866423613	0.002514150776198457	1.0001033452827013
2.067103138257681	1.9062345366880804	0.06821409427081998	0.7712045980205496	0.0996040743828456	97.44658723801682	103.90813866423613	0.002514150776198457	1.0001033452827013
2.067103138257681	1.9062345366880804	0.06821409427081998	0.7712045980205496	0.0996040743828456	97.44658723801682	103.90813866423613	0.002514467888776038	1.0001033452827013
2.067103138257681	1.9062305243644537	0.06821409427081998	0.7712045980205496	0.0996040743828456	97.44658723801682	103.90813866423613	0.002514467888776038	1.0001033452827013
2.067103138257681	1.9062305243644537	0.06821409427081998	0.7712045980205496	0.0996040743828456	97.44658723801682	103.90813866423613	0.002514467888776038	1.0001033452827013
2.067103138257681	1.9062305243644537	0.06821409427081998	0.7712045980205496	0.0996040743828456	97.44658723801682	103.90813866423613	0.00253069776096649	1.0001033452827013
2.067103138257681	1.906230207657359	0.06821409427081998	0.7712045980205496	0.0996040743828456	97.44658723801682	103.90813866423613	0.00253069776096649	1.0001033452827013
2.067103138257681	1.906230207657359	0.06821409427081998	0.7709137299087839	0.0996040743828456	97.44658723801682	103.90813866423613	0.00253069776096649	1.0001033452827013
2.067103138257681	1.906230207657359	0.06821409427081998	0.7709137299087839	0.0996040743828456	97.44658723801682	103.90813866423613	0.00253069776096649	1.0001033452827013
2.067103138257681	1.906230207657359	0.06821409427081998	0.7709137299087839	0.0996040743828456	97.44658723801682	103.90813866423613	0.00253069776096649	1.0001033452827013
2.067103138257681	1.906230207657359	0.06821409427081998	0.7709137299087839	0.09960401205513393	97.44658723801682	103.90813866423613	0.00253069776096649	1.0001033452827013
2.067103138257681	1.906230207657359	0.06821409427081998	0.7709137299087839	0.09960401205513393	97.44658723801682	103.90813866423613	0.00253069776096649	1.0001033452827013
2.067103138257681	1.906230207657359	0.06821409427081998	0.7709137299087839	0.09960401205513393	97.44658723801682	103.90813866423613	0.002535243893295725	1.0001033452827013
2.067103138257681	1.906230207657359	0.06821409427081998	0.7711766111516134	0.09960401205513393	97.44658723801682	103.90813866423613	0.002535243893295725	1.0001033452827013
2.067103138257681	1.906230207657359	0.06821409427081998	0.7711766111516134	0.09960401205513393	97.44658723801682	103.90813866423613	0.0025062706159272707	1.0001033452827013
2.067103138257681	1.906178308186483	0.06821409427081998	0.7711766111516134	0.09960401205513393	97.44658723801682	103.90813866423613	0.0025062706159272707	1.0001033452827013
2.067103138257681	1.906178308186483	0.06821409427081998	0.7711766111516134	0.09960401205513393	97.44658723801682	103.90813866423613	0.0025062706159272707	1.0001033452827013
2.067103138257681	1.906178308186483	0.06820203995741514	0.7711766111516134	0.09960401205513393	97.44658723801682	103.90813866423613	0.0025062706159272707	1.0001033452827013
2.067103138257681	1.906178308186483	0.06820203995741514	0.7711766111516134	0.09960401205513393	97.44658723801682	103.78749151790684	0.0025062706159272707	1.0001033452827013
2.067103138257681	1.906178308186483	0.06820203995741514	0.7711766111516134	0.09960401205513393	97.44658723801682	103.78749151790684	0.0025062706159272707	1.0001033452827013
2.0647447617285843	1.906178308186483	0.06820203995741514	0.7711766111516134	0.09960401205513393	97.44658723801682	103.78749151790684	0.0025062706159272707	1.0001033452827013
2.0647447617285843	1.906178308186483	0.06820203995741514	0.7711766111516134	0.09960401205513393	97.44658723801682	103.78749151790684	0.0025062706159272707	1.000103400270989
2.0647447617285843	1.906178308186483	0.06820203995741514	0.7711766111516134	0.09960401205513393	97.44658723801682	103.78749151790684	0.0025062706159272707	1.000103400270989
2.0647447617285843	1.906178308186483	0.06820203995741514	0.7711766111516134	0.0995984490645758	97.44658723801682	103.78749151790684	0.0025062706159272707	1.000103400270989
2.0647447617285843	1.906178308186483	0.06820203995741514	0.7711766111516134	0.0995984490645758	97.44658723801682	103.78749151790684	0.0025062706159272707	1.000103400270989
2.0647447617285843	1.906178308186483	0.06820203995741514	0.7711766111516134	0.0995984490645758	97.44658723801682	103.78749151790684	0.0025061141820075902	1.000103400270989
2.0647447617285843	1.906178308186483	0.06820203995741514	0.7711766111516134	0.0995984490645758	97.44658723801682	103.78749151790684	0.0025061141820075902	1.000103400270989
2.0647447617285843	1.9061737567698074	0.06820203995741514	0.7711766111516134	0.0995984490645758	97.44658723801682	103.78749151790684	0.0025061141820075902	1.000103400270989
2.0647447617285843	1.9061737567698074	0.06820203995741514	0.7711766111516134	0.0995984490645758	97.44658723801682	103.78749151790684	0.0025061141820075902	1.000103400270989
2.0647406975856284	1.9061737567698074	0.06820203995741514	0.7711766111516134	0.0995984490645758	97.44658723801682	103.78749151790684	0.0025061141820075902	1.000103400270989
2.0647406975856284	1.9061737567698074	0.06820203995741514	0.7711766111516134	0.0995984490645758	97.44658723801682	103.7953867396649	0.0025061141820075902	1.000103400270989
2.0647406975856284	1.9066960208526722	0.06820203995741514	0.7711766111516134	0.0995984490645758	97.44658723801682	103.7953867396649	0.0025061141820075902	1.000103400270989
2.0647406975856284	1.9066960208526722	0.06820203995741514	0.7711766111516134	0.0995984490645758	97.44658723801682	103.7953867396649	0.0025061141820075902	1.000103400270989
2.0656173677462726	1.9066960208526722	0.06820203995741514	0.7711766111516134	0.0995984490645758	97.44658723801682	103.7953867396649	0.0025061141820075902	1.000103400270989
2.0656173677462726	1.9066960208526722	0.06820203995741514	0.7711766111516134	0.0995984490645758	97.44658723801682	103.7953867396649	0.002516821761523154	1.000103400270989
2.0656173677462726	1.9066960208526722	0.06820203995741514	0.7711766111516134	0.0995984490645758	97.44658723801682	103.7953867396649	0.002516821761523154	1.000103400270989
2.0656173677462726	1.9066960208526722	0.06820203995741514	0.7711766111516134	0.0995984490645758	97.44658723801682	103.7953867396649	0.002516821761523154	1.000103400270989
2.0656173677462726	1.9066960208526722	0.06820203995741514	0.7711766111516134	0.0995984490645758	97.44658723801682	103.7953867396649	0.002516821761523154	1.000103400270989
2.0656173677462726	1.9066960208526722	0.06820203995741514	0.7711766111516134	0.0995984490645758	97.44658723801682	103.7953867396649	0.002516821761523154	1.000103400270989
2.065617003293139	1.9066960208526722	0.06820203995741514	0.7711766111516134	0.0995984490645758	97.44658723801682	103.7953867396649	0.002516821761523154	1.000103400270989
2.065617003293139	1.9066960208526722	0.06820203995741514	0.7711766111516134	0.0995984490645758	97.44658723801682	103.7953867396649	0.002516821761523154	1.0000920927075452
2.065617003293139	1.9066960208526722	0.0681967324390164	0.7711766111516134	0.0995984490645758	97.44658723801682	103.7953867396649	0.002516821761523154	1.0000920927075452
2.065617003293139	1.9066960208526722	0.0681967324390164	0.7711766111516134	0.09959869048463738	97.44658723801682	103.7953867396649	0.002516821761523154	1.0000920927075452
2.065617003293139	1.9066960208526722	0.0681967324390164	0.7711787107263745	0.09959869048463738	97.44658723801682	103.7953867396649	0.002516821761523154	1.0000920927075452
2.065284650303192	1.9066960208526722	0.0681967324390164	0.7711787107263745	0.09959869048463738	97.44658723801682	103.7953867396649	0.002516821761523154	1.0000920927075452
2.065284650303192	1.9066960208526722	0.0681967324390164	0.7711787107263745	0.09959869048463738	97.44660150828722	103.7953867396649	0.002516821761523154	1.0000920927075452
2.065284650303192	1.9066960208526722	0.0681967324390164	0.7711787107263745	0.1001481339911482	97.44660150828722	103.7953867396649	0.002516821761523154	1.0000920927075452
2.065284650303192	1.9066960208526722	0.0681967324390164	0.7711787107263745	0.1001481339911482	97.44660150828722	103.7953867396649	0.002516821761523154	1.0000920927075452
2.065284650303192	1.9066960208526722	0.0681967324390164	0.7711787107263745	0.1001481339911482	97.44660150828722	103.7953867396649	0.002516821761523154	1.0000920927075452
2.065284650303192	1.9066960208526722	0.0681967324390164	0.7711787107263745	0.1001481339911482	97.46742370624477	103.7953867396649	0.002516821761523154	1.0000920927075452
2.065284650303192	1.9066960208526722	0.06819561455075257	0.7711787107263745	0.1001481339911482	97.46742370624477	103.7953867396649	0.002516821761523154	1.0000920927075452
2.065284650303192	1.9066960208526722	0.06819561455075257	0.7711787107263745	0.1001481339911482	97.46742370624477	103.7953867396649	0.002561936011264842	1.0000920927075452
2.065284650303192	1.9066960208526722	0.06819561455075257	0.7711787107263745	0.1001481339911482	97.46742370624477	103.7953867396649	0.002561936011264842	1.0000920927075452
2.065284650303192	1.9066960208526722	0.06819561455075257	0.7711787107263745	0.1001481339911482	97.46742370624477	103.7953867396649	0.0025326008136892504	1.0000920927075452
2.065284650303192	1.9066960208526722	0.06819561455075257	0.7711787107263745	0.1001481339911482	97.46742370624477	103.7953867396649	0.0025326008136892504	1.0000920927075452
2.065284650303192	1.9066960208526722	0.06819561455075257	0.7711787107263745	0.1001481339911482	97.46805782497613	103.7953867396649	0.0025326008136892504	1.0000920927075452
2.065284650303192	1.9066960208526722	0.06819561455075257	0.7711787107263745	0.1001481339911482	97.46805782497613	103.7953867396649	0.002532870765368344	1.0000920927075452
2.065284650303192	1.9066960208526722	0.06819561455075257	0.7711787107263745	0.1001481339911482	97.46805782497613	103.7953867396649	0.002532870765368344	1.0000920927075452
2.065284650303192	1.9066960208526722	0.06819561455075257	0.7711787107263745	0.1001481339911482	97.46805782497613	103.7953867396649	0.002532870765368344	1.0000914992799077
2.065284650303192	1.9066960208526722	0.06819561455075257	0.7711787107263745	0.10015864856663358	97.46805782497613	103.7953867396649	0.002532870765368344	1.0000914992799077
2.065284650303192	1.9066960208526722	0.06819561455075257	0.7711787107263745	0.10015860413877471	97.46805782497613	103.7953867396649	0.002532870765368344	1.0000914992799077
2.065284650303192	1.9066960208526722	0.06819561455075257	0.7711787107263745	0.10015860413877471	97.5077296088006	103.7953867396649	0.002532870765368344	1.0000914992799077
2.065284650303192	1.9066960208526722	0.06819561455075257	0.7711597997302242	0.10015860413877471	97.5077296088006	103.7953867396649	0.002532870765368344	1.0000914992799077
2.065284650303192	1.9066960208526722	0.06819561455075257	0.7711597997302242	0.10015860413877471	97.5077296088006	103.7953867396649	0.002532870765368344	1.0000914992799077
2.065284650303192	1.9066960208526722	0.06819561455075257	0.7711597997302242	0.10015860413877471	97.5077296088006	103.7953867396649	0.002532870765368344	1.0000914992799077
2.065284650303192	1.9066960208526722	0.06819561455075257	0.7711597997302242	0.10015860413877471	97.5077296088006	103.7953867396649	0.002532870765368344	1.0000914992799077
2.065284650303192	1.9066960208526722	0.06819561455075257	0.7711597997302242	0.10015860413877471	97.5077296088006	103.7953867396649	0.002532870765368344	1.0000914992799077
2.065284650303192	1.9066960208526722	0.06819561455075257	0.7711597997302242	0.10015860413877471	97.5077296088006	103.7953867396649	0.002532870765368344	1.0000914992799077
2.065284650303192	1.9066960208526722	0.06819561455075257	0.7711597997302242	0.10015860413877471	97.5077296088006	103.7953867396649	0.002532870765368344	1.0000914992799077
2.065284650303192	1.9066960208526722	0.06819561455075257	0.7711597997302242	0.10015860413877471	97.5077296088006	103.7953867396649	0.002532870765368344	1.0000914992799077
2.065284650303192	1.9066960208526722	0.06819561455075257	0.7706530138778472	0.10015860413877471	97.5077296088006	103.7953867396649	0.002532870765368344	1.0000914992799077
2.065284650303192	1.9066960208526722	0.06819561455075257	0.7706530138778472	0.10015860413877471	97.5077296088006	103.7953867396649	0.002532870765368344	1.0000914992799077
2.065284650303192	1.9066960208526722	0.06819561455075257	0.7706530138778472	0.10018697858271337	97.5077296088006	103.7953867396649	0.002532870765368344	1.0000914992799077
2.065285721165328	1.9066960208526722	0.06819561455075257	0.7706530138778472	0.10018697858271337	97.5077296088006	103.7953867396649	0.002532870765368344	1.0000914992799077
2.065285721165328	1.9066960208526722	0.06819561455075257	0.7706530138778472	0.10018697858271337	97.5077296088006	103.7953867396649	0.002532870765368344	1.0000914992799077
2.065285721165328	1.9066960208526722	0.06819561455075257	0.7706530138778472	0.10018697858271337	97.5077296088006	103.79538127018546	0.002532870765368344	1.0000914992799077
2.065285721165328	1.9066960208526722	0.06819561455075257	0.7706530138778472	0.10018697858271337	97.50773129985619	103.79538127018546	0.002532870765368344	1.0000914992799077
2.065285721165328	1.9066960208526722	0.06819561455075257	0.7706530138778472	0.10018697858271337	97.50773129985619	103.79538127018546	0.002532870765368344	1.0000914992799077
2.065285721165328	1.9066960208526722	0.06819561455075257	0.7706530138778472	0.10018697858271337	97.50773129985619	103.79538127018546	0.002532870765368344	1.0000914992799077
2.065285721165328	1.9066960208526722	0.06819561455075257	0.7706530138778472	0.10018697858271337	97.50773129985619	103.79538127018546	0.002533119458661179	1.0000914992799077
2.065285721165328	1.9066960208526722	0.06819561455075257	0.7706530138778472	0.10018697858271337	97.50773129985619	103.83326935954851	0.002533119458661179	1.0000914992799077
2.065285721165328	1.9066960208526722	0.06819561455075257	0.7706530138778472	0.10018697858271337	97.50773129985619	103.80296334601879	0.002533119458661179	1.0000914992799077
2.065285721165328	1.9066960208526722	0.06819561455075257	0.7706530138778472	0.10018697858271337	97.50773129985619	103.80296334601879	0.002533119458661179	1.000091378889717
2.065285721165328	1.9066960208526722	0.06819561455075257	0.7706530138778472	0.10018697858271337	97.50773129985619	103.80296334601879	0.002533119458661179	1.000091378889717
2.065285721165328	1.9066960208526722	0.06819561455075257	0.7706530138778472	0.10018697858271337	97.50773129985619	103.80296334601879	0.002533119458661179	1.000091378889717
2.065285721165328	1.9066960208526722	0.06819561455075257	0.7706530138778472	0.10018697858271337	97.50773129985619	103.80296334601879	0.002533119458661179	1.000091378889717
2.065285721165328	1.9066960208526722	0.06819561455075257	0.7706530138778472	0.10018697858271337	97.50773129985619	103.47616493949054	0.002533119458661179	1.000091378889717
2.065285721165328	1.9066960208526722	0.06819561455075257	0.7706530138778472	0.10018697858271337	97.50773129985619	103.47616493949054	0.002533119458661179	1.000091378889717
2.065285721165328	1.9066960208526722	0.06819561455075257	0.7706530138778472	0.10018698044239313	97.50773129985619	103.47616493949054	0.002533119458661179	1.000091378889717
2.065285721165328	1.9066960208526722	0.06807530453330828	0.7706530138778472	0.10018698044239313	97.50773129985619	103.47616493949054	0.002533119458661179	1.000091378889717
2.065285721165328	1.9066960208526722	0.06807530453330828	0.7706530138778472	0.10018698044239313	97.50773129985619	103.47616493949054	0.002535080128569367	1.000091378889717
2.065285721165328	1.9066960208526722	0.06807530453330828	0.7706530138778472	0.10018698044239313	97.50773129985619	103.4757876411889	0.002535080128569367	1.000091378889717
2.065285721165328	1.9066960208526722	0.06807530453330828	0.7706530138778472	0.10018698044239313	97.50773129985619	103.4757876411889	0.002535080128569367	1.000091378889717
2.065285721165328	1.9066960208526722	0.06807530453330828	0.7706530138778472	0.10018698044239313	97.50773129985619	103.4757876411889	0.002535080128569367	1.000091378889717
2.065285721165328	1.9066960208526722	0.06807530453330828	0.7706530138778472	0.10018698044239313	97.50773129985619	103.4757876411889	0.002535080128569367	1.000091378889717
2.065285721165328	1.9066960208526722	0.06807530453330828	0.7706530138778472	0.10018698044239313	97.50773129985619	103.47137937149094	0.002535080128569367	1.000091378889717
2.065285721165328	1.9066960208526722	0.06807530453330828	0.7706530138778472	0.10018698044239313	97.50773129985619	103.47137937149094	0.002535080128569367	1.000091378889717
2.065285721165328	1.9070535823970902	0.06807530453330828	0.7706530138778472	0.10018698044239313	97.50773129985619	103.47137937149094	0.002535080128569367	1.000091378889717
2.065285721165328	1.9070535823970902	0.06805024166876965	0.7706530138778472	0.10018698044239313	97.50773129985619	103.47137937149094	0.002535080128569367	1.000091378889717
2.065285721165328	1.9070535823970902	0.06805024166876965	0.7706530138778472	0.10018698044239313	97.50773129985619	103.47137937149094	0.002380244329475009	1.000091378889717
2.065285721165328	1.9070535823970902	0.06805024166876965	0.7706530138778472	0.10018698044239313	97.50773129985619	103.47137937149094	0.002380244329475009	1.000091378889717
2.0627656325653043	1.9070535823970902	0.06805024166876965	0.7706530138778472	0.10018698044239313	97.50773129985619	103.47137937149094	0.002380244329475009	1.000091378889717
2.0627656325653043	1.9070535823970902	0.06805024166876965	0.7706530138778472	0.10018698044239313	97.50639257722588	103.47137937149094	0.002380244329475009	1.000091378889717
2.062791463588705	1.9070535823970902	0.06805024166876965	0.7706530138778472	0.10018698044239313	97.50639257722588	103.47137937149094	0.002380244329475009	1.000091378889717
2.062791463588705	1.9070535823970902	0.06810741418269063	0.7706530138778472	0.10018698044239313	97.50639257722588	103.47137937149094	0.002380244329475009	1.000091378889717
2.062791463588705	1.9070535823970902	0.06810741418269063	0.7706530138778472	0.10018698044239313	97.50639257722588	103.47137937149094	0.002380244329475009	1.000091378889717
2.062791463588705	1.9070535823970902	0.06810741418269063	0.7706855298355318	0.10018698044239313	97.50639257722588	103.47137937149094	0.002380244329475009	1.000091378889717
2.062791463588705	1.9070535823970902	0.06810741418269063	0.7706855298355318	0.10018698044239313	97.50639257722588	103.47137937149094	0.002380244329475009	1.000091378889717
2.062843724317572	1.9070535823970902	0.06810741418269063	0.7706855298355318	0.10018698044239313	97.50639257722588	103.47137937149094	0.002380244329475009	1.000091378889717
2.062843724317572	1.9070532565460356	0.06810741418269063	0.7706855298355318	0.10018698044239313	97.50639257722588	103.47137937149094	0.002380244329475009	1.000091378889717
2.062843724317572	1.9070532565460356	0.06810741418269063	0.7706855298355318	0.10018698044239313	97.50639257722588	103.47137937149094	0.002380244329475009	1.000091378889717
2.062843724317572	1.9070532565460356	0.06810741418269063	0.7706855298355318	0.10018755115482646	97.50639257722588	103.47137937149094	0.002380244329475009	1.000091378889717
2.062843724317572	1.9071122054402763	0.06810741418269063	0.7706855298355318	0.10018755115482646	97.50639257722588	103.47137937149094	0.002380244329475009	1.000091378889717
2.062843724317572	1.9071122054402763	0.06810741418269063	0.7706855298355318	0.10018755115482646	97.50639257722588	103.47137937149094	0.002380244329475009	1.000091378889717
2.062843724317572	1.9071122054402763	0.06810741418269063	0.7706855298355318	0.10018755115482646	97.50639257722588	103.47137937149094	0.002380244329475009	1.000091378889717
2.062843724317572	1.9071122054402763	0.06810741418269063	0.7712882587053874	0.10018755115482646	97.50639257722588	103.47137937149094	0.002380244329475009	1.000091378889717
2.062843724317572	1.9071122054402763	0.06810741418269063	0.7712882587053874	0.10018607005273004	97.50639257722588	103.47137937149094	0.002380244329475009	1.000091378889717
2.062843724317572	1.9071122054402763	0.06810741418269063	0.7712561959351949	0.10018607005273004	97.50639257722588	103.47137937149094	0.002380244329475009	1.000091378889717
2.062843724317572	1.9057921412229497	0.06810741418269063	0.7712561959351949	0.10018607005273004	97.50639257722588	103.47137937149094	0.002380244329475009	1.000091378889717
2.062843724317572	1.9057921412229497	0.06810741418269063	0.7712561959351949	0.10018607005273004	97.50639257722588	103.47137937149094	0.0023797394412230864	1.000091378889717
2.062843724317572	1.9057921412229497	0.06810741418269063	0.7712561959351949	0.10018607005273004	97.50639257722588	103.47137937149094	0.0023797394412230864	1.000091378889717
2.062843724317572	1.9057921412229497	0.06810741418269063	0.7712561959351949	0.10018607005273004	97.50639257722588	103.47137937149094	0.0023797394412230864	1.000091378889717
2.062843724317572	1.9057921412229497	0.06810741418269063	0.7712561959351949	0.1002386877403077	97.50639257722588	103.47137937149094	0.0023797394412230864	1.000091378889717
2.062843724317572	1.9057921412229497	0.06810741418269063	0.7712561959351949	0.10023872824848806	97.50639257722588	103.47137937149094	0.0023797394412230864	1.000091378889717
2.0629737337592062	1.9057921412229497	0.06810741418269063	0.7712561959351949	0.10023872824848806	97.50639257722588	103.47137937149094	0.0023797394412230864	1.000091378889717
2.0629737337592062	1.9057921412229497	0.06810741418269063	0.7712561959351949	0.10024386249914927	97.50639257722588	103.47137937149094	0.0023797394412230864	1.000091378889717
2.0629737337592062	1.9057921412229497	0.06810741418269063	0.7712665063122418	0.10024386249914927	97.50639257722588	103.47137937149094	0.0023797394412230864	1.000091378889717
2.0629737337592062	1.9057921412229497	0.06814588015316786	0.7712665063122418	0.10024386249914927	97.50639257722588	103.47137937149094	0.0023797394412230864	1.000091378889717
2.0629737337592062	1.9057921412229497	0.06814588015316786	0.7712665063122418	0.10000987887167498	97.50639257722588	103.47137937149094	0.0023797394412230864	1.000091378889717
2.0629737337592062	1.9057921412229497	0.06814588015316786	0.7712665063122418	0.10000987887167498	97.50639257722588	103.47137937149094	0.0023797394412230864	1.000091378889717
2.0629737337592062	1.9057921412229497	0.06814588015316786	0.7712665063122418	0.10000987887167498	97.50639257722588	103.47137937149094	0.0023830780195060364	1.000091378889717
2.0629737337592062	1.9057921412229497	0.06814588015316786	0.7712665063122418	0.10000987887167498	97.50639257722588	103.47137937149094	0.0023830780195060364	1.000091378889717
2.0629737337592062	1.9057921412229497	0.06814588015316786	0.7712665063122418	0.10000987887167498	97.50639257722588	103.47137937149094	0.0023830780195060364	1.000091378889717
2.0629737337592062	1.9057921412229497	0.06814588015316786	0.7712665063122418	0.10000987887167498	97.50639257722588	103.47137937149094	0.0023830780195060364	1.000091378889717
2.0629737337592062	1.9057921412229497	0.06814588015316786	0.7712665063122418	0.10000987887167498	97.50639257722588	103.15960814732456	0.0023830780195060364	1.000091378889717
2.0629737337592062	1.9057921412229497	0.06814588015316786	0.7712665063122418	0.10000987887167498	97.50639257722588	103.15960814732456	0.0023830780195060364	1.000091378889717
2.0629737337592062	1.9057921412229497	0.06814588015316786	0.7712665063122418	0.10000987887167498	97.50639257722588	103.15960814732456	0.0023830780195060364	1.000091378889717
2.0629737337592062	1.9057932704434497	0.06814588015316786	0.7712665063122418	0.10000987887167498	97.50639257722588	103.15960814732456	0.0023830780195060364	1.000091378889717
2.0629737337592062	1.9057932704434497	0.06814588015316786	0.7712665063122418	0.10000987887167498	97.50639257722588	103.15960814732456	0.0023830780195060364	1.000091378889717
2.0629737337592062	1.9057909953078678	0.06814588015316786	0.7712665063122418	0.10000987887167498	97.50639257722588	103.15960814732456	0.0023830780195060364	1.000091378889717
2.0629737337592062	1.9057909953078678	0.06814588015316786	0.7712665063122418	0.10000987887167498	97.50639257722588	103.15960814732456	0.0023877665238586122	1.000091378889717
2.0629737337592062	1.9057909953078678	0.06814588015316786	0.771277542751179	0.10000987887167498	97.50639257722588	103.15960814732456	0.0023877665238586122	1.000091378889717
2.0629737337592062	1.9057909953078678	0.06814588015316786	0.771277542751179	0.10000987887167498	97.50639257722588	103.15960814732456	0.0023877665238586122	1.000091378889717
2.0629737337592062	1.9057909953078678	0.06814588015316786	0.771277542751179	0.10028676506572695	97.50639257722588	103.15960814732456	0.0023877665238586122	1.000091378889717
2.0629737337592062	1.9057909953078678	0.06814588015316786	0.771277542751179	0.10028676506572695	97.50639257722588	103.15960814732456	0.0023877665238586122	1.0001022198447946
2.0629737337592062	1.9057909953078678	0.06814588015316786	0.771277542751179	0.10028390309300556	97.50639257722588	103.15960814732456	0.0023877665238586122	1.0001022198447946
2.0629737337592062	1.9057909953078678	0.06814588015316786	0.771277542751179	0.10028390309300556	97.50639257722588	103.15960814732456	0.0023877665238586122	1.000102146800564
2.0629737337592062	1.9057909953078678	0.06814588015316786	0.771277542751179	0.10028390309300556	97.49959295566175	103.15960814732456	0.0023877665238586122	1.000102146800564
2.0629737337592062	1.9057909953078678	0.06814588015316786	0.771277542751179	0.10028390309300556	97.49959295566175	103.15960814732456	0.0023845212098375325	1.000102146800564
2.0629737337592062	1.9057909953078678	0.06814588015316786	0.771277542751179	0.10028390309300556	97.49959295566175	102.71181033855456	0.0023845212098375325	1.000102146800564
2.0629737337592062	1.9057909953078678	0.06814588015316786	0.771277542751179	0.10028403590652846	97.49959295566175	102.71181033855456	0.0023845212098375325	1.000102146800564
2.0629737337592062	1.9057909953078678	0.06814588015316786	0.771277542751179	0.10028403590652846	97.49962703865538	102.71181033855456	0.0023845212098375325	1.000102146800564
2.0629737337592062	1.9057909953078678	0.06814588015316786	0.771277542751179	0.10028403590652846	97.49962703865538	102.71181033855456	0.0023845212098375325	1.000102146800564
2.0629737337592062	1.9057909953078678	0.06814588015316786	0.771277542751179	0.10028403590652846	97.49962703865538	102.71181033855456	0.0023845212098375325	1.0001109302268767
2.0629737337592062	1.9057909953078678	0.0681496115652857	0.771277542751179	0.10028403590652846	97.49962703865538	102.71181033855456	0.0023845212098375325	1.0001109302268767
2.0629737337592062	1.9057909953078678	0.0681496115652857	0.771277542751179	0.10028403590652846	97.49962703865538	102.71181033855456	0.0023845212098375325	1.0001109302268767
2.0629737337592062	1.9057909953078678	0.0681496115652857	0.771277542751179	0.10028403590652846	97.49962703865538	102.71181033855456	0.002389305520294538	1.0001109302268767
2.0629737337592062	1.9057909953078678	0.0681496115652857	0.771277542751179	0.10028403590652846	97.49962703865538	102.71181033855456	0.002389305520294538	1.0001109302268767
2.0629737337592062	1.9057903491630326	0.0681496115652857	0.771277542751179	0.10028403590652846	97.49962703865538	102.71181033855456	0.002389305520294538	1.0001109302268767
2.0629737337592062	1.9057903491630326	0.0681496115652857	0.771277542751179	0.10028403590652846	97.49962703865538	102.71181033855456	0.002389305520294538	1.0001109302268767
2.0629737337592062	1.9057903491630326	0.0681496115652857	0.771277542751179	0.10028403590652846	97.49962703865538	102.71181033855456	0.002389305520294538	1.0001109302268767
2.0629737337592062	1.9057903491630326	0.0681496115652857	0.771277542751179	0.10028403590652846	97.49962703865538	102.71181033855456	0.002389305520294538	1.0001109302268767
2.0629737337592062	1.9057903491630326	0.0681496115652857	0.771277542751179	0.10028403590652846	97.49962703865538	102.71181033855456	0.002389305520294538	1.0001109302268767
2.0629737337592062	1.9057903491630326	0.0681496115652857	0.7712808847334927	0.10028403590652846	97.49962703865538	102.71181033855456	0.002389305520294538	1.0001109302268767
2.0629737337592062	1.905789958615093	0.0681496115652857	0.7712808847334927	0.10028403590652846	97.49962703865538	102.71181033855456	0.002389305520294538	1.0001109302268767
2.0629737337592062	1.905789958615093	0.0681496115652857	0.7712808847334927	0.10028403590652846	97.50050648042924	102.71181033855456	0.002389305520294538	1.0001109302268767
2.0629737337592062	1.905789958615093	0.0681496115652857	0.7712808847334927	0.10028403590652846	97.50050648042924	102.71181033855456	0.002389305520294538	1.0001109302268767
2.0629750057943212	1.905789958615093	0.0681496115652857	0.7712808847334927	0.10028403590652846	97.50050648042924	102.71181033855456	0.002389305520294538	1.0001109302268767
2.063125110688303	1.905789958615093	0.0681496115652857	0.7712808847334927	0.10028403590652846	97.50050648042924	102.71181033855456	0.002389305520294538	1.0001109302268767
2.063125110688303	1.905789958615093	0.0681496115652857	0.7712808847334927	0.10028403590652846	97.50046095385596	102.71181033855456	0.002389305520294538	1.0001109302268767
2.063125110688303	1.905789958615093	0.0681496115652857	0.7712808847334927	0.10028403590652846	97.50046095385596	102.71181033855456	0.002389305520294538	1.0001109302268767
2.063125110688303	1.905789958615093	0.0681496115652857	0.7712775169601005	0.10028403590652846	97.50046095385596	102.71181033855456	0.002389305520294538	1.0001109302268767
2.063125110688303	1.905789958615093	0.0681496115652857	0.7712775169601005	0.10031769922071211	97.50046095385596	102.71181033855456	0.002389305520294538	1.0001109302268767
2.063125110688303	1.905789958615093	0.0681496115652857	0.7712775169601005	0.10031769922071211	97.49953973797139	102.71181033855456	0.002389305520294538	1.0001109302268767
2.063125110688303	1.905789958615093	0.0681496115652857	0.7712775169601005	0.10031769922071211	97.49953973797139	102.71181033855456	0.002389305520294538	1.0001109302268767
2.063125110688303	1.905789958615093	0.0681496115652857	0.7712775169601005	0.10031769922071211	97.49953973797139	102.71181033855456	0.002389305520294538	1.0001109302268767
2.063125110688303	1.905789958615093	0.0681496115652857	0.7712775169601005	0.10031769922071211	97.49953973797139	102.71181033855456	0.002389305520294538	1.000109615696921
2.063125110688303	1.905789958615093	0.0681496115652857	0.7712775169601005	0.10031769922071211	97.49953973797139	102.71181033855456	0.002389305520294538	1.000109615696921
2.063125110688303	1.905789958615093	0.0681496115652857	0.7714436398228053	0.10031769922071211	97.49953973797139	102.71181033855456	0.002389305520294538	1.000109615696921
2.063125110688303	1.905789958615093	0.0681496115652857	0.7714436398228053	0.10031769922071211	97.49953973797139	102.71186252362683	0.002389305520294538	1.000109615696921
2.063125110688303	1.905789958615093	0.0681496115652857	0.7714436398228053	0.10031769922071211	97.49953973797139	102.71186252362683	0.002389305520294538	1.000109615696921
2.063125110688303	1.905789958615093	0.0681496115652857	0.7714436398228053	0.10031769922071211	97.49967456070385	102.71186252362683	0.002389305520294538	1.000109615696921
2.063125110688303	1.905789958615093	0.0681496115652857	0.7714436398228053	0.10031769922071211	97.49967456070385	102.71186252362683	0.002389305520294538	1.000109615696921
2.063125110688303	1.905789958615093	0.0681496115652857	0.7714436398228053	0.10031769922071211	97.49967456070385	102.71186252362683	0.002389305520294538	1.000109615696921
2.063125110688303	1.905789958615093	0.0681496115652857	0.7714436398228053	0.10031769922071211	97.49967456070385	102.71186252362683	0.002389305520294538	1.000109615696921
2.063125110688303	1.905789958615093	0.0681496115652857	0.7714436398228053	0.10031769922071211	97.49967456070385	102.71186252362683	0.0023854286728012424	1.000109615696921
2.063125110688303	1.905789958615093	0.0681496115652857	0.7714436398228053	0.10031769922071211	97.49967456070385	102.71186252362683	0.0023854286728012424	1.000109615696921
2.063125110688303	1.905789958615093	0.0681496115652857	0.7714436398228053	0.10031769922071211	97.49967456070385	102.71186252362683	0.0023854286728012424	1.000109615696921
2.063125110688303	1.905789958615093	0.0681496115652857	0.7714436398228053	0.10031769922071211	97.50027975628929	102.71186252362683	0.0023854286728012424	1.000109615696921
2.063125110688303	1.905789958615093	0.0681496115652857	0.7714436398228053	0.10031769922071211	97.50027975628929	102.63873963791455	0.0023854286728012424	1.000109615696921
2.063125110688303	1.905789958615093	0.0681496115652857	0.7714436398228053	0.10031769922071211	97.50027975628929	102.63873963791455	0.0023854286728012424	1.000109615696921
2.063125110688303	1.905789958615093	0.0681496115652857	0.7714436398228053	0.10031769922071211	97.50027975628929	102.63873963791455	0.0023854286728012424	1.0001092953036277
2.063125110688303	1.905789958615093	0.0681496115652857	0.7714436398228053	0.10031769922071211	97.50027975628929	102.63873963791455	0.00238534937900149	1.0001092953036277
2.0631347130943705	1.905789958615093	0.0681496115652857	0.7714436398228053	0.10031769922071211	97.50027975628929	102.63873963791455	0.00238534937900149	1.0001092953036277
2.0631347130943705	1.905789958615093	0.0681496115652857	0.7714436398228053	0.10031769922071211	97.50027975628929	102.63873963791455	0.002385415816860097	1.0001092953036277
2.0631347130943705	1.905789958615093	0.0681496115652857	0.7714436398228053	0.10031769922071211	97.50027975628929	102.63873963791455	0.002385415816860097	1.0001092953036277
2.0631347130943705	1.905789958615093	0.0681496115652857	0.7714436398228053	0.10031769922071211	97.50027975628929	102.63873963791455	0.002385415816860097	1.0001092953036277
2.0631347130943705	1.905789958615093	0.0681496115652857	0.7714436398228053	0.10031769922071211	97.50027975628929	102.63873963791455	0.002385415816860097	1.0001092953036277
2.0631347130943705	1.905789958615093	0.06823253583831347	0.7714436398228053	0.10031769922071211	97.50027975628929	102.63873963791455	0.002385415816860097	1.0001092953036277
2.0631347130943705	1.905789958615093	0.06823253583831347	0.7714436398228053	0.10031769922071211	97.50027975628929	102.63873963791455	0.002379584212456366	1.0001092953036277
2.0631347130943705	1.905789958615093	0.06823253583831347	0.7714436398228053	0.10031658642177932	97.50027975628929	102.63873963791455	0.002379584212456366	1.0001092953036277
2.0631347130943705	1.905789958615093	0.06823253583831347	0.7714436398228053	0.10031658642177932	97.50027975628929	102.63873963791455	0.002379584212456366	1.0001092953036277
2.0631347130943705	1.905789958615093	0.06823253583831347	0.7714436398228053	0.10030259753817602	97.50027975628929	102.63873963791455	0.002379584212456366	1.0001092953036277
2.0631347130943705	1.905789958615093	0.06823253583831347	0.7714436398228053	0.10030259753817602	97.50027975628929	102.63873963791455	0.002379584212456366	1.0000803926764656
2.0631347130943705	1.905789958615093	0.06823253583831347	0.7714436398228053	0.10030259753817602	97.50027975628929	102.63873963791455	0.002379584212456366	1.0000803926764656
2.0631347130943705	1.905789958615093	0.06823253583831347	0.7714436398228053	0.10030259753817602	97.50027975628929	102.63873963791455	0.002334275231313823	1.0000803926764656
2.0631347130943705	1.905789958615093	0.06823253583831347	0.7714436398228053	0.10030259753817602	97.50027975628929	102.63873963791455	0.002334275231313823	1.0000803926764656
2.0631347130943705	1.905789958615093	0.06823253583831347	0.7714436398228053	0.10030259753817602	97.49184271991777	102.63873963791455	0.002334275231313823	1.0000803926764656
2.0631347130943705	1.905789958615093	0.06823253583831347	0.7714436398228053	0.10030259753817602	97.49184271991777	102.63873963791455	0.0023380189748641966	1.0000803926764656
2.0631347130943705	1.905789958615093	0.06823253583831347	0.7714436398228053	0.10030259753817602	97.49184271991777	102.63873963791455	0.0023380189748641966	1.0000803926764656
2.063588596255163	1.905789958615093	0.06823253583831347	0.7714436398228053	0.10030259753817602	97.49184271991777	102.63873963791455	0.0023380189748641966	1.0000803926764656
2.064481537414575	1.905789958615093	0.06823253583831347	0.7714436398228053	0.10030259753817602	97.49184271991777	102.63873963791455	0.0023380189748641966	1.0000803926764656
2.064481537414575	1.905788206198291	0.06823253583831347	0.7714436398228053	0.10030259753817602	97.49184271991777	102.63873963791455	0.0023380189748641966	1.0000803926764656
2.064481537414575	1.9065542106687043	0.06823253583831347	0.7714436398228053	0.10030259753817602	97.49184271991777	102.63873963791455	0.0023380189748641966	1.0000803926764656
2.064481537414575	1.9065542106687043	0.06823253583831347	0.7714436398228053	0.10030259753817602	97.49184271991777	102.63873963791455	0.0023380189748641966	1.0000803926764656
2.064481537414575	1.9065542106687043	0.06823253583831347	0.7714436398228053	0.10028463526256648	97.49184271991777	102.63873963791455	0.0023380189748641966	1.0000803926764656
2.0649318296169614	1.9065542106687043	0.06823253583831347	0.7714436398228053	0.10028463526256648	97.49184271991777	102.63873963791455	0.0023380189748641966	1.0000803926764656
2.0649318296169614	1.9065542106687043	0.06822911064133623	0.7714436398228053	0.10028463526256648	97.49184271991777	102.63873963791455	0.0023380189748641966	1.0000803926764656
2.0649318296169614	1.9065542106687043	0.06822911064133623	0.7714436398228053	0.10028463526256648	97.49184271991777	102.63873963791455	0.0023380189748641966	1.0000803926764656
2.0649318296169614	1.9065542106687043	0.06822911064133623	0.7714436398228053	0.10028463526256648	97.49184271991777	102.63873963791455	0.0023380189748641966	1.0000803926764656
2.0649318296169614	1.9065542106687043	0.06822911064133623	0.7714436398228053	0.10028463526256648	97.49184271991777	102.63873963791455	0.0023380189748641966	1.0000803926764656
2.0649318296169614	1.9065542106687043	0.06822911064133623	0.7714436398228053	0.10028463526256648	97.49184271991777	102.63873963791455	0.0023380189748641966	1.0000803926764656
2.0649318296169614	1.9065542106687043	0.06822911064133623	0.7714436398228053	0.1002908907491319	97.49184271991777	102.63873963791455	0.0023380189748641966	1.0000803926764656
2.0649318296169614	1.9065542106687043	0.06822748704658706	0.7714436398228053	0.1002908907491319	97.49184271991777	102.63873963791455	0.0023380189748641966	1.0000803926764656
2.0649374872906052	1.9065542106687043	0.06822748704658706	0.7714436398228053	0.1002908907491319	97.49184271991777	102.63873963791455	0.0023380189748641966	1.0000803926764656
2.0649374872906052	1.9065542106687043	0.0682294767222924	0.7714436398228053	0.1002908907491319	97.49184271991777	102.63873963791455	0.0023380189748641966	1.0000803926764656
2.0649374872906052	1.9065542106687043	0.0682294767222924	0.7714436398228053	0.1002908907491319	97.49184271991777	102.63873963791455	0.0023380189748641966	1.0000803926764656
2.0649374872906052	1.9065542106687043	0.0682294767222924	0.7714436398228053	0.1002908907491319	97.49184271991777	102.63873963791455	0.0023380189748641966	1.0000803926764656
2.0649374872906052	1.9065542106687043	0.0682294767222924	0.7714436398228053	0.10016589538009213	97.49184271991777	102.63873963791455	0.0023380189748641966	1.0000803926764656
2.0643962644767813	1.9065542106687043	0.0682294767222924	0.7714436398228053	0.10016589538009213	97.49184271991777	102.63873963791455	0.0023380189748641966	1.0000803926764656
2.0643962644767813	1.9065542106687043	0.0682294767222924	0.7714436398228053	0.10016589538009213	97.49184271991777	102.63873963791455	0.0023380189748641966	1.0000803926764656
2.0643962644767813	1.9065542106687043	0.0682294767222924	0.7714436398228053	0.10016589538009213	97.49184271991777	102.63873963791455	0.0023380189748641966	1.0000803926764656
2.0643962644767813	1.9065542106687043	0.0682294767222924	0.7714436398228053	0.10016589538009213	97.49184271991777	102.63873963791455	0.002338225627702122	1.0000803926764656
2.0643962644767813	1.9065542106687043	0.0682294767222924	0.7714436398228053	0.10016589538009213	97.49184271991777	102.63873963791455	0.002338225627702122	1.0000803926764656
2.0643962644767813	1.9065542106687043	0.0682294767222924	0.7714436398228053	0.10016589538009213	97.49184271991777	102.63873963791455	0.002340753238468792	1.0000803926764656
2.0643962644767813	1.9065542106687043	0.0682294767222924	0.7714436398228053	0.10016589538009213	97.49163894315613	102.63873963791455	0.002340753238468792	1.0000803926764656
2.0643962644767813	1.9062873646559255	0.0682294767222924	0.7714436398228053	0.10016589538009213	97.49163894315613	102.63873963791455	0.002340753238468792	1.0000803926764656
2.0643962644767813	1.9062873646559255	0.06822956100495571	0.7714436398228053	0.10016589538009213	97.49163894315613	102.63873963791455	0.002340753238468792	1.0000803926764656
2.0643962644767813	1.9062873646559255	0.06822956100495571	0.7714436398228053	0.10016589538009213	97.49163894315613	102.63873963791455	0.002340753238468792	1.0000801932937862
2.0643962644767813	1.9062873646559255	0.06822956100495571	0.7714436398228053	0.10016599106057175	97.49163894315613	102.63873963791455	0.002340753238468792	1.0000801932937862
2.0643962644767813	1.9062873646559255	0.06822956100495571	0.7714436398228053	0.10016599106057175	97.49163894315613	102.63873963791455	0.002340753238468792	1.0000801932937862
2.0643962644767813	1.9062873646559255	0.06822956100495571	0.7714436398228053	0.10016599106057175	97.49163894315613	102.65394602450661	0.002340753238468792	1.0000801932937862
2.0643962644767813	1.9062873646559255	0.06822956100495571	0.7714436398228053	0.10016780315872129	97.49163894315613	102.65394602450661	0.002340753238468792	1.0000801932937862
2.0643962644767813	1.9062873646559255	0.06822956100495571	0.7714436398228053	0.10016780315872129	97.49163894315613	102.65394602450661	0.002340753238468792	1.0000801932937862
2.0643962644767813	1.9062873646559255	0.06822956100495571	0.7714436398228053	0.10016812208292537	97.49163894315613	102.65394602450661	0.002340753238468792	1.0000801932937862
2.0643962644767813	1.9062873646559255	0.06822956100495571	0.7714436398228053	0.10016812208292537	97.49163894315613	102.65394602450661	0.002340753238468792	1.0000829646099894
2.0643962644767813	1.9062873646559255	0.06822956100495571	0.7714436398228053	0.10016812208292537	97.49163894315613	102.65394602450661	0.002340753238468792	1.0000829646099894
2.0643962644767813	1.9062873174601418	0.06822956100495571	0.7714436398228053	0.10016812208292537	97.49163894315613	102.65394602450661	0.002340753238468792	1.0000829646099894
2.0643962644767813	1.9062873174601418	0.06822956100495571	0.7714422303111135	0.10016812208292537	97.49163894315613	102.65394602450661	0.002340753238468792	1.0000829646099894
2.0643962644767813	1.9062873174601418	0.06822956100495571	0.7714422303111135	0.10016812208292537	97.49979496044614	102.65394602450661	0.002340753238468792	1.0000829646099894
2.0643962644767813	1.9062873174601418	0.06822956100495571	0.7714422303111135	0.10016827047787835	97.49979496044614	102.65394602450661	0.002340753238468792	1.0000829646099894
2.0643962644767813	1.9062873174601418	0.06822956100495571	0.7714422303111135	0.10016827047787835	97.49979496044614	102.65394602450661	0.002340753238468792	1.0000829646099894
2.0643962644767813	1.9075922557128124	0.06822956100495571	0.7714422303111135	0.10016827047787835	97.49979496044614	102.65394602450661	0.002340753238468792	1.0000829646099894
2.0643962644767813	1.9075922557128124	0.06822956100495571	0.7714422303111135	0.10016827047787835	97.49979496044614	102.65394602450661	0.002340753238468792	1.0000829646099894
2.0643962644767813	1.9075922557128124	0.06822956100495571	0.7714422303111135	0.10016827047787835	97.49979496044614	102.7881664588764	0.002340753238468792	1.0000829646099894
2.0643962644767813	1.9075922557128124	0.06822956100495571	0.7714422303111135	0.10016827047787835	97.49979496044614	102.86942709899238	0.002340753238468792	1.0000829646099894
2.0643962644767813	1.9075922557128124	0.06822956100495571	0.7714422303111135	0.10016827047787835	97.49979496044614	102.86942709899238	0.002340753238468792	1.0000829646099894
2.0643962644767813	1.9075922557128124	0.06822956100495571	0.7714422303111135	0.10016827047787835	97.49979496044614	102.86942709899238	0.002340753238468792	1.0000829646099894
2.0643962644767813	1.9075922557128124	0.06822956100495571	0.7714422303111135	0.10016827047787835	97.49979496044614	102.86942709899238	0.002340753238468792	1.0000829646099894
2.0643962644767813	1.9075922557128124	0.06822956100495571	0.7714422303111135	0.10016827047787835	97.49979496044614	102.86942709899238	0.002340753238468792	1.0000996647499918
2.0643962644767813	1.9076111941571443	0.06822956100495571	0.7714422303111135	0.10016827047787835	97.49979496044614	102.86942709899238	0.002340753238468792	1.0000996647499918
2.0643962644767813	1.9076111941571443	0.06822956100495571	0.7714422303111135	0.10016819276079489	97.49979496044614	102.86942709899238	0.002340753238468792	1.0000996647499918
2.0643962644767813	1.9076111941571443	0.06822956100495571	0.7714422303111135	0.10016819276079489	97.49979496044614	102.86942709899238	0.002340753238468792	1.0000996647499918
2.0643962644767813	1.9076111941571443	0.06822956100495571	0.7714422303111135	0.10016819276079489	97.49979496044614	102.86942709899238	0.002340753238468792	1.0000996647499918
2.0643962644767813	1.9076111941571443	0.06822956100495571	0.7714422303111135	0.10014007498501015	97.49979496044614	102.86942709899238	0.002340753238468792	1.0000996647499918
2.0643962644767813	1.9076111941571443	0.06822956100495571	0.7714422303111135	0.10014007498501015	97.49979496044614	102.86942709899238	0.0023408126962222806	1.0000996647499918
2.0643962644767813	1.9076111941571443	0.06822956100495571	0.7714422303111135	0.10014007498501015	97.49979496044614	102.86942709899238	0.002337923945865521	1.0000996647499918
2.0643962644767813	1.9076111941571443	0.06822956100495571	0.7714422303111135	0.10014007498501015	97.49979496044614	102.86942709899238	0.002337923945865521	1.0000996647499918
2.0643962644767813	1.9076111941571443	0.06822956100495571	0.7714422303111135	0.10014007498501015	97.49979496044614	102.86942709899238	0.002337923945865521	1.0000996647499918
2.0643962644767813	1.9076111941571443	0.06822956100495571	0.7714422303111135	0.10014007498501015	97.49979496044614	102.86942709899238	0.00236646833590588	1.0000996647499918
2.0643962644767813	1.9076111941571443	0.06822956100495571	0.7714422303111135	0.10014007498501015	97.49979496044614	102.86942709899238	0.00236646833590588	1.0000998580833114
2.0643962644767813	1.9076111941571443	0.06822956100495571	0.7714422303111135	0.10014007498501015	97.49979496044614	102.86942709899238	0.00236646833590588	1.0000998580833114
2.0643962644767813	1.9076111941571443	0.06822956100495571	0.7714422303111135	0.10014009707292573	97.49979496044614	102.86942709899238	0.00236646833590588	1.0000998580833114
2.0643962644767813	1.9076111941571443	0.06822956100495571	0.7714422303111135	0.10014009707292573	97.49979496044614	102.86942709899238	0.00236646833590588	1.0000998580833114
2.0643962644767813	1.9076111941571443	0.06822956100495571	0.7714422303111135	0.10014009707292573	97.49979496044614	102.86942709899238	0.00236646833590588	1.0000998580833114
2.0643962644767813	1.9076111941571443	0.06822956100495571	0.7714422303111135	0.10014009707292573	97.49979496044614	102.86942709899238	0.00236646833590588	1.000097423237048
2.0637867442746427	1.9076111941571443	0.06822956100495571	0.7714422303111135	0.10014009707292573	97.49979496044614	102.86942709899238	0.00236646833590588	1.000097423237048
2.0637867442746427	1.9076111941571443	0.06822956100495571	0.7714422303111135	0.10014009707292573	97.49979496044614	102.86986976362046	0.00236646833590588	1.000097423237048
2.0637867442746427	1.907610070253098	0.06822956100495571	0.7714422303111135	0.10014009707292573	97.49979496044614	102.86986976362046	0.00236646833590588	1.000097423237048
2.0637867442746427	1.907610070253098	0.06822956100495571	0.7714422303111135	0.10014009707292573	97.49979496044614	102.86986976362046	0.00236646833590588	1.0001026022768553
2.063750337121524	1.907610070253098	0.06822956100495571	0.7714422303111135	0.10014009707292573	97.49979496044614	102.86986976362046	0.00236646833590588	1.0001026022768553
2.064055714204475	1.907610070253098	0.06822956100495571	0.7714422303111135	0.10014009707292573	97.49979496044614	102.86986976362046	0.00236646833590588	1.0001026022768553
2.064055714204475	1.907610070253098	0.06822956100495571	0.7714422303111135	0.10014009707292573	97.49979496044614	102.86986976362046	0.00236646833590588	1.000101449345503
2.064055714204475	1.907610070253098	0.06822956100495571	0.7714422303111135	0.10014009707292573	97.50206589952018	102.86986976362046	0.00236646833590588	1.000101449345503
2.064055714204475	1.907610070253098	0.06822956100495571	0.7714422303111135	0.10014009707292573	97.50206589952018	102.86986976362046	0.00236646833590588	1.000101449345503
2.064055714204475	1.907610070253098	0.06822956100495571	0.7714422303111135	0.10014009707292573	97.50206589952018	102.86986976362046	0.00236646833590588	1.000101449345503
2.064055714204475	1.9075996990036175	0.06822956100495571	0.7714422303111135	0.10014009707292573	97.50206589952018	102.86986976362046	0.00236646833590588	1.000101449345503
2.064055714204475	1.9075996990036175	0.06822956100495571	0.7714422303111135	0.10014009707292573	97.50206589952018	102.86986976362046	0.00236646833590588	1.000101449345503
2.064055714204475	1.9075996990036175	0.06822956100495571	0.7714422303111135	0.10014009707292573	97.50206589952018	102.86986976362046	0.00236646833590588	1.000101449345503
2.064055714204475	1.9075996990036175	0.06824753431297607	0.7714422303111135	0.10014009707292573	97.50206589952018	102.86986976362046	0.00236646833590588	1.000101449345503
2.064055714204475	1.9075996990036175	0.06824753431297607	0.7714422303111135	0.10014009707292573	97.50206589952018	102.86978709652175	0.00236646833590588	1.000101449345503
2.064055714204475	1.9075996990036175	0.06824753431297607	0.7714422303111135	0.10014009707292573	97.50206589952018	102.86978709652175	0.00236646833590588	1.000101449345503
2.064055714204475	1.9075996990036175	0.06824753431297607	0.7714785914223908	0.10014009707292573	97.50206589952018	102.86978709652175	0.00236646833590588	1.000101449345503
2.064055714204475	1.9075996990036175	0.06824753431297607	0.7714785914223908	0.10014009707292573	97.50206589952018	102.86978709652175	0.00236646833590588	1.000101449345503
2.064055714204475	1.9075996990036175	0.06824753431297607	0.7714785914223908	0.10014009707292573	97.50206589952018	102.86978709652175	0.00236646833590588	1.000101449345503
2.064055714204475	1.9075996990036175	0.06824753431297607	0.7714785914223908	0.10014009707292573	97.50206589952018	102.86978709652175	0.00236646833590588	1.000101449345503
2.064055714204475	1.9075996990036175	0.06824753431297607	0.7714785914223908	0.10014009707292573	97.50206589952018	102.86978709652175	0.00236646833590588	1.000101449345503
2.064055714204475	1.9075996990036175	0.06824753431297607	0.7714785914223908	0.10014009707292573	97.50206589952018	102.8696767183757	0.00236646833590588	1.000101449345503
2.064055714204475	1.9080246075870204	0.06824753431297607	0.7714785914223908	0.10014009707292573	97.50206589952018	102.8696767183757	0.00236646833590588	1.000101449345503
2.064055714204475	1.9080246075870204	0.06824753431297607	0.7714785914223908	0.10014009707292573	97.50206589952018	102.8696767183757	0.00236646833590588	1.000101449345503
2.064055714204475	1.9080246075870204	0.06824753431297607	0.7714785914223908	0.10014009707292573	97.50206589952018	102.9456443068205	0.00236646833590588	1.000101449345503
2.064055714204475	1.9080246075870204	0.06824753431297607	0.7714785914223908	0.10014009707292573	97.50206589952018	102.9456443068205	0.00236646833590588	1.000101449345503
2.064055714204475	1.9080246075870204	0.06824753431297607	0.7714785914223908	0.10014009707292573	97.50206589952018	102.9456443068205	0.00236646833590588	1.000101449345503
2.064055714204475	1.9078743550476234	0.06824753431297607	0.7714785914223908	0.10014009707292573	97.50206589952018	102.9456443068205	0.00236646833590588	1.000101449345503
2.064055714204475	1.9078743550476234	0.06824753431297607	0.7714785914223908	0.10014009707292573	97.50206589952018	102.69801587057783	0.00236646833590588	1.000101449345503
2.064055714204475	1.9078501809972235	0.06824753431297607	0.7714785914223908	0.10014009707292573	97.50206589952018	102.69801587057783	0.00236646833590588	1.000101449345503
2.064055714204475	1.9078501809972235	0.06827688490330462	0.7714785914223908	0.10014009707292573	97.50206589952018	102.69801587057783	0.00236646833590588	1.000101449345503
2.064055714204475	1.9078501809972235	0.06827688490330462	0.7714785914223908	0.10014009707292573	97.50206589952018	102.69801587057783	0.00236646833590588	1.000101449345503
2.064055714204475	1.9078501809972235	0.06827688490330462	0.7714785914223908	0.10014009707292573	97.50206589952018	108.90686586545038	0.00236646833590588	1.000101449345503
2.064055714204475	1.9078501809972235	0.06827688490330462	0.7714785914223908	0.10014009707292573	97.50206589952018	108.90686586545038	0.00236646833590588	1.000101449345503
2.065628815063019	1.9078501809972235	0.06827688490330462	0.7714785914223908	0.10014009707292573	97.50206589952018	108.90686586545038	0.00236646833590588	1.000101449345503
2.065628815063019	1.9078501809972235	0.06827688490330462	0.7714785914223908	0.10014009707292573	97.50206589952018	108.90651549979002	0.00236646833590588	1.000101449345503
2.065628815063019	1.9078489811804793	0.06827688490330462	0.7714785914223908	0.10014009707292573	97.50206589952018	108.90651549979002	0.00236646833590588	1.000101449345503
2.065628815063019	1.9078489811804793	0.06827688490330462	0.7714785914223908	0.10014009707292573	97.50206589952018	108.90651549979002	0.00236646833590588	1.000101449345503
2.065628815063019	1.9078489811804793	0.06827688490330462	0.7713949169903275	0.10014009707292573	97.50206589952018	108.90651549979002	0.00236646833590588	1.000101449345503
2.065628815063019	1.9078489811804793	0.06827688490330462	0.7713949169903275	0.10014009707292573	97.50206589952018	108.90651549979002	0.00236646833590588	1.000101449345503
2.065628815063019	1.9078489811804793	0.06827688490330462	0.7713949169903275	0.10014009707292573	97.50206589952018	108.90651549979002	0.00236646833590588	1.000101449345503
2.0662654409925816	1.9078489811804793	0.06827688490330462	0.7713949169903275	0.10014009707292573	97.50206589952018	108.90651549979002	0.00236646833590588	1.000101449345503
2.0662654409925816	1.9078489811804793	0.06827688490330462	0.7713949169903275	0.10014009707292573	97.50206589952018	108.90651549979002	0.00236646833590588	1.000101449345503
2.0662654409925816	1.9078489811804793	0.06827688490330462	0.7713949169903275	0.10014009707292573	97.50206589952018	108.90651549979002	0.0023679526849880927	1.000101449345503
2.0662654409925816	1.9078489811804793	0.06827688490330462	0.7713949169903275	0.10014009707292573	97.50206589952018	109.53684902607762	0.0023679526849880927	1.000101449345503
2.0662654409925816	1.9078489811804793	0.06827688490330462	0.7713949169903275	0.10014009707292573	97.50206589952018	109.53684902607762	0.0023679526849880927	1.000101449345503
2.0662654409925816	1.9078489811804793	0.06827688490330462	0.7713949169903275	0.10014009707292573	97.50166425560802	109.53684902607762	0.0023679526849880927	1.000101449345503
2.0662654409925816	1.9078489811804793	0.06827688490330462	0.7713949169903275	0.10014009707292573	97.50170215275125	109.53684902607762	0.0023679526849880927	1.000101449345503
2.0662654409925816	1.9078489811804793	0.06827688490330462	0.7713949169903275	0.10014009707292573	97.50170215275125	109.53684902607762	0.0023679526849880927	1.000101449345503
2.0662654409925816	1.9078489811804793	0.06827688490330462	0.7713949169903275	0.10014009707292573	97.50170215275125	109.52715962033903	0.0023679526849880927	1.000101449345503
2.0662654409925816	1.9078489811804793	0.06827688490330462	0.7713949169903275	0.10014009707292573	97.50170215275125	109.52715962033903	0.0023679526849880927	1.000101449345503
2.0662654409925816	1.9078489811804793	0.06827688490330462	0.7713949169903275	0.10014009707292573	97.50170215275125	109.52715962033903	0.0023679526849880927	1.000101449345503
2.0662654409925816	1.9078489811804793	0.06827688490330462	0.7713949169903275	0.10014009707292573	97.50170215275125	109.52715962033903	0.0023679526849880927	1.000101449345503
2.066242779235014	1.9078489811804793	0.06827688490330462	0.7713949169903275	0.10014009707292573	97.50170215275125	109.52715962033903	0.0023679526849880927	1.000101449345503
2.066242779235014	1.9078489811804793	0.06827688490330462	0.7713949169903275	0.10014009707292573	97.50170215275125	109.46727501411203	0.0023679526849880927	1.000101449345503
2.066242779235014	1.9078489811804793	0.06827688490330462	0.7713949169903275	0.10014009707292573	97.50170215275125	109.46727501411203	0.0023679526849880927	1.000101449345503
2.066242779235014	1.9078489811804793	0.06827688490330462	0.7713949169903275	0.10014009707292573	97.50170215275125	109.46727501411203	0.0023679526849880927	1.000101449345503
2.066242779235014	1.9078489811804793	0.06827688490330462	0.7713949169903275	0.10014009707292573	97.50170215275125	109.46727501411203	0.0023679526849880927	1.000101449345503
2.0662367418739236	1.9078489811804793	0.06827688490330462	0.7713949169903275	0.10014009707292573	97.50170215275125	109.46727501411203	0.0023679526849880927	1.000101449345503
2.0662352936361073	1.9078489811804793	0.06827688490330462	0.7713949169903275	0.10014009707292573	97.50170215275125	109.46727501411203	0.0023679526849880927	1.000101449345503
2.0662352936361073	1.9078489811804793	0.06827688490330462	0.7713949169903275	0.10014009707292573	97.50170215275125	109.46727501411203	0.0023679526849880927	1.000101449345503
2.0678962289211893	1.9078489811804793	0.06827688490330462	0.7713949169903275	0.10014009707292573	97.50170215275125	109.46727501411203	0.0023679526849880927	1.000101449345503
2.0678962289211893	1.9078489811804793	0.06827688490330462	0.7713902303699073	0.10014009707292573	97.50170215275125	109.46727501411203	0.0023679526849880927	1.000101449345503
2.067944632914891	1.9078489811804793	0.06827688490330462	0.7713902303699073	0.10014009707292573	97.50170215275125	109.46727501411203	0.0023679526849880927	1.000101449345503
2.067944632914891	1.9078489811804793	0.06827688490330462	0.7713902303699073	0.10014009707292573	97.50170215275125	109.46745861108374	0.0023679526849880927	1.000101449345503
2.067944632914891	1.9078489811804793	0.06827688490330462	0.7713902303699073	0.10014001160135282	97.50170215275125	109.46745861108374	0.0023679526849880927	1.000101449345503
2.067944632914891	1.9078489811804793	0.06827688490330462	0.7713902303699073	0.10014001160135282	97.50170215275125	109.46745861108374	0.0023677866129852843	1.000101449345503
2.067944632914891	1.9078489811804793	0.06827688490330462	0.7713902303699073	0.10014001160135282	97.50170215275125	109.48446009424447	0.0023677866129852843	1.000101449345503
2.067944632914891	1.9078489811804793	0.06827688490330462	0.7713902303699073	0.10014001160135282	97.50170215275125	109.48446009424447	0.0023677866129852843	1.000100114052568
2.067944632914891	1.9078489811804793	0.06827688490330462	0.7713902303699073	0.10014001160135282	97.50170215275125	109.4846487669186	0.0023677866129852843	1.000100114052568
2.067944632914891	1.9078489811804793	0.06827688490330462	0.7713902303699073	0.10014001160135282	97.50170215275125	109.4846487669186	0.0023677866129852843	1.000100114052568
2.067944632914891	1.9078489811804793	0.06827688490330462	0.7713902303699073	0.10014001160135282	97.50170215275125	109.4846487669186	0.0022718358569155145	1.000100114052568
2.067944632914891	1.9078489811804793	0.06827688490330462	0.7713902303699073	0.10014001160135282	97.50140524150095	109.4846487669186	0.0022718358569155145	1.000100114052568
2.067944632914891	1.9078489811804793	0.06827688490330462	0.7713902303699073	0.10014001160135282	97.50140524150095	109.4846487669186	0.0022718358569155145	1.000100114052568
2.067944632914891	1.9078489811804793	0.06827688490330462	0.7713902303699073	0.10014001160135282	97.50140524150095	109.4846487669186	0.0022718358569155145	1.000100114052568
2.067944632914891	1.9078489811804793	0.06827688490330462	0.7713902303699073	0.10014001160135282	97.50140524150095	109.4846487669186	0.0022718358569155145	1.000100114052568
