2.3128020411633945	1.889960134479012	0.06828120354745279	0.7365352936132217	0.10220390527319312	99.61291482307143	104.98261620553951	0.002367743554333786	1.0000965618242383
2.3128020411633945	1.889960134479012	0.06828120354745279	0.7365352936132217	0.10220390527319312	99.61291482307143	104.98261620553951	0.0023682017178578716	1.0000965618242383
2.3128020411633945	1.889960134479012	0.06828120354745279	0.7365180256302233	0.10220390527319312	99.61291482307143	104.98261620553951	0.0023682017178578716	1.0000965618242383
2.3128020411633945	1.889960134479012	0.06828120354745279	0.7365180256302233	0.10220390527319312	99.61291482307143	104.98261620553951	0.002394362170037709	1.0000965618242383
2.3128020411633945	1.889960134479012	0.06828120354745279	0.7365180256302233	0.10220390527319312	99.61291482307143	104.98261620553951	0.002394362170037709	1.0000965618242383
2.3128020411633945	1.889960134479012	0.06828120354745279	0.7365180256302233	0.10220390527319312	99.61291482307143	104.98261620553951	0.002394362170037709	1.000106078258866
2.3128020411633945	1.889960134479012	0.06828120354745279	0.7365180256302233	0.10220390527319312	99.61291482307143	104.98261620553951	0.002394362170037709	1.000106078258866
2.3128020411633945	1.889960134479012	0.06828120354745279	0.7365180256302233	0.10220390527319312	99.61291482307143	104.98261620553951	0.002394362170037709	1.000106078258866
2.3128020411633945	1.889960134479012	0.06828120354745279	0.7365180256302233	0.10220390527319312	99.61291482307143	104.98261620553951	0.002394362170037709	1.000106078258866
2.3128020411633945	1.889960134479012	0.06828120354745279	0.7365180256302233	0.10220390527319312	99.61291482307143	104.98261620553951	0.002394362170037709	1.000106078258866
2.3128020411633945	1.889960134479012	0.06828120354745279	0.7365180256302233	0.10220390527319312	99.61291482307143	104.98261620553951	0.002394362170037709	1.000106078258866
2.3128020411633945	1.889960134479012	0.06828120354745279	0.7365180256302233	0.10220390527319312	99.61291482307143	104.98261620553951	0.002394362170037709	1.000106078258866
2.3128020411633945	1.889960134479012	0.06828120354745279	0.7362241835349715	0.10220390527319312	99.61291482307143	104.98261620553951	0.002394362170037709	1.000106078258866
2.3128020411633945	1.889960134479012	0.06828120354745279	0.7362241835349715	0.10220390527319312	99.61291482307143	104.98261620553951	0.002394362170037709	1.000106078258866
2.3128020411633945	1.889960134479012	0.06828120354745279	0.7362241835349715	0.10220390527319312	99.61291482307143	104.98261620553951	0.002394362170037709	1.000106078258866
2.3128020411633945	1.889959242462408	0.06828120354745279	0.7362241835349715	0.10220390527319312	99.61291482307143	104.98261620553951	0.002394362170037709	1.000106078258866
2.3128020411633945	1.889959242462408	0.06828120354745279	0.7362241835349715	0.10220390527319312	99.61291482307143	104.98261620553951	0.002394362170037709	1.000106078258866
2.3128020411633945	1.889959242462408	0.06828120354745279	0.7362241835349715	0.10220390527319312	99.61291482307143	104.98261620553951	0.002394362170037709	1.000106078258866
2.3128020411633945	1.889959242462408	0.06828120354745279	0.7362241835349715	0.10220390527319312	99.61291482307143	104.49992752722423	0.002394362170037709	1.000106078258866
2.313077986905745	1.889959242462408	0.06828120354745279	0.7362241835349715	0.10220390527319312	99.61291482307143	104.49992752722423	0.002394362170037709	1.000106078258866
2.313077986905745	1.889959242462408	0.06828120354745279	0.7362241835349715	0.10220390527319312	99.61291482307143	104.49992752722423	0.002394362170037709	1.000106078258866
2.313077986905745	1.889959242462408	0.06828120354745279	0.7362241835349715	0.10220390527319312	99.61291482307143	104.49992752722423	0.002394362170037709	1.000106078258866
2.313077986905745	1.889959242462408	0.06828120354745279	0.7362241835349715	0.10220390527319312	99.61291482307143	104.50316134581925	0.002394362170037709	1.000106078258866
2.313077986905745	1.889959242462408	0.06828120354745279	0.7362241835349715	0.10220390527319312	99.61291482307143	104.50316134581925	0.002394362170037709	1.0001057516507765
2.313077986905745	1.889959242462408	0.06828120354745279	0.7362241835349715	0.10220390527319312	99.61291482307143	104.50316134581925	0.002394362170037709	1.0001057516507765
2.313077986905745	1.889959242462408	0.06828120354745279	0.7362241835349715	0.10220390527319312	99.61291482307143	104.50316134581925	0.002394362170037709	1.0001057516507765
2.313077986905745	1.889959242462408	0.06828120354745279	0.7362241835349715	0.10220390527319312	99.61646985876651	104.50316134581925	0.002394362170037709	1.0001057516507765
2.3127634337588057	1.889959242462408	0.06828120354745279	0.7362241835349715	0.10220390527319312	99.61646985876651	104.50316134581925	0.002394362170037709	1.0001057516507765
2.312757264646846	1.889959242462408	0.06828120354745279	0.7362241835349715	0.10220390527319312	99.61646985876651	104.50316134581925	0.002394362170037709	1.0001057516507765
2.312757264646846	1.889959242462408	0.06828120354745279	0.7362241835349715	0.10220390527319312	99.61646985876651	98.57452756069914	0.002394362170037709	1.0001057516507765
2.312761781609385	1.889959242462408	0.06828120354745279	0.7362241835349715	0.10220390527319312	99.61646985876651	98.57452756069914	0.002394362170037709	1.0001057516507765
2.312761781609385	1.889959242462408	0.06828120354745279	0.7362241835349715	0.10220390527319312	99.61646985876651	98.57452756069914	0.002394362170037709	1.0001057516507765
2.312761781609385	1.889959242462408	0.06828120354745279	0.7362241835349715	0.10220390527319312	99.61646985876651	98.57457659007929	0.002394362170037709	1.0001057516507765
2.313390115309181	1.889959242462408	0.06828120354745279	0.7362241835349715	0.10220390527319312	99.61646985876651	98.57457659007929	0.002394362170037709	1.0001057516507765
2.313390115309181	1.889959242462408	0.06828120354745279	0.7362241835349715	0.10220390527319312	99.61646985876651	98.57457659007929	0.002394362170037709	1.0001057516507765
2.313390115309181	1.889959242462408	0.06828120354745279	0.7362241835349715	0.10220390527319312	99.61646985876651	98.57457659007929	0.002394362170037709	1.0000999457928499
2.313390115309181	1.889959242462408	0.06828120354745279	0.7362241835349715	0.10225133472007393	99.61646985876651	98.57457659007929	0.002394362170037709	1.0000999457928499
2.313390115309181	1.889959242462408	0.06828120354745279	0.7362241835349715	0.10225133472007393	99.61646985876651	98.57457659007929	0.002394362170037709	1.0000999457928499
2.313390115309181	1.889959242462408	0.06828120354745279	0.7362241835349715	0.10225133472007393	99.61646985876651	98.57457659007929	0.002394362170037709	1.0000999457928499
2.313390115309181	1.889959242462408	0.06828120354745279	0.7362241835349715	0.10225133472007393	99.61646985876651	98.57457659007929	0.002394362170037709	1.0000999457928499
2.313390115309181	1.889959242462408	0.06828120354745279	0.7362241835349715	0.10225133472007393	99.61649751585408	98.57457659007929	0.002394362170037709	1.0000999457928499
2.313390115309181	1.889959242462408	0.06828120354745279	0.7362241835349715	0.10225133472007393	99.61649751585408	98.57457659007929	0.002394362170037709	1.0000999457928499
2.313394850924912	1.889959242462408	0.06828120354745279	0.7362241835349715	0.10225133472007393	99.61649751585408	98.57457659007929	0.002394362170037709	1.0000999457928499
2.313394850924912	1.889959242462408	0.06828120354745279	0.7362241835349715	0.10225133472007393	99.61649751585408	101.0379819864254	0.002394362170037709	1.0000999457928499
2.313394850924912	1.889959242462408	0.06828120354745279	0.7362241835349715	0.10225133472007393	99.61649751585408	101.0379819864254	0.002394362170037709	1.0000999457928499
2.313394850924912	1.889959242462408	0.06828120354745279	0.7362241835349715	0.10225133472007393	99.61649751585408	101.0379819864254	0.00239257074646875	1.0000999457928499
2.313394850924912	1.889959242462408	0.06828120354745279	0.7362241835349715	0.10224916627090892	99.61649751585408	101.0379819864254	0.00239257074646875	1.0000999457928499
2.313394850924912	1.889959242462408	0.06828120354745279	0.7362262773242393	0.10224916627090892	99.61649751585408	101.0379819864254	0.00239257074646875	1.0000999457928499
2.3143864529902576	1.889959242462408	0.06828120354745279	0.7362262773242393	0.10224916627090892	99.61649751585408	101.0379819864254	0.00239257074646875	1.0000999457928499
2.3143864529902576	1.889959242462408	0.06828120354745279	0.7362262773242393	0.10224916627090892	99.61649751585408	101.0379819864254	0.00239257074646875	1.0000999457928499
2.3143864529902576	1.889959242462408	0.06828120354745279	0.7362262773242393	0.10224916627090892	99.61649751585408	101.03699040753688	0.00239257074646875	1.0000999457928499
2.3143864529902576	1.89001120150071	0.06828120354745279	0.7362262773242393	0.10224916627090892	99.61649751585408	101.03699040753688	0.00239257074646875	1.0000999457928499
2.3143864529902576	1.89001120150071	0.06828120354745279	0.7362262773242393	0.10224916627090892	99.58502110177497	101.03699040753688	0.00239257074646875	1.0000999457928499
2.3143864529902576	1.89001120150071	0.06828120354745279	0.7362262773242393	0.10224916627090892	99.58502110177497	101.03521612256505	0.00239257074646875	1.0000999457928499
2.3143864529902576	1.89001120150071	0.06828120354745279	0.736229549973927	0.10224916627090892	99.58502110177497	101.03521612256505	0.00239257074646875	1.0000999457928499
2.314388698962519	1.89001120150071	0.06828120354745279	0.736229549973927	0.10224916627090892	99.58502110177497	101.03521612256505	0.00239257074646875	1.0000999457928499
2.314388698962519	1.89001120150071	0.06828120354745279	0.736229549973927	0.10224916627090892	99.58502110177497	101.03521612256505	0.00239257074646875	1.0000999457928499
2.314388698962519	1.89001120150071	0.06828120354745279	0.736229549973927	0.10224916627090892	99.58502110177497	101.03521612256505	0.00239257074646875	1.0000999457928499
2.314388698962519	1.89001120150071	0.06828120354745279	0.736229549973927	0.10224916627090892	99.58502110177497	101.40756907750453	0.00239257074646875	1.0000999457928499
2.314388698962519	1.89001120150071	0.06828120354745279	0.736229549973927	0.10224916627090892	99.58502110177497	101.40756907750453	0.0023750657676332807	1.0000999457928499
2.314388698962519	1.89001120150071	0.06828120354745279	0.736229549973927	0.10224916627090892	99.58502110177497	101.40756907750453	0.0023750657676332807	1.0000999457928499
2.314388698962519	1.89001120150071	0.06828120354745279	0.736229549973927	0.10224620050624832	99.58502110177497	101.40756907750453	0.0023750657676332807	1.0000999457928499
2.3143902522967985	1.89001120150071	0.06828120354745279	0.736229549973927	0.10224620050624832	99.58502110177497	101.40756907750453	0.0023750657676332807	1.0000999457928499
2.3143902522967985	1.89001120150071	0.06828120354745279	0.736229549973927	0.10224620050624832	99.59462286476231	101.40756907750453	0.0023750657676332807	1.0000999457928499
2.3143902522967985	1.89001120150071	0.06828120354745279	0.736229549973927	0.10224620050624832	99.59462286476231	101.40756907750453	0.0023750657676332807	1.0000999457928499
2.3143902522967985	1.89001120150071	0.06828120354745279	0.736229549973927	0.10224882038173211	99.59462286476231	101.40756907750453	0.0023750657676332807	1.0000999457928499
2.3143902522967985	1.89001120150071	0.06828120354745279	0.736229549973927	0.10224867113955856	99.59462286476231	101.40756907750453	0.0023750657676332807	1.0000999457928499
2.3143902522967985	1.89001120150071	0.06817561983133576	0.736229549973927	0.10224867113955856	99.59462286476231	101.40756907750453	0.0023750657676332807	1.0000999457928499
2.3143902522967985	1.89001120150071	0.06817561983133576	0.736229549973927	0.10224867113955856	99.59462286476231	101.41446199095671	0.0023750657676332807	1.0000999457928499
2.3143902522967985	1.89001120150071	0.06817561983133576	0.736229549973927	0.10224867113955856	99.59462286476231	101.41446199095671	0.0023750657676332807	1.0000999457928499
2.3143902522967985	1.89001120150071	0.06817561983133576	0.736229549973927	0.10224867113955856	99.59462286476231	101.41446199095671	0.0023750657676332807	1.0000999457928499
2.3143902522967985	1.89001120150071	0.06817561983133576	0.736229549973927	0.10224867113955856	99.59462286476231	101.41446199095671	0.0023750657676332807	1.0000999457928499
2.3143902522967985	1.89001120150071	0.06817561983133576	0.736229549973927	0.10224867113955856	99.59462286476231	101.41446199095671	0.0023750657676332807	1.0000999457928499
2.3143902522967985	1.89001120150071	0.06817561983133576	0.736229549973927	0.10224867113955856	99.59462286476231	101.41446199095671	0.0023750657676332807	1.0000999457928499
2.3143902522967985	1.8899624251558165	0.06817561983133576	0.736229549973927	0.10224867113955856	99.59462286476231	101.41446199095671	0.0023750657676332807	1.0000999457928499
2.3143902522967985	1.8899624251558165	0.06817561983133576	0.736229549973927	0.10224867113955856	99.59462286476231	101.41446199095671	0.0023750657676332807	1.0000999457928499
2.3143902522967985	1.8897372316230385	0.06817561983133576	0.736229549973927	0.10224867113955856	99.59462286476231	101.41446199095671	0.0023750657676332807	1.0000999457928499
2.3143902522967985	1.8897372316230385	0.06817561983133576	0.736229549973927	0.10224867113955856	99.59462286476231	101.41446199095671	0.0023750657676332807	1.0000999457928499
2.3143902522967985	1.8897372316230385	0.06817561983133576	0.736229549973927	0.10224867113955856	99.59460796540439	101.41446199095671	0.0023750657676332807	1.0000999457928499
2.3143902522967985	1.8897372316230385	0.06817561983133576	0.736229549973927	0.10224867113955856	99.59460796540439	101.5669738826147	0.0023750657676332807	1.0000999457928499
2.3143902522967985	1.8897372316230385	0.06817561983133576	0.736229549973927	0.10224867113955856	99.59460796540439	101.5669738826147	0.0023750657676332807	1.0000999457928499
2.3143902522967985	1.8897372316230385	0.06817561983133576	0.736229549973927	0.10224867113955856	99.59460796540439	101.5669738826147	0.002373373221219059	1.0000999457928499
2.3143902522967985	1.8897372316230385	0.06817561983133576	0.736229549973927	0.10224867113955856	99.59460796540439	101.5669738826147	0.002373373221219059	1.0001001289034843
2.3143902522967985	1.8897447213296963	0.06817561983133576	0.736229549973927	0.10224867113955856	99.59460796540439	101.5669738826147	0.002373373221219059	1.0001001289034843
2.3143902522967985	1.8897447213296963	0.06817561983133576	0.736229549973927	0.10224861526704827	99.59460796540439	101.5669738826147	0.002373373221219059	1.0001001289034843
2.3143902522967985	1.8897447213296963	0.06817561983133576	0.736229549973927	0.10224870460603012	99.59460796540439	101.5669738826147	0.002373373221219059	1.0001001289034843
2.3143902522967985	1.8897447213296963	0.06817561983133576	0.736229549973927	0.10224870460603012	99.59460796540439	101.5669738826147	0.002373373221219059	1.0001002758676405
2.3143902522967985	1.8897447213296963	0.06817561983133576	0.736229549973927	0.10224870460603012	99.59460796540439	101.5672792375769	0.002373373221219059	1.0001002758676405
2.3143902522967985	1.8897447213296963	0.06817561983133576	0.736229549973927	0.10224862268700585	99.59460796540439	101.5672792375769	0.002373373221219059	1.0001002758676405
2.3143902522967985	1.8897447213296963	0.06817561983133576	0.736229549973927	0.10224862268700585	99.59460796540439	101.5672792375769	0.002373373221219059	1.0001002758676405
2.3143902522967985	1.8897447213296963	0.06817561983133576	0.736229549973927	0.10224862268700585	99.59460796540439	101.5672792375769	0.002373373221219059	1.0001002758676405
2.3143902522967985	1.8897447213296963	0.06817561983133576	0.736229549973927	0.10224862268700585	99.59460796540439	101.5672792375769	0.002373373221219059	1.0001002758676405
2.3143902522967985	1.8897447213296963	0.06817561983133576	0.736229549973927	0.10224862268700585	99.59378678666519	101.5672792375769	0.002373373221219059	1.0001002758676405
2.3143902522967985	1.8897447213296963	0.06817561983133576	0.736229549973927	0.10224862268700585	99.59378678666519	101.5672792375769	0.002373373221219059	1.0001002758676405
2.3143902522967985	1.8897447213296963	0.06817561983133576	0.736229549973927	0.10224859101117359	99.59378678666519	101.5672792375769	0.002373373221219059	1.0001002758676405
2.3143902522967985	1.8897447213296963	0.06817561983133576	0.736229549973927	0.10224859101117359	99.59378678666519	101.5672792375769	0.002373373221219059	1.0001002758676405
2.3143902522967985	1.8897447213296963	0.06817561983133576	0.736229549973927	0.10224859101117359	99.59378678666519	101.5672792375769	0.002373373221219059	1.0001002758676405
2.3143902522967985	1.8897447213296963	0.06817561983133576	0.736229549973927	0.10224859101117359	99.596832892721	101.5672792375769	0.002373373221219059	1.0001002758676405
2.3143902522967985	1.8897447213296963	0.0681777867791056	0.736229549973927	0.10224859101117359	99.596832892721	101.5672792375769	0.002373373221219059	1.0001002758676405
2.3143902522967985	1.8896581217274828	0.0681777867791056	0.736229549973927	0.10224859101117359	99.596832892721	101.5672792375769	0.002373373221219059	1.0001002758676405
2.3143902522967985	1.8896581217274828	0.0681777867791056	0.7362135519924254	0.10224859101117359	99.596832892721	101.5672792375769	0.002373373221219059	1.0001002758676405
2.3143902522967985	1.8896581217274828	0.0681777867791056	0.7362135519924254	0.10224859101117359	99.596832892721	101.5672792375769	0.002373373221219059	1.0001002758676405
2.3143902522967985	1.8896638104189987	0.0681777867791056	0.7362135519924254	0.10224859101117359	99.596832892721	101.5672792375769	0.002373373221219059	1.0001002758676405
2.3143902522967985	1.8896259366846078	0.0681777867791056	0.7362135519924254	0.10224859101117359	99.596832892721	101.5672792375769	0.002373373221219059	1.0001002758676405
2.3143902522967985	1.8896259366846078	0.0681777867791056	0.7362135519924254	0.10224859101117359	99.596832892721	101.5672792375769	0.002373373221219059	1.0001002758676405
2.3143902522967985	1.8896259366846078	0.0681777867791056	0.7362135519924254	0.10224859101117359	99.596832892721	101.5672792375769	0.002373373221219059	1.0001002758676405
2.3143902522967985	1.8896259366846078	0.0681777867791056	0.7362135519924254	0.10224860058997398	99.596832892721	101.5672792375769	0.002373373221219059	1.0001002758676405
2.3143902522967985	1.88964295125536	0.0681777867791056	0.7362135519924254	0.10224860058997398	99.596832892721	101.5672792375769	0.002373373221219059	1.0001002758676405
2.3143902522967985	1.88964295125536	0.0681777867791056	0.7362135519924254	0.10224860058997398	99.596832892721	101.5672792375769	0.002231466808396599	1.0001002758676405
2.3143902522967985	1.88964295125536	0.0681777867791056	0.7362135519924254	0.10224860058997398	99.596832892721	101.5672792375769	0.002231466808396599	1.0001002758676405
2.3143902522967985	1.88964295125536	0.0681777867791056	0.7362135519924254	0.10224860058997398	99.596832892721	101.5672792375769	0.002231466808396599	1.0001002758676405
2.3143902522967985	1.88964295125536	0.0681777867791056	0.7362135519924254	0.10224860058997398	99.596832892721	101.56661303024629	0.002231466808396599	1.0001002758676405
2.3143902522967985	1.88964295125536	0.0681777867791056	0.7362135519924254	0.10224860058997398	99.59697815006268	101.56661303024629	0.002231466808396599	1.0001002758676405
2.3143902522967985	1.88964295125536	0.0681777867791056	0.7362135519924254	0.10224860058997398	99.59697815006268	101.56661303024629	0.002224137825203416	1.0001002758676405
2.314375911386408	1.88964295125536	0.0681777867791056	0.7362135519924254	0.10224860058997398	99.59697815006268	101.56661303024629	0.002224137825203416	1.0001002758676405
2.314375911386408	1.88964295125536	0.0681777867791056	0.7362135519924254	0.10224860058997398	99.59697815006268	101.57244435698287	0.002224137825203416	1.0001002758676405
2.314375911386408	1.88964295125536	0.0681777867791056	0.7362135519924254	0.10224860058997398	99.59697815006268	101.57244435698287	0.002224137825203416	1.0001002758676405
2.314375911386408	1.88964295125536	0.0681777867791056	0.7362135519924254	0.10224862156290972	99.59697815006268	101.57244435698287	0.002224137825203416	1.0001002758676405
2.314375911386408	1.88964295125536	0.0681777867791056	0.7362135519924254	0.10224709682542903	99.59697815006268	101.57244435698287	0.002224137825203416	1.0001002758676405
2.314375911386408	1.88964295125536	0.0681777867791056	0.7362647593261992	0.10224709682542903	99.59697815006268	101.57244435698287	0.002224137825203416	1.0001002758676405
2.314375911386408	1.88964295125536	0.0681777867791056	0.7362647593261992	0.10224709682542903	99.59697815006268	101.53877714492971	0.002224137825203416	1.0001002758676405
2.314375911386408	1.8896410162806705	0.0681777867791056	0.7362647593261992	0.10224709682542903	99.59697815006268	101.53877714492971	0.002224137825203416	1.0001002758676405
2.314375911386408	1.8896410162806705	0.0681777867791056	0.7362647593261992	0.10224709682542903	99.59697458792841	101.53877714492971	0.002224137825203416	1.0001002758676405
2.314375911386408	1.8896410162806705	0.0681777867791056	0.7362921689909556	0.10224709682542903	99.59697458792841	101.53877714492971	0.002224137825203416	1.0001002758676405
2.314375911386408	1.8896410162806705	0.0681777867791056	0.7362921689909556	0.10224709682542903	99.59697458792841	101.53885673232855	0.002224137825203416	1.0001002758676405
2.314375911386408	1.8896410162806705	0.0681777867791056	0.7362921689909556	0.10224709682542903	99.59697458792841	101.53885673232855	0.002224137825203416	1.0001002758676405
2.314375911386408	1.8896410162806705	0.0681777867791056	0.7362921689909556	0.10224709682542903	99.59697458792841	101.53885673232855	0.002224137825203416	1.0001002758676405
2.314375911386408	1.8896410162806705	0.0681777867791056	0.7362921689909556	0.10224709682542903	99.59697458792841	101.53885673232855	0.002224137825203416	1.0001002758676405
2.314375911386408	1.8896410162806705	0.0681777867791056	0.7362921689909556	0.10224709682542903	99.59697458792841	101.53885673232855	0.002224137825203416	1.0001017498564653
2.314375911386408	1.8896410162806705	0.0681777867791056	0.7362921689909556	0.10224709682542903	99.59697458792841	101.53885673232855	0.002224137825203416	1.0001017498564653
2.314375911386408	1.8896410162806705	0.0681777867791056	0.7362921689909556	0.10224709682542903	99.59697458792841	101.53885673232855	0.002224137825203416	1.0001019241014375
2.314375911386408	1.8896410162806705	0.0681777867791056	0.7362921689909556	0.10224709682542903	99.59697458792841	101.53885673232855	0.002224137825203416	1.0001019241014375
2.314374529719202	1.8896410162806705	0.0681777867791056	0.7362921689909556	0.10224709682542903	99.59697458792841	101.53885673232855	0.002224137825203416	1.0001019241014375
2.314374529719202	1.8896410162806705	0.0681777867791056	0.7362921689909556	0.10225822319582864	99.59697458792841	101.53885673232855	0.002224137825203416	1.0001019241014375
2.314374529719202	1.8896410162806705	0.06817425067815064	0.7362921689909556	0.10225822319582864	99.59697458792841	101.53885673232855	0.002224137825203416	1.0001019241014375
2.314374529719202	1.8896410162806705	0.06817425067815064	0.7362921689909556	0.10225822319582864	99.596663725011	101.53885673232855	0.002224137825203416	1.0001019241014375
2.314374529719202	1.8896410162806705	0.06817425067815064	0.7362921689909556	0.10225822319582864	99.596663725011	101.53885673232855	0.002224137825203416	1.0001019241014375
2.314374529719202	1.8896410162806705	0.06817425067815064	0.7362921689909556	0.10225822319582864	99.596663725011	101.53885673232855	0.0024842517622704866	1.0001019241014375
2.314374529719202	1.8896410162806705	0.06817425067815064	0.7362987540271093	0.10225822319582864	99.596663725011	101.53885673232855	0.0024842517622704866	1.0001019241014375
2.314374529719202	1.8896410162806705	0.06817425067815064	0.7362987540271093	0.10225822319582864	99.596663725011	101.53885673232855	0.0024842517622704866	1.0001019241014375
2.314374529719202	1.8896410162806705	0.06817425067815064	0.7362987540271093	0.10225822319582864	99.596663725011	101.53885673232855	0.0024842517622704866	1.0001019241014375
2.314374529719202	1.8896410162806705	0.06817425067815064	0.7362987540271093	0.10225822319582864	99.596663725011	101.53860475631437	0.0024842517622704866	1.0001019241014375
2.314374529719202	1.8896410162806705	0.06817425067815064	0.7362987540271093	0.10225822319582864	99.596663725011	101.53860475631437	0.0024842517622704866	1.0001019241014375
2.314374529719202	1.8896410162806705	0.06817425067815064	0.7362987540271093	0.10225822319582864	99.596663725011	101.53860475631437	0.0024842517622704866	1.0001019241014375
2.314374529719202	1.8896410162806705	0.06817425067815064	0.7362987540271093	0.10225822319582864	99.596663725011	101.53860475631437	0.0024842517622704866	1.0001019241014375
2.314374529719202	1.8896410162806705	0.06817425067815064	0.7362987540271093	0.10225822319582864	99.596663725011	101.53860475631437	0.0024842517622704866	1.0001019338814938
2.314374529719202	1.8896410162806705	0.06817425067815064	0.7362987540271093	0.10225822319582864	99.596663725011	101.53860475631437	0.0024698543561964353	1.0001019338814938
2.314374529719202	1.8896410162806705	0.06817425067815064	0.7362987540271093	0.10225822319582864	99.596663725011	101.53860475631437	0.0024698543561964353	1.0001019338814938
2.314374529719202	1.8896410162806705	0.06817425067815064	0.7362987540271093	0.10225822319582864	99.596663725011	100.78266955635493	0.0024698543561964353	1.0001019338814938
2.314374529719202	1.8896410162806705	0.06817425067815064	0.7362987540271093	0.10225822319582864	99.596663725011	100.78266955635493	0.0024698543561964353	1.0001019338814938
2.314374529719202	1.8896410162806705	0.06817425067815064	0.7362987540271093	0.10225822319582864	99.596663725011	100.82166202293782	0.0024698543561964353	1.0001019338814938
2.314374529719202	1.8896410162806705	0.06817425067815064	0.7362987540271093	0.10222440329351237	99.596663725011	100.82166202293782	0.0024698543561964353	1.0001019338814938
2.314374529719202	1.8896410162806705	0.06817425067815064	0.7362987540271093	0.10222440329351237	99.596663725011	100.82166202293782	0.0024698543561964353	1.0001019338814938
2.314374529719202	1.8896410162806705	0.06817425067815064	0.7362987540271093	0.10222440329351237	99.596663725011	101.21514234759792	0.0024698543561964353	1.0001019338814938
2.314374529719202	1.8896410162806705	0.06817425067815064	0.7362987540271093	0.10222440329351237	99.596663725011	101.21514234759792	0.0024698543561964353	1.0001019338814938
2.314374529719202	1.8896410162806705	0.06817425067815064	0.7362987540271093	0.10222440329351237	99.596663725011	101.21514234759792	0.0024698696158079033	1.0001019338814938
2.314374529719202	1.8896410162806705	0.06817425067815064	0.7362987540271093	0.10222440329351237	99.596663725011	101.21514234759792	0.0024698696158079033	1.0001019338814938
2.314374529719202	1.8896410162806705	0.06817425067815064	0.7363375036150044	0.10222440329351237	99.596663725011	101.21514234759792	0.0024698696158079033	1.0001019338814938
2.314374529719202	1.8896410162806705	0.06817425067815064	0.7363375036150044	0.10222440329351237	99.596663725011	101.21514234759792	0.002483896238942287	1.0001019338814938
2.314374529719202	1.8896410162806705	0.06817425067815064	0.7363375036150044	0.10222440329351237	99.596663725011	101.21514234759792	0.002483896238942287	1.0001019338814938
2.3147832634633443	1.8896410162806705	0.06817425067815064	0.7363375036150044	0.10222440329351237	99.596663725011	101.21514234759792	0.002483896238942287	1.0001019338814938
2.3147832634633443	1.8896410162806705	0.06817425067815064	0.7363375036150044	0.10222440329351237	99.596663725011	101.21514234759792	0.0024815322646973975	1.0001019338814938
2.3147832634633443	1.8896410162806705	0.06817425067815064	0.7363375036150044	0.10222440329351237	99.59664770332361	101.21514234759792	0.0024815322646973975	1.0001019338814938
2.3147832634633443	1.8896410162806705	0.06817425067815064	0.7363375036150044	0.10222440329351237	99.59664770332361	101.21514234759792	0.0024815322646973975	1.0001019338814938
2.3147832634633443	1.8896410162806705	0.06817425067815064	0.7363375036150044	0.10222440329351237	99.59664770332361	101.21514234759792	0.0024815322646973975	1.0001019338814938
2.3147832634633443	1.8896410162806705	0.06817425067815064	0.7363375036150044	0.10221657479216963	99.59664770332361	101.21514234759792	0.0024815322646973975	1.0001019338814938
2.3147832634633443	1.8896410162806705	0.06817425067815064	0.7345417127175949	0.10221657479216963	99.59664770332361	101.21514234759792	0.0024815322646973975	1.0001019338814938
2.3147832634633443	1.8896410162806705	0.06817425067815064	0.7345417127175949	0.10221657479216963	99.59664770332361	101.21514234759792	0.0024815322646973975	1.0001019338814938
2.3147832634633443	1.8896410162806705	0.06817425067815064	0.7345417127175949	0.10221657479216963	99.59664770332361	101.21514234759792	0.0024815322646973975	1.0001019338814938
2.3147832634633443	1.8896410162806705	0.06817425067815064	0.7345417127175949	0.10221657479216963	99.59664770332361	101.21514234759792	0.0024810672079270835	1.0001019338814938
2.3147832634633443	1.8896410162806705	0.06817425067815064	0.7345417127175949	0.10221657479216963	99.59664770332361	101.21561757353426	0.0024810672079270835	1.0001019338814938
2.3147832634633443	1.8896410162806705	0.06817425067815064	0.7345417127175949	0.10221657479216963	99.59684188019358	101.21561757353426	0.0024810672079270835	1.0001019338814938
2.3147832634633443	1.8896410162806705	0.06817425067815064	0.7345417127175949	0.10221657479216963	99.59684188019358	101.21561757353426	0.0024810758727918537	1.0001019338814938
2.3147832634633443	1.8896410162806705	0.06817425067815064	0.7345417127175949	0.10221657479216963	99.59684188019358	101.21561757353426	0.0024810758727918537	1.0001019338814938
2.3147832634633443	1.8896410162806705	0.06817425067815064	0.7345417127175949	0.10221657479216963	99.59684188019358	101.21561757353426	0.0024810959820056586	1.0001019338814938
2.3147832634633443	1.8896410162806705	0.06817425067815064	0.7345326999669196	0.10221657479216963	99.59684188019358	101.21561757353426	0.0024810959820056586	1.0001019338814938
2.3147832634633443	1.8896410162806705	0.06817425067815064	0.7345326999669196	0.10221657479216963	99.59684188019358	101.21561757353426	0.0024810959820056586	1.0001019338814938
2.3147832634633443	1.8896410162806705	0.06817425067815064	0.7345326999669196	0.10221689389062225	99.59684188019358	101.21561757353426	0.0024810959820056586	1.0001019338814938
2.3147832634633443	1.8896410162806705	0.06817425067815064	0.7345326999669196	0.10221689389062225	99.59684188019358	101.21561757353426	0.0024810959820056586	1.0001019417806607
2.3147832634633443	1.8896410162806705	0.06817425067815064	0.7345326999669196	0.10221689389062225	99.59684188019358	101.21561757353426	0.0024810959820056586	1.0001019417806607
2.3147832634633443	1.8896410162806705	0.06817425067815064	0.7345326999669196	0.10221689389062225	99.59684188019358	101.21561757353426	0.0024810959820056586	1.0001019417806607
2.3147832634633443	1.8896410162806705	0.06817425067815064	0.7345326999669196	0.10221689389062225	99.59684188019358	101.21561757353426	0.0024810959820056586	1.0001019417806607
2.3147832634633443	1.8896410162806705	0.06809010979283583	0.7345326999669196	0.10221689389062225	99.59684188019358	101.21561757353426	0.0024810959820056586	1.0001019417806607
2.3147832634633443	1.8896410162806705	0.06809010979283583	0.7345326999669196	0.10221689389062225	99.59684188019358	101.21561757353426	0.0024810959820056586	1.0001019417806607
2.3147857001462424	1.8896410162806705	0.06809010979283583	0.7345326999669196	0.10221689389062225	99.59684188019358	101.21561757353426	0.0024810959820056586	1.0001019417806607
2.3147857001462424	1.8896410162806705	0.06809010979283583	0.7345326999669196	0.10221689389062225	99.59684188019358	101.21561757353426	0.0024810959820056586	1.0001019417806607
2.3147857001462424	1.8892287576427869	0.06809010979283583	0.7345326999669196	0.10221689389062225	99.59684188019358	101.21561757353426	0.0024810959820056586	1.0001019417806607
2.3147857001462424	1.8892287576427869	0.06809010979283583	0.7345326999669196	0.10221689389062225	99.59684188019358	101.21561757353426	0.0024810959820056586	1.0001019417806607
2.3147857001462424	1.8892287576427869	0.06809010979283583	0.7345326999669196	0.10221689389062225	99.59684188019358	101.21561757353426	0.0024810959820056586	1.0001019417806607
2.3147857001462424	1.88916915665156	0.06809010979283583	0.7345326999669196	0.10221689389062225	99.59684188019358	101.21561757353426	0.0024810959820056586	1.0001019417806607
2.3147857001462424	1.88916915665156	0.06809010979283583	0.7345326999669196	0.10221689389062225	99.59684188019358	101.21561757353426	0.0024810959820056586	1.0001019417806607
2.3147857001462424	1.88916915665156	0.06809010979283583	0.7345326999669196	0.10221689389062225	99.59684188019358	101.21561757353426	0.0024810959820056586	1.0001019417806607
2.3147857001462424	1.88916915665156	0.06809010979283583	0.7345326999669196	0.10221689389062225	99.59684188019358	101.21561757353426	0.0024810959820056586	1.0001019417806607
2.3147857001462424	1.88916915665156	0.06809010979283583	0.7345326999669196	0.10221689389062225	99.59684188019358	100.92383496569221	0.0024810959820056586	1.0001019417806607
2.3147857001462424	1.889168391049534	0.06809010979283583	0.7345326999669196	0.10221689389062225	99.59684188019358	100.92383496569221	0.0024810959820056586	1.0001019417806607
2.3147857001462424	1.8891667722709915	0.06809010979283583	0.7345326999669196	0.10221689389062225	99.59684188019358	100.92383496569221	0.0024810959820056586	1.0001019417806607
2.3147857001462424	1.8891667722709915	0.06809010979283583	0.7345326999669196	0.10221689389062225	99.59684188019358	100.92383496569221	0.0024810959820056586	1.0001019417806607
2.3147857001462424	1.8891667722709915	0.06809010979283583	0.7345326999669196	0.10221689389062225	99.59684188019358	100.92383496569221	0.0024810959820056586	1.0001019417806607
2.3147857001462424	1.889166324471009	0.06809010979283583	0.7345326999669196	0.10221689389062225	99.59684188019358	100.92383496569221	0.0024810959820056586	1.0001019417806607
2.3147857001462424	1.8890463373002984	0.06809010979283583	0.7345326999669196	0.10221689389062225	99.59684188019358	100.92383496569221	0.0024810959820056586	1.0001019417806607
2.3147857001462424	1.8890463373002984	0.06809010979283583	0.7345326999669196	0.10221689389062225	99.59684188019358	100.92383496569221	0.0024810959820056586	1.0001019417806607
2.3147857001462424	1.8888696188289762	0.06809010979283583	0.7345326999669196	0.10221689389062225	99.59684188019358	100.92383496569221	0.0024810959820056586	1.0001019417806607
2.3147857001462424	1.8888696188289762	0.06809010979283583	0.7345326999669196	0.10221689389062225	99.5968332818418	100.92383496569221	0.0024810959820056586	1.0001019417806607
2.3147857001462424	1.8888696188289762	0.06809010979283583	0.7345326999669196	0.10221689389062225	99.5968332818418	100.92383496569221	0.0024771498104633935	1.0001019417806607
2.3147857001462424	1.8888696188289762	0.06809010979283583	0.7345326999669196	0.10218898755129875	99.5968332818418	100.92383496569221	0.0024771498104633935	1.0001019417806607
2.3147857001462424	1.8888696188289762	0.06809010979283583	0.7345326999669196	0.10218898755129875	99.5968332818418	100.92383496569221	0.0024771498104633935	1.0001019417806607
2.3147857001462424	1.8888696188289762	0.06809010979283583	0.7345326999669196	0.10218898755129875	99.5968332818418	100.92383496569221	0.0024771498104633935	1.0001019417806607
2.3147857001462424	1.8888696188289762	0.06809010979283583	0.7345326999669196	0.10218898755129875	99.5968332818418	100.92383496569221	0.0024771498104633935	1.0001019417806607
2.3147857001462424	1.8888726109759433	0.06809010979283583	0.7345326999669196	0.10218898755129875	99.5968332818418	100.92383496569221	0.0024771498104633935	1.0001019417806607
2.3147857001462424	1.8888703347892355	0.06809010979283583	0.7345326999669196	0.10218898755129875	99.5968332818418	100.92383496569221	0.0024771498104633935	1.0001019417806607
2.314782032666613	1.8888703347892355	0.06809010979283583	0.7345326999669196	0.10218898755129875	99.5968332818418	100.92383496569221	0.0024771498104633935	1.0001019417806607
2.314782032666613	1.8888703347892355	0.06809010979283583	0.7345326999669196	0.1021970793209861	99.5968332818418	100.92383496569221	0.0024771498104633935	1.0001019417806607
2.314782032666613	1.8888703347892355	0.06809010979283583	0.7345326999669196	0.1021970793209861	99.5968332818418	100.92383496569221	0.00247809753404647	1.0001019417806607
2.314782032666613	1.8888703347892355	0.06809010979283583	0.7345326999669196	0.1021970793209861	99.5968332818418	100.92383496569221	0.0024786470375695153	1.0001019417806607
2.314782032666613	1.8888703347892355	0.06809010979283583	0.7343331684190982	0.1021970793209861	99.5968332818418	100.92383496569221	0.0024786470375695153	1.0001019417806607
2.314782032666613	1.8888703347892355	0.06809010979283583	0.7343331684190982	0.1021970793209861	99.5968332818418	100.92383496569221	0.0024786470375695153	1.0001019417806607
2.314782032666613	1.8888703347892355	0.06809010979283583	0.7343331684190982	0.1021970793209861	99.5968332818418	100.92383496569221	0.0024786470375695153	1.0001019417806607
2.314782032666613	1.8888703347892355	0.06809010979283583	0.7343331684190982	0.1021970793209861	99.5968332818418	100.92383496569221	0.0024786470375695153	1.0001019417806607
2.314782032666613	1.8888703347892355	0.06809010979283583	0.7343331684190982	0.1021970793209861	99.5968332818418	100.92383496569221	0.0024786470375695153	1.0001019417806607
2.314782032666613	1.8888703347892355	0.06809010979283583	0.7343331684190982	0.1021970793209861	99.5968332818418	100.92383496569221	0.0024775642299914766	1.0001019417806607
2.314782032666613	1.8888703347892355	0.06809010979283583	0.7343331684190982	0.1021970793209861	99.5968332818418	100.92383496569221	0.0024669080431338037	1.0001019417806607
2.314782032666613	1.8888703347892355	0.06809010979283583	0.7343331684190982	0.1021970793209861	99.5968332818418	100.92383496569221	0.0024669080431338037	1.0001019417806607
2.314782032666613	1.8888703347892355	0.06809010979283583	0.7343331684190982	0.10218743230909484	99.5968332818418	100.92383496569221	0.0024669080431338037	1.0001019417806607
2.314782032666613	1.8888703347892355	0.06809010979283583	0.7343331684190982	0.10218743230909484	99.5968332818418	100.92383496569221	0.0024669080431338037	1.0001019417806607
2.314782032666613	1.8888703347892355	0.06809010979283583	0.7343331684190982	0.10218743230909484	99.5968332818418	100.92383496569221	0.0024669080431338037	1.0001019417806607
2.314782032666613	1.8888703347892355	0.06809010979283583	0.7343331684190982	0.10218743230909484	99.5968332818418	100.92383496569221	0.0024669080431338037	1.0001019417806607
2.314782032666613	1.8888703347892355	0.06809010979283583	0.7343331684190982	0.10218743230909484	99.5968332818418	100.92383496569221	0.0024669080431338037	1.0001019417806607
2.314782032666613	1.8888703347892355	0.06809010979283583	0.7343331684190982	0.10218743230909484	99.5968332818418	100.92383496569221	0.0024669080431338037	1.0001019417806607
2.314782032666613	1.8888859739262884	0.06809010979283583	0.7343331684190982	0.10218743230909484	99.5968332818418	100.92383496569221	0.0024669080431338037	1.0001019417806607
2.314782032666613	1.8888859739262884	0.06809010979283583	0.7343331684190982	0.10218743230909484	99.5968332818418	100.92383496569221	0.0024669080431338037	1.0001019417806607
2.314782032666613	1.8895691465103461	0.06809010979283583	0.7343331684190982	0.10218743230909484	99.5968332818418	100.92383496569221	0.0024669080431338037	1.0001019417806607
2.314782032666613	1.8895687019941314	0.06809010979283583	0.7343331684190982	0.10218743230909484	99.5968332818418	100.92383496569221	0.0024669080431338037	1.0001019417806607
2.314782032666613	1.8895687019941314	0.06809010979283583	0.7343331684190982	0.10218743230909484	99.5968332818418	100.92383496569221	0.0024669080431338037	1.0001019417806607
2.314782032666613	1.8895687019941314	0.06809010979283583	0.7343331684190982	0.10218743230909484	99.5968332818418	100.92383496569221	0.002466974440834108	1.0001019417806607
2.314782032666613	1.8895687019941314	0.06809010979283583	0.7343331684190982	0.10218743230909484	99.5968332818418	100.92383496569221	0.002466974440834108	1.0001019417806607
2.314782032666613	1.8895687019941314	0.06809010979283583	0.7343331684190982	0.10218743230909484	99.5968332818418	100.92383496569221	0.002466974440834108	1.0001019417806607
2.314782032666613	1.8895687019941314	0.06809010979283583	0.7343331684190982	0.10218743230909484	99.5968332818418	100.92383496569221	0.002466973691474345	1.0001019417806607
2.314782032666613	1.8895687019941314	0.06809010979283583	0.7343331684190982	0.10218743230909484	99.5968332818418	100.92383496569221	0.002466973691474345	1.0001019417806607
2.314782032666613	1.8895687019941314	0.06809010979283583	0.7343331684190982	0.10218743230909484	99.5968332818418	100.92383496569221	0.002466973691474345	1.0001019417806607
2.314782032666613	1.8895687019941314	0.06809010979283583	0.7343331684190982	0.10218743230909484	99.5968332818418	100.92383496569221	0.002466973691474345	1.0001019417806607
2.314782032666613	1.8895687019941314	0.06809010979283583	0.7343331684190982	0.10218743230909484	99.5968332818418	100.92383496569221	0.002466973691474345	1.0001019417806607
2.314782032666613	1.8895687019941314	0.06809010979283583	0.7343331684190982	0.10218743230909484	99.5968332818418	100.92383496569221	0.002466973691474345	1.0001019417806607
2.314782032666613	1.8895687019941314	0.06809010979283583	0.7343331684190982	0.10218743230909484	99.5968332818418	100.92383496569221	0.002466973691474345	1.0001019417806607
2.314782032666613	1.8895687019941314	0.06809010979283583	0.7343331684190982	0.1021881900036801	99.5968332818418	100.92383496569221	0.002466973691474345	1.0001019417806607
2.314782032666613	1.8895687019941314	0.06809010979283583	0.7343331684190982	0.1021881900036801	99.5968332818418	100.92383496569221	0.002466973691474345	1.0001019417806607
2.314782032666613	1.8895687019941314	0.06809010979283583	0.7343331684190982	0.1021881900036801	99.5968332818418	100.92383496569221	0.002466973691474345	1.0001019417806607
2.314782032666613	1.8895687019941314	0.06809010979283583	0.7343331684190982	0.1021881900036801	99.5968332818418	100.92383496569221	0.002466973691474345	1.0001019417806607
2.314782032666613	1.8895687019941314	0.06809010979283583	0.7343331684190982	0.1021881900036801	99.5968332818418	100.92383496569221	0.002466973691474345	1.0001019417806607
2.314782032666613	1.8895687019941314	0.06809010979283583	0.7343331684190982	0.1021881900036801	99.6068819158154	100.92383496569221	0.002466973691474345	1.0001019417806607
2.314782032666613	1.8895687019941314	0.06809010979283583	0.7343331684190982	0.10218818437129173	99.6068819158154	100.92383496569221	0.002466973691474345	1.0001019417806607
2.314782032666613	1.8895687019941314	0.06809010979283583	0.7343331684190982	0.10218818437129173	99.6068819158154	100.92383496569221	0.002466973691474345	1.0001019417806607
2.314782032666613	1.8895687019941314	0.06809010979283583	0.7343331684190982	0.10218818437129173	99.6068819158154	100.92383496569221	0.002466973691474345	1.0001019417806607
2.314782032666613	1.8895687019941314	0.06809010979283583	0.7343331684190982	0.10218818437129173	99.6068819158154	100.92383496569221	0.002466973691474345	1.0001019417806607
2.314782032666613	1.8895687019941314	0.06809010979283583	0.7343331684190982	0.10218818437129173	99.6068819158154	100.92383496569221	0.002466973691474345	1.0001019417806607
2.314782032666613	1.8895687019941314	0.06809010979283583	0.7343331684190982	0.10218818437129173	99.6068819158154	100.92383496569221	0.002466973691474345	1.0001019417806607
2.314782032666613	1.8895687019941314	0.06809010979283583	0.7343331684190982	0.10218818437129173	99.6068819158154	100.92383496569221	0.002466973691474345	1.000105555607759
2.314782032666613	1.8895687019941314	0.06809010979283583	0.7343331684190982	0.10218818437129173	99.61098061182494	100.92383496569221	0.002466973691474345	1.000105555607759
2.314782032666613	1.8895687019941314	0.06809010979283583	0.7342817771302668	0.10218818437129173	99.61098061182494	100.92383496569221	0.002466973691474345	1.000105555607759
2.314782032666613	1.8895687019941314	0.06809010979283583	0.7342817771302668	0.10218818437129173	99.61098061182494	100.92383496569221	0.002466973691474345	1.000105555607759
2.314782032666613	1.8895687019941314	0.06809010979283583	0.7342817771302668	0.10218818437129173	99.61098061182494	100.92383496569221	0.002466973691474345	1.000105555607759
2.314782032666613	1.8895687019941314	0.06809010979283583	0.7342817771302668	0.10218818437129173	99.61098061182494	100.92383496569221	0.002466973691474345	1.000105555607759
2.314782032666613	1.8895687019941314	0.06809010979283583	0.7342817771302668	0.10212364348943952	99.61098061182494	100.92383496569221	0.002466973691474345	1.000105555607759
2.314782032666613	1.8895687019941314	0.06809287173598678	0.7342817771302668	0.10212364348943952	99.61098061182494	100.92383496569221	0.002466973691474345	1.000105555607759
2.314782032666613	1.889569049743675	0.06809287173598678	0.7342817771302668	0.10212364348943952	99.61098061182494	100.92383496569221	0.002466973691474345	1.000105555607759
2.314782032666613	1.8895677161170341	0.06809287173598678	0.7342817771302668	0.10212364348943952	99.61098061182494	100.92383496569221	0.002466973691474345	1.000105555607759
2.314782032666613	1.8895677161170341	0.06809287173598678	0.7342817771302668	0.10212364348943952	99.61098061182494	100.92383496569221	0.002466973691474345	1.000105555607759
2.314782032666613	1.8895677161170341	0.06809287173598678	0.7342817771302668	0.10212364348943952	99.61098061182494	100.92383496569221	0.002466973691474345	1.000105555607759
2.314782032666613	1.8895677161170341	0.06809287173598678	0.7342817771302668	0.10212364348943952	99.61098061182494	100.92383496569221	0.002466973691474345	1.000105555607759
2.314782032666613	1.8895677161170341	0.06809287173598678	0.7342817771302668	0.10212364348943952	99.61389817951745	100.92383496569221	0.002466973691474345	1.000105555607759
2.314782032666613	1.8895677161170341	0.06809287173598678	0.7342817771302668	0.10212364348943952	99.61389817951745	100.92383496569221	0.002466973691474345	1.000105555607759
2.314782032666613	1.8895677161170341	0.06809287173598678	0.7342817771302668	0.10212364348943952	99.61389817951745	100.92383496569221	0.002466973691474345	1.0001060582648196
2.314782032666613	1.8895677161170341	0.06809287173598678	0.7342817771302668	0.10212364348943952	99.61389817951745	100.92383496569221	0.002466973691474345	1.0001060582648196
2.314782032666613	1.8895677161170341	0.06809287173598678	0.7342786425152877	0.10212364348943952	99.61389817951745	100.92383496569221	0.002466973691474345	1.0001060582648196
2.314782032666613	1.8895677161170341	0.06809287173598678	0.7342786425152877	0.10212364348943952	99.61389817951745	100.92383496569221	0.002466973691474345	1.0001060582648196
2.314782032666613	1.8895677161170341	0.06809287173598678	0.7342786425152877	0.10212364348943952	99.61442961218039	100.92383496569221	0.002466973691474345	1.0001060582648196
2.314782032666613	1.8895677161170341	0.06809287173598678	0.7342786425152877	0.10212364348943952	99.61442961218039	100.92383496569221	0.002466973691474345	1.0001060582648196
2.314782032666613	1.8896488029534992	0.06809287173598678	0.7342786425152877	0.10212364348943952	99.61442961218039	100.92383496569221	0.002466973691474345	1.0001060582648196
2.314782032666613	1.8896488029534992	0.06809287173598678	0.7342786425152877	0.10212364348943952	99.61442961218039	100.92383496569221	0.002474452511701935	1.0001060582648196
2.314782032666613	1.8896488029534992	0.06809287173598678	0.7342786425152877	0.10212364348943952	99.61442961218039	100.92383496569221	0.002474452511701935	1.0001060582648196
2.314782032666613	1.8896488029534992	0.06809287173598678	0.7342786425152877	0.10212364348943952	99.61442961218039	100.92383496569221	0.002474452511701935	1.0001060582648196
2.314782032666613	1.8896488029534992	0.06809287173598678	0.7342786425152877	0.10212364348943952	99.61442961218039	100.92383496569221	0.002474452511701935	1.0001060582648196
2.314782032666613	1.8896488029534992	0.06809287173598678	0.7342786425152877	0.10212364348943952	99.61442961218039	100.92383496569221	0.002474452511701935	1.0001060582648196
2.314782032666613	1.8896296577063454	0.06809287173598678	0.7342786425152877	0.10212364348943952	99.61442961218039	100.92383496569221	0.002474452511701935	1.0001060582648196
2.314782032666613	1.8896296577063454	0.06809287173598678	0.7342786425152877	0.1021236843404899	99.61442961218039	100.92383496569221	0.002474452511701935	1.0001060582648196
2.314782032666613	1.8896296577063454	0.06809287173598678	0.7342786425152877	0.10210074615690792	99.61442961218039	100.92383496569221	0.002474452511701935	1.0001060582648196
2.314782032666613	1.8896296577063454	0.06809287173598678	0.7342786425152877	0.10210074615690792	99.61442961218039	100.92383496569221	0.002474452511701935	1.0001068805629867
2.314782032666613	1.8896296577063454	0.06809287173598678	0.7342786425152877	0.10210074615690792	99.61442961218039	100.92383496569221	0.002474452511701935	1.0001068805629867
2.314782032666613	1.8896296577063454	0.06809287173598678	0.7342786425152877	0.10210074615690792	99.61442961218039	100.92383496569221	0.0024233068148945434	1.0001068805629867
2.314782032666613	1.8896296577063454	0.06809287173598678	0.7342786425152877	0.10210074615690792	99.61442961218039	100.92383496569221	0.0024233068148945434	1.0001068805629867
2.314782032666613	1.8896296577063454	0.06809287173598678	0.7342786425152877	0.10210074615690792	99.61442961218039	100.92383496569221	0.0024108638359200407	1.0001068805629867
2.314782032666613	1.8896296577063454	0.06809287173598678	0.7342786425152877	0.10210074615690792	99.61442961218039	100.9215547574553	0.0024108638359200407	1.0001068805629867
2.314782032666613	1.8896296577063454	0.06809287173598678	0.7342786425152877	0.10210074615690792	99.61442961218039	100.9215547574553	0.0024108638359200407	1.0001068805629867
2.314782032666613	1.8896296577063454	0.06809287173598678	0.7342786425152877	0.10210074615690792	99.61442961218039	100.9215547574553	0.0024109296214683213	1.0001068805629867
2.314782032666613	1.8896296577063454	0.06809287173598678	0.7342786425152877	0.10210074615690792	99.61442961218039	100.9215547574553	0.0024109296214683213	1.0001068805629867
2.314782032666613	1.8896296577063454	0.06809287173598678	0.7342786425152877	0.10210074615690792	99.61442961218039	100.9215547574553	0.0024109296214683213	1.0001068805629867
2.314782032666613	1.8896296577063454	0.06809287173598678	0.7342786425152877	0.10210074615690792	99.61442961218039	100.9215547574553	0.0024597534560011685	1.0001068805629867
2.314782032666613	1.8896296577063454	0.06809287173598678	0.7342786425152877	0.10210074615690792	99.61442961218039	100.9215547574553	0.0024597534560011685	1.0001068805629867
2.314782032666613	1.8896296577063454	0.06809287173598678	0.7342786425152877	0.10210074615690792	99.61442961218039	100.9215547574553	0.0024597534560011685	1.0001068805629867
2.314782032666613	1.8896296577063454	0.06809287173598678	0.7342786425152877	0.10210074615690792	99.61442961218039	100.9215547574553	0.0024597534560011685	1.0001068805629867
2.314782032666613	1.8896296577063454	0.06809287173598678	0.7342786425152877	0.10210074615690792	99.61442961218039	100.9215547574553	0.0024597534560011685	1.0001068805629867
2.314782032666613	1.8896296577063454	0.06809287173598678	0.7342786425152877	0.10210074615690792	99.61442961218039	100.9215547574553	0.0024597534560011685	1.0001068805629867
2.314782032666613	1.8896296577063454	0.06809287173598678	0.7342786425152877	0.10210074615690792	99.61442961218039	100.9215547574553	0.0024597534560011685	1.0001068805629867
2.314782032666613	1.8896296577063454	0.06809287173598678	0.7342786425152877	0.10210074615690792	99.61442961218039	100.9215547574553	0.0024597534560011685	1.0001068805629867
2.314782032666613	1.8896296577063454	0.06809287173598678	0.7342786425152877	0.10210074615690792	99.61442961218039	100.9215547574553	0.0024597534560011685	1.0001068805629867
2.314100222187372	1.8896296577063454	0.06809287173598678	0.7342786425152877	0.10210074615690792	99.61442961218039	100.9215547574553	0.0024597534560011685	1.0001068805629867
2.314100222187372	1.8896296577063454	0.06809287173598678	0.7342786425152877	0.10210070272899734	99.61442961218039	100.9215547574553	0.0024597534560011685	1.0001068805629867
2.314100222187372	1.8896296577063454	0.06809287173598678	0.7342786425152877	0.10210070272899734	99.61446408772375	100.9215547574553	0.0024597534560011685	1.0001068805629867
2.314100222187372	1.8896296577063454	0.06809287173598678	0.7342786425152877	0.10210070272899734	99.61446408772375	100.9215547574553	0.0024597534560011685	1.0001068805629867
2.314100222187372	1.8896296577063454	0.06809287173598678	0.7342786425152877	0.10210070272899734	99.61446408772375	100.9215547574553	0.0024597534560011685	1.0001068805629867
2.314100222187372	1.8896296577063454	0.06809287173598678	0.7342786425152877	0.10210070272899734	99.61446408772375	100.9215547574553	0.0024597534560011685	1.0001068805629867
2.314100222187372	1.8896296577063454	0.06809287173598678	0.7342786425152877	0.10210070272899734	99.61446408772375	100.9215547574553	0.0024597534560011685	1.0001068805629867
2.314100222187372	1.8896292911176154	0.06809287173598678	0.7342786425152877	0.10210070272899734	99.61446408772375	100.9215547574553	0.0024597534560011685	1.0001068805629867
2.314917024249804	1.8896292911176154	0.06809287173598678	0.7342786425152877	0.10210070272899734	99.61446408772375	100.9215547574553	0.0024597534560011685	1.0001068805629867
2.314917024249804	1.8896292911176154	0.06809287173598678	0.7342786425152877	0.10210070272899734	99.61446408772375	100.9215547574553	0.0024597534560011685	1.0001068805629867
2.312128048676143	1.8896292911176154	0.06809287173598678	0.7342786425152877	0.10210070272899734	99.61446408772375	100.9215547574553	0.0024597534560011685	1.0001068805629867
2.312128048676143	1.8896292911176154	0.06809287173598678	0.7342786425152877	0.10210070272899734	99.61482948681957	100.9215547574553	0.0024597534560011685	1.0001068805629867
2.312128048676143	1.8896292911176154	0.06809287173598678	0.7342786425152877	0.10210070272899734	99.61482948681957	100.9215547574553	0.0024597534560011685	1.0001068805629867
2.312128048676143	1.8896292911176154	0.06809287173598678	0.7342786425152877	0.10210070272899734	99.61482948681957	100.9215547574553	0.0024597534560011685	1.0001068805629867
2.312128048676143	1.8896292911176154	0.06809287173598678	0.7342786425152877	0.10210070272899734	99.61482948681957	100.9215547574553	0.0024597534560011685	1.0001068805629867
2.312128048676143	1.8896292911176154	0.06809287173598678	0.7342786425152877	0.10210070272899734	99.61482948681957	100.9215547574553	0.0024597534560011685	1.0001068805629867
2.312128048676143	1.8896292911176154	0.06809287173598678	0.7342786425152877	0.10210070272899734	99.61482948681957	100.9215547574553	0.0024597534560011685	1.0001068805629867
2.312128048676143	1.8896292911176154	0.06809287173598678	0.7342786425152877	0.10210070272899734	99.61482948681957	100.9215547574553	0.0024597534560011685	1.0001068805629867
2.312128048676143	1.8896292911176154	0.06809287173598678	0.7342786425152877	0.10210070272899734	99.61482948681957	100.9215547574553	0.0024597534560011685	1.0001068805629867
2.312128048676143	1.8896292911176154	0.06809287173598678	0.7342786425152877	0.10210070272899734	99.61482948681957	100.9215547574553	0.0024597534560011685	1.0001068805629867
2.312128048676143	1.8896292911176154	0.06809287173598678	0.7342786425152877	0.10210070272899734	99.61482948681957	100.9215547574553	0.0024597534560011685	1.0001068805629867
2.312128048676143	1.8896292911176154	0.06799710068955656	0.7342786425152877	0.10210070272899734	99.61482948681957	100.9215547574553	0.0024597534560011685	1.0001068805629867
2.312128048676143	1.8896292911176154	0.06799710068955656	0.7342786425152877	0.10210070272899734	99.61482948681957	100.9215547574553	0.0024597534560011685	1.0001068805629867
2.312128048676143	1.8896292911176154	0.06799710068955656	0.7342786425152877	0.10210070272899734	99.61482948681957	100.9215547574553	0.0024597534560011685	1.0001068805629867
2.312128048676143	1.8896292911176154	0.06799710068955656	0.7342786425152877	0.10210070272899734	99.61482948681957	100.9215547574553	0.0024597534560011685	1.0001068805629867
2.312128048676143	1.8896292911176154	0.06799710068955656	0.7342786425152877	0.10210070272899734	99.61482948681957	100.9215547574553	0.0024597534560011685	1.0001068805629867
2.312128048676143	1.8896292911176154	0.06799710068955656	0.7342786425152877	0.10210143306100596	99.61482948681957	100.9215547574553	0.0024597534560011685	1.0001068805629867
2.312128048676143	1.8896292911176154	0.06766592097941296	0.7342786425152877	0.10210143306100596	99.61482948681957	100.9215547574553	0.0024597534560011685	1.0001068805629867
2.312128048676143	1.8896292911176154	0.06766592097941296	0.7342786425152877	0.10210143306100596	99.61482948681957	100.9215547574553	0.0024597534560011685	1.0001068805629867
2.312128048676143	1.8896292911176154	0.06766592097941296	0.7342786425152877	0.10210143306100596	99.61482948681957	100.9215547574553	0.0024597534560011685	1.000107103828106
2.312128048676143	1.8896292911176154	0.06766592097941296	0.7342786425152877	0.10210143306100596	99.61482948681957	100.92128798845295	0.0024597534560011685	1.000107103828106
2.312128048676143	1.8896292911176154	0.06766592097941296	0.7342786425152877	0.10210154222223944	99.61482948681957	100.92128798845295	0.0024597534560011685	1.000107103828106
2.312128048676143	1.8896292911176154	0.06760755153752643	0.7342786425152877	0.10210154222223944	99.61482948681957	100.92128798845295	0.0024597534560011685	1.000107103828106
2.312128048676143	1.8896292911176154	0.06760755153752643	0.7342786425152877	0.10210154222223944	99.61482948681957	100.92128798845295	0.0024597534560011685	1.000107103828106
2.312128048676143	1.8896292911176154	0.06760755153752643	0.7343147726809455	0.10210154222223944	99.61482948681957	100.92128798845295	0.0024597534560011685	1.000107103828106
2.312128048676143	1.8896292911176154	0.06760755153752643	0.7343147726809455	0.10210154222223944	99.61482948681957	100.92128798845295	0.0024597534560011685	1.000107103828106
2.312128048676143	1.8896292911176154	0.06765438789246335	0.7343147726809455	0.10210154222223944	99.61482948681957	100.92128798845295	0.0024597534560011685	1.000107103828106
2.312128048676143	1.8896292911176154	0.06765438789246335	0.7343147726809455	0.10210154222223944	99.61482948681957	100.92128798845295	0.0024597534560011685	1.000107103828106
2.312128048676143	1.8896292911176154	0.06765438789246335	0.7343147726809455	0.10210154222223944	99.61482948681957	100.92128798845295	0.0024597534560011685	1.000107103828106
2.312128048676143	1.8896292911176154	0.06765438789246335	0.7343147726809455	0.10210154222223944	99.61482948681957	100.92128798845295	0.0024597534560011685	1.000107103828106
2.312128048676143	1.8896292911176154	0.06765160015741545	0.7343147726809455	0.10210154222223944	99.61482948681957	100.92128798845295	0.0024597534560011685	1.000107103828106
2.312128048676143	1.8896292911176154	0.06765160015741545	0.7343147726809455	0.10210154222223944	99.61482948681957	100.92128798845295	0.0024597534560011685	1.000107103828106
2.312128048676143	1.8896292911176154	0.06765160015741545	0.7343147726809455	0.10210154222223944	99.61482948681957	100.92128798845295	0.0024579906014935687	1.000107103828106
2.312128048676143	1.8896292911176154	0.06765160015741545	0.7343147726809455	0.10210154222223944	99.61482948681957	100.92128798845295	0.0024579906014935687	1.000107103828106
2.312128048676143	1.8896292911176154	0.06765160015741545	0.7343147726809455	0.10210154222223944	99.61482948681957	100.92128798845295	0.0024579906014935687	1.000107103828106
2.312128048676143	1.8896292911176154	0.06765160015741545	0.7343147726809455	0.10210154222223944	99.61482948681957	100.92128798845295	0.0024579906014935687	1.0001032010858677
2.312128048676143	1.8896292911176154	0.06765160015741545	0.7343147726809455	0.10210154222223944	99.61482948681957	100.92128798845295	0.002464326678761913	1.0001032010858677
2.312128048676143	1.8896292911176154	0.06765160015741545	0.7343147726809455	0.10210154222223944	99.61482948681957	100.92128798845295	0.00246187765032385	1.0001032010858677
2.312128048676143	1.8896292911176154	0.06765160015741545	0.7343147726809455	0.10210154222223944	99.61482948681957	100.92128798845295	0.00246187765032385	1.0001032010858677
2.312128048676143	1.8896292911176154	0.06765160015741545	0.7343147726809455	0.10210053681910035	99.61482948681957	100.92128798845295	0.00246187765032385	1.0001032010858677
2.312128048676143	1.8896292911176154	0.06765160015741545	0.7343147726809455	0.10210053681910035	99.61482948681957	100.92128798845295	0.00246187765032385	1.0001032010858677
2.312128048676143	1.8896292911176154	0.06765160015741545	0.7343147726809455	0.10210053681910035	99.61482948681957	100.92128798845295	0.00246187765032385	1.0001032010858677
2.312128048676143	1.8896292911176154	0.06765160015741545	0.7343147726809455	0.10210053681910035	99.6157818240264	100.92128798845295	0.00246187765032385	1.0001032010858677
2.312128048676143	1.8896292911176154	0.06765160015741545	0.7343147726809455	0.10210053681910035	99.6157818240264	100.92128798845295	0.00246187765032385	1.0001032010858677
2.312128048676143	1.8896292911176154	0.06765160015741545	0.7343147726809455	0.10210053681910035	99.6157818240264	100.92128798845295	0.0024608509625978626	1.0001032010858677
2.312128048676143	1.8896292911176154	0.06765160015741545	0.7343147726809455	0.10210053681910035	99.6157818240264	100.92128798845295	0.002460859100599633	1.0001032010858677
2.312128048676143	1.8896292911176154	0.06765160015741545	0.7343147726809455	0.10228140223938373	99.6157818240264	100.92128798845295	0.002460859100599633	1.0001032010858677
2.312128048676143	1.8896292911176154	0.06765160015741545	0.7343147726809455	0.10228140223938373	99.6157818240264	100.92128798845295	0.0024593375430865994	1.0001032010858677
2.312128048676143	1.8896292911176154	0.06765160015741545	0.7343147726809455	0.10228140223938373	99.6157818240264	100.92128798845295	0.0024593375430865994	1.0001032010858677
2.312128048676143	1.8896292911176154	0.06784207315029592	0.7343147726809455	0.10228140223938373	99.6157818240264	100.92128798845295	0.0024593375430865994	1.0001032010858677
2.312128048676143	1.8896292911176154	0.06784207315029592	0.7343147726809455	0.10221863287312141	99.6157818240264	100.92128798845295	0.0024593375430865994	1.0001032010858677
2.312128048676143	1.8896292911176154	0.06784207315029592	0.7343147726809455	0.10221863287312141	99.6157818240264	100.92128798845295	0.0024593375430865994	1.0001056631624328
2.312128048676143	1.8896292911176154	0.06784207315029592	0.7343147726809455	0.10221863287312141	99.6157818240264	100.92128798845295	0.0024593375430865994	1.000105746976846
2.312128048676143	1.8896292911176154	0.06784207315029592	0.7343147726809455	0.10221863287312141	99.6157818240264	100.92128798845295	0.0024593375430865994	1.000105746976846
2.312128048676143	1.8896292911176154	0.06784207315029592	0.7341834668633187	0.10221863287312141	99.6157818240264	100.92128798845295	0.0024593375430865994	1.000105746976846
2.312128048676143	1.8896298310201152	0.06784207315029592	0.7341834668633187	0.10221863287312141	99.6157818240264	100.92128798845295	0.0024593375430865994	1.000105746976846
2.312128048676143	1.8896298310201152	0.06784207315029592	0.7341834668633187	0.10221863287312141	99.6157818240264	101.3985107496893	0.0024593375430865994	1.000105746976846
2.312128048676143	1.8896298310201152	0.06784207315029592	0.7341834668633187	0.10221863287312141	99.6157818240264	101.3985107496893	0.0024593375430865994	1.000105746976846
2.312128048676143	1.8896298310201152	0.06784207315029592	0.7341834668633187	0.10221863287312141	99.6157818240264	101.3985107496893	0.0024650156172421277	1.000105746976846
2.312128048676143	1.8896298310201152	0.06784207315029592	0.7341643096035072	0.10221863287312141	99.6157818240264	101.3985107496893	0.0024650156172421277	1.000105746976846
2.312128048676143	1.8896298310201152	0.06784207315029592	0.7341643096035072	0.10221863287312141	99.6157818240264	101.6227665631545	0.0024650156172421277	1.000105746976846
2.312128048676143	1.8896298310201152	0.06784207315029592	0.7341643096035072	0.10221863287312141	99.61580190422832	101.6227665631545	0.0024650156172421277	1.000105746976846
2.312128048676143	1.8896298310201152	0.06784207315029592	0.7341643096035072	0.10221863287312141	99.62414704002383	101.6227665631545	0.0024650156172421277	1.000105746976846
2.312128048676143	1.8896298310201152	0.06784207315029592	0.7341643096035072	0.10221863287312141	99.62414704002383	101.6227665631545	0.0024650156172421277	1.000105746976846
2.312128048676143	1.8896298310201152	0.06784207315029592	0.7341540963270766	0.10221863287312141	99.62414704002383	101.6227665631545	0.0024650156172421277	1.000105746976846
2.312128048676143	1.8896298310201152	0.06784207315029592	0.7341540963270766	0.10221863287312141	99.62414704002383	101.6227665631545	0.0024650156172421277	1.000105746976846
2.312128048676143	1.8896298310201152	0.06784207315029592	0.7341540963270766	0.10221863287312141	99.62414704002383	101.6227665631545	0.0024650156172421277	1.0001058059876224
2.312128048676143	1.8896298310201152	0.06784207315029592	0.7341540963270766	0.10221863287312141	99.62414704002383	101.6230136560204	0.0024650156172421277	1.0001058059876224
2.312128048676143	1.8896298310201152	0.06784207315029592	0.7341540963270766	0.10221863287312141	99.62414704002383	101.6230136560204	0.0024650156172421277	1.0001058059876224
2.312128048676143	1.8896298310201152	0.06784207315029592	0.7341540963270766	0.10221863287312141	99.62414704002383	101.6230136560204	0.0024650156172421277	1.0001058059876224
2.312128048676143	1.8896298310201152	0.06784207315029592	0.7341540963270766	0.10221863287312141	99.62414704002383	101.6230136560204	0.0024650156172421277	1.0001058059876224
2.312128048676143	1.8896298310201152	0.06784207315029592	0.7343283359237333	0.10221863287312141	99.62414704002383	101.6230136560204	0.0024650156172421277	1.0001058059876224
2.312128048676143	1.8896298310201152	0.06783257053782779	0.7343283359237333	0.10221863287312141	99.62414704002383	101.6230136560204	0.0024650156172421277	1.0001058059876224
2.312128048676143	1.8896298310201152	0.06783257053782779	0.7343283359237333	0.10221863287312141	99.62414704002383	101.6230136560204	0.0024650156172421277	1.0001058059876224
2.312128048676143	1.8896298310201152	0.06783257053782779	0.7343283359237333	0.10221863287312141	99.6240676413334	101.6230136560204	0.0024650156172421277	1.0001058059876224
2.312128048676143	1.8896298310201152	0.06783257053782779	0.7343283359237333	0.1022186388338001	99.6240676413334	101.6230136560204	0.0024650156172421277	1.0001058059876224
2.312128048676143	1.8896298310201152	0.06783257053782779	0.7343283359237333	0.1022186388338001	99.6240676413334	101.6230136560204	0.0024650156172421277	1.0001058059876224
2.312128048676143	1.8896298310201152	0.06783257053782779	0.7343283359237333	0.1022186388338001	99.6240676413334	101.6230136560204	0.0023849228034615094	1.0001058059876224
2.312128048676143	1.8897689780855118	0.06783257053782779	0.7343283359237333	0.1022186388338001	99.6240676413334	101.6230136560204	0.0023849228034615094	1.0001058059876224
2.312128048676143	1.8897689780855118	0.06783257053782779	0.7343283359237333	0.10221756784877041	99.6240676413334	101.6230136560204	0.0023849228034615094	1.0001058059876224
2.312128048676143	1.8897689780855118	0.06783257053782779	0.7343283359237333	0.10221756784877041	99.6240676413334	101.6230136560204	0.0023848689884090088	1.0001058059876224
2.312128048676143	1.8897689780855118	0.06783257053782779	0.7343283359237333	0.10228355467332233	99.6240676413334	101.6230136560204	0.0023848689884090088	1.0001058059876224
2.312128048676143	1.8897689780855118	0.06783257053782779	0.7343283359237333	0.10228355467332233	99.6240676413334	101.6230136560204	0.0023848689884090088	1.0001058059876224
2.312128048676143	1.8897689780855118	0.06783257053782779	0.7343283359237333	0.10228355467332233	99.6240676413334	101.6230136560204	0.0023848689884090088	1.0001058059876224
2.312128048676143	1.8897689780855118	0.06783257053782779	0.7342856602294219	0.10228355467332233	99.6240676413334	101.6230136560204	0.0023848689884090088	1.0001058059876224
2.3121931343416096	1.8897689780855118	0.06783257053782779	0.7342856602294219	0.10228355467332233	99.6240676413334	101.6230136560204	0.0023848689884090088	1.0001058059876224
2.3121931343416096	1.8897689780855118	0.06783257053782779	0.7342856602294219	0.10228355467332233	99.6240676413334	101.6230136560204	0.0023848689884090088	1.0001033372603307
2.3121931343416096	1.8897689780855118	0.06783257053782779	0.7342856602294219	0.10228355467332233	99.6240676413334	101.6230136560204	0.002384808947164336	1.0001033372603307
2.3121931343416096	1.8897689780855118	0.06783257053782779	0.7342856602294219	0.10228355467332233	99.6240676413334	101.6230136560204	0.002384808947164336	1.0001033372603307
2.3121931343416096	1.8897689780855118	0.06783257053782779	0.7342856602294219	0.10228355467332233	99.61895628404955	101.6230136560204	0.002384808947164336	1.0001033372603307
2.3121931343416096	1.8897689780855118	0.06783257053782779	0.7342856602294219	0.10228355467332233	99.61895628404955	101.6230136560204	0.002384808947164336	1.0001033372603307
2.3121931343416096	1.8897689780855118	0.06783257053782779	0.7342856602294219	0.10228433275022347	99.61895628404955	101.6230136560204	0.002384808947164336	1.0001033372603307
2.3121931343416096	1.8897689780855118	0.06783257053782779	0.7342856602294219	0.10228433275022347	99.61895628404955	101.6230136560204	0.0023754223218348633	1.0001033372603307
2.3121931343416096	1.8897689780855118	0.06783257053782779	0.7342856602294219	0.10228433275022347	99.61895628404955	101.6230136560204	0.0023754223218348633	1.0001022828833466
2.3121931343416096	1.8897689780855118	0.06783257053782779	0.7342856602294219	0.10228433275022347	99.61895628404955	101.6230136560204	0.002373926627564691	1.0001022828833466
2.3121931343416096	1.8897666547167806	0.06783257053782779	0.7342856602294219	0.10228433275022347	99.61895628404955	101.6230136560204	0.002373926627564691	1.0001022828833466
2.3121931343416096	1.8897666547167806	0.06783257053782779	0.7342856602294219	0.10228433275022347	99.61895628404955	101.6230136560204	0.002373926627564691	1.0001022828833466
2.3121931343416096	1.8897666547167806	0.06783257053782779	0.7342856602294219	0.10228823027072127	99.61895628404955	101.6230136560204	0.002373926627564691	1.0001022828833466
2.3121931343416096	1.8897666547167806	0.06783257053782779	0.7342856602294219	0.10228823027072127	99.61895628404955	101.6230136560204	0.002373926627564691	1.0001022828833466
2.3121931343416096	1.8897666547167806	0.06783257053782779	0.7342856602294219	0.10228823027072127	99.61895628404955	101.6230136560204	0.002373926627564691	1.0001022828833466
2.3121931343416096	1.8897666547167806	0.06783257053782779	0.7342856602294219	0.10228823027072127	99.61895628404955	102.49497819092504	0.002373926627564691	1.0001022828833466
2.3121931343416096	1.8897666547167806	0.06787261157335596	0.7342856602294219	0.10228823027072127	99.61895628404955	102.49497819092504	0.002373926627564691	1.0001022828833466
2.3121931343416096	1.8897666547167806	0.06787261157335596	0.7343601415158322	0.10228823027072127	99.61895628404955	102.49497819092504	0.002373926627564691	1.0001022828833466
2.3121931343416096	1.8897666547167806	0.06787261157335596	0.7343601415158322	0.10228823027072127	99.61895628404955	102.49497819092504	0.002373926627564691	1.0001023074416764
2.3121931343416096	1.8897666547167806	0.06787261157335596	0.7343601415158322	0.10228823027072127	99.61895628404955	102.49497819092504	0.002373926627564691	1.0001023074416764
2.3121931343416096	1.8897666547167806	0.06787261157335596	0.7346702450475223	0.10228823027072127	99.61895628404955	102.49497819092504	0.002373926627564691	1.0001023074416764
2.3121931343416096	1.8897666547167806	0.06787261157335596	0.7346702450475223	0.10201772677114697	99.61895628404955	102.49497819092504	0.002373926627564691	1.0001023074416764
2.3121931343416096	1.8897666547167806	0.06787261157335596	0.7346702450475223	0.10201760651295502	99.61895628404955	102.49497819092504	0.002373926627564691	1.0001023074416764
2.3121931343416096	1.8897666547167806	0.06787261157335596	0.7346702450475223	0.10201760651295502	99.61895628404955	102.49497819092504	0.002373926627564691	1.0001023074416764
2.3108663954427953	1.8897666547167806	0.06787261157335596	0.7346702450475223	0.10201760651295502	99.61895628404955	102.49497819092504	0.002373926627564691	1.0001023074416764
2.3108663954427953	1.8897666547167806	0.06787261157335596	0.7346702450475223	0.10201760651295502	99.61895628404955	102.49497819092504	0.002373926627564691	1.0001023996122946
2.3108663954427953	1.8897800054669092	0.06787261157335596	0.7346702450475223	0.10201760651295502	99.61895628404955	102.49497819092504	0.002373926627564691	1.0001023996122946
2.3108663954427953	1.8897800054669092	0.06787261157335596	0.7346702450475223	0.10201760651295502	99.61895628404955	102.49497819092504	0.002373926627564691	1.0001023996122946
2.3108663954427953	1.8897800054669092	0.06787261157335596	0.7346702450475223	0.10201760651295502	99.61895628404955	102.49497819092504	0.002373926627564691	1.0001023996122946
2.3108156672629385	1.8897800054669092	0.06787261157335596	0.7346702450475223	0.10201760651295502	99.61895628404955	102.49497819092504	0.002373926627564691	1.0001023996122946
2.3108156672629385	1.8897800054669092	0.06787261157335596	0.7346702450475223	0.10201760651295502	99.61895628404955	102.49497819092504	0.002373926627564691	1.0001023996122946
2.3108156672629385	1.8897800054669092	0.06787261157335596	0.7346702450475223	0.10201760651295502	99.61895628404955	102.49497819092504	0.0023737885397230015	1.0001023996122946
2.3108156672629385	1.8897800054669092	0.06787261157335596	0.7346702450475223	0.10201760651295502	99.61895628404955	102.49497819092504	0.0023737885397230015	1.0001023996122946
2.3108156672629385	1.8897779604400793	0.06787261157335596	0.7346702450475223	0.10201760651295502	99.61895628404955	102.49497819092504	0.0023737885397230015	1.0001023996122946
2.3108156672629385	1.8897779604400793	0.06787261157335596	0.7346702450475223	0.10201760651295502	99.61895628404955	102.49497819092504	0.0022348153072117316	1.0001023996122946
2.3108156672629385	1.8897779604400793	0.06787261157335596	0.7346702450475223	0.10201801768310338	99.61895628404955	102.49497819092504	0.0022348153072117316	1.0001023996122946
2.3108156672629385	1.8897779604400793	0.06790231804539514	0.7346702450475223	0.10201801768310338	99.61895628404955	102.49497819092504	0.0022348153072117316	1.0001023996122946
2.3108156672629385	1.8897779604400793	0.06790231804539514	0.7346702450475223	0.10201801768310338	99.6193144329808	102.49497819092504	0.0022348153072117316	1.0001023996122946
2.3108156672629385	1.8897779604400793	0.06790231804539514	0.7346702450475223	0.10201801768310338	99.61926347727619	102.49497819092504	0.0022348153072117316	1.0001023996122946
2.3108156672629385	1.8897779604400793	0.06791557203269696	0.7346702450475223	0.10201801768310338	99.61926347727619	102.49497819092504	0.0022348153072117316	1.0001023996122946
2.3108156672629385	1.8897779604400793	0.06791557203269696	0.7346702450475223	0.10201801768310338	99.61926347727619	102.49497819092504	0.0022367009842797943	1.0001023996122946
2.3108156672629385	1.8897779604400793	0.06791557203269696	0.7346702450475223	0.10201801768310338	99.61920497172602	102.49497819092504	0.0022367009842797943	1.0001023996122946
2.3108156672629385	1.8897779604400793	0.06791557203269696	0.7346702450475223	0.10201801768310338	99.61920497172602	102.50318668669972	0.0022367009842797943	1.0001023996122946
2.310887258095471	1.8897779604400793	0.06791557203269696	0.7346702450475223	0.10201801768310338	99.61920497172602	102.50318668669972	0.0022367009842797943	1.0001023996122946
2.310887258095471	1.8897779604400793	0.06791557203269696	0.7346702450475223	0.10201801768310338	99.61920497172602	102.50318668669972	0.0022367009842797943	1.0001023996122946
2.310887258095471	1.8897779604400793	0.06791557203269696	0.7346702450475223	0.10201801768310338	99.61920497172602	102.50318668669972	0.0022367009842797943	1.0001023996122946
2.310887258095471	1.8897779604400793	0.06791557203269696	0.7346702450475223	0.10201801768310338	99.61920497172602	102.50318668669972	0.0022367009842797943	1.0000936140556302
2.310887258095471	1.8897779604400793	0.06791557203269696	0.7346702450475223	0.10201801768310338	99.61920497172602	102.50318668669972	0.0022367009842797943	1.0000936140556302
2.310887258095471	1.8897779604400793	0.06791557203269696	0.7346702450475223	0.10201801768310338	99.61920497172602	102.50318668669972	0.0022367009842797943	1.0000936140556302
2.310887258095471	1.8897779604400793	0.06791557203269696	0.7346702450475223	0.10201687384716691	99.61920497172602	102.50318668669972	0.0022367009842797943	1.0000936140556302
2.310887258095471	1.8897779604400793	0.06791557203269696	0.7346702450475223	0.10201687384716691	99.61920497172602	102.50318668669972	0.0021876670667586935	1.0000936140556302
2.310887258095471	1.8897791148074004	0.06791557203269696	0.7346702450475223	0.10201687384716691	99.61920497172602	102.50318668669972	0.0021876670667586935	1.0000936140556302
2.310887258095471	1.8897791148074004	0.06791557203269696	0.7346820238323399	0.10201687384716691	99.61920497172602	102.50318668669972	0.0021876670667586935	1.0000936140556302
2.310887258095471	1.8897791148074004	0.06791557203269696	0.7346820238323399	0.10201687384716691	99.61920497172602	102.50318668669972	0.0021876670667586935	1.0000936140556302
2.310887258095471	1.8897733914928045	0.06791557203269696	0.7346820238323399	0.10201687384716691	99.61920497172602	102.50318668669972	0.0021876670667586935	1.0000936140556302
2.310887258095471	1.8897733914928045	0.06791557203269696	0.7346820238323399	0.10202425680550749	99.61920497172602	102.50318668669972	0.0021876670667586935	1.0000936140556302
2.310887258095471	1.8897733914928045	0.06791557203269696	0.7346820238323399	0.10202425680550749	99.61920497172602	102.50318668669972	0.0021869858194224386	1.0000936140556302
2.3115502325608275	1.8897733914928045	0.06791557203269696	0.7346820238323399	0.10202425680550749	99.61920497172602	102.50318668669972	0.0021869858194224386	1.0000936140556302
2.3112180662101207	1.8897733914928045	0.06791557203269696	0.7346820238323399	0.10202425680550749	99.61920497172602	102.50318668669972	0.0021869858194224386	1.0000936140556302
2.3112180662101207	1.8897733914928045	0.0679163666819658	0.7346820238323399	0.10202425680550749	99.61920497172602	102.50318668669972	0.0021869858194224386	1.0000936140556302
2.3112180662101207	1.8897733914928045	0.0679163666819658	0.7346820238323399	0.10202425680550749	99.61920497172602	102.50318668669972	0.0021869858194224386	1.0000936140556302
2.3112180662101207	1.8897733914928045	0.0679163666819658	0.7346820238323399	0.10202425680550749	99.61920497172602	102.50318668669972	0.0021869858194224386	1.0000936140556302
2.3112180662101207	1.8897733914928045	0.0679163666819658	0.7346820238323399	0.10202425680550749	99.61920497172602	102.50318668669972	0.0021869858194224386	1.0000936140556302
2.3112180662101207	1.8897733914928045	0.0679163666819658	0.7346820238323399	0.10202425680550749	99.61920497172602	102.5037328537701	0.0021869858194224386	1.0000936140556302
2.3112180662101207	1.8897733914928045	0.0679163666819658	0.7346820238323399	0.10202425680550749	99.61920497172602	103.9656422664373	0.0021869858194224386	1.0000936140556302
2.3111861834305616	1.8897733914928045	0.0679163666819658	0.7346820238323399	0.10202425680550749	99.61920497172602	103.9656422664373	0.0021869858194224386	1.0000936140556302
2.3111861834305616	1.8897850974330683	0.0679163666819658	0.7346820238323399	0.10202425680550749	99.61920497172602	103.9656422664373	0.0021869858194224386	1.0000936140556302
2.3111861834305616	1.8897850974330683	0.0679163666819658	0.7346820238323399	0.10202354012760194	99.61920497172602	103.9656422664373	0.0021869858194224386	1.0000936140556302
2.3111861834305616	1.8897850974330683	0.0679163666819658	0.7346820238323399	0.10202354012760194	99.61920497172602	103.9656422664373	0.0021869858194224386	1.0000936140556302
2.3111861834305616	1.8897850974330683	0.0679163666819658	0.7346820238323399	0.10202354012760194	99.61920497172602	103.9656422664373	0.0021869858194224386	1.0000936140556302
2.3111861834305616	1.8897850974330683	0.0679163666819658	0.7346820238323399	0.10202354012760194	99.61921711989226	103.9656422664373	0.0021869858194224386	1.0000936140556302
2.3108772813065164	1.8897850974330683	0.0679163666819658	0.7346820238323399	0.10202354012760194	99.61921711989226	103.9656422664373	0.0021869858194224386	1.0000936140556302
2.3108772813065164	1.8897850974330683	0.0679163666819658	0.7346820238323399	0.10202354012760194	99.61921711989226	103.9656422664373	0.0021869858194224386	1.0000936140556302
2.3108772813065164	1.8897850974330683	0.0679163666819658	0.7341326381738918	0.10202354012760194	99.61921711989226	103.9656422664373	0.0021869858194224386	1.0000936140556302
2.3108772813065164	1.8897850974330683	0.0679163666819658	0.7341326381738918	0.10202354012760194	99.61921711989226	103.9656422664373	0.0021869858194224386	1.0000936140556302
2.3108772813065164	1.8897850974330683	0.0679163666819658	0.7341326381738918	0.10202354012760194	99.61921711989226	103.9656422664373	0.0021869858194224386	1.0000936140556302
2.3108772813065164	1.8897850974330683	0.0679163666819658	0.7341326381738918	0.10202354012760194	99.61921711989226	103.9656422664373	0.0021869858194224386	1.0000936140556302
2.3108772813065164	1.8897850974330683	0.0679163666819658	0.7341326381738918	0.10202354012760194	99.61921711989226	103.9656422664373	0.0021869858194224386	1.0000936140556302
2.3108772813065164	1.8897850974330683	0.0679163666819658	0.7341326381738918	0.10202354012760194	99.61921711989226	103.9656422664373	0.0021869858194224386	1.0000936140556302
2.3108772813065164	1.8897850974330683	0.0679163666819658	0.7341326381738918	0.10202354012760194	99.61921711989226	103.9497107297237	0.0021869858194224386	1.0000936140556302
2.3108772813065164	1.8897850974330683	0.0679163666819658	0.7341326381738918	0.10202157585199327	99.61921711989226	103.9497107297237	0.0021869858194224386	1.0000936140556302
2.3108772813065164	1.8897850974330683	0.0679163666819658	0.7341326381738918	0.10202157585199327	99.61921711989226	103.9497107297237	0.0021869858194224386	1.0000936140556302
2.3108772813065164	1.8897850974330683	0.0679163666819658	0.7341326381738918	0.10202157585199327	99.61921711989226	103.9497107297237	0.0021869858194224386	1.0000936140556302
2.3108772813065164	1.8897850974330683	0.0679163666819658	0.7341326381738918	0.10202157585199327	99.61921711989226	103.9497107297237	0.0021869858194224386	1.0000936140556302
2.3108772813065164	1.8897850974330683	0.0679163666819658	0.7341326381738918	0.10202157585199327	99.61921711989226	103.9497107297237	0.0021869858194224386	1.0000936140556302
2.3108772813065164	1.8897850974330683	0.0679163666819658	0.7341326381738918	0.10202157585199327	99.61921711989226	103.9497107297237	0.0021869858194224386	1.0000936140556302
2.3108772813065164	1.8897850974330683	0.0679163666819658	0.7341326381738918	0.10202157585199327	99.61921711989226	103.9497107297237	0.0021869858194224386	1.0000936140556302
2.3108772813065164	1.8897850974330683	0.0679163666819658	0.7341326381738918	0.10202157585199327	99.61921711989226	103.9497107297237	0.0021869858194224386	1.0000936140556302
2.3108772813065164	1.8897850974330683	0.06791743580087223	0.7341326381738918	0.10202157585199327	99.61921711989226	103.9497107297237	0.0021869858194224386	1.0000936140556302
2.3108772813065164	1.8897850974330683	0.06791743580087223	0.7341326381738918	0.10202157585199327	99.61921711989226	103.9497107297237	0.00218805732750982	1.0000936140556302
2.3108772813065164	1.8897850974330683	0.06791743580087223	0.7341326381738918	0.10202162764275109	99.61921711989226	103.9497107297237	0.00218805732750982	1.0000936140556302
2.3108772813065164	1.8897850974330683	0.06791743580087223	0.7341326381738918	0.10202162764275109	99.61921711989226	103.9497107297237	0.00218805732750982	1.0000936140556302
2.3108772813065164	1.889780180056205	0.06791743580087223	0.7341326381738918	0.10202162764275109	99.61921711989226	103.9497107297237	0.00218805732750982	1.0000936140556302
2.3108772813065164	1.889780180056205	0.06791743580087223	0.7341326381738918	0.10202162764275109	99.61921711989226	103.9497107297237	0.00218805732750982	1.0000903146781708
2.3108772813065164	1.889780180056205	0.06791743580087223	0.7341326381738918	0.10202162764275109	99.61873689939658	103.9497107297237	0.00218805732750982	1.0000903146781708
2.3108772813065164	1.889780180056205	0.06791743580087223	0.7341326381738918	0.10202162764275109	99.61873689939658	103.9497107297237	0.00218805732750982	1.0000903146781708
2.3108772813065164	1.889780180056205	0.06791743580087223	0.7341326381738918	0.10202162764275109	99.61873689939658	103.9497107297237	0.00218805732750982	1.0000903146781708
2.3108772813065164	1.889780180056205	0.06791743580087223	0.7341326381738918	0.10202162764275109	99.61873689939658	103.9516217145183	0.00218805732750982	1.0000903146781708
2.3108772813065164	1.889780180056205	0.06791743580087223	0.7341326381738918	0.10202706183640364	99.61873689939658	103.9516217145183	0.00218805732750982	1.0000903146781708
2.3108772813065164	1.889780180056205	0.06791743580087223	0.7341326381738918	0.10202706183640364	99.61873689939658	103.9516217145183	0.00218805732750982	1.0000903146781708
2.3108772813065164	1.889780180056205	0.06791743580087223	0.7341326381738918	0.10202706183640364	99.61873689939658	103.96177194111426	0.00218805732750982	1.0000903146781708
2.3108772813065164	1.889780180056205	0.06791743580087223	0.7341326381738918	0.10202706183640364	99.61873689939658	103.96177194111426	0.00218805732750982	1.0000903146781708
2.3108772813065164	1.889780180056205	0.06791743580087223	0.7341326381738918	0.10202706183640364	99.61873689939658	103.96177194111426	0.00218805732750982	1.0000903146781708
2.3108772813065164	1.889780180056205	0.06791743580087223	0.7341326381738918	0.10202706183640364	99.61873689939658	103.96177194111426	0.00218805732750982	1.0000903146781708
2.3108772813065164	1.889780180056205	0.06791743580087223	0.7341326381738918	0.10202706183640364	99.61873689939658	103.96177194111426	0.00218805732750982	1.0000903146781708
2.3108772813065164	1.889780180056205	0.06791743580087223	0.7341326381738918	0.10202706183640364	99.61873689939658	103.96177194111426	0.00218805732750982	1.0000903146781708
2.3108772813065164	1.889780180056205	0.06791743580087223	0.7341326381738918	0.10202706183640364	99.61873689939658	103.96177194111426	0.00218805732750982	1.0000903146781708
2.3108772813065164	1.889780180056205	0.06791743580087223	0.7341326381738918	0.10202706183640364	99.61873689939658	103.96165112148891	0.00218805732750982	1.0000903146781708
2.3108772813065164	1.889780180056205	0.06791743580087223	0.7341326381738918	0.10202706183640364	99.61873689939658	103.96165112148891	0.00218805732750982	1.0000903146781708
2.3108772813065164	1.8871677732239758	0.06791743580087223	0.7341326381738918	0.10202706183640364	99.61873689939658	103.96165112148891	0.00218805732750982	1.0000903146781708
2.3108772813065164	1.8871677732239758	0.06791743580087223	0.7341326381738918	0.10202706183640364	99.61873689939658	103.96165112148891	0.00218805732750982	1.0000903146781708
2.3108772813065164	1.8871677732239758	0.06791743580087223	0.7341326381738918	0.10202706183640364	99.61873689939658	103.96165112148891	0.00218805732750982	1.0000903146781708
2.3108772813065164	1.8871677732239758	0.06791743580087223	0.7341326381738918	0.10202706183640364	99.61873689939658	103.96165112148891	0.00218805732750982	1.0000903146781708
2.3110297122022194	1.8871677732239758	0.06791743580087223	0.7341326381738918	0.10202706183640364	99.61873689939658	103.96165112148891	0.00218805732750982	1.0000903146781708
2.3110297122022194	1.8871677732239758	0.06791743580087223	0.7341326381738918	0.10202706183640364	99.61873689939658	103.96165112148891	0.002185403587950104	1.0000903146781708
2.3110297122022194	1.887143047460254	0.06791743580087223	0.7341326381738918	0.10202706183640364	99.61873689939658	103.96165112148891	0.002185403587950104	1.0000903146781708
2.3110297122022194	1.8871648361480198	0.06791743580087223	0.7341326381738918	0.10202706183640364	99.61873689939658	103.96165112148891	0.002185403587950104	1.0000903146781708
2.3110297122022194	1.8871648361480198	0.06791743580087223	0.7341326381738918	0.10202706183640364	99.61873689939658	103.96165112148891	0.002185403587950104	1.0000903146781708
2.3110297122022194	1.8871648361480198	0.06791743580087223	0.7341018884909626	0.10202706183640364	99.61873689939658	103.96165112148891	0.002185403587950104	1.0000903146781708
2.3110297122022194	1.8871648361480198	0.06791743580087223	0.7341018884909626	0.10202706183640364	99.61873689939658	103.96165112148891	0.002185403587950104	1.0000903146781708
2.3110297122022194	1.8871648361480198	0.06791743580087223	0.7341018884909626	0.10207776806269087	99.61873689939658	103.96165112148891	0.002185403587950104	1.0000903146781708
2.3110297122022194	1.8871648361480198	0.06791743580087223	0.7341018884909626	0.10207776806269087	99.60417765899288	103.96165112148891	0.002185403587950104	1.0000903146781708
2.3110297122022194	1.8871648361480198	0.06791743580087223	0.7341018884909626	0.10207776806269087	99.60417765899288	103.96959172987832	0.002185403587950104	1.0000903146781708
2.3110297122022194	1.8871648361480198	0.06791743580087223	0.7341018884909626	0.10207753813441217	99.60417765899288	103.96959172987832	0.002185403587950104	1.0000903146781708
2.3110297122022194	1.8871648361480198	0.06791743580087223	0.7341018884909626	0.10207753813441217	99.60413637620265	103.96959172987832	0.002185403587950104	1.0000903146781708
2.3110297122022194	1.8871648361480198	0.06791743580087223	0.7341018884909626	0.10207753813441217	99.60413637620265	103.96959172987832	0.002185403587950104	1.0000903146781708
2.3110283612396065	1.8871648361480198	0.06791743580087223	0.7341018884909626	0.10207753813441217	99.60413637620265	103.96959172987832	0.002185403587950104	1.0000903146781708
2.3110283612396065	1.8871648361480198	0.06791743580087223	0.7341018884909626	0.10207753813441217	99.60074774372764	103.96959172987832	0.002185403587950104	1.0000903146781708
2.3110283612396065	1.8871633411133553	0.06791743580087223	0.7341018884909626	0.10207753813441217	99.60074774372764	103.96959172987832	0.002185403587950104	1.0000903146781708
2.3110283612396065	1.8871633411133553	0.06791743580087223	0.7341018884909626	0.10207753813441217	99.60074774372764	103.96959172987832	0.002185403587950104	1.0000903146781708
2.3110283612396065	1.8871633411133553	0.06791743580087223	0.7341018884909626	0.10207763044710252	99.60074774372764	103.96959172987832	0.002185403587950104	1.0000903146781708
2.3110283612396065	1.8871633411133553	0.06791743580087223	0.7341018884909626	0.1020773765537782	99.60074774372764	103.96959172987832	0.002185403587950104	1.0000903146781708
2.3110283612396065	1.8871633411133553	0.06791743580087223	0.7341018884909626	0.10206062135628305	99.60074774372764	103.96959172987832	0.002185403587950104	1.0000903146781708
2.3110283612396065	1.8871633411133553	0.06791743580087223	0.7341018884909626	0.10206062135628305	99.60074774372764	103.96959172987832	0.002185403587950104	1.0000903146781708
2.3110283612396065	1.8871633411133553	0.06791743580087223	0.7341018884909626	0.10206062135628305	99.60074774372764	103.96959172987832	0.002185403587950104	1.0000903146781708
2.3110283612396065	1.8871633923326354	0.06791743580087223	0.7341018884909626	0.10206062135628305	99.60074774372764	103.96959172987832	0.002185403587950104	1.0000903146781708
2.3110283612396065	1.8871633923326354	0.06791743580087223	0.7341018884909626	0.10206062135628305	99.60074774372764	103.96959172987832	0.002185403587950104	1.0000903146781708
2.3110283612396065	1.8871633923326354	0.06791743580087223	0.7341018884909626	0.10206062135628305	99.60074774372764	103.96959172987832	0.0021907143138246844	1.0000903146781708
2.3110283612396065	1.8871633923326354	0.06791743580087223	0.7341018884909626	0.10206062135628305	99.60074774372764	103.96915677018593	0.0021907143138246844	1.0000903146781708
2.3110283612396065	1.8871633923326354	0.06791743580087223	0.7341018884909626	0.10215814616636662	99.60074774372764	103.96915677018593	0.0021907143138246844	1.0000903146781708
2.3110283612396065	1.8871633923326354	0.06791743580087223	0.7341018884909626	0.10215814616636662	99.60074774372764	103.96915677018593	0.0021907143138246844	1.0000903848454363
2.3110283612396065	1.8871633923326354	0.06791743580087223	0.7341018884909626	0.10215814616636662	99.60074774372764	103.96915677018593	0.0021907143138246844	1.0000895492421824
2.3110283612396065	1.8871633923326354	0.06791743580087223	0.7341018884909626	0.10215814616636662	99.60074774372764	103.96915677018593	0.0021907143138246844	1.0000895492421824
2.3110283612396065	1.8871633923326354	0.06791743580087223	0.7341018884909626	0.10215814616636662	99.60074774372764	103.96915677018593	0.0021907143138246844	1.0000895492421824
2.3110283612396065	1.8871633923326354	0.06791743580087223	0.7341018884909626	0.10215814616636662	99.60074774372764	103.96915677018593	0.0021907143138246844	1.0000895492421824
2.3098487744962557	1.8871633923326354	0.06791743580087223	0.7341018884909626	0.10215814616636662	99.60074774372764	103.96915677018593	0.0021907143138246844	1.0000895492421824
2.3098487744962557	1.8871633923326354	0.06791743580087223	0.7341018884909626	0.10215814616636662	99.60074774372764	103.96915677018593	0.0021907143138246844	1.0000895492421824
2.3098487744962557	1.8871633923326354	0.06791743580087223	0.7341018884909626	0.10215814616636662	99.60074774372764	103.96915677018593	0.0021907143138246844	1.0000895492421824
2.3098487744962557	1.8871633923326354	0.06791743580087223	0.7341018884909626	0.10215814616636662	99.60074774372764	103.96915677018593	0.0021907143138246844	1.0000895492421824
2.3098487744962557	1.8871633923326354	0.06791743580087223	0.7341018884909626	0.10215814616636662	99.60074774372764	103.96915677018593	0.0021981503067720716	1.0000895492421824
2.3098487744962557	1.8871633923326354	0.06791743580087223	0.7341018884909626	0.10215814616636662	99.60074774372764	103.96915677018593	0.0021981503067720716	1.0000895492421824
2.3098487744962557	1.8871633923326354	0.06791743580087223	0.7341018884909626	0.10215814616636662	99.60074774372764	103.96895411985636	0.0021981503067720716	1.0000895492421824
2.3098487744962557	1.8871633923326354	0.06791743580087223	0.7341018884909626	0.10215814616636662	99.60586796259368	103.96895411985636	0.0021981503067720716	1.0000895492421824
2.3098487744962557	1.8871633923326354	0.06791743580087223	0.7341018884909626	0.10215814616636662	99.60586796259368	103.96895411985636	0.0021981503067720716	1.0000895492421824
2.3098487744962557	1.8871633923326354	0.06791743580087223	0.7341018884909626	0.10215814616636662	99.60586796259368	103.96895411985636	0.0021981503067720716	1.0000916346818736
2.3098487744962557	1.8871633923326354	0.06791743580087223	0.7341018884909626	0.10215814616636662	99.60586796259368	103.96895411985636	0.0021981503067720716	1.0000916346818736
2.3098487744962557	1.8871633923326354	0.06790728976938137	0.7341018884909626	0.10215814616636662	99.60586796259368	103.96895411985636	0.0021981503067720716	1.0000916346818736
2.309870726536393	1.8871633923326354	0.06790728976938137	0.7341018884909626	0.10215814616636662	99.60586796259368	103.96895411985636	0.0021981503067720716	1.0000916346818736
2.309870726536393	1.8871633923326354	0.067928151334844	0.7341018884909626	0.10215814616636662	99.60586796259368	103.96895411985636	0.0021981503067720716	1.0000916346818736
2.309870726536393	1.8871633923326354	0.067928151334844	0.7341018884909626	0.10215814616636662	99.6078140207979	103.96895411985636	0.0021981503067720716	1.0000916346818736
2.309870726536393	1.8871633923326354	0.067928151334844	0.7341018884909626	0.10215814616636662	99.607745708011	103.96895411985636	0.0021981503067720716	1.0000916346818736
2.309870726536393	1.8871633923326354	0.067928151334844	0.7341018884909626	0.10215814616636662	99.607745708011	103.96895411985636	0.0021981503067720716	1.0000916346818736
2.309870726536393	1.8871633923326354	0.067928151334844	0.7341018884909626	0.10215814616636662	99.607745708011	103.96895411985636	0.0021981503067720716	1.0000916346818736
2.3098763032716554	1.8871633923326354	0.067928151334844	0.7341018884909626	0.10215814616636662	99.607745708011	103.96895411985636	0.0021981503067720716	1.0000916346818736
2.3098763032716554	1.8871633923326354	0.067928151334844	0.7340977814482519	0.10215814616636662	99.607745708011	103.96895411985636	0.0021981503067720716	1.0000916346818736
2.3098763032716554	1.8871633923326354	0.067928151334844	0.7340977814482519	0.10215814616636662	99.607745708011	103.96895411985636	0.0021981503067720716	1.0000916346818736
2.3098763032716554	1.886271994665521	0.067928151334844	0.7340977814482519	0.10215814616636662	99.607745708011	103.96895411985636	0.0021981503067720716	1.0000916346818736
2.3098763032716554	1.886271994665521	0.067928151334844	0.7340977814482519	0.10215814616636662	99.607745708011	103.96895411985636	0.0021981503067720716	1.0000917855775433
2.3098763032716554	1.886271994665521	0.067928151334844	0.7340977814482519	0.10215814616636662	99.607745708011	103.96895411985636	0.0021981503067720716	1.0000917855775433
2.3098763032716554	1.886271994665521	0.067928151334844	0.7340977814482519	0.10215814616636662	99.607745708011	103.96895411985636	0.0021981503067720716	1.0000917855775433
2.3098763032716554	1.886271994665521	0.067928151334844	0.7340977814482519	0.10215814616636662	99.607745708011	103.96895411985636	0.0021981503067720716	1.0000975474352047
2.3097055962720194	1.886271994665521	0.067928151334844	0.7340977814482519	0.10215814616636662	99.607745708011	103.96895411985636	0.0021981503067720716	1.0000975474352047
2.3097055962720194	1.886271994665521	0.067928151334844	0.7340977814482519	0.10215814616636662	99.607745708011	103.96895411985636	0.0021981503067720716	1.0000975474352047
2.3097055962720194	1.886271994665521	0.067928151334844	0.7340977814482519	0.10215814616636662	99.607745708011	103.96895411985636	0.0021981503067720716	1.0000975474352047
2.3097055962720194	1.886271994665521	0.067928151334844	0.7340977814482519	0.10215814616636662	99.60780590631502	103.96895411985636	0.0021981503067720716	1.0000975474352047
2.3097055962720194	1.886271994665521	0.067928151334844	0.7340977814482519	0.10215814616636662	99.60780590631502	103.96895411985636	0.0022081923056064636	1.0000975474352047
2.3097055962720194	1.886271994665521	0.067928151334844	0.7340977814482519	0.10215814616636662	99.60780590631502	103.96895411985636	0.0022081923056064636	1.0000975474352047
2.3097055962720194	1.886271994665521	0.067928151334844	0.7340977814482519	0.10215814616636662	99.60780590631502	103.96895411985636	0.0022081923056064636	1.0000975474352047
2.3097055962720194	1.886271994665521	0.067928151334844	0.7340977814482519	0.10215814616636662	99.60780590631502	103.96895411985636	0.0022081923056064636	1.0000975474352047
2.3097055962720194	1.886271994665521	0.067928151334844	0.7340977814482519	0.10215814616636662	99.60780590631502	103.96895411985636	0.0022081923056064636	1.0000975474352047
2.3096265742800313	1.886271994665521	0.067928151334844	0.7340977814482519	0.10215814616636662	99.60780590631502	103.96895411985636	0.0022081923056064636	1.0000975474352047
2.3096265742800313	1.886271994665521	0.06795327401009715	0.7340977814482519	0.10215814616636662	99.60780590631502	103.96895411985636	0.0022081923056064636	1.0000975474352047
2.3096265742800313	1.886271994665521	0.06795327401009715	0.7340977814482519	0.10215814616636662	99.60780590631502	103.96895411985636	0.0022081991553498026	1.0000975474352047
2.3096265742800313	1.886271994665521	0.06795327401009715	0.7340977814482519	0.10215814616636662	99.60780590631502	103.96895411985636	0.0022081991553498026	1.0000975474352047
2.3096265742800313	1.886271994665521	0.06795327401009715	0.7340977814482519	0.10215854999588002	99.60780590631502	103.96895411985636	0.0022081991553498026	1.0000975474352047
2.3096265742800313	1.8849061474326965	0.06795327401009715	0.7340977814482519	0.10215854999588002	99.60780590631502	103.96895411985636	0.0022081991553498026	1.0000975474352047
2.3096265742800313	1.8849061474326965	0.06795327401009715	0.7340977814482519	0.10215854999588002	99.60780590631502	103.96895411985636	0.0022081991553498026	1.0000975474352047
2.3096265742800313	1.8849061474326965	0.06795327401009715	0.7340977814482519	0.10215854999588002	99.60780590631502	103.9659383364648	0.0022081991553498026	1.0000975474352047
2.3096265742800313	1.8849061474326965	0.06795327401009715	0.7340977814482519	0.10215854999588002	99.60780590631502	103.9659383364648	0.0022081991553498026	1.0000975474352047
2.3096265742800313	1.8849061474326965	0.06795327401009715	0.7340977814482519	0.10215854999588002	99.60780590631502	103.9659383364648	0.0022081991553498026	1.0000975474352047
2.3096265742800313	1.8849061474326965	0.06795327401009715	0.7340977814482519	0.10215854999588002	99.60780590631502	103.9659383364648	0.0022081991553498026	1.0000975474352047
2.3096265742800313	1.8849095552937745	0.06795327401009715	0.7340977814482519	0.10215854999588002	99.60780590631502	103.9659383364648	0.0022081991553498026	1.0000975474352047
2.3096265742800313	1.8849095552937745	0.06795327401009715	0.7340977814482519	0.10215854999588002	99.60780590631502	103.9659383364648	0.0022007560371003383	1.0000975474352047
2.3096265742800313	1.8849095552937745	0.06795327401009715	0.7340977814482519	0.10215854999588002	99.60780590631502	103.9659383364648	0.0022007560371003383	1.0000975474352047
2.3096265742800313	1.8849095552937745	0.06795327401009715	0.7340977814482519	0.10215854999588002	99.60780590631502	103.9659383364648	0.0022007560371003383	1.0000975474352047
2.3096265742800313	1.8849095552937745	0.06795327401009715	0.7340977814482519	0.10215854999588002	99.60780590631502	103.9659383364648	0.0022007560371003383	1.0000975474352047
2.3096265742800313	1.8849095552937745	0.06795327401009715	0.7340977814482519	0.10215854999588002	99.60780590631502	103.9659383364648	0.0022007560371003383	1.0000975474352047
2.3096265742800313	1.8849095552937745	0.06795327401009715	0.7340977814482519	0.10215854999588002	99.60780590631502	103.9659383364648	0.0022004632229656973	1.0000975474352047
2.3096265742800313	1.8849095552937745	0.06795212392161865	0.7340977814482519	0.10215854999588002	99.60780590631502	103.9659383364648	0.0022004632229656973	1.0000975474352047
2.3096265742800313	1.8849095552937745	0.06795212392161865	0.7340977814482519	0.10215854999588002	99.60780590631502	103.9659383364648	0.0022004632229656973	1.0000974083681944
2.3096265742800313	1.8849095552937745	0.06795212392161865	0.7340977814482519	0.10215854999588002	99.60780590631502	103.9659383364648	0.0022004632229656973	1.0000974083681944
2.3096265742800313	1.8849095552937745	0.06795212392161865	0.7340977814482519	0.10215854999588002	99.60780590631502	103.9659383364648	0.0022004632229656973	1.0000974083681944
2.3096265742800313	1.8849095552937745	0.06795212392161865	0.7340977814482519	0.10215854999588002	99.60780590631502	103.9659383364648	0.0022004632229656973	1.0000974083681944
2.3096265742800313	1.8849095552937745	0.06795212392161865	0.7340977814482519	0.10215854999588002	99.60780590631502	103.9659383364648	0.0022004632229656973	1.0000974083681944
2.3096265742800313	1.8849095552937745	0.06795212392161865	0.7340977814482519	0.10215854999588002	99.60780590631502	103.9659383364648	0.0022004632229656973	1.0001018161931148
2.3096265742800313	1.8849095552937745	0.06795212392161865	0.7340977814482519	0.10215854999588002	99.60780590631502	103.9651781261021	0.0022004632229656973	1.0001018161931148
2.3096932542867186	1.8849095552937745	0.06795212392161865	0.7340977814482519	0.10215854999588002	99.60780590631502	103.9651781261021	0.0022004632229656973	1.0001018161931148
2.3096932542867186	1.8849095552937745	0.06796111444812451	0.7340977814482519	0.10215854999588002	99.60780590631502	103.9651781261021	0.0022004632229656973	1.0001018161931148
2.3096932542867186	1.8849095552937745	0.06796111444812451	0.7340977814482519	0.10215854999588002	99.60780590631502	103.9651781261021	0.0022004632229656973	1.0001018161931148
2.3096932542867186	1.8849095552937745	0.06796111444812451	0.7340977814482519	0.10215854999588002	99.6071174770206	103.9651781261021	0.0022004632229656973	1.0001018161931148
2.3096932542867186	1.8849095552937745	0.06796111444812451	0.7340977814482519	0.10215854999588002	99.6071174770206	103.9651781261021	0.0022004632229656973	1.0001018161931148
2.313305807074141	1.8849095552937745	0.06796111444812451	0.7340977814482519	0.10215854999588002	99.6071174770206	103.9651781261021	0.0022004632229656973	1.0001018161931148
2.313305807074141	1.8849095552937745	0.06796111444812451	0.7340977814482519	0.10215854999588002	99.6071174770206	103.9651781261021	0.0022004632229656973	1.0001018161931148
2.313305807074141	1.8849095552937745	0.06796111444812451	0.7340977814482519	0.10215854999588002	99.6071174770206	103.9651781261021	0.0022004632229656973	1.0001018161931148
2.313305807074141	1.8849095552937745	0.06796111444812451	0.7340977814482519	0.10215854999588002	99.6071174770206	103.9651781261021	0.0022004632229656973	1.0001018161931148
2.313305807074141	1.8849095552937745	0.06796111444812451	0.7340977814482519	0.10215854999588002	99.6071174770206	103.9651781261021	0.0022004632229656973	1.0001018161931148
2.313305807074141	1.8849095552937745	0.06796111444812451	0.7341692626213884	0.10215854999588002	99.6071174770206	103.9651781261021	0.0022004632229656973	1.0001018161931148
2.313305807074141	1.8849095552937745	0.06796111444812451	0.7341692626213884	0.10215854999588002	99.6071174770206	103.9651781261021	0.0022004632229656973	1.0001018161931148
2.313305807074141	1.8849095552937745	0.06796111444812451	0.7341692626213884	0.10215854999588002	99.6071174770206	103.9651781261021	0.0022004632229656973	1.0001018161931148
2.313305807074141	1.8849095552937745	0.06796111444812451	0.7341692626213884	0.10215854999588002	99.6071174770206	103.9651781261021	0.0022004632229656973	1.0001018161931148
2.313305807074141	1.8849095552937745	0.06796111444812451	0.7341692626213884	0.10215854999588002	99.6071174770206	103.9651781261021	0.0021987849217639244	1.0001018161931148
2.313305807074141	1.8849095552937745	0.06796111444812451	0.7341692626213884	0.10215922714041759	99.6071174770206	103.9651781261021	0.0021987849217639244	1.0001018161931148
2.313305807074141	1.8849095552937745	0.06796111444812451	0.7341692626213884	0.10215922714041759	99.6071174770206	103.9651781261021	0.0021987849217639244	1.0001018161931148
2.313305807074141	1.8849095552937745	0.06796111444812451	0.7341692626213884	0.10215922714041759	99.6071174770206	103.9651781261021	0.0021987849217639244	1.0001018161931148
2.313305807074141	1.8849095552937745	0.06796111444812451	0.7341692626213884	0.10226186543035513	99.6071174770206	103.9651781261021	0.0021987849217639244	1.0001018161931148
2.313305807074141	1.8849095552937745	0.06798888055296168	0.7341692626213884	0.10226186543035513	99.6071174770206	103.9651781261021	0.0021987849217639244	1.0001018161931148
2.313305807074141	1.8849095552937745	0.06798888055296168	0.7341692626213884	0.10226186543035513	99.6071174770206	103.9651781261021	0.0021987849217639244	1.0001018161931148
2.3133367095033677	1.8849095552937745	0.06798888055296168	0.7341692626213884	0.10226186543035513	99.6071174770206	103.9651781261021	0.0021987849217639244	1.0001018161931148
2.3133367095033677	1.8849095552937745	0.06798888055296168	0.7341692626213884	0.10226186543035513	99.6071174770206	103.9651781261021	0.002195760101876946	1.0001018161931148
2.3133367095033677	1.8849095552937745	0.06798888055296168	0.7341692626213884	0.10226186543035513	99.6071174770206	103.9651781261021	0.002195760101876946	1.0001018161931148
2.3133367095033677	1.8849095552937745	0.06798888055296168	0.7341692626213884	0.10226186543035513	99.6071174770206	103.20676540046495	0.002195760101876946	1.0001018161931148
2.3133367095033677	1.8849095552937745	0.06798888055296168	0.7341692626213884	0.10226186543035513	99.6071174770206	103.20676540046495	0.002195760101876946	1.0001018161931148
2.3133367095033677	1.8849095552937745	0.06798888055296168	0.7341692626213884	0.10226186543035513	99.6071174770206	103.20676540046495	0.002195760101876946	1.0001018161931148
2.3133367095033677	1.8849095552937745	0.06798888055296168	0.7341692626213884	0.10226186543035513	99.6071174770206	103.20676540046495	0.002195760101876946	1.0001018161931148
2.3133367095033677	1.8849095552937745	0.06798888055296168	0.7341692626213884	0.10226186543035513	99.6071174770206	103.20676540046495	0.002195760101876946	1.0001018161931148
2.3133367095033677	1.8849095552937745	0.06798888055296168	0.7341692626213884	0.10226186543035513	99.6071174770206	103.20676540046495	0.002195760101876946	1.0001018161931148
2.3133367095033677	1.8849095552937745	0.06798888055296168	0.7341692626213884	0.10226186543035513	99.6071174770206	103.20676540046495	0.002195760101876946	1.0001018161931148
2.3133367095033677	1.8849095552937745	0.06798888055296168	0.7341692626213884	0.10226186543035513	99.6071174770206	103.20676540046495	0.002195760101876946	1.0001018161931148
2.3133367095033677	1.8849095552937745	0.06798888055296168	0.7341692626213884	0.10226186543035513	99.6071174770206	103.20676540046495	0.002195760101876946	1.0001018161931148
2.3133367095033677	1.8849095552937745	0.06798888055296168	0.7341692626213884	0.10226186543035513	99.6071174770206	103.20676540046495	0.002195760101876946	1.0001018161931148
2.3133367095033677	1.8849095552937745	0.06798888055296168	0.7341692626213884	0.10226186543035513	99.6071174770206	103.20676540046495	0.0022134161455860607	1.0001018161931148
2.3133367095033677	1.8849095552937745	0.06798888055296168	0.7341692626213884	0.10226186543035513	99.6071174770206	103.20676540046495	0.0022134161455860607	1.0001018161931148
2.3133367095033677	1.8849095552937745	0.06798888055296168	0.7341692626213884	0.10226186543035513	99.6071174770206	103.20676540046495	0.0022134161455860607	1.0001018161931148
2.313353342319077	1.8849095552937745	0.06798888055296168	0.7341692626213884	0.10226186543035513	99.6071174770206	103.20676540046495	0.0022134161455860607	1.0001018161931148
2.313353342319077	1.8849095552937745	0.06798888055296168	0.7341692626213884	0.10226186543035513	99.64893988768753	103.20676540046495	0.0022134161455860607	1.0001018161931148
2.313353342319077	1.8849095552937745	0.06798888055296168	0.7341692626213884	0.10226186543035513	99.64893988768753	103.20676540046495	0.0022134161455860607	1.0001018161931148
2.313353342319077	1.8849095552937745	0.06798888055296168	0.7341692626213884	0.10226186543035513	99.64893988768753	103.20676540046495	0.0022134161455860607	1.0001018161931148
2.313353342319077	1.8849095552937745	0.06798888055296168	0.7341692626213884	0.10226176496665737	99.64893988768753	103.20676540046495	0.0022134161455860607	1.0001018161931148
2.313353342319077	1.8849095552937745	0.06798888055296168	0.7341692626213884	0.10226176496665737	99.64893988768753	103.20676540046495	0.0022134161455860607	1.0001018161931148
2.313353342319077	1.8849095552937745	0.06798888055296168	0.7341692626213884	0.10226176496665737	99.64893988768753	103.20676540046495	0.0022134161455860607	1.0001018161931148
2.313353342319077	1.8849095552937745	0.06798888055296168	0.7341692626213884	0.10226176496665737	99.64893988768753	103.79702477410369	0.0022134161455860607	1.0001018161931148
2.313353342319077	1.8849095552937745	0.06798888055296168	0.7341692626213884	0.10226176496665737	99.64893988768753	103.7968531732145	0.0022134161455860607	1.0001018161931148
2.313353342319077	1.8849095552937745	0.06798888055296168	0.7341692626213884	0.10226176496665737	99.64893988768753	103.7968531732145	0.0022134161455860607	1.000104819575767
2.313353342319077	1.8849095552937745	0.06798888055296168	0.7341692626213884	0.10226176496665737	99.64893988768753	103.7852212261984	0.0022134161455860607	1.000104819575767
2.313353342319077	1.8849095552937745	0.06800269477578275	0.7341692626213884	0.10226176496665737	99.64893988768753	103.7852212261984	0.0022134161455860607	1.000104819575767
2.313353342319077	1.8849095552937745	0.06800269477578275	0.7341692626213884	0.10226176496665737	99.64893988768753	103.7852212261984	0.0022134161455860607	1.000104819575767
2.313353342319077	1.8849095552937745	0.06800269477578275	0.7341692626213884	0.10226176496665737	99.64893988768753	103.7852212261984	0.0022133295351858136	1.000104819575767
2.313353342319077	1.8849095552937745	0.06800269477578275	0.7341692626213884	0.10226176496665737	99.64893988768753	103.7852212261984	0.0022133295351858136	1.000104819575767
2.313353342319077	1.8849101830319153	0.06800269477578275	0.7341692626213884	0.10226176496665737	99.64893988768753	103.7852212261984	0.0022133295351858136	1.000104819575767
2.313097519413285	1.8849101830319153	0.06800269477578275	0.7341692626213884	0.10226176496665737	99.64893988768753	103.7852212261984	0.0022133295351858136	1.000104819575767
2.313097519413285	1.8849105342445223	0.06800269477578275	0.7341692626213884	0.10226176496665737	99.64893988768753	103.7852212261984	0.0022133295351858136	1.000104819575767
2.313097519413285	1.8849105342445223	0.06800269477578275	0.7341692626213884	0.10226176496665737	99.64893988768753	103.7852212261984	0.0022133295351858136	1.000104819575767
2.313097519413285	1.8849105342445223	0.06800269477578275	0.7341692626213884	0.10226176496665737	99.64893988768753	103.7852212261984	0.0022133295351858136	1.000104819575767
2.313097519413285	1.8849105342445223	0.06800269477578275	0.7341692626213884	0.10226176496665737	99.64893988768753	103.7852212261984	0.0022133295351858136	1.000104819575767
2.313097519413285	1.8849105342445223	0.06800269477578275	0.7341692626213884	0.10226176496665737	99.64893988768753	103.7852212261984	0.0022133295351858136	1.000104819575767
2.313097519413285	1.8849105342445223	0.06800269477578275	0.7343405400384603	0.10226176496665737	99.64893988768753	103.7852212261984	0.0022133295351858136	1.000104819575767
2.313097519413285	1.8849105342445223	0.06800269477578275	0.7346885567822644	0.10226176496665737	99.64893988768753	103.7852212261984	0.0022133295351858136	1.000104819575767
2.313097519413285	1.8849105342445223	0.06800269477578275	0.7346885567822644	0.10226177033442549	99.64893988768753	103.7852212261984	0.0022133295351858136	1.000104819575767
2.313097519413285	1.8849105342445223	0.06800269477578275	0.7346885567822644	0.10226177033442549	99.64893988768753	103.7852212261984	0.0022133295351858136	1.000104819575767
2.313097519413285	1.8849105342445223	0.06800269477578275	0.7346885567822644	0.10226177033442549	99.64893988768753	103.9566032133997	0.0022133295351858136	1.000104819575767
2.313097519413285	1.8849105342445223	0.06800269477578275	0.7346885567822644	0.10226177033442549	99.64893988768753	103.9566032133997	0.0022133295351858136	1.000104819575767
2.313097519413285	1.8846424675975502	0.06800269477578275	0.7346885567822644	0.10226177033442549	99.64893988768753	103.9566032133997	0.0022133295351858136	1.000104819575767
2.313097519413285	1.8846424675975502	0.06800269477578275	0.7346885567822644	0.10226177033442549	99.64893988768753	103.9566032133997	0.0022133295351858136	1.000104819575767
2.313097519413285	1.8846424675975502	0.06800269477578275	0.7346885567822644	0.10226177033442549	99.64893988768753	103.9566032133997	0.0022133295351858136	1.000104819575767
2.313097519413285	1.8846424675975502	0.06800269477578275	0.7346885567822644	0.10226177033442549	99.64893988768753	103.9566032133997	0.0022133295351858136	1.000104819575767
2.313097519413285	1.8846424675975502	0.06800269477578275	0.7346195565169373	0.10226177033442549	99.64893988768753	103.9566032133997	0.0022133295351858136	1.000104819575767
2.313097519413285	1.8846424675975502	0.06800269477578275	0.7346195565169373	0.10226177033442549	99.64893988768753	103.9566032133997	0.0022133295351858136	1.000104819575767
2.313097519413285	1.8846424675975502	0.06800269477578275	0.7346195565169373	0.10226177033442549	99.64893988768753	103.9566032133997	0.0022133295351858136	1.000104819575767
2.313097519413285	1.8846416482743893	0.06800269477578275	0.7346195565169373	0.10226177033442549	99.64893988768753	103.9566032133997	0.0022133295351858136	1.000104819575767
2.313097519413285	1.8846409404286282	0.06800269477578275	0.7346195565169373	0.10226177033442549	99.64893988768753	103.9566032133997	0.0022133295351858136	1.000104819575767
2.313097519413285	1.8846409404286282	0.06802235150340102	0.7346195565169373	0.10226177033442549	99.64893988768753	103.9566032133997	0.0022133295351858136	1.000104819575767
2.313097519413285	1.8846409404286282	0.06802235150340102	0.7346195565169373	0.10226177033442549	99.64893988768753	103.9566032133997	0.0022133295351858136	1.000104819575767
2.313097519413285	1.8873726215638174	0.06802235150340102	0.7346195565169373	0.10226177033442549	99.64893988768753	103.9566032133997	0.0022133295351858136	1.000104819575767
2.313097519413285	1.8873726215638174	0.06802235150340102	0.7346195565169373	0.10226177033442549	99.64893988768753	103.9566032133997	0.0022133295351858136	1.000104819575767
2.313097519413285	1.8873726215638174	0.06802235150340102	0.7346195565169373	0.10226177033442549	99.64893988768753	103.9566032133997	0.0022133295351858136	1.000104819575767
2.313097519413285	1.8873726215638174	0.06802235150340102	0.7346195565169373	0.10232164330062127	99.64893988768753	103.9566032133997	0.0022133295351858136	1.000104819575767
2.313097519413285	1.8873726215638174	0.06802235150340102	0.7346195565169373	0.10232164330062127	99.64893988768753	103.9566032133997	0.0022133295351858136	1.000104819575767
2.313097519413285	1.8873726215638174	0.06802235150340102	0.7346195565169373	0.10232164330062127	99.64893988768753	103.77171708025773	0.0022133295351858136	1.000104819575767
2.313097519413285	1.8873726215638174	0.06802235150340102	0.7346195565169373	0.10232164330062127	99.64893988768753	103.77171708025773	0.0022133295351858136	1.000104819575767
2.313097519413285	1.8873726215638174	0.06802235150340102	0.7346195565169373	0.10232164330062127	99.64893988768753	103.77171708025773	0.0022133295351858136	1.000104819575767
2.313097519413285	1.8873726215638174	0.06802235150340102	0.7346195565169373	0.10232164330062127	99.64893988768753	103.77171708025773	0.00201326104006451	1.000104819575767
2.313097519413285	1.8873726215638174	0.06802235150340102	0.7346195565169373	0.10232164330062127	99.64893988768753	103.77171708025773	0.0020133871544809243	1.000104819575767
2.313097519413285	1.8873726215638174	0.06802235150340102	0.7346195565169373	0.10232164330062127	99.64893988768753	103.77171708025773	0.0020133871544809243	1.000104819575767
2.313097519413285	1.8873726215638174	0.06802235150340102	0.7346195565169373	0.10232164330062127	99.64893988768753	103.77171708025773	0.0020133871544809243	1.000104819575767
2.313097519413285	1.8873726215638174	0.06802393385045959	0.7346195565169373	0.10232164330062127	99.64893988768753	103.77171708025773	0.0020133871544809243	1.000104819575767
2.313097519413285	1.8873726215638174	0.06802393385045959	0.7346367689590467	0.10232164330062127	99.64893988768753	103.77171708025773	0.0020133871544809243	1.000104819575767
2.313097519413285	1.8873726215638174	0.06802393385045959	0.7342784085201741	0.10232164330062127	99.64893988768753	103.77171708025773	0.0020133871544809243	1.000104819575767
2.313097519413285	1.8873726215638174	0.06802393385045959	0.7342784085201741	0.10232164330062127	99.64893988768753	103.77171708025773	0.0020133871544809243	1.000104819575767
2.313097519413285	1.8873726215638174	0.06802393385045959	0.7342784085201741	0.10232164330062127	99.64893988768753	103.77171708025773	0.0020104511361316783	1.000104819575767
2.313097519413285	1.8873726215638174	0.06802393385045959	0.7342784085201741	0.10232144329285364	99.64893988768753	103.77171708025773	0.0020104511361316783	1.000104819575767
2.313097519413285	1.887371805625306	0.06802393385045959	0.7342784085201741	0.10232144329285364	99.64893988768753	103.77171708025773	0.0020104511361316783	1.000104819575767
2.313097519413285	1.887371805625306	0.06802393385045959	0.7342784085201741	0.10232144329285364	99.64913611974607	103.77171708025773	0.0020104511361316783	1.000104819575767
2.312772041087606	1.887371805625306	0.06802393385045959	0.7342784085201741	0.10232144329285364	99.64913611974607	103.77171708025773	0.0020104511361316783	1.000104819575767
2.312772041087606	1.887371805625306	0.06802393385045959	0.7342784085201741	0.10232144329285364	99.64913611974607	103.77171708025773	0.0020104511361316783	1.000104819575767
2.312772041087606	1.887371805625306	0.06802393385045959	0.7342784085201741	0.10232202523238214	99.64913611974607	103.77171708025773	0.0020104511361316783	1.000104819575767
2.312772041087606	1.887371805625306	0.06802393385045959	0.7342784085201741	0.10232202523238214	99.64913611974607	103.77171708025773	0.002256251898994374	1.000104819575767
2.312772041087606	1.887371805625306	0.06802393385045959	0.7342784085201741	0.10232202523238214	99.65227656499475	103.77171708025773	0.002256251898994374	1.000104819575767
2.312772041087606	1.887371805625306	0.06802393385045959	0.7343450323500124	0.10232202523238214	99.65227656499475	103.77171708025773	0.002256251898994374	1.000104819575767
2.312772041087606	1.88737202701096	0.06802393385045959	0.7343450323500124	0.10232202523238214	99.65227656499475	103.77171708025773	0.002256251898994374	1.000104819575767
2.312772041087606	1.88737202701096	0.06802393385045959	0.7343450323500124	0.10232202523238214	99.65227656499475	103.77171708025773	0.002256251898994374	1.000104819575767
2.312772041087606	1.88737202701096	0.06802393385045959	0.7343450323500124	0.10232202523238214	99.65227656499475	103.77171708025773	0.002256251898994374	1.000104819575767
2.312772041087606	1.88737202701096	0.06802393385045959	0.7343450323500124	0.10232202523238214	99.65227656499475	103.77171708025773	0.002256251898994374	1.000104819575767
2.312772041087606	1.88737202701096	0.06802393385045959	0.7343450323500124	0.10232202523238214	99.65227656499475	103.77203727291635	0.002256251898994374	1.000104819575767
2.312772041087606	1.88737202701096	0.06802393385045959	0.7343450323500124	0.10232202523238214	99.65227656499475	103.77203727291635	0.002256251898994374	1.000104819575767
2.312772041087606	1.88737202701096	0.06802393385045959	0.7343450323500124	0.10228316858787048	99.65227656499475	103.77203727291635	0.002256251898994374	1.000104819575767
2.312772041087606	1.88737202701096	0.06802393385045959	0.7343450323500124	0.10228316858787048	99.66342496118475	103.77203727291635	0.002256251898994374	1.000104819575767
2.312772041087606	1.88737202701096	0.06802393385045959	0.7343450323500124	0.10228316858787048	99.66342496118475	103.77203727291635	0.002256251898994374	1.000104819575767
2.312772041087606	1.88737202701096	0.06802393385045959	0.7343450323500124	0.10228316858787048	99.66342496118475	103.7739575459704	0.002256251898994374	1.000104819575767
2.312772041087606	1.88737202701096	0.06802393385045959	0.7343450323500124	0.10228316858787048	99.66342496118475	103.7739575459704	0.002256251898994374	1.000104819575767
2.312772041087606	1.88737202701096	0.06802393385045959	0.7343450323500124	0.10228316858787048	99.66342496118475	103.7739575459704	0.0020893252726056125	1.000104819575767
2.312772041087606	1.88737202701096	0.06802393385045959	0.7343450323500124	0.10228316858787048	99.66342496118475	103.7739575459704	0.0020893252726056125	1.000104819575767
2.312772041087606	1.88737202701096	0.06802393385045959	0.7343450323500124	0.10228316858787048	99.66342496118475	103.7739575459704	0.0020893252726056125	1.000104819575767
2.3127669491188265	1.88737202701096	0.06802393385045959	0.7343450323500124	0.10228316858787048	99.66342496118475	103.7739575459704	0.0020893252726056125	1.000104819575767
2.3127669491188265	1.88737202701096	0.06802393385045959	0.7343450323500124	0.10228316858787048	99.66342496118475	103.7739575459704	0.0020893252726056125	1.000104819575767
2.3127669491188265	1.88737202701096	0.06802393385045959	0.7343410918256505	0.10228316858787048	99.66342496118475	103.7739575459704	0.0020893252726056125	1.000104819575767
2.3127669491188265	1.88737202701096	0.06802393385045959	0.7343410918256505	0.10228316858787048	99.66342496118475	103.7739575459704	0.0020893252726056125	1.000104819575767
2.3127149305715915	1.88737202701096	0.06802393385045959	0.7343410918256505	0.10228316858787048	99.66342496118475	103.7739575459704	0.0020893252726056125	1.000104819575767
2.3127149305715915	1.88737202701096	0.06802393385045959	0.7343410918256505	0.10228316858787048	99.66342496118475	103.7739575459704	0.0020893252726056125	1.000104819575767
2.3127149305715915	1.88737202701096	0.06802393385045959	0.7343410918256505	0.10222294512141222	99.66342496118475	103.7739575459704	0.0020893252726056125	1.000104819575767
2.3175536135401194	1.88737202701096	0.06802393385045959	0.7343410918256505	0.10222294512141222	99.66342496118475	103.7739575459704	0.0020893252726056125	1.000104819575767
2.3175536135401194	1.88737202701096	0.06802393385045959	0.7343410918256505	0.10222294512141222	99.66342496118475	103.7739575459704	0.0020893252726056125	1.0000977083453833
2.3175536135401194	1.88737202701096	0.06802393385045959	0.7343410918256505	0.10222294512141222	99.66342496118475	103.7739575459704	0.0020893252726056125	1.0000977083453833
2.3175536135401194	1.88737202701096	0.06802393385045959	0.7343410918256505	0.10222294512141222	99.66342496118475	103.77413562611879	0.0020893252726056125	1.0000977083453833
2.3175536135401194	1.88737202701096	0.06802393385045959	0.7343410918256505	0.10222294512141222	99.66342496118475	103.77413562611879	0.0020893252726056125	1.0001051163196897
2.3175536135401194	1.88737202701096	0.06802393385045959	0.7338363345385213	0.10222294512141222	99.66342496118475	103.77413562611879	0.0020893252726056125	1.0001051163196897
2.3175536135401194	1.88737202701096	0.06802393385045959	0.7338363345385213	0.10222070211319066	99.66342496118475	103.77413562611879	0.0020893252726056125	1.0001051163196897
2.3175536135401194	1.88737202701096	0.06802393385045959	0.7338363345385213	0.10222070211319066	99.66342496118475	103.77413562611879	0.002089401074573177	1.0001051163196897
2.3175536135401194	1.88737202701096	0.06802393385045959	0.7338363345385213	0.10222070211319066	99.66342496118475	103.77413562611879	0.002089401074573177	1.0001051163196897
2.3175536135401194	1.88737202701096	0.06802393385045959	0.7338363345385213	0.10222070211319066	99.66342496118475	103.77413562611879	0.002089401074573177	1.0001051163196897
2.3175536135401194	1.88737202701096	0.06802393385045959	0.7338363345385213	0.10222070211319066	99.66342496118475	103.77413562611879	0.002089401074573177	1.0000964064026816
2.3175536135401194	1.8873712278644532	0.06802393385045959	0.7338363345385213	0.10222070211319066	99.66342496118475	103.77413562611879	0.002089401074573177	1.0000964064026816
2.3175536135401194	1.8873712278644532	0.06802393385045959	0.7338363345385213	0.10222070211319066	99.66342496118475	103.77413562611879	0.002089401074573177	1.0000964064026816
2.3175536135401194	1.8873712278644532	0.06802393385045959	0.7338363345385213	0.10222070211319066	99.66342496118475	103.77413562611879	0.002089401074573177	1.0000964064026816
2.3175536135401194	1.8873712278644532	0.06802393385045959	0.7338363345385213	0.10222070211319066	99.66342496118475	103.77413562611879	0.002089401074573177	1.0000964064026816
2.3175536135401194	1.8873712278644532	0.06796417609581278	0.7338363345385213	0.10222070211319066	99.66342496118475	103.77413562611879	0.002089401074573177	1.0000964064026816
2.3175536135401194	1.8873712278644532	0.06796417609581278	0.7338363345385213	0.10222070211319066	99.66342496118475	104.95240705171447	0.002089401074573177	1.0000964064026816
2.3175536135401194	1.8873712278644532	0.06796417609581278	0.7338363345385213	0.10222070211319066	99.66342496118475	104.95237245632443	0.002089401074573177	1.0000964064026816
2.3175536135401194	1.8873712278644532	0.06796417609581278	0.7338663108017008	0.10222070211319066	99.66342496118475	104.95237245632443	0.002089401074573177	1.0000964064026816
2.3175536135401194	1.8873712278644532	0.06796417609581278	0.7338663108017008	0.10222070211319066	99.66342496118475	104.95237245632443	0.002089401074573177	1.0000964068957303
2.3175536135401194	1.8873712278644532	0.06796417609581278	0.7338663108017008	0.10222070211319066	99.66342496118475	104.95237245632443	0.0020893714118902546	1.0000964068957303
2.3175536135401194	1.8873712278644532	0.06796417609581278	0.7338663108017008	0.10223741683768807	99.66342496118475	104.95237245632443	0.0020893714118902546	1.0000964068957303
2.317553251196845	1.8873712278644532	0.06796417609581278	0.7338663108017008	0.10223741683768807	99.66342496118475	104.95237245632443	0.0020893714118902546	1.0000964068957303
2.317553251196845	1.8873712278644532	0.06796417609581278	0.7338663108017008	0.10223741683768807	99.66342496118475	104.95237245632443	0.0020893714118902546	1.0000964068957303
2.317553251196845	1.8873712278644532	0.06796417609581278	0.7338663108017008	0.10223741683768807	99.66342496118475	104.95237245632443	0.0020893714118902546	1.0000964068957303
2.31755169955137	1.8873712278644532	0.06796417609581278	0.7338663108017008	0.10223741683768807	99.66342496118475	104.95237245632443	0.0020893714118902546	1.0000964068957303
2.31755169955137	1.8873712278644532	0.06796417609581278	0.7338663108017008	0.10223741683768807	99.66342496118475	104.95237245632443	0.0020893714118902546	1.0000999296077997
2.31755169955137	1.8873712278644532	0.06796417609581278	0.7338663108017008	0.10223741683768807	99.66342496118475	104.95237245632443	0.0020893714118902546	1.0000999296077997
2.31755169955137	1.8873712278644532	0.06796417609581278	0.7338663108017008	0.10223741683768807	99.66342496118475	104.95105049003217	0.0020893714118902546	1.0000999296077997
2.3175534677758067	1.8873712278644532	0.06796417609581278	0.7338663108017008	0.10223741683768807	99.66342496118475	104.95105049003217	0.0020893714118902546	1.0000999296077997
2.3175534677758067	1.8873712278644532	0.06796417609581278	0.7336769859178588	0.10223741683768807	99.66342496118475	104.95105049003217	0.0020893714118902546	1.0000999296077997
2.3175534677758067	1.8873712278644532	0.06796417609581278	0.7336769859178588	0.10223741683768807	99.66342496118475	104.95105049003217	0.0020893714118902546	1.0000999296077997
2.3175534677758067	1.8873712278644532	0.06796417609581278	0.7336769859178588	0.10223741683768807	99.66342496118475	104.95105049003217	0.0020893681234571155	1.0000999296077997
2.3175534677758067	1.8873712278644532	0.06796417609581278	0.7336769859178588	0.10223741683768807	99.66342496118475	104.95105049003217	0.0020893681234571155	1.0000999296077997
2.3175534677758067	1.8873712278644532	0.06796417609581278	0.7336769859178588	0.10223741683768807	99.66342496118475	104.95105049003217	0.0020893681234571155	1.0000999296077997
2.3175534677758067	1.8873712278644532	0.06796417609581278	0.7336769859178588	0.10223741683768807	99.66342496118475	104.95105049003217	0.0020893681234571155	1.0000999296077997
2.3175534677758067	1.8873704738663315	0.06796417609581278	0.7336769859178588	0.10223741683768807	99.66342496118475	104.95105049003217	0.0020893681234571155	1.0000999296077997
2.3175534677758067	1.8873704738663315	0.06796417609581278	0.7336769859178588	0.10223567208629854	99.66342496118475	104.95105049003217	0.0020893681234571155	1.0000999296077997
2.3175534677758067	1.8873652794738025	0.06796417609581278	0.7336769859178588	0.10223567208629854	99.66342496118475	104.95105049003217	0.0020893681234571155	1.0000999296077997
2.3175534677758067	1.8873652794738025	0.06796417609581278	0.7336769859178588	0.10223567208629854	99.66342496118475	104.95105049003217	0.0020893681234571155	1.0000999296077997
2.3175534677758067	1.8873652794738025	0.06796417609581278	0.7336769859178588	0.10223567208629854	99.66342496118475	104.95105049003217	0.0020893681234571155	1.0000999296077997
2.3175534677758067	1.8873652794738025	0.06796417609581278	0.7336769859178588	0.10223567208629854	99.66342496118475	104.95105049003217	0.0020893057270396673	1.0000999296077997
2.3175534677758067	1.8873652794738025	0.06796417609581278	0.7336769859178588	0.10223567208629854	99.66342496118475	104.95105049003217	0.0020893057270396673	1.0000999296077997
2.3175534677758067	1.8873652794738025	0.06796417609581278	0.7336769859178588	0.10223567208629854	99.66342496118475	104.95105049003217	0.0020893057270396673	1.0000999296077997
2.3175534677758067	1.8873652794738025	0.06796417609581278	0.7336769859178588	0.10223567208629854	99.66342496118475	104.95105049003217	0.0020893057270396673	1.0000999296077997
2.3175534677758067	1.8873721716913543	0.06796417609581278	0.7336769859178588	0.10223567208629854	99.66342496118475	104.95105049003217	0.0020893057270396673	1.0000999296077997
2.317555354747622	1.8873721716913543	0.06796417609581278	0.7336769859178588	0.10223567208629854	99.66342496118475	104.95105049003217	0.0020893057270396673	1.0000999296077997
2.317555354747622	1.8873721716913543	0.06796417609581278	0.7336885121315783	0.10223567208629854	99.66342496118475	104.95105049003217	0.0020893057270396673	1.0000999296077997
2.317555354747622	1.8873721716913543	0.06796417609581278	0.7336885121315783	0.10223567208629854	99.66358714062741	104.95105049003217	0.0020893057270396673	1.0000999296077997
2.317555354747622	1.8873723913266212	0.06796417609581278	0.7336885121315783	0.10223567208629854	99.66358714062741	104.95105049003217	0.0020893057270396673	1.0000999296077997
2.317555354747622	1.8873723913266212	0.06796417609581278	0.7336885121315783	0.10223567208629854	99.66358714062741	104.95105049003217	0.0020897764969121228	1.0000999296077997
2.317555354747622	1.8873723913266212	0.06796417609581278	0.7336885121315783	0.10223567208629854	99.66358714062741	104.95105049003217	0.0020897764969121228	1.0000999296077997
2.317555354747622	1.8873723913266212	0.06796417609581278	0.7336885121315783	0.10221059485155447	99.66358714062741	104.95105049003217	0.0020897764969121228	1.0000999296077997
2.317555354747622	1.8873723913266212	0.06796417609581278	0.7336885121315783	0.10221059485155447	99.6643981329648	104.95105049003217	0.0020897764969121228	1.0000999296077997
2.317555354747622	1.8873723913266212	0.06796417609581278	0.7336885121315783	0.10221059485155447	99.6643981329648	104.16494609535506	0.0020897764969121228	1.0000999296077997
2.317555354747622	1.8873723913266212	0.06796417609581278	0.7336885121315783	0.10221059485155447	99.66722329526745	104.16494609535506	0.0020897764969121228	1.0000999296077997
2.317555354747622	1.8873723913266212	0.06795797043353331	0.7336885121315783	0.10221059485155447	99.66722329526745	104.16494609535506	0.0020897764969121228	1.0000999296077997
2.3175366030454536	1.8873723913266212	0.06795797043353331	0.7336885121315783	0.10221059485155447	99.66722329526745	104.16494609535506	0.0020897764969121228	1.0000999296077997
2.3175366030454536	1.8873723913266212	0.06795797043353331	0.7336885121315783	0.10221059485155447	99.66722329526745	104.33452748973882	0.0020897764969121228	1.0000999296077997
2.3175366030454536	1.8873723913266212	0.06795797043353331	0.7336885121315783	0.10221059485155447	99.66722329526745	104.33452748973882	0.0020897764969121228	1.0000999296077997
2.3175366030454536	1.8873723913266212	0.06795797043353331	0.7336885121315783	0.10221059485155447	99.66722329526745	104.33452748973882	0.0020897764969121228	1.0000999296077997
2.317539063488857	1.8873723913266212	0.06795797043353331	0.7336885121315783	0.10221059485155447	99.66722329526745	104.33452748973882	0.0020897764969121228	1.0000999296077997
2.317539063488857	1.8873723913266212	0.06795797043353331	0.7336885121315783	0.10218280635857262	99.66722329526745	104.33452748973882	0.0020897764969121228	1.0000999296077997
2.317539063488857	1.8873723913266212	0.06795797043353331	0.7336885121315783	0.10218280635857262	99.66722329526745	104.33452748973882	0.0020897764969121228	1.0000999296077997
2.317539063488857	1.8873723913266212	0.06795797043353331	0.7336885121315783	0.10218280635857262	99.66722329526745	104.33452748973882	0.0020897764969121228	1.0000999296077997
2.317539063488857	1.8873723913266212	0.06795797043353331	0.7336885121315783	0.10218256747243647	99.66722329526745	104.33452748973882	0.0020897764969121228	1.0000999296077997
2.317539063488857	1.8873723913266212	0.06795797043353331	0.7336885121315783	0.10218256747243647	99.66722329526745	104.33452748973882	0.0020897764969121228	1.0000999296077997
2.317539063488857	1.887372747468588	0.06795797043353331	0.7336885121315783	0.10218256747243647	99.66722329526745	104.33452748973882	0.0020897764969121228	1.0000999296077997
2.3174094570604016	1.887372747468588	0.06795797043353331	0.7336885121315783	0.10218256747243647	99.66722329526745	104.33452748973882	0.0020897764969121228	1.0000999296077997
2.3174094570604016	1.887372747468588	0.06795797043353331	0.7336885121315783	0.10218256747243647	99.66722329526745	104.33452748973882	0.0020897764969121228	1.0000996226377123
2.3174094570604016	1.887372747468588	0.06795797043353331	0.7336885121315783	0.10218256747243647	99.66722329526745	102.71266864840517	0.0020897764969121228	1.0000996226377123
2.3174094570604016	1.887372747468588	0.06795797043353331	0.7336885121315783	0.10218256747243647	99.66722329526745	102.71266864840517	0.0020897764969121228	1.0000996226377123
2.3174094570604016	1.887372747468588	0.06795797043353331	0.7336885121315783	0.10218256747243647	99.66722329526745	102.71266864840517	0.0020897764969121228	1.0000996226377123
2.3174094570604016	1.887372747468588	0.06795797043353331	0.7336897973833579	0.10218256747243647	99.66722329526745	102.71266864840517	0.0020897764969121228	1.0000996226377123
2.3174094570604016	1.887372747468588	0.06795797043353331	0.7336897973833579	0.10218256747243647	99.66722329526745	102.70904747671241	0.0020897764969121228	1.0000996226377123
2.3174094570604016	1.887372747468588	0.06793490821198712	0.7336897973833579	0.10218256747243647	99.66722329526745	102.70904747671241	0.0020897764969121228	1.0000996226377123
2.3174094570604016	1.887372747468588	0.06793490821198712	0.7336897973833579	0.10218256747243647	99.66722329526745	102.70904747671241	0.0026199294654526495	1.0000996226377123
2.3174094570604016	1.887372747468588	0.06793490821198712	0.7336897973833579	0.10218256747243647	99.66722329526745	102.70904747671241	0.0026199294654526495	1.0000996226377123
2.3174094570604016	1.887372747468588	0.06793490821198712	0.7336897973833579	0.10218256747243647	99.66722329526745	102.70904747671241	0.0026199294654526495	1.0000996226377123
2.3174094570604016	1.887372747468588	0.06793490821198712	0.7336897973833579	0.10218256747243647	99.66722329526745	102.70904747671241	0.0026199294654526495	1.0000996226377123
2.3174094570604016	1.887372747468588	0.06793490821198712	0.7336897973833579	0.10218256747243647	99.66767469809548	102.70904747671241	0.0026199294654526495	1.0000996226377123
2.3174094570604016	1.887372747468588	0.06793490821198712	0.7336897973833579	0.10218557239792428	99.66767469809548	102.70904747671241	0.0026199294654526495	1.0000996226377123
2.3174094570604016	1.885697763813905	0.06793490821198712	0.7336897973833579	0.10218557239792428	99.66767469809548	102.70904747671241	0.0026199294654526495	1.0000996226377123
2.3174094570604016	1.885697763813905	0.06793490821198712	0.7336897973833579	0.10218557239792428	99.66767469809548	102.70904747671241	0.0026199294654526495	1.0000996226377123
2.3174094570604016	1.885697763813905	0.06793490821198712	0.7336897973833579	0.10193265483546785	99.66767469809548	102.70904747671241	0.0026199294654526495	1.0000996226377123
2.3174094570604016	1.885697763813905	0.06793490821198712	0.7336897973833579	0.10193265483546785	99.66767469809548	102.70904747671241	0.0026199294654526495	1.0000996226377123
2.3174094570604016	1.885697763813905	0.06793490821198712	0.7336897973833579	0.10193265483546785	99.66767469809548	102.70904747671241	0.0026199294654526495	1.0000996226377123
2.3174094570604016	1.885697763813905	0.06793490821198712	0.7336897973833579	0.10193265483546785	99.66767469809548	102.70904747671241	0.002604109956340206	1.0000996226377123
2.3174094570604016	1.885697763813905	0.06793490821198712	0.7337755403826223	0.10193265483546785	99.66767469809548	102.70904747671241	0.002604109956340206	1.0000996226377123
2.3174094570604016	1.885697763813905	0.06793490821198712	0.7337755403826223	0.10193265483546785	99.66767469809548	102.70904747671241	0.002604109956340206	1.0000996226377123
2.3174068490754505	1.885697763813905	0.06793490821198712	0.7337755403826223	0.10193265483546785	99.66767469809548	102.70904747671241	0.002604109956340206	1.0000996226377123
2.3174068490754505	1.885697763813905	0.06793490821198712	0.7337755403826223	0.10193265483546785	99.66767469809548	102.70904747671241	0.002604109956340206	1.0000996226377123
2.3174068490754505	1.885697763813905	0.06793490821198712	0.7337755403826223	0.10193265483546785	99.66767469809548	102.70904747671241	0.002604109956340206	1.0000996226377123
2.3174068490754505	1.885697763813905	0.06793490821198712	0.7337755403826223	0.10193265483546785	99.66767469809548	102.70904747671241	0.002604109956340206	1.0000998328432067
2.3174068490754505	1.885697763813905	0.06793490821198712	0.7337755403826223	0.10193265483546785	99.66767469809548	102.70904747671241	0.002604109956340206	1.0000998328432067
2.3174068490754505	1.885697763813905	0.06793490821198712	0.7337755403826223	0.10193265483546785	99.66767469809548	102.70904747671241	0.002604109956340206	1.0000998328432067
2.3174068490754505	1.885697763813905	0.06793490821198712	0.7337755403826223	0.10193265483546785	99.66767469809548	102.70904747671241	0.002604109956340206	1.0000998328432067
2.317401693733753	1.885697763813905	0.06793490821198712	0.7337755403826223	0.10193265483546785	99.66767469809548	102.70904747671241	0.002604109956340206	1.0000998328432067
2.317401693733753	1.885697763813905	0.06793490821198712	0.7337755403826223	0.10193265483546785	99.66767469809548	102.70904747671241	0.0026532888229067303	1.0000998328432067
2.317401693733753	1.885697763813905	0.06793490821198712	0.7337755403826223	0.10193265483546785	99.66767469809548	102.70904747671241	0.0026532888229067303	1.0000998328432067
2.317401693733753	1.885697763813905	0.06793490821198712	0.7337755403826223	0.10193265483546785	99.66767469809548	102.70904747671241	0.0026532888229067303	1.0000998328432067
2.317401693733753	1.885697763813905	0.06793490821198712	0.7337755403826223	0.10193265483546785	99.66767469809548	102.70904747671241	0.0026532888229067303	1.0000998328432067
2.317401693733753	1.885697763813905	0.06794044760181238	0.7337755403826223	0.10193265483546785	99.66767469809548	102.70904747671241	0.0026532888229067303	1.0000998328432067
2.317401693733753	1.885697763813905	0.06794044760181238	0.7337755403826223	0.10193265483546785	99.66767469809548	102.70904747671241	0.0026532888229067303	1.0000998328432067
2.317401693733753	1.885697763813905	0.06794044760181238	0.7337755403826223	0.10193265483546785	99.66767469809548	102.70904747671241	0.0026532888229067303	1.0000998328432067
2.317401693733753	1.885697763813905	0.06794044760181238	0.7337755403826223	0.10192767418872749	99.66767469809548	102.70904747671241	0.0026532888229067303	1.0000998328432067
2.317401693733753	1.885697763813905	0.06793683426704143	0.7337755403826223	0.10192767418872749	99.66767469809548	102.70904747671241	0.0026532888229067303	1.0000998328432067
2.317401693733753	1.885697763813905	0.06793683426704143	0.7337755403826223	0.10192767418872749	99.66767469809548	102.70904747671241	0.0026532888229067303	1.0000998328432067
2.317401693733753	1.8856979399839362	0.06793683426704143	0.7337755403826223	0.10192767418872749	99.66767469809548	102.70904747671241	0.0026532888229067303	1.0000998328432067
2.3173933983012214	1.8856979399839362	0.06793683426704143	0.7337755403826223	0.10192767418872749	99.66767469809548	102.70904747671241	0.0026532888229067303	1.0000998328432067
2.3173933983012214	1.8856979399839362	0.06793683426704143	0.7337755403826223	0.10192767418872749	99.66767469809548	102.70904747671241	0.0026532888229067303	1.0000998328432067
2.3173933983012214	1.8856979399839362	0.06793683426704143	0.7337755403826223	0.10192767418872749	99.66767469809548	102.70904747671241	0.0026532888229067303	1.0000998328432067
2.317414394635072	1.8856979399839362	0.06793683426704143	0.7337755403826223	0.10192767418872749	99.66767469809548	102.70904747671241	0.0026532888229067303	1.0000998328432067
2.317414394635072	1.8856979399839362	0.06793683426704143	0.7337755403826223	0.10192767418872749	99.6674728749157	102.70904747671241	0.0026532888229067303	1.0000998328432067
2.317414394635072	1.8856979399839362	0.06793683426704143	0.7337755403826223	0.10192767418872749	99.6674728749157	102.70904747671241	0.0026532888229067303	1.0000998328432067
2.317414394635072	1.8856979399839362	0.06793683426704143	0.7337755403826223	0.10192765512843079	99.6674728749157	102.70904747671241	0.0026532888229067303	1.0000998328432067
2.316980365680733	1.8856979399839362	0.06793683426704143	0.7337755403826223	0.10192765512843079	99.6674728749157	102.70904747671241	0.0026532888229067303	1.0000998328432067
2.316980365680733	1.8856979399839362	0.06793683426704143	0.7337755403826223	0.10192765512843079	99.6674728749157	102.70904747671241	0.0026532888229067303	1.0000998328432067
2.316980365680733	1.8856979399839362	0.06793683426704143	0.7337755403826223	0.10192765512843079	99.6674728749157	102.70904747671241	0.0026532888229067303	1.0000998328432067
2.316980365680733	1.8856979399839362	0.06793683426704143	0.7337764618770302	0.10192765512843079	99.6674728749157	102.70904747671241	0.0026532888229067303	1.0000998328432067
2.316980365680733	1.8856979399839362	0.06793683426704143	0.7337764618770302	0.10192765512843079	99.6674728749157	102.70904747671241	0.0026109526645641313	1.0000998328432067
2.316980365680733	1.8856979399839362	0.06793683426704143	0.7337468812305363	0.10192765512843079	99.6674728749157	102.70904747671241	0.0026109526645641313	1.0000998328432067
2.316980365680733	1.8854781208465812	0.06793683426704143	0.7337468812305363	0.10192765512843079	99.6674728749157	102.70904747671241	0.0026109526645641313	1.0000998328432067
2.316980365680733	1.8854781208465812	0.06793683426704143	0.7337468812305363	0.10192765512843079	99.6674728749157	102.70747662429973	0.0026109526645641313	1.0000998328432067
2.31726826599222	1.8854781208465812	0.06793683426704143	0.7337468812305363	0.10192765512843079	99.6674728749157	102.70747662429973	0.0026109526645641313	1.0000998328432067
2.31726826599222	1.8854781208465812	0.06793683426704143	0.7337468812305363	0.10192765512843079	99.6674728749157	102.70747662429973	0.0025520022103218375	1.0000998328432067
2.317120338168125	1.8854781208465812	0.06793683426704143	0.7337468812305363	0.10192765512843079	99.6674728749157	102.70747662429973	0.0025520022103218375	1.0000998328432067
2.317120338168125	1.8854781208465812	0.06793683426704143	0.7337468812305363	0.10192765512843079	99.6674728749157	102.70747662429973	0.0025520022103218375	1.0000998328432067
2.317120338168125	1.8854781208465812	0.06793683426704143	0.7337468812305363	0.10192765512843079	99.6674728749157	102.70747662429973	0.0025520022103218375	1.0000998328432067
2.317120338168125	1.8854781208465812	0.06793683426704143	0.7337468812305363	0.10192765512843079	99.6674728749157	102.70747662429973	0.0025520022103218375	1.0000998328432067
2.317120338168125	1.8854781208465812	0.06793683426704143	0.7337468812305363	0.10192765512843079	99.6674728749157	102.70747662429973	0.0025520022103218375	1.0000998328432067
2.317120338168125	1.8854781208465812	0.06793683426704143	0.7337468812305363	0.10192765512843079	99.6674728749157	102.70747662429973	0.0025520022103218375	1.0000998328432067
2.317120338168125	1.8854781208465812	0.06793683426704143	0.7337468812305363	0.10192765512843079	99.6674728749157	102.70747662429973	0.0025520022103218375	1.0000998328432067
2.317120338168125	1.8854781208465812	0.06793683426704143	0.7337468812305363	0.10192765512843079	99.6674728749157	102.70747662429973	0.0025520022103218375	1.0000998328432067
2.317120338168125	1.8854781208465812	0.06793683426704143	0.7337468812305363	0.10192765512843079	99.6674728749157	101.27492150811848	0.0025520022103218375	1.0000998328432067
2.317120338168125	1.8854781208465812	0.06793683426704143	0.7337468812305363	0.10192765512843079	99.6674728749157	101.27492150811848	0.0025520022103218375	1.0000996897184582
2.317120338168125	1.8854781208465812	0.06793683426704143	0.7337468812305363	0.10192765512843079	99.6674728749157	101.27492150811848	0.0025520022103218375	1.0000996897184582
2.317120338168125	1.885477023475182	0.06793683426704143	0.7337468812305363	0.10192765512843079	99.6674728749157	101.27492150811848	0.0025520022103218375	1.0000996897184582
2.317120338168125	1.885477023475182	0.06793683426704143	0.7337468812305363	0.10192765512843079	99.6674728749157	101.27492150811848	0.0025520022103218375	1.000100319363308
2.317120338168125	1.885477023475182	0.06793683426704143	0.7337468812305363	0.10192765512843079	99.6674728749157	101.27492150811848	0.0025520022103218375	1.000100319363308
2.317120338168125	1.885477023475182	0.06793683426704143	0.7337468812305363	0.10215852612825568	99.6674728749157	101.27492150811848	0.0025520022103218375	1.000100319363308
2.317120338168125	1.885477023475182	0.06793683426704143	0.7337468812305363	0.10215852612825568	99.6674728749157	101.27492150811848	0.0025520022103218375	1.000100319363308
2.317120338168125	1.885477023475182	0.06793683426704143	0.7337468812305363	0.10215852612825568	99.6674728749157	101.27492150811848	0.0025520022103218375	1.000100319363308
2.317120338168125	1.885477023475182	0.06793683426704143	0.7337468812305363	0.10215852612825568	99.6674728749157	101.27523886449093	0.0025520022103218375	1.000100319363308
2.317120338168125	1.885477023475182	0.06793683426704143	0.7337468812305363	0.10215852612825568	99.6674728749157	101.27510116055092	0.0025520022103218375	1.000100319363308
2.317120338168125	1.885477023475182	0.06793683426704143	0.7337468812305363	0.10215852612825568	99.6674728749157	101.27510116055092	0.0025520022103218375	1.000100319363308
2.317120338168125	1.885477023475182	0.06793683426704143	0.7337468812305363	0.10215852612825568	99.6674728749157	101.27510116055092	0.0025520022103218375	1.000100319363308
2.317120338168125	1.885477023475182	0.06795307338646639	0.7337468812305363	0.10215852612825568	99.6674728749157	101.27510116055092	0.0025520022103218375	1.000100319363308
2.317120338168125	1.8853578863880918	0.06795307338646639	0.7337468812305363	0.10215852612825568	99.6674728749157	101.27510116055092	0.0025520022103218375	1.000100319363308
2.317120338168125	1.8853578863880918	0.06795307338646639	0.7337468812305363	0.10215852612825568	99.6674728749157	101.27510116055092	0.0025520022103218375	1.000100319363308
2.317120338168125	1.8853578863880918	0.06795307338646639	0.7337468812305363	0.10215852612825568	99.6674728749157	101.27250661124896	0.0025520022103218375	1.000100319363308
2.317120338168125	1.8853578863880918	0.06795307338646639	0.7337468812305363	0.10215910393202471	99.6674728749157	101.27250661124896	0.0025520022103218375	1.000100319363308
2.317120338168125	1.8853578863880918	0.06795307338646639	0.7337468812305363	0.10215910393202471	99.6674728749157	101.27250661124896	0.0025520022103218375	1.000100319363308
2.317120338168125	1.8853578863880918	0.06795307338646639	0.7337468812305363	0.10215910393202471	99.67437787951646	101.27250661124896	0.0025520022103218375	1.000100319363308
2.317120338168125	1.8853578863880918	0.06795307338646639	0.7337468812305363	0.10215910393202471	99.67437787951646	101.27250661124896	0.0025520022103218375	1.000100319363308
2.317120338168125	1.885357356784144	0.06795307338646639	0.7337468812305363	0.10215910393202471	99.67437787951646	101.27250661124896	0.0025520022103218375	1.000100319363308
2.317120338168125	1.885357356784144	0.06795307338646639	0.7337468812305363	0.10215910393202471	99.67437787951646	101.27250661124896	0.0025520022103218375	1.000100319363308
2.317120338168125	1.885357356784144	0.06798305759556324	0.7337468812305363	0.10215910393202471	99.67437787951646	101.27250661124896	0.0025520022103218375	1.000100319363308
2.317120338168125	1.885357356784144	0.06798305759556324	0.7337468812305363	0.10215910393202471	99.67437787951646	101.27250661124896	0.0025520022103218375	1.000100319363308
2.317120338168125	1.8853579162824472	0.06798305759556324	0.7337468812305363	0.10215910393202471	99.67437787951646	101.27250661124896	0.0025520022103218375	1.000100319363308
2.317120338168125	1.8853579162824472	0.06798305759556324	0.7337966783792467	0.10215910393202471	99.67437787951646	101.27250661124896	0.0025520022103218375	1.000100319363308
2.317120338168125	1.8853579162824472	0.06798305759556324	0.7337966783792467	0.10215910393202471	99.66981706386089	101.27250661124896	0.0025520022103218375	1.000100319363308
2.317120338168125	1.8853579162824472	0.06798305759556324	0.7337966783792467	0.10215910393202471	99.66981706386089	101.27250661124896	0.0025520022103218375	1.000100319363308
2.317120338168125	1.8853579162824472	0.06798305759556324	0.7337966783792467	0.10222307389496432	99.66981706386089	101.27250661124896	0.0025520022103218375	1.000100319363308
2.317120338168125	1.8853579162824472	0.06798305759556324	0.7337966783792467	0.10221197436199048	99.66981706386089	101.27250661124896	0.0025520022103218375	1.000100319363308
2.317120338168125	1.8853579162824472	0.06798305759556324	0.7337562513826389	0.10221197436199048	99.66981706386089	101.27250661124896	0.0025520022103218375	1.000100319363308
2.317120338168125	1.8853578378236162	0.06798305759556324	0.7337562513826389	0.10221197436199048	99.66981706386089	101.27250661124896	0.0025520022103218375	1.000100319363308
2.317120338168125	1.885130120233775	0.06798305759556324	0.7337562513826389	0.10221197436199048	99.66981706386089	101.27250661124896	0.0025520022103218375	1.000100319363308
2.317120338168125	1.885130120233775	0.06798305759556324	0.7337562513826389	0.10221197436199048	99.66981706386089	101.27250661124896	0.0025520022103218375	1.000100819047612
2.317120338168125	1.885130120233775	0.06798305759556324	0.7337562513826389	0.10221321646042235	99.66981706386089	101.27250661124896	0.0025520022103218375	1.000100819047612
2.317120338168125	1.885130120233775	0.06798305759556324	0.7337562513826389	0.10221321646042235	99.66981706386089	100.31163988727879	0.0025520022103218375	1.000100819047612
2.317120338168125	1.885130120233775	0.06798305759556324	0.7337562513826389	0.10221321646042235	99.66981706386089	100.31163988727879	0.0025520022103218375	1.0000965753071656
2.317120338168125	1.885130120233775	0.06798305759556324	0.7337562513826389	0.10221337230430909	99.66981706386089	100.31163988727879	0.0025520022103218375	1.0000965753071656
2.317120361238352	1.885130120233775	0.06798305759556324	0.7337562513826389	0.10221337230430909	99.66981706386089	100.31163988727879	0.0025520022103218375	1.0000965753071656
2.317120361238352	1.885130120233775	0.06798305759556324	0.7337562513826389	0.10221337230430909	99.66981706386089	100.31163988727879	0.0025520022103218375	1.0000965753071656
2.317120361238352	1.885130120233775	0.06798305759556324	0.7337562513826389	0.10221337230430909	99.66981706386089	100.31163988727879	0.0025520022103218375	1.0000965753071656
2.3171225651889444	1.885130120233775	0.06798305759556324	0.7337562513826389	0.10221337230430909	99.66981706386089	100.31163988727879	0.0025520022103218375	1.0000965753071656
2.3171225651889444	1.885130120233775	0.06798305759556324	0.7337562513826389	0.10221337230430909	99.66981706386089	100.31163988727879	0.0025520022103218375	1.0000965753071656
2.3171225651889444	1.885130120233775	0.06798305759556324	0.7337562513826389	0.10221337230430909	99.66981706386089	100.31163988727879	0.00255204926075011	1.0000965753071656
2.3129021704485027	1.885130120233775	0.06798305759556324	0.7337562513826389	0.10221337230430909	99.66981706386089	100.31163988727879	0.00255204926075011	1.0000965753071656
2.3129021704485027	1.885130120233775	0.06798305759556324	0.7337562513826389	0.10221867972423045	99.66981706386089	100.31163988727879	0.00255204926075011	1.0000965753071656
2.3129020986599564	1.885130120233775	0.06798305759556324	0.7337562513826389	0.10221867972423045	99.66981706386089	100.31163988727879	0.00255204926075011	1.0000965753071656
2.3129020986599564	1.885130120233775	0.06798305759556324	0.7337859463543444	0.10221867972423045	99.66981706386089	100.31163988727879	0.00255204926075011	1.0000965753071656
2.3129020986599564	1.885130120233775	0.06798305759556324	0.7337859463543444	0.10221867972423045	99.66981706386089	100.31163988727879	0.002508880725991353	1.0000965753071656
2.3129020986599564	1.885130120233775	0.06798305759556324	0.7337859463543444	0.10221867972423045	99.66981706386089	100.31163988727879	0.002508880725991353	1.0000965753071656
2.3129020986599564	1.8851301209235618	0.06798305759556324	0.7337859463543444	0.10221867972423045	99.66981706386089	100.31163988727879	0.002508880725991353	1.0000965753071656
2.3129020986599564	1.8851301209235618	0.06798305759556324	0.7337859463543444	0.10221867972423045	99.66981706386089	100.31163988727879	0.002508880725991353	1.0000965753071656
2.3129020986599564	1.8851301209235618	0.06798305759556324	0.7337859463543444	0.10221867972423045	99.66981706386089	100.31163988727879	0.002508880725991353	1.0000965753071656
2.3129020986599564	1.8851301209235618	0.06798305759556324	0.7337859463543444	0.10221867972423045	99.66981706386089	100.31163988727879	0.002508880725991353	1.0000965753071656
2.3129020986599564	1.8851301209235618	0.06798305759556324	0.7337859463543444	0.10221867972423045	99.66981706386089	100.31163988727879	0.002508880725991353	1.0000965753071656
2.3129020986599564	1.8851301209235618	0.06798305759556324	0.7337859463543444	0.10221867972423045	99.66981706386089	100.31163988727879	0.002508880725991353	1.0000965753071656
2.3129020986599564	1.8851301209235618	0.06798305759556324	0.7337859463543444	0.10221867972423045	99.66981706386089	100.31163988727879	0.002508880725991353	1.0000965753071656
2.3129020986599564	1.8851301209235618	0.06798305759556324	0.7337859463543444	0.10221867972423045	99.66981706386089	100.31163988727879	0.002508880725991353	1.0000965753071656
2.3129020986599564	1.8851301209235618	0.06798305759556324	0.7346394125838079	0.10221867972423045	99.66981706386089	100.31163988727879	0.002508880725991353	1.0000965753071656
2.3129020986599564	1.8851301209235618	0.06798305759556324	0.7346394125838079	0.10221867972423045	99.66981706386089	100.31163988727879	0.002508880725991353	1.0000965753071656
2.3129020986599564	1.8851301209235618	0.06798305759556324	0.7346394125838079	0.10221867972423045	99.66981706386089	100.31163988727879	0.002508880725991353	1.0000965753071656
2.3129020986599564	1.8851301209235618	0.06798305759556324	0.7346394125838079	0.10221867972423045	99.66981706386089	100.31163988727879	0.002508880725991353	1.0000965753071656
2.3129020986599564	1.8851301209235618	0.06798305759556324	0.7346394125838079	0.10221867972423045	99.66981706386089	100.31163988727879	0.002508880725991353	1.0000965753071656
2.3129020986599564	1.8851301209235618	0.06798305759556324	0.7346394125838079	0.10221867972423045	99.66445664103597	100.31163988727879	0.002508880725991353	1.0000965753071656
2.313654627542464	1.8851301209235618	0.06798305759556324	0.7346394125838079	0.10221867972423045	99.66445664103597	100.31163988727879	0.002508880725991353	1.0000965753071656
2.313654627542464	1.8851301209235618	0.06798305759556324	0.7346394125838079	0.10221036559645505	99.66445664103597	100.31163988727879	0.002508880725991353	1.0000965753071656
2.313654627542464	1.8851301209235618	0.06798305759556324	0.7346394125838079	0.10221036559645505	99.66445664103597	100.30578838672619	0.002508880725991353	1.0000965753071656
2.313654627542464	1.8851301209235618	0.06798305759556324	0.7346394125838079	0.10221036559645505	99.66445664103597	100.30578838672619	0.002508880725991353	1.0000965753071656
2.313654627542464	1.8851301209235618	0.06798305759556324	0.7346394125838079	0.10221036559645505	99.66445664103597	100.30578838672619	0.002508880725991353	1.0000965753071656
2.313654627542464	1.8851301209235618	0.06798305759556324	0.734679633299672	0.10221036559645505	99.66445664103597	100.30578838672619	0.002508880725991353	1.0000965753071656
2.313654627542464	1.8851301209235618	0.06798305759556324	0.734679633299672	0.10221036559645505	99.66445664103597	100.30578838672619	0.0025092735589366216	1.0000965753071656
2.313654627542464	1.8851301209235618	0.06798305759556324	0.734679633299672	0.10221036559645505	99.66445664103597	100.30578838672619	0.002440688917651224	1.0000965753071656
2.313571465284885	1.8851301209235618	0.06798305759556324	0.734679633299672	0.10221036559645505	99.66445664103597	100.30578838672619	0.002440688917651224	1.0000965753071656
2.313571465284885	1.8851301209235618	0.06798305759556324	0.734679633299672	0.10221036559645505	99.66445664103597	100.30578838672619	0.002440688917651224	1.0000965753071656
2.313571465284885	1.8851301209235618	0.06798305759556324	0.734679633299672	0.10221036559645505	99.66445664103597	100.30578838672619	0.002440688917651224	1.0000965753071656
2.313571465284885	1.8851301209235618	0.06798305759556324	0.734679633299672	0.10221036559645505	99.66445664103597	100.30578838672619	0.002440688917651224	1.0000965753071656
2.313571465284885	1.8851301209235618	0.06798305759556324	0.734679633299672	0.10221036559645505	99.66445664103597	100.30578838672619	0.002440688917651224	1.0000965753071656
2.313571465284885	1.8851301209235618	0.06798305759556324	0.734679633299672	0.10221036559645505	99.66445664103597	100.30578838672619	0.002440688917651224	1.0000965753071656
2.313571465284885	1.8851301209235618	0.06798305759556324	0.734679633299672	0.10221036559645505	99.66445664103597	100.30578838672619	0.002440688917651224	1.0000965753071656
2.313571465284885	1.8851206826648808	0.06798305759556324	0.734679633299672	0.10221036559645505	99.66445664103597	100.30578838672619	0.002440688917651224	1.0000965753071656
2.313571465284885	1.8851206826648808	0.06798305759556324	0.734679633299672	0.10221036559645505	99.66445664103597	100.30578838672619	0.0024388393390286003	1.0000965753071656
2.313571465284885	1.8851193952505758	0.06798305759556324	0.734679633299672	0.10221036559645505	99.66445664103597	100.30578838672619	0.0024388393390286003	1.0000965753071656
2.313571465284885	1.8851193952505758	0.06798305759556324	0.734679633299672	0.10221036559645505	99.66445664103597	100.30578838672619	0.0024388393390286003	1.0000965753071656
2.313571465284885	1.8851193952505758	0.06798305759556324	0.734679633299672	0.10221036559645505	99.66445664103597	100.30578838672619	0.0024442513947809516	1.0000965753071656
2.313571465284885	1.8851193952505758	0.06798305759556324	0.734679633299672	0.10199634982440789	99.66445664103597	100.30578838672619	0.0024442513947809516	1.0000965753071656
2.313571465284885	1.8851193952505758	0.06798305759556324	0.7347160883691112	0.10199634982440789	99.66445664103597	100.30578838672619	0.0024442513947809516	1.0000965753071656
2.313571465284885	1.8851193952505758	0.06798305759556324	0.7347160883691112	0.10199634982440789	99.55908537191473	100.30578838672619	0.0024442513947809516	1.0000965753071656
2.313571465284885	1.8851193952505758	0.06798305759556324	0.7347160883691112	0.10199634982440789	99.55861702779173	100.30578838672619	0.0024442513947809516	1.0000965753071656
2.313571465284885	1.8851193952505758	0.06798305759556324	0.7347160883691112	0.10199634982440789	99.55861702779173	100.30578838672619	0.0024442513947809516	1.0000965753071656
2.313571465284885	1.8851193952505758	0.06798305759556324	0.7347160883691112	0.10199647599672991	99.55861702779173	100.30578838672619	0.0024442513947809516	1.0000965753071656
2.313571465284885	1.8851193952505758	0.06798305759556324	0.7347160883691112	0.10199647599672991	99.55861702779173	100.30578838672619	0.0024442513947809516	1.0000965753071656
2.313571465284885	1.8851193952505758	0.06798305759556324	0.7347160883691112	0.10199647599672991	99.55861702779173	100.30578838672619	0.0024442513947809516	1.0000966006835181
2.313571465284885	1.8851193952505758	0.06798305759556324	0.7347160883691112	0.10199647599672991	99.55861702779173	100.30578838672619	0.0024442513947809516	1.0000966006835181
2.313571465284885	1.8851193952505758	0.06798305759556324	0.7347160883691112	0.10199647599672991	99.55861702779173	100.30578838672619	0.0024442513947809516	1.0000966006835181
2.313571465284885	1.8851193952505758	0.06798305759556324	0.7347160883691112	0.10199647599672991	99.55861702779173	100.30578838672619	0.0024442513947809516	1.0000966006835181
2.313571465284885	1.8851193952505758	0.06798305759556324	0.7347160883691112	0.10199647599672991	99.55861702779173	100.33884338131165	0.0024442513947809516	1.0000966006835181
2.313571465284885	1.8851193952505758	0.06798305759556324	0.7347275217722535	0.10199647599672991	99.55861702779173	100.33884338131165	0.0024442513947809516	1.0000966006835181
2.313571465284885	1.8851193952505758	0.06798305759556324	0.7347275217722535	0.10199647599672991	99.55861702779173	100.33884338131165	0.0024441037422559295	1.0000966006835181
2.313571465284885	1.8851193952505758	0.06798305759556324	0.7347275217722535	0.10199647599672991	99.55861702779173	100.33884338131165	0.0024441037422559295	1.0000966006835181
2.313571465284885	1.8851193952505758	0.06798305759556324	0.7347275217722535	0.10199647599672991	99.55861702779173	100.33884338131165	0.0024441037422559295	1.0000966006835181
2.313571465284885	1.8851193952505758	0.06798305759556324	0.7347275217722535	0.10128863653049028	99.55861702779173	100.33884338131165	0.0024441037422559295	1.0000966006835181
2.313571465284885	1.8851193952505758	0.06798305759556324	0.7347275217722535	0.10128863653049028	99.55861702779173	100.33884338131165	0.0024441037422559295	1.0000966006835181
2.313571465284885	1.8851193952505758	0.06798305759556324	0.7347275217722535	0.10128863653049028	99.55861702779173	100.33884338131165	0.0024441037422559295	1.0000966006835181
2.313571465284885	1.8851193952505758	0.06798305759556324	0.7347275217722535	0.10128863653049028	99.55861702779173	100.33881328210572	0.0024441037422559295	1.0000966006835181
2.313571465284885	1.8851193952505758	0.06798305759556324	0.7347275217722535	0.10128863653049028	99.55861702779173	100.33881328210572	0.0024441037422559295	1.0000964278087592
2.313571465284885	1.8851193952505758	0.06798305759556324	0.7347275217722535	0.10128863653049028	99.55861702779173	100.33881328210572	0.0024459088307872464	1.0000964278087592
2.313571465284885	1.8851193952505758	0.06798305759556324	0.7347275217722535	0.10128863653049028	99.55861702779173	100.33881328210572	0.0024459088307872464	1.0000964278087592
2.313571465284885	1.8851193952505758	0.06798305759556324	0.7347275217722535	0.10128863653049028	99.55861702779173	100.33881328210572	0.0024459088307872464	1.0000964278087592
2.313571465284885	1.8851193952505758	0.06798305759556324	0.7347275217722535	0.1011909789036769	99.55861702779173	100.33881328210572	0.0024459088307872464	1.0000964278087592
2.313571465284885	1.8851193952505758	0.06798305759556324	0.7347275217722535	0.1011909789036769	99.60185818323218	100.33881328210572	0.0024459088307872464	1.0000964278087592
2.313571465284885	1.8851193952505758	0.06798305759556324	0.7347275217722535	0.1011909789036769	99.60185818323218	100.33881328210572	0.0024458396832217205	1.0000964278087592
2.313571465284885	1.8851193952505758	0.06798305759556324	0.7347275217722535	0.1011909789036769	99.60185818323218	100.33881328210572	0.0024458396832217205	1.0000964278087592
2.313571465284885	1.8851193952505758	0.06798305759556324	0.7347275217722535	0.1011909789036769	99.60185818323218	100.33881328210572	0.0024458396832217205	1.0000964278087592
2.313571465284885	1.8851193952505758	0.06798305759556324	0.7347275217722535	0.10122569771830014	99.60185818323218	100.33881328210572	0.0024458396832217205	1.0000964278087592
2.313571465284885	1.8851193952505758	0.06797612987620127	0.7347275217722535	0.10122569771830014	99.60185818323218	100.33881328210572	0.0024458396832217205	1.0000964278087592
2.313571465284885	1.8851193952505758	0.06797612987620127	0.7347275217722535	0.1012227820722315	99.60185818323218	100.33881328210572	0.0024458396832217205	1.0000964278087592
2.313571465284885	1.8851193952505758	0.06797612987620127	0.7347275217722535	0.10181706851500678	99.60185818323218	100.33881328210572	0.0024458396832217205	1.0000964278087592
2.313571465284885	1.8851193952505758	0.06797612987620127	0.7347275217722535	0.10181706851500678	99.60185818323218	100.33881328210572	0.0024458396832217205	1.0000958327648732
2.313571465284885	1.8851193952505758	0.06797612987620127	0.7347275217722535	0.10181706851500678	99.60185818323218	100.33881328210572	0.0024458396832217205	1.0000958327648732
2.313571465284885	1.8851193952505758	0.06797612987620127	0.7347275217722535	0.10181706851500678	99.60185818323218	100.33881328210572	0.0024458396832217205	1.0000958327648732
2.3095564961166954	1.8851193952505758	0.06797612987620127	0.7347275217722535	0.10181706851500678	99.60185818323218	100.33881328210572	0.0024458396832217205	1.0000958327648732
2.3095564961166954	1.8851193952505758	0.06797612987620127	0.7347275217722535	0.10181706851500678	99.60185818323218	100.33881328210572	0.0024458396832217205	1.0000958327648732
2.3095564961166954	1.8851193952505758	0.06797612987620127	0.7347275217722535	0.10181706851500678	99.60185818323218	100.33881328210572	0.0024458396832217205	1.0000958327648732
2.3095785256198282	1.8851193952505758	0.06797612987620127	0.7347275217722535	0.10181706851500678	99.60185818323218	100.33881328210572	0.0024458396832217205	1.0000958327648732
2.309520088066272	1.8851193952505758	0.06797612987620127	0.7347275217722535	0.10181706851500678	99.60185818323218	100.33881328210572	0.0024458396832217205	1.0000958327648732
2.309520088066272	1.8851231465717244	0.06797612987620127	0.7347275217722535	0.10181706851500678	99.60185818323218	100.33881328210572	0.0024458396832217205	1.0000958327648732
2.309520088066272	1.8851231465717244	0.06797612987620127	0.7347275217722535	0.10181278958057732	99.60185818323218	100.33881328210572	0.0024458396832217205	1.0000958327648732
2.309520088066272	1.8851231465717244	0.06797612987620127	0.7347275217722535	0.10181278958057732	99.60185818323218	100.33881328210572	0.0024458396832217205	1.0000958327648732
2.309520088066272	1.8851231465717244	0.06797612987620127	0.7347275217722535	0.10181278958057732	99.60185818323218	100.33881328210572	0.0024458272927986285	1.0000958327648732
2.309520088066272	1.8851231465717244	0.06797612987620127	0.7347275217722535	0.10181278958057732	99.60185818323218	100.33881328210572	0.002451505409775105	1.0000958327648732
2.309520088066272	1.8851231465717244	0.06797612987620127	0.7347275217722535	0.10181278958057732	99.60185818323218	100.33881328210572	0.002451505409775105	1.0000958327648732
2.309520088066272	1.8851231465717244	0.06797612987620127	0.7347275217722535	0.10181321608990894	99.60185818323218	100.33881328210572	0.002451505409775105	1.0000958327648732
2.309520088066272	1.8851880230579068	0.06797612987620127	0.7347275217722535	0.10181321608990894	99.60185818323218	100.33881328210572	0.002451505409775105	1.0000958327648732
2.309520088066272	1.8851880230579068	0.06797612987620127	0.7347275217722535	0.10181321608990894	99.60185818323218	100.33881328210572	0.002451505409775105	1.0000958327648732
2.309520088066272	1.8851880230579068	0.06797612987620127	0.7347275217722535	0.10181321608990894	99.60185818323218	100.33881328210572	0.002451408808266407	1.0000958327648732
2.309520088066272	1.8851880230579068	0.06797612987620127	0.7346323468796053	0.10181321608990894	99.60185818323218	100.33881328210572	0.002451408808266407	1.0000958327648732
2.309520088066272	1.8851880230579068	0.06797612987620127	0.7346323468796053	0.10181321608990894	99.60185818323218	100.33881328210572	0.002451408808266407	1.0000958327648732
