2.109720442609952	1.9066307090093497	0.06764498564614055	0.7628667690822023	0.10032122009878593	97.87752878399394	109.17689313245384	0.0021987862889765388	1.000103871254912
2.109720442609952	1.9066307090093497	0.06764498564614055	0.7628667690822023	0.10032122009878593	97.87752878399394	109.17689313245384	0.0021987862889765388	1.000103871254912
2.109720442609952	1.9066307090093497	0.06764498564614055	0.7628667690822023	0.10032122009878593	97.87752878399394	109.17689313245384	0.00218525069029138	1.000103871254912
2.109720442609952	1.9066307090093497	0.06764498564614055	0.7628667690822023	0.10032122009878593	97.87752878399394	109.17689313245384	0.002214794363709139	1.000103871254912
2.109720442609952	1.9066307090093497	0.06764498564614055	0.7628667690822023	0.10032122009878593	97.87752878399394	109.17689313245384	0.002214794363709139	1.000103871254912
2.109720442609952	1.9066307090093497	0.06764498564614055	0.7628744229255683	0.10032122009878593	97.87752878399394	109.17689313245384	0.002214794363709139	1.000103871254912
2.109720442609952	1.9066307090093497	0.06764498564614055	0.7628744229255683	0.10032120428330144	97.87752878399394	109.17689313245384	0.002214794363709139	1.000103871254912
2.109720442609952	1.9066307090093497	0.06764498564614055	0.7628744229255683	0.10032120428330144	97.87752878399394	109.78409737224231	0.002214794363709139	1.000103871254912
2.109720442609952	1.9066307090093497	0.067644249346623	0.7628744229255683	0.10032120428330144	97.87752878399394	109.78409737224231	0.002214794363709139	1.000103871254912
2.109720442609952	1.9066307090093497	0.067644249346623	0.7628744229255683	0.10032120428330144	97.87752878399394	109.78409737224231	0.002214794363709139	1.000103871254912
2.109720442609952	1.9066307090093497	0.067644249346623	0.7628744229255683	0.10032120428330144	97.87752878399394	109.78409737224231	0.002214794363709139	1.000103871254912
2.109720442609952	1.9066307090093497	0.067644249346623	0.7628744229255683	0.10032120428330144	97.87752878399394	109.78409737224231	0.002214794363709139	1.000103871254912
2.109720442609952	1.9066307090093497	0.067644249346623	0.7628744229255683	0.10032120428330144	97.87752878399394	109.78409737224231	0.002214794363709139	1.000103871254912
2.109720442609952	1.9066307090093497	0.067644249346623	0.7628744229255683	0.10070653327377932	97.87752878399394	109.78409737224231	0.002214794363709139	1.000103871254912
2.109720442609952	1.9066307090093497	0.067644249346623	0.7628744229255683	0.10070653327377932	97.87752878399394	109.78409737224231	0.002214794363709139	1.000103871254912
2.109720442609952	1.9066307090093497	0.067644249346623	0.7628744229255683	0.10070653327377932	97.87752369513329	109.78409737224231	0.002214794363709139	1.000103871254912
2.109720442609952	1.9066307090093497	0.067644249346623	0.7628744229255683	0.10070653327377932	97.87752369513329	109.78409737224231	0.002214794363709139	1.000103871254912
2.109720442609952	1.9066307090093497	0.067644249346623	0.7628744229255683	0.10070653327377932	97.87752369513329	109.78409737224231	0.002214794363709139	1.000103871254912
2.109720442609952	1.9066307090093497	0.067644249346623	0.7628744229255683	0.10070653327377932	97.87752369513329	109.78409737224231	0.002214794363709139	1.000103871254912
2.109720442609952	1.9066307090093497	0.067644249346623	0.7628744229255683	0.10070653327377932	97.87752369513329	109.78409737224231	0.002214794363709139	1.000103871254912
2.109720442609952	1.9066307090093497	0.067644249346623	0.7628744229255683	0.10070653327377932	97.87752369513329	109.78409737224231	0.002214794363709139	1.000103871254912
2.109720442609952	1.9066307090093497	0.067644249346623	0.7628607632003015	0.10070653327377932	97.87752369513329	109.78409737224231	0.002214794363709139	1.000103871254912
2.109720442609952	1.9066307090093497	0.067644249346623	0.7628607632003015	0.10070653327377932	97.87752369513329	109.78409737224231	0.002214794363709139	1.000103871254912
2.109720442609952	1.9066307090093497	0.067644249346623	0.7628607632003015	0.1007065486079861	97.87752369513329	109.78409737224231	0.002214794363709139	1.000103871254912
2.109720442609952	1.9066307090093497	0.067644249346623	0.7628607632003015	0.1007065486079861	97.87752369513329	109.78409737224231	0.002214794363709139	1.000103871254912
2.109720442609952	1.9066307090093497	0.067644249346623	0.7628607632003015	0.1007065486079861	97.8769999041684	109.78409737224231	0.002214794363709139	1.000103871254912
2.109720442609952	1.9066307090093497	0.067644249346623	0.7628607632003015	0.1007065178310404	97.8769999041684	109.78409737224231	0.002214794363709139	1.000103871254912
2.109720442609952	1.9066307090093497	0.067644249346623	0.7628607632003015	0.1007065178310404	97.8769999041684	109.78409737224231	0.002214794363709139	1.000103871254912
2.109720442609952	1.9066307090093497	0.067644249346623	0.7628607632003015	0.1007065178310404	97.8769999041684	109.78409737224231	0.0022148141942305143	1.000103871254912
2.109720442609952	1.9066307090093497	0.067644249346623	0.7628607632003015	0.1007065178310404	97.8769999041684	109.78409737224231	0.0022148141942305143	1.000103871254912
2.109720442609952	1.906306062537842	0.067644249346623	0.7628607632003015	0.1007065178310404	97.8769999041684	109.78409737224231	0.0022148141942305143	1.000103871254912
2.109720442609952	1.906306062537842	0.067644249346623	0.7628607632003015	0.1007065178310404	97.8769999041684	109.78409737224231	0.0022148141942305143	1.000103871254912
2.109720442609952	1.906306062537842	0.067644249346623	0.7628607632003015	0.1007065178310404	97.8769999041684	109.78409737224231	0.0022148141942305143	1.000103871254912
2.109720442609952	1.906306062537842	0.067644249346623	0.7628607632003015	0.1007065178310404	97.8769999041684	109.78409737224231	0.0022148141942305143	1.000103871254912
2.109720442609952	1.906306062537842	0.067644249346623	0.7628607632003015	0.1007065178310404	97.8769999041684	109.78409737224231	0.0022148141942305143	1.000103871254912
2.109720172388817	1.906306062537842	0.067644249346623	0.7628607632003015	0.1007065178310404	97.8769999041684	109.78409737224231	0.0022148141942305143	1.000103871254912
2.109720172388817	1.906306062537842	0.067644249346623	0.7628607632003015	0.1007065178310404	97.8769999041684	109.78409737224231	0.0022148141942305143	1.000103871254912
2.109720172388817	1.906306062537842	0.067644249346623	0.7628607632003015	0.1007065178310404	97.8769999041684	109.78409737224231	0.0022124532232809676	1.000103871254912
2.109720172388817	1.906306062537842	0.067644249346623	0.7628607632003015	0.1007065178310404	97.8769999041684	109.78409737224231	0.0022124532232809676	1.000103871254912
2.109720172388817	1.906306062537842	0.067644249346623	0.7628607632003015	0.1007065178310404	97.8769999041684	109.78409737224231	0.0022124532232809676	1.000103871254912
2.109720172388817	1.906306062537842	0.067644249346623	0.7628607632003015	0.10070649947847148	97.8769999041684	109.78409737224231	0.0022124532232809676	1.000103871254912
2.109720172388817	1.906306062537842	0.067644249346623	0.7628607632003015	0.10070649947847148	97.8769999041684	109.78479200648056	0.0022124532232809676	1.000103871254912
2.109720172388817	1.906306062537842	0.067644249346623	0.7628607632003015	0.10070649947847148	97.8769999041684	108.92396559607892	0.0022124532232809676	1.000103871254912
2.109720172388817	1.906306062537842	0.067644249346623	0.7628607632003015	0.10070649947847148	97.8769999041684	108.92396559607892	0.0022124532232809676	1.000103871254912
2.109720172388817	1.9063065304823625	0.067644249346623	0.7628607632003015	0.10070649947847148	97.8769999041684	108.92396559607892	0.0022124532232809676	1.000103871254912
2.109720172388817	1.9063065304823625	0.067644249346623	0.7628607632003015	0.10070649947847148	97.8769999041684	108.92396559607892	0.0022124532232809676	1.000103871254912
2.109720172388817	1.9063065304823625	0.067644249346623	0.7628607632003015	0.10070649947847148	97.8769999041684	108.92396559607892	0.002211292408043548	1.000103871254912
2.109720172388817	1.9063065304823625	0.067644249346623	0.7628607632003015	0.10070649947847148	97.8769999041684	108.92396559607892	0.002211292408043548	1.000103871254912
2.109720172388817	1.9063065304823625	0.067644249346623	0.7628607632003015	0.10070649947847148	97.8769999041684	108.92396559607892	0.002033195385070542	1.000103871254912
2.109720172388817	1.9063065304823625	0.06774829215580375	0.7628607632003015	0.10070649947847148	97.8769999041684	108.92396559607892	0.002033195385070542	1.000103871254912
2.109720172388817	1.9063065304823625	0.06774829215580375	0.7628607632003015	0.10070649947847148	97.8769999041684	108.92396559607892	0.002033195385070542	1.000103871254912
2.109720172388817	1.9063065304823625	0.06774829215580375	0.7628607632003015	0.10070649947847148	97.8769999041684	108.92396559607892	0.002033195385070542	1.000103871254912
2.109720172388817	1.9063065304823625	0.06774829215580375	0.7628607632003015	0.10070649947847148	97.8769999041684	108.92396559607892	0.002033195385070542	1.000103871254912
2.109720172388817	1.9063258354961161	0.06774829215580375	0.7628607632003015	0.10070649947847148	97.8769999041684	108.92396559607892	0.002033195385070542	1.000103871254912
2.109720172388817	1.9063258354961161	0.06774829215580375	0.7628607632003015	0.10070649947847148	97.8769999041684	108.92396559607892	0.002033195385070542	1.000103871254912
2.109720172388817	1.9057469210441118	0.06774829215580375	0.7628607632003015	0.10070649947847148	97.8769999041684	108.92396559607892	0.002033195385070542	1.000103871254912
2.109720172388817	1.9057469210441118	0.06774829215580375	0.7628607632003015	0.10070649947847148	97.8769999041684	108.92918543201726	0.002033195385070542	1.000103871254912
2.109720172388817	1.9057469210441118	0.06774829215580375	0.7628629582781561	0.10070649947847148	97.8769999041684	108.92918543201726	0.002033195385070542	1.000103871254912
2.109720172388817	1.9057469210441118	0.06774829215580375	0.7628629582781561	0.10070649947847148	97.8769999041684	108.92918543201726	0.002033195385070542	1.000103871254912
2.109720172388817	1.9057469210441118	0.06774829215580375	0.7628629582781561	0.10070649947847148	97.8769999041684	108.85544314739512	0.002033195385070542	1.000103871254912
2.109720172388817	1.9057469210441118	0.06774829215580375	0.7628629582781561	0.10070649947847148	97.87697461633526	108.85544314739512	0.002033195385070542	1.000103871254912
2.109720172388817	1.9057469210441118	0.06774829215580375	0.7628629582781561	0.10070649947847148	97.87697461633526	108.85544314739512	0.002033195385070542	1.000103871254912
2.109720172388817	1.9057469210441118	0.06774829215580375	0.7628629582781561	0.10070649947847148	97.87697461633526	108.85544314739512	0.002033195385070542	1.0001023116395744
2.109720172388817	1.9057469210441118	0.06774829215580375	0.7628629582781561	0.10070649947847148	97.87699162826897	108.85544314739512	0.002033195385070542	1.0001023116395744
2.109720172388817	1.9057469210441118	0.06774829215580375	0.7628629582781561	0.10070649947847148	97.87699162826897	108.85544314739512	0.002033195385070542	1.0001023116395744
2.109720172388817	1.9057469210441118	0.06774829215580375	0.7628629582781561	0.10070649947847148	97.87699162826897	108.85544314739512	0.002033195385070542	1.0001023116395744
2.109732662661198	1.9057469210441118	0.06774829215580375	0.7628629582781561	0.10070649947847148	97.87699162826897	108.85544314739512	0.002033195385070542	1.0001023116395744
2.109732662661198	1.9062221251405218	0.06774829215580375	0.7628629582781561	0.10070649947847148	97.87699162826897	108.85544314739512	0.002033195385070542	1.0001023116395744
2.109732662661198	1.9062221251405218	0.06774829215580375	0.7628629582781561	0.10070649947847148	97.87699162826897	108.85544314739512	0.002033195385070542	1.0001023116395744
2.109732662661198	1.9062221251405218	0.06774829215580375	0.7630219062374757	0.10070649947847148	97.87699162826897	108.85544314739512	0.002033195385070542	1.0001023116395744
2.109732662661198	1.9062221251405218	0.06774829215580375	0.7630219062374757	0.10070649947847148	97.88542293201144	108.85544314739512	0.002033195385070542	1.0001023116395744
2.109732662661198	1.906118776751545	0.06774829215580375	0.7630219062374757	0.10070649947847148	97.88542293201144	108.85544314739512	0.002033195385070542	1.0001023116395744
2.109732662661198	1.906118776751545	0.06774829215580375	0.7630219062374757	0.10070649947847148	97.88542293201144	108.85544314739512	0.002468109747428205	1.0001023116395744
2.109732662661198	1.906118776751545	0.06774829215580375	0.7630219062374757	0.10070649947847148	97.88542293201144	108.13308880205221	0.002468109747428205	1.0001023116395744
2.109732662661198	1.906118776751545	0.06774829215580375	0.7630219062374757	0.10070636388375563	97.88542293201144	108.13308880205221	0.002468109747428205	1.0001023116395744
2.109732662661198	1.906118776751545	0.06774829215580375	0.7630219062374757	0.10070636388375563	97.88542293201144	108.13308880205221	0.002468109747428205	1.0001023116395744
2.109732662661198	1.906118776751545	0.06774829215580375	0.7630219062374757	0.10070636388375563	97.8864799953377	108.13308880205221	0.002468109747428205	1.0001023116395744
2.109732662661198	1.906118776751545	0.06774829215580375	0.7630219062374757	0.10070636388375563	97.8864799953377	108.13308880205221	0.002468109747428205	1.0001023116395744
2.109732662661198	1.906118776751545	0.06774829215580375	0.7630219062374757	0.10070636388375563	97.88764302964327	108.13308880205221	0.002468109747428205	1.0001023116395744
2.109732662661198	1.906118776751545	0.06774829215580375	0.7630219062374757	0.10070636388375563	97.88764302964327	108.13308880205221	0.002468109747428205	1.0001023116395744
2.1098084371729273	1.906118776751545	0.06774829215580375	0.7630219062374757	0.10070636388375563	97.88764302964327	108.13308880205221	0.002468109747428205	1.0001023116395744
2.1098084371729273	1.906118776751545	0.06774829215580375	0.7630219062374757	0.10070636388375563	97.88764302964327	108.13308880205221	0.002468109747428205	1.0001023116395744
2.1098084371729273	1.906118776751545	0.06774829215580375	0.7630219062374757	0.10070636388375563	97.88764302964327	108.12884321567846	0.002468109747428205	1.0001023116395744
2.1098084371729273	1.906118776751545	0.06774829215580375	0.7630219062374757	0.10070636388375563	97.88764302964327	108.12884321567846	0.002468109747428205	1.0001023116395744
2.1098084371729273	1.906118776751545	0.06774829215580375	0.7630219062374757	0.10070636388375563	97.88764302964327	108.12884321567846	0.002468109747428205	1.0001023116395744
2.1097857160306495	1.906118776751545	0.06774829215580375	0.7630219062374757	0.10070636388375563	97.88764302964327	108.12884321567846	0.002468109747428205	1.0001023116395744
2.1097857160306495	1.906118776751545	0.06774829215580375	0.7630219062374757	0.10070636388375563	97.88764302964327	108.26742727238174	0.002468109747428205	1.0001023116395744
2.1097857160306495	1.906118776751545	0.06774829215580375	0.7630219062374757	0.10070636388375563	97.88764302964327	108.26742727238174	0.002459729997834977	1.0001023116395744
2.1097857160306495	1.906118776751545	0.06774829215580375	0.7630219062374757	0.10070636388375563	97.88764302964327	108.26742727238174	0.002459729997834977	1.0001023116395744
2.1097857160306495	1.906118776751545	0.06774829215580375	0.7630219062374757	0.10070636388375563	97.88764302964327	108.26742727238174	0.002459729997834977	1.0001023116395744
2.1097857160306495	1.906118776751545	0.06774829215580375	0.7630219062374757	0.10070636388375563	97.88764302964327	108.26742727238174	0.002459729997834977	1.0001023116395744
2.1097857160306495	1.906118776751545	0.06774829215580375	0.7630219062374757	0.10070636388375563	97.88764302964327	108.26742727238174	0.002459729997834977	1.0001023116395744
2.1097857160306495	1.906118776751545	0.06774829215580375	0.7630219062374757	0.10070649075486877	97.88764302964327	108.26742727238174	0.002459729997834977	1.0001023116395744
2.1097857160306495	1.906118776751545	0.06774829215580375	0.7630219062374757	0.10070649075486877	97.88764302964327	108.26742727238174	0.002459729997834977	1.0001023116395744
2.1097857160306495	1.906118776751545	0.06774829215580375	0.7630219062374757	0.10070649075486877	97.88764302964327	108.23558963108589	0.002459729997834977	1.0001023116395744
2.1097857160306495	1.906118776751545	0.06774829215580375	0.7630219062374757	0.10070649075486877	97.88764302964327	108.23558963108589	0.002459729997834977	1.0001023116395744
2.1097857160306495	1.906118776751545	0.06774829215580375	0.7630219062374757	0.10070649075486877	97.88764302964327	108.23638455684994	0.002459729997834977	1.0001023116395744
2.1097857160306495	1.906118776751545	0.06774829215580375	0.7630219062374757	0.10070649075486877	97.88764302964327	108.23638455684994	0.002459729997834977	1.0001023116395744
2.1097857160306495	1.906118776751545	0.06774829215580375	0.7630219062374757	0.10070649075486877	97.88764302964327	108.18488051210679	0.002459729997834977	1.0001023116395744
2.1097857160306495	1.906118776751545	0.06774829215580375	0.7630219062374757	0.10070649075486877	97.88764302964327	108.18488051210679	0.002459729997834977	1.0001023116395744
2.1097857160306495	1.906118776751545	0.06774829215580375	0.7630219062374757	0.10070649075486877	97.88764302964327	108.18488051210679	0.002459729997834977	1.0001023116395744
2.1097857160306495	1.906118776751545	0.06774829215580375	0.7630219062374757	0.10070649075486877	97.88764302964327	108.18488051210679	0.002459729997834977	1.0001023116395744
2.1097857160306495	1.906118776751545	0.06774829215580375	0.7630219062374757	0.10070649075486877	97.88764302964327	108.18488051210679	0.002459729997834977	1.0001023116395744
2.1097857160306495	1.906118776751545	0.06774829215580375	0.7630219062374757	0.10070649075486877	97.88764302964327	108.18488051210679	0.002459729997834977	1.0001023116395744
2.1097857160306495	1.906118776751545	0.06774829215580375	0.7630219062374757	0.10070649075486877	97.88631784445388	108.18488051210679	0.002459729997834977	1.0001023116395744
2.1097857160306495	1.9062111592287596	0.06774829215580375	0.7630219062374757	0.10070649075486877	97.88631784445388	108.18488051210679	0.002459729997834977	1.0001023116395744
2.1097857160306495	1.9062111592287596	0.06774829215580375	0.7630219062374757	0.10070649075486877	97.88631784445388	108.18488051210679	0.002459729997834977	1.0001023116395744
2.1097857160306495	1.9062111592287596	0.06774829215580375	0.7630219062374757	0.10070649075486877	97.88631784445388	108.18488051210679	0.002459729997834977	1.0001023116395744
2.1097857160306495	1.9062111592287596	0.06774829215580375	0.7630219062374757	0.10070649075486877	97.88631784445388	108.18488051210679	0.002459729997834977	1.0001023116395744
2.1097857160306495	1.9062111592287596	0.06774829215580375	0.7630219062374757	0.10070649075486877	97.88631784445388	108.18488051210679	0.002459729997834977	1.0001023116395744
2.1097857160306495	1.9062111592287596	0.06774829215580375	0.7630219062374757	0.10070649075486877	97.88631784445388	108.18488051210679	0.002459729997834977	1.0001023116395744
2.1097857160306495	1.9060906879012096	0.06774829215580375	0.7630219062374757	0.10070649075486877	97.88631784445388	108.18488051210679	0.002459729997834977	1.0001023116395744
2.1097857160306495	1.9060906879012096	0.06774829215580375	0.7630723231572358	0.10070649075486877	97.88631784445388	108.18488051210679	0.002459729997834977	1.0001023116395744
2.1097857160306495	1.9063113180323656	0.06774829215580375	0.7630723231572358	0.10070649075486877	97.88631784445388	108.18488051210679	0.002459729997834977	1.0001023116395744
2.1097857160306495	1.9063113180323656	0.06774829215580375	0.7630497818642472	0.10070649075486877	97.88631784445388	108.18488051210679	0.002459729997834977	1.0001023116395744
2.1097857160306495	1.9063113180323656	0.06774829215580375	0.7630497818642472	0.10070649075486877	97.89666846704738	108.18488051210679	0.002459729997834977	1.0001023116395744
2.1097857160306495	1.9063113180323656	0.06774829215580375	0.7630497818642472	0.10070649075486877	97.89666846704738	108.18488051210679	0.002459729997834977	1.0001023116395744
2.1097857160306495	1.9063049180157616	0.06774829215580375	0.7630497818642472	0.10070649075486877	97.89666846704738	108.18488051210679	0.002459729997834977	1.0001023116395744
2.1097857160306495	1.9063049180157616	0.06774829215580375	0.7630497818642472	0.10070649075486877	97.89666846704738	108.18482399662568	0.002459729997834977	1.0001023116395744
2.1097857160306495	1.9063049180157616	0.06774829215580375	0.7630497818642472	0.10070649075486877	97.89666846704738	108.18463955156714	0.002459729997834977	1.0001023116395744
2.1097857160306495	1.9063049180157616	0.06774829215580375	0.7630497818642472	0.10070649075486877	97.8999250695513	108.18463955156714	0.002459729997834977	1.0001023116395744
2.1097857160306495	1.9063049180157616	0.06774829215580375	0.7630497818642472	0.10070649075486877	97.8999250695513	108.18463955156714	0.002459729997834977	1.0001023116395744
2.1097857160306495	1.9063049180157616	0.06774829215580375	0.7630497818642472	0.10070649075486877	97.8999250695513	108.18463955156714	0.002459729997834977	1.0001023116395744
2.1097857160306495	1.9063049180157616	0.06774829215580375	0.7630497818642472	0.10070649075486877	97.8999250695513	108.18463955156714	0.002459729997834977	1.0001023116395744
2.1097857160306495	1.9063049180157616	0.06774829215580375	0.7630497818642472	0.10070649075486877	97.8999250695513	108.18463955156714	0.002459729997834977	1.0001023116395744
2.1097857160306495	1.9063049180157616	0.06774829215580375	0.7630497818642472	0.10070649075486877	97.8999250695513	108.18463955156714	0.002459729997834977	1.0001023116395744
2.1097857160306495	1.9062690389219035	0.06774829215580375	0.7630497818642472	0.10070649075486877	97.8999250695513	108.18463955156714	0.002459729997834977	1.0001023116395744
2.1097857160306495	1.9062690389219035	0.06774829215580375	0.7630497818642472	0.10070649075486877	97.8999250695513	108.18463955156714	0.002459729997834977	1.0001023116395744
2.1097857160306495	1.9062690389219035	0.06774829215580375	0.7630497818642472	0.10070649075486877	97.8999250695513	108.18463955156714	0.002453557470642485	1.0001023116395744
2.1097857160306495	1.9062690389219035	0.06774829215580375	0.7630497818642472	0.10070649075486877	97.89981618391222	108.18463955156714	0.002453557470642485	1.0001023116395744
2.1097857160306495	1.9062690389219035	0.06774829215580375	0.7630497818642472	0.10070649075486877	97.89981618391222	108.18463955156714	0.002453557470642485	1.0001023116395744
2.1097857160306495	1.9062690389219035	0.06774829215580375	0.7630497818642472	0.10070627261574938	97.89981618391222	108.18463955156714	0.002453557470642485	1.0001023116395744
2.1097857160306495	1.906257377581115	0.06774829215580375	0.7630497818642472	0.10070627261574938	97.89981618391222	108.18463955156714	0.002453557470642485	1.0001023116395744
2.1097857160306495	1.906257377581115	0.06774829215580375	0.7630497818642472	0.10070638212130442	97.89981618391222	108.18463955156714	0.002453557470642485	1.0001023116395744
2.1097857160306495	1.906257377581115	0.06774829215580375	0.7630497818642472	0.10070638212130442	97.89981618391222	108.18463955156714	0.002453557470642485	1.0001023116395744
2.1097857160306495	1.906257377581115	0.06774829215580375	0.7630497818642472	0.10070638212130442	97.89981618391222	108.18463955156714	0.002453557470642485	1.0001023116395744
2.1097857160306495	1.906257377581115	0.06774829215580375	0.7630497818642472	0.10066432769092917	97.89981618391222	108.18463955156714	0.002453557470642485	1.0001023116395744
2.1097857160306495	1.9062550606320379	0.06774829215580375	0.7630497818642472	0.10066432769092917	97.89981618391222	108.18463955156714	0.002453557470642485	1.0001023116395744
2.1097857160306495	1.9062550606320379	0.06774829215580375	0.7630497818642472	0.10066432769092917	97.89981618391222	108.18463955156714	0.002453557470642485	1.0001023116395744
2.1097857160306495	1.9062550606320379	0.06774829215580375	0.7630476691701457	0.10066432769092917	97.89981618391222	108.18463955156714	0.002453557470642485	1.0001023116395744
2.1097857160306495	1.9067101859774418	0.06774829215580375	0.7630476691701457	0.10066432769092917	97.89981618391222	108.18463955156714	0.002453557470642485	1.0001023116395744
2.1097857160306495	1.9067101859774418	0.06774829215580375	0.7630476691701457	0.10066432769092917	97.89981618391222	108.18463955156714	0.002453557470642485	1.0001023116395744
2.1097539660642792	1.9067101859774418	0.06774829215580375	0.7630476691701457	0.10066432769092917	97.89981618391222	108.18463955156714	0.002453557470642485	1.0001023116395744
2.1097539660642792	1.9067101859774418	0.06774829215580375	0.7630476691701457	0.10066432769092917	97.89981618391222	108.18463955156714	0.002453557470642485	1.0001023116395744
2.1097539660642792	1.9067101859774418	0.06774829215580375	0.7630476691701457	0.10066432769092917	97.89981618391222	108.18463955156714	0.002453557470642485	1.0001023116395744
2.1097539660642792	1.9067101859774418	0.06774829215580375	0.7630476691701457	0.10066432769092917	97.89981618391222	108.18463955156714	0.002453557470642485	1.0001023116395744
2.1097539660642792	1.9067101859774418	0.06774829215580375	0.7630476691701457	0.10066432769092917	97.89981618391222	108.18463955156714	0.002453557470642485	1.0001023116395744
2.1097539660642792	1.9067101859774418	0.06774829215580375	0.7630476691701457	0.10066432769092917	97.89981618391222	108.18463955156714	0.002453557470642485	1.0001023116395744
2.1097539660642792	1.9067101859774418	0.06774829215580375	0.7630476691701457	0.10066432769092917	97.89981618391222	108.18463955156714	0.002453557470642485	1.0001023116395744
2.1097539660642792	1.9067101859774418	0.06774829215580375	0.7630476691701457	0.10066432769092917	97.89981618391222	108.18463955156714	0.002453557470642485	1.0001023116395744
2.1097539660642792	1.9067101859774418	0.06774829215580375	0.7630476691701457	0.10066432769092917	97.89981618391222	108.18463955156714	0.002453557470642485	1.0001023116395744
2.1097539660642792	1.9067101859774418	0.06774829215580375	0.7630476691701457	0.10066432769092917	97.89981618391222	108.18463955156714	0.002453557470642485	1.0001023116395744
2.1097539660642792	1.9067101859774418	0.06774829215580375	0.7630476691701457	0.10066432769092917	97.89981618391222	108.18463955156714	0.0023204042212008626	1.0001023116395744
2.1097539660642792	1.9067101859774418	0.06774829215580375	0.7630476691701457	0.10066432769092917	97.89981618391222	108.18463955156714	0.0023204042212008626	1.000122299957296
2.1097539660642792	1.9067101859774418	0.06774829215580375	0.7629351543156007	0.10066432769092917	97.89981618391222	108.18463955156714	0.0023204042212008626	1.000122299957296
2.1097539660642792	1.9067101859774418	0.06774829215580375	0.7629351543156007	0.10066432769092917	97.89981618391222	108.18463955156714	0.0023204042212008626	1.000122299957296
2.1097539660642792	1.9067101859774418	0.06774829215580375	0.7629351543156007	0.10066432769092917	97.89981618391222	108.18463955156714	0.0023204042212008626	1.000122299957296
2.1097539660642792	1.9067101859774418	0.06774829215580375	0.7629351543156007	0.10066432769092917	97.90114310999893	108.18463955156714	0.0023204042212008626	1.000122299957296
2.1097539660642792	1.9067101859774418	0.06774829215580375	0.7629351543156007	0.10066432769092917	97.90114310999893	108.18463955156714	0.0023204042212008626	1.000122299957296
2.1097539660642792	1.9067101859774418	0.06774092266561543	0.7629351543156007	0.10066432769092917	97.90114310999893	108.18463955156714	0.0023204042212008626	1.000122299957296
2.1097539660642792	1.9067101859774418	0.06774092266561543	0.7629351543156007	0.10066432769092917	97.90114310999893	108.18463955156714	0.0023204042212008626	1.0001207438490245
2.1097539660642792	1.9067101859774418	0.06774092266561543	0.7629351543156007	0.10066432769092917	97.90114310999893	108.18463955156714	0.002320291606689052	1.0001207438490245
2.109748451087519	1.9067101859774418	0.06774092266561543	0.7629351543156007	0.10066432769092917	97.90114310999893	108.18463955156714	0.002320291606689052	1.0001207438490245
2.109748451087519	1.9067101859774418	0.06774019262356211	0.7629351543156007	0.10066432769092917	97.90114310999893	108.18463955156714	0.002320291606689052	1.0001207438490245
2.109748451087519	1.9067101859774418	0.06774019262356211	0.7629351543156007	0.10066432769092917	97.90114310999893	108.18463955156714	0.002320291606689052	1.0001207438490245
2.109748451087519	1.9067101859774418	0.06774019262356211	0.7629351543156007	0.10066432769092917	97.90114310999893	106.47148837940371	0.002320291606689052	1.0001207438490245
2.109748451087519	1.9067101859774418	0.06774019262356211	0.7629351543156007	0.10066432769092917	97.90114310999893	106.47160587352472	0.002320291606689052	1.0001207438490245
2.109748451087519	1.9067101859774418	0.06774019262356211	0.7629351543156007	0.10066432769092917	97.90114310999893	106.47160587352472	0.002320291606689052	1.0001207438490245
2.109748451087519	1.9067101859774418	0.06774019262356211	0.7629351543156007	0.10066432769092917	97.90114310999893	106.47160587352472	0.002320291606689052	1.0001207438490245
2.109748451087519	1.9067086734294671	0.06774019262356211	0.7629351543156007	0.10066432769092917	97.90114310999893	106.47160587352472	0.002320291606689052	1.0001207438490245
2.109748451087519	1.9067086734294671	0.06774019262356211	0.7629351543156007	0.10066432769092917	97.90114310999893	106.47160587352472	0.002320291606689052	1.0001207438490245
2.109748451087519	1.9067086734294671	0.06774019262356211	0.7629351543156007	0.10066432769092917	97.90114310999893	106.47160587352472	0.002320291606689052	1.0001207438490245
2.109748451087519	1.9067086734294671	0.06774019262356211	0.7629351543156007	0.10066432769092917	97.90114310999893	106.47160587352472	0.002320291606689052	1.0001207438490245
2.109748451087519	1.9067086734294671	0.06774019262356211	0.7629351543156007	0.10066432769092917	97.90114310999893	106.47160587352472	0.00232057603355992	1.0001207438490245
2.109748451087519	1.9067086734294671	0.06774019262356211	0.7629351543156007	0.10066432769092917	97.90114310999893	106.47160587352472	0.00232057603355992	1.0001207438490245
2.109748451087519	1.9067086734294671	0.06774019262356211	0.7629351543156007	0.10066432769092917	97.90114310999893	106.47160587352472	0.0023205042542601625	1.0001207438490245
2.109748451087519	1.9067086734294671	0.06774019262356211	0.7629351543156007	0.10066432769092917	97.90114310999893	106.47160587352472	0.0023205042542601625	1.0001207438490245
2.109748451087519	1.9067086734294671	0.06774019262356211	0.7629351543156007	0.10066432769092917	97.90114310999893	106.47160587352472	0.0023205042542601625	1.0001207438490245
2.109748451087519	1.9067086734294671	0.06774019262356211	0.7629351543156007	0.10066432769092917	97.90114310999893	105.99220251996563	0.0023205042542601625	1.0001207438490245
2.109748451087519	1.9067086734294671	0.06774019262356211	0.7629351543156007	0.1006643078968879	97.90114310999893	105.99220251996563	0.0023205042542601625	1.0001207438490245
2.109748451087519	1.9067086734294671	0.06774019262356211	0.7629351543156007	0.1006643078968879	97.90114310999893	105.99220251996563	0.0023205042542601625	1.0001207438490245
2.109748451087519	1.9067086734294671	0.06774019262356211	0.7629351543156007	0.1006643078968879	97.90100206478733	105.99220251996563	0.0023205042542601625	1.0001207438490245
2.109748451087519	1.9067086734294671	0.06774019262356211	0.7629351543156007	0.1006643078968879	97.90100206478733	105.99220251996563	0.0023205042542601625	1.0001207438490245
2.109748451087519	1.9067086734294671	0.06774019262356211	0.7629351543156007	0.1006643078968879	97.90100206478733	105.99220251996563	0.0023205042542601625	1.0001207438490245
2.109748451087519	1.9067086734294671	0.06774019262356211	0.7629351543156007	0.1006643078968879	97.90100206478733	105.99220251996563	0.0023205042542601625	1.0001207438490245
2.109748451087519	1.9067086734294671	0.06774019262356211	0.7629351543156007	0.1006643078968879	97.90100206478733	105.99220251996563	0.0023205042542601625	1.0001135729413018
2.109748451087519	1.9067086734294671	0.06774019262356211	0.7629351543156007	0.1006643078968879	97.90100206478733	105.99220251996563	0.0023205042542601625	1.0001135729413018
2.109748451087519	1.9067086734294671	0.06774019262356211	0.7629351543156007	0.10065838734059974	97.90100206478733	105.99220251996563	0.0023205042542601625	1.0001135729413018
2.109748451087519	1.9067086734294671	0.06774019262356211	0.7629351543156007	0.10065838734059974	97.89977775892594	105.99220251996563	0.0023205042542601625	1.0001135729413018
2.109748451087519	1.9067086734294671	0.06774019262356211	0.7629351543156007	0.10065838734059974	97.89977775892594	105.99220251996563	0.0023205042542601625	1.0001135729413018
2.109748451087519	1.9067086734294671	0.06774019262356211	0.7629351543156007	0.10065838734059974	97.89977775892594	105.99220251996563	0.0023205042542601625	1.0001135729413018
2.109748451087519	1.9067086734294671	0.06774019262356211	0.7629351543156007	0.10065838734059974	97.89977775892594	105.99220251996563	0.0023205042542601625	1.0001128762691567
2.109748451087519	1.9067086734294671	0.06774019262356211	0.7629351543156007	0.10065838734059974	97.89977775892594	106.53486688657824	0.0023205042542601625	1.0001128762691567
2.109748451087519	1.9067106090214854	0.06774019262356211	0.7629351543156007	0.10065838734059974	97.89977775892594	106.53486688657824	0.0023205042542601625	1.0001128762691567
2.109748451087519	1.9067106090214854	0.06774019262356211	0.7629351543156007	0.10065838734059974	97.89976955348988	106.53486688657824	0.0023205042542601625	1.0001128762691567
2.109748451087519	1.9067106090214854	0.06774019262356211	0.7629351543156007	0.10065838734059974	97.89976955348988	106.53486688657824	0.002319676080987102	1.0001128762691567
2.109748451087519	1.9067106090214854	0.06774019262356211	0.7629351543156007	0.10065838734059974	97.89976955348988	106.53486688657824	0.002319676080987102	1.0001128762691567
2.109748451087519	1.9067106090214854	0.06774019262356211	0.7629351543156007	0.10065838734059974	97.89976955348988	106.53486688657824	0.002319676080987102	1.0001128762691567
2.1101245725968765	1.9067106090214854	0.06774019262356211	0.7629351543156007	0.10065838734059974	97.89976955348988	106.53486688657824	0.002319676080987102	1.0001128762691567
2.1101245725968765	1.9067106090214854	0.06774019262356211	0.7629351543156007	0.10063893006924468	97.89976955348988	106.53486688657824	0.002319676080987102	1.0001128762691567
2.1101245725968765	1.9042954368754528	0.06774019262356211	0.7629351543156007	0.10063893006924468	97.89976955348988	106.53486688657824	0.002319676080987102	1.0001128762691567
2.1101245725968765	1.904296499072666	0.06774019262356211	0.7629351543156007	0.10063893006924468	97.89976955348988	106.53486688657824	0.002319676080987102	1.0001128762691567
2.1101245725968765	1.904296499072666	0.06774019262356211	0.7629351543156007	0.10063893006924468	97.89976955348988	106.53486688657824	0.002319676080987102	1.0000803687367243
2.1101245725968765	1.904296499072666	0.06774019262356211	0.7629351543156007	0.10063893006924468	97.89976955348988	106.53486688657824	0.002319676080987102	1.0000803687367243
2.1101245725968765	1.904296499072666	0.06774019262356211	0.7629351543156007	0.10063893006924468	97.89976955348988	106.53486688657824	0.002319676080987102	1.0000803687367243
2.1101245725968765	1.904296499072666	0.0677945358272004	0.7629351543156007	0.10063893006924468	97.89976955348988	106.53486688657824	0.002319676080987102	1.0000803687367243
2.1101245725968765	1.904280421141177	0.0677945358272004	0.7629351543156007	0.10063893006924468	97.89976955348988	106.53486688657824	0.002319676080987102	1.0000803687367243
2.1101245725968765	1.904280421141177	0.0677945358272004	0.7629351543156007	0.10063893006924468	97.89976955348988	106.53486688657824	0.002319676080987102	1.0000803687367243
2.1101229870277476	1.904280421141177	0.0677945358272004	0.7629351543156007	0.10063893006924468	97.89976955348988	106.53486688657824	0.002319676080987102	1.0000803687367243
2.1100903456251707	1.904280421141177	0.0677945358272004	0.7629351543156007	0.10063893006924468	97.89976955348988	106.53486688657824	0.002319676080987102	1.0000803687367243
2.1100903456251707	1.904280421141177	0.0677945358272004	0.7629351543156007	0.10063893006924468	97.89976955348988	106.53486688657824	0.002319676080987102	1.0000803869719188
2.1100903456251707	1.904280421141177	0.0677945358272004	0.7629351543156007	0.10063893006924468	97.87371551707936	106.53486688657824	0.002319676080987102	1.0000803869719188
2.1100903456251707	1.904280421141177	0.0677945358272004	0.7629496988826648	0.10063893006924468	97.87371551707936	106.53486688657824	0.002319676080987102	1.0000803869719188
2.1100903456251707	1.904280421141177	0.0677945358272004	0.7629496988826648	0.10063893006924468	97.87371551707936	106.53486688657824	0.002319676080987102	1.0000803869719188
2.1100907356200462	1.904280421141177	0.0677945358272004	0.7629496988826648	0.10063893006924468	97.87371551707936	106.53486688657824	0.002319676080987102	1.0000803869719188
2.1100907356200462	1.904280421141177	0.0677945358272004	0.7629496988826648	0.10063893006924468	97.87371551707936	106.53486688657824	0.002319676080987102	1.0000803869719188
2.1090373598309555	1.904280421141177	0.0677945358272004	0.7629496988826648	0.10063893006924468	97.87371551707936	106.53486688657824	0.002319676080987102	1.0000803869719188
2.1090373598309555	1.904280421141177	0.0677945358272004	0.7629496988826648	0.10063899712435581	97.87371551707936	106.53486688657824	0.002319676080987102	1.0000803869719188
2.1090373598309555	1.904280421141177	0.0677945358272004	0.7629496988826648	0.10063899712435581	97.87371551707936	106.53486688657824	0.002319676080987102	1.0000803869719188
2.1090373598309555	1.904280421141177	0.0677945358272004	0.7629496988826648	0.10063899712435581	97.87371551707936	106.53486688657824	0.002319676080987102	1.0000803869719188
2.1090373598309555	1.904280421141177	0.0677945358272004	0.7629496988826648	0.10063899712435581	97.86474536229001	106.53486688657824	0.002319676080987102	1.0000803869719188
2.1090373598309555	1.904280421141177	0.06769829653814698	0.7629496988826648	0.10063899712435581	97.86474536229001	106.53486688657824	0.002319676080987102	1.0000803869719188
2.1090373598309555	1.904280421141177	0.06769829653814698	0.7629496988826648	0.10063899712435581	97.86474536229001	106.53486688657824	0.002319676080987102	1.0000803869719188
2.1090373598309555	1.904280421141177	0.06769829653814698	0.7628751718811073	0.10063899712435581	97.86474536229001	106.53486688657824	0.002319676080987102	1.0000803869719188
2.1090373598309555	1.904280421141177	0.06769829653814698	0.7628751718811073	0.10063899712435581	97.86474536229001	106.53486688657824	0.002319676080987102	1.0000803869719188
2.1090373598309555	1.904280421141177	0.06769829653814698	0.7628751718811073	0.10063899712435581	97.86474536229001	106.53486688657824	0.002319676080987102	1.0000803869719188
2.1090373598309555	1.904280421141177	0.06769829653814698	0.7628751718811073	0.10063899712435581	97.86474536229001	106.53486688657824	0.002319676080987102	1.0000803869719188
2.1090373598309555	1.904280421141177	0.06769829653814698	0.7628751718811073	0.10063899712435581	97.86474536229001	106.53486688657824	0.002319676080987102	1.0000803869719188
2.1090373598309555	1.904280421141177	0.06769829653814698	0.7628751718811073	0.10063899712435581	97.86474536229001	106.53486688657824	0.002319676080987102	1.0000802604029297
2.1090373598309555	1.904288936683953	0.06769829653814698	0.7628751718811073	0.10063899712435581	97.86474536229001	106.53486688657824	0.002319676080987102	1.0000802604029297
2.1090373598309555	1.904288936683953	0.06769829653814698	0.7628751718811073	0.10063899712435581	97.86474536229001	106.53486688657824	0.002319676080987102	1.0000802604029297
2.1090373598309555	1.904288936683953	0.06769829653814698	0.7628751718811073	0.10063899712435581	97.86474536229001	106.53486688657824	0.0023196261991524653	1.0000802604029297
2.1090373598309555	1.904288936683953	0.06769829653814698	0.7628751718811073	0.10063899712435581	97.86474536229001	106.46175250514726	0.0023196261991524653	1.0000802604029297
2.1090373598309555	1.904288936683953	0.06769829653814698	0.7628751718811073	0.10063899712435581	97.86474536229001	106.46175250514726	0.0023196261991524653	1.0000802604029297
2.1090373598309555	1.904288936683953	0.06769829653814698	0.7628751718811073	0.10063899712435581	97.86474536229001	106.46175250514726	0.0023196261991524653	1.0000802604029297
2.1090373598309555	1.904288936683953	0.06769829653814698	0.7628751718811073	0.10063899712435581	97.86474536229001	106.46175250514726	0.0023196261991524653	1.0000802604029297
2.1090373598309555	1.904288936683953	0.06769829653814698	0.7628751718811073	0.10063899712435581	97.8667964534684	106.46175250514726	0.0023196261991524653	1.0000802604029297
2.1090373598309555	1.904288936683953	0.06769829653814698	0.7628751718811073	0.10063899712435581	97.8667964534684	106.46175250514726	0.0023196261991524653	1.0000802329561886
2.1090373598309555	1.904288936683953	0.06769829653814698	0.7628751718811073	0.10063899712435581	97.8667964534684	106.46175250514726	0.0023196261991524653	1.0000801619371609
2.1090373598309555	1.904288936683953	0.06769829653814698	0.7628751718811073	0.10063899712435581	97.8667964534684	106.46175250514726	0.0023196261991524653	1.0000801619371609
2.1090373598309555	1.904288936683953	0.06769829653814698	0.7628751718811073	0.10063899712435581	97.8667964534684	106.46175250514726	0.0023196261991524653	1.0000801619371609
2.1090373598309555	1.904288936683953	0.06769829653814698	0.7628751718811073	0.10063899712435581	97.8667964534684	106.4245998327793	0.0023196261991524653	1.0000801619371609
2.1090373598309555	1.904288936683953	0.06769829653814698	0.7628751718811073	0.10063899712435581	97.8667964534684	106.4245998327793	0.0023196261991524653	1.0000801619371609
2.1090373598309555	1.904288936683953	0.06769829653814698	0.7628751718811073	0.10063899712435581	97.8667964534684	106.42476653084238	0.0023196261991524653	1.0000801619371609
2.1090373598309555	1.904288936683953	0.06769829653814698	0.7628751718811073	0.10063899712435581	97.8667964534684	106.42476653084238	0.0023196261991524653	1.0000801619371609
2.1090373598309555	1.904288936683953	0.06769829653814698	0.7628751718811073	0.10063899712435581	97.8667964534684	106.42476653084238	0.0023196261991524653	1.0000801619371609
2.1090373598309555	1.904288936683953	0.06769829653814698	0.7628751718811073	0.1006396509180596	97.8667964534684	106.42476653084238	0.0023196261991524653	1.0000801619371609
2.1090373598309555	1.9042887523447205	0.06769829653814698	0.7628751718811073	0.1006396509180596	97.8667964534684	106.42476653084238	0.0023196261991524653	1.0000801619371609
2.1090373598309555	1.9042887523447205	0.06769829653814698	0.7628751718811073	0.1006396509180596	97.8667964534684	106.42476653084238	0.0023196261991524653	1.0000801619371609
2.1090373598309555	1.9042887523447205	0.06769829653814698	0.7628751718811073	0.1006396509180596	97.8667964534684	106.42476653084238	0.0023196261991524653	1.0000806399443312
2.1090373598309555	1.9042887523447205	0.06769829653814698	0.7628751718811073	0.1006396509180596	97.8667964534684	106.69694110105796	0.0023196261991524653	1.0000806399443312
2.1090373598309555	1.9042435076982527	0.06769829653814698	0.7628751718811073	0.1006396509180596	97.8667964534684	106.69694110105796	0.0023196261991524653	1.0000806399443312
2.1090373598309555	1.9042435076982527	0.06769829653814698	0.7628751718811073	0.1006396509180596	97.8667964534684	106.69694110105796	0.0023196261991524653	1.0000806399443312
2.1090373598309555	1.9042435076982527	0.06769829653814698	0.7631195933220544	0.1006396509180596	97.8667964534684	106.69694110105796	0.0023196261991524653	1.0000806399443312
2.1090389106560194	1.9042435076982527	0.06769829653814698	0.7631195933220544	0.1006396509180596	97.8667964534684	106.69694110105796	0.0023196261991524653	1.0000806399443312
2.1090389106560194	1.9042435076982527	0.06769829653814698	0.7631195933220544	0.1006396509180596	97.8667964534684	106.69694110105796	0.0023199577040734624	1.0000806399443312
2.1090389106560194	1.9042435076982527	0.06769829653814698	0.7631195933220544	0.1006396509180596	97.8667964534684	106.69694110105796	0.0023199577040734624	1.0000806399443312
2.1090389106560194	1.9042435076982527	0.06769829653814698	0.7631195933220544	0.1006396509180596	97.8667964534684	106.69694110105796	0.0023199577040734624	1.0000806399443312
2.1090389106560194	1.9042435076982527	0.06769829653814698	0.7631195933220544	0.1006396509180596	97.8667964534684	106.69694110105796	0.0023199577040734624	1.0000806399443312
2.1090389106560194	1.9042435076982527	0.06769829653814698	0.7631195933220544	0.1006396509180596	97.86706673065389	106.69694110105796	0.0023199577040734624	1.0000806399443312
2.1090389106560194	1.9044094208940727	0.06769829653814698	0.7631195933220544	0.1006396509180596	97.86706673065389	106.69694110105796	0.0023199577040734624	1.0000806399443312
2.1090389106560194	1.9044094208940727	0.06769829653814698	0.7631195933220544	0.1006396509180596	97.86706673065389	106.69694110105796	0.002320021241395308	1.0000806399443312
2.1090389106560194	1.9044094208940727	0.06769829653814698	0.7631195933220544	0.1006396509180596	97.86706673065389	106.07407647846294	0.002320021241395308	1.0000806399443312
2.1090389106560194	1.9044094208940727	0.06769829653814698	0.7631195933220544	0.1006396509180596	97.86706673065389	106.07407647846294	0.002320021241395308	1.0000806399443312
2.1090389106560194	1.9044094208940727	0.06769829653814698	0.7631195933220544	0.1006396509180596	97.86706673065389	106.07407647846294	0.002320021241395308	1.0000809218268982
2.1090389106560194	1.9044094208940727	0.06769829653814698	0.7631195933220544	0.1006396509180596	97.86706673065389	106.07407647846294	0.002320021241395308	1.000082328352287
2.1090389106560194	1.9044094208940727	0.06769829653814698	0.7631195933220544	0.1006396509180596	97.86706673065389	106.07407647846294	0.002319051511789514	1.000082328352287
2.1090389106560194	1.9044094208940727	0.06769829653814698	0.7631195933220544	0.1006396509180596	97.86706673065389	106.07407647846294	0.002319051511789514	1.000082328352287
2.1090389106560194	1.9044094208940727	0.06769829653814698	0.7631195933220544	0.1006396509180596	97.86706673065389	106.07407647846294	0.002319051511789514	1.000082328352287
2.1090389106560194	1.9044912661319104	0.06769829653814698	0.7631195933220544	0.1006396509180596	97.86706673065389	106.07407647846294	0.002319051511789514	1.000082328352287
2.1090389106560194	1.9044912661319104	0.06769829653814698	0.7631195933220544	0.1006396509180596	97.86706673065389	104.18848611728724	0.002319051511789514	1.000082328352287
2.1090389106560194	1.9044912661319104	0.06768643876381988	0.7631195933220544	0.1006396509180596	97.86706673065389	104.18848611728724	0.002319051511789514	1.000082328352287
2.1090389106560194	1.9044912661319104	0.06768643876381988	0.7631195933220544	0.1006396509180596	97.8669741351312	104.18848611728724	0.002319051511789514	1.000082328352287
2.1090389106560194	1.9044912661319104	0.06768643876381988	0.7631195933220544	0.1006396509180596	97.8669741351312	104.18848611728724	0.002319051511789514	1.000082328352287
2.1090389106560194	1.9044912661319104	0.06768643876381988	0.7631195933220544	0.1006396509180596	97.86686033564617	104.18848611728724	0.002319051511789514	1.000082328352287
2.1090389106560194	1.9044912661319104	0.06768643876381988	0.7631195933220544	0.1006396509180596	97.86686033564617	104.18848611728724	0.002319051511789514	1.000082328352287
2.1090389106560194	1.9044912661319104	0.06768643876381988	0.7631195933220544	0.1006396509180596	97.86686033564617	104.18848611728724	0.002319051511789514	1.000082328352287
2.1090389106560194	1.9044912661319104	0.06768643876381988	0.7631195933220544	0.10057399015678149	97.86686033564617	104.18848611728724	0.002319051511789514	1.000082328352287
2.1090389106560194	1.904491516881799	0.06768643876381988	0.7631195933220544	0.10057399015678149	97.86686033564617	104.18848611728724	0.002319051511789514	1.000082328352287
2.1090389106560194	1.904491516881799	0.06768643876381988	0.7631195933220544	0.10057399015678149	97.86686033564617	104.18848611728724	0.0023215751059593058	1.000082328352287
2.1090389106560194	1.904491516881799	0.06768643876381988	0.7631195933220544	0.10057413750568467	97.86686033564617	104.18848611728724	0.0023215751059593058	1.000082328352287
2.1090389106560194	1.904491516881799	0.06768643876381988	0.7631195933220544	0.10057413750568467	97.86686033564617	104.18848611728724	0.0023215751059593058	1.000082328352287
2.1090389106560194	1.904491516881799	0.06769556285774152	0.7631195933220544	0.10057413750568467	97.86686033564617	104.18848611728724	0.0023215751059593058	1.000082328352287
2.1090389106560194	1.904491516881799	0.06769556285774152	0.7631195933220544	0.10057413750568467	97.86686033564617	104.18848611728724	0.0023215751059593058	1.000082328352287
2.1090389106560194	1.904491516881799	0.06769556285774152	0.7631195933220544	0.10057413750568467	97.86686033564617	104.18848611728724	0.0023215751059593058	1.000082328352287
2.1090389106560194	1.904491516881799	0.06769556285774152	0.7631195933220544	0.10057413750568467	97.86686033564617	104.18848611728724	0.0024279136820234276	1.000082328352287
2.1090389106560194	1.904491516881799	0.06769556285774152	0.7631195933220544	0.10057413750568467	97.86686033564617	104.18848611728724	0.0024279136820234276	1.000082328352287
2.1090389106560194	1.904491516881799	0.06769556285774152	0.7631195933220544	0.10057413750568467	97.86686033564617	104.18848611728724	0.0024279136820234276	1.000082328352287
2.109339841671111	1.904491516881799	0.06769556285774152	0.7631195933220544	0.10057413750568467	97.86686033564617	104.18848611728724	0.0024279136820234276	1.000082328352287
2.109339841671111	1.904491516881799	0.06769556285774152	0.7631195933220544	0.10057413750568467	97.89256636535299	104.18848611728724	0.0024279136820234276	1.000082328352287
2.109339841671111	1.904491516881799	0.06769556285774152	0.7631195933220544	0.10057413750568467	97.89256636535299	104.18848611728724	0.0024279136820234276	1.000082328352287
2.109339841671111	1.904491516881799	0.06769556285774152	0.7631195933220544	0.10057413750568467	97.89256636535299	104.18848611728724	0.0024279136820234276	1.000082328352287
2.109339841671111	1.904491516881799	0.06769556285774152	0.7631195933220544	0.10057413750568467	97.89256636535299	104.18848611728724	0.0024279136820234276	1.0000823162990244
2.109339841671111	1.904491516881799	0.06769556285774152	0.7631195933220544	0.10057413750568467	97.89256636535299	104.18848611728724	0.0024279136820234276	1.0000823162990244
2.109339841671111	1.904491516881799	0.06769556285774152	0.7631195933220544	0.10057413750568467	97.89256636535299	104.19013510858944	0.0024279136820234276	1.0000823162990244
2.109339841671111	1.904491516881799	0.06769556285774152	0.7631195933220544	0.10057413750568467	97.89256636535299	104.19013510858944	0.0024279136820234276	1.0000823162990244
2.109339841671111	1.904501760094505	0.06769556285774152	0.7631195933220544	0.10057413750568467	97.89256636535299	104.19013510858944	0.0024279136820234276	1.0000823162990244
2.1094154963922795	1.904501760094505	0.06769556285774152	0.7631195933220544	0.10057413750568467	97.89256636535299	104.19013510858944	0.0024279136820234276	1.0000823162990244
2.1094154963922795	1.904501760094505	0.06769556285774152	0.7631195933220544	0.10057406463235549	97.89256636535299	104.19013510858944	0.0024279136820234276	1.0000823162990244
2.1094154963922795	1.904501760094505	0.06769556285774152	0.7631195933220544	0.10057406463235549	97.89261980467188	104.19013510858944	0.0024279136820234276	1.0000823162990244
2.1094154963922795	1.9045006066781038	0.06769556285774152	0.7631195933220544	0.10057406463235549	97.89261980467188	104.19013510858944	0.0024279136820234276	1.0000823162990244
2.1094154963922795	1.9045006066781038	0.06769556285774152	0.7631195933220544	0.10057409661597937	97.89261980467188	104.19013510858944	0.0024279136820234276	1.0000823162990244
2.1094154963922795	1.9045006066781038	0.06769772860118027	0.7631195933220544	0.10057409661597937	97.89261980467188	104.19013510858944	0.0024279136820234276	1.0000823162990244
2.1094154963922795	1.9045006066781038	0.06769772860118027	0.7631195933220544	0.10057409661597937	97.89261980467188	104.19013510858944	0.002423855715457767	1.0000823162990244
2.1094154963922795	1.9045006066781038	0.06769772860118027	0.7631195933220544	0.10057409661597937	97.89255276872527	104.19013510858944	0.002423855715457767	1.0000823162990244
2.1094154963922795	1.9045006066781038	0.06769772860118027	0.7631195933220544	0.10057409661597937	97.89255276872527	104.19013510858944	0.002423855715457767	1.0000823162990244
2.1094154963922795	1.904473744501305	0.06769772860118027	0.7631195933220544	0.10057409661597937	97.89255276872527	104.19013510858944	0.002423855715457767	1.0000823162990244
2.1094154963922795	1.904473744501305	0.06769772860118027	0.7631195933220544	0.10057409661597937	97.89255276872527	104.19013510858944	0.002423855715457767	1.0000823162990244
2.1094154963922795	1.904473744501305	0.06769772860118027	0.7631195933220544	0.10057409661597937	97.89255276872527	104.19013510858944	0.002423855715457767	1.0000823162990244
2.1094154963922795	1.904473744501305	0.06769772860118027	0.7631195933220544	0.10057523699393253	97.89255276872527	104.19013510858944	0.002423855715457767	1.0000823162990244
2.1094154963922795	1.904473744501305	0.06769772860118027	0.7631195933220544	0.10057523699393253	97.89255276872527	104.18653657559933	0.002423855715457767	1.0000823162990244
2.1094154963922795	1.903981834088381	0.06769772860118027	0.7631195933220544	0.10057523699393253	97.89255276872527	104.18653657559933	0.002423855715457767	1.0000823162990244
2.1094154963922795	1.903981834088381	0.06769772860118027	0.7631195933220544	0.10057523699393253	97.89255276872527	104.18653657559933	0.002423855715457767	1.000082297017619
2.1094154963922795	1.9016245900489024	0.06769772860118027	0.7631195933220544	0.10057523699393253	97.89255276872527	104.18653657559933	0.002423855715457767	1.000082297017619
2.1094154963922795	1.9016245900489024	0.06769772860118027	0.7631195933220544	0.10057523699393253	97.89255276872527	104.18653657559933	0.002423855715457767	1.000082297017619
2.1094154963922795	1.9016245900489024	0.06769772860118027	0.7631195933220544	0.10057523699393253	97.89255276872527	104.18653657559933	0.002423855715457767	1.000082297017619
2.1094154963922795	1.9016245900489024	0.06769772860118027	0.7631195933220544	0.10057523699393253	97.89255276872527	104.18653657559933	0.0024255738655327716	1.000082297017619
2.1094154963922795	1.9016245900489024	0.06769772860118027	0.7631195933220544	0.10057523699393253	97.89255276872527	104.18653657559933	0.0024255738655327716	1.000082297017619
2.1094154963922795	1.9016245900489024	0.06769772860118027	0.7631195933220544	0.10057523699393253	97.89255276872527	104.32637176138341	0.0024255738655327716	1.000082297017619
2.1094154963922795	1.9016245900489024	0.06769772860118027	0.7631195933220544	0.10057523699393253	97.89255276872527	104.32637176138341	0.0024255738655327716	1.000082297017619
2.1094154963922795	1.9016245900489024	0.06769772860118027	0.7631195933220544	0.10032107439944145	97.89255276872527	104.32637176138341	0.0024255738655327716	1.000082297017619
2.1094154963922795	1.9016245900489024	0.06769772860118027	0.7631195933220544	0.10032107439944145	97.89255276872527	104.32637176138341	0.002426137955341811	1.000082297017619
2.1094154963922795	1.9016245900489024	0.06769772860118027	0.7631195933220544	0.10032107439944145	97.89255276872527	104.32637176138341	0.002426137955341811	1.000082297017619
2.1094154963922795	1.9016245900489024	0.06769772860118027	0.7631195933220544	0.10032107439944145	97.89255276872527	104.32896268670669	0.002426137955341811	1.000082297017619
2.1094154963922795	1.9016245900489024	0.06769772860118027	0.7631195933220544	0.10033038412868209	97.89255276872527	104.32896268670669	0.002426137955341811	1.000082297017619
2.1094154963922795	1.9016245900489024	0.06769772860118027	0.7631195933220544	0.10033038412868209	97.89265083707316	104.32896268670669	0.002426137955341811	1.000082297017619
2.1094154963922795	1.9016245900489024	0.06768698285241262	0.7631195933220544	0.10033038412868209	97.89265083707316	104.32896268670669	0.002426137955341811	1.000082297017619
2.1094154963922795	1.9016247348752178	0.06768698285241262	0.7631195933220544	0.10033038412868209	97.89265083707316	104.32896268670669	0.002426137955341811	1.000082297017619
2.1094154963922795	1.9016247348752178	0.06768698285241262	0.7631195933220544	0.10033038412868209	97.89265083707316	104.32896268670669	0.002426137955341811	1.0000964132990886
2.1094154963922795	1.9016247348752178	0.06768698285241262	0.7631195933220544	0.10033038412868209	97.89265083707316	104.32896268670669	0.002426137955341811	1.0000964132990886
2.1094154963922795	1.9016247348752178	0.06768698285241262	0.7631195933220544	0.10033038412868209	97.89265083707316	104.32896268670669	0.002426290780877061	1.0000964132990886
2.1094154963922795	1.9016247348752178	0.06768698285241262	0.7631195933220544	0.10033038412868209	97.89265083707316	104.32896268670669	0.002426290780877061	1.0000964132990886
2.1088858387839156	1.9016247348752178	0.06768698285241262	0.7631195933220544	0.10033038412868209	97.89265083707316	104.32896268670669	0.002426290780877061	1.0000964132990886
2.1088858387839156	1.9016247348752178	0.06768698285241262	0.7631195933220544	0.10033038412868209	97.89265083707316	104.32896268670669	0.002426290780877061	1.0000964132990886
2.1088858387839156	1.9016247348752178	0.06768698285241262	0.7631195933220544	0.10033038412868209	97.89265083707316	104.32896268670669	0.002426290780877061	1.000096971234656
2.10888479694374	1.9016247348752178	0.06768698285241262	0.7631195933220544	0.10033038412868209	97.89265083707316	104.32896268670669	0.002426290780877061	1.000096971234656
2.10888479694374	1.9016247348752178	0.06768698285241262	0.7631195933220544	0.10033038412868209	97.89265083707316	104.32896268670669	0.002426290780877061	1.000096971234656
2.10888479694374	1.9016247348752178	0.06768698285241262	0.7631195933220544	0.10033038412868209	97.89265083707316	104.32896268670669	0.002426290780877061	1.000096971234656
2.10888479694374	1.9016247348752178	0.06768698285241262	0.7631195933220544	0.10033038412868209	97.89265083707316	104.32896268670669	0.002426290780877061	1.0000979732375541
2.10888479694374	1.9016242264019443	0.06768698285241262	0.7631195933220544	0.10033038412868209	97.89265083707316	104.32896268670669	0.002426290780877061	1.0000979732375541
2.10888479694374	1.9016242264019443	0.06768698285241262	0.7631195933220544	0.10033038412868209	97.89265083707316	104.32896268670669	0.002426290780877061	1.0000979732375541
2.10888479694374	1.9016863952076206	0.06768698285241262	0.7631195933220544	0.10033038412868209	97.89265083707316	104.32896268670669	0.002426290780877061	1.0000979732375541
2.10888479694374	1.9016863952076206	0.06768698285241262	0.7631195933220544	0.10033038412868209	97.89265083707316	104.32896268670669	0.002426290780877061	1.0000979732375541
2.10888479694374	1.9016863952076206	0.06768698285241262	0.7631195933220544	0.10033038412868209	97.89265083707316	104.32896268670669	0.0024467337436774365	1.0000979732375541
2.10888479694374	1.9016863952076206	0.06768698285241262	0.7631195933220544	0.10033038412868209	97.89265083707316	104.32896268670669	0.0024467337436774365	1.0000979732375541
2.10888479694374	1.9016863952076206	0.06768698285241262	0.7631195933220544	0.10033038412868209	97.89265083707316	104.32896268670669	0.0024467160800504253	1.0000979732375541
2.10888479694374	1.9016863952076206	0.06768698285241262	0.7631195933220544	0.10030849470248035	97.89265083707316	104.32896268670669	0.0024467160800504253	1.0000979732375541
2.10888479694374	1.9016863952076206	0.06768698285241262	0.7631195933220544	0.10030849470248035	97.89265083707316	104.32896268670669	0.0024467160800504253	1.0000979732375541
2.10888479694374	1.9016863952076206	0.06768698285241262	0.7631195933220544	0.10030849470248035	97.89265083707316	104.32896268670669	0.0024467160800504253	1.0000979732375541
2.10888479694374	1.9016863952076206	0.06768698285241262	0.7631195933220544	0.10030849470248035	97.89265083707316	104.32896268670669	0.0024467160800504253	1.0000979732375541
2.10888479694374	1.9016863952076206	0.06768698285241262	0.7631195933220544	0.10030849470248035	97.89265083707316	104.32896268670669	0.0024467160800504253	1.0000978904249846
2.10888479694374	1.9016863952076206	0.06768698285241262	0.7631195933220544	0.10030849470248035	97.89265083707316	104.32896268670669	0.0024467160800504253	1.0000978904249846
2.10888479694374	1.9016841882815843	0.06768698285241262	0.7631195933220544	0.10030849470248035	97.89265083707316	104.32896268670669	0.0024467160800504253	1.0000978904249846
2.10888479694374	1.9016841882815843	0.06768698285241262	0.7631195933220544	0.10030939102918758	97.89265083707316	104.32896268670669	0.0024467160800504253	1.0000978904249846
2.10888479694374	1.9016841882815843	0.06768698285241262	0.7631195933220544	0.10030939102918758	97.89265083707316	104.32896268670669	0.0024467487926958026	1.0000978904249846
2.10888479694374	1.9016841882815843	0.06768698285241262	0.7631195933220544	0.10030939102918758	97.89265083707316	104.32896268670669	0.0024467487926958026	1.0000978904249846
2.10888479694374	1.9016841882815843	0.06768698285241262	0.7631195933220544	0.10031685614726171	97.89265083707316	104.32896268670669	0.0024467487926958026	1.0000978904249846
2.10888479694374	1.9016841882815843	0.06768698285241262	0.7631195933220544	0.10031685614726171	97.89265083707316	104.32896268670669	0.0024467487926958026	1.0000978904249846
2.10888479694374	1.9016841882815843	0.06768698285241262	0.7631195933220544	0.10031685614726171	97.89265083707316	102.0623251150638	0.0024467487926958026	1.0000978904249846
2.1082277072544913	1.9016841882815843	0.06768698285241262	0.7631195933220544	0.10031685614726171	97.89265083707316	102.0623251150638	0.0024467487926958026	1.0000978904249846
2.1082277072544913	1.9016841882815843	0.06768698285241262	0.7631195933220544	0.10031685614726171	97.89265083707316	102.0623251150638	0.0024467487926958026	1.0000978904249846
2.1082277072544913	1.9016841882815843	0.06768698285241262	0.7631195933220544	0.10031685614726171	97.89265083707316	102.0623251150638	0.0024467487926958026	1.0000978904249846
2.1082277072544913	1.9016841882815843	0.06768698285241262	0.7631195933220544	0.10031685614726171	97.89265083707316	102.0623251150638	0.0024467487926958026	1.0000978904249846
2.1082277072544913	1.9016841882815843	0.06768698285241262	0.7631195933220544	0.10031685614726171	97.89265083707316	102.0623251150638	0.0024467487926958026	1.0000978904249846
2.1082277072544913	1.9016841882815843	0.06768698285241262	0.7631195933220544	0.10031685614726171	97.89265083707316	102.0623251150638	0.0024467487926958026	1.0000978904249846
2.1082277072544913	1.9016841882815843	0.06768698285241262	0.7631195933220544	0.10031317272232806	97.89265083707316	102.0623251150638	0.0024467487926958026	1.0000978904249846
2.1082277072544913	1.9016841882815843	0.06768698285241262	0.7631195933220544	0.10031317272232806	97.89265083707316	102.05800531858709	0.0024467487926958026	1.0000978904249846
2.1082277072544913	1.9016841882815843	0.06768698285241262	0.7631195933220544	0.10031317272232806	97.89265083707316	102.05800531858709	0.0024467487926958026	1.0000978904249846
2.1082277072544913	1.9016841882815843	0.06768698285241262	0.7631195933220544	0.10031317272232806	97.89265083707316	102.05800531858709	0.0024467487926958026	1.0000978904249846
2.1082277072544913	1.9016814870000078	0.06768698285241262	0.7631195933220544	0.10031317272232806	97.89265083707316	102.05800531858709	0.0024467487926958026	1.0000978904249846
2.1082277072544913	1.9016814870000078	0.06768698285241262	0.7631195933220544	0.10031317272232806	97.89265083707316	102.05814351273249	0.0024467487926958026	1.0000978904249846
2.1082277072544913	1.9016814870000078	0.06768698285241262	0.7631195933220544	0.1006443568296634	97.89265083707316	102.05814351273249	0.0024467487926958026	1.0000978904249846
2.1082277072544913	1.9017111767096646	0.06768698285241262	0.7631195933220544	0.1006443568296634	97.89265083707316	102.05814351273249	0.0024467487926958026	1.0000978904249846
2.1081304306159687	1.9017111767096646	0.06768698285241262	0.7631195933220544	0.1006443568296634	97.89265083707316	102.05814351273249	0.0024467487926958026	1.0000978904249846
2.1081304306159687	1.9017111767096646	0.06768698285241262	0.7631195933220544	0.1006443568296634	97.89265083707316	102.05814351273249	0.0024467487926958026	1.0000978904249846
2.1081304306159687	1.9017111767096646	0.06768698285241262	0.7631195933220544	0.1006738844912394	97.89265083707316	102.05814351273249	0.0024467487926958026	1.0000978904249846
2.1081304306159687	1.9017111767096646	0.06768698285241262	0.7631195933220544	0.1006738844912394	97.89265083707316	102.05814351273249	0.0024467487926958026	1.0000978904249846
2.1081304306159687	1.9017111767096646	0.06768698285241262	0.7631195933220544	0.1006738844912394	97.89265083707316	102.05814351273249	0.0024467487926958026	1.0000978904249846
2.1081304306159687	1.9017112853295095	0.06768698285241262	0.7631195933220544	0.1006738844912394	97.89265083707316	102.05814351273249	0.0024467487926958026	1.0000978904249846
2.1081304306159687	1.9017112853295095	0.06768698285241262	0.7631195933220544	0.1006738844912394	97.89265083707316	102.05814351273249	0.0024467487926958026	1.0000978899222208
2.1081304306159687	1.9017112853295095	0.06768698285241262	0.7631195933220544	0.1006738844912394	97.89265083707316	102.05814351273249	0.0024467487926958026	1.0000978899222208
2.1081304306159687	1.9017112853295095	0.06768698285241262	0.7631195933220544	0.1006738844912394	97.8931042498508	102.05814351273249	0.0024467487926958026	1.0000978899222208
2.1081304306159687	1.9017161075483453	0.06768698285241262	0.7631195933220544	0.1006738844912394	97.8931042498508	102.05814351273249	0.0024467487926958026	1.0000978899222208
2.1081304306159687	1.9017161075483453	0.06768698285241262	0.7631195933220544	0.1006738844912394	97.8931042498508	102.05814351273249	0.0024467487926958026	1.0000978899222208
2.1081304306159687	1.9017161075483453	0.06768698285241262	0.7631195933220544	0.1006738844912394	97.8931042498508	102.05814351273249	0.0024467487926958026	1.0000978899222208
2.1081304306159687	1.9017161075483453	0.06768698285241262	0.7631195933220544	0.1006738844912394	97.8931042498508	102.05814351273249	0.0024467487926958026	1.0000978899222208
2.1081304306159687	1.9017161075483453	0.06768698285241262	0.7631195933220544	0.1006738844912394	97.89359028301247	102.05814351273249	0.0024467487926958026	1.0000978899222208
2.1081304306159687	1.9017161075483453	0.06768698285241262	0.7631195933220544	0.1006738844912394	97.89359028301247	102.05814351273249	0.0024467487926958026	1.0000978899222208
2.1081304306159687	1.9017161075483453	0.06768698285241262	0.7631195933220544	0.1006738844912394	97.89359028301247	102.05806537804415	0.0024467487926958026	1.0000978899222208
2.1081304306159687	1.9017161075483453	0.06768698285241262	0.7631195933220544	0.1006738844912394	97.89359028301247	102.05806537804415	0.0024467487926958026	1.0000978899222208
2.1081304306159687	1.9017161075483453	0.06768698285241262	0.7631195933220544	0.1006738844912394	97.89359028301247	102.05806537804415	0.0024467487926958026	1.0000978899222208
2.1081304306159687	1.9020093908686404	0.06768698285241262	0.7631195933220544	0.1006738844912394	97.89359028301247	102.05806537804415	0.0024467487926958026	1.0000978899222208
2.1081304306159687	1.9020093908686404	0.06772214279623573	0.7631195933220544	0.1006738844912394	97.89359028301247	102.05806537804415	0.0024467487926958026	1.0000978899222208
2.1081304306159687	1.9020093908686404	0.06772214279623573	0.7631195933220544	0.1006738844912394	97.89359028301247	102.05806537804415	0.0024467487926958026	1.0000978899222208
2.108121154063902	1.9020093908686404	0.06772214279623573	0.7631195933220544	0.1006738844912394	97.89359028301247	102.05806537804415	0.0024467487926958026	1.0000978899222208
2.108121154063902	1.9019826919284366	0.06772214279623573	0.7631195933220544	0.1006738844912394	97.89359028301247	102.05806537804415	0.0024467487926958026	1.0000978899222208
2.108121154063902	1.9019826919284366	0.06772214279623573	0.7631195933220544	0.1006738844912394	97.89359028301247	102.05806537804415	0.0024467487926958026	1.0000978899222208
2.10755713968315	1.9019826919284366	0.06772214279623573	0.7631195933220544	0.1006738844912394	97.89359028301247	102.05806537804415	0.0024467487926958026	1.0000978899222208
2.10755713968315	1.9019826919284366	0.06772214279623573	0.7631195933220544	0.1006738844912394	97.89359028301247	102.05806537804415	0.0024467487926958026	1.0000978899222208
2.10755713968315	1.9019826919284366	0.06772214279623573	0.7631195933220544	0.1006738844912394	97.89359028301247	102.05806537804415	0.0024467487926958026	1.0000978899222208
2.10755713968315	1.9019820616305783	0.06772214279623573	0.7631195933220544	0.1006738844912394	97.89359028301247	102.05806537804415	0.0024467487926958026	1.0000978899222208
2.107557454451445	1.9019820616305783	0.06772214279623573	0.7631195933220544	0.1006738844912394	97.89359028301247	102.05806537804415	0.0024467487926958026	1.0000978899222208
2.107557454451445	1.9019820616305783	0.06772214279623573	0.7631140966191637	0.1006738844912394	97.89359028301247	102.05806537804415	0.0024467487926958026	1.0000978899222208
2.107557454451445	1.9019820616305783	0.06772214279623573	0.7631140966191637	0.1006738844912394	97.89359028301247	102.05806537804415	0.0024467487926958026	1.0000978899222208
2.107557454451445	1.9019820616305783	0.06772214279623573	0.7631140966191637	0.1006738844912394	97.89359028301247	102.05806537804415	0.0024467487926958026	1.0000978899222208
2.107557454451445	1.9019820616305783	0.06772214279623573	0.7631140966191637	0.1006738844912394	97.88910427658845	102.05806537804415	0.0024467487926958026	1.0000978899222208
2.107557454451445	1.9019820616305783	0.06772214279623573	0.7631140966191637	0.1006738844912394	97.88910427658845	102.05806537804415	0.0024467487926958026	1.0000978899222208
2.107557454451445	1.9019820616305783	0.06772214279623573	0.7631140966191637	0.1006738844912394	97.88936800416606	102.05806537804415	0.0024467487926958026	1.0000978899222208
2.107557454451445	1.9019820616305783	0.06772214279623573	0.7631140966191637	0.1006738844912394	97.88936800416606	102.05806537804415	0.0024467487926958026	1.0000978899222208
2.107557454451445	1.9019820616305783	0.06772214279623573	0.7631140966191637	0.10048004761901723	97.88936800416606	102.05806537804415	0.0024467487926958026	1.0000978899222208
2.107557454451445	1.9019820616305783	0.06772214279623573	0.7631140966191637	0.10048004761901723	97.88936800416606	102.05806537804415	0.0024467487926958026	1.0000978899222208
2.107557454451445	1.9020193442874151	0.06772214279623573	0.7631140966191637	0.10048004761901723	97.88936800416606	102.05806537804415	0.0024467487926958026	1.0000978899222208
2.107557454451445	1.9020193442874151	0.06772214279623573	0.7631140966191637	0.10047779858790898	97.88936800416606	102.05806537804415	0.0024467487926958026	1.0000978899222208
2.107557454451445	1.9020193442874151	0.06772214279623573	0.7631140966191637	0.10047779858790898	97.88936800416606	102.05806537804415	0.0024467487926958026	1.0000978899222208
2.107557454451445	1.9020193442874151	0.06772214279623573	0.7631140966191637	0.10047779858790898	97.88936192269979	102.05806537804415	0.0024467487926958026	1.0000978899222208
2.107536738720505	1.9020193442874151	0.06772214279623573	0.7631140966191637	0.10047779858790898	97.88936192269979	102.05806537804415	0.0024467487926958026	1.0000978899222208
2.107536738720505	1.9020193442874151	0.06772140483396635	0.7631140966191637	0.10047779858790898	97.88936192269979	102.05806537804415	0.0024467487926958026	1.0000978899222208
2.107536738720505	1.9020193442874151	0.06784233849780524	0.7631140966191637	0.10047779858790898	97.88936192269979	102.05806537804415	0.0024467487926958026	1.0000978899222208
2.107536738720505	1.9020193442874151	0.06784233849780524	0.7631140966191637	0.10047849699439158	97.88936192269979	102.05806537804415	0.0024467487926958026	1.0000978899222208
2.107536738720505	1.9020245972390317	0.06784233849780524	0.7631140966191637	0.10047849699439158	97.88936192269979	102.05806537804415	0.0024467487926958026	1.0000978899222208
2.107536738720505	1.9020245972390317	0.06784233849780524	0.7631140966191637	0.10047849699439158	97.88936192269979	102.05806537804415	0.0024467487926958026	1.0000978899222208
2.107536738720505	1.9020245972390317	0.06784233849780524	0.7631140966191637	0.10047849699439158	97.88936192269979	102.05806537804415	0.0024467487926958026	1.0000978899222208
2.107536738720505	1.8992378484734176	0.06784233849780524	0.7631140966191637	0.10047849699439158	97.88936192269979	102.05806537804415	0.0024467487926958026	1.0000978899222208
2.1074517468537644	1.8992378484734176	0.06784233849780524	0.7631140966191637	0.10047849699439158	97.88936192269979	102.05806537804415	0.0024467487926958026	1.0000978899222208
2.1074517468537644	1.8992378484734176	0.06784233849780524	0.7631140966191637	0.10047849699439158	97.88936192269979	102.05806537804415	0.0024467487926958026	1.0000979102580496
2.1074517468537644	1.8992378484734176	0.06784233849780524	0.7631140966191637	0.10047849699439158	97.88936192269979	102.05806537804415	0.0024467211627877995	1.0000979102580496
2.1074517468537644	1.8992378484734176	0.06784233849780524	0.7631140966191637	0.10047849699439158	97.88936192269979	102.05806537804415	0.0024467211627877995	1.0000979102580496
2.1074517468537644	1.8992378484734176	0.06784233849780524	0.7631140966191637	0.10047849699439158	97.88936192269979	102.05806537804415	0.0024467211627877995	1.0000979102580496
2.1074517468537644	1.8992378484734176	0.06784233849780524	0.7631140966191637	0.10047849699439158	97.88936192269979	102.05806537804415	0.002446755022246532	1.0000979102580496
2.1068390624876154	1.8992378484734176	0.06784233849780524	0.7631140966191637	0.10047849699439158	97.88936192269979	102.05806537804415	0.002446755022246532	1.0000979102580496
2.1068390624876154	1.8992378484734176	0.06784233849780524	0.7631140966191637	0.10047827156369073	97.88936192269979	102.05806537804415	0.002446755022246532	1.0000979102580496
2.1068390624876154	1.8992378484734176	0.06784233849780524	0.7631140966191637	0.10047827156369073	97.88936192269979	102.05806537804415	0.002446755022246532	1.0000979102580496
2.1068390624876154	1.8992378484734176	0.06784233849780524	0.7631140966191637	0.10047827156369073	97.89779438185006	102.05806537804415	0.002446755022246532	1.0000979102580496
2.1068390624876154	1.8992378484734176	0.06784233849780524	0.7631140966191637	0.10047827156369073	97.89779438185006	102.05806537804415	0.002446755022246532	1.0001019208826933
2.1068390624876154	1.8991977752466247	0.06784233849780524	0.7631140966191637	0.10047827156369073	97.89779438185006	102.05806537804415	0.002446755022246532	1.0001019208826933
2.1068390624876154	1.8991977752466247	0.06784233849780524	0.7631140966191637	0.10047810907677672	97.89779438185006	102.05806537804415	0.002446755022246532	1.0001019208826933
2.1068390624876154	1.8991977752466247	0.06784233849780524	0.7631140966191637	0.10047810907677672	97.89779438185006	102.05806537804415	0.002446755022246532	1.0001019208826933
2.1068390624876154	1.8991977752466247	0.06784405566464324	0.7631140966191637	0.10047810907677672	97.89779438185006	102.05806537804415	0.002446755022246532	1.0001019208826933
2.1068390624876154	1.8991977752466247	0.06784405566464324	0.7631140966191637	0.10047810907677672	97.89779438185006	102.05806537804415	0.002446755022246532	1.0001019208826933
2.1068390624876154	1.8991977752466247	0.06784405566464324	0.7631140966191637	0.10047810907677672	97.89779438185006	102.05806537804415	0.002446755022246532	1.0001027416901487
2.1068390624876154	1.8991977752466247	0.06784405566464324	0.7631140966191637	0.10047810907677672	97.89779438185006	102.05806537804415	0.002446755022246532	1.0001027416901487
2.1068390624876154	1.8991977752466247	0.06784405566464324	0.7631140966191637	0.10047810907677672	97.89779438185006	102.05806537804415	0.002446755022246532	1.0001027416901487
2.1068390624876154	1.8992096268282084	0.06784405566464324	0.7631140966191637	0.10047810907677672	97.89779438185006	102.05806537804415	0.002446755022246532	1.0001027416901487
2.1068390624876154	1.8992096268282084	0.06784405566464324	0.7631140966191637	0.10047810907677672	97.89779438185006	102.05806537804415	0.002446755022246532	1.0001027416901487
2.1068390624876154	1.8992096268282084	0.06784405566464324	0.7631140966191637	0.10047810907677672	97.89779438185006	102.05806537804415	0.0024478228974274983	1.0001027416901487
2.1068390624876154	1.8992096268282084	0.06784405566464324	0.7631140966191637	0.10047810907677672	97.89779438185006	102.05806537804415	0.0024478228974274983	1.0001027416901487
2.1068390624876154	1.8992096268282084	0.06784405566464324	0.7631140966191637	0.10047810907677672	97.89779438185006	102.25892402163488	0.0024478228974274983	1.0001027416901487
2.1068390624876154	1.8992096268282084	0.06784405566464324	0.7631140966191637	0.10047810907677672	97.89779438185006	102.25892402163488	0.0024478228974274983	1.0001027416901487
2.1068390624876154	1.8992096268282084	0.06784405566464324	0.7631140966191637	0.10047810907677672	97.89779438185006	100.17820913502055	0.0024478228974274983	1.0001027416901487
2.106837110872312	1.8992096268282084	0.06784405566464324	0.7631140966191637	0.10047810907677672	97.89779438185006	100.17820913502055	0.0024478228974274983	1.0001027416901487
2.106837110872312	1.8992096268282084	0.06784405566464324	0.7631140966191637	0.10047810907677672	97.89535337134438	100.17820913502055	0.0024478228974274983	1.0001027416901487
2.106837110872312	1.8992096268282084	0.06784405566464324	0.7631140966191637	0.10047810907677672	97.89535337134438	100.17820913502055	0.0024478228974274983	1.0001027416901487
2.106837110872312	1.8992096268282084	0.06784405566464324	0.7631140966191637	0.10047810907677672	97.89535337134438	100.17820913502055	0.0024478228974274983	1.000101981612854
2.106837110872312	1.8992096268282084	0.06784405566464324	0.7631140966191637	0.10047810907677672	97.89535337134438	98.47217517033421	0.0024478228974274983	1.000101981612854
2.106837110872312	1.8992096268282084	0.06784405566464324	0.7631140966191637	0.10047810907677672	97.89535337134438	98.47242433626992	0.0024478228974274983	1.000101981612854
2.106837110872312	1.8992096268282084	0.06784405566464324	0.7631140966191637	0.10047764742129135	97.89535337134438	98.47242433626992	0.0024478228974274983	1.000101981612854
2.106837110872312	1.8992096268282084	0.06784613123086491	0.7631140966191637	0.10047764742129135	97.89535337134438	98.47242433626992	0.0024478228974274983	1.000101981612854
2.106837110872312	1.8992096268282084	0.06784613123086491	0.7631140966191637	0.10047764742129135	97.89535337134438	98.47242433626992	0.0024478228974274983	1.000101981612854
2.106837110872312	1.8992093459782908	0.06784613123086491	0.7631140966191637	0.10047764742129135	97.89535337134438	98.47242433626992	0.0024478228974274983	1.000101981612854
2.106837110872312	1.8992093459782908	0.06784613123086491	0.7631140966191637	0.10047764742129135	97.89535337134438	98.47242433626992	0.0024478228974274983	1.0001019214957632
2.106837110872312	1.8992093459782908	0.06784613123086491	0.7631140966191637	0.10047764742129135	97.89535337134438	98.47242433626992	0.0024478228974274983	1.0001019214957632
2.106837110872312	1.8992093459782908	0.06784613123086491	0.7631140966191637	0.10047764742129135	97.89535337134438	98.47242433626992	0.0024478228974274983	1.0001019214957632
2.106837110872312	1.8992093459782908	0.06783594805258278	0.7631140966191637	0.10047764742129135	97.89535337134438	98.47242433626992	0.0024478228974274983	1.0001019214957632
2.106837110872312	1.8992093459782908	0.06781255313734258	0.7631140966191637	0.10047764742129135	97.89535337134438	98.47242433626992	0.0024478228974274983	1.0001019214957632
2.106837110872312	1.8992093459782908	0.06781255313734258	0.7631140966191637	0.10047764742129135	97.89535337134438	98.47242433626992	0.0024478228974274983	1.0001019214957632
2.106837110872312	1.8992093459782908	0.06781255313734258	0.7631140966191637	0.10047764742129135	97.89535337134438	98.47242433626992	0.0024478228974274983	1.0001019214957632
2.106837110872312	1.8992093459782908	0.06781255313734258	0.7631140966191637	0.10047764742129135	97.89535337134438	98.47242433626992	0.0024478228974274983	1.0001019214957632
2.106837110872312	1.8992093459782908	0.06781255313734258	0.7631140966191637	0.10047764742129135	97.89535337134438	98.47242433626992	0.0024478228974274983	1.0001019214957632
2.106837110872312	1.8992093459782908	0.06781255313734258	0.7631140966191637	0.10047764742129135	97.89535337134438	98.47242433626992	0.002445485983519886	1.0001019214957632
2.106786289585448	1.8992093459782908	0.06781255313734258	0.7631140966191637	0.10047764742129135	97.89535337134438	98.47242433626992	0.002445485983519886	1.0001019214957632
2.106786289585448	1.8992093459782908	0.06781255313734258	0.7631140966191637	0.10047764742129135	97.89535337134438	98.47242433626992	0.002445485983519886	1.0001019214957632
2.106786289585448	1.8992093459782908	0.06781255313734258	0.7631140966191637	0.10047764742129135	97.89535337134438	98.47242433626992	0.002445485983519886	1.0001019214957632
2.106786289585448	1.8992093459782908	0.06781255313734258	0.7631140966191637	0.10039421034635411	97.89535337134438	98.47242433626992	0.002445485983519886	1.0001019214957632
2.106786289585448	1.8992093459782908	0.0678113554753821	0.7631140966191637	0.10039421034635411	97.89535337134438	98.47242433626992	0.002445485983519886	1.0001019214957632
2.106786289585448	1.8992093459782908	0.0678113554753821	0.7631140966191637	0.10039421034635411	97.89535337134438	98.47242433626992	0.002445485983519886	1.0001019214957632
2.106842286566654	1.8992093459782908	0.0678113554753821	0.7631140966191637	0.10039421034635411	97.89535337134438	98.47242433626992	0.002445485983519886	1.0001019214957632
2.107740753800966	1.8992093459782908	0.0678113554753821	0.7631140966191637	0.10039421034635411	97.89535337134438	98.47242433626992	0.002445485983519886	1.0001019214957632
2.107740753800966	1.8992093459782908	0.0678113554753821	0.7631140966191637	0.10039421034635411	97.89535337134438	98.47242433626992	0.002445485983519886	1.0001019214957632
2.107740753800966	1.8992093459782908	0.0678113554753821	0.7631140966191637	0.10030508465256668	97.89535337134438	98.47242433626992	0.002445485983519886	1.0001019214957632
2.107740753800966	1.8992093459782908	0.0678113554753821	0.7631140966191637	0.10030508465256668	97.89535337134438	98.47242433626992	0.002445485983519886	1.0001019214957632
2.107740753800966	1.8992093459782908	0.0678113554753821	0.7631140966191637	0.10030508465256668	97.89535337134438	98.47242433626992	0.002445485983519886	1.0001019214957632
2.107740753800966	1.8992093459782908	0.0678113554753821	0.7631140966191637	0.10030508465256668	97.89535337134438	98.47242433626992	0.002453644713207384	1.0001019214957632
2.107740753800966	1.8992093459782908	0.0678113554753821	0.7631140966191637	0.10030508465256668	97.89535337134438	98.47242433626992	0.002453644713207384	1.0001019214957632
2.107740753800966	1.8992153542567087	0.0678113554753821	0.7631140966191637	0.10030508465256668	97.89535337134438	98.47242433626992	0.002453644713207384	1.0001019214957632
2.107740753800966	1.8992153542567087	0.0678113554753821	0.7631140966191637	0.10030508465256668	97.89535337134438	98.47242433626992	0.002453644713207384	1.0001019214957632
2.107740753800966	1.8992153542567087	0.0678113554753821	0.7631140966191637	0.10030508465256668	97.89535337134438	98.47242433626992	0.002453644713207384	1.0001019214957632
2.107740753800966	1.8992153542567087	0.0678113554753821	0.7631140966191637	0.10030508465256668	97.89566611158958	98.47242433626992	0.002453644713207384	1.0001019214957632
2.107740753800966	1.8992153542567087	0.0678113554753821	0.7631140966191637	0.10030508465256668	97.89566611158958	98.47242433626992	0.002453644713207384	1.0001019214957632
2.107740753800966	1.8992153542567087	0.0678113554753821	0.7631140966191637	0.10030508465256668	97.89566611158958	98.47242433626992	0.002453644713207384	1.0001019214957632
2.107740753800966	1.8992153542567087	0.0678113554753821	0.7631140966191637	0.10030508465256668	97.89566611158958	98.47242433626992	0.002453644713207384	1.0001019214957632
2.107746883839801	1.8992153542567087	0.0678113554753821	0.7631140966191637	0.10030508465256668	97.89566611158958	98.47242433626992	0.002453644713207384	1.0001019214957632
2.107746883839801	1.8992153542567087	0.0678113554753821	0.7631140966191637	0.10030508465256668	97.89566611158958	98.47242433626992	0.002453644713207384	1.0001019214957632
2.107746883839801	1.8992153542567087	0.0678113554753821	0.7631140966191637	0.10030508465256668	97.89566611158958	98.47332971390138	0.002453644713207384	1.0001019214957632
2.107746883839801	1.8992153542567087	0.0678113554753821	0.7631182210970965	0.10030508465256668	97.89566611158958	98.47332971390138	0.002453644713207384	1.0001019214957632
2.107746883839801	1.8992153542567087	0.0678113554753821	0.7631182210970965	0.10030508465256668	97.89517106714678	98.47332971390138	0.002453644713207384	1.0001019214957632
2.107746883839801	1.8992153542567087	0.0678113554753821	0.7631182210970965	0.10030508465256668	97.89517106714678	98.47332971390138	0.002453644713207384	1.0001019214957632
2.107746883839801	1.8992153542567087	0.0678113554753821	0.7631182210970965	0.10030508465256668	97.89517106714678	98.47332971390138	0.0024541154737094326	1.0001019214957632
2.107746883839801	1.8992153542567087	0.0678113554753821	0.7631182210970965	0.10030508465256668	97.89517106714678	98.47332971390138	0.0024541154737094326	1.0001019214957632
2.107746883839801	1.8992153542567087	0.0678113554753821	0.7631182210970965	0.10030508465256668	97.89895159381335	98.47332971390138	0.0024541154737094326	1.0001019214957632
2.107746883839801	1.8992153542567087	0.0678113554753821	0.7631182210970965	0.10030508465256668	97.89895159381335	98.47332971390138	0.0024541154737094326	1.0001019214957632
2.107746883839801	1.8992167000473008	0.0678113554753821	0.7631182210970965	0.10030508465256668	97.89895159381335	98.47332971390138	0.0024541154737094326	1.0001019214957632
2.107746883839801	1.8992167000473008	0.0678113554753821	0.7631169197994202	0.10030508465256668	97.89895159381335	98.47332971390138	0.0024541154737094326	1.0001019214957632
2.107746883839801	1.8976286625599392	0.0678113554753821	0.7631169197994202	0.10030508465256668	97.89895159381335	98.47332971390138	0.0024541154737094326	1.0001019214957632
2.107746883839801	1.8976286625599392	0.0678113554753821	0.7631169197994202	0.10030508465256668	97.89895159381335	98.47332971390138	0.0024541154737094326	1.0001019214957632
2.107746883839801	1.8976286625599392	0.06793048319068622	0.7631169197994202	0.10030508465256668	97.89895159381335	98.47332971390138	0.0024541154737094326	1.0001019214957632
2.107746883839801	1.8976286625599392	0.06793048319068622	0.7631169197994202	0.10030508465256668	97.89895159381335	98.47332971390138	0.0024541154737094326	1.0001019214957632
2.107746883839801	1.8976286625599392	0.06793048319068622	0.7631169197994202	0.10030508465256668	97.89895159381335	98.47332971390138	0.0024541154737094326	1.0001019214957632
2.107746883839801	1.8976286625599392	0.06793048319068622	0.7631169197994202	0.10030508465256668	97.89895159381335	98.47332971390138	0.0024541154737094326	1.0001019214957632
2.107746883839801	1.8976286625599392	0.06793048319068622	0.7631169197994202	0.10030508465256668	97.89895159381335	98.47345835846919	0.0024541154737094326	1.0001019214957632
2.107746883839801	1.8976286625599392	0.06793048319068622	0.7631169197994202	0.10030508465256668	97.89895159381335	98.47286167841294	0.0024541154737094326	1.0001019214957632
2.107746883839801	1.8976286625599392	0.06793048319068622	0.7631169197994202	0.10030508465256668	97.89895159381335	98.47286167841294	0.0024541154737094326	1.0001019214957632
2.107746883839801	1.8976286625599392	0.06793048319068622	0.7631169197994202	0.10030508465256668	97.89895159381335	98.47286167841294	0.0024541154737094326	1.0001019214957632
2.107746883839801	1.8976293019548582	0.06793048319068622	0.7631169197994202	0.10030508465256668	97.89895159381335	98.47286167841294	0.0024541154737094326	1.0001019214957632
2.107746883839801	1.8976293019548582	0.06793048319068622	0.7631169197994202	0.10030508465256668	97.89719910397746	98.47286167841294	0.0024541154737094326	1.0001019214957632
2.107746883839801	1.8976293019548582	0.06793048319068622	0.7631169197994202	0.10030508465256668	97.89719910397746	98.47286167841294	0.0024541154737094326	1.0001019214957632
2.107746883839801	1.8976293019548582	0.06793048319068622	0.7631169197994202	0.10031220240071831	97.89719910397746	98.47286167841294	0.0024541154737094326	1.0001019214957632
2.107746883839801	1.8976293019548582	0.06793048319068622	0.7631169197994202	0.10031220240071831	97.89719910397746	98.47286167841294	0.0024541154737094326	1.0001019214957632
2.107746883839801	1.8976293019548582	0.06793048319068622	0.7631169197994202	0.10031220240071831	97.89719910397746	98.47286167841294	0.0024541154737094326	1.0001019214957632
2.107746883839801	1.8976293019548582	0.06793048319068622	0.7631169197994202	0.10031220240071831	97.89719910397746	98.47286167841294	0.0024541154737094326	1.0001019214957632
2.107746883839801	1.8976293019548582	0.06793048319068622	0.7631169197994202	0.10031220240071831	97.89719910397746	98.47286167841294	0.0024541154737094326	1.0001019214957632
2.107746883839801	1.8976293019548582	0.06793048319068622	0.7631169197994202	0.10028698722865644	97.89719910397746	98.47286167841294	0.0024541154737094326	1.0001019214957632
2.107746883839801	1.8976293019548582	0.06793048319068622	0.7631169197994202	0.10028698722865644	97.89719910397746	98.47286167841294	0.0024541154737094326	1.0001019214957632
2.107746883839801	1.8976293019548582	0.06793048319068622	0.7631169197994202	0.10028698722865644	97.89719910397746	98.47286167841294	0.0024541154737094326	1.000102549520159
2.107648375935743	1.8976293019548582	0.06793048319068622	0.7631169197994202	0.10028698722865644	97.89719910397746	98.47286167841294	0.0024541154737094326	1.000102549520159
2.107648375935743	1.8976293019548582	0.06793048319068622	0.7631169197994202	0.10028698722865644	97.89719910397746	98.47286167841294	0.0024541154737094326	1.000102549520159
2.107648375935743	1.8976293019548582	0.06793048319068622	0.7631169197994202	0.1001740601608244	97.89719910397746	98.47286167841294	0.0024541154737094326	1.000102549520159
2.107648375935743	1.8976304056878908	0.06793048319068622	0.7631169197994202	0.1001740601608244	97.89719910397746	98.47286167841294	0.0024541154737094326	1.000102549520159
2.107648375935743	1.8976304056878908	0.06793048319068622	0.7631169197994202	0.1001740601608244	97.89719910397746	98.47286167841294	0.0024541154737094326	1.000102549520159
2.107648375935743	1.8976304056878908	0.06793048319068622	0.7631169197994202	0.1001740601608244	97.89719910397746	98.47286167841294	0.0024541154737094326	1.000102549520159
2.107648375935743	1.8976304056878908	0.06793048319068622	0.7631169197994202	0.1001740601608244	97.89719910397746	98.47286167841294	0.0024541154737094326	1.000102549520159
2.107648375935743	1.8976304056878908	0.06793048319068622	0.7631169197994202	0.1001740601608244	97.89719910397746	98.47286167841294	0.0024540539395270667	1.000102549520159
2.107648375935743	1.8976304056878908	0.06793048319068622	0.7631169197994202	0.1001740601608244	97.89719910397746	98.47286167841294	0.0024540539395270667	1.000102549520159
2.107648375935743	1.8976304056878908	0.06793048319068622	0.7631169197994202	0.1001740601608244	97.89719910397746	98.47286167841294	0.0024540539395270667	1.000102549520159
2.1076369585337353	1.8976304056878908	0.06793048319068622	0.7631169197994202	0.1001740601608244	97.89719910397746	98.47286167841294	0.0024540539395270667	1.000102549520159
2.1076369585337353	1.897492658180887	0.06793048319068622	0.7631169197994202	0.1001740601608244	97.89719910397746	98.47286167841294	0.0024540539395270667	1.000102549520159
2.1076369585337353	1.897492658180887	0.06793048319068622	0.7631169197994202	0.1001740601608244	97.89719910397746	98.47286167841294	0.0024540539395270667	1.000102549520159
2.1076369585337353	1.897492658180887	0.06793048319068622	0.7631169197994202	0.1001740601608244	97.89888254290967	98.47286167841294	0.0024540539395270667	1.000102549520159
2.1076369585337353	1.8974172308665982	0.06793048319068622	0.7631169197994202	0.1001740601608244	97.89888254290967	98.47286167841294	0.0024540539395270667	1.000102549520159
2.1076369585337353	1.8974172308665982	0.06793048319068622	0.7631169197994202	0.1001740601608244	97.90308372762748	98.47286167841294	0.0024540539395270667	1.000102549520159
2.1076369585337353	1.8974172308665982	0.06793048319068622	0.7631169197994202	0.1001740601608244	97.90308372762748	98.47286167841294	0.0024540539395270667	1.000102549520159
2.1076369585337353	1.896642905294461	0.06793048319068622	0.7631169197994202	0.1001740601608244	97.90308372762748	98.47286167841294	0.0024540539395270667	1.000102549520159
2.1076369585337353	1.896642905294461	0.06793048319068622	0.7631169197994202	0.1001740601608244	97.90280043867216	98.47286167841294	0.0024540539395270667	1.000102549520159
2.1076369585337353	1.896642905294461	0.06793048319068622	0.7631169197994202	0.1001740601608244	97.90280043867216	98.50138313286914	0.0024540539395270667	1.000102549520159
2.1076369585337353	1.896642905294461	0.06793048319068622	0.7631169197994202	0.1001740601608244	97.90282896435377	98.50138313286914	0.0024540539395270667	1.000102549520159
2.1076369585337353	1.896642905294461	0.06793048319068622	0.7631169197994202	0.1001740601608244	97.90282896435377	98.50138313286914	0.0024540539395270667	1.000102549520159
2.1076369585337353	1.896642905294461	0.06793048319068622	0.7631169197994202	0.1001740601608244	97.90282896435377	98.50138313286914	0.0024540539395270667	1.000102549520159
2.1076369585337353	1.896642905294461	0.06793048319068622	0.7631169197994202	0.1001740601608244	97.90282896435377	98.50138313286914	0.0024540539395270667	1.000102549520159
2.1076369585337353	1.896642905294461	0.06793048319068622	0.7631169197994202	0.1001740601608244	97.90282896435377	98.50138313286914	0.0024540539395270667	1.000102549520159
2.1076369585337353	1.896642905294461	0.06793048319068622	0.7631169197994202	0.1001740601608244	97.90776799814113	98.50138313286914	0.0024540539395270667	1.000102549520159
2.1076369585337353	1.896642905294461	0.06793048319068622	0.7631169197994202	0.1001740601608244	97.90776799814113	98.50138313286914	0.0024540539395270667	1.000102549520159
2.1076369585337353	1.8966364788901207	0.06793048319068622	0.7631169197994202	0.1001740601608244	97.90776799814113	98.50138313286914	0.0024540539395270667	1.000102549520159
2.1076369585337353	1.8966364788901207	0.06793048319068622	0.7631169197994202	0.10018253836696042	97.90776799814113	98.50138313286914	0.0024540539395270667	1.000102549520159
2.1076369585337353	1.8966364788901207	0.06793048319068622	0.7631169197994202	0.10018253836696042	97.90776799814113	98.50138313286914	0.0024540539395270667	1.000102549520159
2.1076369585337353	1.8966364788901207	0.06793048319068622	0.7631169197994202	0.10032992350427751	97.90776799814113	98.50138313286914	0.0024540539395270667	1.000102549520159
2.1076369585337353	1.8966364788901207	0.06793048319068622	0.7631169197994202	0.10032992350427751	97.90776799814113	98.50138313286914	0.0024540539395270667	1.0000966575346055
2.1076369585337353	1.8966364788901207	0.06793048319068622	0.7631169197994202	0.10032992350427751	97.90776799814113	98.50138313286914	0.0024540539395270667	1.0000966575346055
2.1076369585337353	1.8966364788901207	0.06793048319068622	0.7631169197994202	0.10032992350427751	97.90935181987574	98.50138313286914	0.0024540539395270667	1.0000966575346055
2.1076369585337353	1.8966364788901207	0.06793048319068622	0.7631169197994202	0.10055045137002333	97.90935181987574	98.50138313286914	0.0024540539395270667	1.0000966575346055
2.1076369585337353	1.8966364788901207	0.06793048319068622	0.7631169197994202	0.10055156445188253	97.90935181987574	98.50138313286914	0.0024540539395270667	1.0000966575346055
2.1076369585337353	1.8966364788901207	0.06793048319068622	0.7631169197994202	0.10055156445188253	97.90935181987574	98.50138313286914	0.00245042000249164	1.0000966575346055
2.1076369585337353	1.8966364788901207	0.06793048319068622	0.7631169197994202	0.10055156445188253	97.90935181987574	98.50138313286914	0.00245042000249164	1.0000966575346055
2.1076369585337353	1.8966364788901207	0.06793048319068622	0.7631169197994202	0.10055156445188253	97.90935181987574	98.5045585713505	0.00245042000249164	1.0000966575346055
2.1076369585337353	1.8966364788901207	0.06793048319068622	0.7631169197994202	0.10055156445188253	97.90935181987574	98.5045585713505	0.00245042000249164	1.0000966575346055
2.1076369585337353	1.8966364788901207	0.06793048319068622	0.7631169197994202	0.10055156445188253	97.90935181987574	98.5045585713505	0.0028287962354754453	1.0000966575346055
2.1076369585337353	1.8966364788901207	0.06793048319068622	0.7631169197994202	0.10055156445188253	97.90935181987574	98.5045585713505	0.0028287962354754453	1.0000966575346055
2.1076369585337353	1.8966364788901207	0.06793048319068622	0.7631169197994202	0.10055156445188253	97.90935181987574	98.5045585713505	0.0027945892644497313	1.0000966575346055
2.1076369585337353	1.896646612926935	0.06793048319068622	0.7631169197994202	0.10055156445188253	97.90935181987574	98.5045585713505	0.0027945892644497313	1.0000966575346055
2.1076369585337353	1.896278706531491	0.06793048319068622	0.7631169197994202	0.10055156445188253	97.90935181987574	98.5045585713505	0.0027945892644497313	1.0000966575346055
2.1077344792337835	1.896278706531491	0.06793048319068622	0.7631169197994202	0.10055156445188253	97.90935181987574	98.5045585713505	0.0027945892644497313	1.0000966575346055
2.1077344792337835	1.896278706531491	0.06793048319068622	0.7631169197994202	0.10055156445188253	97.90935181987574	98.5045585713505	0.0027938133316720033	1.0000966575346055
2.1080125276027406	1.896278706531491	0.06793048319068622	0.7631169197994202	0.10055156445188253	97.90935181987574	98.5045585713505	0.0027938133316720033	1.0000966575346055
2.1085030592777407	1.896278706531491	0.06793048319068622	0.7631169197994202	0.10055156445188253	97.90935181987574	98.5045585713505	0.0027938133316720033	1.0000966575346055
2.1085030592777407	1.896278706531491	0.06793048319068622	0.7631169197994202	0.10055156445188253	97.90935181987574	98.5045585713505	0.0027938133316720033	1.0000966575346055
2.1085030592777407	1.896278706531491	0.06797178474772805	0.7631169197994202	0.10055156445188253	97.90935181987574	98.5045585713505	0.0027938133316720033	1.0000966575346055
2.1085030592777407	1.8963921052528483	0.06797178474772805	0.7631169197994202	0.10055156445188253	97.90935181987574	98.5045585713505	0.0027938133316720033	1.0000966575346055
2.1085030592777407	1.8963921052528483	0.06797178474772805	0.7631169197994202	0.10055156445188253	97.90935181987574	98.5045585713505	0.0027938133316720033	1.0000966575346055
2.1085030592777407	1.8963921052528483	0.06797178474772805	0.7631169197994202	0.10055156445188253	97.90935181987574	98.5045585713505	0.0027938133316720033	1.0000966575346055
2.1085030592777407	1.8963921052528483	0.06797178474772805	0.7631169197994202	0.10055156445188253	97.90935181987574	98.5045585713505	0.0027938133316720033	1.0000966575346055
2.1085030592777407	1.8963921052528483	0.06797178474772805	0.7631169197994202	0.10055156445188253	97.90935181987574	98.5045585713505	0.0027938133316720033	1.0000966575346055
2.1085030592777407	1.8963921052528483	0.06797178474772805	0.7631169197994202	0.10055156445188253	97.90935181987574	98.5045585713505	0.0027938256977728736	1.0000966575346055
2.1085030592777407	1.8963921052528483	0.06797178474772805	0.7631169197994202	0.10055344854450281	97.90935181987574	98.5045585713505	0.0027938256977728736	1.0000966575346055
2.1085030592777407	1.8963921052528483	0.06797178474772805	0.7631169197994202	0.10055344854450281	97.90935181987574	98.5045585713505	0.0027942201801168316	1.0000966575346055
2.1085030592777407	1.8963921052528483	0.06797178474772805	0.7631169197994202	0.10055344854450281	97.90935181987574	98.5045585713505	0.0027942201801168316	1.0000966575346055
2.1085030592777407	1.8963921052528483	0.06797178474772805	0.7631169197994202	0.10055344854450281	97.90935181987574	98.5045585713505	0.0027695279518511386	1.0000966575346055
2.1085030592777407	1.8963921052528483	0.06797178474772805	0.7631169197994202	0.10055344854450281	97.90935181987574	98.5045585713505	0.0027695279518511386	1.0000966575346055
2.1085030592777407	1.8963921052528483	0.06797178474772805	0.7631169197994202	0.10055344854450281	97.90935181987574	98.5045585713505	0.0027695279518511386	1.0000966575346055
2.1085030592777407	1.8963921052528483	0.06797178474772805	0.7631169197994202	0.10055344854450281	97.90935181987574	98.5045585713505	0.0027695279518511386	1.0000966575346055
2.1085030592777407	1.8963921052528483	0.06797178474772805	0.7631169197994202	0.10055344854450281	97.90935181987574	98.5045585713505	0.0027695279518511386	1.0000966575346055
2.1085030592777407	1.8963921052528483	0.06797178474772805	0.7631169197994202	0.10055344854450281	97.90935181987574	98.41858957617917	0.0027695279518511386	1.0000966575346055
2.1085030592777407	1.8963921052528483	0.06797178474772805	0.7631169197994202	0.10055344854450281	97.90935181987574	98.41858957617917	0.0027695279518511386	1.0000966575346055
2.1085030592777407	1.8963921052528483	0.06797178474772805	0.7631169197994202	0.10055344854450281	97.90935181987574	98.41858957617917	0.0027695279518511386	1.000096781877748
2.1085030592777407	1.8964481745707817	0.06797178474772805	0.7631169197994202	0.10055344854450281	97.90935181987574	98.41858957617917	0.0027695279518511386	1.000096781877748
2.108502709065071	1.8964481745707817	0.06797178474772805	0.7631169197994202	0.10055344854450281	97.90935181987574	98.41858957617917	0.0027695279518511386	1.000096781877748
2.108502709065071	1.896809891825156	0.06797178474772805	0.7631169197994202	0.10055344854450281	97.90935181987574	98.41858957617917	0.0027695279518511386	1.000096781877748
2.108502709065071	1.896809891825156	0.06797178474772805	0.7631169197994202	0.10055344854450281	97.90935181987574	98.38042480798482	0.0027695279518511386	1.000096781877748
2.108502709065071	1.896809891825156	0.06797178474772805	0.7631169197994202	0.10055344854450281	97.90935181987574	98.36519172687052	0.0027695279518511386	1.000096781877748
2.108502709065071	1.896809891825156	0.06797178474772805	0.7631169197994202	0.10055344854450281	97.90935181987574	98.36519172687052	0.0027695279518511386	1.000096781877748
2.108502709065071	1.896809891825156	0.06797178474772805	0.7631169197994202	0.10055344854450281	97.90935181987574	98.36519172687052	0.0027695219955192877	1.000096781877748
2.108502709065071	1.896799724524457	0.06797178474772805	0.7631169197994202	0.10055344854450281	97.90935181987574	98.36519172687052	0.0027695219955192877	1.000096781877748
2.108502709065071	1.896799724524457	0.06797178474772805	0.762970319126633	0.10055344854450281	97.90935181987574	98.36519172687052	0.0027695219955192877	1.000096781877748
2.108502709065071	1.896799724524457	0.06797178474772805	0.762970319126633	0.10055344854450281	97.90935181987574	98.36519172687052	0.0027695219955192877	1.000096781877748
2.108502709065071	1.896358185160916	0.06797178474772805	0.762970319126633	0.10055344854450281	97.90935181987574	98.36519172687052	0.0027695219955192877	1.000096781877748
2.108502709065071	1.896358185160916	0.06797178474772805	0.762970319126633	0.10055344854450281	97.90935181987574	98.36519172687052	0.0027695219955192877	1.0001048276337068
2.108502709065071	1.896358185160916	0.06797178474772805	0.762970319126633	0.1005885215481484	97.90935181987574	98.36519172687052	0.0027695219955192877	1.0001048276337068
2.108502709065071	1.896358185160916	0.06799236291935679	0.762970319126633	0.1005885215481484	97.90935181987574	98.36519172687052	0.0027695219955192877	1.0001048276337068
2.108502709065071	1.896358185160916	0.06799236291935679	0.762970319126633	0.1005885215481484	97.90935181987574	98.36519172687052	0.0027695219955192877	1.0001048276337068
2.108502709065071	1.896358185160916	0.06799236291935679	0.762970319126633	0.10058877291994996	97.90935181987574	98.36519172687052	0.0027695219955192877	1.0001048276337068
2.108502709065071	1.896358185160916	0.06799236291935679	0.762970319126633	0.10058896820529141	97.90935181987574	98.36519172687052	0.0027695219955192877	1.0001048276337068
2.1085785742085807	1.896358185160916	0.06799236291935679	0.762970319126633	0.10058896820529141	97.90935181987574	98.36519172687052	0.0027695219955192877	1.0001048276337068
2.1085785742085807	1.896358185160916	0.06799236291935679	0.762970319126633	0.10050363495481181	97.90935181987574	98.36519172687052	0.0027695219955192877	1.0001048276337068
2.1085785742085807	1.896358185160916	0.06799236291935679	0.762970319126633	0.10050363495481181	97.90935181987574	98.36519172687052	0.0027695219955192877	1.0001048276337068
2.1085785742085807	1.896358185160916	0.06799236291935679	0.762970319126633	0.10050363495481181	97.90935181987574	98.36519172687052	0.0027695219955192877	1.0001048276337068
2.1085785742085807	1.896358185160916	0.06799236291935679	0.762970319126633	0.10050363495481181	97.90930409938551	98.36519172687052	0.0027695219955192877	1.0001048276337068
2.1085785742085807	1.896358185160916	0.06799236291935679	0.762970319126633	0.10050363495481181	97.90930409938551	98.38573553925504	0.0027695219955192877	1.0001048276337068
2.1085785742085807	1.896358185160916	0.06799236291935679	0.762970319126633	0.10050363495481181	97.90930409938551	98.38573553925504	0.0027697532291850306	1.0001048276337068
2.1085785742085807	1.896358185160916	0.06799236291935679	0.762970319126633	0.10050363495481181	97.90930409938551	98.38573553925504	0.0027716562030746187	1.0001048276337068
2.1085785742085807	1.896358185160916	0.06799236291935679	0.762970319126633	0.10050363495481181	97.90930409938551	98.38573553925504	0.0027716562030746187	1.0001048276337068
2.1085785742085807	1.896358185160916	0.06799236291935679	0.762970319126633	0.10050069885461596	97.90930409938551	98.38573553925504	0.0027716562030746187	1.0001048276337068
2.1085785742085807	1.896358185160916	0.06799236291935679	0.762970319126633	0.10050069885461596	97.90930409938551	98.38573553925504	0.0027716562030746187	1.0001048276337068
2.1085785742085807	1.896358185160916	0.06799236291935679	0.762970319126633	0.10050069885461596	97.90930409938551	98.38573553925504	0.0027716562030746187	1.0001048276337068
2.1085785742085807	1.896358185160916	0.06799236291935679	0.762970319126633	0.10050069885461596	97.90930409938551	98.38573553925504	0.0027736196142997	1.0001048276337068
2.1085785742085807	1.896358185160916	0.06799236291935679	0.762970319126633	0.10050069885461596	97.90930409938551	98.26049631517449	0.0027736196142997	1.0001048276337068
2.1085785742085807	1.896359884953829	0.06799236291935679	0.762970319126633	0.10050069885461596	97.90930409938551	98.26049631517449	0.0027736196142997	1.0001048276337068
2.1085785742085807	1.896359884953829	0.06799236291935679	0.762970319126633	0.10050069885461596	97.90930409938551	98.26049631517449	0.0027711465035823936	1.0001048276337068
2.1085785742085807	1.896359884953829	0.06799236291935679	0.762970319126633	0.10050069885461596	97.90930409938551	98.26049631517449	0.0027711465035823936	1.0001048276337068
2.1085785742085807	1.8963575265303556	0.06799236291935679	0.762970319126633	0.10050069885461596	97.90930409938551	98.26049631517449	0.0027711465035823936	1.0001048276337068
2.1085785742085807	1.8963575265303556	0.06799236291935679	0.762970319126633	0.10047066844846123	97.90930409938551	98.26049631517449	0.0027711465035823936	1.0001048276337068
2.1085785742085807	1.8963575265303556	0.06799236291935679	0.762970319126633	0.10047066844846123	97.90930409938551	98.26049631517449	0.0027711465035823936	1.0001048276337068
2.1085785742085807	1.8961356589634444	0.06799236291935679	0.762970319126633	0.10047066844846123	97.90930409938551	98.26049631517449	0.0027711465035823936	1.0001048276337068
2.1085785742085807	1.8961356589634444	0.06799236291935679	0.762970319126633	0.10047066844846123	97.90930409938551	98.26049631517449	0.0027711465035823936	1.0001048276337068
2.1085531136163036	1.8961356589634444	0.06799236291935679	0.762970319126633	0.10047066844846123	97.90930409938551	98.26049631517449	0.0027711465035823936	1.0001048276337068
2.1085531136163036	1.8961356589634444	0.06799236291935679	0.762970319126633	0.10047066844846123	97.90930409938551	98.26049631517449	0.0027711465035823936	1.0001048276337068
2.1085531136163036	1.8961356589634444	0.06799236291935679	0.762970319126633	0.10047066844846123	97.90930409938551	98.25579671115835	0.0027711465035823936	1.0001048276337068
2.1085531136163036	1.8961356589634444	0.06799236291935679	0.762970319126633	0.10047066844846123	97.90930409938551	98.25579671115835	0.0027711465035823936	1.0001048276337068
2.1085531136163036	1.8961356589634444	0.06799236291935679	0.762970319126633	0.10047066844846123	97.90930409938551	98.25579671115835	0.0027711465035823936	1.0001048276337068
2.1085531136163036	1.8961356589634444	0.06799236291935679	0.762970319126633	0.10047066844846123	97.90930409938551	98.82591120415489	0.0027711465035823936	1.0001048276337068
2.1085531136163036	1.8961356589634444	0.06799236291935679	0.762970319126633	0.10047066844846123	97.90930409938551	98.82591120415489	0.0027711465035823936	1.0001048276337068
2.1085531136163036	1.8961261336806106	0.06799236291935679	0.762970319126633	0.10047066844846123	97.90930409938551	98.82591120415489	0.0027711465035823936	1.0001048276337068
2.1085531136163036	1.8961261336806106	0.06799236291935679	0.762970319126633	0.10047066844846123	97.90930409938551	98.82591120415489	0.0027711465035823936	1.0001048276337068
2.1085531136163036	1.8961261336806106	0.06799236291935679	0.762970319126633	0.10047067395759328	97.90930409938551	98.82591120415489	0.0027711465035823936	1.0001048276337068
2.1085531136163036	1.8961261336806106	0.06799236291935679	0.762970319126633	0.10047067395759328	97.90930409938551	98.82591120415489	0.0027711465035823936	1.0001048276337068
2.1085531136163036	1.8961261336806106	0.06799236291935679	0.762970319126633	0.10047067395759328	97.90930409938551	98.82591120415489	0.0027711465035823936	1.0001048276337068
2.1085531136163036	1.8961261336806106	0.06799236291935679	0.7629733886622361	0.10047067395759328	97.90930409938551	98.82591120415489	0.0027711465035823936	1.0001048276337068
2.1085531136163036	1.8961261336806106	0.06799236291935679	0.7629733886622361	0.10052095122130368	97.90930409938551	98.82591120415489	0.0027711465035823936	1.0001048276337068
2.1085531136163036	1.8961261336806106	0.06799236291935679	0.7629733886622361	0.10052095122130368	97.90930409938551	98.82591120415489	0.0027711465035823936	1.0000973618866238
2.1085531136163036	1.8961261336806106	0.06799236291935679	0.7629733886622361	0.10052095122130368	97.90930409938551	98.82591120415489	0.0027711366169576195	1.0000973618866238
2.1085531136163036	1.8961261336806106	0.06799236291935679	0.7629733886622361	0.10052095122130368	97.90930409938551	99.23856458977859	0.0027711366169576195	1.0000973618866238
2.1085531136163036	1.8961261336806106	0.06799236291935679	0.7629314732716074	0.10052095122130368	97.90930409938551	99.23856458977859	0.0027711366169576195	1.0000973618866238
2.1085531136163036	1.8961261336806106	0.06799236291935679	0.7629314732716074	0.10052095122130368	97.90930409938551	99.23856458977859	0.0027711366169576195	1.0000973878792598
2.1085531136163036	1.8961261336806106	0.06799236291935679	0.7629314732716074	0.10052095122130368	97.90930409938551	99.2371376794119	0.0027711366169576195	1.0000973878792598
2.1085531136163036	1.8961261336806106	0.06799236291935679	0.7629314732716074	0.10052095122130368	97.90930409938551	99.24687571051184	0.0027711366169576195	1.0000973878792598
2.1085531136163036	1.8961261336806106	0.06799236291935679	0.7629314732716074	0.10052095122130368	97.90930409938551	99.24687571051184	0.0027711366169576195	1.0000973878792598
2.1085531136163036	1.8961261336806106	0.06799236291935679	0.7629314732716074	0.10052095122130368	97.9101014486151	99.24687571051184	0.0027711366169576195	1.0000973878792598
2.1085531136163036	1.8961261336806106	0.06799236291935679	0.7629314732716074	0.10052095122130368	97.90999663780572	99.24687571051184	0.0027711366169576195	1.0000973878792598
2.1085531136163036	1.8961261336806106	0.06799236291935679	0.7629314732716074	0.10052095122130368	97.90999663780572	99.21408747311501	0.0027711366169576195	1.0000973878792598
2.1085531136163036	1.8961261336806106	0.06799236291935679	0.7629314732716074	0.10052095122130368	97.90999663780572	99.21408747311501	0.0027711366169576195	1.0000973878792598
2.1085531136163036	1.8961261336806106	0.06799236291935679	0.7629314732716074	0.10052095122130368	97.90999663780572	99.21408747311501	0.0027711366169576195	1.0000973878792598
2.1085531136163036	1.8961261336806106	0.06799236291935679	0.7629314732716074	0.10052095122130368	97.90999663780572	99.21408747311501	0.0027711366169576195	1.0001046285037656
2.1085531136163036	1.8961261336806106	0.06799236291935679	0.7629314732716074	0.10052095122130368	97.90999663780572	99.21408747311501	0.0027711366169576195	1.0001046285037656
2.1085531136163036	1.8961261336806106	0.06799236291935679	0.7629314732716074	0.10052095122130368	97.90999663780572	99.21408747311501	0.0027711366169576195	1.0001046285037656
2.1085531136163036	1.8961267905957493	0.06799236291935679	0.7629314732716074	0.10052095122130368	97.90999663780572	99.21408747311501	0.0027711366169576195	1.0001046285037656
2.1085531136163036	1.8961267905957493	0.06799236291935679	0.7629314732716074	0.10052095122130368	97.9095080883144	99.21408747311501	0.0027711366169576195	1.0001046285037656
2.1085531136163036	1.8961267905957493	0.06799236291935679	0.7629314732716074	0.10052095122130368	97.9095080883144	99.21408747311501	0.0027711366169576195	1.0001046285037656
2.1085531136163036	1.8961267905957493	0.06799236291935679	0.7629314732716074	0.10052095122130368	97.9095080883144	99.21408747311501	0.0027711366169576195	1.0001046285037656
2.1085531136163036	1.8961267905957493	0.06799236291935679	0.7629314732716074	0.10052095122130368	97.9095080883144	99.18567258794762	0.0027711366169576195	1.0001046285037656
2.1085531136163036	1.8961267905957493	0.06799236291935679	0.7629314732716074	0.1005251767984284	97.9095080883144	99.18567258794762	0.0027711366169576195	1.0001046285037656
2.1085531136163036	1.8961796235187265	0.06799236291935679	0.7629314732716074	0.1005251767984284	97.9095080883144	99.18567258794762	0.0027711366169576195	1.0001046285037656
2.1085531136163036	1.8961796235187265	0.06799236291935679	0.7629314732716074	0.1005251767984284	97.9095080883144	99.18567258794762	0.0027711366169576195	1.0001046285037656
2.1085531136163036	1.8961796235187265	0.06799236291935679	0.7629314732716074	0.1005251767984284	97.9095080883144	99.18567258794762	0.0027711366169576195	1.0001046285037656
2.1085531136163036	1.896490501356695	0.06799236291935679	0.7629314732716074	0.1005251767984284	97.9095080883144	99.18567258794762	0.0027711366169576195	1.0001046285037656
2.1085531136163036	1.896490501356695	0.06799236291935679	0.7629314732716074	0.1005251767984284	97.9095080883144	99.18567258794762	0.0027711366169576195	1.0001046285037656
2.1085531136163036	1.896490501356695	0.06799236291935679	0.7629314732716074	0.10052517136257498	97.9095080883144	99.18567258794762	0.0027711366169576195	1.0001046285037656
2.1085531136163036	1.896490501356695	0.06799236291935679	0.7629314732716074	0.10052517136257498	97.9095080883144	99.18567258794762	0.0027711366169576195	1.0001100212934277
2.1085531136163036	1.896490501356695	0.06799236291935679	0.7629314732716074	0.10052517136257498	97.9095080883144	99.18567258794762	0.0027711366169576195	1.0001100212934277
2.108515158683011	1.896490501356695	0.06799236291935679	0.7629314732716074	0.10052517136257498	97.9095080883144	99.18567258794762	0.0027711366169576195	1.0001100212934277
2.108515158683011	1.896490501356695	0.06799236291935679	0.7629314732716074	0.10052517136257498	97.9095080883144	99.18567258794762	0.0027711366169576195	1.0001100212934277
2.108515158683011	1.896490501356695	0.06799236291935679	0.7629314732716074	0.10052517136257498	97.9095080883144	99.18567258794762	0.0027711366169576195	1.0001100212934277
2.108515158683011	1.896490501356695	0.06799236291935679	0.7629314732716074	0.10052517136257498	97.9095080883144	99.18567258794762	0.0027711366169576195	1.0001100212934277
2.108515158683011	1.896490501356695	0.06799236291935679	0.7629314732716074	0.10052517136257498	97.9095080883144	99.18567258794762	0.0027711366169576195	1.0001100212934277
2.108515158683011	1.896490501356695	0.06799236291935679	0.7629314732716074	0.10052517136257498	97.9095080883144	98.76384584699798	0.0027711366169576195	1.0001100212934277
2.108515158683011	1.896490501356695	0.06799236291935679	0.7629314732716074	0.10052517136257498	97.9095080883144	98.76384584699798	0.0027711366169576195	1.0001100212934277
2.108515158683011	1.896490501356695	0.06799236291935679	0.7629314732716074	0.10052517136257498	97.9095080883144	98.76384584699798	0.0027711366169576195	1.0001072704014864
2.108515158683011	1.896490501356695	0.06799236291935679	0.7629314732716074	0.10052517136257498	97.9095080883144	98.80819092811845	0.0027711366169576195	1.0001072704014864
2.108515158683011	1.896490501356695	0.06799236291935679	0.7629314732716074	0.10052517136257498	97.9095080883144	98.80819092811845	0.0027711366169576195	1.0001072704014864
2.108515158683011	1.896490501356695	0.06799236291935679	0.7629314732716074	0.10052517136257498	97.9095080883144	98.80819092811845	0.0027718390436869285	1.0001072704014864
2.108515158683011	1.896490501356695	0.06799236291935679	0.7629314732716074	0.10052517136257498	97.9095080883144	98.80819092811845	0.0027718390436869285	1.0001072704014864
2.108515158683011	1.896490501356695	0.06799236291935679	0.7629314732716074	0.10052517136257498	97.9095080883144	98.80819092811845	0.0027718390436869285	1.0001072704014864
2.108515158683011	1.896490501356695	0.06799236291935679	0.7629314732716074	0.10052517136257498	97.9095080883144	98.9624781314864	0.0027718390436869285	1.0001072704014864
2.108515158683011	1.896490501356695	0.06799236291935679	0.7629314732716074	0.10052517136257498	97.9095080883144	98.9624781314864	0.0027718390436869285	1.0001072704014864
2.108515158683011	1.896490501356695	0.06799236291935679	0.7629314732716074	0.10052517136257498	97.9095080883144	98.9624781314864	0.0027723153157126644	1.0001072704014864
2.1085225270855097	1.896490501356695	0.06799236291935679	0.7629314732716074	0.10052517136257498	97.9095080883144	98.9624781314864	0.0027723153157126644	1.0001072704014864
2.1085225270855097	1.896490501356695	0.06799236291935679	0.7629314732716074	0.10052517136257498	97.9095080883144	98.9624781314864	0.0027723153157126644	1.0001072704014864
2.1085225270855097	1.896490501356695	0.06799236291935679	0.7629314732716074	0.10052513520923044	97.9095080883144	98.9624781314864	0.0027723153157126644	1.0001072704014864
2.1085225270855097	1.896490501356695	0.06799236291935679	0.7629314732716074	0.10052513520923044	97.9095080883144	98.9624781314864	0.002612962452929323	1.0001072704014864
2.1085225270855097	1.896490501356695	0.06799236291935679	0.7629314732716074	0.10052513520923044	97.9095080883144	98.9624781314864	0.002612962452929323	1.0001072704014864
2.1083008084392287	1.896490501356695	0.06799236291935679	0.7629314732716074	0.10052513520923044	97.9095080883144	98.9624781314864	0.002612962452929323	1.0001072704014864
2.1083008084392287	1.896490501356695	0.06797934929967483	0.7629314732716074	0.10052513520923044	97.9095080883144	98.9624781314864	0.002612962452929323	1.0001072704014864
2.1083008084392287	1.896490501356695	0.06797934929967483	0.7629314732716074	0.10052525820852119	97.9095080883144	98.9624781314864	0.002612962452929323	1.0001072704014864
2.1083008084392287	1.896490501356695	0.06797934929967483	0.7629314732716074	0.10052525820852119	97.9095080883144	98.9624781314864	0.002612962452929323	1.0001075446035235
2.1083008084392287	1.896490501356695	0.06797934929967483	0.7629314732716074	0.10052525820852119	97.9095080883144	98.9624781314864	0.002612962452929323	1.0001075446035235
2.1083008084392287	1.896490501356695	0.06797934929967483	0.7629314732716074	0.10052525820852119	97.9095080883144	98.9624781314864	0.002612962452929323	1.0001075446035235
2.1083008084392287	1.896490501356695	0.06797934929967483	0.7629314732716074	0.10052525820852119	97.9095080883144	98.9624781314864	0.002612962452929323	1.0001075446035235
2.1083008084392287	1.896490501356695	0.06797934929967483	0.7629314732716074	0.10052525820852119	97.9095080883144	98.9624781314864	0.002612962452929323	1.0001074383809145
2.1083008084392287	1.896490501356695	0.06797934929967483	0.7629314732716074	0.10052525820852119	97.9095080883144	98.9624781314864	0.002612962452929323	1.0001074383809145
2.1083008084392287	1.896490501356695	0.06797934929967483	0.7629314732716074	0.10052525820852119	97.9095080883144	98.9624781314864	0.002612962452929323	1.0001074383809145
2.1083008084392287	1.896490501356695	0.06797934929967483	0.7629314732716074	0.10052525820852119	97.9095080883144	98.9624781314864	0.002612962452929323	1.0001074383809145
2.1083008084392287	1.896490501356695	0.06799224070333625	0.7629314732716074	0.10052525820852119	97.9095080883144	98.9624781314864	0.002612962452929323	1.0001074383809145
2.1083008084392287	1.896490501356695	0.06799224070333625	0.7629314732716074	0.10052525820852119	97.9095080883144	98.9624781314864	0.002612962452929323	1.000105530427725
2.1083008084392287	1.896490501356695	0.06799224070333625	0.7629314732716074	0.10052525820852119	97.9095080883144	98.9624781314864	0.002612962452929323	1.000105530427725
2.1083008084392287	1.896490501356695	0.06799224070333625	0.7629314732716074	0.10052525820852119	97.9095080883144	98.9624781314864	0.002612962452929323	1.0001049946809797
2.1083008084392287	1.896490501356695	0.06799224070333625	0.7629314732716074	0.10052525820852119	97.9095080883144	98.9624781314864	0.002612962452929323	1.0001049946809797
2.1083008084392287	1.896490501356695	0.06799224070333625	0.7629314732716074	0.10052525820852119	97.89676209136749	98.9624781314864	0.002612962452929323	1.0001049946809797
2.1083008084392287	1.896490501356695	0.06799224070333625	0.7629314732716074	0.10052444379424093	97.89676209136749	98.9624781314864	0.002612962452929323	1.0001049946809797
2.1083008084392287	1.896490501356695	0.06799224070333625	0.7629314732716074	0.10052444379424093	97.89676209136749	98.96284554311083	0.002612962452929323	1.0001049946809797
2.1083008084392287	1.896490501356695	0.06799224070333625	0.7629314732716074	0.10052444379424093	97.89676209136749	101.40516752848008	0.002612962452929323	1.0001049946809797
2.1083008084392287	1.896490501356695	0.06799224070333625	0.7629314732716074	0.10052426148842641	97.89676209136749	101.40516752848008	0.002612962452929323	1.0001049946809797
2.1083008084392287	1.896490501356695	0.06799224070333625	0.7629314732716074	0.10052426148842641	97.89676209136749	101.40516752848008	0.002612962452929323	1.0001049946809797
2.1083008084392287	1.896490501356695	0.06799224070333625	0.7629314732716074	0.10052426148842641	97.89676209136749	101.40516752848008	0.002612962452929323	1.0001049946809797
2.1083008084392287	1.896490501356695	0.06799224070333625	0.7629314732716074	0.10052426148842641	97.89676209136749	101.40516752848008	0.002612962452929323	1.0001042876239834
2.1083008084392287	1.896490501356695	0.06799224070333625	0.7629314732716074	0.10052426148842641	97.89676209136749	101.40516752848008	0.002612962452929323	1.0001042876239834
2.108388076436338	1.896490501356695	0.06799224070333625	0.7629314732716074	0.10052426148842641	97.89676209136749	101.40516752848008	0.002612962452929323	1.0001042876239834
2.108388076436338	1.896490501356695	0.06799224070333625	0.7629314732716074	0.10052426148842641	97.89676209136749	101.40516752848008	0.002612962452929323	1.0001042876239834
2.108388076436338	1.896490501356695	0.06799224070333625	0.7629314732716074	0.10052426148842641	97.89676209136749	101.40516752848008	0.002612962452929323	1.0001042876239834
2.108388076436338	1.896490501356695	0.06799224070333625	0.7629314732716074	0.10052426148842641	97.89676209136749	101.40516752848008	0.002612962452929323	1.0001042876239834
2.108388076436338	1.8980828626532915	0.06799224070333625	0.7629314732716074	0.10052426148842641	97.89676209136749	101.40516752848008	0.002612962452929323	1.0001042876239834
2.108388076436338	1.8980828626532915	0.06799224070333625	0.7629314732716074	0.10052426148842641	97.89676209136749	101.40516752848008	0.002612962452929323	1.0001042876239834
2.108388076436338	1.8980828626532915	0.06799224070333625	0.7629314732716074	0.10052426148842641	97.89676209136749	101.40516752848008	0.002612962452929323	1.0001042876239834
2.108388076436338	1.8980828626532915	0.06799224070333625	0.7629314732716074	0.10052426148842641	97.89676209136749	101.40516752848008	0.002612962452929323	1.0001042876239834
2.108388076436338	1.8980828626532915	0.06799224070333625	0.7629314732716074	0.10041473011808934	97.89676209136749	101.40516752848008	0.002612962452929323	1.0001042876239834
2.108388076436338	1.8980828626532915	0.06799224070333625	0.7629314732716074	0.10041473011808934	97.89676209136749	101.40516752848008	0.002612962452929323	1.0001042876239834
2.108388076436338	1.8980828626532915	0.06799224070333625	0.7629314732716074	0.10041473011808934	97.89676209136749	101.40516752848008	0.002612962452929323	1.0001042876239834
2.108388076436338	1.8980828626532915	0.06799224070333625	0.7629314732716074	0.10041473011808934	97.89601339073263	101.40516752848008	0.002612962452929323	1.0001042876239834
2.108388076436338	1.8980828626532915	0.06799224070333625	0.7629314732716074	0.10041473011808934	97.89601339073263	101.40516752848008	0.002612962452929323	1.0001042876239834
2.108388076436338	1.8980828626532915	0.06799224070333625	0.7630031215123496	0.10041473011808934	97.89601339073263	101.40516752848008	0.002612962452929323	1.0001042876239834
2.108388076436338	1.8980828626532915	0.06799224070333625	0.7630031215123496	0.10041473011808934	97.89601339073263	101.40503531259293	0.002612962452929323	1.0001042876239834
2.108388076436338	1.8980828626532915	0.06799224070333625	0.7630031215123496	0.10041473011808934	97.89601339073263	101.40503531259293	0.002612962452929323	1.0001042876239834
2.108388076436338	1.8980828626532915	0.06799224070333625	0.7630031215123496	0.10041473011808934	97.89601339073263	101.40503531259293	0.002612962452929323	1.0001042876239834
2.108388076436338	1.898083930604178	0.06799224070333625	0.7630031215123496	0.10041473011808934	97.89601339073263	101.40503531259293	0.002612962452929323	1.0001042876239834
2.108388076436338	1.898083930604178	0.06799224070333625	0.7630031215123496	0.10041473011808934	97.89601339073263	101.40503531259293	0.002612962452929323	1.0001042876239834
2.108388076436338	1.898083930604178	0.06795914680814136	0.7630031215123496	0.10041473011808934	97.89601339073263	101.40503531259293	0.002612962452929323	1.0001042876239834
2.108388076436338	1.898083930604178	0.06795914680814136	0.7630031215123496	0.10041473011808934	97.89601339073263	101.40503531259293	0.0026126577817950354	1.0001042876239834
2.108388076436338	1.898083930604178	0.06795914680814136	0.7630031215123496	0.10041473011808934	97.89601339073263	101.40503531259293	0.0026126577817950354	1.0001043005377501
2.108388076436338	1.898083930604178	0.06795914680814136	0.7630031215123496	0.10041473011808934	97.89601339073263	101.40503531259293	0.0026126577817950354	1.0001043005377501
2.108388076436338	1.898083930604178	0.06795914680814136	0.7630031215123496	0.10041473011808934	97.89601339073263	101.40503531259293	0.0026126577817950354	1.0001042629715402
2.108388076436338	1.898083930604178	0.06795914680814136	0.7630031215123496	0.10041473011808934	97.90455719942665	101.40503531259293	0.0026126577817950354	1.0001042629715402
2.108388076436338	1.898083930604178	0.06795914680814136	0.7630031215123496	0.10041473011808934	97.91454887439698	101.40503531259293	0.0026126577817950354	1.0001042629715402
2.108388076436338	1.898083930604178	0.06795914680814136	0.7630031215123496	0.10041473011808934	97.91454887439698	101.40503531259293	0.0026127612230152446	1.0001042629715402
2.108388076436338	1.898083930604178	0.06795914680814136	0.7630031215123496	0.10039557050481299	97.91454887439698	101.40503531259293	0.0026127612230152446	1.0001042629715402
2.108388076436338	1.898083930604178	0.06795914680814136	0.7630031215123496	0.10039557050481299	97.91454887439698	101.40503531259293	0.0026127612230152446	1.0001042629715402
2.108388076436338	1.898083930604178	0.06795914680814136	0.7630031215123496	0.10038400406856929	97.91454887439698	101.40503531259293	0.0026127612230152446	1.0001042629715402
2.108388076436338	1.898083930604178	0.06795914680814136	0.7630031215123496	0.10039990939572228	97.91454887439698	101.40503531259293	0.0026127612230152446	1.0001042629715402
2.108388076436338	1.898083930604178	0.06795965853196527	0.7630031215123496	0.10039990939572228	97.91454887439698	101.40503531259293	0.0026127612230152446	1.0001042629715402
2.108388076436338	1.898083930604178	0.06795965853196527	0.7630031215123496	0.10039990939572228	97.91454887439698	101.40503531259293	0.0026127612230152446	1.0001042339528663
2.108388076436338	1.898083930604178	0.06797476979996876	0.7630031215123496	0.10039990939572228	97.91454887439698	101.40503531259293	0.0026127612230152446	1.0001042339528663
2.108388076436338	1.8970551538039124	0.06797476979996876	0.7630031215123496	0.10039990939572228	97.91454887439698	101.40503531259293	0.0026127612230152446	1.0001042339528663
2.108388076436338	1.8970551538039124	0.06797476979996876	0.7630031215123496	0.10039990939572228	97.91454887439698	101.40503531259293	0.0026127612230152446	1.0001042339528663
2.108388076436338	1.8970551538039124	0.06797476979996876	0.7630031215123496	0.10039990939572228	97.91454887439698	101.40503531259293	0.0026127612230152446	1.0001042339528663
2.108388076436338	1.8970551538039124	0.06797476979996876	0.7630312714084826	0.10039990939572228	97.91454887439698	101.40503531259293	0.0026127612230152446	1.0001042339528663
2.108388076436338	1.8970551538039124	0.06797476979996876	0.7630312714084826	0.10039990939572228	97.91454887439698	101.40503531259293	0.00261273557634961	1.0001042339528663
2.108388076436338	1.8970551538039124	0.06797476979996876	0.7630312714084826	0.10039990939572228	97.91454887439698	101.40503531259293	0.00261273557634961	1.0001042837631733
2.108388076436338	1.8970551538039124	0.06797476979996876	0.7630312714084826	0.10039990939572228	97.91454887439698	101.40503531259293	0.00261273557634961	1.0001044453727148
2.108388076436338	1.8970058028987742	0.06797476979996876	0.7630312714084826	0.10039990939572228	97.91454887439698	101.40503531259293	0.00261273557634961	1.0001044453727148
2.108388076436338	1.8970058028987742	0.06797476979996876	0.7630312714084826	0.10039990939572228	97.91454887439698	101.40503531259293	0.00261273557634961	1.0001044453727148
2.108388076436338	1.8970058028987742	0.06797476979996876	0.7630312714084826	0.10039990939572228	97.91454887439698	101.40503531259293	0.00261273557634961	1.0001044453727148
2.108388076436338	1.8970058028987742	0.06797476979996876	0.7630312714084826	0.10039982741172332	97.91454887439698	101.40503531259293	0.00261273557634961	1.0001044453727148
2.108388076436338	1.8970058028987742	0.06797476979996876	0.7630312714084826	0.10039982741172332	97.91454887439698	101.40503531259293	0.00261273557634961	1.0001044453727148
2.108388076436338	1.8970080200856252	0.06797476979996876	0.7630312714084826	0.10039982741172332	97.91454887439698	101.40503531259293	0.00261273557634961	1.0001044453727148
2.108388076436338	1.8970080200856252	0.06797476979996876	0.7630312714084826	0.10039982741172332	97.91454887439698	101.40503531259293	0.00261273557634961	1.0001044453727148
2.108388076436338	1.8970080200856252	0.06797476979996876	0.7630312714084826	0.10039982741172332	97.91454887439698	101.40503531259293	0.00261273557634961	1.0001044453727148
2.108388076436338	1.8970080200856252	0.06797476979996876	0.7630312714084826	0.10039982741172332	97.91459311352003	101.40503531259293	0.00261273557634961	1.0001044453727148
2.108388076436338	1.8970080200856252	0.06797476979996876	0.7630312714084826	0.10039982741172332	97.91459311352003	101.40503531259293	0.00261273557634961	1.0001044453727148
2.108388076436338	1.8970080200856252	0.06797476979996876	0.7630312714084826	0.10039982741172332	97.91479408795544	101.40503531259293	0.00261273557634961	1.0001044453727148
2.108388076436338	1.8970080200856252	0.06797476979996876	0.7630312714084826	0.10039982741172332	97.91479408795544	101.40503531259293	0.00261273557634961	1.0001044453727148
2.108388076436338	1.8970080200856252	0.06797476979996876	0.7630312714084826	0.10039982741172332	97.91479408795544	101.40503531259293	0.00261273557634961	1.0001044453727148
2.108388076436338	1.8970080200856252	0.06797476979996876	0.7630312714084826	0.10039982741172332	97.91479408795544	101.40503531259293	0.00261273557634961	1.0001044453727148
2.108388076436338	1.8970080200856252	0.06797476979996876	0.7630312714084826	0.10039982741172332	97.91479408795544	101.40503531259293	0.00261273557634961	1.0001044453727148
2.108388076436338	1.8970080200856252	0.06797476979996876	0.7630312714084826	0.10039982741172332	97.91479408795544	101.40503531259293	0.00261273557634961	1.0001044453727148
2.108388076436338	1.8970080200856252	0.06797476979996876	0.7630312714084826	0.10039982741172332	97.91479408795544	101.40503531259293	0.00261273557634961	1.0001044453727148
2.108388076436338	1.8970080200856252	0.06797476979996876	0.7630312714084826	0.10039982741172332	97.91479408795544	101.40503531259293	0.0028494609494491945	1.0001044453727148
2.108388076436338	1.8970080200856252	0.06797476979996876	0.7630312714084826	0.10039982741172332	97.91479408795544	101.40503531259293	0.0028674309577075715	1.0001044453727148
2.1083869256806285	1.8970080200856252	0.06797476979996876	0.7630312714084826	0.10039982741172332	97.91479408795544	101.40503531259293	0.0028674309577075715	1.0001044453727148
2.1083869256806285	1.8970080200856252	0.06797476979996876	0.7630312714084826	0.10039982741172332	97.91479408795544	101.40503531259293	0.0028674309577075715	1.0001044453727148
2.108399951041138	1.8970080200856252	0.06797476979996876	0.7630312714084826	0.10039982741172332	97.91479408795544	101.40503531259293	0.0028674309577075715	1.0001044453727148
2.108399951041138	1.8970080200856252	0.06797476979996876	0.7630312714084826	0.10040011858404255	97.91479408795544	101.40503531259293	0.0028674309577075715	1.0001044453727148
2.108399951041138	1.8970080200856252	0.06797476979996876	0.7630312714084826	0.10040011858404255	97.91479408795544	101.40503531259293	0.0028674309577075715	1.0001044453727148
2.108399951041138	1.8960532323136114	0.06797476979996876	0.7630312714084826	0.10040011858404255	97.91479408795544	101.40503531259293	0.0028674309577075715	1.0001044453727148
2.108399951041138	1.8960532323136114	0.06797436927869165	0.7630312714084826	0.10040011858404255	97.91479408795544	101.40503531259293	0.0028674309577075715	1.0001044453727148
2.108399951041138	1.8960532323136114	0.06797436927869165	0.7630312714084826	0.10040011858404255	97.91479408795544	101.40503531259293	0.0028851332786798294	1.0001044453727148
2.108399951041138	1.8960532323136114	0.06797436927869165	0.7630312714084826	0.10039998624466669	97.91479408795544	101.40503531259293	0.0028851332786798294	1.0001044453727148
2.10840175778987	1.8960532323136114	0.06797436927869165	0.7630312714084826	0.10039998624466669	97.91479408795544	101.40503531259293	0.0028851332786798294	1.0001044453727148
2.10840175778987	1.8960532323136114	0.06797436927869165	0.7630312714084826	0.10039998624466669	97.91479408795544	101.40503531259293	0.0028851332786798294	1.0001044910782577
2.10840175778987	1.8960532323136114	0.06797632019889391	0.7630312714084826	0.10039998624466669	97.91479408795544	101.40503531259293	0.0028851332786798294	1.0001044910782577
2.10840175778987	1.8960532323136114	0.06797632019889391	0.7630312714084826	0.10039998624466669	97.91479408795544	101.40503531259293	0.0028851332786798294	1.0001044910782577
2.10840175778987	1.8960566309106124	0.06797632019889391	0.7630312714084826	0.10039998624466669	97.91479408795544	101.40503531259293	0.0028851332786798294	1.0001044910782577
2.10840175778987	1.8960566309106124	0.06797632019889391	0.7630312714084826	0.10040034367639775	97.91479408795544	101.40503531259293	0.0028851332786798294	1.0001044910782577
2.10840175778987	1.8960566309106124	0.06797632019889391	0.7630312714084826	0.10040034367639775	97.91479408795544	101.40503531259293	0.0028851332786798294	1.0001044910782577
2.10840175778987	1.8960566309106124	0.06797632019889391	0.7630312714084826	0.10040034367639775	97.91479408795544	101.40503531259293	0.0028851332786798294	1.0001044910782577
2.10840175778987	1.8960566309106124	0.06797632019889391	0.7630312714084826	0.10040034367639775	97.91479408795544	101.40503531259293	0.0028851332786798294	1.0001044910782577
2.10840175778987	1.8960566309106124	0.06797632019889391	0.7630312714084826	0.10040034367639775	97.91479408795544	101.40503531259293	0.002987726151097842	1.0001044910782577
2.10840175778987	1.8960566309106124	0.06797632019889391	0.7631343236511658	0.10040034367639775	97.91479408795544	101.40503531259293	0.002987726151097842	1.0001044910782577
2.10840175778987	1.8960566309106124	0.06797632019889391	0.7631343236511658	0.10040034367639775	97.91479408795544	101.40503531259293	0.002987726151097842	1.0001044910782577
2.10840175778987	1.8960566309106124	0.06797632019889391	0.7631343236511658	0.10040034367639775	97.91479408795544	101.40503531259293	0.002987726151097842	1.0001091821600487
2.10840175778987	1.8960566309106124	0.06797632019889391	0.7631343236511658	0.10040034367639775	97.91479408795544	101.40503531259293	0.002987726151097842	1.0001091821600487
2.10840175778987	1.8960566309106124	0.06797632019889391	0.7631343236511658	0.10040034367639775	97.91479408795544	101.40503531259293	0.002987726151097842	1.0001091821600487
2.10840175778987	1.8960431393563546	0.06797632019889391	0.7631343236511658	0.10040034367639775	97.91479408795544	101.40503531259293	0.002987726151097842	1.0001091821600487
2.1084017350797253	1.8960431393563546	0.06797632019889391	0.7631343236511658	0.10040034367639775	97.91479408795544	101.40503531259293	0.002987726151097842	1.0001091821600487
2.1084017350797253	1.8960431393563546	0.06797632019889391	0.7631343236511658	0.10040034367639775	97.91448491775905	101.40503531259293	0.002987726151097842	1.0001091821600487
2.1084017350797253	1.8960431393563546	0.06797632019889391	0.7631343236511658	0.10040034367639775	97.91448491775905	101.40503531259293	0.002987726151097842	1.0001091821600487
2.1084017350797253	1.8960431393563546	0.06797632019889391	0.7631343236511658	0.10040034367639775	97.91448491775905	101.40533877174038	0.002987726151097842	1.0001091821600487
2.1084017350797253	1.8960431393563546	0.06797632019889391	0.7631343236511658	0.10040034367639775	97.91448491775905	101.40533877174038	0.002987726151097842	1.0001091821600487
2.1084017350797253	1.8960431393563546	0.06797632019889391	0.7631343236511658	0.10040034367639775	97.91448491775905	101.40533877174038	0.002987726151097842	1.0001091821600487
2.1084017350797253	1.8960431393563546	0.06797632019889391	0.7631343236511658	0.10040034367639775	97.91448491775905	101.40533877174038	0.002987726151097842	1.0001091821600487
2.1084017350797253	1.8960431393563546	0.06797632019889391	0.7631343236511658	0.10040034367639775	97.91448491775905	101.40533877174038	0.00296570433567403	1.0001091821600487
2.109027596875614	1.8960431393563546	0.06797632019889391	0.7631343236511658	0.10040034367639775	97.91448491775905	101.40533877174038	0.00296570433567403	1.0001091821600487
2.109027596875614	1.8960431393563546	0.06797632019889391	0.7631343236511658	0.10040034367639775	97.91448491775905	101.40533877174038	0.00296570433567403	1.0001091821600487
2.109027596875614	1.8960431393563546	0.06797632019889391	0.7631343236511658	0.10040034367639775	97.91448491775905	101.40533877174038	0.00296570433567403	1.0001091821600487
2.109027596875614	1.8960431393563546	0.06797632019889391	0.7631343236511658	0.10040034367639775	97.91448491775905	101.40533877174038	0.00296570433567403	1.0001091821600487
2.109027596875614	1.8960227540169425	0.06797632019889391	0.7631343236511658	0.10040034367639775	97.91448491775905	101.40533877174038	0.00296570433567403	1.0001091821600487
2.109027596875614	1.8960227540169425	0.06797632019889391	0.7631343236511658	0.10040034367639775	97.91448491775905	101.40533877174038	0.00296570433567403	1.0001091821600487
2.109027596875614	1.8960227540169425	0.06797632019889391	0.7631343236511658	0.10040034367639775	97.91448491775905	101.40533877174038	0.00296570433567403	1.0001099751340512
2.109027596875614	1.8960227540169425	0.06797632019889391	0.7631343236511658	0.10040034367639775	97.91448491775905	101.40533877174038	0.00296570433567403	1.0001099751340512
2.109027596875614	1.8960227540169425	0.06797632019889391	0.7631343236511658	0.10040034367639775	97.91448491775905	101.40533877174038	0.00296570433567403	1.0001120541383037
2.109027596875614	1.8960227540169425	0.06797632019889391	0.7631343236511658	0.10036007710826593	97.91448491775905	101.40533877174038	0.00296570433567403	1.0001120541383037
2.109027596875614	1.8960227540169425	0.06797632019889391	0.7631343236511658	0.10036007710826593	97.91448491775905	98.98403685618149	0.00296570433567403	1.0001120541383037
2.109027596875614	1.8960227540169425	0.06794907609447842	0.7631343236511658	0.10036007710826593	97.91448491775905	98.98403685618149	0.00296570433567403	1.0001120541383037
2.108998295893368	1.8960227540169425	0.06794907609447842	0.7631343236511658	0.10036007710826593	97.91448491775905	98.98403685618149	0.00296570433567403	1.0001120541383037
2.108998295893368	1.8960227540169425	0.06794907609447842	0.7631343236511658	0.10036007710826593	97.91448491775905	98.98403685618149	0.00296570433567403	1.0001120541383037
2.108998295893368	1.8960227540169425	0.06794907609447842	0.7631343236511658	0.10036007710826593	97.91448491775905	98.98403685618149	0.00296570433567403	1.0001120541383037
2.108998295893368	1.8960227540169425	0.06794907609447842	0.7631343236511658	0.10036007710826593	97.91448491775905	98.98403685618149	0.00296570433567403	1.0001120541383037
2.108998295893368	1.8960227540169425	0.06794907609447842	0.7631343236511658	0.10036007710826593	97.91448491775905	98.98403685618149	0.00296570433567403	1.0001120541383037
2.108998295893368	1.8960227540169425	0.06794907609447842	0.7631343236511658	0.10036007710826593	97.91448491775905	98.98403685618149	0.0029652135134778986	1.0001120541383037
2.108998295893368	1.8960227540169425	0.06794907609447842	0.7631343236511658	0.10036007710826593	97.91448491775905	98.98403685618149	0.002965138610033981	1.0001120541383037
2.108998295893368	1.8960227540169425	0.06794907609447842	0.7631343236511658	0.10036007710826593	97.87115953066278	98.98403685618149	0.002965138610033981	1.0001120541383037
2.108998295893368	1.8960227540169425	0.06794907609447842	0.7631343236511658	0.10036007710826593	97.87115953066278	98.98403685618149	0.002965138610033981	1.0001120541383037
2.108998295893368	1.8960227540169425	0.06794907609447842	0.7631343236511658	0.10036007710826593	97.87115953066278	98.98403685618149	0.002965138610033981	1.0001120541383037
2.108998295893368	1.8960227540169425	0.06794907609447842	0.7631343236511658	0.10036007710826593	97.87115953066278	98.98403685618149	0.0029621012571132694	1.0001120541383037
2.108998295893368	1.8958151410529758	0.06794907609447842	0.7631343236511658	0.10036007710826593	97.87115953066278	98.98403685618149	0.0029621012571132694	1.0001120541383037
2.108998295893368	1.8958151410529758	0.06794907609447842	0.7631343236511658	0.10036010363197163	97.87115953066278	98.98403685618149	0.0029621012571132694	1.0001120541383037
2.108998295893368	1.8958151410529758	0.06794907609447842	0.7632931807522302	0.10036010363197163	97.87115953066278	98.98403685618149	0.0029621012571132694	1.0001120541383037
2.108998295893368	1.8958151410529758	0.06794907609447842	0.7632931807522302	0.10036010363197163	97.87115953066278	98.98403685618149	0.0029621012571132694	1.0001120541383037
2.108998295893368	1.8958151410529758	0.06794907609447842	0.7632931807522302	0.10036010363197163	97.87118871048128	98.98403685618149	0.0029621012571132694	1.0001120541383037
2.108998295893368	1.895809408361665	0.06794907609447842	0.7632931807522302	0.10036010363197163	97.87118871048128	98.98403685618149	0.0029621012571132694	1.0001120541383037
2.108998295893368	1.895809408361665	0.06794907609447842	0.7632931807522302	0.10034393731202233	97.87118871048128	98.98403685618149	0.0029621012571132694	1.0001120541383037
2.108998295893368	1.895809408361665	0.06794907609447842	0.7632931807522302	0.10034393731202233	97.87118871048128	98.98403685618149	0.0029621012571132694	1.0001120541383037
2.108998295893368	1.895809408361665	0.06794907609447842	0.7632931807522302	0.10034393731202233	97.87118871048128	98.98403685618149	0.0029621012571132694	1.0001120239506203
2.108998295893368	1.895809408361665	0.06794907609447842	0.7632931807522302	0.10034393731202233	97.87118871048128	98.98403685618149	0.0029620015193889235	1.0001120239506203
2.108998295893368	1.895809408361665	0.06794907609447842	0.7632931807522302	0.10034393731202233	97.87118871048128	98.98403685618149	0.0029620015193889235	1.0001120239506203
2.108998295893368	1.895809408361665	0.06794907609447842	0.7632931807522302	0.10034393731202233	97.87118871048128	98.98403685618149	0.0029620015193889235	1.0001120239506203
2.108998295893368	1.895809408361665	0.06794907609447842	0.7632863488577099	0.10034393731202233	97.87118871048128	98.98403685618149	0.0029620015193889235	1.0001120239506203
2.108998295893368	1.895809408361665	0.06794907609447842	0.7632863488577099	0.10034393731202233	97.87077511461507	98.98403685618149	0.0029620015193889235	1.0001120239506203
2.108998295893368	1.895809408361665	0.06794907609447842	0.7632863488577099	0.10034393731202233	97.87077511461507	98.98403685618149	0.0029620015193889235	1.0001120239506203
2.108998295893368	1.895809408361665	0.06794907609447842	0.7632954633492053	0.10034393731202233	97.87077511461507	98.98403685618149	0.0029620015193889235	1.0001120239506203
2.108998295893368	1.895809408361665	0.06794907609447842	0.7632954633492053	0.10034393731202233	97.87077511461507	98.98403685618149	0.0029620015193889235	1.0001120239506203
2.108998295893368	1.895809408361665	0.06794907609447842	0.7632954633492053	0.10034393731202233	97.87077511461507	98.98403685618149	0.0029620015193889235	1.0001120239506203
2.108998295893368	1.895809408361665	0.06794907609447842	0.7632954633492053	0.10034393731202233	97.87077511461507	98.98403685618149	0.0029620015193889235	1.0001120239506203
2.108998295893368	1.895809408361665	0.06794907609447842	0.7632707989505951	0.10034393731202233	97.87077511461507	98.98403685618149	0.0029620015193889235	1.0001120239506203
2.108998295893368	1.895809408361665	0.06794907609447842	0.7632707989505951	0.10034393731202233	97.87077511461507	98.98403685618149	0.0029620015193889235	1.0001120239506203
2.108998295893368	1.895809408361665	0.06794907609447842	0.7632707989505951	0.10034393731202233	97.87077511461507	98.98403685618149	0.0029620015193889235	1.0001120239506203
2.108998295893368	1.895809408361665	0.06794907609447842	0.7632707989505951	0.10034393731202233	97.87077511461507	98.98403685618149	0.0029620015193889235	1.0001120239506203
2.108998295893368	1.895809408361665	0.06794907609447842	0.7632707989505951	0.10034393731202233	97.87077511461507	98.98403685618149	0.0029620015193889235	1.0001120239506203
2.108998295893368	1.895809408361665	0.06794907609447842	0.7632707989505951	0.10033272785077678	97.87077511461507	98.98403685618149	0.0029620015193889235	1.0001120239506203
2.108998295893368	1.895809408361665	0.06794907609447842	0.7632707989505951	0.10033272785077678	97.87077511461507	98.98403685618149	0.0029620015193889235	1.0001120239506203
2.1092898225973724	1.895809408361665	0.06794907609447842	0.7632707989505951	0.10033272785077678	97.87077511461507	98.98403685618149	0.0029620015193889235	1.0001120239506203
2.1093431366692252	1.895809408361665	0.06794907609447842	0.7632707989505951	0.10033272785077678	97.87077511461507	98.98403685618149	0.0029620015193889235	1.0001120239506203
2.1093431366692252	1.895809408361665	0.06794907609447842	0.7632707989505951	0.10033272785077678	97.86995683280205	98.98403685618149	0.0029620015193889235	1.0001120239506203
2.1093431366692252	1.895809408361665	0.06794907609447842	0.7632707989505951	0.10033272785077678	97.86995683280205	98.98403685618149	0.0029620015193889235	1.0001120239506203
2.109337849249923	1.895809408361665	0.06794907609447842	0.7632707989505951	0.10033272785077678	97.86995683280205	98.98403685618149	0.0029620015193889235	1.0001120239506203
2.109337849249923	1.895809408361665	0.06794907609447842	0.7632707989505951	0.10033272785077678	97.86995683280205	98.98403685618149	0.002961966207544698	1.0001120239506203
2.109337849249923	1.895809408361665	0.06794907609447842	0.7632707989505951	0.10033272785077678	97.86995683280205	98.98403685618149	0.002961966207544698	1.0001120239506203
2.109337849249923	1.895809408361665	0.06794907609447842	0.7632707989505951	0.10020886849410453	97.86995683280205	98.98403685618149	0.002961966207544698	1.0001120239506203
2.109337849249923	1.895809408361665	0.06794907609447842	0.7632707989505951	0.10020886849410453	97.86995683280205	98.98403685618149	0.002961966207544698	1.0001120239506203
2.109337849249923	1.895809408361665	0.06794907609447842	0.7632707989505951	0.10020886849410453	97.86995683280205	98.98403685618149	0.002961966207544698	1.0001120239506203
2.109337849249923	1.895809408361665	0.06794907609447842	0.7632707989505951	0.10020886849410453	97.86995683280205	98.98403685618149	0.002961966207544698	1.0001120239506203
2.109337849249923	1.895809408361665	0.06794907609447842	0.7632707989505951	0.10020886849410453	97.86995683280205	98.98403685618149	0.002961966207544698	1.0001120239506203
2.109340854585014	1.895809408361665	0.06794907609447842	0.7632707989505951	0.10020886849410453	97.86995683280205	98.98403685618149	0.002961966207544698	1.0001120239506203
2.109340854585014	1.895809408361665	0.06794907609447842	0.7632707989505951	0.10020886849410453	97.86995683280205	98.98403685618149	0.002961966207544698	1.0001121089575957
2.109340854585014	1.895809408361665	0.06794907609447842	0.7632707989505951	0.10021265380185283	97.86995683280205	98.98403685618149	0.002961966207544698	1.0001121089575957
2.109340854585014	1.895809408361665	0.06794907609447842	0.7632707989505951	0.10021265380185283	97.86995683280205	99.21137762027027	0.002961966207544698	1.0001121089575957
2.109340854585014	1.895809408361665	0.06794907609447842	0.7632707989505951	0.10021265380185283	97.86995683280205	99.21137762027027	0.002961966207544698	1.0001121089575957
2.109340854585014	1.895809408361665	0.06794907609447842	0.7632707989505951	0.10021265380185283	97.86995683280205	99.21137762027027	0.002961966207544698	1.0001121089575957
2.109340854585014	1.895809408361665	0.06794907609447842	0.7632707989505951	0.10021265380185283	97.86995683280205	99.21631925570506	0.002961966207544698	1.0001121089575957
2.109340854585014	1.895809408361665	0.06794907609447842	0.7632707989505951	0.10021218037984841	97.86995683280205	99.21631925570506	0.002961966207544698	1.0001121089575957
2.109340854585014	1.895809408361665	0.06794907609447842	0.7632707989505951	0.10021218037984841	97.86995683280205	99.21631925570506	0.002961966207544698	1.000111631221897
2.109340854585014	1.895809408361665	0.06794907609447842	0.7632707989505951	0.10021218037984841	97.86995683280205	99.21631925570506	0.002961966207544698	1.000111631221897
2.109340854585014	1.895809408361665	0.06794907609447842	0.7632707989505951	0.10021218037984841	97.86995683280205	99.21631925570506	0.002961966207544698	1.000111631221897
2.109340854585014	1.895809408361665	0.06794907609447842	0.7629021028309402	0.10021218037984841	97.86995683280205	99.21631925570506	0.002961966207544698	1.000111631221897
2.109340854585014	1.895809408361665	0.06794907609447842	0.7629021028309402	0.10021218037984841	97.86995683280205	99.21631925570506	0.002961966207544698	1.000111631221897
2.109340854585014	1.895809408361665	0.06794907609447842	0.7628510734681294	0.10021218037984841	97.86995683280205	99.21631925570506	0.002961966207544698	1.000111631221897
2.109340854585014	1.895809408361665	0.06794907609447842	0.7628510734681294	0.10021218037984841	97.86995683280205	99.21631925570506	0.002961966207544698	1.000111631221897
2.109340854585014	1.8958134194670624	0.06794907609447842	0.7628510734681294	0.10021218037984841	97.86995683280205	99.21631925570506	0.002961966207544698	1.000111631221897
2.109340854585014	1.8958134194670624	0.06794907609447842	0.7628510734681294	0.10021218037984841	97.86995683280205	99.21631925570506	0.002961966207544698	1.0001094828308683
2.109340854585014	1.8958134194670624	0.06794907609447842	0.7628510734681294	0.10021218037984841	97.86995683280205	99.21631925570506	0.002961966207544698	1.0001094828308683
2.109340854585014	1.8958134194670624	0.06794907609447842	0.7628510734681294	0.10021218037984841	97.86995683280205	99.21631925570506	0.002961966207544698	1.0001094828308683
2.109340854585014	1.8958134194670624	0.06794907609447842	0.7628340418127315	0.10021218037984841	97.86995683280205	99.21631925570506	0.002961966207544698	1.0001094828308683
2.109340854585014	1.8958134194670624	0.06794907609447842	0.7628340418127315	0.10021218037984841	97.86995683280205	99.21631925570506	0.002961966207544698	1.0001094828308683
2.109340854585014	1.8958134194670624	0.06794907609447842	0.7628340418127315	0.10021218037984841	97.86995683280205	99.21631925570506	0.002961966207544698	1.0001094828308683
2.109340854585014	1.8958134194670624	0.06794907609447842	0.7628340418127315	0.10021218037984841	97.86995683280205	99.21631925570506	0.002961966207544698	1.0001094828308683
2.109340854585014	1.8958134194670624	0.06794907609447842	0.7628340418127315	0.10021218037984841	97.86995683280205	99.21631925570506	0.002961966207544698	1.0001094828308683
2.109340854585014	1.895813733114192	0.06794907609447842	0.7628340418127315	0.10021218037984841	97.86995683280205	99.21631925570506	0.002961966207544698	1.0001094828308683
2.109340854585014	1.895813733114192	0.06794907609447842	0.7628340418127315	0.10021218037984841	97.86995683280205	99.21631925570506	0.002961966207544698	1.0001094828308683
2.109340854585014	1.895813733114192	0.06794907609447842	0.7628340418127315	0.10021218037984841	97.86995683280205	99.21631925570506	0.002961811818660456	1.0001094828308683
2.109340854585014	1.895813733114192	0.06794907609447842	0.7628340418127315	0.10021218037984841	97.86995683280205	99.21631925570506	0.0029616546046465713	1.0001094828308683
2.109340854585014	1.895813733114192	0.06794907609447842	0.7627794536943138	0.10021218037984841	97.86995683280205	99.21631925570506	0.0029616546046465713	1.0001094828308683
2.109340854585014	1.895813733114192	0.06794907609447842	0.7627794536943138	0.10021218037984841	97.86995683280205	99.13767591557054	0.0029616546046465713	1.0001094828308683
2.109340854585014	1.8958293979269467	0.06794907609447842	0.7627794536943138	0.10021218037984841	97.86995683280205	99.13767591557054	0.0029616546046465713	1.0001094828308683
2.109340854585014	1.8958296165695505	0.06794907609447842	0.7627794536943138	0.10021218037984841	97.86995683280205	99.13767591557054	0.0029616546046465713	1.0001094828308683
2.109340854585014	1.8958296165695505	0.06794907609447842	0.7627794536943138	0.10021218037984841	97.86644488670356	99.13767591557054	0.0029616546046465713	1.0001094828308683
2.109340854585014	1.8958296165695505	0.0679198012463325	0.7627794536943138	0.10021218037984841	97.86644488670356	99.13767591557054	0.0029616546046465713	1.0001094828308683
2.109340854585014	1.8958296165695505	0.0679198012463325	0.7627794536943138	0.10037220868866911	97.86644488670356	99.13767591557054	0.0029616546046465713	1.0001094828308683
2.109340854585014	1.8958296165695505	0.0679198012463325	0.7627794536943138	0.1004009384092002	97.86644488670356	99.13767591557054	0.0029616546046465713	1.0001094828308683
2.109340854585014	1.8958296165695505	0.0679198012463325	0.7627794536943138	0.1004009384092002	97.86644488670356	99.42542071308684	0.0029616546046465713	1.0001094828308683
2.109340854585014	1.8958296165695505	0.0679198012463325	0.7627794536943138	0.1004009384092002	97.95812574401604	99.42542071308684	0.0029616546046465713	1.0001094828308683
2.109340854585014	1.8958296165695505	0.0679198012463325	0.7627794536943138	0.1004009384092002	97.95812574401604	99.42542071308684	0.0029616546046465713	1.0001094828308683
2.109340854585014	1.8958296165695505	0.0679198012463325	0.7627794536943138	0.1004009384092002	97.95812574401604	99.42542071308684	0.002960879298433116	1.0001094828308683
2.109340854585014	1.8958296165695505	0.0679198012463325	0.7627794536943138	0.1004009384092002	97.95812574401604	99.49046510667449	0.002960879298433116	1.0001094828308683
2.109340854585014	1.895831437409283	0.0679198012463325	0.7627794536943138	0.1004009384092002	97.95812574401604	99.49046510667449	0.002960879298433116	1.0001094828308683
2.109340854585014	1.895831437409283	0.0679198012463325	0.7627794536943138	0.10040074786626935	97.95812574401604	99.49046510667449	0.002960879298433116	1.0001094828308683
2.109315728829587	1.895831437409283	0.0679198012463325	0.7627794536943138	0.10040074786626935	97.95812574401604	99.49046510667449	0.002960879298433116	1.0001094828308683
2.109315728829587	1.895831437409283	0.0679198012463325	0.7627794536943138	0.10040074786626935	97.95812574401604	99.50307350215395	0.002960879298433116	1.0001094828308683
2.109315728829587	1.895831437409283	0.0679198012463325	0.7627794536943138	0.10040074786626935	97.95812574401604	99.50307350215395	0.002960879298433116	1.0001094828308683
2.109315728829587	1.895831437409283	0.0679198012463325	0.7627794536943138	0.10040074786626935	97.95812574401604	99.4587875052035	0.002960879298433116	1.0001094828308683
2.109315728829587	1.895831437409283	0.0679198012463325	0.7627794536943138	0.10040074786626935	97.95812574401604	99.4587875052035	0.002960879298433116	1.0001094828308683
2.109315728829587	1.895831437409283	0.0679198012463325	0.7627794536943138	0.10040074786626935	97.95812574401604	99.4587875052035	0.002960879298433116	1.0001094828308683
2.109315728829587	1.895831437409283	0.0679198012463325	0.7627794536943138	0.10040074786626935	97.95822322374332	99.4587875052035	0.002960879298433116	1.0001094828308683
2.109315728829587	1.895831437409283	0.0679198012463325	0.7627794536943138	0.10055271000935678	97.95822322374332	99.4587875052035	0.002960879298433116	1.0001094828308683
2.109315728829587	1.895831437409283	0.0679198012463325	0.7627794536943138	0.10055271000935678	97.95822322374332	99.4587875052035	0.002960879298433116	1.0001094828308683
2.109315728829587	1.8958326974078048	0.0679198012463325	0.7627794536943138	0.10055271000935678	97.95822322374332	99.4587875052035	0.002960879298433116	1.0001094828308683
2.109315728829587	1.8958326974078048	0.0679198012463325	0.7627794536943138	0.10055271000935678	97.95823137938595	99.4587875052035	0.002960879298433116	1.0001094828308683
2.109315728829587	1.8958326974078048	0.0679198012463325	0.7627794536943138	0.10055271000935678	97.95823137938595	99.4587875052035	0.00296042318720635	1.0001094828308683
2.109315728829587	1.8958326974078048	0.0679198012463325	0.7627794536943138	0.10055271000935678	97.95823137938595	99.45958788935557	0.00296042318720635	1.0001094828308683
2.109315728829587	1.8958326974078048	0.0679198012463325	0.7627794536943138	0.10055271000935678	97.95823137938595	99.48031108788479	0.00296042318720635	1.0001094828308683
2.109315728829587	1.8958326974078048	0.0679198012463325	0.7627794536943138	0.10055271000935678	97.95821605061883	99.48031108788479	0.00296042318720635	1.0001094828308683
2.109315728829587	1.8958326974078048	0.0681038953588247	0.7627794536943138	0.10055271000935678	97.95821605061883	99.48031108788479	0.00296042318720635	1.0001094828308683
2.109315728829587	1.8958326974078048	0.0681038953588247	0.7627794536943138	0.10055271000935678	97.95821605061883	99.4867083760307	0.00296042318720635	1.0001094828308683
2.109315728829587	1.8958326974078048	0.0681038953588247	0.7627794536943138	0.10055271000935678	97.95821605061883	99.4867083760307	0.00296042318720635	1.0001094828308683
2.109315728829587	1.8958326974078048	0.0681038953588247	0.7627794536943138	0.10055271000935678	97.95821605061883	99.4867083760307	0.00296042318720635	1.0001094828308683
2.109315728829587	1.895951907063641	0.0681038953588247	0.7627794536943138	0.10055271000935678	97.95821605061883	99.4867083760307	0.00296042318720635	1.0001094828308683
2.109315728829587	1.895951907063641	0.0681038953588247	0.7627794536943138	0.10055271000935678	97.95821605061883	99.4867083760307	0.00296042318720635	1.0001094828308683
2.109315728829587	1.895951907063641	0.0681038953588247	0.7627794536943138	0.10055271000935678	97.95821605061883	99.4867083760307	0.00296042318720635	1.0001094828308683
2.109315728829587	1.895951907063641	0.0681038953588247	0.7627794536943138	0.10055271000935678	97.95821605061883	99.4867083760307	0.00296042318720635	1.0001094828308683
2.109315728829587	1.895951907063641	0.0681038953588247	0.7627794536943138	0.10055271000935678	97.95821605061883	99.48686103731971	0.00296042318720635	1.0001094828308683
2.109315728829587	1.895951907063641	0.0681038953588247	0.7627794536943138	0.10055271000935678	97.95827021362088	99.48686103731971	0.00296042318720635	1.0001094828308683
2.109315728829587	1.895951907063641	0.0681038953588247	0.7627794536943138	0.1005527327596601	97.95827021362088	99.48686103731971	0.00296042318720635	1.0001094828308683
2.109315728829587	1.895951607444981	0.0681038953588247	0.7627794536943138	0.1005527327596601	97.95827021362088	99.48686103731971	0.00296042318720635	1.0001094828308683
2.109315728829587	1.895951607444981	0.0681038953588247	0.7627794536943138	0.1005527327596601	97.95827021362088	99.48686103731971	0.0029604247080375376	1.0001094828308683
2.109315728829587	1.8959504312433255	0.0681038953588247	0.7627794536943138	0.1005527327596601	97.95827021362088	99.48686103731971	0.0029604247080375376	1.0001094828308683
2.109315728829587	1.8959504312433255	0.0681038953588247	0.7627794536943138	0.1005527327596601	97.95827021362088	99.48686103731971	0.0029604247080375376	1.0001094828308683
2.109315728829587	1.8959504312433255	0.0681038953588247	0.7627794536943138	0.1005527327596601	97.95827021362088	99.48686103731971	0.0029604247080375376	1.0001094828308683
2.109315728829587	1.8959504312433255	0.0681038953588247	0.7636107343799756	0.1005527327596601	97.95827021362088	99.48686103731971	0.0029604247080375376	1.0001094828308683
2.109315728829587	1.8959504312433255	0.0681038953588247	0.7636107343799756	0.1005527327596601	97.95827021362088	99.48686103731971	0.0029604247080375376	1.0001094828308683
2.109315728829587	1.8959504312433255	0.0681038953588247	0.7636107343799756	0.1005527327596601	97.95827021362088	97.42720284820848	0.0029604247080375376	1.0001094828308683
2.109315728829587	1.8959504312433255	0.0681038953588247	0.7636107343799756	0.1005527327596601	97.95827021362088	97.42720284820848	0.0029604247080375376	1.0001094828308683
2.109315728829587	1.8959504312433255	0.0681038953588247	0.7636107343799756	0.1005527327596601	97.95827021362088	97.42720284820848	0.0029604247080375376	1.0001094828308683
2.109315728829587	1.8959504312433255	0.0681038953588247	0.7636107343799756	0.1005527327596601	97.95827021362088	97.42720284820848	0.0029604247080375376	1.0001094828308683
2.109315728829587	1.8959504312433255	0.0681038953588247	0.7636107343799756	0.1005527327596601	97.95827021362088	97.42697420012027	0.0029604247080375376	1.0001094828308683
2.109315728829587	1.8959504312433255	0.0681038953588247	0.7636107343799756	0.10053506086851642	97.95827021362088	97.42697420012027	0.0029604247080375376	1.0001094828308683
2.109315728829587	1.8959504312433255	0.0681038953588247	0.7636107343799756	0.10053506086851642	97.95827021362088	97.42697420012027	0.0029604247080375376	1.0001094828308683
2.109315728829587	1.8959504312433255	0.0681038953588247	0.7636107343799756	0.10053506086851642	97.95827021362088	97.42697420012027	0.0029604247080375376	1.0001094828308683
2.109315728829587	1.8959504312433255	0.0681038953588247	0.7636107343799756	0.10053506086851642	97.95827021362088	97.42697420012027	0.0029604247080375376	1.0001094828308683
2.109315728829587	1.8959504312433255	0.0681038953588247	0.7636107343799756	0.10053506086851642	97.95827021362088	97.42697420012027	0.0029604247080375376	1.0001094828308683
2.1094192095388116	1.8959504312433255	0.0681038953588247	0.7636107343799756	0.10053506086851642	97.95827021362088	97.42697420012027	0.0029604247080375376	1.0001094828308683
2.1094192095388116	1.8959504312433255	0.0681038953588247	0.7636107343799756	0.10053506086851642	97.95827021362088	97.42697420012027	0.0029604247080375376	1.0001094828308683
2.1094192095388116	1.8959504312433255	0.0681038953588247	0.7636107343799756	0.10053506086851642	97.95827021362088	97.42697420012027	0.0029604247080375376	1.0001094828308683
2.1094192095388116	1.8959504312433255	0.0681038953588247	0.7636107343799756	0.10053506086851642	97.95827021362088	97.42697420012027	0.0029604247080375376	1.0001094828308683
2.1094192095388116	1.8969309098092675	0.0681038953588247	0.7636107343799756	0.10053506086851642	97.95827021362088	97.42697420012027	0.0029604247080375376	1.0001094828308683
2.1094192095388116	1.8969309098092675	0.0681038953588247	0.7636107343799756	0.10053506086851642	97.95827021362088	97.94235150400917	0.0029604247080375376	1.0001094828308683
2.1094192095388116	1.8969309098092675	0.0681038953588247	0.7636107343799756	0.10053506086851642	97.95827021362088	97.94235150400917	0.0029604247080375376	1.0001094828308683
2.1094192095388116	1.8969309098092675	0.06810263198958032	0.7636107343799756	0.10053506086851642	97.95827021362088	97.94235150400917	0.0029604247080375376	1.0001094828308683
2.1094192095388116	1.8969309098092675	0.06810263198958032	0.7636107343799756	0.10040296454869715	97.95827021362088	97.94235150400917	0.0029604247080375376	1.0001094828308683
2.1094192095388116	1.8969309098092675	0.06810263198958032	0.7636107343799756	0.10040296454869715	97.95827021362088	97.94235150400917	0.0029571185997505525	1.0001094828308683
2.1094192095388116	1.8969309098092675	0.06810263198958032	0.7636107343799756	0.10040296454869715	97.95827021362088	97.94235150400917	0.0029571185997505525	1.0001094828308683
2.1094192095388116	1.8969309098092675	0.06810263198958032	0.7636107343799756	0.10040296454869715	97.95827021362088	97.94235150400917	0.0029571185997505525	1.0001094828308683
2.108412393759719	1.8969309098092675	0.06810263198958032	0.7636107343799756	0.10040296454869715	97.95827021362088	97.94235150400917	0.0029571185997505525	1.0001094828308683
2.108412393759719	1.8969309098092675	0.06810263198958032	0.7636107343799756	0.10040296454869715	97.95827021362088	97.94235150400917	0.0029571185997505525	1.0001094828308683
2.108412393759719	1.8969309098092675	0.06810263198958032	0.7636107343799756	0.10040296454869715	97.95827021362088	97.94235150400917	0.0029571185997505525	1.0001094828308683
2.108412393759719	1.8969309098092675	0.06810263198958032	0.7636107343799756	0.10040296454869715	97.95827021362088	97.94235150400917	0.0029571185997505525	1.0001094828308683
2.108412393759719	1.8969309098092675	0.06810263198958032	0.7636107343799756	0.10040296454869715	97.95827021362088	97.94410924017967	0.0029571185997505525	1.0001094828308683
2.108412393759719	1.8969309098092675	0.06810263198958032	0.7636107343799756	0.10040296454869715	97.95827021362088	97.94410924017967	0.0029571185997505525	1.0001094828308683
2.108412393759719	1.8969309098092675	0.06810263198958032	0.7636107343799756	0.10026949709350458	97.95827021362088	97.94410924017967	0.0029571185997505525	1.0001094828308683
2.108412393759719	1.8969309098092675	0.06810263198958032	0.7636107343799756	0.10026949709350458	97.9581302867648	97.94410924017967	0.0029571185997505525	1.0001094828308683
2.1084116673509357	1.8969309098092675	0.06810263198958032	0.7636107343799756	0.10026949709350458	97.9581302867648	97.94410924017967	0.0029571185997505525	1.0001094828308683
2.1084116673509357	1.8969309098092675	0.06810263198958032	0.7636107343799756	0.10026949709350458	97.9581302867648	97.94410924017967	0.0029571185997505525	1.0001094828308683
2.1084116673509357	1.8969309098092675	0.06810263198958032	0.7636107343799756	0.10026949709350458	97.9581302867648	97.94410924017967	0.0029571185997505525	1.0001094828308683
2.1084116673509357	1.8969309098092675	0.06810258090369595	0.7636107343799756	0.10026949709350458	97.9581302867648	97.94410924017967	0.0029571185997505525	1.0001094828308683
2.1084116673509357	1.8969309098092675	0.06810258090369595	0.7636107343799756	0.10026949709350458	97.9581302867648	97.90442148317193	0.0029571185997505525	1.0001094828308683
2.1084116673509357	1.8969309098092675	0.06810258090369595	0.7636107343799756	0.10027288692522422	97.9581302867648	97.90442148317193	0.0029571185997505525	1.0001094828308683
2.1084116673509357	1.8969309098092675	0.06810258090369595	0.7636107343799756	0.10027288692522422	97.9581302867648	97.90442148317193	0.0029571185997505525	1.0001094828308683
2.1084116673509357	1.8969309098092675	0.06810258090369595	0.7636107343799756	0.10027288692522422	97.9581302867648	97.90334756398087	0.0029571185997505525	1.0001094828308683
2.1084116673509357	1.8969309098092675	0.06810258090369595	0.7636107343799756	0.10027288692522422	97.9581302867648	97.90334756398087	0.0029571185997505525	1.0001094828308683
2.1085446101160046	1.8969309098092675	0.06810258090369595	0.7636107343799756	0.10027288692522422	97.9581302867648	97.90334756398087	0.0029571185997505525	1.0001094828308683
2.1085446101160046	1.8969309098092675	0.06810258090369595	0.7636107343799756	0.10027288692522422	97.94686110700805	97.90334756398087	0.0029571185997505525	1.0001094828308683
2.1085446101160046	1.8969309098092675	0.06810258090369595	0.7636107343799756	0.10027288692522422	97.94686110700805	97.90334756398087	0.0029571185997505525	1.0001094828308683
2.1085446101160046	1.8969309098092675	0.06810258090369595	0.7636107343799756	0.10027288692522422	97.94686110700805	97.90334756398087	0.0029571185997505525	1.0001094828308683
2.108544575227699	1.8969309098092675	0.06810258090369595	0.7636107343799756	0.10027288692522422	97.94686110700805	97.90334756398087	0.0029571185997505525	1.0001094828308683
2.1094499966727733	1.8969309098092675	0.06810258090369595	0.7636107343799756	0.10027288692522422	97.94686110700805	97.90334756398087	0.0029571185997505525	1.0001094828308683
2.1094499966727733	1.8969309098092675	0.06810258090369595	0.7636107343799756	0.10027288692522422	97.94686110700805	97.90334756398087	0.0029571185997505525	1.0001094828308683
2.1094499966727733	1.8969309098092675	0.06810258090369595	0.7636107343799756	0.10027288692522422	97.94686110700805	97.90334756398087	0.0029571185997505525	1.0001094828308683
2.1094499966727733	1.8969309098092675	0.06810258090369595	0.7636107343799756	0.10027288692522422	97.94686110700805	97.9034963010938	0.0029571185997505525	1.0001094828308683
2.1094499966727733	1.8969309098092675	0.06810258090369595	0.7636107343799756	0.10027288692522422	97.94686110700805	97.9034963010938	0.0029571185997505525	1.0001063178890424
2.1094499966727733	1.8969309098092675	0.06810258090369595	0.7636107343799756	0.10027288692522422	97.94686110700805	97.9034963010938	0.0029571185997505525	1.0001063743439425
