2.209472825190406	1.8859873239410223	0.06630271745667053	0.7408574388990206	0.10135169687076849	98.80332199383234	100.59402092830456	0.002274950819023732	1.000099560746982
2.209472825190406	1.8859873239410223	0.06630271745667053	0.7408574388990206	0.10135169687076849	98.80332199383234	100.59402092830456	0.002274950819023732	1.000099560746982
2.209472825190406	1.8860062615468633	0.06630271745667053	0.7408574388990206	0.10135169687076849	98.80332199383234	100.59402092830456	0.002274950819023732	1.000099560746982
2.209472825190406	1.8860058684274856	0.06630271745667053	0.7408574388990206	0.10135169687076849	98.80332199383234	100.59402092830456	0.002274950819023732	1.000099560746982
2.209472825190406	1.8860058684274856	0.06630271745667053	0.7408574388990206	0.10135174241233395	98.80332199383234	100.59402092830456	0.002274950819023732	1.000099560746982
2.209472825190406	1.8860058684274856	0.06630271745667053	0.7408574388990206	0.10135174241233395	98.80341956918656	100.59402092830456	0.002274950819023732	1.000099560746982
2.209472825190406	1.8860058684274856	0.06630271745667053	0.740159547992845	0.10135174241233395	98.80341956918656	100.59402092830456	0.002274950819023732	1.000099560746982
2.209472825190406	1.8860058684274856	0.06630271745667053	0.740159547992845	0.10135174241233395	98.80341956918656	100.59068245829252	0.002274950819023732	1.000099560746982
2.209472825190406	1.8860058684274856	0.06630271745667053	0.740159547992845	0.10135174241233395	98.80341956918656	100.59068245829252	0.002274950819023732	1.000099560746982
2.209472825190406	1.8860058684274856	0.06630271745667053	0.740159547992845	0.10135174241233395	98.80341956918656	100.59068245829252	0.002274950819023732	1.000099560746982
2.209472825190406	1.8860058684274856	0.06630370131184664	0.740159547992845	0.10135174241233395	98.80341956918656	100.59068245829252	0.002274950819023732	1.000099560746982
2.209472825190406	1.8860058684274856	0.06630370131184664	0.740159547992845	0.10135174241233395	98.80341956918656	100.59068245829252	0.002274950819023732	1.0000993004598453
2.209472825190406	1.8860058684274856	0.06630370131184664	0.7401608393606752	0.10135174241233395	98.80341956918656	100.59068245829252	0.002274950819023732	1.0000993004598453
2.209473224478691	1.8860058684274856	0.06630370131184664	0.7401608393606752	0.10135174241233395	98.80341956918656	100.59068245829252	0.002274950819023732	1.0000993004598453
2.209473224478691	1.8860011149545923	0.06630370131184664	0.7401608393606752	0.10135174241233395	98.80341956918656	100.59068245829252	0.002274950819023732	1.0000993004598453
2.209473224478691	1.8860011149545923	0.06630370131184664	0.7401608393606752	0.10135174241233395	98.80341956918656	100.59068245829252	0.002274950819023732	1.0000993004598453
2.209473224478691	1.8860011149545923	0.06630370131184664	0.7401608393606752	0.10135174241233395	98.80341956918656	100.59068245829252	0.002274950819023732	1.0000993004598453
2.209473224478691	1.8860011149545923	0.06630370131184664	0.7401608393606752	0.10135174241233395	98.80341956918656	100.59863828665023	0.002274950819023732	1.0000993004598453
2.209473224478691	1.8860011149545923	0.06630370131184664	0.7401608393606752	0.10141310747994343	98.80341956918656	100.59863828665023	0.002274950819023732	1.0000993004598453
2.209473224478691	1.8860011149545923	0.06630370131184664	0.7401608393606752	0.10141310747994343	98.80341956918656	100.59863828665023	0.002274950819023732	1.000092747709246
2.209474730208078	1.8860011149545923	0.06630370131184664	0.7401608393606752	0.10141310747994343	98.80341956918656	100.59863828665023	0.002274950819023732	1.000092747709246
2.209474730208078	1.8860011149545923	0.06630370131184664	0.7401608393606752	0.10141310747994343	98.80341956918656	100.59863828665023	0.002274950819023732	1.000092747709246
2.209474730208078	1.8860011149545923	0.06630370131184664	0.7401608393606752	0.10141310747994343	98.78861604036247	100.59863828665023	0.002274950819023732	1.000092747709246
2.209474730208078	1.8860011149545923	0.06630370131184664	0.7401608393606752	0.10141310747994343	98.78870042891005	100.59863828665023	0.002274950819023732	1.000092747709246
2.209474730208078	1.8860011149545923	0.06630370131184664	0.7401608393606752	0.10141310747994343	98.78870042891005	100.59863828665023	0.002473884845857041	1.000092747709246
2.209474730208078	1.885865137157966	0.06630370131184664	0.7401608393606752	0.10141310747994343	98.78870042891005	100.59863828665023	0.002473884845857041	1.000092747709246
2.209474730208078	1.885865137157966	0.06630370131184664	0.7402174619381182	0.10141310747994343	98.78870042891005	100.59863828665023	0.002473884845857041	1.000092747709246
2.209474730208078	1.885865137157966	0.06630370131184664	0.7402183385474627	0.10141310747994343	98.78870042891005	100.59863828665023	0.002473884845857041	1.000092747709246
2.209474730208078	1.885865137157966	0.06630370131184664	0.7402183385474627	0.10141332222447258	98.78870042891005	100.59863828665023	0.002473884845857041	1.000092747709246
2.209474730208078	1.885865137157966	0.06630370131184664	0.7402183385474627	0.10141332222447258	98.78870042891005	100.59863828665023	0.002473884845857041	1.000092747709246
2.209474730208078	1.885865137157966	0.06630370131184664	0.7402183385474627	0.10141332222447258	98.78870042891005	100.59863828665023	0.002473884845857041	1.000092747709246
2.209474730208078	1.885865137157966	0.06630370131184664	0.7402183385474627	0.10141332222447258	98.78870042891005	100.23885814077758	0.002473884845857041	1.000092747709246
2.209474730208078	1.885865137157966	0.06630370131184664	0.7402789320852752	0.10141332222447258	98.78870042891005	100.23885814077758	0.002473884845857041	1.000092747709246
2.209474730208078	1.885865137157966	0.06630370131184664	0.7402789320852752	0.10141332222447258	98.78158507033996	100.23885814077758	0.002473884845857041	1.000092747709246
2.209474730208078	1.885865137157966	0.06630370131184664	0.7402789320852752	0.10141332222447258	98.78158507033996	100.23885814077758	0.002473884845857041	1.000092747709246
2.2075481114727866	1.885865137157966	0.06630370131184664	0.7402789320852752	0.10141332222447258	98.78158507033996	100.23885814077758	0.002473884845857041	1.000092747709246
2.2075481114727866	1.885865137157966	0.06630370131184664	0.7402789320852752	0.10141332222447258	98.78158507033996	100.31497567916296	0.002473884845857041	1.000092747709246
2.2075481114727866	1.885865137157966	0.06630370131184664	0.7402789320852752	0.10119137263081658	98.78158507033996	100.31497567916296	0.002473884845857041	1.000092747709246
2.2075481114727866	1.885865137157966	0.06630370131184664	0.7402789320852752	0.10119137263081658	98.78158507033996	100.3151228824202	0.002473884845857041	1.000092747709246
2.2075481114727866	1.885865137157966	0.06630370131184664	0.7402789320852752	0.10119137263081658	98.78158507033996	100.3151228824202	0.0024739195509900134	1.000092747709246
2.2075481114727866	1.885865137157966	0.06630370131184664	0.7402789320852752	0.10119137263081658	98.78158507033996	100.3151228824202	0.0024739195509900134	1.000092747709246
2.2075481114727866	1.885865137157966	0.06629878078494959	0.7402789320852752	0.10119137263081658	98.78158507033996	100.3151228824202	0.0024739195509900134	1.000092747709246
2.2075481114727866	1.885865137157966	0.06629840067861263	0.7402789320852752	0.10119137263081658	98.78158507033996	100.3151228824202	0.0024739195509900134	1.000092747709246
2.2075481114727866	1.885865137157966	0.06629840067861263	0.7402789320852752	0.10119137263081658	98.78158507033996	100.31558475283792	0.0024739195509900134	1.000092747709246
2.2075481114727866	1.885865137157966	0.06629840067861263	0.7402789320852752	0.10119137263081658	98.78158507033996	100.31558475283792	0.0024739195509900134	1.000092747709246
2.2075481114727866	1.885865137157966	0.06629840067861263	0.7402789320852752	0.10119135887660446	98.78158507033996	100.31558475283792	0.0024739195509900134	1.000092747709246
2.2075481114727866	1.885865137157966	0.06629840067861263	0.7402789320852752	0.10119135887660446	98.78158507033996	100.31558475283792	0.0024739195509900134	1.0000949024235908
2.2075481114727866	1.885865137157966	0.06629840067861263	0.7402789320852752	0.10119135887660446	98.78158507033996	100.31558475283792	0.0024880547283909105	1.0000949024235908
2.2075481114727866	1.885865137157966	0.06629840067861263	0.7402789320852752	0.10119135887660446	98.78158507033996	100.31558475283792	0.0024880547283909105	1.0000949024235908
2.2075481114727866	1.885865137157966	0.06629840067861263	0.74014768705399	0.10119135887660446	98.78158507033996	100.31558475283792	0.0024880547283909105	1.0000949024235908
2.2075481114727866	1.885865137157966	0.06629840067861263	0.74014768705399	0.10119135887660446	98.78158507033996	100.31558475283792	0.0024880547283909105	1.0000949024235908
2.2075481114727866	1.885865137157966	0.06629840067861263	0.74014768705399	0.10119135887660446	98.78158507033996	100.31558475283792	0.0024880547283909105	1.0000949024235908
2.2075481114727866	1.885865137157966	0.06629076300743171	0.74014768705399	0.10119135887660446	98.78158507033996	100.31558475283792	0.0024880547283909105	1.0000949024235908
2.2075481114727866	1.885865137157966	0.06629076300743171	0.74014768705399	0.10119135887660446	98.78158507033996	100.31558475283792	0.0024880547283909105	1.0000949024235908
2.2075481114727866	1.885865137157966	0.06628687883786458	0.74014768705399	0.10119135887660446	98.78158507033996	100.31558475283792	0.0024880547283909105	1.0000949024235908
2.2075481114727866	1.885865137157966	0.06628687883786458	0.74014768705399	0.10119135887660446	98.78158507033996	100.31558475283792	0.0024880547283909105	1.0000949024235908
2.2075481114727866	1.885865137157966	0.06628687883786458	0.74014768705399	0.10119135887660446	98.78158507033996	100.31558475283792	0.0024880547283909105	1.0000949024235908
2.2075481114727866	1.885865137157966	0.06628687883786458	0.7403309906962676	0.10119135887660446	98.78158507033996	100.31558475283792	0.0024880547283909105	1.0000949024235908
2.2075481114727866	1.885865137157966	0.06628687883786458	0.7403309906962676	0.10119135887660446	98.78158507033996	100.31558475283792	0.0024880547283909105	1.0000949024235908
2.2075481114727866	1.885865137157966	0.06628687883786458	0.7403309906962676	0.10119135887660446	98.78158507033996	100.31558475283792	0.0024880547283909105	1.0000949024235908
2.2075481114727866	1.885865137157966	0.06628687883786458	0.7403275366538846	0.10119135887660446	98.78158507033996	100.31558475283792	0.0024880547283909105	1.0000949024235908
2.2075481114727866	1.885865137157966	0.06628687883786458	0.7403275366538846	0.10119135887660446	98.78053941643698	100.31558475283792	0.0024880547283909105	1.0000949024235908
2.2075481114727866	1.885865137157966	0.06628687883786458	0.7403275366538846	0.10119135887660446	98.77281145305408	100.31558475283792	0.0024880547283909105	1.0000949024235908
2.2075481114727866	1.885865137157966	0.06628687883786458	0.7403275366538846	0.10119135887660446	98.77287004701931	100.31558475283792	0.0024880547283909105	1.0000949024235908
2.2075481114727866	1.885865137157966	0.06628687883786458	0.7403275366538846	0.10119135887660446	98.77287004701931	100.31558475283792	0.0024880547283909105	1.0000949024235908
2.2075481114727866	1.885865137157966	0.0662871770932119	0.7403275366538846	0.10119135887660446	98.77287004701931	100.31558475283792	0.0024880547283909105	1.0000949024235908
2.2075481114727866	1.885865137157966	0.0662871770932119	0.7403275366538846	0.10119135887660446	98.77287004701931	100.31558475283792	0.0024880547283909105	1.0000949024235908
2.2075481114727866	1.8857922546804997	0.0662871770932119	0.7403275366538846	0.10119135887660446	98.77287004701931	100.31558475283792	0.0024880547283909105	1.0000949024235908
2.2075481114727866	1.8857922546804997	0.0662871770932119	0.7403275366538846	0.10119135887660446	98.77287004701931	100.31558475283792	0.0024880547283909105	1.0001045113601432
2.2075481114727866	1.8857922546804997	0.0662871770932119	0.7403275366538846	0.10119135887660446	98.77287004701931	100.31558475283792	0.0024880547283909105	1.0001045113601432
2.2075481114727866	1.8857922546804997	0.0662871770932119	0.7403275366538846	0.10119128437470151	98.77287004701931	100.31558475283792	0.0024880547283909105	1.0001045113601432
2.2075481114727866	1.8857922546804997	0.0662871770932119	0.7403275366538846	0.10119128437470151	98.77287004701931	100.31558475283792	0.0024880547283909105	1.0001045113601432
2.2075481114727866	1.8857922546804997	0.0662871770932119	0.7403275366538846	0.10119128437470151	98.77287004701931	100.31558475283792	0.0025680351203607975	1.0001045113601432
2.207546288710657	1.8857922546804997	0.0662871770932119	0.7403275366538846	0.10119128437470151	98.77287004701931	100.31558475283792	0.0025680351203607975	1.0001045113601432
2.207546288710657	1.8856778286875266	0.0662871770932119	0.7403275366538846	0.10119128437470151	98.77287004701931	100.31558475283792	0.0025680351203607975	1.0001045113601432
2.207546288710657	1.8856780834857	0.0662871770932119	0.7403275366538846	0.10119128437470151	98.77287004701931	100.31558475283792	0.0025680351203607975	1.0001045113601432
2.207546288710657	1.8856780834857	0.0662871770932119	0.7403275366538846	0.10119128437470151	98.77287004701931	100.31558475283792	0.0025680351203607975	1.0001045113601432
2.207546288710657	1.8856780834857	0.0662871770932119	0.7403275366538846	0.10119128437470151	98.77273825807015	100.31558475283792	0.0025680351203607975	1.0001045113601432
2.207546288710657	1.8856780834857	0.0662871770932119	0.7403275366538846	0.10119128437470151	98.77273825807015	100.31558475283792	0.0025680351203607975	1.0001045113601432
2.2074063893446225	1.8856780834857	0.0662871770932119	0.7403275366538846	0.10119128437470151	98.77273825807015	100.31558475283792	0.0025680351203607975	1.0001045113601432
2.2074063893446225	1.8856780834857	0.0662871770932119	0.7403275366538846	0.10119128437470151	98.77273825807015	100.31558475283792	0.0025680351203607975	1.0001045113601432
2.2074063893446225	1.8856780834857	0.0662871770932119	0.7403275366538846	0.10119128437470151	98.77273825807015	100.31558475283792	0.00256846058084069	1.0001045113601432
2.2074063893446225	1.8856780834857	0.0662871770932119	0.7403275366538846	0.10119140608373203	98.77273825807015	100.31558475283792	0.00256846058084069	1.0001045113601432
2.2074063893446225	1.8856780834857	0.0662871770932119	0.7403275366538846	0.10119140608373203	98.77273825807015	100.31558475283792	0.00256846058084069	1.0001044907785717
2.2074063893446225	1.8856780834857	0.0662871770932119	0.7403275366538846	0.10119140608373203	98.77273825807015	100.31558475283792	0.00256846058084069	1.0001044907785717
2.2074063893446225	1.8856780834857	0.06628471039893484	0.7403275366538846	0.10119140608373203	98.77273825807015	100.31558475283792	0.00256846058084069	1.0001044907785717
2.2074063893446225	1.8856780834857	0.06628471039893484	0.7403275366538846	0.10119140608373203	98.77273825807015	100.31558475283792	0.00256846058084069	1.0001044907785717
2.2074063893446225	1.885680322923869	0.06628471039893484	0.7403275366538846	0.10119140608373203	98.77273825807015	100.31558475283792	0.00256846058084069	1.0001044907785717
2.2074063893446225	1.885680322923869	0.06628471039893484	0.7403275366538846	0.10119140608373203	98.77273825807015	100.31558475283792	0.0025679814130784716	1.0001044907785717
2.2072647086954538	1.885680322923869	0.06628471039893484	0.7403275366538846	0.10119140608373203	98.77273825807015	100.31558475283792	0.0025679814130784716	1.0001044907785717
2.2072647086954538	1.885680322923869	0.06628471039893484	0.7403275366538846	0.10119140608373203	98.77273825807015	100.31558475283792	0.0025679814130784716	1.0001044907785717
2.2072647086954538	1.885680322923869	0.06628471039893484	0.7403275366538846	0.10119140608373203	98.77242966678607	100.31558475283792	0.0025679814130784716	1.0001044907785717
2.2072647086954538	1.885680322923869	0.06628471039893484	0.7403275366538846	0.10119140608373203	98.77242966678607	100.31558475283792	0.0025679814130784716	1.0000851357168008
2.2072647086954538	1.885680322923869	0.06628471039893484	0.7403275366538846	0.10119140608373203	98.77242966678607	100.31558475283792	0.0025679814130784716	1.0000851357168008
2.2072647086954538	1.885680322923869	0.06628471039893484	0.7403275366538846	0.10120746292514365	98.77242966678607	100.31558475283792	0.0025679814130784716	1.0000851357168008
2.2072647086954538	1.885680322923869	0.06628471039893484	0.7403275366538846	0.10120746292514365	98.77242966678607	100.31558475283792	0.0025679814130784716	1.0000851357168008
2.2072647086954538	1.885680322923869	0.06628471039893484	0.7403275366538846	0.10120746292514365	98.77242966678607	100.31558475283792	0.0025679814130784716	1.0000851357168008
2.2072647086954538	1.885680322923869	0.06628471039893484	0.7403275366538846	0.10120746292514365	98.77242966678607	100.31514915972816	0.0025679814130784716	1.0000851357168008
2.2072647086954538	1.885680322923869	0.06628471039893484	0.7403275366538846	0.10120746292514365	98.77242966678607	100.31514915972816	0.0025679814130784716	1.0000851357168008
2.207264230252118	1.885680322923869	0.06628471039893484	0.7403275366538846	0.10120746292514365	98.77242966678607	100.31514915972816	0.0025679814130784716	1.0000851357168008
2.207264230252118	1.885680322923869	0.06628471039893484	0.7403275366538846	0.10120746292514365	98.77242966678607	100.31514915972816	0.0025679814130784716	1.0000851357168008
2.207264230252118	1.885680322923869	0.06628471039893484	0.7403275366538846	0.10120746292514365	98.77242966678607	100.31514915972816	0.0025679814130784716	1.0000851357168008
2.207264230252118	1.885680322923869	0.06628471039893484	0.7403275366538846	0.10120746292514365	98.77242966678607	100.31514915972816	0.0025679814130784716	1.0000851357168008
2.207264230252118	1.885680322923869	0.06628471039893484	0.7402167405248922	0.10120746292514365	98.77242966678607	100.31514915972816	0.0025679814130784716	1.0000851357168008
2.207264230252118	1.885680322923869	0.06628471039893484	0.7402167405248922	0.10120746292514365	98.77242966678607	100.31514915972816	0.0025679814130784716	1.0000851357168008
2.207264230252118	1.885680322923869	0.06625634812475173	0.7402167405248922	0.10120746292514365	98.77242966678607	100.31514915972816	0.0025679814130784716	1.0000851357168008
2.207264230252118	1.885680322923869	0.06625634812475173	0.7402167405248922	0.10120746292514365	98.77242966678607	100.31514915972816	0.0025683411334104737	1.0000851357168008
2.207263611001688	1.885680322923869	0.06625634812475173	0.7402167405248922	0.10120746292514365	98.77242966678607	100.31514915972816	0.0025683411334104737	1.0000851357168008
2.207263611001688	1.884994018700008	0.06625634812475173	0.7402167405248922	0.10120746292514365	98.77242966678607	100.31514915972816	0.0025683411334104737	1.0000851357168008
2.207263611001688	1.884994018700008	0.06625634812475173	0.7402167405248922	0.10120729216193994	98.77242966678607	100.31514915972816	0.0025683411334104737	1.0000851357168008
2.207263611001688	1.884994018700008	0.06625634812475173	0.7402167405248922	0.10120729216193994	98.77242966678607	100.31514915972816	0.0025683411334104737	1.000095448209145
2.207263611001688	1.884994018700008	0.06625634812475173	0.7402167405248922	0.10120729216193994	98.77242966678607	100.31514915972816	0.0025683411334104737	1.000095448209145
2.207263611001688	1.884994018700008	0.06625634812475173	0.7402167405248922	0.10120729216193994	98.77242966678607	100.31444853878287	0.0025683411334104737	1.000095448209145
2.207263611001688	1.884994018700008	0.06625634812475173	0.7402167405248922	0.10120729216193994	98.77242966678607	100.31444853878287	0.0025683411334104737	1.000095448209145
2.207263611001688	1.884994018700008	0.06625634812475173	0.7402167405248922	0.10120729216193994	98.77242966678607	100.31444853878287	0.0025683411334104737	1.0000953618306365
2.207263611001688	1.884994018700008	0.06625634812475173	0.7402167405248922	0.10120729216193994	98.77242966678607	100.31444853878287	0.002568465954030975	1.0000953618306365
2.207263611001688	1.884994018700008	0.06625634812475173	0.7402167405248922	0.10120729216193994	98.77242966678607	100.31444853878287	0.002568465954030975	1.0000953618306365
2.207263611001688	1.884994018700008	0.06625634812475173	0.740217972009527	0.10120729216193994	98.77242966678607	100.31444853878287	0.002568465954030975	1.0000953618306365
2.207263611001688	1.884994018700008	0.06625634812475173	0.740217972009527	0.10120729216193994	98.77242966678607	100.31444853878287	0.002568465954030975	1.0000953618306365
2.207263611001688	1.884994018700008	0.06625634812475173	0.740217972009527	0.10120729216193994	98.77242966678607	100.31444853878287	0.002568465954030975	1.0000953618306365
2.207263611001688	1.884994018700008	0.06625634812475173	0.740217972009527	0.10120729216193994	98.77242966678607	100.31444853878287	0.002568465954030975	1.0000953618306365
2.207263611001688	1.884994018700008	0.06625634812475173	0.740217972009527	0.10120729216193994	98.77242966678607	100.31444853878287	0.002568465954030975	1.0000953618306365
2.207263611001688	1.884994018700008	0.06625634812475173	0.740217972009527	0.10120729216193994	98.77242966678607	100.2191929205502	0.002568465954030975	1.0000953618306365
2.207263611001688	1.884994018700008	0.06625634812475173	0.740217972009527	0.10120729216193994	98.77242966678607	100.2191929205502	0.002568465954030975	1.0000953618306365
2.207263611001688	1.884994018700008	0.06625634812475173	0.740217972009527	0.10120729216193994	98.77242966678607	100.22224129807181	0.002568465954030975	1.0000953618306365
2.207263611001688	1.884994018700008	0.06625634812475173	0.740217972009527	0.10120729216193994	98.77242966678607	100.22224129807181	0.002568465954030975	1.0000953618306365
2.2073475240588145	1.884994018700008	0.06625634812475173	0.740217972009527	0.10120729216193994	98.77242966678607	100.22224129807181	0.002568465954030975	1.0000953618306365
2.2073475240588145	1.884994018700008	0.06625634812475173	0.740217972009527	0.10120729216193994	98.77242966678607	100.22224129807181	0.002568465954030975	1.0000953618306365
2.2073475240588145	1.884994018700008	0.06625634812475173	0.740217972009527	0.10071431275622468	98.77242966678607	100.22224129807181	0.002568465954030975	1.0000953618306365
2.2073475240588145	1.884994018700008	0.06625634812475173	0.740217972009527	0.10071431275622468	98.77242966678607	100.22224129807181	0.002568465954030975	1.0000953618306365
2.2073475240588145	1.884994018700008	0.06625634812475173	0.740217972009527	0.10072426594123413	98.77242966678607	100.22224129807181	0.002568465954030975	1.0000953618306365
2.2073475240588145	1.884994018700008	0.06625634812475173	0.740217972009527	0.10072426594123413	98.77242966678607	100.22224129807181	0.002568465954030975	1.0000953618306365
2.2073475240588145	1.884994018700008	0.06625634812475173	0.740217972009527	0.10072426594123413	98.77242966678607	100.22224129807181	0.002568465954030975	1.0000953618306365
2.2073475240588145	1.884994018700008	0.06625634812475173	0.740217972009527	0.10072426594123413	98.77251897513332	100.22224129807181	0.002568465954030975	1.0000953618306365
2.2073475240588145	1.884994018700008	0.06625634812475173	0.740217972009527	0.10072426594123413	98.77251897513332	100.22224129807181	0.002568465954030975	1.0000953618306365
2.207438968020711	1.884994018700008	0.06625634812475173	0.740217972009527	0.10072426594123413	98.77251897513332	100.22224129807181	0.002568465954030975	1.0000953618306365
2.207438968020711	1.884994018700008	0.06625634812475173	0.740217972009527	0.10072426594123413	98.77251897513332	100.22224129807181	0.002568465954030975	1.0000953618306365
2.207438968020711	1.884994018700008	0.06625634812475173	0.740217972009527	0.10072426594123413	98.77251897513332	100.22224129807181	0.002568465954030975	1.0000953618306365
2.207438968020711	1.884994018700008	0.06625634812475173	0.740217972009527	0.10072426594123413	98.77251897513332	100.22224129807181	0.002568465954030975	1.0000953618306365
2.207438968020711	1.884994018700008	0.06625634812475173	0.740217972009527	0.10072426594123413	98.77251897513332	100.22224129807181	0.002568465954030975	1.0000953618306365
2.207438968020711	1.884994018700008	0.06625634812475173	0.740217972009527	0.10072426594123413	98.77251897513332	100.22224129807181	0.002568465954030975	1.0000953557038066
2.207438968020711	1.884994018700008	0.06625634812475173	0.740217972009527	0.10072426594123413	98.77251897513332	100.22224129807181	0.002568465954030975	1.0000953557038066
2.207438968020711	1.884994018700008	0.06625634812475173	0.740217972009527	0.10072426594123413	98.77251897513332	100.22224129807181	0.0025151380743150017	1.0000953557038066
2.207438968020711	1.884994018700008	0.06625634812475173	0.740217972009527	0.10072426594123413	98.77251897513332	100.22161876389715	0.0025151380743150017	1.0000953557038066
2.207438968020711	1.8848471418592103	0.06625634812475173	0.740217972009527	0.10072426594123413	98.77251897513332	100.22161876389715	0.0025151380743150017	1.0000953557038066
2.207438968020711	1.8848471418592103	0.06625634812475173	0.740217972009527	0.10072426594123413	98.77251897513332	100.22161876389715	0.0025151380743150017	1.0000954928073427
2.207438968020711	1.8848471418592103	0.06625634812475173	0.740217972009527	0.10072426594123413	98.77251897513332	99.8505419437416	0.0025151380743150017	1.0000954928073427
2.207438968020711	1.8848471418592103	0.06625634812475173	0.740217972009527	0.10072426594123413	98.77251897513332	99.8505419437416	0.0025151380743150017	1.0000954928073427
2.2061321425427147	1.8848471418592103	0.06625634812475173	0.740217972009527	0.10072426594123413	98.77251897513332	99.8505419437416	0.0025151380743150017	1.0000954928073427
2.2061321425427147	1.8848471418592103	0.06625634812475173	0.740217972009527	0.10072426594123413	98.77251897513332	99.8505419437416	0.002515084035492613	1.0000954928073427
2.2061321425427147	1.8848471418592103	0.06625634812475173	0.740217972009527	0.10072426594123413	98.77251897513332	99.8505419437416	0.002515084035492613	1.0000954928073427
2.2061321425427147	1.8848471418592103	0.06625634812475173	0.740217972009527	0.10072426594123413	98.77251897513332	99.8505419437416	0.002515084035492613	1.0000954928073427
2.2061321425427147	1.8848471418592103	0.06625634812475173	0.740217972009527	0.10072426594123413	98.77251897513332	99.8505419437416	0.002515084035492613	1.000096658328303
2.2061321425427147	1.8848471418592103	0.06625634812475173	0.740217972009527	0.10072426594123413	98.77251897513332	99.8505419437416	0.002515084035492613	1.000096658328303
2.2061321425427147	1.8848471418592103	0.06625634812475173	0.740217972009527	0.10072426594123413	98.77251897513332	99.8505419437416	0.0025148146165898536	1.000096658328303
2.2061321425427147	1.8848471418592103	0.06625634812475173	0.740217972009527	0.10072426594123413	98.77251897513332	99.8505419437416	0.0025148146165898536	1.000096658328303
2.2061321425427147	1.8848471418592103	0.06625634812475173	0.740217972009527	0.10072426594123413	98.77251897513332	99.8505419437416	0.002514824298591079	1.000096658328303
2.2061321425427147	1.8848471418592103	0.06625634812475173	0.7404331001004059	0.10072426594123413	98.77251897513332	99.8505419437416	0.002514824298591079	1.000096658328303
2.2061321425427147	1.8848471418592103	0.06625634812475173	0.7404331001004059	0.10072426594123413	98.77251897513332	99.8505419437416	0.002514824298591079	1.000096658328303
2.2061321425427147	1.8848471418592103	0.06625634812475173	0.7404331001004059	0.10072426594123413	98.77251897513332	99.79413622168745	0.002514824298591079	1.000096658328303
2.2061321425427147	1.8848471418592103	0.06625634812475173	0.7404331001004059	0.10072426594123413	98.77251897513332	99.79413622168745	0.002514824298591079	1.000096658328303
2.2061321425427147	1.8848471418592103	0.06625634812475173	0.7404331001004059	0.10072426594123413	98.77186951436907	99.79413622168745	0.002514824298591079	1.000096658328303
2.2061321425427147	1.8848471418592103	0.06625634812475173	0.7404331001004059	0.10072960071235794	98.77186951436907	99.79413622168745	0.002514824298591079	1.000096658328303
2.2061321425427147	1.8848471418592103	0.06625634812475173	0.7404331001004059	0.10072960071235794	98.77186951436907	99.79413622168745	0.002514824298591079	1.000096658328303
2.2061321425427147	1.8848471418592103	0.06625634812475173	0.7404331001004059	0.10072960071235794	98.77186951436907	99.79413622168745	0.002514824298591079	1.0000972263679662
2.2061321425427147	1.8849047068467326	0.06625634812475173	0.7404331001004059	0.10072960071235794	98.77186951436907	99.79413622168745	0.002514824298591079	1.0000972263679662
2.2061321425427147	1.8849047068467326	0.06625634812475173	0.7404331001004059	0.10072960071235794	98.77186951436907	99.79413622168745	0.002514824298591079	1.0000972263679662
2.2061321425427147	1.8849047068467326	0.06625634812475173	0.7404331001004059	0.10072960071235794	98.77186951436907	101.34715721169734	0.002514824298591079	1.0000972263679662
2.2061321425427147	1.8849047068467326	0.06625634812475173	0.7404331001004059	0.10072960071235794	98.77186951436907	101.34699331425207	0.002514824298591079	1.0000972263679662
2.2061321425427147	1.8849047068467326	0.06625634812475173	0.7404331001004059	0.10072960071235794	98.77186951436907	101.34699331425207	0.002514824298591079	1.0000972263679662
2.2061321425427147	1.8849047068467326	0.06623702717666359	0.7404331001004059	0.10072960071235794	98.77186951436907	101.34699331425207	0.002514824298591079	1.0000972263679662
2.2061321425427147	1.8849047068467326	0.06623702717666359	0.7404331001004059	0.10072960071235794	98.77186951436907	101.34715281925463	0.002514824298591079	1.0000972263679662
2.2061321425427147	1.8849047068467326	0.06623702717666359	0.7404331001004059	0.10072960071235794	98.70587086096629	101.34715281925463	0.002514824298591079	1.0000972263679662
2.2061321425427147	1.8849047068467326	0.06623702717666359	0.7404331001004059	0.10072960071235794	98.70587086096629	101.34715281925463	0.002514824298591079	1.0000972263679662
2.2061321425427147	1.8849047068467326	0.06623702717666359	0.7404331001004059	0.10072960071235794	98.70587086096629	101.34715281925463	0.002514824298591079	1.0000972263679662
2.2061321425427147	1.8849047068467326	0.06625957569294469	0.7404331001004059	0.10072960071235794	98.70587086096629	101.34715281925463	0.002514824298591079	1.0000972263679662
2.2061321425427147	1.8849047068467326	0.06625957569294469	0.7404331001004059	0.10072960071235794	98.70587086096629	101.34715281925463	0.002514824298591079	1.0000972263679662
2.2061321425427147	1.8849047068467326	0.06625957569294469	0.7404331001004059	0.10072960071235794	98.70587086096629	101.34715281925463	0.002514824298591079	1.0000975817185902
2.2061321425427147	1.8849047068467326	0.06625957569294469	0.7404331001004059	0.10072960071235794	98.70587086096629	101.34715281925463	0.002514824298591079	1.0000975817185902
2.205894613518878	1.8849047068467326	0.06625957569294469	0.7404331001004059	0.10072960071235794	98.70587086096629	101.34715281925463	0.002514824298591079	1.0000975817185902
2.205894613518878	1.8849047068467326	0.06625957569294469	0.7404331001004059	0.10072960071235794	98.70587086096629	101.34715281925463	0.002514824298591079	1.0000975817185902
2.205894613518878	1.8849047068467326	0.06625957569294469	0.7404331001004059	0.10072960071235794	98.70587086096629	101.34715281925463	0.002514824298591079	1.0000975817185902
2.205894613518878	1.8849047068467326	0.06625957569294469	0.7404331001004059	0.10072960071235794	98.70587086096629	101.34715281925463	0.002514824298591079	1.0000975817185902
2.205894613518878	1.8849047068467326	0.06625957569294469	0.7404331001004059	0.10072960071235794	98.70587086096629	101.34715281925463	0.002514824298591079	1.0000975817185902
2.205968010330015	1.8849047068467326	0.06625957569294469	0.7404331001004059	0.10072960071235794	98.70587086096629	101.34715281925463	0.002514824298591079	1.0000975817185902
2.205968010330015	1.8849047068467326	0.06625957569294469	0.7404331001004059	0.10077962421185208	98.70587086096629	101.34715281925463	0.002514824298591079	1.0000975817185902
2.205968010330015	1.8849047068467326	0.06625847294557562	0.7404331001004059	0.10077962421185208	98.70587086096629	101.34715281925463	0.002514824298591079	1.0000975817185902
2.205968010330015	1.8849047068467326	0.06625847294557562	0.7404331001004059	0.10077962421185208	98.70587086096629	101.34715281925463	0.002514824298591079	1.0000975817185902
2.205968010330015	1.8849047068467326	0.06625847294557562	0.7404331001004059	0.10077962421185208	98.70587086096629	101.34715281925463	0.0025226382902890187	1.0000975817185902
2.205968010330015	1.8849047068467326	0.06625847294557562	0.7404331001004059	0.10077962421185208	98.70587086096629	101.34715281925463	0.0025226382902890187	1.0000975817185902
2.205968010330015	1.8849047068467326	0.06625847294557562	0.7404331001004059	0.10077962421185208	98.70587086096629	101.34794456951786	0.0025226382902890187	1.0000975817185902
2.205968010330015	1.8849047068467326	0.06625847294557562	0.7404331001004059	0.10077962421185208	98.70587086096629	102.50313205881815	0.0025226382902890187	1.0000975817185902
2.205968010330015	1.8849047068467326	0.06617096407661266	0.7404331001004059	0.10077962421185208	98.70587086096629	102.50313205881815	0.0025226382902890187	1.0000975817185902
2.205968010330015	1.8849047068467326	0.06617096407661266	0.7404331001004059	0.10078165003759858	98.70587086096629	102.50313205881815	0.0025226382902890187	1.0000975817185902
2.205968010330015	1.8848657340393338	0.06617096407661266	0.7404331001004059	0.10078165003759858	98.70587086096629	102.50313205881815	0.0025226382902890187	1.0000975817185902
2.205968010330015	1.8848657340393338	0.06617096407661266	0.7404331001004059	0.10078165003759858	98.70587086096629	102.50313205881815	0.0025226382902890187	1.0000975817185902
2.205968010330015	1.8848663766879397	0.06617096407661266	0.7404331001004059	0.10078165003759858	98.70587086096629	102.50313205881815	0.0025226382902890187	1.0000975817185902
2.205968010330015	1.8848663766879397	0.06617096407661266	0.7404331001004059	0.10078165003759858	98.70587086096629	102.50313205881815	0.0025226382902890187	1.0000975817185902
2.205968010330015	1.8848663766879397	0.06617096407661266	0.7404331001004059	0.10078165003759858	98.70587086096629	102.50313205881815	0.0025226382902890187	1.0000975817185902
2.205968010330015	1.8848663766879397	0.06617096407661266	0.7404331001004059	0.10078165003759858	98.70579106341168	102.50313205881815	0.0025226382902890187	1.0000975817185902
2.205968010330015	1.8848663766879397	0.06617096407661266	0.7404331001004059	0.10078165003759858	98.70579106341168	102.50313205881815	0.0025226382902890187	1.0000975817185902
2.2058654592104876	1.8848663766879397	0.06617096407661266	0.7404331001004059	0.10078165003759858	98.70579106341168	102.50313205881815	0.0025226382902890187	1.0000975817185902
2.2058654592104876	1.8848663766879397	0.06617096407661266	0.7404331001004059	0.10091844223422775	98.70579106341168	102.50313205881815	0.0025226382902890187	1.0000975817185902
2.2058654592104876	1.8848663766879397	0.06617096407661266	0.7404331001004059	0.10091844223422775	98.70579106341168	102.50313205881815	0.0025226382902890187	1.0000975817185902
2.2058654592104876	1.8848663766879397	0.06617096407661266	0.7404331001004059	0.10091623474198053	98.70579106341168	102.50313205881815	0.0025226382902890187	1.0000975817185902
2.2058654592104876	1.8848663766879397	0.06617096407661266	0.7404331001004059	0.10091623474198053	98.70579106341168	102.50313205881815	0.0025226382902890187	1.0000975817185902
2.2058654592104876	1.8848663766879397	0.06617096407661266	0.7404331001004059	0.10091709837493026	98.70579106341168	102.50313205881815	0.0025226382902890187	1.0000975817185902
2.2058654592104876	1.8848663766879397	0.06617096407661266	0.7404331001004059	0.10091709837493026	98.70579106341168	102.50313205881815	0.0025226024731879117	1.0000975817185902
2.2058654592104876	1.8848663766879397	0.06617096407661266	0.7404331001004059	0.10091709837493026	98.70579106341168	102.50313205881815	0.0025226024731879117	1.0000975817185902
2.2058654592104876	1.8848663766879397	0.06617096407661266	0.7404331001004059	0.10095934192105899	98.70579106341168	102.50313205881815	0.0025226024731879117	1.0000975817185902
2.2058654592104876	1.8848663766879397	0.06617096407661266	0.7404331001004059	0.10095934192105899	98.70579106341168	102.50313205881815	0.002492326326315495	1.0000975817185902
2.2058654592104876	1.8848663766879397	0.06617096407661266	0.7404331001004059	0.10095934192105899	98.70579106341168	102.50313205881815	0.002492326326315495	1.0000975817185902
2.2058654592104876	1.8848663766879397	0.06617096407661266	0.7404331001004059	0.10095934192105899	98.70579106341168	102.50313205881815	0.002492326326315495	1.0000975817185902
2.2058654592104876	1.8848663766879397	0.06617096407661266	0.7404331001004059	0.10095934192105899	98.70579106341168	102.50313205881815	0.002492326326315495	1.0000975817185902
2.2058654592104876	1.8848663766879397	0.06617096407661266	0.7404331001004059	0.10095934192105899	98.70579106341168	102.50313205881815	0.002492326326315495	1.0000989763815524
2.2058654592104876	1.8848663766879397	0.06617096407661266	0.7404331001004059	0.10095934192105899	98.70579106341168	102.50313205881815	0.002492326326315495	1.0000989763815524
2.2058654592104876	1.8848663766879397	0.06617096407661266	0.7404331001004059	0.10095924841454312	98.70579106341168	102.50313205881815	0.002492326326315495	1.0000989763815524
2.2058654592104876	1.8848663766879397	0.06617096407661266	0.7404331001004059	0.10095924841454312	98.70813139668897	102.50313205881815	0.002492326326315495	1.0000989763815524
2.2058654592104876	1.8848663766879397	0.06617096407661266	0.7404331001004059	0.10095924841454312	98.70813139668897	102.50313205881815	0.002492326326315495	1.0000989763815524
2.2058654592104876	1.8848663766879397	0.06617096407661266	0.7404331001004059	0.10095924841454312	98.70813139668897	102.50313205881815	0.002492326326315495	1.0000989763815524
2.2058654592104876	1.8848663766879397	0.06617096407661266	0.7404331001004059	0.10095924841454312	98.70813139668897	102.50313205881815	0.002492326326315495	1.0001036281119398
2.2058654592104876	1.8848663766879397	0.06617096407661266	0.7404331001004059	0.10095924841454312	98.70813139668897	102.50313205881815	0.0024924878871818924	1.0001036281119398
2.2058654592104876	1.8848663766879397	0.06617096407661266	0.7404331001004059	0.10095924841454312	98.70813139668897	102.50313205881815	0.0024924878871818924	1.0001036281119398
2.2058654592104876	1.8848663766879397	0.06617096407661266	0.7404331001004059	0.10095924841454312	98.70813139668897	102.50313205881815	0.0025014374573341623	1.0001036281119398
2.2058654592104876	1.8848663766879397	0.06617096407661266	0.7404331001004059	0.10095924841454312	98.70813139668897	102.50313205881815	0.0025516653235048577	1.0001036281119398
2.2058654592104876	1.8848663766879397	0.06617096407661266	0.7404331001004059	0.10095924841454312	98.70813139668897	102.50313205881815	0.0025516653235048577	1.0001024060245056
2.2058654592104876	1.8848663766879397	0.06617096407661266	0.7404331001004059	0.10095924841454312	98.70813139668897	102.5030328955331	0.0025516653235048577	1.0001024060245056
2.2058654592104876	1.8848663766879397	0.06617096407661266	0.7404331001004059	0.10095919022271069	98.70813139668897	102.5030328955331	0.0025516653235048577	1.0001024060245056
2.2058654592104876	1.8848663766879397	0.06617096407661266	0.7404331001004059	0.10095919022271069	98.70168036737358	102.5030328955331	0.0025516653235048577	1.0001024060245056
2.2058654592104876	1.8848663766879397	0.06617096407661266	0.7404331001004059	0.10081220920144476	98.70168036737358	102.5030328955331	0.0025516653235048577	1.0001024060245056
2.2058654592104876	1.8848663766879397	0.06617096407661266	0.7404331001004059	0.10081220920144476	98.70168036737358	102.5030328955331	0.0025516653235048577	1.0001024060245056
2.2058654592104876	1.8848663766879397	0.06617096407661266	0.7404393238606449	0.10081220920144476	98.70168036737358	102.5030328955331	0.0025516653235048577	1.0001024060245056
2.2058654592104876	1.8848663766879397	0.06617096407661266	0.7404393238606449	0.10081220920144476	98.70168036737358	102.5030328955331	0.0025516653235048577	1.0001024060245056
2.2058654592104876	1.8848663766879397	0.06617096407661266	0.7404393238606449	0.10081220920144476	98.70168036737358	102.5030328955331	0.0025516653235048577	1.0001024060245056
2.2058654592104876	1.8848663766879397	0.06617096407661266	0.7404393238606449	0.10081220920144476	98.70168036737358	100.42212780631321	0.0025516653235048577	1.0001024060245056
2.201571130125962	1.8848663766879397	0.06617096407661266	0.7404393238606449	0.10081220920144476	98.70168036737358	100.42212780631321	0.0025516653235048577	1.0001024060245056
2.201571130125962	1.8848663766879397	0.06617096407661266	0.7404393238606449	0.10081220920144476	98.70168036737358	100.42212780631321	0.0025516653235048577	1.0001024060245056
2.201571130125962	1.8848663766879397	0.06617096407661266	0.7404393238606449	0.10081220920144476	98.70168036737358	100.42212780631321	0.0025506888313298155	1.0001024060245056
2.201571130125962	1.8848663766879397	0.06617096407661266	0.7404393238606449	0.10081220920144476	98.70168036737358	100.42212780631321	0.0025506888313298155	1.0001024060245056
2.201571130125962	1.8848663766879397	0.06617096407661266	0.7404393238606449	0.10081220920144476	98.70168036737358	100.42212780631321	0.0025506888313298155	1.0001022078072264
2.201571130125962	1.8848663766879397	0.06617096407661266	0.7404393238606449	0.10081220920144476	98.70168036737358	100.42212780631321	0.0025506888313298155	1.0001022078072264
2.201571130125962	1.8848663766879397	0.06617096407661266	0.7404393238606449	0.10081220920144476	98.70168036737358	100.42212780631321	0.0025506888313298155	1.0001022078072264
2.201571130125962	1.8848921001170336	0.06617096407661266	0.7404393238606449	0.10081220920144476	98.70168036737358	100.42212780631321	0.0025506888313298155	1.0001022078072264
2.201571130125962	1.8848903962078782	0.06617096407661266	0.7404393238606449	0.10081220920144476	98.70168036737358	100.42212780631321	0.0025506888313298155	1.0001022078072264
2.201571130125962	1.8848903962078782	0.06617096407661266	0.7404393238606449	0.10081220920144476	98.70168036737358	100.42212780631321	0.0025506888313298155	1.0001022078072264
2.201571130125962	1.8848903962078782	0.06617096407661266	0.7404393238606449	0.10081220920144476	98.70168036737358	100.42212780631321	0.0025506888313298155	1.0001022078072264
2.201571130125962	1.8848903962078782	0.06617096407661266	0.7404393238606449	0.10081220920144476	98.70168036737358	100.42212780631321	0.0025506888313298155	1.0001022078072264
2.201571130125962	1.8848903962078782	0.06617096407661266	0.7404393238606449	0.10081220920144476	98.70168036737358	100.42212780631321	0.0025506888313298155	1.0001022078072264
2.201571130125962	1.8848903962078782	0.06617096407661266	0.7404393238606449	0.10081220920144476	98.70168036737358	100.42212780631321	0.0025506888313298155	1.0001022078072264
2.201571130125962	1.8848903962078782	0.06617096407661266	0.7404393238606449	0.10081220920144476	98.70168036737358	100.42212780631321	0.0025506888313298155	1.0001022078072264
2.201571130125962	1.8848903962078782	0.06617096407661266	0.7404431133755583	0.10081220920144476	98.70168036737358	100.42212780631321	0.0025506888313298155	1.0001022078072264
2.201571130125962	1.8848903962078782	0.06617096407661266	0.7404431133755583	0.10081220920144476	98.70168036737358	100.73604259147878	0.0025506888313298155	1.0001022078072264
2.201571130125962	1.8848903962078782	0.06617096407661266	0.7404431133755583	0.10081220920144476	98.70168036737358	100.73604259147878	0.0025506888313298155	1.0001022078072264
2.201571130125962	1.8848903962078782	0.06617096407661266	0.7404431133755583	0.10081220920144476	98.70168036737358	100.73604259147878	0.0025506888313298155	1.0001022078072264
2.201571130125962	1.8848903962078782	0.06617096407661266	0.7404431133755583	0.10081220920144476	98.70168036737358	100.73604259147878	0.0025506888313298155	1.0001022078072264
2.201577022434388	1.8848903962078782	0.06617096407661266	0.7404431133755583	0.10081220920144476	98.70168036737358	100.73604259147878	0.0025506888313298155	1.0001022078072264
2.201577022434388	1.8848903962078782	0.06617096407661266	0.7404431133755583	0.10081220920144476	98.70168036737358	100.73604259147878	0.0025506888313298155	1.0001022078072264
2.201577022434388	1.8848903962078782	0.06617096407661266	0.7404431133755583	0.10081220920144476	98.70168036737358	100.73604259147878	0.0025506888313298155	1.0001022078072264
2.201577022434388	1.8848903962078782	0.06621845498458957	0.7404431133755583	0.10081220920144476	98.70168036737358	100.73604259147878	0.0025506888313298155	1.0001022078072264
2.201577022434388	1.8848921179376057	0.06621845498458957	0.7404431133755583	0.10081220920144476	98.70168036737358	100.73604259147878	0.0025506888313298155	1.0001022078072264
2.201577022434388	1.8848921179376057	0.06621845498458957	0.7404431133755583	0.1008119308861626	98.70168036737358	100.73604259147878	0.0025506888313298155	1.0001022078072264
2.201577022434388	1.8853255735408494	0.06621845498458957	0.7404431133755583	0.1008119308861626	98.70168036737358	100.73604259147878	0.0025506888313298155	1.0001022078072264
2.202344294920086	1.8853255735408494	0.06621845498458957	0.7404431133755583	0.1008119308861626	98.70168036737358	100.73604259147878	0.0025506888313298155	1.0001022078072264
2.202344294920086	1.8853255735408494	0.06621845498458957	0.7404431133755583	0.1008119308861626	98.70168036737358	100.73604259147878	0.0025506888313298155	1.0001022078072264
2.202344294920086	1.8853255735408494	0.06607921320689689	0.7404431133755583	0.1008119308861626	98.70168036737358	100.73604259147878	0.0025506888313298155	1.0001022078072264
2.202344294920086	1.8853255735408494	0.06607921320689689	0.7404431133755583	0.1008119308861626	98.70168036737358	100.73604259147878	0.0025506839203332235	1.0001022078072264
2.202344294920086	1.8853255735408494	0.06607921320689689	0.7404431133755583	0.1008119308861626	98.70168036737358	100.73604259147878	0.0025506839203332235	1.0001022078072264
2.202344294920086	1.8853255735408494	0.06607921320689689	0.7404308291884405	0.1008119308861626	98.70168036737358	100.73604259147878	0.0025506839203332235	1.0001022078072264
2.202344294920086	1.8853255735408494	0.06607921320689689	0.7404308291884405	0.10081219082529524	98.70168036737358	100.73604259147878	0.0025506839203332235	1.0001022078072264
2.202344294920086	1.8853255735408494	0.06607921320689689	0.7404308291884405	0.10081219082529524	98.70168036737358	100.73604259147878	0.0025506839203332235	1.0001022078072264
2.202344294920086	1.8853255735408494	0.06607921320689689	0.7404308291884405	0.10081219082529524	98.70168036737358	100.73604259147878	0.0025506839203332235	1.0001022078072264
2.202344294920086	1.8853255735408494	0.06607921320689689	0.7404308291884405	0.10081219082529524	98.70168036737358	100.73604259147878	0.0025506839203332235	1.0001022078072264
2.201863098272254	1.8853255735408494	0.06607921320689689	0.7404308291884405	0.10081219082529524	98.70168036737358	100.73604259147878	0.0025506839203332235	1.0001022078072264
2.201863098272254	1.8853255735408494	0.06607921320689689	0.7404308291884405	0.10081219082529524	98.70168036737358	100.73604259147878	0.0025506839203332235	1.0001022078072264
2.201863098272254	1.8853255735408494	0.06607921320689689	0.7404308291884405	0.10081219082529524	98.70168036737358	100.73604259147878	0.0025506839203332235	1.0001022078072264
2.201863098272254	1.8853255735408494	0.06607921320689689	0.7404308291884405	0.10081219082529524	98.70168036737358	100.73604259147878	0.0025506839203332235	1.0001022078072264
2.201863098272254	1.8853255735408494	0.06607921320689689	0.7404308291884405	0.10081219082529524	98.70168036737358	100.73604259147878	0.0025506839203332235	1.0001022078072264
2.201863098272254	1.8853255735408494	0.06607921320689689	0.7404308291884405	0.10081219082529524	98.70168036737358	100.73604259147878	0.0025506839203332235	1.0001022078072264
2.2018512755743793	1.8853255735408494	0.06607921320689689	0.7404308291884405	0.10081219082529524	98.70168036737358	100.73604259147878	0.0025506839203332235	1.0001022078072264
2.2018512755743793	1.8852937881254108	0.06607921320689689	0.7404308291884405	0.10081219082529524	98.70168036737358	100.73604259147878	0.0025506839203332235	1.0001022078072264
2.2018512755743793	1.8852937881254108	0.06607921320689689	0.7405520666157268	0.10081219082529524	98.70168036737358	100.73604259147878	0.0025506839203332235	1.0001022078072264
2.2018512755743793	1.8852937881254108	0.06607921320689689	0.7405520666157268	0.10081219082529524	98.70168036737358	100.73604259147878	0.0025506839203332235	1.0001022078072264
2.2018512755743793	1.8852937881254108	0.06607921320689689	0.7405520666157268	0.10081219082529524	98.70168036737358	100.73604259147878	0.0025506839203332235	1.0001022078072264
2.2018512755743793	1.8852937881254108	0.06607921320689689	0.7405520666157268	0.10081219082529524	98.70168036737358	100.73604259147878	0.0025506839203332235	1.0001022078072264
2.2018512755743793	1.8858068019605587	0.06607921320689689	0.7405520666157268	0.10081219082529524	98.70168036737358	100.73604259147878	0.0025506839203332235	1.0001022078072264
2.2018512755743793	1.8861373137887567	0.06607921320689689	0.7405520666157268	0.10081219082529524	98.70168036737358	100.73604259147878	0.0025506839203332235	1.0001022078072264
2.2018512755743793	1.8861373137887567	0.06607921320689689	0.7405520666157268	0.10081219082529524	98.70168036737358	100.73604259147878	0.0025506839203332235	1.0001021938479993
2.2018512755743793	1.8861373137887567	0.06607921320689689	0.7405520666157268	0.10081219082529524	98.70168036737358	100.73604259147878	0.002550229842804848	1.0001021938479993
2.2018512755743793	1.8861373137887567	0.06607921320689689	0.7405520666157268	0.10081219082529524	98.70168036737358	100.73604259147878	0.002550229842804848	1.0001021938479993
2.2018512755743793	1.886153940816298	0.06607921320689689	0.7405520666157268	0.10081219082529524	98.70168036737358	100.73604259147878	0.002550229842804848	1.0001021938479993
2.2018512755743793	1.886153940816298	0.06607921320689689	0.7405520666157268	0.10081219082529524	98.70168036737358	100.73604259147878	0.002550229842804848	1.0001021938479993
2.2018512755743793	1.886153940816298	0.06607921320689689	0.7405520666157268	0.10081219082529524	98.70168036737358	100.73604259147878	0.002550229842804848	1.0000967390175468
2.2018512755743793	1.886153940816298	0.06607921320689689	0.7405520666157268	0.10081219082529524	98.70168036737358	100.73604259147878	0.002550229842804848	1.0000967390175468
2.2018547900900627	1.886153940816298	0.06607921320689689	0.7405520666157268	0.10081219082529524	98.70168036737358	100.73604259147878	0.002550229842804848	1.0000967390175468
2.2018547900900627	1.886153940816298	0.06607921320689689	0.7405520666157268	0.10081219082529524	98.70168036737358	100.73604259147878	0.002550229842804848	1.0000967390175468
2.201853755163744	1.886153940816298	0.06607921320689689	0.7405520666157268	0.10081219082529524	98.70168036737358	100.73604259147878	0.002550229842804848	1.0000967390175468
2.201853755163744	1.886153940816298	0.06607921320689689	0.7405520666157268	0.10081219082529524	98.70168036737358	100.73604259147878	0.002550229842804848	1.0000967390175468
2.201853755163744	1.8853269120841245	0.06607921320689689	0.7405520666157268	0.10081219082529524	98.70168036737358	100.73604259147878	0.002550229842804848	1.0000967390175468
2.202038783244447	1.8853269120841245	0.06607921320689689	0.7405520666157268	0.10081219082529524	98.70168036737358	100.73604259147878	0.002550229842804848	1.0000967390175468
2.202038783244447	1.8853269120841245	0.06607921320689689	0.7405520666157268	0.10072442299926249	98.70168036737358	100.73604259147878	0.002550229842804848	1.0000967390175468
2.202038783244447	1.8851503795096594	0.06607921320689689	0.7405520666157268	0.10072442299926249	98.70168036737358	100.73604259147878	0.002550229842804848	1.0000967390175468
2.202038783244447	1.8851503795096594	0.06607921320689689	0.7405520666157268	0.10072442299926249	98.70168036737358	100.73604259147878	0.002550229842804848	1.0000967390175468
2.202038783244447	1.8851503795096594	0.06607921320689689	0.7405520666157268	0.10072442299926249	98.70168036737358	100.73604259147878	0.002550229842804848	1.0000967390175468
2.202038783244447	1.8851503795096594	0.0660837877237623	0.7405520666157268	0.10072442299926249	98.70168036737358	100.73604259147878	0.002550229842804848	1.0000967390175468
2.202038783244447	1.8851500778765418	0.0660837877237623	0.7405520666157268	0.10072442299926249	98.70168036737358	100.73604259147878	0.002550229842804848	1.0000967390175468
2.202038783244447	1.8851500778765418	0.0660837877237623	0.7405520666157268	0.10072442299926249	98.70168036737358	100.73604259147878	0.002550229842804848	1.0000967390175468
2.202038783244447	1.8851500778765418	0.06607215390966503	0.7405520666157268	0.10072442299926249	98.70168036737358	100.73604259147878	0.002550229842804848	1.0000967390175468
2.202038783244447	1.8851500778765418	0.06607215390966503	0.7405520666157268	0.10072442299926249	98.70168036737358	100.73604259147878	0.002550229842804848	1.0000967390175468
2.202038783244447	1.8851500778765418	0.06607215390966503	0.7405520666157268	0.10072442299926249	98.70168036737358	100.73561293344129	0.002550229842804848	1.0000967390175468
2.202038783244447	1.8851500778765418	0.06607215390966503	0.7405520666157268	0.10072442299926249	98.70168036737358	100.73561293344129	0.002550229842804848	1.0000966645901264
2.202038783244447	1.8851500778765418	0.06607215390966503	0.7405520666157268	0.10072442299926249	98.70168036737358	100.73561293344129	0.002550229842804848	1.0000966645901264
2.202038783244447	1.8851500778765418	0.06607215390966503	0.7405520666157268	0.10072450596065546	98.70168036737358	100.73561293344129	0.002550229842804848	1.0000966645901264
2.202038783244447	1.8851500778765418	0.06607215390966503	0.7405520666157268	0.10072450596065546	98.70168036737358	100.73561293344129	0.002550229842804848	1.0000966645901264
2.202038783244447	1.8850934838990379	0.06607215390966503	0.7405520666157268	0.10072450596065546	98.70168036737358	100.73561293344129	0.002550229842804848	1.0000966645901264
2.202038783244447	1.8850934838990379	0.06607215390966503	0.7405520666157268	0.10072450596065546	98.70168036737358	100.73561293344129	0.002550229842804848	1.0000966645901264
2.202038783244447	1.8850934838990379	0.06607215390966503	0.7405520666157268	0.10072450596065546	98.70168036737358	100.73561293344129	0.002550229842804848	1.0000966645901264
2.202038783244447	1.8850934838990379	0.06607215390966503	0.7405520666157268	0.10072450596065546	98.70168036737358	100.73561293344129	0.002550229842804848	1.0000966645901264
2.202033266372191	1.8850934838990379	0.06607215390966503	0.7405520666157268	0.10072450596065546	98.70168036737358	100.73561293344129	0.002550229842804848	1.0000966645901264
2.202033266372191	1.888621737436492	0.06607215390966503	0.7405520666157268	0.10072450596065546	98.70168036737358	100.73561293344129	0.002550229842804848	1.0000966645901264
2.202033266372191	1.8887499571677622	0.06607215390966503	0.7405520666157268	0.10072450596065546	98.70168036737358	100.73561293344129	0.002550229842804848	1.0000966645901264
2.202033266372191	1.8887499571677622	0.06607215390966503	0.7405520666157268	0.10072832679076375	98.70168036737358	100.73561293344129	0.002550229842804848	1.0000966645901264
2.202033266372191	1.8887499571677622	0.06607215390966503	0.7405520666157268	0.10072832679076375	98.70168036737358	100.73561293344129	0.002550229842804848	1.0000966645901264
2.202033266372191	1.8887499571677622	0.06607215390966503	0.7405520666157268	0.10072832679076375	98.70168036737358	100.73561293344129	0.002550229842804848	1.0000960803964254
2.202033266372191	1.8887499571677622	0.06607215390966503	0.7405520666157268	0.10072832679076375	98.70168036737358	100.73561293344129	0.002550229842804848	1.0000960803964254
2.202033266372191	1.8887499571677622	0.06607215390966503	0.7405520666157268	0.10072832679076375	98.70168036737358	100.73561293344129	0.002550229842804848	1.0000960803964254
2.202033266372191	1.8887499571677622	0.06607215390966503	0.7405520666157268	0.10072832679076375	98.70168036737358	100.73561293344129	0.002550229842804848	1.0000960803964254
2.202033266372191	1.8884687211867113	0.06607215390966503	0.7405520666157268	0.10072832679076375	98.70168036737358	100.73561293344129	0.002550229842804848	1.0000960803964254
2.202033266372191	1.8884687211867113	0.06607215390966503	0.7405520666157268	0.10072832679076375	98.70168036737358	100.73561293344129	0.002550229842804848	1.0000960803964254
2.202033266372191	1.8884687211867113	0.06607215390966503	0.7405520666157268	0.10072832679076375	98.70168036737358	100.73561293344129	0.002551512950293105	1.0000960803964254
2.202033266372191	1.8884687211867113	0.06607215390966503	0.7404877458221698	0.10072832679076375	98.70168036737358	100.73561293344129	0.002551512950293105	1.0000960803964254
2.202033266372191	1.8884687211867113	0.06607215390966503	0.7404877458221698	0.10072832679076375	98.70168036737358	100.73561293344129	0.0025514659704607067	1.0000960803964254
2.202033266372191	1.8884687211867113	0.06607215390966503	0.7404877458221698	0.10072832679076375	98.70168036737358	100.73561293344129	0.0025514659704607067	1.0000960803964254
2.204694936885169	1.8884687211867113	0.06607215390966503	0.7404877458221698	0.10072832679076375	98.70168036737358	100.73561293344129	0.0025514659704607067	1.0000960803964254
2.204694936885169	1.8884237791139782	0.06607215390966503	0.7404877458221698	0.10072832679076375	98.70168036737358	100.73561293344129	0.0025514659704607067	1.0000960803964254
2.204694936885169	1.8884237791139782	0.06607215390966503	0.7404877458221698	0.10072832679076375	98.70168036737358	100.73561293344129	0.0025514659704607067	1.0000960803964254
2.204694936885169	1.8884237791139782	0.06607194555474505	0.7404877458221698	0.10072832679076375	98.70168036737358	100.73561293344129	0.0025514659704607067	1.0000960803964254
2.204694936885169	1.8884237791139782	0.06607194555474505	0.7404877458221698	0.10072832679076375	98.70168036737358	100.73561293344129	0.0025514659704607067	1.0000960803964254
2.204694936885169	1.8884237791139782	0.06607194555474505	0.7404877458221698	0.10072832679076375	98.70168036737358	100.73561293344129	0.0024373381783016593	1.0000960803964254
2.204694936885169	1.8884237791139782	0.06607194555474505	0.7404877458221698	0.10072832679076375	98.70163272135947	100.73561293344129	0.0024373381783016593	1.0000960803964254
2.204694936885169	1.8884237791139782	0.06607194555474505	0.7404877458221698	0.1007290999093219	98.70163272135947	100.73561293344129	0.0024373381783016593	1.0000960803964254
2.204694936885169	1.8884237791139782	0.06607194555474505	0.7404877458221698	0.1007290999093219	98.70163272135947	100.73561293344129	0.0025475275250229318	1.0000960803964254
2.204694936885169	1.8884237791139782	0.06607194555474505	0.7404877458221698	0.1007290999093219	98.70163272135947	100.73561293344129	0.0025475275250229318	1.0000960803964254
2.204694936885169	1.8884764754812269	0.06607194555474505	0.7404877458221698	0.1007290999093219	98.70163272135947	100.73561293344129	0.0025475275250229318	1.0000960803964254
2.204696136107115	1.8884764754812269	0.06607194555474505	0.7404877458221698	0.1007290999093219	98.70163272135947	100.73561293344129	0.0025475275250229318	1.0000960803964254
2.204696136107115	1.8885452855174245	0.06607194555474505	0.7404877458221698	0.1007290999093219	98.70163272135947	100.73561293344129	0.0025475275250229318	1.0000960803964254
2.204696136107115	1.8885452855174245	0.06607194555474505	0.7404877458221698	0.1007290999093219	98.70163272135947	100.73561293344129	0.0025475275250229318	1.0000960803964254
2.204696136107115	1.8885452855174245	0.06607194555474505	0.7404877458221698	0.1007290999093219	98.70163272135947	100.73561293344129	0.0025475275250229318	1.0000960803964254
2.204696136107115	1.8885452855174245	0.06607194555474505	0.7404877458221698	0.1007290999093219	98.70163272135947	100.73561293344129	0.0025475275250229318	1.0000960803964254
2.204696136107115	1.8885452855174245	0.06607194555474505	0.7404877458221698	0.10071122253098343	98.70163272135947	100.73561293344129	0.0025475275250229318	1.0000960803964254
2.204696136107115	1.8885452855174245	0.06607194555474505	0.7404877458221698	0.10071122253098343	98.70163272135947	100.73561293344129	0.0025475275250229318	1.0000960803964254
2.204696136107115	1.8885452855174245	0.06607194555474505	0.7404877458221698	0.10071122253098343	98.70163272135947	100.73561293344129	0.0025475275250229318	1.0000960803964254
2.204696136107115	1.8884256258931262	0.06607194555474505	0.7404877458221698	0.10071122253098343	98.70163272135947	100.73561293344129	0.0025475275250229318	1.0000960803964254
2.204696136107115	1.8884256258931262	0.06607194555474505	0.7404877458221698	0.10070993052215556	98.70163272135947	100.73561293344129	0.0025475275250229318	1.0000960803964254
2.204696136107115	1.8884256258931262	0.06607194555474505	0.7404877458221698	0.10070993052215556	98.70163272135947	100.73561293344129	0.0025475275250229318	1.0000960803964254
2.204696136107115	1.8884256258931262	0.06607194555474505	0.7404877458221698	0.10070993052215556	98.70163272135947	100.73561293344129	0.0025475275250229318	1.0000960803964254
2.204696136107115	1.8884256258931262	0.06607194555474505	0.7404877458221698	0.10070993052215556	98.70163272135947	100.73561293344129	0.0025475275250229318	1.0000960803964254
2.204696136107115	1.8884256258931262	0.06607194555474505	0.7404877458221698	0.10070993052215556	98.70163272135947	100.73561293344129	0.0025475275250229318	1.0000960803964254
2.204696136107115	1.8884256258931262	0.06607194555474505	0.7404877458221698	0.10070993052215556	98.70163272135947	100.73561293344129	0.0025475275250229318	1.0000960803964254
2.204696136107115	1.8884256258931262	0.06607194555474505	0.7404877458221698	0.10070993052215556	98.70163272135947	100.73561293344129	0.0027641600390256008	1.0000960803964254
2.204696136107115	1.8884256258931262	0.06607194555474505	0.7404877458221698	0.10070993052215556	98.70157891931879	100.73561293344129	0.0027641600390256008	1.0000960803964254
2.204696136107115	1.8884256258931262	0.06607194555474505	0.7404877458221698	0.10070993052215556	98.70157891931879	100.73561293344129	0.0027641600390256008	1.0000960803964254
2.204696136107115	1.8884256258931262	0.06608025530721963	0.7404877458221698	0.10070993052215556	98.70157891931879	100.73561293344129	0.0027641600390256008	1.0000960803964254
2.204696136107115	1.8876018172698896	0.06608025530721963	0.7404877458221698	0.10070993052215556	98.70157891931879	100.73561293344129	0.0027641600390256008	1.0000960803964254
2.204696136107115	1.8876018172698896	0.06608025530721963	0.7404877458221698	0.10070993052215556	98.70157891931879	100.73561293344129	0.0027641600390256008	1.000096152150172
2.204696136107115	1.8876018172698896	0.06608025530721963	0.7404877458221698	0.10065910944477031	98.70157891931879	100.73561293344129	0.0027641600390256008	1.000096152150172
2.204696136107115	1.8876018172698896	0.06608025530721963	0.7404877458221698	0.10065910944477031	98.70157891931879	100.73561293344129	0.0027641600390256008	1.000096152150172
2.2046906647745352	1.8876018172698896	0.06608025530721963	0.7404877458221698	0.10065910944477031	98.70157891931879	100.73561293344129	0.0027641600390256008	1.000096152150172
2.2046906647745352	1.8876018172698896	0.06608025530721963	0.7404877458221698	0.10065910944477031	98.70157891931879	100.73561293344129	0.0027641600390256008	1.000096152150172
2.2046906647745352	1.8876018172698896	0.06608025530721963	0.7404877458221698	0.10067557530730284	98.70157891931879	100.73561293344129	0.0027641600390256008	1.000096152150172
2.2046906647745352	1.8876018172698896	0.06608025530721963	0.7404877458221698	0.10067557530730284	98.70157891931879	100.73561293344129	0.0027641600390256008	1.000096152150172
2.2046906647745352	1.8876018172698896	0.06608025530721963	0.7404877458221698	0.10067557530730284	98.70157891931879	100.73561293344129	0.0027641600390256008	1.000096152150172
2.2046905975848925	1.8876018172698896	0.06608025530721963	0.7404877458221698	0.10067557530730284	98.70157891931879	100.73561293344129	0.0027641600390256008	1.000096152150172
2.2046905975848925	1.8876018172698896	0.06608025530721963	0.7404877458221698	0.10067557530730284	98.70157891931879	99.72526441953814	0.0027641600390256008	1.000096152150172
2.2046887506482684	1.8876018172698896	0.06608025530721963	0.7404877458221698	0.10067557530730284	98.70157891931879	99.72526441953814	0.0027641600390256008	1.000096152150172
2.2046887506482684	1.8876018172698896	0.06608025530721963	0.7404877458221698	0.10067557530730284	98.70157891931879	99.72526441953814	0.0027641600390256008	1.000096152150172
2.2046887506482684	1.8876018172698896	0.06608025530721963	0.7404877458221698	0.10067557530730284	98.70157891931879	99.72526441953814	0.0027641600390256008	1.000096152150172
2.2046887506482684	1.8876018172698896	0.06608025530721963	0.7404877458221698	0.10067557530730284	98.70157891931879	99.72526441953814	0.0027642404718564986	1.000096152150172
2.2046887506482684	1.8876018172698896	0.06608025530721963	0.7404877458221698	0.10067557530730284	98.70157891931879	99.72526441953814	0.0027638180740132043	1.000096152150172
2.1998386247055257	1.8876018172698896	0.06608025530721963	0.7404877458221698	0.10067557530730284	98.70157891931879	99.72526441953814	0.0027638180740132043	1.000096152150172
2.1998386247055257	1.8876018172698896	0.06608025530721963	0.7404917503879227	0.10067557530730284	98.70157891931879	99.72526441953814	0.0027638180740132043	1.000096152150172
2.1998386247055257	1.8876018172698896	0.06608025530721963	0.7404917503879227	0.10067557530730284	98.70157891931879	99.72526441953814	0.0027638180740132043	1.000096152150172
2.1998386247055257	1.8876018172698896	0.06608025530721963	0.7404917503879227	0.10067557530730284	98.70157891931879	99.72526441953814	0.00276400453397358	1.000096152150172
2.1998386247055257	1.8876018172698896	0.06608025530721963	0.7404917503879227	0.10067557530730284	98.70157891931879	99.72526441953814	0.00276400453397358	1.000096152150172
2.1998386247055257	1.8876018172698896	0.06608025530721963	0.7404917503879227	0.10067557530730284	98.70157891931879	99.72526441953814	0.0027506218471682253	1.000096152150172
2.1998386247055257	1.8876018172698896	0.06608025530721963	0.7404917503879227	0.10067557530730284	98.70157891931879	99.72526441953814	0.0027506218471682253	1.000096152150172
2.1998386247055257	1.8876018172698896	0.06608025530721963	0.7404917503879227	0.10067557530730284	98.70157891931879	99.72526441953814	0.0027506218471682253	1.0000981976549441
2.1998386247055257	1.8876018172698896	0.06608025530721963	0.7404917503879227	0.10067583121528488	98.70157891931879	99.72526441953814	0.0027506218471682253	1.0000981976549441
2.1998386247055257	1.8876018172698896	0.06607172517367492	0.7404917503879227	0.10067583121528488	98.70157891931879	99.72526441953814	0.0027506218471682253	1.0000981976549441
2.1998386247055257	1.8876018172698896	0.06607172517367492	0.7404917503879227	0.10067583121528488	98.70157891931879	99.72526441953814	0.0027506218471682253	1.0000981976549441
2.1998386247055257	1.8876018172698896	0.06607172517367492	0.7404917503879227	0.10067583121528488	98.70157891931879	99.52510362329578	0.0027506218471682253	1.0000981976549441
2.1998386247055257	1.8876018172698896	0.06607172517367492	0.7404917503879227	0.10067587875437656	98.70157891931879	99.52510362329578	0.0027506218471682253	1.0000981976549441
2.1998386247055257	1.8876018172698896	0.06607172517367492	0.7404917503879227	0.10067587875437656	98.70157891931879	99.52510362329578	0.0027506218471682253	1.0000981976549441
2.199842563183586	1.8876018172698896	0.06607172517367492	0.7404917503879227	0.10067587875437656	98.70157891931879	99.52510362329578	0.0027506218471682253	1.0000981976549441
2.199842563183586	1.8876018172698896	0.06607172517367492	0.7404917503879227	0.10067587875437656	98.70157891931879	99.52510362329578	0.0027506218471682253	1.0000991250598497
2.199842563183586	1.8876018172698896	0.06607172517367492	0.7404917503879227	0.10067587875437656	98.70157891931879	99.52510362329578	0.0025751597999967555	1.0000991250598497
2.1998449807192126	1.8876018172698896	0.06607172517367492	0.7404917503879227	0.10067587875437656	98.70157891931879	99.52510362329578	0.0025751597999967555	1.0000991250598497
2.1998449807192126	1.8876018172698896	0.06607172517367492	0.7404917503879227	0.10067587875437656	98.70157891931879	99.52510362329578	0.0025751597999967555	1.0000991250598497
2.1998449807192126	1.8876018172698896	0.06607172517367492	0.7404917503879227	0.10067587875437656	98.70157891931879	99.52510362329578	0.0025751597999967555	1.0000991250598497
2.1998449807192126	1.8876018172698896	0.06607172517367492	0.7404917503879227	0.10067587875437656	98.70157891931879	99.52510362329578	0.0025751597999967555	1.0000991250598497
2.1998449807192126	1.8876018172698896	0.06607172517367492	0.7404917503879227	0.10067587875437656	98.70157891931879	98.98342754672072	0.0025751597999967555	1.0000991250598497
2.1998449807192126	1.8876018172698896	0.06593953969387456	0.7404917503879227	0.10067587875437656	98.70157891931879	98.98342754672072	0.0025751597999967555	1.0000991250598497
2.1998449807192126	1.8876018172698896	0.06593953969387456	0.7404917503879227	0.10067587875437656	98.70157891931879	98.98342754672072	0.0025751597999967555	1.0000991250598497
2.1998449807192126	1.8876018172698896	0.06593953969387456	0.7405329272491395	0.10067587875437656	98.70157891931879	98.98342754672072	0.0025751597999967555	1.0000991250598497
2.1998449807192126	1.8876018172698896	0.06593953969387456	0.7405329272491395	0.10067587875437656	98.70157891931879	98.98342754672072	0.0025751597999967555	1.0000991250598497
2.1998449807192126	1.8876018172698896	0.06593953969387456	0.7405329272491395	0.10067587875437656	98.70157891931879	98.98342754672072	0.0025751597999967555	1.0000991250598497
2.1998449807192126	1.8876018172698896	0.06593953969387456	0.7405329272491395	0.10067587875437656	98.70157891931879	98.98342754672072	0.0025751597999967555	1.0000991250598497
2.1998449807192126	1.8876018172698896	0.0659401162047666	0.7405329272491395	0.10067587875437656	98.70157891931879	98.98342754672072	0.0025751597999967555	1.0000991250598497
2.1998449807192126	1.8876018172698896	0.0659401162047666	0.7405329272491395	0.10067587875437656	98.70157891931879	98.98342754672072	0.0025770052894093756	1.0000991250598497
2.1998449807192126	1.8876018172698896	0.0659401162047666	0.7405329272491395	0.10067587875437656	98.70168738039128	98.98342754672072	0.0025770052894093756	1.0000991250598497
2.1998449807192126	1.8876018172698896	0.0659401162047666	0.7405329272491395	0.10067587875437656	98.70168738039128	98.98342754672072	0.0025770052894093756	1.0000991250598497
2.1998449807192126	1.8876018172698896	0.0659401162047666	0.7405329272491395	0.10067587875437656	98.70168738039128	98.98342754672072	0.0025770052894093756	1.0000991250598497
2.1998449807192126	1.8876018172698896	0.0659401162047666	0.7405329272491395	0.10067587875437656	98.70168738039128	98.98342754672072	0.0025770052894093756	1.0000991250598497
2.1998449807192126	1.8876018172698896	0.0659401162047666	0.7405329272491395	0.10067587875437656	98.70168738039128	98.98342754672072	0.002579314163631529	1.0000991250598497
2.1998449807192126	1.8876018172698896	0.0659401162047666	0.7405329272491395	0.10067587875437656	98.70168738039128	98.98342754672072	0.0024693537980877444	1.0000991250598497
2.1998449807192126	1.8876018172698896	0.0659401162047666	0.7405329272491395	0.10067587875437656	98.6980965499373	98.98342754672072	0.0024693537980877444	1.0000991250598497
2.1998449807192126	1.8876018172698896	0.0659401162047666	0.7405329272491395	0.10067587875437656	98.6980965499373	98.98342754672072	0.0024700315831505887	1.0000991250598497
2.1998449807192126	1.8876018172698896	0.0659401162047666	0.7405329272491395	0.10067587875437656	98.6980965499373	98.98342754672072	0.0024700315831505887	1.0000991250598497
2.1998449807192126	1.8876018172698896	0.0659401162047666	0.7405329272491395	0.10067587875437656	98.6980965499373	98.95745604772647	0.0024700315831505887	1.0000991250598497
2.1998449807192126	1.8876018172698896	0.0659401162047666	0.7405329272491395	0.10066986739141581	98.6980965499373	98.95745604772647	0.0024700315831505887	1.0000991250598497
2.1998449807192126	1.8876018172698896	0.0659401162047666	0.7405329272491395	0.10066986739141581	98.6980965499373	98.95745604772647	0.0024700315831505887	1.0000991250598497
2.1998449807192126	1.8876018172698896	0.0659401162047666	0.7405329272491395	0.10066986739141581	98.6980965499373	98.95745604772647	0.0024700315831505887	1.0000991250598497
2.1998449807192126	1.8876018172698896	0.0659401162047666	0.7405329272491395	0.10067465205407236	98.6980965499373	98.95745604772647	0.0024700315831505887	1.0000991250598497
2.1998449807192126	1.8876018172698896	0.0659401162047666	0.7405329272491395	0.10067465205407236	98.6980965499373	98.95745604772647	0.0024700315831505887	1.0000991976624871
2.1998449807192126	1.8876018172698896	0.0659401162047666	0.7405329272491395	0.10067465205407236	98.6980965499373	100.18166993456389	0.0024700315831505887	1.0000991976624871
2.1998449807192126	1.8876018172698896	0.0659401162047666	0.7405329272491395	0.10067465205407236	98.6980965499373	100.18164668499361	0.0024700315831505887	1.0000991976624871
2.1998449807192126	1.8876018172698896	0.06593774058154266	0.7405329272491395	0.10067465205407236	98.6980965499373	100.18164668499361	0.0024700315831505887	1.0000991976624871
2.1998449807192126	1.8876018172698896	0.06591754980427651	0.7405329272491395	0.10067465205407236	98.6980965499373	100.18164668499361	0.0024700315831505887	1.0000991976624871
2.1998449807192126	1.8876018172698896	0.06591754980427651	0.7405329272491395	0.10067465205407236	98.6980965499373	100.18164668499361	0.002492678092769335	1.0000991976624871
2.1998449807192126	1.8876018172698896	0.06591754980427651	0.7405329272491395	0.10067465205407236	98.6980965499373	100.18164668499361	0.002492678092769335	1.0000991976624871
2.19978155906261	1.8876018172698896	0.06591754980427651	0.7405329272491395	0.10067465205407236	98.6980965499373	100.18164668499361	0.002492678092769335	1.0000991976624871
2.19978155906261	1.8876018172698896	0.06591754980427651	0.7405329272491395	0.10064231969869991	98.6980965499373	100.18164668499361	0.002492678092769335	1.0000991976624871
2.19978155906261	1.8876018172698896	0.06591754980427651	0.7405329272491395	0.10064231969869991	98.6980965499373	100.18164668499361	0.002492678092769335	1.0000991466621787
2.19978155906261	1.8876018172698896	0.06591754980427651	0.7402446549978279	0.10064231969869991	98.6980965499373	100.18164668499361	0.002492678092769335	1.0000991466621787
2.19978155906261	1.8876018172698896	0.06591754980427651	0.7402446549978279	0.10064231969869991	98.6980965499373	100.18164668499361	0.002492678092769335	1.0000991466621787
2.19978155906261	1.8898429607715084	0.06591754980427651	0.7402446549978279	0.10064231969869991	98.6980965499373	100.18164668499361	0.002492678092769335	1.0000991466621787
2.19978155906261	1.8898429607715084	0.06591754980427651	0.7402446549978279	0.10064231969869991	98.6980965499373	100.18164668499361	0.002492678092769335	1.0000991466621787
2.19978155906261	1.8898429607715084	0.06591754980427651	0.7402446549978279	0.10064231969869991	98.6980965499373	100.18164668499361	0.0025087099593513315	1.0000991466621787
2.19978155906261	1.8898429607715084	0.06591754980427651	0.7402446549978279	0.10064231969869991	98.6980965499373	100.18164668499361	0.0025087099593513315	1.0000990866528139
2.1997819516874033	1.8898429607715084	0.06591754980427651	0.7402446549978279	0.10064231969869991	98.6980965499373	100.18164668499361	0.0025087099593513315	1.0000990866528139
2.1997819516874033	1.8898429607715084	0.06591754980427651	0.7402446549978279	0.10064231969869991	98.6980965499373	100.18164668499361	0.002551222795855277	1.0000990866528139
2.1997819516874033	1.8898429607715084	0.06591754980427651	0.7402446549978279	0.10064231969869991	98.6980965499373	100.18164668499361	0.002551222795855277	1.0000990866528139
2.1997819516874033	1.8898429607715084	0.06591754980427651	0.7402446549978279	0.10064231969869991	98.6980965499373	100.18164668499361	0.002551222795855277	1.0000990866528139
2.1997819516874033	1.8898429607715084	0.06591754980427651	0.7402067384270776	0.10064231969869991	98.6980965499373	100.18164668499361	0.002551222795855277	1.0000990866528139
2.1997819516874033	1.8898429607715084	0.06591754980427651	0.7402067384270776	0.10064231969869991	98.6980965499373	100.18164668499361	0.002551242616018673	1.0000990866528139
2.1997819516874033	1.8898429607715084	0.06591754980427651	0.7402067384270776	0.10064231969869991	98.6980965499373	100.18164668499361	0.002551242616018673	1.0001041517262383
2.1997819516874033	1.8898429607715084	0.06591754980427651	0.7402067384270776	0.10064231969869991	98.6980965499373	100.18164668499361	0.002551242616018673	1.0001041517262383
2.1997819516874033	1.8898429607715084	0.06591754980427651	0.7402067384270776	0.10064200603863524	98.6980965499373	100.18164668499361	0.002551242616018673	1.0001041517262383
2.1997819516874033	1.8898429607715084	0.06591754980427651	0.7402067384270776	0.10064200603863524	98.6980965499373	100.18164668499361	0.002551242616018673	1.0001042089692533
2.1997819516874033	1.8898429607715084	0.06591754980427651	0.7402067384270776	0.10064200603863524	98.6980965499373	100.18164668499361	0.002551242616018673	1.0001042089692533
2.1997819516874033	1.8898429607715084	0.06591754980427651	0.7402067384270776	0.10064200603863524	98.6980965499373	100.18164668499361	0.002551242616018673	1.0001042089692533
2.1997819516874033	1.8898429607715084	0.06591754980427651	0.7402067384270776	0.10064200603863524	98.6980965499373	100.18164668499361	0.002551242616018673	1.0001042089692533
2.200383821340691	1.8898429607715084	0.06591754980427651	0.7402067384270776	0.10064200603863524	98.6980965499373	100.18164668499361	0.002551242616018673	1.0001042089692533
2.200383821340691	1.8898429607715084	0.06591754980427651	0.7402067384270776	0.10064200603863524	98.6980965499373	100.25713616668507	0.002551242616018673	1.0001042089692533
2.200383821340691	1.8898429607715084	0.06591754980427651	0.7402067384270776	0.10064200603863524	98.6980965499373	100.25713616668507	0.002551242616018673	1.0001042471277588
2.2003837695596205	1.8898429607715084	0.06591754980427651	0.7402067384270776	0.10064200603863524	98.6980965499373	100.25713616668507	0.002551242616018673	1.0001042471277588
2.2003837695596205	1.8898429607715084	0.06591754980427651	0.7402067384270776	0.10064200603863524	98.6980965499373	100.25713616668507	0.002551242616018673	1.0001042471277588
2.2003837695596205	1.8898429607715084	0.06591754980427651	0.7402067384270776	0.10064200603863524	98.6980965499373	100.25713616668507	0.002551242616018673	1.0001042471277588
2.2003837695596205	1.8898429607715084	0.06591754980427651	0.7402067384270776	0.10064200603863524	98.69869532827116	100.25713616668507	0.002551242616018673	1.0001042471277588
2.2003837695596205	1.8898429607715084	0.06591754980427651	0.7402067384270776	0.10064200603863524	98.69869532827116	100.25713616668507	0.002551242616018673	1.0001042471277588
2.2003837695596205	1.8898429607715084	0.06591754980427651	0.7402067384270776	0.10064200603863524	98.69869532827116	100.25713616668507	0.0025486373923006085	1.0001042471277588
2.2003837695596205	1.8898429607715084	0.06591754980427651	0.7402435433908205	0.10064200603863524	98.69869532827116	100.25713616668507	0.0025486373923006085	1.0001042471277588
2.2003837695596205	1.8898429607715084	0.06591754980427651	0.7402435433908205	0.10064200603863524	98.69869532827116	100.25713616668507	0.0025486373923006085	1.0001042471277588
2.2003837695596205	1.8898429607715084	0.06591754980427651	0.7402435433908205	0.10064200603863524	98.69869532827116	100.25713616668507	0.0025486373923006085	1.0001042471277588
2.2003837695596205	1.8898429607715084	0.06591754980427651	0.7402435433908205	0.10064200603863524	98.69869532827116	100.25713616668507	0.0025486373923006085	1.0001042471277588
2.2003923646810253	1.8898429607715084	0.06591754980427651	0.7402435433908205	0.10064200603863524	98.69869532827116	100.25713616668507	0.0025486373923006085	1.0001042471277588
2.2003923646810253	1.8898438891502691	0.06591754980427651	0.7402435433908205	0.10064200603863524	98.69869532827116	100.25713616668507	0.0025486373923006085	1.0001042471277588
2.2003923646810253	1.8898438891502691	0.06591754980427651	0.7402435433908205	0.10064200603863524	98.69869532827116	100.25713616668507	0.0025486373923006085	1.0001042471277588
2.2003923646810253	1.8898438891502691	0.06591754980427651	0.7402435433908205	0.10064200603863524	98.69869532827116	100.25713616668507	0.0025486373923006085	1.0001042471277588
2.2003923646810253	1.8898424048253926	0.06591754980427651	0.7402435433908205	0.10064200603863524	98.69869532827116	100.25713616668507	0.0025486373923006085	1.0001042471277588
2.2003923646810253	1.8898424048253926	0.06591754980427651	0.7402435433908205	0.10130293011271656	98.69869532827116	100.25713616668507	0.0025486373923006085	1.0001042471277588
2.2003923646810253	1.8898424048253926	0.06591754980427651	0.7402435433908205	0.10130293011271656	98.69869532827116	100.25713616668507	0.0025486373923006085	1.0001042471277588
2.2003923646810253	1.8898424048253926	0.06582562675006422	0.7402435433908205	0.10130293011271656	98.69869532827116	100.25713616668507	0.0025486373923006085	1.0001042471277588
2.2003923646810253	1.889487166282998	0.06582562675006422	0.7402435433908205	0.10130293011271656	98.69869532827116	100.25713616668507	0.0025486373923006085	1.0001042471277588
2.2004109537642416	1.889487166282998	0.06582562675006422	0.7402435433908205	0.10130293011271656	98.69869532827116	100.25713616668507	0.0025486373923006085	1.0001042471277588
2.2004109537642416	1.889487166282998	0.06582562675006422	0.7402435433908205	0.10130293011271656	98.69869532827116	100.25713616668507	0.0025486373923006085	1.0001042471277588
2.200035551944918	1.889487166282998	0.06582562675006422	0.7402435433908205	0.10130293011271656	98.69869532827116	100.25713616668507	0.0025486373923006085	1.0001042471277588
2.200035551944918	1.889487166282998	0.06582562675006422	0.7402435433908205	0.10130350969378449	98.69869532827116	100.25713616668507	0.0025486373923006085	1.0001042471277588
2.200035551944918	1.889487166282998	0.06582562675006422	0.7402435433908205	0.10130350969378449	98.69869532827116	100.25713616668507	0.0025486373923006085	1.0001042471277588
2.200035551944918	1.889487166282998	0.06582562675006422	0.7402435433908205	0.10130350969378449	98.69869532827116	100.25713616668507	0.0025486373923006085	1.0001042471277588
2.200035551944918	1.889487166282998	0.06582562675006422	0.7402435433908205	0.10130350969378449	98.69869532827116	100.25713616668507	0.0025486373923006085	1.0001042471277588
2.200035551944918	1.889487166282998	0.06582562675006422	0.7402435433908205	0.10130350969378449	98.69869532827116	100.25713616668507	0.0025486373923006085	1.0001042471277588
2.2000598924228227	1.889487166282998	0.06582562675006422	0.7402435433908205	0.10130350969378449	98.69869532827116	100.25713616668507	0.0025486373923006085	1.0001042471277588
2.2000598924228227	1.889487166282998	0.06582562675006422	0.7402435433908205	0.10130350969378449	98.69869532827116	100.25713616668507	0.0025486373923006085	1.0001042471277588
2.2000598924228227	1.889487166282998	0.06582562675006422	0.7402435433908205	0.10130350969378449	98.69869532827116	100.25713616668507	0.0025486373923006085	1.0001042471277588
2.2000598924228227	1.889487166282998	0.06582737473883328	0.7402435433908205	0.10130350969378449	98.69869532827116	100.25713616668507	0.0025486373923006085	1.0001042471277588
2.200044604135282	1.889487166282998	0.06582737473883328	0.7402435433908205	0.10130350969378449	98.69869532827116	100.25713616668507	0.0025486373923006085	1.0001042471277588
2.200044604135282	1.889487166282998	0.06582737473883328	0.7403892674297275	0.10130350969378449	98.69869532827116	100.25713616668507	0.0025486373923006085	1.0001042471277588
2.200044604135282	1.889487166282998	0.06582737473883328	0.7403892674297275	0.10130350969378449	98.69869532827116	100.25713616668507	0.0025486373923006085	1.0001044088978317
2.200044604135282	1.889487166282998	0.06582737473883328	0.7403892674297275	0.10130350969378449	98.69869532827116	100.25713616668507	0.0025486373923006085	1.0001044088978317
2.200044604135282	1.889487166282998	0.06582737473883328	0.7403892674297275	0.10130350969378449	98.69869532827116	100.25713616668507	0.0025486373923006085	1.0001044088978317
2.200044604135282	1.889487166282998	0.06582737473883328	0.7403892674297275	0.10130350969378449	98.69869532827116	100.25713616668507	0.0025486373923006085	1.0001044088978317
2.1999920836407405	1.889487166282998	0.06582737473883328	0.7403892674297275	0.10130350969378449	98.69869532827116	100.25713616668507	0.0025486373923006085	1.0001044088978317
2.198104725503318	1.889487166282998	0.06582737473883328	0.7403892674297275	0.10130350969378449	98.69869532827116	100.25713616668507	0.0025486373923006085	1.0001044088978317
2.198104725503318	1.8894865829941574	0.06582737473883328	0.7403892674297275	0.10130350969378449	98.69869532827116	100.25713616668507	0.0025486373923006085	1.0001044088978317
2.198104725503318	1.8894865829941574	0.06582737473883328	0.7403892674297275	0.10130350969378449	98.71100327344915	100.25713616668507	0.0025486373923006085	1.0001044088978317
2.198104725503318	1.8894865829941574	0.06582737473883328	0.7403892674297275	0.10130350969378449	98.7109128875299	100.25713616668507	0.0025486373923006085	1.0001044088978317
2.198104725503318	1.8894865829941574	0.06582737473883328	0.7403892674297275	0.10130350969378449	98.7109128875299	100.25718850366242	0.0025486373923006085	1.0001044088978317
2.198104725503318	1.8894865829941574	0.06582737473883328	0.7403892674297275	0.10130350969378449	98.7109128875299	100.25718850366242	0.0025486373923006085	1.0001046394011261
2.198104725503318	1.8900174468412114	0.06582737473883328	0.7403892674297275	0.10130350969378449	98.7109128875299	100.25718850366242	0.0025486373923006085	1.0001046394011261
2.198104725503318	1.8900174468412114	0.06582737473883328	0.7403892674297275	0.10130350969378449	98.7109128875299	100.25718850366242	0.0025486373923006085	1.0001046394011261
2.198104725503318	1.8900174468412114	0.06582737473883328	0.7403892674297275	0.10130350969378449	98.71124147270224	100.25718850366242	0.0025486373923006085	1.0001046394011261
2.198104725503318	1.8900174468412114	0.06582737473883328	0.7403892674297275	0.10130350969378449	98.71124147270224	100.25718850366242	0.0025495632578873178	1.0001046394011261
2.198104725503318	1.8900174468412114	0.06582737473883328	0.7404531871431326	0.10130350969378449	98.71124147270224	100.25718850366242	0.0025495632578873178	1.0001046394011261
2.198104725503318	1.8900174468412114	0.06582737473883328	0.7404531871431326	0.10130350969378449	98.71124147270224	100.25718850366242	0.0025495632578873178	1.0001046394011261
2.198104725503318	1.8900174468412114	0.06582737473883328	0.7404531871431326	0.10130350969378449	98.71124147270224	100.25718850366242	0.0025495632578873178	1.0001046394011261
2.1981023002015254	1.8900174468412114	0.06582737473883328	0.7404531871431326	0.10130350969378449	98.71124147270224	100.25718850366242	0.0025495632578873178	1.0001046394011261
2.1981023002015254	1.8900174468412114	0.06582737473883328	0.7404531871431326	0.10130350969378449	98.71124147270224	100.25718850366242	0.0025495632578873178	1.0001031233094142
2.1981023002015254	1.8900174468412114	0.06582737473883328	0.7404531871431326	0.10130350969378449	98.71124147270224	100.25718850366242	0.0025495632578873178	1.0001031233094142
2.1981023002015254	1.8900174468412114	0.06582737473883328	0.7404531871431326	0.10130350969378449	98.71124147270224	100.25718850366242	0.0025495632578873178	1.0001031233094142
2.1981023002015254	1.8900174468412114	0.06582737473883328	0.7404531871431326	0.10130350969378449	98.71124147270224	100.25718850366242	0.0025495632578873178	1.0001031233094142
2.1981023002015254	1.8900174468412114	0.06582737473883328	0.7404531871431326	0.10130350969378449	98.71124147270224	100.25718850366242	0.0025495632578873178	1.0001031233094142
2.1980981289828887	1.8900174468412114	0.06582737473883328	0.7404531871431326	0.10130350969378449	98.71124147270224	100.25718850366242	0.0025495632578873178	1.0001031233094142
2.1980981289828887	1.8900091785620536	0.06582737473883328	0.7404531871431326	0.10130350969378449	98.71124147270224	100.25718850366242	0.0025495632578873178	1.0001031233094142
2.1980981289828887	1.8900091785620536	0.06582737473883328	0.7404531871431326	0.10130350969378449	98.71124147270224	100.25718850366242	0.0025495632578873178	1.0001031233094142
2.1980981289828887	1.8900091785620536	0.06582737473883328	0.7404531871431326	0.10130350969378449	98.71124147270224	100.25718850366242	0.0026358379967978585	1.0001031233094142
2.1980981289828887	1.8900091785620536	0.06582737473883328	0.7404531871431326	0.10130350969378449	98.71124147270224	100.25718850366242	0.0026358379967978585	1.0001031233094142
2.1980981289828887	1.8900091785620536	0.06582737473883328	0.7404531871431326	0.10130350969378449	98.71124147270224	100.25718850366242	0.0026358379967978585	1.0001031233094142
2.1980981289828887	1.8900091785620536	0.06582737473883328	0.7404531871431326	0.10130350969378449	98.71124147270224	100.25718850366242	0.0026358379967978585	1.0001031233094142
2.1980981289828887	1.8900091785620536	0.06582737473883328	0.7404531871431326	0.10130350969378449	98.71115378083424	100.25718850366242	0.0026358379967978585	1.0001031233094142
2.1980981289828887	1.8900091785620536	0.06582737473883328	0.7404531871431326	0.10130350969378449	98.71115378083424	100.25718850366242	0.0026283826860499754	1.0001031233094142
2.1980981289828887	1.8900091785620536	0.06582737473883328	0.7404531871431326	0.10130350969378449	98.71115378083424	100.25718850366242	0.0026283826860499754	1.0001031233094142
2.1980981289828887	1.8900091785620536	0.06582737473883328	0.7404531871431326	0.10130350969378449	98.71115378083424	100.25718850366242	0.0026283826860499754	1.0001031233094142
2.1980981289828887	1.8900091785620536	0.06582737473883328	0.7404599136752741	0.10130350969378449	98.71115378083424	100.25718850366242	0.0026283826860499754	1.0001031233094142
2.1980981289828887	1.8900091785620536	0.06582737473883328	0.7404599136752741	0.10130350969378449	98.71115378083424	100.25718850366242	0.0026283826860499754	1.0001031233094142
2.1980981289828887	1.8900091785620536	0.06582737473883328	0.7404599136752741	0.10130350969378449	98.71115378083424	100.25718850366242	0.002618067269821821	1.0001031233094142
2.1980981289828887	1.8900091785620536	0.06582737473883328	0.7404599136752741	0.10130350969378449	98.71115378083424	100.25718850366242	0.002618067269821821	1.0001031233094142
2.1980981289828887	1.88983020587521	0.06582737473883328	0.7404599136752741	0.10130350969378449	98.71115378083424	100.25718850366242	0.002618067269821821	1.0001031233094142
2.1980981289828887	1.88983020587521	0.06580993298711191	0.7404599136752741	0.10130350969378449	98.71115378083424	100.25718850366242	0.002618067269821821	1.0001031233094142
2.1980981289828887	1.88983020587521	0.06581143831656394	0.7404599136752741	0.10130350969378449	98.71115378083424	100.25718850366242	0.002618067269821821	1.0001031233094142
2.1980981289828887	1.88983020587521	0.06580980268109084	0.7404599136752741	0.10130350969378449	98.71115378083424	100.25718850366242	0.002618067269821821	1.0001031233094142
2.198096310422488	1.88983020587521	0.06580980268109084	0.7404599136752741	0.10130350969378449	98.71115378083424	100.25718850366242	0.002618067269821821	1.0001031233094142
2.198096310422488	1.88983020587521	0.06580980268109084	0.7404599136752741	0.10130350969378449	98.71115378083424	100.25718850366242	0.002618067269821821	1.0001031233094142
2.198096310422488	1.88983020587521	0.06580980268109084	0.7404599136752741	0.10130350969378449	98.71115378083424	99.64580752994983	0.002618067269821821	1.0001031233094142
2.198096310422488	1.88983020587521	0.06580980268109084	0.7404599136752741	0.10130350969378449	98.71112176257272	99.64580752994983	0.002618067269821821	1.0001031233094142
2.198096310422488	1.88983020587521	0.06580980268109084	0.7404599136752741	0.10130350969378449	98.71112176257272	99.64580752994983	0.002618067269821821	1.0001031233094142
2.198096310422488	1.88982656173109	0.06580980268109084	0.7404599136752741	0.10130350969378449	98.71112176257272	99.64580752994983	0.002618067269821821	1.0001031233094142
2.198096310422488	1.88982656173109	0.06580980268109084	0.7404599136752741	0.10130430632752144	98.71112176257272	99.64580752994983	0.002618067269821821	1.0001031233094142
2.198096310422488	1.88982656173109	0.0658135406561659	0.7404599136752741	0.10130430632752144	98.71112176257272	99.64580752994983	0.002618067269821821	1.0001031233094142
2.198096310422488	1.88982656173109	0.06581652240554994	0.7404599136752741	0.10130430632752144	98.71112176257272	99.64580752994983	0.002618067269821821	1.0001031233094142
2.1980958824484866	1.88982656173109	0.06581652240554994	0.7404599136752741	0.10130430632752144	98.71112176257272	99.64580752994983	0.002618067269821821	1.0001031233094142
2.1980958824484866	1.88982656173109	0.06581652240554994	0.7404599136752741	0.10130430632752144	98.71112176257272	99.64580752994983	0.002618040515865628	1.0001031233094142
2.1980958824484866	1.88982656173109	0.06581652240554994	0.7404599136752741	0.10130430632752144	98.71112176257272	99.64580752994983	0.002618040515865628	1.0001031233094142
2.1980958824484866	1.88982656173109	0.06581652240554994	0.7404599136752741	0.10130430632752144	98.71112176257272	99.64580752994983	0.002618040515865628	1.0001031233094142
2.1980958824484866	1.88982656173109	0.06581652240554994	0.7404599136752741	0.10130430632752144	98.71112176257272	99.64580752994983	0.002618040515865628	1.0001031233094142
2.1980958824484866	1.88982656173109	0.06581652240554994	0.7404599136752741	0.10130430632752144	98.71112176257272	99.64580752994983	0.002618040515865628	1.0001031233094142
2.1980958824484866	1.88982656173109	0.06581652240554994	0.7404599136752741	0.10130430632752144	98.71112176257272	99.64508826098124	0.002618040515865628	1.0001031233094142
2.1980939892377283	1.88982656173109	0.06581652240554994	0.7404599136752741	0.10130430632752144	98.71112176257272	99.64508826098124	0.002618040515865628	1.0001031233094142
2.1980939892377283	1.88982656173109	0.06581652240554994	0.7404599136752741	0.10130430632752144	98.71112176257272	99.64508826098124	0.002618040515865628	1.0001031233094142
2.1980939892377283	1.88982656173109	0.06581652240554994	0.7404599136752741	0.10130430632752144	98.71112176257272	99.64508826098124	0.002618040515865628	1.0001031233094142
2.1980939892377283	1.88982656173109	0.06581652240554994	0.7404599136752741	0.10130430632752144	98.71119768721047	99.64508826098124	0.002618040515865628	1.0001031233094142
2.1980939892377283	1.88982656173109	0.06581471995555119	0.7404599136752741	0.10130430632752144	98.71119768721047	99.64508826098124	0.002618040515865628	1.0001031233094142
2.1980939892377283	1.890596063568763	0.06581471995555119	0.7404599136752741	0.10130430632752144	98.71119768721047	99.64508826098124	0.002618040515865628	1.0001031233094142
2.1980939892377283	1.890596063568763	0.06581471995555119	0.7404599136752741	0.10130430632752144	98.71119768721047	99.64508826098124	0.002618040515865628	1.0001031233094142
2.1985577350651355	1.890596063568763	0.06581471995555119	0.7404599136752741	0.10130430632752144	98.71119768721047	99.64508826098124	0.002618040515865628	1.0001031233094142
2.1985577350651355	1.890596063568763	0.06581471995555119	0.7404599136752741	0.10130430632752144	98.71119768721047	99.64508826098124	0.002618040515865628	1.0001031233094142
2.1985577350651355	1.8903645230331152	0.06581471995555119	0.7404599136752741	0.10130430632752144	98.71119768721047	99.64508826098124	0.002618040515865628	1.0001031233094142
2.1985577350651355	1.8903645230331152	0.06581471995555119	0.7404599136752741	0.10130430632752144	98.71119768721047	99.64508826098124	0.002618040515865628	1.0001031233094142
2.1985902521188305	1.8903645230331152	0.06581471995555119	0.7404599136752741	0.10130430632752144	98.71119768721047	99.64508826098124	0.002618040515865628	1.0001031233094142
2.1985902521188305	1.8903645230331152	0.06581471995555119	0.7404599136752741	0.10130430632752144	98.71119768721047	99.64508826098124	0.002618040515865628	1.0001031233094142
2.1985902521188305	1.8903645230331152	0.06581471995555119	0.7407356464828544	0.10130430632752144	98.71119768721047	99.64508826098124	0.002618040515865628	1.0001031233094142
2.1985902521188305	1.8903645230331152	0.06581471995555119	0.7407356464828544	0.10130430632752144	98.7110100970118	99.64508826098124	0.002618040515865628	1.0001031233094142
2.1985902521188305	1.8903645230331152	0.06581471995555119	0.7407356464828544	0.10130430632752144	98.7110100970118	99.64508826098124	0.002618040515865628	1.0001031233094142
2.1985902521188305	1.8903645230331152	0.06581471995555119	0.7407356464828544	0.10130430632752144	98.7110100970118	99.64508826098124	0.002618040515865628	1.0001031233094142
2.1985902521188305	1.8903645230331152	0.06581964788643219	0.7407356464828544	0.10130430632752144	98.7110100970118	99.64508826098124	0.002618040515865628	1.0001031233094142
2.1985902521188305	1.8903645230331152	0.06581964788643219	0.7407356464828544	0.10135545733932037	98.7110100970118	99.64508826098124	0.002618040515865628	1.0001031233094142
2.1990361478902	1.8903645230331152	0.06581964788643219	0.7407356464828544	0.10135545733932037	98.7110100970118	99.64508826098124	0.002618040515865628	1.0001031233094142
2.1990361478902	1.8903645230331152	0.06581964788643219	0.7407356464828544	0.10135545733932037	98.7110100970118	99.64508826098124	0.002618040515865628	1.0001031233094142
2.1990361478902	1.8903645230331152	0.06581964788643219	0.7407356464828544	0.10135545733932037	98.7110100970118	99.64508826098124	0.002618040515865628	1.0001031233094142
2.1990361478902	1.8903645230331152	0.06581964788643219	0.7407356464828544	0.10135545733932037	98.68354970875582	99.64508826098124	0.002618040515865628	1.0001031233094142
2.1990361478902	1.890307867909251	0.06581964788643219	0.7407356464828544	0.10135545733932037	98.68354970875582	99.64508826098124	0.002618040515865628	1.0001031233094142
2.1990361478902	1.890307867909251	0.06581964788643219	0.7407356464828544	0.10135545733932037	98.68354970875582	99.64508826098124	0.002618040515865628	1.0001031233094142
2.1990361478902	1.890307867909251	0.06581964788643219	0.7407356464828544	0.10135545733932037	98.68354970875582	99.64508826098124	0.002618040515865628	1.0001031233094142
2.1990361478902	1.890307867909251	0.06581964788643219	0.7407356464828544	0.10135545733932037	98.68354970875582	99.67859123028612	0.002618040515865628	1.0001031233094142
2.1990361478902	1.890307867909251	0.06581964788643219	0.7407356464828544	0.10135545733932037	98.68354970875582	99.67859123028612	0.002618040515865628	1.0001031233094142
2.1990361478902	1.890307867909251	0.06581964788643219	0.7407356464828544	0.10135545733932037	98.68354970875582	99.67859123028612	0.002618040515865628	1.0001031233094142
2.1990361478902	1.890307867909251	0.06581964788643219	0.7407356464828544	0.10135545733932037	98.68354970875582	99.67859123028612	0.002618040515865628	1.0001031233094142
2.1990361478902	1.890307867909251	0.06581964788643219	0.7407356464828544	0.10135545733932037	98.68354970875582	101.0107324981183	0.002618040515865628	1.0001031233094142
2.1990361478902	1.890307867909251	0.06581964788643219	0.7407356464828544	0.10135545733932037	98.68354970875582	101.0107324981183	0.002618040515865628	1.0001031233094142
2.1990361478902	1.8902841277122597	0.06581964788643219	0.7407356464828544	0.10135545733932037	98.68354970875582	101.0107324981183	0.002618040515865628	1.0001031233094142
2.1990361478902	1.8902841277122597	0.06581964788643219	0.7407356464828544	0.10135545733932037	98.68354970875582	101.0107324981183	0.0026189403325228323	1.0001031233094142
2.1990361478902	1.8902841277122597	0.06581964788643219	0.7407356464828544	0.10135545733932037	98.68419193564569	101.0107324981183	0.0026189403325228323	1.0001031233094142
2.1990361478902	1.8902841277122597	0.06581964788643219	0.7407356464828544	0.10135545733932037	98.68419193564569	101.0107324981183	0.0026189403325228323	1.0001031233094142
2.1990361478902	1.8902841277122597	0.06581964788643219	0.7407356464828544	0.10135545733932037	98.68419193564569	101.0107324981183	0.0026189403325228323	1.0001031233094142
2.1990361478902	1.8902841277122597	0.06581964788643219	0.7407622034270749	0.10135545733932037	98.68419193564569	101.0107324981183	0.0026189403325228323	1.0001031233094142
2.1990361478902	1.8904291283780692	0.06581964788643219	0.7407622034270749	0.10135545733932037	98.68419193564569	101.0107324981183	0.0026189403325228323	1.0001031233094142
2.1990361478902	1.8904291283780692	0.06581964788643219	0.7407622034270749	0.10135545733932037	98.68419193564569	101.0107324981183	0.0026189403325228323	1.0001031233094142
2.1990361478902	1.8904291283780692	0.06581964788643219	0.7407622034270749	0.10135545733932037	98.68419193564569	101.0107324981183	0.0026189403325228323	1.0001031233094142
2.1990361478902	1.8904291283780692	0.06581964788643219	0.7407622034270749	0.10135545733932037	98.68419193564569	101.0107324981183	0.0026189403325228323	1.0001031233094142
2.1990361478902	1.8904291283780692	0.06581964788643219	0.7407622034270749	0.10135545733932037	98.68419193564569	101.0107324981183	0.0026189403325228323	1.0001031233094142
2.1990361478902	1.8904291283780692	0.06581964788643219	0.7407622034270749	0.10135545733932037	98.68419193564569	101.0107324981183	0.0026189403325228323	1.0001031233094142
2.1990361478902	1.8904291283780692	0.06581964788643219	0.7407622034270749	0.10135545733932037	98.68419193564569	101.0107324981183	0.0026189403325228323	1.0001031233094142
2.1990361478902	1.8904291283780692	0.06581964788643219	0.7407622034270749	0.10135545733932037	98.68419193564569	101.0107324981183	0.0026189403325228323	1.0001031233094142
2.1990361478902	1.8904291283780692	0.06581964788643219	0.7407622034270749	0.10135545733932037	98.68419193564569	101.0098097320249	0.0026189403325228323	1.0001031233094142
2.1990361478902	1.8904291283780692	0.06581964788643219	0.7407622034270749	0.10135545733932037	98.68446241367313	101.0098097320249	0.0026189403325228323	1.0001031233094142
2.1990361478902	1.8903374983403503	0.06581964788643219	0.7407622034270749	0.10135545733932037	98.68446241367313	101.0098097320249	0.0026189403325228323	1.0001031233094142
2.1990361478902	1.8903374983403503	0.06581964788643219	0.7407622034270749	0.10135545733932037	98.68446241367313	101.0098097320249	0.0026723611354235815	1.0001031233094142
2.1990361478902	1.8903374983403503	0.06581964788643219	0.7407622034270749	0.10135545733932037	98.68446241367313	101.0098097320249	0.0025155894716872807	1.0001031233094142
2.1990361478902	1.8903374983403503	0.06581964788643219	0.7407622034270749	0.10135545733932037	98.68446241367313	101.01339843838342	0.0025155894716872807	1.0001031233094142
2.1990361478902	1.8903374983403503	0.06581964788643219	0.7407622034270749	0.10135545733932037	98.6780170412936	101.01339843838342	0.0025155894716872807	1.0001031233094142
2.198946725551408	1.8903374983403503	0.06581964788643219	0.7407622034270749	0.10135545733932037	98.6780170412936	101.01339843838342	0.0025155894716872807	1.0001031233094142
2.198946725551408	1.8903374983403503	0.06581964788643219	0.7407622034270749	0.10135545733932037	98.67804418414504	101.01339843838342	0.0025155894716872807	1.0001031233094142
2.198946725551408	1.8903374983403503	0.06581964788643219	0.7407622034270749	0.10135545733932037	98.67804418414504	101.01339843838342	0.0025155894716872807	1.0001031233094142
2.198946725551408	1.8903374983403503	0.06581964788643219	0.7407622034270749	0.10135545733932037	98.67804418414504	101.01339843838342	0.0025155894716872807	1.000097217847361
2.198946725551408	1.8903374983403503	0.06581964788643219	0.7407622034270749	0.10135545733932037	98.67804418414504	101.01339843838342	0.0025155894716872807	1.000097217847361
2.198946725551408	1.8903374983403503	0.06581964788643219	0.7407622034270749	0.10135545733932037	98.67804418414504	101.01339843838342	0.0025155894716872807	1.000097217847361
2.198946725551408	1.8903374983403503	0.06581964788643219	0.7407622034270749	0.10135545733932037	98.67804418414504	101.01339843838342	0.0025155894716872807	1.000097217847361
2.198946725551408	1.8903374983403503	0.06581964788643219	0.7407622034270749	0.10135545733932037	98.67804418414504	101.01339843838342	0.002449669051508363	1.000097217847361
2.198946725551408	1.8903374983403503	0.06581964788643219	0.7407622034270749	0.10135545733932037	98.67804418414504	101.01339843838342	0.002449669051508363	1.000097217847361
2.198946725551408	1.8903374983403503	0.06581964788643219	0.7407622034270749	0.10135545733932037	98.67804418414504	101.01339843838342	0.002449669051508363	1.000097217847361
2.198946725551408	1.8903374983403503	0.06581964788643219	0.7407607804272515	0.10135545733932037	98.67804418414504	101.01339843838342	0.002449669051508363	1.000097217847361
2.1986886120398057	1.8903374983403503	0.06581964788643219	0.7407607804272515	0.10135545733932037	98.67804418414504	101.01339843838342	0.002449669051508363	1.000097217847361
2.1986310904409274	1.8903374983403503	0.06581964788643219	0.7407607804272515	0.10135545733932037	98.67804418414504	101.01339843838342	0.002449669051508363	1.000097217847361
2.1986310904409274	1.8903374983403503	0.06581964788643219	0.740799536729553	0.10135545733932037	98.67804418414504	101.01339843838342	0.002449669051508363	1.000097217847361
2.1986310904409274	1.8903374983403503	0.06581964788643219	0.740799536729553	0.10135545733932037	98.67804418414504	101.01454368477357	0.002449669051508363	1.000097217847361
2.1986310904409274	1.8903374983403503	0.06581964788643219	0.740799536729553	0.10135545733932037	98.67804418414504	101.01454368477357	0.002455699760005213	1.000097217847361
2.1986310904409274	1.8903374983403503	0.06581964788643219	0.740799536729553	0.10135545733932037	98.67804418414504	101.01454368477357	0.002455699760005213	1.000097217847361
2.1986310904409274	1.8903374983403503	0.06581964788643219	0.740799536729553	0.10135545733932037	98.67501559945026	101.01454368477357	0.002455699760005213	1.000097217847361
2.1986310904409274	1.8903374983403503	0.06581964788643219	0.740799536729553	0.10135545733932037	98.67501559945026	101.01454368477357	0.002455699760005213	1.000097217847361
2.1986310904409274	1.8903374983403503	0.06581964788643219	0.740799536729553	0.10135545733932037	98.67501559945026	101.01454368477357	0.002455699760005213	1.000097217847361
2.19863012731266	1.8903374983403503	0.06581964788643219	0.740799536729553	0.10135545733932037	98.67501559945026	101.01454368477357	0.002455699760005213	1.000097217847361
2.19863012731266	1.8903374983403503	0.06581964788643219	0.740799536729553	0.10110418496220852	98.67501559945026	101.01454368477357	0.002455699760005213	1.000097217847361
2.19863012731266	1.8903374983403503	0.06581964788643219	0.740799536729553	0.10110418496220852	98.67501559945026	101.01454368477357	0.002455699760005213	1.000097217847361
2.19863012731266	1.8903374983403503	0.06581964788643219	0.740799536729553	0.10110418496220852	98.67501559945026	101.01454368477357	0.002455699760005213	1.000097217847361
2.19863012731266	1.8903374983403503	0.06581964788643219	0.740799536729553	0.10110418496220852	98.67501559945026	101.01454368477357	0.002455699760005213	1.000097217847361
2.19863012731266	1.8903374983403503	0.06581964788643219	0.740799536729553	0.10110418496220852	98.67501559945026	101.01454368477357	0.002455699760005213	1.0000966527998727
2.19863012731266	1.8903374983403503	0.06601444040127022	0.740799536729553	0.10110418496220852	98.67501559945026	101.01454368477357	0.002455699760005213	1.0000966527998727
2.19863012731266	1.8903374983403503	0.06601444040127022	0.740799536729553	0.10110418496220852	98.67501559945026	101.01454368477357	0.0024592509552658227	1.0000966527998727
2.19863012731266	1.8903374983403503	0.06601444040127022	0.740799536729553	0.10110418496220852	98.67681006283755	101.01454368477357	0.0024592509552658227	1.0000966527998727
2.19863012731266	1.8903493978424868	0.06601444040127022	0.740799536729553	0.10110418496220852	98.67681006283755	101.01454368477357	0.0024592509552658227	1.0000966527998727
2.19863012731266	1.8903493978424868	0.06601444040127022	0.740799536729553	0.10110418496220852	98.67681006283755	101.01454368477357	0.0024592509552658227	1.0000966527998727
2.198658753961217	1.8903493978424868	0.06601444040127022	0.740799536729553	0.10110418496220852	98.67681006283755	101.01454368477357	0.0024592509552658227	1.0000966527998727
2.198658753961217	1.8903493978424868	0.06601444040127022	0.740799536729553	0.10110418496220852	98.67681006283755	101.01454368477357	0.0024592509552658227	1.0000966527998727
2.198658753961217	1.8903493978424868	0.06601444040127022	0.740799536729553	0.10110418496220852	98.67681006283755	100.39515787041546	0.0024592509552658227	1.0000966527998727
2.198659527934687	1.8903493978424868	0.06601444040127022	0.740799536729553	0.10110418496220852	98.67681006283755	100.39515787041546	0.0024592509552658227	1.0000966527998727
2.198659527934687	1.8903493978424868	0.06601444040127022	0.740799536729553	0.10110418496220852	98.67681006283755	100.39515787041546	0.0024592509552658227	1.0000966527998727
2.198659527934687	1.8903493978424868	0.06601444040127022	0.740799536729553	0.10110418496220852	98.67681006283755	100.39515787041546	0.0024592509552658227	1.0000966527998727
2.198659527934687	1.8903493978424868	0.06601444040127022	0.740799536729553	0.10110418496220852	98.67681006283755	100.39515787041546	0.0024592509552658227	1.0000966527998727
2.198659527934687	1.8903493978424868	0.06601444040127022	0.740799536729553	0.10110418496220852	98.67681006283755	100.39515787041546	0.002617193152751783	1.0000966527998727
2.198659527934687	1.890349079161473	0.06601444040127022	0.740799536729553	0.10110418496220852	98.67681006283755	100.39515787041546	0.002617193152751783	1.0000966527998727
2.198659527934687	1.890349079161473	0.06601444040127022	0.740799536729553	0.10110418496220852	98.67681006283755	100.39515787041546	0.002617193152751783	1.0000966527998727
2.198659527934687	1.890349079161473	0.06601946409890583	0.740799536729553	0.10110418496220852	98.67681006283755	100.39515787041546	0.002617193152751783	1.0000966527998727
2.198659527934687	1.890349079161473	0.06601946409890583	0.740799536729553	0.10110418496220852	98.67681006283755	100.39515787041546	0.002617193152751783	1.0000966527998727
2.198659527934687	1.890349079161473	0.06601946409890583	0.740799536729553	0.10110418496220852	98.67681006283755	100.39518658299421	0.002617193152751783	1.0000966527998727
2.198659527934687	1.890349079161473	0.06601946409890583	0.740799536729553	0.10110418496220852	98.67681006283755	100.39518658299421	0.002617193152751783	1.0000966527998727
2.198659527934687	1.890349079161473	0.06601946409890583	0.740799536729553	0.10110418496220852	98.67681006283755	100.39518658299421	0.002617193152751783	1.0000966527998727
2.196874241355425	1.890349079161473	0.06601946409890583	0.740799536729553	0.10110418496220852	98.67681006283755	100.39518658299421	0.002617193152751783	1.0000966527998727
2.196874241355425	1.890349079161473	0.06601946409890583	0.740799536729553	0.10110816343721112	98.67681006283755	100.39518658299421	0.002617193152751783	1.0000966527998727
2.196874241355425	1.890349079161473	0.06601946409890583	0.740799536729553	0.10110816343721112	98.67681006283755	100.39518658299421	0.002617193152751783	1.0000966527998727
2.196874241355425	1.890349079161473	0.06601946409890583	0.740799536729553	0.10110816343721112	98.67681006283755	100.39518658299421	0.002617193152751783	1.0000966527998727
2.196874241355425	1.890349079161473	0.06601946409890583	0.740799536729553	0.10110816343721112	98.67681006283755	100.39518658299421	0.002617193152751783	1.0000966527998727
2.1988634115567263	1.890349079161473	0.06601946409890583	0.740799536729553	0.10110816343721112	98.67681006283755	100.39518658299421	0.002617193152751783	1.0000966527998727
2.1988634115567263	1.890349079161473	0.06601946409890583	0.740799536729553	0.1012005403198314	98.67681006283755	100.39518658299421	0.002617193152751783	1.0000966527998727
2.1988634115567263	1.890349079161473	0.06601946409890583	0.740799536729553	0.10120098700256565	98.67681006283755	100.39518658299421	0.002617193152751783	1.0000966527998727
2.1988634115567263	1.890349079161473	0.06601946409890583	0.740799536729553	0.10120098700256565	98.67681006283755	100.39518658299421	0.002617193152751783	1.0000966527998727
2.1988634115567263	1.8903483575080977	0.06601946409890583	0.740799536729553	0.10120098700256565	98.67681006283755	100.39518658299421	0.002617193152751783	1.0000966527998727
2.1988634115567263	1.8903483575080977	0.06601946409890583	0.740799536729553	0.10120098700256565	98.67681006283755	100.39518658299421	0.002617193152751783	1.0000966388379748
2.1988634115567263	1.8903483575080977	0.06601946409890583	0.740799536729553	0.10120098700256565	98.67681006283755	100.39518658299421	0.002617193152751783	1.0000966388379748
2.1988634115567263	1.8903483575080977	0.06601946409890583	0.740799536729553	0.10120098700256565	98.67681006283755	100.39518658299421	0.002617193152751783	1.0000966388379748
2.1988634115567263	1.8903483575080977	0.06601946409890583	0.740799536729553	0.10120098700256565	98.67681006283755	100.75689243776256	0.002617193152751783	1.0000966388379748
2.1988634115567263	1.8903483575080977	0.06601946409890583	0.740799536729553	0.10120098700256565	98.67681006283755	100.75689243776256	0.002617193152751783	1.0000966388379748
2.1988634115567263	1.8903483575080977	0.06601946409890583	0.740799536729553	0.10120098700256565	98.67681006283755	100.75689243776256	0.002617193152751783	1.0000964986785024
2.1988634115567263	1.8903483575080977	0.06601946409890583	0.740799536729553	0.10120098700256565	98.67681006283755	100.75689243776256	0.002617193152751783	1.0000964986785024
2.1988634115567263	1.8903483575080977	0.06602764661115536	0.740799536729553	0.10120098700256565	98.67681006283755	100.75689243776256	0.002617193152751783	1.0000964986785024
2.1988634115567263	1.8903483575080977	0.06602764661115536	0.740799536729553	0.10120098700256565	98.6697625210091	100.75689243776256	0.002617193152751783	1.0000964986785024
2.1988634115567263	1.8903483575080977	0.06602764661115536	0.740799536729553	0.10120098700256565	98.6697625210091	100.75689243776256	0.002617193152751783	1.0000964986785024
2.1988634115567263	1.8903483575080977	0.06602764661115536	0.740799536729553	0.10120098700256565	98.6697625210091	100.75689243776256	0.0026172378729207827	1.0000964986785024
2.1988634115567263	1.8903483575080977	0.06602764661115536	0.740799536729553	0.10120098700256565	98.6697625210091	100.45146658262988	0.0026172378729207827	1.0000964986785024
2.1988634115567263	1.8903483575080977	0.06602764661115536	0.740799536729553	0.10074065416228603	98.6697625210091	100.45146658262988	0.0026172378729207827	1.0000964986785024
2.1988634115567263	1.890307044338299	0.06602764661115536	0.740799536729553	0.10074065416228603	98.6697625210091	100.45146658262988	0.0026172378729207827	1.0000964986785024
2.1988634115567263	1.890307044338299	0.06602764661115536	0.740799536729553	0.10074065416228603	98.6697625210091	100.45063635327166	0.0026172378729207827	1.0000964986785024
2.1988634115567263	1.890307044338299	0.06602764661115536	0.740799536729553	0.10074065416228603	98.6697625210091	100.45063635327166	0.0026172378729207827	1.0000964986785024
2.1988634115567263	1.890307044338299	0.06602764661115536	0.740799536729553	0.10074065416228603	98.6697625210091	100.45063635327166	0.0026172378729207827	1.0000995272638549
2.1988634115567263	1.890307044338299	0.06602764661115536	0.7405923467622307	0.10074065416228603	98.6697625210091	100.45063635327166	0.0026172378729207827	1.0000995272638549
2.1988634115567263	1.890307044338299	0.06602764661115536	0.7405923467622307	0.10074065416228603	98.6697625210091	100.45063635327166	0.0026172378729207827	1.0000995272638549
2.1988634115567263	1.890307044338299	0.06602764661115536	0.7405923467622307	0.10074065416228603	98.6697625210091	100.45063635327166	0.0026168794726261755	1.0000995272638549
2.1988411704170496	1.890307044338299	0.06602764661115536	0.7405923467622307	0.10074065416228603	98.6697625210091	100.45063635327166	0.0026168794726261755	1.0000995272638549
2.1988411704170496	1.890307044338299	0.06602764661115536	0.7405923467622307	0.10074065416228603	98.6697625210091	100.45063635327166	0.0026165063224570704	1.0000995272638549
2.1988411704170496	1.890307044338299	0.06602764661115536	0.7405923467622307	0.10074065416228603	98.6697625210091	100.45063635327166	0.0026165015088106653	1.0000995272638549
2.1988411704170496	1.89028677765293	0.06602764661115536	0.7405923467622307	0.10074065416228603	98.6697625210091	100.45063635327166	0.0026165015088106653	1.0000995272638549
2.1988411704170496	1.89028677765293	0.06602764661115536	0.7405923467622307	0.10074065416228603	98.68217878945815	100.45063635327166	0.0026165015088106653	1.0000995272638549
2.1988411704170496	1.8834066676893373	0.06602764661115536	0.7405923467622307	0.10074065416228603	98.68217878945815	100.45063635327166	0.0026165015088106653	1.0000995272638549
2.1988411704170496	1.8834066676893373	0.0660361483960677	0.7405923467622307	0.10074065416228603	98.68217878945815	100.45063635327166	0.0026165015088106653	1.0000995272638549
2.1988411704170496	1.8835187686350894	0.0660361483960677	0.7405923467622307	0.10074065416228603	98.68217878945815	100.45063635327166	0.0026165015088106653	1.0000995272638549
2.1988411704170496	1.8835187686350894	0.0660361483960677	0.7405923467622307	0.10074065416228603	98.68217878945815	100.45063635327166	0.0026165015088106653	1.0000995272638549
2.1988411704170496	1.8835187686350894	0.0660361483960677	0.7405923467622307	0.10074065416228603	98.68217878945815	100.45570239912638	0.0026165015088106653	1.0000995272638549
2.1988411704170496	1.8835187686350894	0.0660361483960677	0.7405923467622307	0.10074065416228603	98.68217878945815	100.45570239912638	0.0026165015088106653	1.0000995272638549
2.1988411704170496	1.8835187686350894	0.0660361483960677	0.7405923467622307	0.10074065416228603	98.68217878945815	100.45570239912638	0.0026165015088106653	1.0000995272638549
2.199292735959541	1.8835187686350894	0.0660361483960677	0.7405923467622307	0.10074065416228603	98.68217878945815	100.45570239912638	0.0026165015088106653	1.0000995272638549
2.199292735959541	1.8835187686350894	0.0660361483960677	0.7405923467622307	0.10074065416228603	98.68217878945815	100.45570239912638	0.0026165015088106653	1.0000990891212278
2.199292735959541	1.8835187686350894	0.0660361483960677	0.7405923467622307	0.10074065416228603	98.68217878945815	100.45570239912638	0.0026165015088106653	1.0000990891212278
2.199292735959541	1.8835187686350894	0.0660361483960677	0.7405923467622307	0.10074065416228603	98.68217878945815	100.45570239912638	0.0026165015088106653	1.0000990891212278
2.199292735959541	1.8835187686350894	0.0659090999162463	0.7405923467622307	0.10074065416228603	98.68217878945815	100.45570239912638	0.0026165015088106653	1.0000990891212278
2.199292735959541	1.8835187686350894	0.0659090999162463	0.7405923467622307	0.1006686001937301	98.68217878945815	100.45570239912638	0.0026165015088106653	1.0000990891212278
2.199292735959541	1.8835187686350894	0.0659090999162463	0.7405923467622307	0.1006686001937301	98.68217878945815	100.45570239912638	0.0026165015088106653	1.0000990891212278
2.199292735959541	1.8835187686350894	0.0659090999162463	0.7405923467622307	0.1006686001937301	98.68217878945815	100.45570239912638	0.0026165015088106653	1.0000990891212278
2.199292735959541	1.8835187686350894	0.0659090999162463	0.7405923467622307	0.1006686001937301	98.68217878945815	100.45570239912638	0.0026165015088106653	1.0000990891212278
2.199292735959541	1.8835187686350894	0.0659090999162463	0.7405923467622307	0.1006686001937301	98.68217878945815	100.45570239912638	0.0026165015088106653	1.0000990891212278
2.199292735959541	1.8835187686350894	0.0659090999162463	0.7405923467622307	0.1006686001937301	98.68217878945815	100.45570239912638	0.0026165015088106653	1.0000990891212278
2.199292735959541	1.8835187686350894	0.0659090999162463	0.7405923467622307	0.1006686001937301	98.68217878945815	100.45570239912638	0.0026165015088106653	1.0000990891212278
2.199292735959541	1.8835187686350894	0.0659090999162463	0.740468637597679	0.1006686001937301	98.68217878945815	100.45570239912638	0.0026165015088106653	1.0000990891212278
2.199292735959541	1.8835187686350894	0.0659090999162463	0.740468637597679	0.1006686001937301	98.68217878945815	100.45570239912638	0.002616353165503614	1.0000990891212278
2.199292735959541	1.8835187686350894	0.0659090999162463	0.740468637597679	0.1006686001937301	98.68165665572887	100.45570239912638	0.002616353165503614	1.0000990891212278
2.199292735959541	1.8835187686350894	0.06591071341709305	0.740468637597679	0.1006686001937301	98.68165665572887	100.45570239912638	0.002616353165503614	1.0000990891212278
2.199481645537807	1.8835187686350894	0.06591071341709305	0.740468637597679	0.1006686001937301	98.68165665572887	100.45570239912638	0.002616353165503614	1.0000990891212278
2.199481645537807	1.8835187686350894	0.06591071341709305	0.740468637597679	0.1006686001937301	98.68165665572887	100.45570239912638	0.002616353165503614	1.0000990891212278
2.199481645537807	1.8835187686350894	0.06591071341709305	0.740468637597679	0.1006686001937301	98.68165665572887	100.45570239912638	0.002616353165503614	1.0000990891212278
2.199481645537807	1.8835187686350894	0.06591071341709305	0.740468637597679	0.10048231034743767	98.68165665572887	100.45570239912638	0.002616353165503614	1.0000990891212278
2.199481645537807	1.8835187686350894	0.06591071341709305	0.740468637597679	0.10048215752453449	98.68165665572887	100.45570239912638	0.002616353165503614	1.0000990891212278
2.199481645537807	1.8835187686350894	0.06591071341709305	0.740468637597679	0.10048215752453449	98.68165665572887	100.45570239912638	0.002616353165503614	1.0000990891212278
2.199481645537807	1.8835187686350894	0.06591071341709305	0.740468637597679	0.10048215752453449	98.68165665572887	100.45570239912638	0.002616353165503614	1.0000990891212278
2.199481645537807	1.8844233264545496	0.06591071341709305	0.740468637597679	0.10048215752453449	98.68165665572887	100.45570239912638	0.002616353165503614	1.0000990891212278
2.199481645537807	1.8844233264545496	0.06591071341709305	0.740468637597679	0.10048215752453449	98.68165665572887	100.45570239912638	0.002616353165503614	1.0000990891212278
2.199481645537807	1.8844233264545496	0.06591071341709305	0.740468637597679	0.10048215752453449	98.68165665572887	99.95317407246235	0.002616353165503614	1.0000990891212278
2.199481645537807	1.8844233264545496	0.06591071341709305	0.740468637597679	0.10048215752453449	98.68165665572887	99.95317407246235	0.00261308488573986	1.0000990891212278
2.199481645537807	1.8844233264545496	0.06591071341709305	0.740468637597679	0.10047982974544477	98.68165665572887	99.95317407246235	0.00261308488573986	1.0000990891212278
2.199481645537807	1.8844233264545496	0.06591071341709305	0.740468637597679	0.10048006522784811	98.68165665572887	99.95317407246235	0.00261308488573986	1.0000990891212278
2.199481645537807	1.8844043648627138	0.06591071341709305	0.740468637597679	0.10048006522784811	98.68165665572887	99.95317407246235	0.00261308488573986	1.0000990891212278
2.199481645537807	1.8844043648627138	0.06591071341709305	0.740468637597679	0.10048006522784811	98.68165665572887	99.95274146057348	0.00261308488573986	1.0000990891212278
2.199481645537807	1.8844043648627138	0.06591071341709305	0.740468637597679	0.10048006522784811	98.68165665572887	99.95274146057348	0.00261308488573986	1.0000990891212278
2.199481645537807	1.8844043648627138	0.06591071341709305	0.740468637597679	0.10048006522784811	98.68165665572887	99.95274146057348	0.00261308488573986	1.0000990891212278
2.199481645537807	1.8844047139834827	0.06591071341709305	0.740468637597679	0.10048006522784811	98.68165665572887	99.95274146057348	0.00261308488573986	1.0000990891212278
2.199481645537807	1.8844047139834827	0.06591071341709305	0.740468637597679	0.10048006522784811	98.68165665572887	99.95274146057348	0.00261308488573986	1.0000990891212278
2.199481645537807	1.8844047139834827	0.06591071341709305	0.740468637597679	0.10048006522784811	98.68165665572887	99.95240528885614	0.00261308488573986	1.0000990891212278
2.199481645537807	1.8844047139834827	0.06591071341709305	0.740468637597679	0.10048006522784811	98.68165665572887	99.95240528885614	0.00261308488573986	1.0000990891212278
2.199481645537807	1.8844047139834827	0.06591071341709305	0.740468637597679	0.10048006522784811	98.68165665572887	99.95240528885614	0.00261308488573986	1.0000990891212278
2.199481645537807	1.8844047139834827	0.06591071341709305	0.740468637597679	0.10048006522784811	98.68165665572887	99.95240528885614	0.00261363191583991	1.0000990891212278
2.199481645537807	1.8844047139834827	0.06591071341709305	0.740468637597679	0.10048006522784811	98.68165665572887	99.95240528885614	0.00261363191583991	1.0000990891212278
2.199481645537807	1.8844047139834827	0.06591071341709305	0.7404772009383556	0.10048006522784811	98.68165665572887	99.95240528885614	0.00261363191583991	1.0000990891212278
2.191832682513378	1.8844047139834827	0.06591071341709305	0.7404772009383556	0.10048006522784811	98.68165665572887	99.95240528885614	0.00261363191583991	1.0000990891212278
2.191824639283644	1.8844047139834827	0.06591071341709305	0.7404772009383556	0.10048006522784811	98.68165665572887	99.95240528885614	0.00261363191583991	1.0000990891212278
2.191824639283644	1.8844047139834827	0.06591071341709305	0.7404772009383556	0.10048006522784811	98.68165665572887	99.95240528885614	0.00261363191583991	1.0000990891212278
2.191824639283644	1.8844047139834827	0.06591071341709305	0.7404772009383556	0.10048006522784811	98.68165665572887	99.95240528885614	0.00261363191583991	1.0000990891212278
2.191824639283644	1.8844047139834827	0.06591071341709305	0.7404772009383556	0.10048006522784811	98.68165665572887	99.95240528885614	0.00261363191583991	1.0000990891212278
2.191824639283644	1.8844047139834827	0.06591071341709305	0.7404772009383556	0.10048006522784811	98.68165665572887	99.95240528885614	0.00261363191583991	1.0000991244385478
2.191824639283644	1.8844047139834827	0.06591071341709305	0.7404772009383556	0.10048006522784811	98.68165665572887	99.95240528885614	0.00261363191583991	1.0000991244385478
2.191824639283644	1.8844047139834827	0.06591071341709305	0.7404772009383556	0.10048006522784811	98.68165665572887	99.95240528885614	0.00261363191583991	1.0001008576967043
2.191824639283644	1.8844047139834827	0.06591071341709305	0.7406517592391866	0.10048006522784811	98.68165665572887	99.95240528885614	0.00261363191583991	1.0001008576967043
2.191824639283644	1.8844047139834827	0.06591071341709305	0.7406517592391866	0.10047998598575096	98.68165665572887	99.95240528885614	0.00261363191583991	1.0001008576967043
2.191824639283644	1.8844047139834827	0.06591071341709305	0.7406517592391866	0.10047998598575096	98.68165665572887	99.95240528885614	0.00261363191583991	1.0001008576967043
2.191824639283644	1.8844047139834827	0.06591071341709305	0.7406424397108252	0.10047998598575096	98.68165665572887	99.95240528885614	0.00261363191583991	1.0001008576967043
2.191824639283644	1.8844047139834827	0.06591071341709305	0.7406424397108252	0.1005099519524724	98.68165665572887	99.95240528885614	0.00261363191583991	1.0001008576967043
2.191824639283644	1.8844047139834827	0.06591071341709305	0.7406424397108252	0.1005099519524724	98.68165665572887	100.00556637351201	0.00261363191583991	1.0001008576967043
2.191824639283644	1.8844047139834827	0.06591071341709305	0.7406424397108252	0.1005099519524724	98.68165665572887	100.00556637351201	0.00261363191583991	1.0001008576967043
2.191824639283644	1.8844047139834827	0.06591071341709305	0.7406424397108252	0.1005099519524724	98.68165665572887	100.00556637351201	0.00261363191583991	1.0001008576967043
2.191824639283644	1.8844047139834827	0.06591071341709305	0.7406424397108252	0.10061823419381682	98.68165665572887	100.00556637351201	0.00261363191583991	1.0001008576967043
2.191824639283644	1.8844047139834827	0.06591071341709305	0.7406424397108252	0.10061823419381682	98.68165665572887	100.00556637351201	0.00261363191583991	1.0001008576967043
2.191824639283644	1.8843690338329013	0.06591071341709305	0.7406424397108252	0.10061823419381682	98.68165665572887	100.00556637351201	0.00261363191583991	1.0001008576967043
2.191824639283644	1.8843690338329013	0.06591071341709305	0.7406424397108252	0.10060543359886963	98.68165665572887	100.00556637351201	0.00261363191583991	1.0001008576967043
2.191824639283644	1.8843690338329013	0.06591071341709305	0.7406424397108252	0.10060543359886963	98.68165665572887	100.00556637351201	0.00261363191583991	1.0001008576967043
2.191831432528955	1.8843690338329013	0.06591071341709305	0.7406424397108252	0.10060543359886963	98.68165665572887	100.00556637351201	0.00261363191583991	1.0001008576967043
2.191831432528955	1.8843690338329013	0.06591071341709305	0.7406424397108252	0.10060543359886963	98.68165665572887	100.00556637351201	0.00261363191583991	1.0001008576967043
2.191831432528955	1.8843690338329013	0.06591071341709305	0.7406424397108252	0.10060543359886963	98.68165665572887	100.19903906988421	0.00261363191583991	1.0001008576967043
2.191831432528955	1.8843690338329013	0.06591071341709305	0.7406424397108252	0.10060543359886963	98.68165665572887	100.19903906988421	0.00261363191583991	1.0001008576967043
2.191831432528955	1.8843690338329013	0.06591071341709305	0.7406198393747551	0.10060543359886963	98.68165665572887	100.19903906988421	0.00261363191583991	1.0001008576967043
2.191831432528955	1.8843690338329013	0.06591071341709305	0.7406198393747551	0.10060543359886963	98.68165665572887	100.19905830257622	0.00261363191583991	1.0001008576967043
2.191831432528955	1.8843690338329013	0.06591071341709305	0.7406198393747551	0.10060543359886963	98.68165665572887	100.19905830257622	0.00261363191583991	1.0001008576967043
2.191831432528955	1.8843690338329013	0.06591071341709305	0.7406198393747551	0.10060543359886963	98.68165665572887	100.19905830257622	0.002614034416659708	1.0001008576967043
2.191831432528955	1.8843690338329013	0.06591071341709305	0.7406198393747551	0.10060543359886963	98.6812396324823	100.19905830257622	0.002614034416659708	1.0001008576967043
2.191831432528955	1.8843690338329013	0.06591071341709305	0.7406198393747551	0.10060543359886963	98.6812396324823	100.19905830257622	0.002614034416659708	1.0001008576967043
2.191831432528955	1.8843690338329013	0.06591071341709305	0.7406198393747551	0.10060543359886963	98.6812396324823	100.19905830257622	0.0026105195450190364	1.0001008576967043
2.191831432528955	1.8843690338329013	0.06591071341709305	0.7406198393747551	0.10060543359886963	98.6812396324823	100.19905830257622	0.0026105195450190364	1.0001008576967043
2.191831432528955	1.8843690338329013	0.06591071341709305	0.7406198393747551	0.10060543359886963	98.6812396324823	100.19905830257622	0.0026105195450190364	1.0001008576967043
2.191831432528955	1.8843690338329013	0.06591071341709305	0.7406198393747551	0.10060543359886963	98.6812396324823	100.19905830257622	0.0026105195450190364	1.0001008576967043
2.191831432528955	1.8843690338329013	0.06591071341709305	0.7406198393747551	0.10060543359886963	98.6812396324823	100.19909142290776	0.0026105195450190364	1.0001008576967043
2.191831432528955	1.8843690338329013	0.06591071341709305	0.7406198393747551	0.10060543359886963	98.6812396324823	100.19909142290776	0.0026105195450190364	1.0001008576967043
2.191831432528955	1.8843690338329013	0.06591071341709305	0.7406198393747551	0.10060543359886963	98.68141250576757	100.19909142290776	0.0026105195450190364	1.0001008576967043
2.191831432528955	1.8843690338329013	0.06591071341709305	0.7406198393747551	0.10060543359886963	98.68141250576757	100.1989771878661	0.0026105195450190364	1.0001008576967043
2.191831432528955	1.8843690338329013	0.06591071341709305	0.7406198393747551	0.10060543359886963	98.68141250576757	100.23689024217849	0.0026105195450190364	1.0001008576967043
2.191831432528955	1.8843688698991483	0.06591071341709305	0.7406198393747551	0.10060543359886963	98.68141250576757	100.23689024217849	0.0026105195450190364	1.0001008576967043
2.1925517208175433	1.8843688698991483	0.06591071341709305	0.7406198393747551	0.10060543359886963	98.68141250576757	100.23689024217849	0.0026105195450190364	1.0001008576967043
2.1925517208175433	1.8843688698991483	0.06591989595126649	0.7406198393747551	0.10060543359886963	98.68141250576757	100.23689024217849	0.0026105195450190364	1.0001008576967043
2.1925517208175433	1.8843688698991483	0.06591989595126649	0.7406198393747551	0.10060543359886963	98.68141250576757	100.23689024217849	0.0025576621386193114	1.0001008576967043
2.1925517208175433	1.8843688698991483	0.06591989595126649	0.7406198393747551	0.10060543359886963	98.68141250576757	100.23689024217849	0.0025576621386193114	1.0001008576967043
2.1925517208175433	1.8843688698991483	0.06591989595126649	0.7406198393747551	0.10060543359886963	98.68141250576757	100.99066922297892	0.0025576621386193114	1.0001008576967043
2.1925517208175433	1.8843688698991483	0.06591989595126649	0.7406198393747551	0.10060543359886963	98.68141250576757	100.99066922297892	0.0026190690498751673	1.0001008576967043
2.1925517208175433	1.8843688698991483	0.06591989595126649	0.7406198393747551	0.10060543359886963	98.68141250576757	100.99066922297892	0.0026190690498751673	1.0001008576967043
2.1925517208175433	1.8843688698991483	0.06591989595126649	0.7406198393747551	0.10060543359886963	98.68141250576757	100.99066922297892	0.0026190690498751673	1.0001008576967043
2.1925517208175433	1.8843688698991483	0.06591989595126649	0.7406198393747551	0.10060543359886963	98.68141250576757	100.99066922297892	0.0026190690498751673	1.0001008576967043
2.1925517208175433	1.8843688698991483	0.06591989595126649	0.7406198393747551	0.10060543359886963	98.68141250576757	100.99066922297892	0.002633792012876351	1.0001008576967043
2.1925517208175433	1.8843688698991483	0.06591989595126649	0.7406198393747551	0.10060543359886963	98.68141250576757	100.99066922297892	0.002633792012876351	1.0001008576967043
2.1925517208175433	1.8843688698991483	0.06591989595126649	0.7406198393747551	0.10060543359886963	98.68141250576757	100.99066922297892	0.002633792012876351	1.0001008576967043
2.1925517208175433	1.8843688698991483	0.06596272600317488	0.7406198393747551	0.10060543359886963	98.68141250576757	100.99066922297892	0.002633792012876351	1.0001008576967043
2.1925517208175433	1.8843688698991483	0.06596272600317488	0.7406198393747551	0.10060543359886963	98.68141250576757	100.99066922297892	0.002633792012876351	1.0001008576967043
2.1925517208175433	1.8843688698991483	0.06596272600317488	0.7406198393747551	0.10060543359886963	98.68141250576757	100.99066922297892	0.002633792012876351	1.0001008576967043
2.1925517208175433	1.8843688698991483	0.06596272600317488	0.7406198393747551	0.10060543359886963	98.68141250576757	100.99066922297892	0.002633792012876351	1.0001008576967043
2.1925517208175433	1.8843688698991483	0.06596272600317488	0.7406198393747551	0.10060543359886963	98.68141250576757	100.99066922297892	0.002633792012876351	1.0001008576967043
2.1925517208175433	1.8843688698991483	0.06596272600317488	0.7406198393747551	0.10060465085900616	98.68141250576757	100.99066922297892	0.002633792012876351	1.0001008576967043
2.1925517208175433	1.8843688698991483	0.06596272600317488	0.7406198393747551	0.10060465085900616	98.61209393659675	100.99066922297892	0.002633792012876351	1.0001008576967043
2.1925517208175433	1.8843688698991483	0.06596272600317488	0.7405421329966487	0.10060465085900616	98.61209393659675	100.99066922297892	0.002633792012876351	1.0001008576967043
2.1925517208175433	1.8843688698991483	0.06596272600317488	0.7405421329966487	0.10060465085900616	98.61209393659675	100.99066922297892	0.002637788518189711	1.0001008576967043
2.1925517208175433	1.8843688698991483	0.06596272600317488	0.7405421329966487	0.10060465085900616	98.61200854132997	100.99066922297892	0.002637788518189711	1.0001008576967043
2.1925517208175433	1.8843688698991483	0.06596411538768626	0.7405421329966487	0.10060465085900616	98.61200854132997	100.99066922297892	0.002637788518189711	1.0001008576967043
2.1925517208175433	1.8843688698991483	0.06596411538768626	0.7405421329966487	0.10060465085900616	98.61200854132997	100.99003171083086	0.002637788518189711	1.0001008576967043
2.1925517208175433	1.8843688698991483	0.06596411538768626	0.7405421329966487	0.10060465085900616	98.61200854132997	100.99003171083086	0.002637788518189711	1.0001008576967043
2.1925517208175433	1.8843688698991483	0.06596411538768626	0.7405421329966487	0.10060465085900616	98.61200854132997	100.21810790211951	0.002637788518189711	1.0001008576967043
2.1925513200322007	1.8843688698991483	0.06596411538768626	0.7405421329966487	0.10060465085900616	98.61200854132997	100.21810790211951	0.002637788518189711	1.0001008576967043
2.1925513200322007	1.8843688698991483	0.06596411538768626	0.7405421329966487	0.10060465085900616	98.61200854132997	100.21810790211951	0.0026215590909626405	1.0001008576967043
2.1925513200322007	1.8843688698991483	0.06596411538768626	0.7405421329966487	0.10060465085900616	98.61200854132997	100.21812038511186	0.0026215590909626405	1.0001008576967043
2.1925513200322007	1.8843688698991483	0.06596411538768626	0.7405421329966487	0.10060465085900616	98.61200854132997	100.21812038511186	0.0026215590909626405	1.0001008576967043
2.1925513200322007	1.8843688698991483	0.06596411538768626	0.7405421329966487	0.10060465085900616	98.61200854132997	100.21812038511186	0.0026215590909626405	1.0001008576967043
2.1925513200322007	1.8843688698991483	0.06596411538768626	0.7405421329966487	0.10060465085900616	98.61200854132997	100.21812038511186	0.002569034662003601	1.0001008576967043
2.1925513200322007	1.8843700851752756	0.06596411538768626	0.7405421329966487	0.10060465085900616	98.61200854132997	100.21812038511186	0.002569034662003601	1.0001008576967043
2.1925513200322007	1.8843700851752756	0.06596411538768626	0.7405421329966487	0.10060465085900616	98.61200854132997	100.21812038511186	0.002569034662003601	1.0001008322229044
2.1925513200322007	1.8843700851752756	0.06596411538768626	0.7405421329966487	0.10060465085900616	98.61200854132997	100.21812038511186	0.002569034662003601	1.0000993495872235
2.1925513200322007	1.8843700851752756	0.06596411538768626	0.7405421329966487	0.10060465085900616	98.61200854132997	100.21812038511186	0.002569034662003601	1.0000993495872235
2.1925513200322007	1.8843700851752756	0.06596411538768626	0.7405409876667292	0.10060465085900616	98.61200854132997	100.21812038511186	0.002569034662003601	1.0000993495872235
2.1925513200322007	1.8843700851752756	0.06596411538768626	0.7405409876667292	0.10060465085900616	98.61200854132997	100.21812038511186	0.002569034662003601	1.0000993495872235
2.1925513200322007	1.8843700851752756	0.06596411538768626	0.7405409876667292	0.10066434952853258	98.61200854132997	100.21812038511186	0.002569034662003601	1.0000993495872235
2.1925513200322007	1.8843700851752756	0.06596411538768626	0.7405409876667292	0.10066434952853258	98.61200854132997	100.21812038511186	0.002569034662003601	1.0000993495872235
2.1925513200322007	1.8843700851752756	0.06596411538768626	0.7405409876667292	0.10066434952853258	98.61200854132997	100.21812038511186	0.002569034662003601	1.0000993495872235
2.1925513200322007	1.8843700851752756	0.06596411538768626	0.7405409876667292	0.10066434952853258	98.61200854132997	100.21812038511186	0.002569034662003601	1.0000993495872235
2.1925513200322007	1.8843700851752756	0.06596411538768626	0.7405409876667292	0.10066434952853258	98.61200854132997	100.21812038511186	0.002569034662003601	1.0000993495872235
2.1925513200322007	1.8843700851752756	0.06596411538768626	0.7405409876667292	0.10066434952853258	98.61200854132997	100.21812038511186	0.002569034662003601	1.0000993495872235
2.1925513200322007	1.8843700851752756	0.06596411538768626	0.7405409876667292	0.10066434952853258	98.61200854132997	100.21812038511186	0.002569034662003601	1.0000993495872235
2.1925513200322007	1.8843700851752756	0.06596411538768626	0.7405409876667292	0.10066434952853258	98.61200854132997	100.21812038511186	0.002569034662003601	1.0000993495872235
2.1925513200322007	1.8843700851752756	0.06596411538768626	0.7405940743949221	0.10066434952853258	98.61200854132997	100.21812038511186	0.002569034662003601	1.0000993495872235
2.1925513200322007	1.8843700851752756	0.06596411538768626	0.7405940743949221	0.100906290612972	98.61200854132997	100.21812038511186	0.002569034662003601	1.0000993495872235
2.1925513200322007	1.8843700851752756	0.06596411538768626	0.7405940743949221	0.100906290612972	98.61200854132997	100.21812038511186	0.002569034662003601	1.0000993495872235
2.1925513200322007	1.8843700851752756	0.06596411538768626	0.7405940743949221	0.100906290612972	98.61200854132997	100.21812038511186	0.002569034662003601	1.0000993495872235
2.1932693274395856	1.8843700851752756	0.06596411538768626	0.7405940743949221	0.100906290612972	98.61200854132997	100.21812038511186	0.002569034662003601	1.0000993495872235
2.1932693274395856	1.8843700851752756	0.06596985083400689	0.7405940743949221	0.100906290612972	98.61200854132997	100.21812038511186	0.002569034662003601	1.0000993495872235
2.1932705410523097	1.8843700851752756	0.06596985083400689	0.7405940743949221	0.100906290612972	98.61200854132997	100.21812038511186	0.002569034662003601	1.0000993495872235
2.1932705410523097	1.8843700851752756	0.06596985083400689	0.7405732776499856	0.100906290612972	98.61200854132997	100.21812038511186	0.002569034662003601	1.0000993495872235
2.1932705410523097	1.8843700851752756	0.06596985083400689	0.7405732776499856	0.100906290612972	98.61200854132997	100.21812038511186	0.002569034662003601	1.0000991456436459
2.1932705410523097	1.8843700851752756	0.06596985083400689	0.7405732776499856	0.100906290612972	98.61200854132997	100.21812038511186	0.002569034662003601	1.0000991456436459
2.1932705410523097	1.8843700851752756	0.06596985083400689	0.7405732776499856	0.100906290612972	98.61200854132997	100.21812038511186	0.002569034662003601	1.0000991456436459
2.1932705410523097	1.8843700851752756	0.06596985083400689	0.7405732776499856	0.100906290612972	98.61200854132997	100.21812038511186	0.002569034662003601	1.0000856966906455
2.1932705410523097	1.8843700851752756	0.06596985083400689	0.7405732776499856	0.100906290612972	98.61200854132997	100.21812038511186	0.0025696213372788006	1.0000856966906455
2.1932705410523097	1.8843700851752756	0.06596985083400689	0.7405732776499856	0.100906290612972	98.61200854132997	100.21812038511186	0.0025696213372788006	1.0000856966906455
2.1932705410523097	1.8843700851752756	0.06596985083400689	0.7405732776499856	0.100906290612972	98.61200854132997	100.21812038511186	0.002550187602817641	1.0000856966906455
2.1932705410523097	1.8843700851752756	0.06598582555781116	0.7405732776499856	0.100906290612972	98.61200854132997	100.21812038511186	0.002550187602817641	1.0000856966906455
2.1932705410523097	1.8843700851752756	0.06598582555781116	0.7405732776499856	0.100906290612972	98.61200854132997	100.21812038511186	0.002550187602817641	1.0000856966906455
2.1932705410523097	1.8843700851752756	0.06598582555781116	0.7405732776499856	0.100906290612972	98.61200854132997	100.21812038511186	0.002550187602817641	1.0000856966906455
2.1932705410523097	1.8843700851752756	0.06598582555781116	0.7405732776499856	0.100906290612972	98.61200854132997	100.21812038511186	0.002550187602817641	1.0000856966906455
2.1932705410523097	1.8839358515868536	0.06598582555781116	0.7405732776499856	0.100906290612972	98.61200854132997	100.21812038511186	0.002550187602817641	1.0000856966906455
2.1932705410523097	1.8839358515868536	0.06598582555781116	0.7405732776499856	0.100906290612972	98.61200854132997	100.21812038511186	0.002550187602817641	1.0000856966906455
2.193270652694673	1.8839358515868536	0.06598582555781116	0.7405732776499856	0.100906290612972	98.61200854132997	100.21812038511186	0.002550187602817641	1.0000856966906455
2.193270652694673	1.8839358515868536	0.06598582555781116	0.7405732776499856	0.100906290612972	98.61200854132997	100.21812038511186	0.002550187602817641	1.0000856966906455
2.193270652694673	1.8839358515868536	0.06598582555781116	0.7405732776499856	0.100906290612972	98.6110474719531	100.21812038511186	0.002550187602817641	1.0000856966906455
2.193270652694673	1.8839358515868536	0.06598582555781116	0.7405732776499856	0.100906290612972	98.6110474719531	100.21812038511186	0.002550187602817641	1.0000856966906455
2.193270652694673	1.8839358515868536	0.06597752820441383	0.7405732776499856	0.100906290612972	98.6110474719531	100.21812038511186	0.002550187602817641	1.0000856966906455
2.193270652694673	1.8839358515868536	0.06597752820441383	0.7405732776499856	0.100906290612972	98.6110474719531	100.21812038511186	0.0025507290000376533	1.0000856966906455
2.193270652694673	1.8839358515868536	0.06597752820441383	0.7405732776499856	0.100906290612972	98.6110474719531	100.21812038511186	0.0025507290000376533	1.0000856966906455
2.193270652694673	1.8838186418090344	0.06597752820441383	0.7405732776499856	0.100906290612972	98.6110474719531	100.21812038511186	0.0025507290000376533	1.0000856966906455
2.193270652694673	1.8838186418090344	0.06597752820441383	0.7405732776499856	0.100906290612972	98.6110474719531	100.21812038511186	0.0025507290000376533	1.0000856966906455
2.193271858821096	1.8838186418090344	0.06597752820441383	0.7405732776499856	0.100906290612972	98.6110474719531	100.21812038511186	0.0025507290000376533	1.0000856966906455
2.193271858821096	1.8838186418090344	0.06597752820441383	0.7405732776499856	0.100906290612972	98.6110474719531	100.21812038511186	0.0025507290000376533	1.0000856966906455
2.193271858821096	1.8838186418090344	0.06597752820441383	0.7405732776499856	0.100906290612972	98.6110474719531	100.21812038511186	0.0025506813902342993	1.0000856966906455
2.193271858821096	1.8838186418090344	0.06597752820441383	0.7405732776499856	0.100906290612972	98.6110474719531	100.21812038511186	0.0025506813902342993	1.0000856966906455
2.193271858821096	1.8838186418090344	0.06597752820441383	0.7405732776499856	0.100906290612972	98.6110474719531	100.21812038511186	0.0025506813902342993	1.0000856966906455
2.193271858821096	1.8838186418090344	0.06597752820441383	0.7405732776499856	0.100906290612972	98.6110474719531	100.21812038511186	0.0025506813902342993	1.0000856966906455
2.193271858821096	1.8838186418090344	0.06597752820441383	0.7405732776499856	0.100906290612972	98.6110474719531	100.21812038511186	0.0025506813902342993	1.0000856966906455
2.193271858821096	1.8838186418090344	0.06597752820441383	0.7405732776499856	0.100906290612972	98.6110474719531	100.21812038511186	0.0025506813902342993	1.0000856966906455
2.193271858821096	1.8838186418090344	0.06597358342242075	0.7405732776499856	0.100906290612972	98.6110474719531	100.21812038511186	0.0025506813902342993	1.0000856966906455
2.194079254459078	1.8838186418090344	0.06597358342242075	0.7405732776499856	0.100906290612972	98.6110474719531	100.21812038511186	0.0025506813902342993	1.0000856966906455
2.194079254459078	1.8838186418090344	0.06597358342242075	0.7405732776499856	0.100906290612972	98.6110474719531	100.21812038511186	0.0025506813902342993	1.0000856966906455
2.194079254459078	1.8838186418090344	0.06597358342242075	0.7405732776499856	0.100906290612972	98.6110474719531	100.21812038511186	0.0025506813902342993	1.0000856966906455
2.194079254459078	1.8838186418090344	0.06597358342242075	0.7405732776499856	0.100906290612972	98.6110474719531	100.21812038511186	0.0025506813902342993	1.0000856966906455
2.194079254459078	1.8838186418090344	0.06597358342242075	0.7405732776499856	0.100906290612972	98.6110474719531	100.21812038511186	0.0025506813902342993	1.0000854565189645
2.194079254459078	1.8838186418090344	0.06597358342242075	0.7405732776499856	0.100906290612972	98.6110474719531	100.21812038511186	0.0025506813902342993	1.0000854565189645
2.194079254459078	1.8838186418090344	0.06597358342242075	0.7405732776499856	0.100906290612972	98.6110474719531	100.21812038511186	0.0025506813902342993	1.0000854565189645
2.194079254459078	1.8838188635670277	0.06597358342242075	0.7405732776499856	0.100906290612972	98.6110474719531	100.21812038511186	0.0025506813902342993	1.0000854565189645
2.194079254459078	1.8838188635670277	0.06597358342242075	0.7405732776499856	0.100906290612972	98.6110474719531	100.21812038511186	0.0025506813902342993	1.0000854565189645
2.194078244811183	1.8838188635670277	0.06597358342242075	0.7405732776499856	0.100906290612972	98.6110474719531	100.21812038511186	0.0025506813902342993	1.0000854565189645
2.194078244811183	1.8838188635670277	0.06597358342242075	0.7405732776499856	0.100906290612972	98.6110474719531	100.21812038511186	0.0025506813902342993	1.0000854565189645
2.194078244811183	1.8838188635670277	0.06597358342242075	0.7405732776499856	0.100906290612972	98.6110474719531	100.21812038511186	0.0024612417167039283	1.0000854565189645
2.194078244811183	1.8838188635670277	0.06597358342242075	0.7405732776499856	0.100906290612972	98.6110474719531	100.21812038511186	0.0024612417167039283	1.0000854565189645
2.194078244811183	1.8838188635670277	0.06597358342242075	0.7405732776499856	0.100906290612972	98.6110474719531	100.21812038511186	0.0024612417167039283	1.0000854565189645
2.194076206720355	1.8838188635670277	0.06597358342242075	0.7405732776499856	0.100906290612972	98.6110474719531	100.21812038511186	0.0024612417167039283	1.0000854565189645
2.194076206720355	1.8838188635670277	0.06597358342242075	0.7405732776499856	0.100906290612972	98.61363776668624	100.21812038511186	0.0024612417167039283	1.0000854565189645
2.194076206720355	1.8838188635670277	0.06597358342242075	0.7405732776499856	0.100906290612972	98.61363776668624	100.21812038511186	0.0024612417167039283	1.0000854565189645
2.194076206720355	1.8838188635670277	0.06597358342242075	0.7405732776499856	0.100906290612972	98.61363776668624	100.21812038511186	0.0024612417167039283	1.0000854565189645
2.194076206720355	1.8838188635670277	0.06597358342242075	0.7405732776499856	0.100906290612972	98.61363776668624	100.21812038511186	0.002410539171137694	1.0000854565189645
2.194076206720355	1.8838188635670277	0.06597358342242075	0.7405732776499856	0.100906290612972	98.61363776668624	100.21812038511186	0.002410539171137694	1.0000855894481913
2.194076206720355	1.8838188635670277	0.06597358342242075	0.7405732776499856	0.100906290612972	98.61363776668624	100.21812038511186	0.002410539171137694	1.0000855894481913
2.194076206720355	1.8838188635670277	0.06597358342242075	0.7405732776499856	0.100906290612972	98.61363776668624	100.21812038511186	0.002410539171137694	1.0000855894481913
2.194076206720355	1.8838188635670277	0.06597358342242075	0.7405732776499856	0.100906290612972	98.61363776668624	100.21812038511186	0.002410539171137694	1.0000855894481913
2.194076206720355	1.8838188635670277	0.06597358342242075	0.7405732776499856	0.100906290612972	98.61363776668624	100.21812038511186	0.002410539171137694	1.0000855894481913
2.194076206720355	1.8838188635670277	0.06597358342242075	0.7405732776499856	0.100906290612972	98.61363776668624	100.21812038511186	0.002410539171137694	1.0000855894481913
2.194076206720355	1.8838188635670277	0.06597358342242075	0.7405732776499856	0.10085338386739706	98.61363776668624	100.21812038511186	0.002410539171137694	1.0000855894481913
2.194076206720355	1.8838188635670277	0.06597358342242075	0.7405732776499856	0.10085338386739706	98.61363776668624	100.21812038511186	0.0024072220519915995	1.0000855894481913
2.194076206720355	1.8838188635670277	0.06597358342242075	0.7405732776499856	0.10085338386739706	98.61363776668624	100.21812038511186	0.0024072220519915995	1.0000855894481913
2.194076206720355	1.8838188635670277	0.06597358342242075	0.7405732776499856	0.10085338386739706	98.61363776668624	100.15713477946045	0.0024072220519915995	1.0000855894481913
2.194076206720355	1.8838188635670277	0.06597358342242075	0.7405732776499856	0.10085338386739706	98.61363776668624	100.15713477946045	0.0024072220519915995	1.0000855894481913
2.194076206720355	1.8838188635670277	0.06597358342242075	0.7405732776499856	0.10085338386739706	98.61363776668624	105.32611033444694	0.0024072220519915995	1.0000855894481913
2.194076206720355	1.8838188635670277	0.06597358342242075	0.7405732776499856	0.10085338386739706	98.61363776668624	105.32611033444694	0.0024072220519915995	1.0000855894481913
2.194076206720355	1.8838188635670277	0.06597358342242075	0.7405732776499856	0.10085338386739706	98.61363776668624	105.32611033444694	0.0024072220519915995	1.0000855894481913
2.194076206720355	1.8838188635670277	0.06597358342242075	0.7405732776499856	0.10085338386739706	98.61363776668624	105.32611033444694	0.0024072220519915995	1.000085591639543
2.194076206720355	1.8838188635670277	0.06578228669205519	0.7405732776499856	0.10085338386739706	98.61363776668624	105.32611033444694	0.0024072220519915995	1.000085591639543
2.194076206720355	1.8838188635670277	0.06578228669205519	0.7405732776499856	0.10085329580381955	98.61363776668624	105.32611033444694	0.0024072220519915995	1.000085591639543
2.194076206720355	1.8838188635670277	0.06578228669205519	0.7405732776499856	0.10085329580381955	98.61363776668624	105.32611033444694	0.0024072220519915995	1.000085591639543
2.194076206720355	1.883816875205661	0.06578228669205519	0.7405732776499856	0.10085329580381955	98.61363776668624	105.32611033444694	0.0024072220519915995	1.000085591639543
2.194076206720355	1.883816875205661	0.06578228669205519	0.7405732776499856	0.10085329580381955	98.61363776668624	105.32611033444694	0.0024072220519915995	1.000085591639543
2.194076206720355	1.883816875205661	0.06578228669205519	0.7405732776499856	0.10085329580381955	98.61363776668624	105.32611033444694	0.0024072220519915995	1.000085591639543
2.194076206720355	1.883816875205661	0.06578228669205519	0.7405732776499856	0.10085329580381955	98.61363776668624	105.32611033444694	0.0024072220519915995	1.0000993557827018
2.194076206720355	1.883816875205661	0.06578228669205519	0.7405732776499856	0.10085329580381955	98.613630375216	105.32611033444694	0.0024072220519915995	1.0000993557827018
2.194076206720355	1.883816875205661	0.06578228669205519	0.7405732776499856	0.10085329580381955	98.61363577828624	105.32611033444694	0.0024072220519915995	1.0000993557827018
2.194076206720355	1.883816875205661	0.06578228669205519	0.7405732776499856	0.10085329580381955	98.61363577828624	105.32611033444694	0.0024072220519915995	1.0000993557827018
2.194076206720355	1.883816875205661	0.06578228669205519	0.7405732776499856	0.10085329580381955	98.61363577828624	105.32611033444694	0.0024072220519915995	1.0000993557827018
2.194076206720355	1.883816875205661	0.06578228669205519	0.7405732776499856	0.10085329580381955	98.61363577828624	105.26810373683843	0.0024072220519915995	1.0000993557827018
2.194076206720355	1.883816875205661	0.06578228669205519	0.7405732776499856	0.10085329580381955	98.61363577828624	105.26810373683843	0.0024072220519915995	1.0000993557827018
2.194076206720355	1.883816875205661	0.06578228669205519	0.7405732776499856	0.10085329580381955	98.61363577828624	105.26810373683843	0.0024072220519915995	1.0000993557827018
2.194076206720355	1.883816875205661	0.06578228669205519	0.7405732776499856	0.10085329580381955	98.61363577828624	105.26810373683843	0.0024072220519915995	1.0000993557827018
2.194076206720355	1.883816875205661	0.06578228669205519	0.7405732776499856	0.10085329580381955	98.61363577828624	105.26810373683843	0.0024072220519915995	1.0000993557827018
2.194076206720355	1.883816875205661	0.06578228669205519	0.7405732776499856	0.10085329580381955	98.63601836674435	105.26810373683843	0.0024072220519915995	1.0000993557827018
2.194076206720355	1.883816875205661	0.06578228669205519	0.7405732776499856	0.10085329580381955	98.63601836674435	105.26810373683843	0.0024072220519915995	1.0000993557827018
2.194076206720355	1.883816875205661	0.06578228669205519	0.7405732776499856	0.10085329580381955	98.63601836674435	105.26810373683843	0.0024072220519915995	1.0000993557827018
2.194076206720355	1.883816875205661	0.06578228669205519	0.7405732776499856	0.10085329580381955	98.63601836674435	105.26810373683843	0.0024072220519915995	1.0000993557827018
2.194076206720355	1.883816875205661	0.06578228669205519	0.7405732776499856	0.10085333738038212	98.63601836674435	105.26810373683843	0.0024072220519915995	1.0000993557827018
2.1940730923706058	1.883816875205661	0.06578228669205519	0.7405732776499856	0.10085333738038212	98.63601836674435	105.26810373683843	0.0024072220519915995	1.0000993557827018
2.194091024028446	1.883816875205661	0.06578228669205519	0.7405732776499856	0.10085333738038212	98.63601836674435	105.26810373683843	0.0024072220519915995	1.0000993557827018
2.194091024028446	1.883816875205661	0.06578228669205519	0.7405732776499856	0.10085333738038212	98.63601836674435	105.26810373683843	0.0024072220519915995	1.0000993557827018
2.194091024028446	1.883816875205661	0.06578228669205519	0.7405732776499856	0.10085333738038212	98.64525078825956	105.26810373683843	0.0024072220519915995	1.0000993557827018
2.1940333294742915	1.883816875205661	0.06578228669205519	0.7405732776499856	0.10085333738038212	98.64525078825956	105.26810373683843	0.0024072220519915995	1.0000993557827018
2.1940333294742915	1.883816875205661	0.06578228669205519	0.7405732776499856	0.10085333738038212	98.64525078825956	105.26361665637788	0.0024072220519915995	1.0000993557827018
2.1940333294742915	1.883816875205661	0.06578228669205519	0.7405732776499856	0.10085333738038212	98.64525078825956	105.26361665637788	0.0024072220519915995	1.0000993557827018
2.1940333294742915	1.883816875205661	0.06575659875043088	0.7405732776499856	0.10085333738038212	98.64525078825956	105.26361665637788	0.0024072220519915995	1.0000993557827018
2.1940333294742915	1.883816875205661	0.06575659875043088	0.7405732776499856	0.10085333738038212	98.64525078825956	105.26361665637788	0.0024072220519915995	1.0000993557827018
2.1940333294742915	1.883816875205661	0.06575659875043088	0.7405732776499856	0.10085333738038212	98.64525078825956	105.26361665637788	0.0024072220519915995	1.0000993557827018
2.1940333294742915	1.883816875205661	0.06575659875043088	0.7405732776499856	0.10085333738038212	98.64525078825956	105.26361665637788	0.0024072220519915995	1.0000993557827018
2.1940333294742915	1.883816875205661	0.06575659875043088	0.7405732776499856	0.10085333738038212	98.64525078825956	105.26361665637788	0.0024072220519915995	1.0000993557827018
2.1940333294742915	1.883816875205661	0.06575659875043088	0.7405732776499856	0.10085333738038212	98.64525078825956	105.26361665637788	0.0024072220519915995	1.0000983420193577
2.1940333294742915	1.883816875205661	0.06575659875043088	0.7405732776499856	0.10085333738038212	98.64265503326435	105.26361665637788	0.0024072220519915995	1.0000983420193577
2.1940333294742915	1.883816875205661	0.06575659875043088	0.7405732776499856	0.10085333738038212	98.64265503326435	105.26361665637788	0.0024066067409748483	1.0000983420193577
2.1940333294742915	1.883816875205661	0.06575659875043088	0.7405732776499856	0.10085241892687422	98.64265503326435	105.26361665637788	0.0024066067409748483	1.0000983420193577
2.1939712169226735	1.883816875205661	0.06575659875043088	0.7405732776499856	0.10085241892687422	98.64265503326435	105.26361665637788	0.0024066067409748483	1.0000983420193577
2.1939712169226735	1.883816875205661	0.06575659875043088	0.7405732776499856	0.10085241892687422	98.64214358807715	105.26361665637788	0.0024066067409748483	1.0000983420193577
2.1939831406423207	1.883816875205661	0.06575659875043088	0.7405732776499856	0.10085241892687422	98.64214358807715	105.26361665637788	0.0024066067409748483	1.0000983420193577
2.1939831406423207	1.883816875205661	0.06575659875043088	0.7405732776499856	0.10088264274589077	98.64214358807715	105.26361665637788	0.0024066067409748483	1.0000983420193577
2.1939831406423207	1.883816875205661	0.06575136910885059	0.7405732776499856	0.10088264274589077	98.64214358807715	105.26361665637788	0.0024066067409748483	1.0000983420193577
2.1939820508343355	1.883816875205661	0.06575136910885059	0.7405732776499856	0.10088264274589077	98.64214358807715	105.26361665637788	0.0024066067409748483	1.0000983420193577
2.1939820508343355	1.883816875205661	0.06575136910885059	0.7405732776499856	0.10088264274589077	98.64214358807715	105.26361665637788	0.0024066067409748483	1.0000983420193577
2.1939820508343355	1.883816875205661	0.06575136910885059	0.7405732776499856	0.10088264274589077	98.64214358807715	105.26361665637788	0.0024066067409748483	1.0000983420193577
2.1939820508343355	1.883816875205661	0.06575136910885059	0.7405732776499856	0.10088264274589077	98.64214358807715	105.26361665637788	0.0024066067409748483	1.0000983420193577
2.1939820508343355	1.883816875205661	0.06575795693916672	0.7405732776499856	0.10088264274589077	98.64214358807715	105.26361665637788	0.0024066067409748483	1.0000983420193577
2.1939820508343355	1.883816875205661	0.06575795693916672	0.7405732776499856	0.10088264274589077	98.64107623790669	105.26361665637788	0.0024066067409748483	1.0000983420193577
2.1939820508343355	1.883816875205661	0.06575795693916672	0.7405732776499856	0.10088264274589077	98.64107623790669	105.26361665637788	0.0024066067409748483	1.0000983420193577
2.194132792149871	1.883816875205661	0.06575795693916672	0.7405732776499856	0.10088264274589077	98.64107623790669	105.26361665637788	0.0024066067409748483	1.0000983420193577
2.194132792149871	1.884919222008647	0.06575795693916672	0.7405732776499856	0.10088264274589077	98.64107623790669	105.26361665637788	0.0024066067409748483	1.0000983420193577
2.194132792149871	1.884919222008647	0.06575795693916672	0.7405732776499856	0.10088264274589077	98.64107623790669	105.26361665637788	0.0024066067409748483	1.0000983420193577
2.194132792149871	1.884919222008647	0.06575795693916672	0.7405732776499856	0.10088264274589077	98.64107623790669	105.26361665637788	0.0024066067409748483	1.0000983420193577
2.194132792149871	1.884919222008647	0.06575795693916672	0.7405732776499856	0.10088264274589077	98.64107623790669	105.26361665637788	0.0024066067409748483	1.0000983420193577
2.194132792149871	1.884919222008647	0.06575795693916672	0.7405732776499856	0.10088264274589077	98.64107623790669	105.26361665637788	0.0024066067409748483	1.0000983420193577
2.194132792149871	1.884919222008647	0.06575795693916672	0.7405732776499856	0.10088264274589077	98.64107623790669	105.26361665637788	0.0024066067409748483	1.0000983420193577
2.194129803159801	1.884919222008647	0.06575795693916672	0.7405732776499856	0.10088264274589077	98.64107623790669	105.26361665637788	0.0024066067409748483	1.0000983420193577
2.194129803159801	1.884919222008647	0.06575795693916672	0.7405732776499856	0.10088264274589077	98.64107623790669	105.26361665637788	0.0024066067409748483	1.0000983420193577
2.194129803159801	1.884919222008647	0.06575795693916672	0.7405732776499856	0.10088264274589077	98.64107623790669	105.26361665637788	0.0024066067409748483	1.0000983420193577
2.194129803159801	1.884919222008647	0.06575795693916672	0.7405732776499856	0.10088248256251554	98.64107623790669	105.26361665637788	0.0024066067409748483	1.0000983420193577
2.194129803159801	1.884919222008647	0.06575795693916672	0.7405732776499856	0.10088248256251554	98.64107623790669	105.26361665637788	0.0024066067409748483	1.0000983420193577
2.194129803159801	1.884919222008647	0.06577882536884885	0.7405732776499856	0.10088248256251554	98.64107623790669	105.26361665637788	0.0024066067409748483	1.0000983420193577
2.194129803159801	1.8848812740963399	0.06577882536884885	0.7405732776499856	0.10088248256251554	98.64107623790669	105.26361665637788	0.0024066067409748483	1.0000983420193577
2.194129803159801	1.8848812740963399	0.06577882536884885	0.7405732776499856	0.10088248256251554	98.64107623790669	105.26364643948887	0.0024066067409748483	1.0000983420193577
2.194129803159801	1.8848812740963399	0.06577882536884885	0.7405732776499856	0.10088248256251554	98.64107623790669	105.26364643948887	0.0024066067409748483	1.0000983420193577
2.194129803159801	1.8848812740963399	0.06577882536884885	0.7405732776499856	0.10088248256251554	98.64107623790669	105.26364643948887	0.0024066067409748483	1.0000983420193577
2.194129803159801	1.8848812740963399	0.06577882536884885	0.7405732776499856	0.10088248256251554	98.64107623790669	105.26364643948887	0.0024066067409748483	1.0000983420193577
2.194129803159801	1.8848812740963399	0.06577882536884885	0.7405732776499856	0.10088248256251554	98.64107623790669	105.2586747604772	0.0024066067409748483	1.0000983420193577
2.194129803159801	1.8848812740963399	0.06577882536884885	0.7405732776499856	0.10088248256251554	98.64107623790669	105.2586747604772	0.002406373084926266	1.0000983420193577
2.194129803159801	1.8848812740963399	0.06577882536884885	0.7405732776499856	0.10088248256251554	98.64107623790669	105.25840195919822	0.002406373084926266	1.0000983420193577
2.193425402013847	1.8848812740963399	0.06577882536884885	0.7405732776499856	0.10088248256251554	98.64107623790669	105.25840195919822	0.002406373084926266	1.0000983420193577
2.193425402013847	1.8848812740963399	0.06577882536884885	0.7405732776499856	0.10088248256251554	98.64107623790669	105.25840195919822	0.002406373084926266	1.0000983420193577
2.193425402013847	1.8848812740963399	0.06577882536884885	0.7405732776499856	0.10088248256251554	98.64107623790669	105.25840195919822	0.002406373084926266	1.0000983420193577
2.193425402013847	1.8848812740963399	0.06577882536884885	0.7405732776499856	0.10088248256251554	98.64107623790669	105.25840195919822	0.002406373084926266	1.0000983420193577
2.193425402013847	1.8848812740963399	0.06577882536884885	0.7405732776499856	0.10088248256251554	98.64107623790669	105.25840195919822	0.0023988539378381082	1.0000983420193577
2.193425402013847	1.8848812740963399	0.06577882536884885	0.7405732776499856	0.1008824731462192	98.64107623790669	105.25840195919822	0.0023988539378381082	1.0000983420193577
2.193425402013847	1.8848812740963399	0.06577882536884885	0.7405732776499856	0.1008824731462192	98.64107623790669	105.25840195919822	0.0023988539378381082	1.0000983420193577
2.186881281179692	1.8848812740963399	0.06577882536884885	0.7405732776499856	0.1008824731462192	98.64107623790669	105.25840195919822	0.0023988539378381082	1.0000983420193577
2.186881281179692	1.8848812740963399	0.06577882536884885	0.7405732776499856	0.1008824731462192	98.64107623790669	105.25840195919822	0.0023988539378381082	1.0000983420193577
2.186881281179692	1.8848812740963399	0.06577882536884885	0.7405732776499856	0.1008824731462192	98.64107623790669	105.25840195919822	0.002398512807895781	1.0000983420193577
2.186881281179692	1.8848812740963399	0.06577882536884885	0.7405732776499856	0.1008824731462192	98.64107623790669	105.25840195919822	0.002398512807895781	1.0000983384783269
2.186881281179692	1.8848812740963399	0.06577882536884885	0.7405732776499856	0.1008824731462192	98.64107623790669	105.25840195919822	0.002398512807895781	1.0000965557578723
2.186881281179692	1.8848812740963399	0.06577882536884885	0.7405732776499856	0.1008824731462192	98.64107623790669	105.25840195919822	0.002398512807895781	1.0000965557578723
2.186881281179692	1.8848812740963399	0.06577882536884885	0.7405732776499856	0.1008824731462192	98.64107623790669	105.25840195919822	0.002398512807895781	1.0000965557578723
2.186881281179692	1.8848812740963399	0.06577882536884885	0.7405732776499856	0.1008824731462192	98.64107623790669	105.25840195919822	0.002398512807895781	1.0000965557578723
2.186881281179692	1.8848812740963399	0.06577882536884885	0.7405732776499856	0.1008824731462192	98.64107623790669	105.25840195919822	0.002398512807895781	1.0000965557578723
2.186881281179692	1.8848812740963399	0.06577882536884885	0.7405732776499856	0.1008824731462192	98.64107623790669	105.25840195919822	0.00239916582165135	1.0000965557578723
2.186881281179692	1.8848812740963399	0.06577882536884885	0.7405732776499856	0.1008824731462192	98.64107623790669	105.25840195919822	0.00239916582165135	1.0000965557578723
2.186881281179692	1.8854269456739796	0.06577882536884885	0.7405732776499856	0.1008824731462192	98.64107623790669	105.25840195919822	0.00239916582165135	1.0000965557578723
2.186881281179692	1.8854269456739796	0.06577882536884885	0.7405732776499856	0.1008824731462192	98.64107623790669	105.25840195919822	0.00239916582165135	1.0000965557578723
2.186881281179692	1.8854269456739796	0.06577882536884885	0.7405732776499856	0.10102840256233026	98.64107623790669	105.25840195919822	0.00239916582165135	1.0000965557578723
2.186881281179692	1.8854269456739796	0.06577882536884885	0.7405732776499856	0.10102840256233026	98.64107623790669	105.25840195919822	0.00239916582165135	1.0000965557578723
2.186881281179692	1.8854269456739796	0.06577882536884885	0.7405732776499856	0.10102840256233026	98.64107623790669	105.25840195919822	0.00239916582165135	1.0000965557578723
2.186881281179692	1.8854269456739796	0.06577882536884885	0.7405732776499856	0.10102840256233026	98.64107623790669	105.25840195919822	0.00239916582165135	1.0000965557578723
2.186881281179692	1.8854269456739796	0.06577882536884885	0.7405732776499856	0.10102840256233026	98.64107623790669	105.29736351701341	0.00239916582165135	1.0000965557578723
2.186881281179692	1.8854269456739796	0.06577882536884885	0.7405732776499856	0.10102840256233026	98.64107623790669	105.29736351701341	0.00239916582165135	1.0000965557578723
2.186881281179692	1.8854269456739796	0.06577882536884885	0.7405732776499856	0.10102840256233026	98.63956846807703	105.29736351701341	0.00239916582165135	1.0000965557578723
2.186881281179692	1.8854269456739796	0.06577882536884885	0.7405732776499856	0.10102840256233026	98.63956846807703	105.29736351701341	0.00239916582165135	1.0000965557578723
2.1868787659952074	1.8854269456739796	0.06577882536884885	0.7405732776499856	0.10102840256233026	98.63956846807703	105.29736351701341	0.00239916582165135	1.0000965557578723
2.1868787659952074	1.8854269456739796	0.06577882536884885	0.7405732776499856	0.10102840256233026	98.63956846807703	105.3488954875877	0.00239916582165135	1.0000965557578723
2.1868787659952074	1.8854269456739796	0.06577882536884885	0.7405732776499856	0.10102840256233026	98.63956846807703	105.3488954875877	0.00239916582165135	1.0000965557578723
2.1868787659952074	1.8857278814188632	0.06577882536884885	0.7405732776499856	0.10102840256233026	98.63956846807703	105.3488954875877	0.00239916582165135	1.0000965557578723
2.1868787659952074	1.8857278814188632	0.06577882536884885	0.7405732776499856	0.10102840256233026	98.63956846807703	105.3488954875877	0.00239916582165135	1.0000965557578723
2.1868787659952074	1.8857278814188632	0.06577882536884885	0.7405732776499856	0.10102840256233026	98.63956846807703	105.34671816328793	0.00239916582165135	1.0000965557578723
2.1868787659952074	1.8857278814188632	0.0657755761144348	0.7405732776499856	0.10102840256233026	98.63956846807703	105.34671816328793	0.00239916582165135	1.0000965557578723
2.1868787659952074	1.8857278814188632	0.0657755761144348	0.7405732776499856	0.10102840256233026	98.63956846807703	105.34671816328793	0.00239916582165135	1.0000965557578723
2.1868787659952074	1.8857278814188632	0.0657755761144348	0.7405732776499856	0.10102840256233026	98.63956846807703	105.34671816328793	0.00239916582165135	1.0000965557578723
2.1868787659952074	1.8857278814188632	0.0657755761144348	0.7405732776499856	0.10102840256233026	98.63956846807703	105.34671816328793	0.00239916582165135	1.0000969449280979
2.1868787659952074	1.8857278814188632	0.0657755761144348	0.7405732776499856	0.10102840256233026	98.63956846807703	105.34671816328793	0.002380677001137756	1.0000969449280979
2.1868787659952074	1.8857278814188632	0.0657755761144348	0.7405732776499856	0.10102840256233026	98.63344045404088	105.34671816328793	0.002380677001137756	1.0000969449280979
2.1868787659952074	1.8857278814188632	0.0657755761144348	0.7405732776499856	0.10102840256233026	98.63344045404088	105.34671816328793	0.002380677001137756	1.0000969449280979
2.1868787659952074	1.8857278814188632	0.0657755761144348	0.7405732776499856	0.10102840256233026	98.57953427077356	105.34671816328793	0.002380677001137756	1.0000969449280979
