2.2762441261934487	1.881486191759376	0.06730757149744981	0.7350305004605976	0.10158913528165425	99.35371525162158	99.09806072872595	0.002186656597955097	1.0001079735560787
2.2762441261934487	1.881486191759376	0.06730757149744981	0.7350305004605976	0.10158913528165425	99.35371525162158	99.09806072872595	0.002186656597955097	1.0001079735560787
2.2762441261934487	1.881486191759376	0.06730757149744981	0.7350305004605976	0.10158913528165425	99.35371525162158	99.09806072872595	0.002186656597955097	1.0001079735560787
2.2762441261934487	1.881486191759376	0.06730757149744981	0.7350305004605976	0.10158913528165425	99.35371525162158	99.09806072872595	0.002186656597955097	1.0001079735560787
2.2762441261934487	1.881486191759376	0.06730757149744981	0.7350305004605976	0.10158913528165425	99.35371525162158	99.09806072872595	0.002186656597955097	1.0001079735560787
2.2762441261934487	1.881486191759376	0.06730757149744981	0.7350305004605976	0.10159728928951624	99.35371525162158	99.09806072872595	0.002186656597955097	1.0001079735560787
2.2762259789875436	1.881486191759376	0.06730757149744981	0.7350305004605976	0.10159728928951624	99.35371525162158	99.09806072872595	0.002186656597955097	1.0001079735560787
2.2762259789875436	1.8814858209450531	0.06730757149744981	0.7350305004605976	0.10159728928951624	99.35371525162158	99.09806072872595	0.002186656597955097	1.0001079735560787
2.2762259789875436	1.8814858209450531	0.06730757149744981	0.7350305004605976	0.10159728928951624	99.30028884836506	99.09806072872595	0.002186656597955097	1.0001079735560787
2.2762259789875436	1.8814858209450531	0.06730757149744981	0.7350305004605976	0.10159728928951624	99.30028884836506	99.09806072872595	0.002186656597955097	1.0001079735560787
2.275816774929733	1.8814858209450531	0.06730757149744981	0.7350305004605976	0.10159728928951624	99.30028884836506	99.09806072872595	0.002186656597955097	1.0001079735560787
2.275816774929733	1.8822003148392512	0.06730757149744981	0.7350305004605976	0.10159728928951624	99.30028884836506	99.09806072872595	0.002186656597955097	1.0001079735560787
2.275816774929733	1.8822003148392512	0.06730757149744981	0.7350305004605976	0.10161368842208718	99.30028884836506	99.09806072872595	0.002186656597955097	1.0001079735560787
2.275816774929733	1.8822003148392512	0.06730757149744981	0.7350305004605976	0.1015255823082103	99.30028884836506	99.09806072872595	0.002186656597955097	1.0001079735560787
2.275816774929733	1.8822003148392512	0.067275816394732	0.7350305004605976	0.1015255823082103	99.30028884836506	99.09806072872595	0.002186656597955097	1.0001079735560787
2.275816774929733	1.8822003148392512	0.067275816394732	0.7350305004605976	0.1015255823082103	99.30426640451707	99.09806072872595	0.002186656597955097	1.0001079735560787
2.275816774929733	1.8822003148392512	0.067275816394732	0.7350305004605976	0.1015255823082103	99.30426640451707	99.09806072872595	0.002186656597955097	1.0001079735560787
2.275816774929733	1.8822003148392512	0.06726749381401362	0.7350305004605976	0.1015255823082103	99.30426640451707	99.09806072872595	0.002186656597955097	1.0001079735560787
2.275816774929733	1.8822003148392512	0.0672310945061801	0.7350305004605976	0.1015255823082103	99.30426640451707	99.09806072872595	0.002186656597955097	1.0001079735560787
2.275816774929733	1.8822003148392512	0.0672310945061801	0.7350305004605976	0.1015255823082103	99.30426640451707	99.09806072872595	0.002186656597955097	1.0001079735560787
2.275816774929733	1.8822003148392512	0.0672310945061801	0.7350305004605976	0.1015255823082103	99.30426640451707	99.09806072872595	0.002186656597955097	1.0001079735560787
2.275816774929733	1.8817633911136749	0.0672310945061801	0.7350305004605976	0.1015255823082103	99.30426640451707	99.09806072872595	0.002186656597955097	1.0001079735560787
2.275816774929733	1.8817633911136749	0.0672310945061801	0.7350305004605976	0.1015255823082103	99.30426640451707	99.09806072872595	0.002186656597955097	1.0001079735560787
2.275816774929733	1.8817633911136749	0.0672310945061801	0.7350305004605976	0.1015255823082103	99.30426640451707	99.09806072872595	0.002186656597955097	1.0001079735560787
2.275816774929733	1.8817633911136749	0.0672310945061801	0.7350305004605976	0.1015255823082103	99.30426640451707	99.09806072872595	0.002186656597955097	1.0001079735560787
2.275816774929733	1.8817633911136749	0.06717723344361344	0.7350305004605976	0.1015255823082103	99.30426640451707	99.09806072872595	0.002186656597955097	1.0001079735560787
2.275816774929733	1.8817633911136749	0.06717723344361344	0.7350305004605976	0.1015255823082103	99.31123540651404	99.09806072872595	0.002186656597955097	1.0001079735560787
2.275816774929733	1.8817633911136749	0.06717723344361344	0.7350305004605976	0.1015255823082103	99.31123540651404	99.09806072872595	0.002186656597955097	1.0001079735560787
2.275816774929733	1.8817633911136749	0.06717723344361344	0.7350305004605976	0.1015255823082103	99.31123540651404	99.09806072872595	0.002186656597955097	1.0001079735560787
2.275816774929733	1.8817633911136749	0.06717723344361344	0.7350305004605976	0.1015255823082103	99.31123540651404	99.09806072872595	0.002186656597955097	1.0001079735560787
2.275816774929733	1.8817639515916595	0.06717723344361344	0.7350305004605976	0.1015255823082103	99.31123540651404	99.09806072872595	0.002186656597955097	1.0001079735560787
2.275816774929733	1.8817639515916595	0.06717723344361344	0.7350305004605976	0.1015255823082103	99.31123540651404	99.34846756994484	0.002186656597955097	1.0001079735560787
2.275816774929733	1.8817639515916595	0.06717723344361344	0.7350305004605976	0.1015255823082103	99.31123540651404	99.34846756994484	0.002186656597955097	1.0001079735560787
2.275816774929733	1.8817639515916595	0.06717723344361344	0.7350305004605976	0.1015255823082103	99.31123540651404	99.34846756994484	0.002186656597955097	1.0001079735560787
2.275816774929733	1.8817639515916595	0.06717723344361344	0.7350305004605976	0.1015255823082103	99.31123540651404	99.34846756994484	0.002186656597955097	1.0001079735560787
2.275816774929733	1.8817639515916595	0.06717723344361344	0.7350305004605976	0.1015255823082103	99.31123540651404	99.34846756994484	0.002186656597955097	1.0001079735560787
2.275816774929733	1.8817639515916595	0.06717723344361344	0.7350305004605976	0.1015255823082103	99.31123540651404	99.34846756994484	0.002186656597955097	1.0001123130346206
2.275816774929733	1.8817639515916595	0.06717723344361344	0.7350305004605976	0.1014046786172658	99.31123540651404	99.34846756994484	0.002186656597955097	1.0001123130346206
2.275816774929733	1.8817639515916595	0.06717723344361344	0.7350357477131308	0.1014046786172658	99.31123540651404	99.34846756994484	0.002186656597955097	1.0001123130346206
2.275816774929733	1.8817639515916595	0.06717723344361344	0.7350357477131308	0.1014046786172658	99.31123540651404	99.34846756994484	0.002186656597955097	1.0001123130346206
2.275816774929733	1.8817639515916595	0.06717723344361344	0.7350357477131308	0.1014046786172658	99.31123540651404	99.34846756994484	0.0021904269191434494	1.0001123130346206
2.275829840399093	1.8817639515916595	0.06717723344361344	0.7350357477131308	0.1014046786172658	99.31123540651404	99.34846756994484	0.0021904269191434494	1.0001123130346206
2.275829840399093	1.8817639515916595	0.06717723344361344	0.7350357477131308	0.1014046786172658	99.31123540651404	99.34846756994484	0.0021904269191434494	1.0001123130346206
2.275829840399093	1.8817639515916595	0.06717723344361344	0.7350357477131308	0.1014046786172658	99.31123540651404	99.34846756994484	0.0021904269191434494	1.0001123130346206
2.275829840399093	1.8817639515916595	0.06717723344361344	0.7350357477131308	0.1014046786172658	99.31123540651404	99.34846756994484	0.0021904269191434494	1.0000943297713503
2.275829840399093	1.8817639515916595	0.06717723344361344	0.7350357477131308	0.1014046786172658	99.31123540651404	99.34846756994484	0.0021904269191434494	1.0000943297713503
2.275829840399093	1.8817639515916595	0.06717723344361344	0.7350357477131308	0.1014046786172658	99.31123540651404	99.34543265746967	0.0021904269191434494	1.0000943297713503
2.275829840399093	1.8817639515916595	0.06717723344361344	0.7350357477131308	0.1014046786172658	99.31034445629037	99.34543265746967	0.0021904269191434494	1.0000943297713503
2.275829840399093	1.8817639515916595	0.0671686772058539	0.7350357477131308	0.1014046786172658	99.31034445629037	99.34543265746967	0.0021904269191434494	1.0000943297713503
2.275829840399093	1.8817639515916595	0.0671686772058539	0.7350357477131308	0.1014046786172658	99.31034445629037	99.34543265746967	0.0021904269191434494	1.0000943297713503
2.275829840399093	1.8817639515916595	0.0671686772058539	0.7350357477131308	0.1014046786172658	99.31034445629037	99.34543265746967	0.0021904269191434494	1.0000943297713503
2.275829840399093	1.8817639515916595	0.0671686772058539	0.7350357477131308	0.1014046786172658	99.31034445629037	99.34543265746967	0.0021904269191434494	1.0000943297713503
2.275829840399093	1.8817639515916595	0.0671686772058539	0.7350357477131308	0.1014046786172658	99.31034445629037	99.34543265746967	0.0021904269191434494	1.0000943297713503
2.275829840399093	1.8817639515916595	0.0671686772058539	0.7350357477131308	0.1014046786172658	99.31034445629037	99.34543265746967	0.0021904269191434494	1.0000943297713503
2.275829840399093	1.8817639515916595	0.0671686772058539	0.7350357477131308	0.1014046786172658	99.31017597462662	99.34543265746967	0.0021904269191434494	1.0000943297713503
2.275829840399093	1.8817639515916595	0.0671686772058539	0.7350357477131308	0.1014046786172658	99.31017597462662	99.34543265746967	0.00219029717965344	1.0000943297713503
2.275829840399093	1.8817639515916595	0.0671686772058539	0.7350357477131308	0.1014046786172658	99.31017597462662	99.34543265746967	0.0021902525466590762	1.0000943297713503
2.275829840399093	1.8817639515916595	0.0671686772058539	0.7350357477131308	0.1014046786172658	99.31017597462662	99.34543265746967	0.0021902525466590762	1.0000943297713503
2.275829840399093	1.8817639515916595	0.0671686772058539	0.7350357477131308	0.1014046786172658	99.31017597462662	99.3439535379798	0.0021902525466590762	1.0000943297713503
2.275829840399093	1.8817639515916595	0.0671686772058539	0.7350357477131308	0.1014046786172658	99.31017597462662	99.3439535379798	0.0021902525466590762	1.0000943297713503
2.275829840399093	1.8817639515916595	0.0671686772058539	0.7350357477131308	0.1014046786172658	99.31017597462662	99.3439535379798	0.0021902525466590762	1.0000943297713503
2.275829840399093	1.8816984043326261	0.0671686772058539	0.7350357477131308	0.1014046786172658	99.31017597462662	99.3439535379798	0.0021902525466590762	1.0000943297713503
2.275829840399093	1.8816984043326261	0.0671686772058539	0.7350357477131308	0.1014046786172658	99.31017597462662	99.3439535379798	0.002192945491014676	1.0000943297713503
2.275829840399093	1.881697765288597	0.0671686772058539	0.7350357477131308	0.1014046786172658	99.31017597462662	99.3439535379798	0.002192945491014676	1.0000943297713503
2.275829840399093	1.881697765288597	0.0671686772058539	0.7350357477131308	0.10140481392218556	99.31017597462662	99.3439535379798	0.002192945491014676	1.0000943297713503
2.275829840399093	1.881697765288597	0.0671686772058539	0.7350357477131308	0.10140481392218556	99.31017597462662	99.3439535379798	0.002192945491014676	1.0000943297713503
2.275829840399093	1.881697765288597	0.0671686772058539	0.7350357477131308	0.10140481392218556	99.31017597462662	99.3439535379798	0.002192945491014676	1.0000943297713503
2.275829840399093	1.881697765288597	0.0671686772058539	0.7350357477131308	0.10140481392218556	99.31017597462662	99.3439535379798	0.002192945491014676	1.0000943297713503
2.275829840399093	1.881697765288597	0.0671686772058539	0.7350357477131308	0.10140481392218556	99.31017597462662	99.3439535379798	0.002192945491014676	1.0000943297713503
2.275829840399093	1.881697765288597	0.0671686772058539	0.7350357477131308	0.10140481392218556	99.31017597462662	99.3439535379798	0.002192945491014676	1.0000943297713503
2.275829840399093	1.881697765288597	0.0671686772058539	0.7350357477131308	0.10140481392218556	99.31033732530148	99.3439535379798	0.002192945491014676	1.0000943297713503
2.275829840399093	1.881697765288597	0.06711358597802977	0.7350357477131308	0.10140481392218556	99.31033732530148	99.3439535379798	0.002192945491014676	1.0000943297713503
2.275829840399093	1.881697765288597	0.06711358597802977	0.7350357477131308	0.10140481392218556	99.31033732530148	99.3439535379798	0.002192945491014676	1.0000943297713503
2.275829840399093	1.881697765288597	0.06711358597802977	0.7350357477131308	0.10140481392218556	99.31033732530148	99.3439535379798	0.002192945491014676	1.0000943297713503
2.275829840399093	1.881697765288597	0.06711358597802977	0.7350357477131308	0.10140481392218556	99.31033732530148	99.3439535379798	0.002192945491014676	1.0000943297713503
2.275829840399093	1.881697765288597	0.06711358597802977	0.7350357477131308	0.10140472878655109	99.31033732530148	99.3439535379798	0.002192945491014676	1.0000943297713503
2.275829445182466	1.881697765288597	0.06711358597802977	0.7350357477131308	0.10140472878655109	99.31033732530148	99.3439535379798	0.002192945491014676	1.0000943297713503
2.275829445182466	1.881697765288597	0.06711358597802977	0.7350357477131308	0.10140472878655109	99.31033732530148	99.3439535379798	0.002192945491014676	1.0000943297713503
2.275829445182466	1.881697765288597	0.06711358597802977	0.7350357477131308	0.10140472878655109	99.31033732530148	99.3439535379798	0.002192945491014676	1.0000943297713503
2.275829445182466	1.881697765288597	0.06711358597802977	0.7350357477131308	0.10140405592218217	99.31033732530148	99.3439535379798	0.002192945491014676	1.0000943297713503
2.27589090748488	1.881697765288597	0.06711358597802977	0.7350357477131308	0.10140405592218217	99.31033732530148	99.3439535379798	0.002192945491014676	1.0000943297713503
2.27589090748488	1.881697765288597	0.06711358597802977	0.7350357477131308	0.10140405592218217	99.31033732530148	99.3439535379798	0.002192945491014676	1.0000938823195331
2.27589090748488	1.881697765288597	0.06711358597802977	0.7350357477131308	0.10140405592218217	99.31033732530148	99.3439535379798	0.002192945491014676	1.0000938823195331
2.27589090748488	1.881697765288597	0.06711000438809851	0.7350357477131308	0.10140405592218217	99.31033732530148	99.3439535379798	0.002192945491014676	1.0000938823195331
2.27589090748488	1.881697765288597	0.06711000438809851	0.7350357477131308	0.10140405592218217	99.31033732530148	99.3439535379798	0.002192945491014676	1.0000938823195331
2.27589090748488	1.8817865722158076	0.06711000438809851	0.7350357477131308	0.10140405592218217	99.31033732530148	99.3439535379798	0.002192945491014676	1.0000938823195331
2.27589090748488	1.8817865722158076	0.06711000438809851	0.7348828675834669	0.10140405592218217	99.31033732530148	99.3439535379798	0.002192945491014676	1.0000938823195331
2.27589090748488	1.8817865722158076	0.06711000438809851	0.7348828675834669	0.10140405592218217	99.31033732530148	99.3439535379798	0.002192945491014676	1.0000938823195331
2.27589090748488	1.8817865722158076	0.06711000438809851	0.7348828675834669	0.10140405592218217	99.31033732530148	99.3439535379798	0.002192945491014676	1.0000938823195331
2.27589090748488	1.8817865722158076	0.06711000438809851	0.7348828675834669	0.10140405592218217	99.31033732530148	99.3439535379798	0.002192945491014676	1.0000945964691998
2.27589090748488	1.8817865722158076	0.06711000438809851	0.7348828675834669	0.10140405592218217	99.3113445126126	99.3439535379798	0.002192945491014676	1.0000945964691998
2.27589090748488	1.8817865722158076	0.06711000438809851	0.7348828675834669	0.10140405592218217	99.3113445126126	99.3439535379798	0.002192945491014676	1.0000945964691998
2.27589090748488	1.8817865722158076	0.06711000438809851	0.7348828675834669	0.10140405592218217	99.29298336482802	99.3439535379798	0.002192945491014676	1.0000945964691998
2.27589090748488	1.8817865722158076	0.06711000438809851	0.7348828675834669	0.10140405592218217	99.29298336482802	99.26037619241696	0.002192945491014676	1.0000945964691998
2.27589090748488	1.8817865722158076	0.06711000438809851	0.7348828675834669	0.10140405592218217	99.29298336482802	99.26037619241696	0.0021980568812032053	1.0000945964691998
2.27589090748488	1.8817865722158076	0.06711000438809851	0.7348828675834669	0.10140405592218217	99.29298336482802	99.26037619241696	0.0021980568812032053	1.0000945964691998
2.27589090748488	1.8817865722158076	0.06711000438809851	0.7348828675834669	0.10140405592218217	99.29292506065529	99.26037619241696	0.0021980568812032053	1.0000945964691998
2.27589090748488	1.8817865722158076	0.06711000438809851	0.7348828675834669	0.10140405592218217	99.29292506065529	99.26037619241696	0.0021980568812032053	1.0000945964691998
2.276132141027211	1.8817865722158076	0.06711000438809851	0.7348828675834669	0.10140405592218217	99.29292506065529	99.26037619241696	0.0021980568812032053	1.0000945964691998
2.276132141027211	1.8817865722158076	0.06711000438809851	0.7348934186599858	0.10140405592218217	99.29292506065529	99.26037619241696	0.0021980568812032053	1.0000945964691998
2.276132141027211	1.8817865722158076	0.06711000438809851	0.7348934186599858	0.10140405592218217	99.29292506065529	99.26037619241696	0.0021980568812032053	1.0000945964691998
2.276132141027211	1.8817865722158076	0.06711000438809851	0.7348934186599858	0.10140405592218217	99.29292506065529	99.26037619241696	0.0021980568812032053	1.0000945964691998
2.276132141027211	1.8817878184859893	0.06711000438809851	0.7348934186599858	0.10140405592218217	99.29292506065529	99.26037619241696	0.0021980568812032053	1.0000945964691998
2.2761266878136923	1.8817878184859893	0.06711000438809851	0.7348934186599858	0.10140405592218217	99.29292506065529	99.26037619241696	0.0021980568812032053	1.0000945964691998
2.2761266878136923	1.8817878184859893	0.06711000438809851	0.7348934186599858	0.10140405592218217	99.29292506065529	99.26037619241696	0.0021980568812032053	1.0000945964691998
2.2761266878136923	1.8817878184859893	0.06711000438809851	0.7348934186599858	0.10140405592218217	99.29292506065529	99.26037619241696	0.0021980568812032053	1.0000945964691998
2.2761266878136923	1.8817878184859893	0.06711000438809851	0.7348934186599858	0.10140405592218217	99.29292506065529	99.26037619241696	0.0021980568812032053	1.0000945964691998
2.2761266878136923	1.8817878184859893	0.06711000438809851	0.7348934186599858	0.10140405592218217	99.29292506065529	99.26037619241696	0.0021980568812032053	1.0000945964691998
2.2761266878136923	1.8817878184859893	0.06711000438809851	0.7348934186599858	0.10140405592218217	99.29216007124607	99.26037619241696	0.0021980568812032053	1.0000945964691998
2.2761266878136923	1.8817878184859893	0.06711000438809851	0.7348934186599858	0.10140405592218217	99.29216007124607	99.26037619241696	0.0021980568812032053	1.0000921756324832
2.2761266878136923	1.8817878184859893	0.06711000438809851	0.7348934186599858	0.10140442631793291	99.29216007124607	99.26037619241696	0.0021980568812032053	1.0000921756324832
2.2761266878136923	1.881789169872865	0.06711000438809851	0.7348934186599858	0.10140442631793291	99.29216007124607	99.26037619241696	0.0021980568812032053	1.0000921756324832
2.2761266878136923	1.881789169872865	0.06711000438809851	0.7348934186599858	0.10140442631793291	99.29216007124607	99.26037619241696	0.0021980568812032053	1.0000921756324832
2.2761266878136923	1.881789169872865	0.06711000438809851	0.7348934186599858	0.10140442631793291	99.29216007124607	99.26037619241696	0.0021980568812032053	1.0000921756324832
2.2761266878136923	1.881789169872865	0.06711000438809851	0.7348934186599858	0.10140442631793291	99.29216007124607	99.26037619241696	0.002197364788950305	1.0000921756324832
2.2761266878136923	1.881789169872865	0.06711000438809851	0.7348934186599858	0.10140442631793291	99.29216007124607	99.26546550810761	0.002197364788950305	1.0000921756324832
2.2761266878136923	1.881789169872865	0.06711000438809851	0.7348934186599858	0.10140442631793291	99.29216007124607	99.26546550810761	0.002197364788950305	1.0000921756324832
2.2761266878136923	1.881789169872865	0.06711000438809851	0.7348934186599858	0.10140442631793291	99.29216007124607	99.26546550810761	0.002197364788950305	1.0000921756324832
2.2761266878136923	1.881789169872865	0.06711000438809851	0.7348934186599858	0.10140442631793291	99.29219474754494	99.26546550810761	0.002197364788950305	1.0000921756324832
2.2761266878136923	1.881789169872865	0.06711000438809851	0.7348934186599858	0.10140442631793291	99.29219474754494	99.26546550810761	0.002197364788950305	1.0000921756324832
2.2761266878136923	1.881789169872865	0.06711000438809851	0.7348934186599858	0.10140442631793291	99.29219474754494	99.26546550810761	0.002204246550862803	1.0000921756324832
2.2761266878136923	1.881789169872865	0.06711000438809851	0.7348934186599858	0.10140442631793291	99.29219474754494	99.26546550810761	0.002204246550862803	1.0000921756324832
2.2761266878136923	1.881789169872865	0.06711000438809851	0.7348934186599858	0.1014044386957071	99.29219474754494	99.26546550810761	0.002204246550862803	1.0000921756324832
2.2759303715333288	1.881789169872865	0.06711000438809851	0.7348934186599858	0.1014044386957071	99.29219474754494	99.26546550810761	0.002204246550862803	1.0000921756324832
2.2759303715333288	1.881789169872865	0.06711000438809851	0.7348934186599858	0.1014044386957071	99.29219474754494	99.26546550810761	0.002204246550862803	1.0000921756324832
2.2759303715333288	1.881789169872865	0.06711000438809851	0.7348934186599858	0.1014044386957071	99.29219474754494	99.26546550810761	0.002204246550862803	1.0000921756324832
2.2759303715333288	1.881789169872865	0.06711000438809851	0.7348934186599858	0.1014044386957071	99.29219474754494	99.26546550810761	0.002204246550862803	1.0000921824004425
2.2759303715333288	1.881789169872865	0.06711000438809851	0.7348934186599858	0.1014044386957071	99.29219474754494	99.26546550810761	0.002204246550862803	1.0000921824004425
2.2759303715333288	1.881789169872865	0.06710081011419836	0.7348934186599858	0.1014044386957071	99.29219474754494	99.26546550810761	0.002204246550862803	1.0000921824004425
2.2759303715333288	1.8850189061928515	0.06710081011419836	0.7348934186599858	0.1014044386957071	99.29219474754494	99.26546550810761	0.002204246550862803	1.0000921824004425
2.2759303715333288	1.8850189061928515	0.06710081011419836	0.7348934186599858	0.1014044386957071	99.29219474754494	99.26546550810761	0.002204246550862803	1.0000921824004425
2.2759303715333288	1.8850189061928515	0.06710081011419836	0.7348934186599858	0.1014044386957071	99.29219474754494	99.26546550810761	0.002204246550862803	1.0000921824004425
2.2759303715333288	1.8850189061928515	0.06710081011419836	0.7348934186599858	0.1013960762921443	99.29219474754494	99.26546550810761	0.002204246550862803	1.0000921824004425
2.2759303715333288	1.8850189061928515	0.06710081011419836	0.7348934186599858	0.1013960762921443	99.29219474754494	99.26546550810761	0.002204246550862803	1.000094460922607
2.275656266757503	1.8850189061928515	0.06710081011419836	0.7348934186599858	0.1013960762921443	99.29219474754494	99.26546550810761	0.002204246550862803	1.000094460922607
2.275656266757503	1.8850189061928515	0.06710081011419836	0.7348934186599858	0.1013960762921443	99.29222321554646	99.26546550810761	0.002204246550862803	1.000094460922607
2.275656266757503	1.8850189061928515	0.06710081011419836	0.7348934186599858	0.1013960762921443	99.29222321554646	99.26546550810761	0.002204246550862803	1.000094460922607
2.275656266757503	1.8850189061928515	0.06710081011419836	0.7348934186599858	0.1013960762921443	99.29242872884349	99.26546550810761	0.002204246550862803	1.000094460922607
2.275656266757503	1.8832958325181508	0.06710081011419836	0.7348934186599858	0.1013960762921443	99.29242872884349	99.26546550810761	0.002204246550862803	1.000094460922607
2.275656266757503	1.8832958325181508	0.06710081011419836	0.7348951671188001	0.1013960762921443	99.29242872884349	99.26546550810761	0.002204246550862803	1.000094460922607
2.275656266757503	1.8832958325181508	0.06710081011419836	0.7348796351908292	0.1013960762921443	99.29242872884349	99.26546550810761	0.002204246550862803	1.000094460922607
2.275656266757503	1.8832958325181508	0.06710081011419836	0.7348796351908292	0.1013960762921443	99.29242872884349	99.26546550810761	0.002204246550862803	1.000094460922607
2.2757755257180965	1.8832958325181508	0.06710081011419836	0.7348796351908292	0.1013960762921443	99.29242872884349	99.26546550810761	0.002204246550862803	1.000094460922607
2.2757755257180965	1.8832958325181508	0.06710081011419836	0.7348796351908292	0.1013960762921443	99.29242872884349	99.26546550810761	0.002204246550862803	1.000094460922607
2.2757755257180965	1.8832958325181508	0.06710081011419836	0.7348796351908292	0.10139596754130155	99.29242872884349	99.26546550810761	0.002204246550862803	1.000094460922607
2.2757755257180965	1.8832958325181508	0.06710180447167015	0.7348796351908292	0.10139596754130155	99.29242872884349	99.26546550810761	0.002204246550862803	1.000094460922607
2.2757755257180965	1.8832958325181508	0.06710180447167015	0.7348796351908292	0.10139596754130155	99.29242872884349	99.26546550810761	0.002204246550862803	1.000094460922607
2.2757755257180965	1.8832958325181508	0.06710180447167015	0.7348796351908292	0.10139596754130155	99.29242872884349	99.26546550810761	0.002204246550862803	1.000094460922607
2.2757755257180965	1.8832958325181508	0.06710180447167015	0.7348796351908292	0.10139596754130155	99.29242872884349	99.26546550810761	0.002204246550862803	1.000094460922607
2.2757755257180965	1.8832958325181508	0.06710180447167015	0.7348796351908292	0.10139596754130155	99.29242872884349	99.26546550810761	0.002204246550862803	1.000094460922607
2.2757755257180965	1.8832958325181508	0.06710180447167015	0.7348796351908292	0.10139596754130155	99.29242872884349	99.26546550810761	0.002204246550862803	1.000094460922607
2.2757752141246845	1.8832958325181508	0.06710180447167015	0.7348796351908292	0.10139596754130155	99.29242872884349	99.26546550810761	0.002204246550862803	1.000094460922607
2.272598310353237	1.8832958325181508	0.06710180447167015	0.7348796351908292	0.10139596754130155	99.29242872884349	99.26546550810761	0.002204246550862803	1.000094460922607
2.272598310353237	1.8832958325181508	0.06710180447167015	0.7348796351908292	0.10139596754130155	99.28853991926319	99.26546550810761	0.002204246550862803	1.000094460922607
2.272598310353237	1.8832958325181508	0.06710180447167015	0.7348796351908292	0.10139596754130155	99.28853991926319	99.26546550810761	0.002204246550862803	1.000094460922607
2.272598310353237	1.8832958325181508	0.06710180447167015	0.7348796351908292	0.10139596754130155	99.28890833174162	99.26546550810761	0.002204246550862803	1.000094460922607
2.272598310353237	1.8832642273501008	0.06710180447167015	0.7348796351908292	0.10139596754130155	99.28890833174162	99.26546550810761	0.002204246550862803	1.000094460922607
2.272598310353237	1.8832642273501008	0.06710180447167015	0.7348796351908292	0.10139596754130155	99.28890833174162	99.26546550810761	0.002204246550862803	1.000094460922607
2.272598310353237	1.8832642273501008	0.06710180447167015	0.7348796351908292	0.101279771720755	99.28890833174162	99.26546550810761	0.002204246550862803	1.000094460922607
2.272598310353237	1.8832642273501008	0.06710180447167015	0.7348796351908292	0.101279771720755	99.28890833174162	99.26546550810761	0.002204246550862803	1.000094460922607
2.272598310353237	1.8832642273501008	0.06710180447167015	0.7348796351908292	0.101279771720755	99.28890833174162	99.26546550810761	0.002204246550862803	1.000094460922607
2.272598310353237	1.8832642273501008	0.06710180447167015	0.7348796351908292	0.101279771720755	99.28890833174162	99.26546550810761	0.002204246550862803	1.000094460922607
2.272598310353237	1.883118784415504	0.06710180447167015	0.7348796351908292	0.101279771720755	99.28890833174162	99.26546550810761	0.002204246550862803	1.000094460922607
2.272598310353237	1.883118784415504	0.06710180447167015	0.7348796351908292	0.101279771720755	99.28890833174162	99.26546550810761	0.002204246550862803	1.000094460922607
2.272598310353237	1.883118784415504	0.06710180447167015	0.7348796351908292	0.101279771720755	99.28890833174162	99.26546550810761	0.002204246550862803	1.000094460922607
2.272598310353237	1.883118784415504	0.06710180447167015	0.7348796351908292	0.101279771720755	99.28890833174162	99.26546550810761	0.002204246550862803	1.000094460922607
2.272598310353237	1.883118784415504	0.06710180447167015	0.7348796351908292	0.101279771720755	99.28890833174162	99.26546550810761	0.002215793561939516	1.000094460922607
2.272598310353237	1.883118784415504	0.06710180447167015	0.7348796351908292	0.101279771720755	99.28890833174162	99.26153211218053	0.002215793561939516	1.000094460922607
2.272598310353237	1.883118784415504	0.06710180447167015	0.7348796351908292	0.101279771720755	99.28890833174162	99.26153211218053	0.002215793561939516	1.000094460922607
2.272598310353237	1.883118784415504	0.06710180447167015	0.7348796351908292	0.10127970140022463	99.28890833174162	99.26153211218053	0.002215793561939516	1.000094460922607
2.272598310353237	1.883118784415504	0.06710180447167015	0.7348796351908292	0.10127970140022463	99.28283535240811	99.26153211218053	0.002215793561939516	1.000094460922607
2.272598310353237	1.883118784415504	0.06710180447167015	0.7348796351908292	0.10127970140022463	99.28283535240811	99.26153211218053	0.002215793561939516	1.000092405611386
2.272598310353237	1.883118784415504	0.06710180447167015	0.7348796351908292	0.10127970140022463	99.28283535240811	99.26153211218053	0.002215793561939516	1.0000945475896832
2.2725899563915206	1.883118784415504	0.06710180447167015	0.7348796351908292	0.10127970140022463	99.28283535240811	99.26153211218053	0.002215793561939516	1.0000945475896832
2.2725899563915206	1.883118784415504	0.06712007163579069	0.7348796351908292	0.10127970140022463	99.28283535240811	99.26153211218053	0.002215793561939516	1.0000945475896832
2.2725899563915206	1.883118784415504	0.06712007163579069	0.7348796351908292	0.10127970140022463	99.2810377506093	99.26153211218053	0.002215793561939516	1.0000945475896832
2.2725899563915206	1.883118784415504	0.06712007163579069	0.7348796351908292	0.10127970140022463	99.2810377506093	99.26153211218053	0.002215793561939516	1.0000945475896832
2.2725899563915206	1.883118784415504	0.06712007163579069	0.7348796351908292	0.10087053928349411	99.2810377506093	99.26153211218053	0.002215793561939516	1.0000945475896832
2.2725899563915206	1.883118784415504	0.06712007163579069	0.7348796351908292	0.10087053928349411	99.2810377506093	103.11146619979046	0.002215793561939516	1.0000945475896832
2.2725899563915206	1.883118784415504	0.06712007163579069	0.7348796351908292	0.10087053928349411	99.27376464840859	103.11146619979046	0.002215793561939516	1.0000945475896832
2.2725899563915206	1.883118784415504	0.06712007163579069	0.7348796351908292	0.10087053928349411	99.27376464840859	103.11146619979046	0.002215793561939516	1.0000945475896832
2.2726212288178815	1.883118784415504	0.06712007163579069	0.7348796351908292	0.10087053928349411	99.27376464840859	103.11146619979046	0.002215793561939516	1.0000945475896832
2.2726212288178815	1.883118784415504	0.06712007163579069	0.7348796351908292	0.10087053928349411	99.27571186140128	103.11146619979046	0.002215793561939516	1.0000945475896832
2.2726212288178815	1.883118784415504	0.06712007163579069	0.7348796351908292	0.10087053928349411	99.27571186140128	103.11146619979046	0.0021860076588310256	1.0000945475896832
2.2726212288178815	1.883118784415504	0.06712007163579069	0.7348796351908292	0.10087053928349411	99.27571186140128	103.11331026066826	0.0021860076588310256	1.0000945475896832
2.2726212288178815	1.883118784415504	0.06712007163579069	0.7348796351908292	0.10087053928349411	99.27571186140128	103.11331026066826	0.0021860076588310256	1.0000945475896832
2.2726212288178815	1.883118784415504	0.06712007163579069	0.7348796351908292	0.10087053928349411	99.27571186140128	103.11331026066826	0.0021860076588310256	1.0000945475896832
2.2726212288178815	1.883118784415504	0.06712007163579069	0.7348796351908292	0.10087053928349411	99.27571186140128	103.11331026066826	0.0021860076588310256	1.0000945475896832
2.2726212288178815	1.883118784415504	0.06711477054431972	0.7348796351908292	0.10087053928349411	99.27571186140128	103.11331026066826	0.0021860076588310256	1.0000945475896832
2.2726212288178815	1.883118784415504	0.06711477054431972	0.7348796351908292	0.10087053928349411	99.27571186140128	103.11331026066826	0.0021860076588310256	1.0000945475896832
2.2726212288178815	1.883118784415504	0.06711477054431972	0.7348796351908292	0.10089197375377985	99.27571186140128	103.11331026066826	0.0021860076588310256	1.0000945475896832
2.2726212288178815	1.883118784415504	0.06711477054431972	0.7348796351908292	0.10089197375377985	99.24812792345975	103.11331026066826	0.0021860076588310256	1.0000945475896832
2.2726212288178815	1.883118784415504	0.06711477054431972	0.7348796351908292	0.10089197375377985	99.24812792345975	103.11331026066826	0.0021860076588310256	1.0000945475896832
2.2726212288178815	1.883118784415504	0.06711477054431972	0.7348796351908292	0.10089197375377985	99.24812792345975	103.11331026066826	0.0021860076588310256	1.0000945475896832
2.2726212288178815	1.883118781839811	0.06711477054431972	0.7348796351908292	0.10089197375377985	99.24812792345975	103.11331026066826	0.0021860076588310256	1.0000945475896832
2.2726212288178815	1.8831189958870795	0.06711477054431972	0.7348796351908292	0.10089197375377985	99.24812792345975	103.11331026066826	0.0021860076588310256	1.0000945475896832
2.2726212288178815	1.8831189958870795	0.06711477054431972	0.7348796351908292	0.10089197375377985	99.24812792345975	103.57534598317072	0.0021860076588310256	1.0000945475896832
2.2726212288178815	1.8831189958870795	0.06711477054431972	0.7348796351908292	0.10103798235280148	99.24812792345975	103.57534598317072	0.0021860076588310256	1.0000945475896832
2.272688458638152	1.8831189958870795	0.06711477054431972	0.7348796351908292	0.10103798235280148	99.24812792345975	103.57534598317072	0.0021860076588310256	1.0000945475896832
2.272688458638152	1.8831189958870795	0.06711477054431972	0.7348796351908292	0.10103798235280148	99.24812792345975	103.57534598317072	0.0021860076588310256	1.0000945475896832
2.272688458638152	1.8831189958870795	0.06711477054431972	0.7348796351908292	0.10103798235280148	99.24812792345975	103.57534598317072	0.0021860076588310256	1.0000945475896832
2.272688458638152	1.8831189958870795	0.06711477054431972	0.7348796351908292	0.10103798235280148	99.24812792345975	103.57534598317072	0.002185894363683799	1.0000945475896832
2.272688458638152	1.8831189958870795	0.06711477054431972	0.7348796351908292	0.10103798235280148	99.24812792345975	103.57534598317072	0.002185938577826254	1.0000945475896832
2.272688458638152	1.8831189958870795	0.06711477054431972	0.7348796351908292	0.10103783407699937	99.24812792345975	103.57534598317072	0.002185938577826254	1.0000945475896832
2.272688458638152	1.8831189958870795	0.06711477054431972	0.7348796351908292	0.10103783407699937	99.24815181873768	103.57534598317072	0.002185938577826254	1.0000945475896832
2.272688458638152	1.8831189958870795	0.06711477054431972	0.7348796351908292	0.10103783407699937	99.24815181873768	103.57534598317072	0.002185938577826254	1.0000945475896832
2.272688458638152	1.8831189958870795	0.06711477054431972	0.7348796351908292	0.10103783407699937	99.24815181873768	103.57534598317072	0.002185938577826254	1.0000945475896832
2.272688458638152	1.8831189958870795	0.06711477054431972	0.7348796351908292	0.10103783407699937	99.24811286833555	103.57534598317072	0.002185938577826254	1.0000945475896832
2.272688458638152	1.8831189958870795	0.06711477054431972	0.7348796351908292	0.10103783407699937	99.24811286833555	103.57534598317072	0.002185938577826254	1.0000945475896832
2.272688458638152	1.8831189958870795	0.06711477054431972	0.7348796351908292	0.10103783407699937	99.24811286833555	104.63404069880946	0.002185938577826254	1.0000945475896832
2.272688458638152	1.8831189958870795	0.06711477054431972	0.7348796351908292	0.10103842327159292	99.24811286833555	104.63404069880946	0.002185938577826254	1.0000945475896832
2.272688458638152	1.8831189958870795	0.06711477054431972	0.7348796351908292	0.10103842327159292	99.24811286833555	101.57927993808474	0.002185938577826254	1.0000945475896832
2.272688458638152	1.8831189958870795	0.06711477054431972	0.7348796351908292	0.10103842327159292	99.24811286833555	101.57927993808474	0.0021837111780380787	1.0000945475896832
2.272688458638152	1.8831223230054581	0.06711477054431972	0.7348796351908292	0.10103842327159292	99.24811286833555	101.57927993808474	0.0021837111780380787	1.0000945475896832
2.272688458638152	1.8831223230054581	0.06711477054431972	0.7348796351908292	0.10103842327159292	99.24751148652916	101.57927993808474	0.0021837111780380787	1.0000945475896832
2.272688458638152	1.8831223230054581	0.06711477054431972	0.7348796351908292	0.10103842327159292	99.24751148652916	101.57927993808474	0.0021837111780380787	1.0000945475896832
2.272688458638152	1.8835581543147648	0.06711477054431972	0.7348796351908292	0.10103842327159292	99.24751148652916	101.57927993808474	0.0021837111780380787	1.0000945475896832
2.272688458638152	1.8835581543147648	0.06711477054431972	0.7348796351908292	0.10103842327159292	99.24751148652916	101.57927993808474	0.0021836441217836	1.0000945475896832
2.272688458638152	1.8835581543147648	0.06711477054431972	0.7348796351908292	0.10103842327159292	99.24751148652916	101.57927993808474	0.0021474888586958643	1.0000945475896832
2.272688458638152	1.8835581543147648	0.06711477054431972	0.7348796351908292	0.10103842327159292	99.24751148652916	101.57927993808474	0.0021474888586958643	1.0000945475896832
2.272688458638152	1.8835581543147648	0.06711477054431972	0.7348796351908292	0.10103842327159292	99.24751148652916	101.57927993808474	0.0021474888586958643	1.0000945475896832
2.272688458638152	1.8835581543147648	0.06711477054431972	0.7348796351908292	0.10103842327159292	99.24751148652916	101.57927993808474	0.0021474888586958643	1.0000945475896832
2.272688458638152	1.8835581543147648	0.06711477054431972	0.7348796351908292	0.10103842327159292	99.24751148652916	101.57927993808474	0.0021474888586958643	1.0000945475896832
2.272688458638152	1.8835581543147648	0.06711477054431972	0.7348796351908292	0.10103842327159292	99.24751148652916	101.57268565347881	0.0021474888586958643	1.0000945475896832
2.273771971585272	1.8835581543147648	0.06711477054431972	0.7348796351908292	0.10103842327159292	99.24751148652916	101.57268565347881	0.0021474888586958643	1.0000945475896832
2.273771971585272	1.8835581543147648	0.06711477054431972	0.7348796351908292	0.10103842327159292	99.24751148652916	101.57268565347881	0.0021474888586958643	1.0000945475896832
2.273771971585272	1.8835581543147648	0.06711477054431972	0.7348796351908292	0.10103842327159292	99.24751148652916	101.57268565347881	0.0021474888586958643	1.0000944800776346
2.2737710873977557	1.8835581543147648	0.06711477054431972	0.7348796351908292	0.10103842327159292	99.24751148652916	101.57268565347881	0.0021474888586958643	1.0000944800776346
2.2737710873977557	1.8835581543147648	0.06711477054431972	0.7348796351908292	0.10103842327159292	99.24747985451768	101.57268565347881	0.0021474888586958643	1.0000944800776346
2.2737710873977557	1.8835581543147648	0.06711477054431972	0.7348796351908292	0.10103842327159292	99.24747985451768	101.57268565347881	0.0021474888586958643	1.0000944800776346
2.2737710873977557	1.8835581543147648	0.06711477054431972	0.7348796351908292	0.10103842327159292	99.24747985451768	101.57459178675347	0.0021474888586958643	1.0000944800776346
2.2737710873977557	1.8835581543147648	0.06711477054431972	0.7348796351908292	0.10103842327159292	99.24747985451768	101.57524373561581	0.0021474888586958643	1.0000944800776346
2.2737710873977557	1.8835581543147648	0.06711477054431972	0.7348796351908292	0.10103842327159292	99.24747985451768	101.57524373561581	0.0021474888586958643	1.0000944800776346
2.2737710873977557	1.8835581543147648	0.06711477054431972	0.7348796351908292	0.10103842327159292	99.24747985451768	101.57524373561581	0.0021474888586958643	1.0000944800776346
2.2737710873977557	1.8835581543147648	0.06711477054431972	0.7348796351908292	0.10113211497843196	99.24747985451768	101.57524373561581	0.0021474888586958643	1.0000944800776346
2.2737710873977557	1.8835581543147648	0.06711477054431972	0.7348796351908292	0.10113208224295324	99.24747985451768	101.57524373561581	0.0021474888586958643	1.0000944800776346
2.2737710873977557	1.8835581543147648	0.06711477054431972	0.7348796351908292	0.10113208224295324	99.24747985451768	101.57524373561581	0.0021474888586958643	1.0000944800776346
2.2737710873977557	1.8835581543147648	0.06711477054431972	0.7348796351908292	0.10113208224295324	99.24747985451768	101.57524373561581	0.0021474888586958643	1.0000944800776346
2.2737710873977557	1.8832645372592256	0.06711477054431972	0.7348796351908292	0.10113208224295324	99.24747985451768	101.57524373561581	0.0021474888586958643	1.0000944800776346
2.2737700565001697	1.8832645372592256	0.06711477054431972	0.7348796351908292	0.10113208224295324	99.24747985451768	101.57524373561581	0.0021474888586958643	1.0000944800776346
2.2737700565001697	1.8832645372592256	0.06711477054431972	0.7348796351908292	0.10113208224295324	99.24747985451768	101.57524373561581	0.0021474888586958643	1.0000944800776346
2.2737700565001697	1.8832645372592256	0.06711477054431972	0.7348796351908292	0.10113208224295324	99.24747985451768	101.57524373561581	0.0021474888586958643	1.0000944800776346
2.2737700565001697	1.8832645372592256	0.06711477054431972	0.7348796351908292	0.10113207340844668	99.24747985451768	101.57524373561581	0.0021474888586958643	1.0000944800776346
2.2737700565001697	1.8832645372592256	0.06711477054431972	0.7348796351908292	0.10113207340844668	99.24747985451768	101.57524373561581	0.0021474888586958643	1.0000944800776346
2.2737700565001697	1.8832645372592256	0.06711477054431972	0.7348796351908292	0.10113207340844668	99.24747985451768	101.60266873936085	0.0021474888586958643	1.0000944800776346
2.2737700565001697	1.8832645372592256	0.06711477054431972	0.7348796351908292	0.10113207340844668	99.24747985451768	101.60266873936085	0.0021474888586958643	1.000093843502321
2.2737700565001697	1.8832645372592256	0.06711477054431972	0.7348796351908292	0.10113207340844668	99.24747985451768	101.60266873936085	0.0021474888586958643	1.000093843502321
2.2737700565001697	1.8832645372592256	0.06711477054431972	0.7348796351908292	0.10113207340844668	99.24747985451768	101.60266873936085	0.0021474888586958643	1.000093843502321
2.2737700565001697	1.8832645372592256	0.06711477054431972	0.7348796351908292	0.10113207340844668	99.24747985451768	101.60266873936085	0.00228914301814777	1.000093843502321
2.2737700565001697	1.8832645372592256	0.06711477054431972	0.7348796351908292	0.10113207340844668	99.24747985451768	101.60266873936085	0.00228914301814777	1.000093843502321
2.2737700565001697	1.8832645372592256	0.06711477054431972	0.7348805302162388	0.10113207340844668	99.24747985451768	101.60266873936085	0.00228914301814777	1.000093843502321
2.2737700565001697	1.883214395237267	0.06711477054431972	0.7348805302162388	0.10113207340844668	99.24747985451768	101.60266873936085	0.00228914301814777	1.000093843502321
2.2737700565001697	1.883214395237267	0.06711477054431972	0.7348805302162388	0.10113207340844668	99.24747985451768	101.60266873936085	0.00228914301814777	1.000093843502321
2.2737700565001697	1.883214395237267	0.06711477054431972	0.7348805302162388	0.10113207340844668	99.24747985451768	101.60266873936085	0.002280236239534266	1.000093843502321
2.2737700565001697	1.883214395237267	0.06711477054431972	0.7348805302162388	0.10113207340844668	99.24747985451768	101.60266873936085	0.002280236239534266	1.000093843502321
2.2737700565001697	1.8815883200457704	0.06711477054431972	0.7348805302162388	0.10113207340844668	99.24747985451768	101.60266873936085	0.002280236239534266	1.000093843502321
2.2737700565001697	1.8815883200457704	0.06711477054431972	0.7348805302162388	0.10113207340844668	99.24747985451768	101.60266873936085	0.002280236239534266	1.000093843502321
2.2737700565001697	1.8815883200457704	0.06711477054431972	0.7347186452311292	0.10113207340844668	99.24747985451768	101.60266873936085	0.002280236239534266	1.000093843502321
2.2737700565001697	1.8815883200457704	0.06711477054431972	0.7347186452311292	0.10113207340844668	99.24747985451768	101.60266873936085	0.002280236239534266	1.000093843502321
2.2737700565001697	1.8815883200457704	0.06711477054431972	0.7347186452311292	0.10113207340844668	99.24747985451768	101.60266873936085	0.002280236239534266	1.000093843502321
2.2705159659031353	1.8815883200457704	0.06711477054431972	0.7347186452311292	0.10113207340844668	99.24747985451768	101.60266873936085	0.002280236239534266	1.000093843502321
2.2705159659031353	1.8815883200457704	0.06711477054431972	0.7347186452311292	0.10113207340844668	99.24747985451768	101.60266873936085	0.0022853479785101024	1.000093843502321
2.2705159659031353	1.8815883200457704	0.06711477054431972	0.7347186452311292	0.10113207340844668	99.24747985451768	101.60280005662447	0.0022853479785101024	1.000093843502321
2.2705159659031353	1.8815883200457704	0.06711477054431972	0.7347186452311292	0.10113207340844668	99.24747985451768	101.60280005662447	0.002221932490988104	1.000093843502321
2.2705159659031353	1.8815883200457704	0.06711477054431972	0.7347186452311292	0.10113207340844668	99.24747985451768	101.60280005662447	0.002221932490988104	1.000093777007422
2.2705159659031353	1.8815883200457704	0.06711423074783884	0.7347186452311292	0.10113207340844668	99.24747985451768	101.60280005662447	0.002221932490988104	1.000093777007422
2.2704223413929956	1.8815883200457704	0.06711423074783884	0.7347186452311292	0.10113207340844668	99.24747985451768	101.60280005662447	0.002221932490988104	1.000093777007422
2.2704223413929956	1.8815883200457704	0.06711423074783884	0.7347186452311292	0.10113207340844668	99.24747985451768	101.60280005662447	0.002221932490988104	1.000093777007422
2.2704223413929956	1.8815883200457704	0.06711423074783884	0.7347186452311292	0.10113207340844668	99.24747985451768	101.60280005662447	0.002221932490988104	1.000093777007422
2.2704223413929956	1.882748422798433	0.06711423074783884	0.7347186452311292	0.10113207340844668	99.24747985451768	101.60280005662447	0.002221932490988104	1.000093777007422
2.2704223413929956	1.882748422798433	0.06711423074783884	0.7347186452311292	0.10113207340844668	99.24747985451768	101.60280005662447	0.002221932490988104	1.000093777007422
2.2704223413929956	1.882748422798433	0.06711423074783884	0.7347186452311292	0.10113207340844668	99.24747985451768	101.60280005662447	0.002221932490988104	1.000093777007422
2.2704223413929956	1.882748422798433	0.06711423074783884	0.7347186452311292	0.10113207340844668	99.24747985451768	101.60280005662447	0.002221932490988104	1.000093777007422
2.2704223413929956	1.882748422798433	0.06711423074783884	0.7347186452311292	0.10113207340844668	99.24747985451768	101.60280005662447	0.002221932490988104	1.000093777007422
2.2704223413929956	1.882748422798433	0.06711423074783884	0.7347186452311292	0.10113207340844668	99.24747985451768	101.60280005662447	0.002241810200129775	1.000093777007422
2.2704223413929956	1.882748422798433	0.06711423074783884	0.7347186452311292	0.1011970336681554	99.24747985451768	101.60280005662447	0.002241810200129775	1.000093777007422
2.2704223413929956	1.882748422798433	0.06711423074783884	0.7347186452311292	0.1011970336681554	99.24747985451768	101.60280005662447	0.002241810200129775	1.000093777007422
2.2704223413929956	1.882748422798433	0.06711423074783884	0.7347186452311292	0.1011970336681554	99.24757732892085	101.60280005662447	0.002241810200129775	1.000093777007422
2.2704223413929956	1.882748422798433	0.06711423074783884	0.7347186452311292	0.1011970336681554	99.24757732892085	101.60280005662447	0.0022424465320512016	1.000093777007422
2.2704223413929956	1.882748422798433	0.06711423074783884	0.7347186452311292	0.1011970336681554	99.24757732892085	101.60280005662447	0.0022407163787624856	1.000093777007422
2.2704223413929956	1.882748422798433	0.06711423074783884	0.7347186452311292	0.1011970336681554	99.24757732892085	101.60280005662447	0.0022489679707399348	1.000093777007422
2.2704223413929956	1.882748422798433	0.06711423074783884	0.7347186452311292	0.1011970336681554	99.24757732892085	101.60280005662447	0.0022489679707399348	1.000093777007422
2.2704223413929956	1.882748422798433	0.06711423074783884	0.7347186452311292	0.1011970336681554	99.24757732892085	101.60280005662447	0.0022489679707399348	1.000093777007422
2.2704223413929956	1.882748422798433	0.06711423074783884	0.7351185279410114	0.1011970336681554	99.24757732892085	101.60280005662447	0.0022489679707399348	1.000093777007422
2.2704223413929956	1.882748422798433	0.06711423074783884	0.7351185279410114	0.1011970336681554	99.24900680888605	101.60280005662447	0.0022489679707399348	1.000093777007422
2.2704223413929956	1.882748422798433	0.06711423074783884	0.7351185279410114	0.1011970336681554	99.24900680888605	101.43617488201232	0.0022489679707399348	1.000093777007422
2.2704223413929956	1.882748422798433	0.06711423074783884	0.7351185279410114	0.1011970336681554	99.24900680888605	101.43617488201232	0.0022489679707399348	1.000093777007422
2.2704223413929956	1.882748422798433	0.06711423074783884	0.7351185279410114	0.10118198973843703	99.24900680888605	101.43617488201232	0.0022489679707399348	1.000093777007422
2.2704223413929956	1.882748422798433	0.06711423074783884	0.7351185279410114	0.10118198973843703	99.24900680888605	101.43617488201232	0.0022489679707399348	1.000093777007422
2.2704223413929956	1.882748422798433	0.06711423074783884	0.7351185279410114	0.10114788091332068	99.24900680888605	101.43617488201232	0.0022489679707399348	1.000093777007422
2.270919033090862	1.882748422798433	0.06711423074783884	0.7351185279410114	0.10114788091332068	99.24900680888605	101.43617488201232	0.0022489679707399348	1.000093777007422
2.270919033090862	1.882748422798433	0.06711423074783884	0.7351185279410114	0.10114788091332068	99.24900680888605	101.43617488201232	0.0021468677119481547	1.000093777007422
2.270919033090862	1.882748422798433	0.06711423074783884	0.7351185279410114	0.1012419929916082	99.24900680888605	101.43617488201232	0.0021468677119481547	1.000093777007422
2.270919033090862	1.882748422798433	0.06711423074783884	0.735143516168531	0.1012419929916082	99.24900680888605	101.43617488201232	0.0021468677119481547	1.000093777007422
2.270919033090862	1.882748422798433	0.06711423074783884	0.735143516168531	0.1012419929916082	99.24900680888605	101.43617488201232	0.0021468677119481547	1.000093777007422
2.270919033090862	1.882748422798433	0.06711423074783884	0.735143516168531	0.1012419929916082	99.24900680888605	101.43617488201232	0.0022147580213492573	1.000093777007422
2.270919033090862	1.882748422798433	0.06711423074783884	0.735143516168531	0.10124264021933764	99.24900680888605	101.43617488201232	0.0022147580213492573	1.000093777007422
2.270919033090862	1.882748422798433	0.06711423074783884	0.7351374050791114	0.10124264021933764	99.24900680888605	101.43617488201232	0.0022147580213492573	1.000093777007422
2.270919033090862	1.882748422798433	0.06711423074783884	0.7351374050791114	0.10124264021933764	99.24900680888605	101.43617488201232	0.0022147580213492573	1.000093777007422
2.270919033090862	1.882748422798433	0.06711423074783884	0.7351374050791114	0.10124264021933764	99.24900680888605	101.43617488201232	0.0022147580213492573	1.000093777007422
2.270919033090862	1.882748422798433	0.06711423074783884	0.7351374050791114	0.10124264021933764	99.24900680888605	101.43617488201232	0.0022147580213492573	1.000093777007422
2.270919033090862	1.8831305701486607	0.06711423074783884	0.7351374050791114	0.10124264021933764	99.24900680888605	101.43617488201232	0.0022147580213492573	1.000093777007422
2.270919033090862	1.8831305701486607	0.06711423074783884	0.7351374050791114	0.10124264021933764	99.24900680888605	101.43617488201232	0.0022147580213492573	1.000093777007422
2.270919033090862	1.8831305701486607	0.06711423074783884	0.7351374050791114	0.10124264021933764	99.24900680888605	101.43617488201232	0.0022147580213492573	1.000093777007422
2.270769259444538	1.8831305701486607	0.06711423074783884	0.7351374050791114	0.10124264021933764	99.24900680888605	101.43617488201232	0.0022147580213492573	1.000093777007422
2.270769259444538	1.8831305701486607	0.06711423074783884	0.7351374050791114	0.10124264021933764	99.24900680888605	101.43617488201232	0.0022147580213492573	1.000093777007422
2.270769259444538	1.8831305701486607	0.06711423074783884	0.7351374050791114	0.10124264021933764	99.24900680888605	101.43617488201232	0.0022067073237690836	1.000093777007422
2.270769259444538	1.883309734548872	0.06711423074783884	0.7351374050791114	0.10124264021933764	99.24900680888605	101.43617488201232	0.0022067073237690836	1.000093777007422
2.270769259444538	1.883309734548872	0.06711423074783884	0.7351374050791114	0.10124264021933764	99.24900680888605	101.43617488201232	0.0022067073237690836	1.000093777007422
2.270769259444538	1.883309734548872	0.06711423074783884	0.7351374050791114	0.10121401550901217	99.24900680888605	101.43617488201232	0.0022067073237690836	1.000093777007422
2.270769259444538	1.883309734548872	0.06711423074783884	0.7351374050791114	0.10121401550901217	99.24900680888605	101.43617488201232	0.0022067073237690836	1.000093777007422
2.2707701349235916	1.883309734548872	0.06711423074783884	0.7351374050791114	0.10121401550901217	99.24900680888605	101.43617488201232	0.0022067073237690836	1.000093777007422
2.2707701349235916	1.883309734548872	0.06711423074783884	0.7351374050791114	0.10121401550901217	99.24933813441173	101.43617488201232	0.0022067073237690836	1.000093777007422
2.2707701349235916	1.883309734548872	0.06711423074783884	0.7351374050791114	0.10121401550901217	99.24933813441173	101.43617488201232	0.0022067073237690836	1.000093777007422
2.2707701349235916	1.883309734548872	0.06711423074783884	0.7351374050791114	0.10121401550901217	99.24933813441173	101.43617488201232	0.0022067073237690836	1.000093777007422
2.2707804118208013	1.883309734548872	0.06711423074783884	0.7351374050791114	0.10121401550901217	99.24933813441173	101.43617488201232	0.0022067073237690836	1.000093777007422
2.2707804118208013	1.883309734548872	0.06711423074783884	0.7351374050791114	0.1012119630738285	99.24933813441173	101.43617488201232	0.0022067073237690836	1.000093777007422
2.2707804118208013	1.881824996110601	0.06711423074783884	0.7351374050791114	0.1012119630738285	99.24933813441173	101.43617488201232	0.0022067073237690836	1.000093777007422
2.2707804118208013	1.881824996110601	0.06711423074783884	0.7351374050791114	0.1012119630738285	99.24933813441173	101.43617488201232	0.0022067073237690836	1.000093777007422
2.2707804118208013	1.881824996110601	0.06711423074783884	0.7351374050791114	0.1012119630738285	99.24933813441173	101.43617488201232	0.0022067073237690836	1.000093777007422
2.2707804118208013	1.881824996110601	0.06711423074783884	0.7351374050791114	0.1012119630738285	99.24933813441173	101.4376265571545	0.0022067073237690836	1.000093777007422
2.2707804118208013	1.881824996110601	0.06711423074783884	0.7351374050791114	0.1012119630738285	99.24933813441173	101.4022362400485	0.0022067073237690836	1.000093777007422
2.2707804118208013	1.881824996110601	0.06711423074783884	0.7351374050791114	0.1012119630738285	99.24933813441173	101.4022362400485	0.0022067073237690836	1.0000934834155244
2.2707804118208013	1.8818406332047461	0.06711423074783884	0.7351374050791114	0.1012119630738285	99.24933813441173	101.4022362400485	0.0022067073237690836	1.0000934834155244
2.2707804118208013	1.8818406332047461	0.06711423074783884	0.7351374050791114	0.1012119630738285	99.28213081830633	101.4022362400485	0.0022067073237690836	1.0000934834155244
2.2707804118208013	1.8818406332047461	0.06711423074783884	0.7351374050791114	0.1012119630738285	99.28213081830633	101.4022362400485	0.0022067073237690836	1.0000934834155244
2.2707804118208013	1.8818406332047461	0.06711423074783884	0.7351374050791114	0.1012119630738285	99.28213081830633	101.4022362400485	0.0022067073237690836	1.0000934834155244
2.2707804118208013	1.8818406332047461	0.06711423074783884	0.7351374050791114	0.1012119630738285	99.28213081830633	101.4022362400485	0.0022067073237690836	1.0000934834155244
2.2707804118208013	1.8818406332047461	0.06711423074783884	0.7351374050791114	0.1012119630738285	99.28213081830633	101.4022362400485	0.0022067073237690836	1.0000934834155244
2.2707804118208013	1.8818406332047461	0.06711423074783884	0.7351374050791114	0.1012119630738285	99.27211412309762	101.4022362400485	0.0022067073237690836	1.0000934834155244
2.268147294807087	1.8818406332047461	0.06711423074783884	0.7351374050791114	0.1012119630738285	99.27211412309762	101.4022362400485	0.0022067073237690836	1.0000934834155244
2.268147294807087	1.8818406332047461	0.06711423074783884	0.7351374050791114	0.1012119630738285	99.27211412309762	101.4022362400485	0.0022067073237690836	1.0000933875329974
2.268147294807087	1.8818406332047461	0.06711423074783884	0.7351374050791114	0.1012119630738285	99.27211412309762	101.4022362400485	0.0022067073237690836	1.0000933875329974
2.268147294807087	1.8818406332047461	0.06711423074783884	0.7351374050791114	0.1012119630738285	99.27211412309762	101.40192647788996	0.0022067073237690836	1.0000933875329974
2.268147294807087	1.8818406332047461	0.06711423074783884	0.7351374050791114	0.1012119630738285	99.27211412309762	101.40192647788996	0.0022067073237690836	1.0000933875329974
2.268147294807087	1.8818406332047461	0.06711423074783884	0.7351374050791114	0.1012119630738285	99.25985445009886	101.40192647788996	0.0022067073237690836	1.0000933875329974
2.268147294807087	1.8818406332047461	0.06711423074783884	0.7351374050791114	0.1012122076486287	99.25985445009886	101.40192647788996	0.0022067073237690836	1.0000933875329974
2.268147294807087	1.8818406332047461	0.06711423074783884	0.7351374050791114	0.1012122076486287	99.25985445009886	101.40192647788996	0.0022067073237690836	1.0000933875329974
2.26888296844825	1.8818406332047461	0.06711423074783884	0.7351374050791114	0.1012122076486287	99.25985445009886	101.40192647788996	0.0022067073237690836	1.0000933875329974
2.26888296844825	1.8818406332047461	0.06711423074783884	0.7351374050791114	0.1012122076486287	99.25985445009886	101.40192647788996	0.0022067073237690836	1.0000934963704167
2.26888296844825	1.8818406332047461	0.06711423074783884	0.7351374050791114	0.1012122076486287	99.25985445009886	101.40192647788996	0.0022067073237690836	1.0000934963704167
2.26888296844825	1.8818125726688277	0.06711423074783884	0.7351374050791114	0.1012122076486287	99.25985445009886	101.40192647788996	0.0022067073237690836	1.0000934963704167
2.26888296844825	1.8818125726688277	0.06711423074783884	0.7351374050791114	0.1012122076486287	99.25985445009886	101.40192647788996	0.0022067073237690836	1.0000934963704167
2.26888333293017	1.8818125726688277	0.06711423074783884	0.7351374050791114	0.1012122076486287	99.25985445009886	101.40192647788996	0.0022067073237690836	1.0000934963704167
2.26888333293017	1.8818125726688277	0.06711423074783884	0.7351374050791114	0.1012122076486287	99.25985445009886	101.40192647788996	0.0022067073237690836	1.0000934963704167
2.26888333293017	1.8818125726688277	0.06711423074783884	0.7351374050791114	0.1012122076486287	99.25985445009886	101.40192647788996	0.0022067073237690836	1.0000934963704167
2.26888333293017	1.8818125726688277	0.06711423074783884	0.7351374050791114	0.1012122076486287	99.25978028478627	101.40192647788996	0.0022067073237690836	1.0000934963704167
2.26888333293017	1.8818125726688277	0.06711423074783884	0.7351378542715772	0.1012122076486287	99.25978028478627	101.40192647788996	0.0022067073237690836	1.0000934963704167
2.26888333293017	1.8818125726688277	0.06711423074783884	0.7351378542715772	0.10121252582598443	99.25978028478627	101.40192647788996	0.0022067073237690836	1.0000934963704167
2.26888333293017	1.8818125726688277	0.06711423074783884	0.7351378542715772	0.10121252582598443	99.25978028478627	101.40192647788996	0.0022067073237690836	1.0000934963704167
2.26888333293017	1.8818125726688277	0.06711423074783884	0.7351378542715772	0.10121252582598443	99.25978028478627	101.40192647788996	0.0022067073237690836	1.0000934963704167
2.26888333293017	1.8818125726688277	0.06711423074783884	0.7351378542715772	0.10121252582598443	99.25978028478627	101.40192647788996	0.0022067073237690836	1.0000934963704167
2.26888333293017	1.8818125726688277	0.06711423074783884	0.7351378542715772	0.10121252582598443	99.25978028478627	101.40192647788996	0.0022067073237690836	1.0000934963704167
2.26888333293017	1.8818125726688277	0.06711423074783884	0.7351378542715772	0.10121252582598443	99.25978028478627	101.40192647788996	0.0022067073237690836	1.0000934963704167
2.26888333293017	1.8818125726688277	0.06711423074783884	0.7351378542715772	0.10121252582598443	99.25978028478627	101.40192647788996	0.0022067176197851936	1.0000934963704167
2.26888333293017	1.8818125726688277	0.06711423074783884	0.7351378542715772	0.10121252582598443	99.25978688158935	101.40192647788996	0.0022067176197851936	1.0000934963704167
2.26888333293017	1.8818125726688277	0.06706263186292316	0.7351378542715772	0.10121252582598443	99.25978688158935	101.40192647788996	0.0022067176197851936	1.0000934963704167
2.26888333293017	1.8818125726688277	0.06706263186292316	0.7351378542715772	0.10121252582598443	99.25978688158935	101.40192647788996	0.0022067176197851936	1.0000934963704167
2.26888333293017	1.8818125726688277	0.06706263186292316	0.7351378542715772	0.10121252582598443	99.25978688158935	101.40192647788996	0.002207580142191099	1.0000934963704167
2.26888333293017	1.8818125726688277	0.06706263186292316	0.7351378542715772	0.10121252582598443	99.25896978467303	101.40192647788996	0.002207580142191099	1.0000934963704167
2.26888333293017	1.8818125726688277	0.06706263186292316	0.7350896238871187	0.10121252582598443	99.25896978467303	101.40192647788996	0.002207580142191099	1.0000934963704167
2.26888333293017	1.8818125726688277	0.06706263186292316	0.7350896238871187	0.10121252582598443	99.25896978467303	101.40192647788996	0.002207580142191099	1.0000934394200802
2.26888333293017	1.8818125726688277	0.06706263186292316	0.7350896238871187	0.10121252582598443	99.25896978467303	101.40192647788996	0.0021292085047493873	1.0000934394200802
2.26888333293017	1.8818125726688277	0.06706263186292316	0.7350896238871187	0.10121252582598443	99.25896978467303	101.40192647788996	0.0021292085047493873	1.0000934394200802
2.26888333293017	1.8818125726688277	0.06706263186292316	0.7350896238871187	0.10121252582598443	99.25896978467303	101.40192647788996	0.0021292085047493873	1.000091006978853
2.26888333293017	1.881563739909422	0.06706263186292316	0.7350896238871187	0.10121252582598443	99.25896978467303	101.40192647788996	0.0021292085047493873	1.000091006978853
2.26888333293017	1.881563739909422	0.06706263186292316	0.7350896238871187	0.10121252582598443	99.25896978467303	101.40037127727099	0.0021292085047493873	1.000091006978853
2.26888333293017	1.881563739909422	0.06706263186292316	0.7350896238871187	0.10121252582598443	99.25896978467303	101.40037127727099	0.0021292085047493873	1.000091006978853
2.26888333293017	1.881563739909422	0.06706263186292316	0.7350896238871187	0.10121252582598443	99.25896978467303	101.40037127727099	0.0021287330622375353	1.000091006978853
2.26888333293017	1.881563739909422	0.06706263186292316	0.7350896238871187	0.10121252582598443	99.25896978467303	101.40037127727099	0.0021287330622375353	1.000091006978853
2.2688879224367624	1.881563739909422	0.06706263186292316	0.7350896238871187	0.10121252582598443	99.25896978467303	101.40037127727099	0.0021287330622375353	1.000091006978853
2.2688879224367624	1.881563739909422	0.06706263186292316	0.7350896238871187	0.10121252582598443	99.25896978467303	101.40037127727099	0.0021287330622375353	1.000091006978853
2.2688879224367624	1.881563739909422	0.06706263186292316	0.7350896238871187	0.10121252582598443	99.25896978467303	101.40037127727099	0.0021287330622375353	1.000091006978853
2.2688879224367624	1.881563739909422	0.06706263186292316	0.7350896238871187	0.10121252582598443	99.25896978467303	101.40037127727099	0.0021287330622375353	1.000091006978853
2.2688879224367624	1.881563739909422	0.06706263186292316	0.7350896238871187	0.10121252582598443	99.22920538293737	101.40037127727099	0.0021287330622375353	1.000091006978853
2.2688879224367624	1.881563739909422	0.06706263186292316	0.7350896238871187	0.10121681189249777	99.22920538293737	101.40037127727099	0.0021287330622375353	1.000091006978853
2.2688879224367624	1.881563739909422	0.06706263186292316	0.7350896238871187	0.10121681189249777	99.22920538293737	102.67116427070079	0.0021287330622375353	1.000091006978853
2.2688879224367624	1.881563739909422	0.06706263186292316	0.7350896238871187	0.10121681189249777	99.22920538293737	102.67116427070079	0.0021287330622375353	1.000091006978853
2.2688879224367624	1.881563739909422	0.06706263186292316	0.7350950573407419	0.10121681189249777	99.22920538293737	102.67116427070079	0.0021287330622375353	1.000091006978853
2.2689030318771124	1.881563739909422	0.06706263186292316	0.7350950573407419	0.10121681189249777	99.22920538293737	102.67116427070079	0.0021287330622375353	1.000091006978853
2.2689030318771124	1.881563739909422	0.06706263186292316	0.7350950573407419	0.10121681189249777	99.22920538293737	102.67116427070079	0.0021287330622375353	1.000091006978853
2.2689030318771124	1.881563739909422	0.06706263186292316	0.7350950573407419	0.10121681189249777	99.22921088622749	102.67116427070079	0.0021287330622375353	1.000091006978853
2.2689030318771124	1.8816016405404896	0.06706263186292316	0.7350950573407419	0.10121681189249777	99.22921088622749	102.67116427070079	0.0021287330622375353	1.000091006978853
2.2689030318771124	1.8816016405404896	0.06706263186292316	0.7350950573407419	0.10121681189249777	99.22921088622749	102.67116427070079	0.0021287330622375353	1.000091006978853
2.2689030318771124	1.8816016405404896	0.06706263186292316	0.7350950573407419	0.10121681189249777	99.22921088622749	103.31113361040393	0.0021287330622375353	1.000091006978853
2.2689030318771124	1.8814048768241496	0.06706263186292316	0.7350950573407419	0.10121681189249777	99.22921088622749	103.31113361040393	0.0021287330622375353	1.000091006978853
2.268903830725506	1.8814048768241496	0.06706263186292316	0.7350950573407419	0.10121681189249777	99.22921088622749	103.31113361040393	0.0021287330622375353	1.000091006978853
2.268903830725506	1.8814048768241496	0.06706263186292316	0.7350950573407419	0.10121681189249777	99.22921088622749	103.31113361040393	0.0021287330622375353	1.000091006978853
2.268903830725506	1.8814048768241496	0.06706263186292316	0.7350950573407419	0.10119568860508532	99.22921088622749	103.31113361040393	0.0021287330622375353	1.000091006978853
2.268903830725506	1.8814048768241496	0.06706263186292316	0.7350950573407419	0.10119568860508532	99.22921088622749	103.31113361040393	0.0021284535484138033	1.000091006978853
2.268903830725506	1.8814048768241496	0.06706263186292316	0.7350950573407419	0.10119568860508532	99.23924642061864	103.31113361040393	0.0021284535484138033	1.000091006978853
2.268903830725506	1.8814048768241496	0.06706263186292316	0.7350950573407419	0.10119568860508532	99.23924642061864	103.31113361040393	0.0021284535484138033	1.000091006978853
2.2689101420993656	1.8814048768241496	0.06706263186292316	0.7350950573407419	0.10119568860508532	99.23924642061864	103.31113361040393	0.0021284535484138033	1.000091006978853
2.2689101420993656	1.8814048768241496	0.06706263186292316	0.7350950573407419	0.10119568860508532	99.23924642061864	103.31113361040393	0.0021284535484138033	1.0000910602872828
2.2689101420993656	1.8841436024567857	0.06706263186292316	0.7350950573407419	0.10119568860508532	99.23924642061864	103.31113361040393	0.0021284535484138033	1.0000910602872828
2.2689572525167114	1.8841436024567857	0.06706263186292316	0.7350950573407419	0.10119568860508532	99.23924642061864	103.31113361040393	0.0021284535484138033	1.0000910602872828
2.2689572525167114	1.8841436024567857	0.06706263186292316	0.7350950573407419	0.10119568860508532	99.23924642061864	103.31113361040393	0.0021284535484138033	1.0000910602872828
2.2689572525167114	1.8841436024567857	0.06706263186292316	0.7350950573407419	0.10119568860508532	99.24186414356168	103.31113361040393	0.0021284535484138033	1.0000910602872828
2.2689572525167114	1.8841436024567857	0.06706263186292316	0.7350950573407419	0.10119568860508532	99.23023143308569	103.31113361040393	0.0021284535484138033	1.0000910602872828
2.2689572525167114	1.8841436024567857	0.06706263186292316	0.7350950573407419	0.10119568860508532	99.23023143308569	103.31113361040393	0.0021284535484138033	1.0000910602872828
2.2689572525167114	1.8841436024567857	0.06705770067845862	0.7350950573407419	0.10119568860508532	99.23023143308569	103.31113361040393	0.0021284535484138033	1.0000910602872828
2.2689572525167114	1.8841436024567857	0.06705770067845862	0.7350950573407419	0.10119568860508532	99.23023143308569	103.31113361040393	0.0021284535484138033	1.0000910602872828
2.2689572525167114	1.8841436024567857	0.06705770067845862	0.7350950573407419	0.10119568860508532	99.23023143308569	103.31113361040393	0.0021284535484138033	1.0000910602872828
2.2689572525167114	1.8841436024567857	0.06705770067845862	0.7350950573407419	0.10119568860508532	99.23023143308569	103.31113361040393	0.0021284535484138033	1.0000910602872828
2.2689572525167114	1.8841436024567857	0.06705770067845862	0.7350950573407419	0.10119568860508532	99.23023143308569	103.31113361040393	0.0021284535484138033	1.0000910602872828
2.2689572525167114	1.8841436024567857	0.06705770067845862	0.7350950573407419	0.10119568860508532	99.23025247190907	103.31113361040393	0.0021284535484138033	1.0000910602872828
2.2689572525167114	1.8841436024567857	0.06705770067845862	0.7350950573407419	0.10119568860508532	99.23025247190907	103.31113361040393	0.0021284535484138033	1.0000910602872828
2.2689468578797873	1.8841436024567857	0.06705770067845862	0.7350950573407419	0.10119568860508532	99.23025247190907	103.31113361040393	0.0021284535484138033	1.0000910602872828
2.2689468578797873	1.8841436024567857	0.06705770067845862	0.7350950573407419	0.10119568860508532	99.23025247190907	103.31113361040393	0.0021284535484138033	1.0000910602872828
2.2689468578797873	1.8841436024567857	0.06705770067845862	0.7350950573407419	0.10119568860508532	99.23025247190907	103.31113361040393	0.0021284535484138033	1.0000910602872828
2.2689468578797873	1.8841436024567857	0.06705770067845862	0.7350950573407419	0.10119568860508532	99.23025247190907	103.31113361040393	0.0021284535484138033	1.0000910602872828
2.2689468578797873	1.8841436024567857	0.06705770067845862	0.7350950573407419	0.10119568860508532	99.23025247190907	103.31113361040393	0.0021284535484138033	1.0000910602872828
2.2689468578797873	1.8841436024567857	0.06705770067845862	0.7350950573407419	0.10119568860508532	99.23025247190907	103.31113361040393	0.0021284535484138033	1.0000910602872828
2.2689468578797873	1.8841436024567857	0.06705770067845862	0.7350950573407419	0.10119568860508532	99.23025247190907	103.31113361040393	0.0021284535484138033	1.0000910602872828
2.2689468578797873	1.8841436024567857	0.06705770067845862	0.7350950573407419	0.10119568860508532	99.23025247190907	103.31113361040393	0.0021284535484138033	1.0000910602872828
2.2689468578797873	1.8841436024567857	0.06705770067845862	0.7350950573407419	0.10119568860508532	99.23025247190907	103.31113361040393	0.0022154098723089683	1.0000910602872828
2.2689468578797873	1.8841436024567857	0.06705770067845862	0.7350950573407419	0.10119568860508532	99.23025247190907	103.31113361040393	0.002211255070293335	1.0000910602872828
2.2689468578797873	1.8841436024567857	0.06705770067845862	0.7350950573407419	0.10119568860508532	99.23025247190907	103.31113361040393	0.002211255070293335	1.000090827440317
2.2689468578797873	1.8842417938006721	0.06705770067845862	0.7350950573407419	0.10119568860508532	99.23025247190907	103.31113361040393	0.002211255070293335	1.000090827440317
2.2689468578797873	1.8842417938006721	0.06705770067845862	0.7350950573407419	0.10119568860508532	99.23025247190907	103.31113361040393	0.002211255070293335	1.000090827440317
2.2689468578797873	1.8842417938006721	0.06705770067845862	0.7350950573407419	0.10119568860508532	99.23025247190907	103.31113361040393	0.002211255070293335	1.000090827440317
2.2689468578797873	1.8842422731259676	0.06705770067845862	0.7350950573407419	0.10119568860508532	99.23025247190907	103.31113361040393	0.002211255070293335	1.000090827440317
2.2689468578797873	1.8842422731259676	0.06705770067845862	0.7350950573407419	0.10119568860508532	99.23025247190907	103.31113361040393	0.002211255070293335	1.000090827440317
2.2689468578797873	1.8842422731259676	0.06705770067845862	0.7350950573407419	0.10119568860508532	99.22998972449254	103.31113361040393	0.002211255070293335	1.000090827440317
2.2689468578797873	1.8842422731259676	0.06705770067845862	0.7350950573407419	0.10119568860508532	99.22998972449254	103.31113361040393	0.002211255070293335	1.000090827440317
2.2689468578797873	1.8842422731259676	0.06705770067845862	0.7350950573407419	0.10119568860508532	99.22998972449254	103.31113361040393	0.002211255070293335	1.000090827440317
2.2689468578797873	1.8842422731259676	0.06705770067845862	0.7350950573407419	0.10119568860508532	99.227104155663	103.31113361040393	0.002211255070293335	1.000090827440317
2.2689468578797873	1.8842422731259676	0.06705770067845862	0.7350950573407419	0.10119568860508532	99.227104155663	103.31113361040393	0.002211255070293335	1.000090827440317
2.2689468578797873	1.8842422731259676	0.06705770067845862	0.7350950573407419	0.10119568860508532	99.227104155663	103.31113361040393	0.002211255070293335	1.000090827440317
2.2689468578797873	1.8842422731259676	0.06705770067845862	0.7350950573407419	0.10119568860508532	99.227104155663	103.31113361040393	0.002211255070293335	1.000090827440317
2.2689468578797873	1.8842422731259676	0.06705770067845862	0.7350950573407419	0.10119568860508532	99.227104155663	103.31113361040393	0.002211255070293335	1.000090827440317
2.2689468578797873	1.8842422731259676	0.06705770067845862	0.7350950573407419	0.10119568860508532	99.227104155663	103.31113361040393	0.002211255070293335	1.000090827440317
2.2689468578797873	1.8842422731259676	0.06705770067845862	0.7350950573407419	0.10119568860508532	99.227104155663	103.31113361040393	0.002211255070293335	1.000090827440317
2.2689468578797873	1.8842410653680235	0.06705770067845862	0.7350950573407419	0.10119568860508532	99.227104155663	103.31113361040393	0.002211255070293335	1.000090827440317
2.2689468578797873	1.8842410653680235	0.06705770067845862	0.7350950573407419	0.10119568860508532	99.227104155663	103.31113361040393	0.002211255070293335	1.000090827440317
2.2689468578797873	1.8841891684555114	0.06705770067845862	0.7350950573407419	0.10119568860508532	99.227104155663	103.31113361040393	0.002211255070293335	1.000090827440317
2.2689468578797873	1.8841891684555114	0.06705770067845862	0.7350950573407419	0.10119568860508532	99.227104155663	103.31113361040393	0.002211255070293335	1.000090827440317
2.2689468578797873	1.8841891684555114	0.06705770067845862	0.7350950573407419	0.10119568860508532	99.227104155663	103.3100572094586	0.002211255070293335	1.000090827440317
2.2689468578797873	1.8841891684555114	0.06705770067845862	0.7350950573407419	0.10119568860508532	99.227104155663	103.3100572094586	0.0022166878939324187	1.000090827440317
2.2689468578797873	1.8841891684555114	0.06705770067845862	0.7350950573407419	0.10119568860508532	99.227104155663	103.3100572094586	0.0022173021224945267	1.000090827440317
2.2689468578797873	1.8841891684555114	0.06705770067845862	0.7350950573407419	0.10119568860508532	99.227104155663	103.3100572094586	0.0022173021224945267	1.000090827440317
2.2689468578797873	1.8841891684555114	0.06705770067845862	0.7350950573407419	0.10119568860508532	99.227104155663	103.3100572094586	0.0022241428312196406	1.000090827440317
2.2689468578797873	1.8841889572659827	0.06705770067845862	0.7350950573407419	0.10119568860508532	99.227104155663	103.3100572094586	0.0022241428312196406	1.000090827440317
2.2689468578797873	1.8841889572659827	0.06705770067845862	0.7350950573407419	0.10119568860508532	99.227104155663	103.3100572094586	0.0022241428312196406	1.000090827440317
2.2689468578797873	1.8841889572659827	0.06705770067845862	0.7350950573407419	0.10119568860508532	99.227104155663	103.3100572094586	0.0022241428312196406	1.000090827440317
2.2689468578797873	1.8841889572659827	0.06705770067845862	0.7350950573407419	0.10119568860508532	99.227104155663	103.3100572094586	0.0022241428312196406	1.000090827440317
2.2689468578797873	1.8841889572659827	0.06705770067845862	0.7350950573407419	0.10119568860508532	99.227104155663	103.3100572094586	0.0022243118099067403	1.000090827440317
2.2689468578797873	1.8841889572659827	0.06705770067845862	0.7350950573407419	0.10119568860508532	99.227104155663	103.3100572094586	0.0022243118099067403	1.0000908703647475
2.2689468578797873	1.8841898865141253	0.06705770067845862	0.7350950573407419	0.10119568860508532	99.227104155663	103.3100572094586	0.0022243118099067403	1.0000908703647475
2.2689468578797873	1.8841898865141253	0.06705770067845862	0.7350950573407419	0.10119568860508532	99.227104155663	103.3100572094586	0.0022243118099067403	1.0000908703647475
2.2689468578797873	1.8841898865141253	0.06705770067845862	0.7350950573407419	0.10119568860508532	99.227104155663	103.3100572094586	0.0022243118099067403	1.0000908703647475
2.2689468578797873	1.8841898865141253	0.06705770067845862	0.7350950573407419	0.10119568860508532	99.227104155663	103.3100572094586	0.0022243118099067403	1.0000908703647475
2.2689468578797873	1.8841898865141253	0.06705770067845862	0.7350950573407419	0.10119568860508532	99.227104155663	103.3100572094586	0.0022243118099067403	1.0000921318111387
2.2689468578797873	1.8841898865141253	0.06705770067845862	0.7350950573407419	0.10119568860508532	99.227104155663	103.3100572094586	0.002230575167906807	1.0000921318111387
2.2689468578797873	1.8841898865141253	0.06705770067845862	0.7350950573407419	0.10120666888651886	99.227104155663	103.3100572094586	0.002230575167906807	1.0000921318111387
2.2689468578797873	1.8841898865141253	0.06705770067845862	0.7350950573407419	0.10120666888651886	99.227104155663	103.3100572094586	0.002230575167906807	1.0000921318111387
2.2689468578797873	1.8841898865141253	0.06705770067845862	0.7350950573407419	0.10120666888651886	99.227104155663	103.3100572094586	0.002230575167906807	1.0000921318111387
2.2689468578797873	1.8841898865141253	0.06705770067845862	0.7350950573407419	0.10120666888651886	99.227104155663	103.3100572094586	0.002230575167906807	1.0000921318111387
2.2689468578797873	1.8841898865141253	0.06705770067845862	0.7350950573407419	0.10120666888651886	99.227104155663	103.3100572094586	0.002236186094042061	1.0000921318111387
2.2689468578797873	1.8841898865141253	0.06705770067845862	0.7350950573407419	0.10120666888651886	99.227104155663	103.3100572094586	0.002236186094042061	1.0000921318111387
2.2689468578797873	1.8841898865141253	0.06705770067845862	0.7350950573407419	0.10120666888651886	99.227104155663	102.4110302530794	0.002236186094042061	1.0000921318111387
2.2689468578797873	1.8841898865141253	0.06706659798044386	0.7350950573407419	0.10120666888651886	99.227104155663	102.4110302530794	0.002236186094042061	1.0000921318111387
2.2689468578797873	1.8841898865141253	0.06706659798044386	0.7350950573407419	0.10120666888651886	99.227104155663	102.4110302530794	0.002236186094042061	1.0000921318111387
2.2676390342865385	1.8841898865141253	0.06706659798044386	0.7350950573407419	0.10120666888651886	99.227104155663	102.4110302530794	0.002236186094042061	1.0000921318111387
2.2676390342865385	1.8841898865141253	0.06706659798044386	0.7350950573407419	0.10120666888651886	99.227104155663	102.4110302530794	0.002236186094042061	1.0000921318111387
2.2676393943369373	1.8841898865141253	0.06706659798044386	0.7350950573407419	0.10120666888651886	99.227104155663	102.4110302530794	0.002236186094042061	1.0000921318111387
2.2676393943369373	1.8841898865141253	0.06706659798044386	0.7350950573407419	0.10120666888651886	99.227104155663	102.4110302530794	0.002236186094042061	1.0000921318111387
2.2676393943369373	1.8841898865141253	0.06706659798044386	0.7350950573407419	0.10120666888651886	99.227104155663	102.4110302530794	0.002236186094042061	1.0000921318111387
2.2676393943369373	1.8841898865141253	0.06706659798044386	0.7350950573407419	0.10120666888651886	99.22668047137856	102.4110302530794	0.002236186094042061	1.0000921318111387
2.2676393943369373	1.8841898865141253	0.06692273640407627	0.7350950573407419	0.10120666888651886	99.22668047137856	102.4110302530794	0.002236186094042061	1.0000921318111387
2.2676393943369373	1.8841898865141253	0.06692273640407627	0.7350950573407419	0.10120666888651886	99.22668047137856	102.4110302530794	0.002236186094042061	1.0000921318111387
2.2676393943369373	1.8841898865141253	0.06692273640407627	0.7350950573407419	0.10120666888651886	99.22668047137856	102.4110302530794	0.002236186094042061	1.0000921318111387
2.2676393943369373	1.8841898865141253	0.06692273640407627	0.7350950573407419	0.10120666888651886	99.22668047137856	102.4110302530794	0.002236186094042061	1.00009238368665
2.2676393943369373	1.8841898865141253	0.06692273640407627	0.7350950573407419	0.10120666888651886	99.22668047137856	102.4110302530794	0.002236186094042061	1.00009238368665
2.267904472686671	1.8841898865141253	0.06692273640407627	0.7350950573407419	0.10120666888651886	99.22668047137856	102.4110302530794	0.002236186094042061	1.00009238368665
2.267904472686671	1.8841898865141253	0.06692273640407627	0.7350950573407419	0.10120666888651886	99.22668047137856	102.32356109604926	0.002236186094042061	1.00009238368665
2.267904472686671	1.8841898865141253	0.06692273640407627	0.7350950573407419	0.10120666888651886	99.23164912269561	102.32356109604926	0.002236186094042061	1.00009238368665
2.267904472686671	1.8841898865141253	0.06692273640407627	0.7350950573407419	0.10120666888651886	99.23164912269561	102.32356109604926	0.002236186094042061	1.00009238368665
2.267904472686671	1.8841898865141253	0.06692273640407627	0.7350950573407419	0.10120666888651886	99.23164912269561	102.32356109604926	0.002236568416139557	1.00009238368665
2.267904472686671	1.8841898865141253	0.06692273640407627	0.7350950573407419	0.10120666888651886	99.23164912269561	102.32356109604926	0.0022435574846796417	1.00009238368665
2.267904472686671	1.8841898865141253	0.06692273640407627	0.7350950573407419	0.10120666888651886	99.23164912269561	102.32356109604926	0.0022435574846796417	1.00009238368665
2.267904472686671	1.8841898865141253	0.06692273640407627	0.7350950573407419	0.10120666888651886	99.23164912269561	102.32356109604926	0.0022435574846796417	1.00009238368665
2.267904472686671	1.8841898865141253	0.06692273640407627	0.7350950573407419	0.10120666888651886	99.23164912269561	102.32356109604926	0.0022435574846796417	1.00009238368665
2.267904472686671	1.8841898865141253	0.06692273640407627	0.7350950573407419	0.10120672381089876	99.23164912269561	102.32356109604926	0.0022435574846796417	1.00009238368665
2.267904472686671	1.8841898865141253	0.06692273640407627	0.7350950573407419	0.10120672381089876	99.23164912269561	102.32356109604926	0.0022435574846796417	1.0000924275326364
2.2679037098172374	1.8841898865141253	0.06692273640407627	0.7350950573407419	0.10120672381089876	99.23164912269561	102.32356109604926	0.0022435574846796417	1.0000924275326364
2.267900455006332	1.8841898865141253	0.06692273640407627	0.7350950573407419	0.10120672381089876	99.23164912269561	102.32356109604926	0.0022435574846796417	1.0000924275326364
2.267900455006332	1.8841898865141253	0.06692273640407627	0.7350950573407419	0.10120672381089876	99.23164912269561	102.32356109604926	0.0022435574846796417	1.0000925878005373
2.267900455006332	1.8841898865141253	0.06692273640407627	0.7350950573407419	0.10120672381089876	99.23164912269561	102.32356109604926	0.0022435574846796417	1.0000925878005373
2.267900455006332	1.8841898865141253	0.06692273640407627	0.7350950573407419	0.10120672381089876	99.23164912269561	102.32356109604926	0.0022435574846796417	1.0000932602632622
2.267900455006332	1.8841898865141253	0.06692273640407627	0.7350950573407419	0.10120672381089876	99.23164912269561	102.32356109604926	0.0022435574846796417	1.0000932602632622
2.267900455006332	1.8841898865141253	0.06692273640407627	0.7350950573407419	0.10120672381089876	99.2419319263818	102.32356109604926	0.0022435574846796417	1.0000932602632622
2.2676607024703506	1.8841898865141253	0.06692273640407627	0.7350950573407419	0.10120672381089876	99.2419319263818	102.32356109604926	0.0022435574846796417	1.0000932602632622
2.2676607024703506	1.8841898865141253	0.06692273640407627	0.7350950573407419	0.10120672381089876	99.2419319263818	101.23733221071383	0.0022435574846796417	1.0000932602632622
2.2676607024703506	1.8841898865141253	0.06692273640407627	0.7350950573407419	0.10120672381089876	99.2419319263818	101.23731189263961	0.0022435574846796417	1.0000932602632622
2.2676607024703506	1.8841898865141253	0.06692273640407627	0.7350950573407419	0.10120672381089876	99.2419319263818	101.23731189263961	0.0022435574846796417	1.0000932602632622
2.2676607024703506	1.8841898865141253	0.06692273640407627	0.7350950573407419	0.10120672381089876	99.24125618767984	101.23731189263961	0.0022435574846796417	1.0000932602632622
2.2676607024703506	1.8841898865141253	0.06692273640407627	0.7350950573407419	0.10120672381089876	99.24125618767984	101.23731189263961	0.0022435574846796417	1.0000932602632622
2.2676607024703506	1.8841898865141253	0.06692273640407627	0.7350950573407419	0.10120672381089876	99.24164799661696	101.23731189263961	0.0022435574846796417	1.0000932602632622
2.2676607024703506	1.8841898865141253	0.06692273640407627	0.7348077950237114	0.10120672381089876	99.24164799661696	101.23731189263961	0.0022435574846796417	1.0000932602632622
2.2676607024703506	1.8841898865141253	0.06692273640407627	0.7348077950237114	0.10120672381089876	99.24164799661696	101.23731189263961	0.0022435574846796417	1.0000924897905972
2.2676607024703506	1.8841898865141253	0.06692273640407627	0.7348077950237114	0.10120672381089876	99.24164799661696	101.23731189263961	0.0022435574846796417	1.0000924897905972
2.2676612518908748	1.8841898865141253	0.06692273640407627	0.7348077950237114	0.10120672381089876	99.24164799661696	101.23731189263961	0.0022435574846796417	1.0000924897905972
2.2676612518908748	1.8841898865141253	0.06692273640407627	0.7348077950237114	0.10120672381089876	99.24164799661696	101.23731189263961	0.0022435574846796417	1.0000924897905972
2.2676612518908748	1.8843460762773023	0.06692273640407627	0.7348077950237114	0.10120672381089876	99.24164799661696	101.23731189263961	0.0022435574846796417	1.0000924897905972
2.2676612518908748	1.8843460762773023	0.06692273640407627	0.7348077950237114	0.10120672381089876	99.24164799661696	101.23731189263961	0.0022435574846796417	1.0000924897905972
2.2676612518908748	1.884352204198961	0.06692273640407627	0.7348077950237114	0.10120672381089876	99.24164799661696	101.23731189263961	0.0022435574846796417	1.0000924897905972
2.2676612518908748	1.884352204198961	0.06692273640407627	0.7348077950237114	0.10120672381089876	99.24164799661696	101.23731189263961	0.0022435574846796417	1.0000924897905972
2.2676612518908748	1.884352204198961	0.06692273640407627	0.7348077950237114	0.10120672381089876	99.24164799661696	101.23731189263961	0.0022435574846796417	1.0000924897905972
2.2676612518908748	1.884352204198961	0.06692273640407627	0.7348077950237114	0.10120672381089876	99.24164799661696	101.23731189263961	0.0022435574846796417	1.0000924897905972
2.2676612518908748	1.8843528390995608	0.06692273640407627	0.7348077950237114	0.10120672381089876	99.24164799661696	101.23731189263961	0.0022435574846796417	1.0000924897905972
2.2676612518908748	1.8843528390995608	0.06692273640407627	0.7348077950237114	0.10120672381089876	99.24164799661696	101.23731189263961	0.0022435574846796417	1.0000924897905972
2.2676612518908748	1.8843500468673668	0.06692273640407627	0.7348077950237114	0.10120672381089876	99.24164799661696	101.23731189263961	0.0022435574846796417	1.0000924897905972
2.2676612518908748	1.8843500468673668	0.06692273640407627	0.7348077950237114	0.1017004971684709	99.24164799661696	101.23731189263961	0.0022435574846796417	1.0000924897905972
2.2676612518908748	1.8843500468673668	0.06692273640407627	0.7348077950237114	0.1017004971684709	99.24164799661696	101.23731189263961	0.0022435574846796417	1.0000924897905972
2.2676612518908748	1.8843500468673668	0.06692273640407627	0.7348077950237114	0.1017004971684709	99.24164799661696	101.23731189263961	0.0022435574846796417	1.0000924897905972
2.2676612518908748	1.8843500468673668	0.06692298914287573	0.7348077950237114	0.1017004971684709	99.24164799661696	101.23731189263961	0.0022435574846796417	1.0000924897905972
2.2676617582143583	1.8843500468673668	0.06692298914287573	0.7348077950237114	0.1017004971684709	99.24164799661696	101.23731189263961	0.0022435574846796417	1.0000924897905972
2.2676617582143583	1.8843288425387665	0.06692298914287573	0.7348077950237114	0.1017004971684709	99.24164799661696	101.23731189263961	0.0022435574846796417	1.0000924897905972
2.2676617582143583	1.884527542025654	0.06692298914287573	0.7348077950237114	0.1017004971684709	99.24164799661696	101.23731189263961	0.0022435574846796417	1.0000924897905972
2.2676617582143583	1.884527542025654	0.06692298914287573	0.7348077950237114	0.1017004971684709	99.24164799661696	101.23731189263961	0.0022435574846796417	1.0000924897905972
2.2676617582143583	1.884527542025654	0.06692298914287573	0.7348103892182445	0.1017004971684709	99.24164799661696	101.23731189263961	0.0022435574846796417	1.0000924897905972
2.2676617582143583	1.884527542025654	0.06692298914287573	0.7348103892182445	0.1017004971684709	99.24157892056822	101.23731189263961	0.0022435574846796417	1.0000924897905972
2.2676617582143583	1.884527542025654	0.06692298914287573	0.7348103892182445	0.1017004971684709	99.24157892056822	101.23731189263961	0.0022435574846796417	1.0000924897905972
2.2676617582143583	1.884527542025654	0.06692298914287573	0.7352392037327977	0.1017004971684709	99.24157892056822	101.23731189263961	0.0022435574846796417	1.0000924897905972
2.2679589997934384	1.884527542025654	0.06692298914287573	0.7352392037327977	0.1017004971684709	99.24157892056822	101.23731189263961	0.0022435574846796417	1.0000924897905972
2.2679589997934384	1.884527542025654	0.06692298914287573	0.7352392037327977	0.1017004971684709	99.24157892056822	101.06524974522453	0.0022435574846796417	1.0000924897905972
2.2679589997934384	1.884527542025654	0.06692298914287573	0.7355331544886198	0.1017004971684709	99.24157892056822	101.06524974522453	0.0022435574846796417	1.0000924897905972
2.2679589997934384	1.884527542025654	0.06692298914287573	0.7355331544886198	0.1017004971684709	99.24191644831983	101.06524974522453	0.0022435574846796417	1.0000924897905972
2.2679589997934384	1.884527542025654	0.06692298914287573	0.7355331544886198	0.1017004971684709	99.24191644831983	101.06524974522453	0.0022435574846796417	1.0000924897905972
2.2679589997934384	1.884527542025654	0.06692298914287573	0.7355331544886198	0.1017004971684709	99.24191644831983	101.06524974522453	0.0022435574846796417	1.0000924897905972
2.2679589997934384	1.884527542025654	0.06692298914287573	0.7355331544886198	0.1017004971684709	99.24191644831983	101.06524974522453	0.0022435574846796417	1.0000924897905972
2.2679589997934384	1.884527542025654	0.06692298914287573	0.7355331544886198	0.1017004971684709	99.24191644831983	101.06524974522453	0.0022435574846796417	1.0000924897905972
2.2679589997934384	1.884527542025654	0.06692298914287573	0.7355331544886198	0.1017004971684709	99.24191644831983	101.06524974522453	0.0022435574846796417	1.0000924897905972
2.2679589997934384	1.8918170172411262	0.06692298914287573	0.7355331544886198	0.1017004971684709	99.24191644831983	101.06524974522453	0.0022435574846796417	1.0000924897905972
2.2679589997934384	1.8918170172411262	0.06692298914287573	0.7355331544886198	0.1017004971684709	99.24191644831983	101.06524974522453	0.0022435574846796417	1.0000853596332704
2.2679589997934384	1.8918170172411262	0.06692298914287573	0.7355331544886198	0.1017004971684709	99.24191644831983	101.11872635071673	0.0022435574846796417	1.0000853596332704
2.2679589997934384	1.8918170172411262	0.06692298914287573	0.7355331544886198	0.1017004971684709	99.24191644831983	101.11872635071673	0.0022435574846796417	1.0000853596332704
2.2679589997934384	1.8918170172411262	0.06692298914287573	0.7355331544886198	0.1017004971684709	99.24191644831983	101.11872635071673	0.0022435574846796417	1.0000853596332704
2.2679589997934384	1.8918170172411262	0.06692298914287573	0.7355331544886198	0.1017004971684709	99.24197382969429	101.11872635071673	0.0022435574846796417	1.0000853596332704
2.2679589997934384	1.8918170172411262	0.06692298914287573	0.7355331544886198	0.10169945437106435	99.24197382969429	101.11872635071673	0.0022435574846796417	1.0000853596332704
2.2679589997934384	1.8918170172411262	0.06692298914287573	0.7355331544886198	0.10169945437106435	99.24197382969429	101.11872635071673	0.0022435574846796417	1.0000853596332704
2.2679589997934384	1.8918170172411262	0.06692298914287573	0.7355331544886198	0.10169945437106435	99.24197382969429	101.11872635071673	0.0022435574846796417	1.0000853596332704
2.2679589997934384	1.8853305153275473	0.06692298914287573	0.7355331544886198	0.10169945437106435	99.24197382969429	101.11872635071673	0.0022435574846796417	1.0000853596332704
2.2679589997934384	1.8853305153275473	0.06692298914287573	0.7355331544886198	0.10169945437106435	99.24197382969429	101.11872635071673	0.0022435574846796417	1.0000853596332704
2.2679589997934384	1.8853305153275473	0.06692298914287573	0.7355331544886198	0.10169945437106435	99.24197382969429	101.12497581965073	0.0022435574846796417	1.0000853596332704
2.2679589997934384	1.8853305153275473	0.06692298914287573	0.7355331544886198	0.10169945437106435	99.24197382969429	101.12497581965073	0.0022435574846796417	1.0000853596332704
2.2679589997934384	1.8853305153275473	0.06692298914287573	0.7355331544886198	0.10169935687732941	99.24197382969429	101.12497581965073	0.0022435574846796417	1.0000853596332704
2.2679589997934384	1.8853305153275473	0.06692298914287573	0.7355331544886198	0.10169935687732941	99.24197382969429	101.12497581965073	0.0022435574846796417	1.0000853596332704
2.2679589997934384	1.8853305153275473	0.06692298914287573	0.7355331544886198	0.10169935687732941	99.24197382969429	101.12497581965073	0.0022435574846796417	1.0000853596332704
2.2679589997934384	1.8853305153275473	0.06692298914287573	0.7355331544886198	0.10169935687732941	99.24197382969429	101.12497581965073	0.0022438386094252956	1.0000853596332704
2.2679589997934384	1.8853305153275473	0.06692298914287573	0.7355331544886198	0.10169935687732941	99.24197382969429	101.12497581965073	0.0022438386094252956	1.0000853596332704
2.2679589997934384	1.8853305153275473	0.06692298914287573	0.7355331544886198	0.10169935687732941	99.24203721618733	101.12497581965073	0.0022438386094252956	1.0000853596332704
2.2679589997934384	1.8853305153275473	0.06692298914287573	0.7355331544886198	0.10169935687732941	99.24203721618733	103.76719578110476	0.0022438386094252956	1.0000853596332704
2.265808744449468	1.8853305153275473	0.06692298914287573	0.7355331544886198	0.10169935687732941	99.24203721618733	103.76719578110476	0.0022438386094252956	1.0000853596332704
2.265808744449468	1.8853305153275473	0.06692298914287573	0.7355331544886198	0.10169935687732941	99.24203216554274	103.76719578110476	0.0022438386094252956	1.0000853596332704
2.265808744449468	1.8853305153275473	0.06692298914287573	0.7355331544886198	0.10169935687732941	99.24203216554274	103.76719578110476	0.0022418174147907205	1.0000853596332704
2.265808744449468	1.8853305153275473	0.06692298914287573	0.7355331544886198	0.10169935687732941	99.24203216554274	103.76719578110476	0.0022418174147907205	1.0000853596332704
2.265808744449468	1.885010646482325	0.06692298914287573	0.7355331544886198	0.10169935687732941	99.24203216554274	103.76719578110476	0.0022418174147907205	1.0000853596332704
2.265808744449468	1.885010646482325	0.06692298914287573	0.7355331544886198	0.10169935687732941	99.24203216554274	103.76719578110476	0.0022418174147907205	1.0000853596332704
2.265808744449468	1.885010646482325	0.06692298914287573	0.7355331544886198	0.10169935687732941	99.24203216554274	103.76719578110476	0.0022418174147907205	1.0000853596332704
2.265808744449468	1.885010646482325	0.06692298914287573	0.7355331544886198	0.10169935687732941	99.24203216554274	103.76719578110476	0.0022420768923718673	1.0000853596332704
2.265808744449468	1.885010646482325	0.06692298914287573	0.7355331544886198	0.10169935687732941	99.24203216554274	103.76719578110476	0.0022420768923718673	1.0000853596332704
2.265808744449468	1.885010646482325	0.06692298914287573	0.7355331544886198	0.10169935687732941	99.24203216554274	103.76719578110476	0.0022420768923718673	1.0000853596332704
2.265849324349704	1.885010646482325	0.06692298914287573	0.7355331544886198	0.10169935687732941	99.24203216554274	103.76719578110476	0.0022420768923718673	1.0000853596332704
2.265849324349704	1.884900388990695	0.06692298914287573	0.7355331544886198	0.10169935687732941	99.24203216554274	103.76719578110476	0.0022420768923718673	1.0000853596332704
2.265849324349704	1.884900388990695	0.06687422999969792	0.7355331544886198	0.10169935687732941	99.24203216554274	103.76719578110476	0.0022420768923718673	1.0000853596332704
2.265849324349704	1.8848538924906073	0.06687422999969792	0.7355331544886198	0.10169935687732941	99.24203216554274	103.76719578110476	0.0022420768923718673	1.0000853596332704
2.265849324349704	1.8848538924906073	0.06687422999969792	0.7355331544886198	0.10169935687732941	99.24191664371129	103.76719578110476	0.0022420768923718673	1.0000853596332704
2.265849324349704	1.8848538924906073	0.06687422999969792	0.7355331544886198	0.10169935687732941	99.24191664371129	103.76719578110476	0.0022420768923718673	1.0000853596332704
2.265849324349704	1.8848538924906073	0.06687422999969792	0.7355331544886198	0.10169935687732941	99.24191664371129	103.76719578110476	0.0022420768923718673	1.0000853596332704
2.265849324349704	1.8848538924906073	0.06687422999969792	0.7355331544886198	0.10169935687732941	99.24191664371129	103.76719578110476	0.0022420768923718673	1.0000853596332704
2.265849324349704	1.8848538924906073	0.06687422999969792	0.7355331544886198	0.10169935687732941	99.24191664371129	103.76719578110476	0.0022420768923718673	1.0000853596332704
2.265849324349704	1.8848538924906073	0.06687422999969792	0.7355331544886198	0.10169935687732941	99.24191664371129	103.76719578110476	0.0022420768923718673	1.0000853596332704
2.265849324349704	1.8848538924906073	0.06687422999969792	0.7355331544886198	0.10169935687732941	99.24191664371129	103.76719578110476	0.0022420768923718673	1.0000853596332704
2.26302324367374	1.8848538924906073	0.06687422999969792	0.7355331544886198	0.10169935687732941	99.24191664371129	103.76719578110476	0.0022420768923718673	1.0000853596332704
2.26302324367374	1.8848538924906073	0.06687422999969792	0.7355331544886198	0.10169935687732941	99.24191664371129	103.76669025494166	0.0022420768923718673	1.0000853596332704
2.26302324367374	1.8848538924906073	0.06687422999969792	0.7355331544886198	0.10169935687732941	99.24191664371129	103.76669025494166	0.0022420680876807323	1.0000853596332704
2.26302324367374	1.8848538924906073	0.06687422999969792	0.7355331544886198	0.10169935687732941	99.24191664371129	103.76669025494166	0.0022420680876807323	1.0000853596332704
2.26302324367374	1.8848538924906073	0.06687422999969792	0.7355331544886198	0.10169935687732941	99.24191664371129	103.76669025494166	0.0022420680876807323	1.0000853596332704
2.26302324367374	1.8848538924906073	0.06687422999969792	0.7355331544886198	0.10169935687732941	99.24191664371129	103.76669025494166	0.0022420680876807323	1.0000853596332704
2.26302324367374	1.8848538924906073	0.06687422999969792	0.7355331544886198	0.10169935687732941	99.24191664371129	103.76669025494166	0.0022420680876807323	1.0000853596332704
2.26302324367374	1.8848538924906073	0.06687422999969792	0.7355331544886198	0.10169935687732941	99.24191664371129	103.76669025494166	0.0022420680876807323	1.0000853596332704
2.26302324367374	1.8848538924906073	0.06687422999969792	0.7355331544886198	0.10169935687732941	99.24191664371129	103.76669025494166	0.0022420680876807323	1.0000853596332704
2.26302324367374	1.8813093071373068	0.06687422999969792	0.7355331544886198	0.10169935687732941	99.24191664371129	103.76669025494166	0.0022420680876807323	1.0000853596332704
2.26302324367374	1.8813093071373068	0.06687422999969792	0.7355331544886198	0.10169935687732941	99.24191664371129	103.76669025494166	0.0022468809590512127	1.0000853596332704
2.26302324367374	1.8813093071373068	0.06687422999969792	0.7355331544886198	0.10169935687732941	99.24191664371129	103.76669025494166	0.0022468809590512127	1.0000853596332704
2.26302324367374	1.8813093071373068	0.06687422999969792	0.7355331544886198	0.10169935687732941	99.24191664371129	103.76669025494166	0.0022468809590512127	1.0000853596332704
2.26302324367374	1.8813093071373068	0.06687422999969792	0.7355331544886198	0.10169935687732941	99.24191664371129	103.76669025494166	0.0022468809590512127	1.0000849878348137
2.26302324367374	1.8813093071373068	0.06687422999969792	0.7355331544886198	0.10169935687732941	99.24191664371129	103.76669025494166	0.002251326081316248	1.0000849878348137
2.26302324367374	1.8813093071373068	0.06687422999969792	0.7355331544886198	0.10169935687732941	99.24191664371129	103.76669025494166	0.0022484010271516834	1.0000849878348137
2.26302324367374	1.8813093071373068	0.06687422999969792	0.7355331544886198	0.10169935687732941	99.24191664371129	103.76669025494166	0.0022484010271516834	1.0000849878348137
2.26302324367374	1.8813093071373068	0.06687422999969792	0.7355331544886198	0.10169935687732941	99.24191664371129	103.76669025494166	0.0022484010271516834	1.0000849878348137
2.26302324367374	1.8813093071373068	0.06687422999969792	0.7355331544886198	0.10169935687732941	99.24191664371129	103.76669025494166	0.0022484010271516834	1.0000849878348137
2.26302324367374	1.8813093071373068	0.06687422999969792	0.7355331544886198	0.10169935687732941	99.24191664371129	103.76669025494166	0.0022515048612770793	1.0000849878348137
2.26302324367374	1.8813093071373068	0.06687422999969792	0.7355331544886198	0.10169935687732941	99.24191664371129	103.76669025494166	0.0022515048612770793	1.0000849878348137
2.26302324367374	1.8813093071373068	0.06686295519880606	0.7355331544886198	0.10169935687732941	99.24191664371129	103.76669025494166	0.0022515048612770793	1.0000849878348137
2.26302324367374	1.8813093071373068	0.06686295519880606	0.7355331544886198	0.1016994660796966	99.24191664371129	103.76669025494166	0.0022515048612770793	1.0000849878348137
2.26302324367374	1.8813093071373068	0.06686295519880606	0.7355331544886198	0.1016994660796966	99.24191664371129	103.76669025494166	0.0022515048612770793	1.0000849878348137
2.26302324367374	1.8813093071373068	0.06686295519880606	0.7355331544886198	0.1016994660796966	99.24191664371129	103.76669025494166	0.0021638809450161894	1.0000849878348137
2.26302324367374	1.8813093071373068	0.06686295519880606	0.7355331544886198	0.1016994660796966	99.24191664371129	103.76669025494166	0.002163846673108873	1.0000849878348137
2.26302324367374	1.8813093071373068	0.06686295519880606	0.7355331544886198	0.1016994660796966	99.24191664371129	103.84910182642346	0.002163846673108873	1.0000849878348137
2.26302324367374	1.881309819185038	0.06686295519880606	0.7355331544886198	0.1016994660796966	99.24191664371129	103.84910182642346	0.002163846673108873	1.0000849878348137
2.26302324367374	1.881309819185038	0.06686295519880606	0.7355331544886198	0.1016994660796966	99.24191664371129	103.84910182642346	0.002163846673108873	1.0000849878348137
2.26302324367374	1.881309819185038	0.06686295519880606	0.7355331544886198	0.1016994660796966	99.24174833198131	103.84910182642346	0.002163846673108873	1.0000849878348137
2.26302324367374	1.881309819185038	0.06686295519880606	0.7355331544886198	0.1016994660796966	99.24174833198131	103.84910182642346	0.002156087233809078	1.0000849878348137
2.26302324367374	1.881309819185038	0.06686295519880606	0.7355331544886198	0.10145290338253492	99.24174833198131	103.84910182642346	0.002156087233809078	1.0000849878348137
2.26302324367374	1.881309819185038	0.06686295519880606	0.7355331544886198	0.10145290338253492	99.24174833198131	103.84910182642346	0.002156100907229681	1.0000849878348137
2.26302324367374	1.881309819185038	0.06686295519880606	0.7355331544886198	0.10145290338253492	99.24174833198131	103.84910182642346	0.002156100907229681	1.0000849878348137
2.26302324367374	1.881309819185038	0.06686295519880606	0.7355331544886198	0.10145290338253492	99.24174833198131	103.84910182642346	0.002156100907229681	1.0000849878348137
2.26302324367374	1.881309819185038	0.06686295519880606	0.7355331544886198	0.10145290338253492	99.24174833198131	103.84910182642346	0.002156100907229681	1.0000849878348137
2.26302324367374	1.881309819185038	0.06686295519880606	0.7355331544886198	0.10145290338253492	99.24174833198131	103.84910182642346	0.002156100907229681	1.0000849878348137
2.2630236914273913	1.881309819185038	0.06686295519880606	0.7355331544886198	0.10145290338253492	99.24174833198131	103.84910182642346	0.002156100907229681	1.0000849878348137
2.2630236914273913	1.881309819185038	0.06686295519880606	0.7355331544886198	0.10145290338253492	99.24174833198131	103.84910182642346	0.002156100907229681	1.0000849878348137
2.2630236914273913	1.8813094384451918	0.06686295519880606	0.7355331544886198	0.10145290338253492	99.24174833198131	103.84910182642346	0.002156100907229681	1.0000849878348137
2.2630236914273913	1.8813094384451918	0.06686295519880606	0.7355331544886198	0.10145290338253492	99.24174833198131	103.84910182642346	0.002156100907229681	1.0000849878348137
2.2630236914273913	1.8813094384451918	0.06686295519880606	0.7355331544886198	0.10145290338253492	99.24174833198131	103.84910182642346	0.0021734549355298827	1.0000849878348137
2.263027350494417	1.8813094384451918	0.06686295519880606	0.7355331544886198	0.10145290338253492	99.24174833198131	103.84910182642346	0.0021734549355298827	1.0000849878348137
2.263027350494417	1.8813094384451918	0.06686295519880606	0.7355331544886198	0.10145290338253492	99.24174833198131	103.84910182642346	0.0021734549355298827	1.0000849878348137
2.263027350494417	1.8813166527274314	0.06686295519880606	0.7355331544886198	0.10145290338253492	99.24174833198131	103.84910182642346	0.0021734549355298827	1.0000849878348137
2.263027350494417	1.8813166527274314	0.06686295519880606	0.7355331544886198	0.10145290338253492	99.24174833198131	103.848942736453	0.0021734549355298827	1.0000849878348137
2.263027350494417	1.8813166527274314	0.06686295519880606	0.7355331544886198	0.10145290338253492	99.24174833198131	103.848942736453	0.0021734549355298827	1.0000849878348137
2.263027350494417	1.8813166527274314	0.06686295519880606	0.7355331544886198	0.10145290338253492	99.24174833198131	103.848942736453	0.0021734549355298827	1.0000849878348137
2.263027350494417	1.8811927142424607	0.06686295519880606	0.7355331544886198	0.10145290338253492	99.24174833198131	103.848942736453	0.0021734549355298827	1.0000849878348137
2.263027350494417	1.8811927142424607	0.06686295519880606	0.7355331544886198	0.10145290338253492	99.24174833198131	103.848942736453	0.0021735338831611016	1.0000849878348137
2.263027350494417	1.8811927142424607	0.06686295519880606	0.7355331544886198	0.10145290338253492	99.24174833198131	103.84875104004561	0.0021735338831611016	1.0000849878348137
2.263027350494417	1.8811927142424607	0.06686049347687908	0.7355331544886198	0.10145290338253492	99.24174833198131	103.84875104004561	0.0021735338831611016	1.0000849878348137
2.263027350494417	1.8811927142424607	0.06686049347687908	0.7355331544886198	0.10145290338253492	99.24174833198131	103.84875104004561	0.0021735338831611016	1.0000849878348137
2.263027350494417	1.8811927142424607	0.06686049347687908	0.7355331544886198	0.10145290338253492	99.24174833198131	103.84875104004561	0.002170907929080573	1.0000849878348137
2.263027350494417	1.8811927142424607	0.06686049347687908	0.7355331544886198	0.10145290338253492	99.24174833198131	103.84875104004561	0.002170907929080573	1.0000849878348137
2.263027350494417	1.8811927142424607	0.06686049347687908	0.7355115129976927	0.10145290338253492	99.24174833198131	103.84875104004561	0.002170907929080573	1.0000849878348137
2.263027350494417	1.8811927142424607	0.06686049347687908	0.7355115129976927	0.10145290338253492	99.19144017181723	103.84875104004561	0.002170907929080573	1.0000849878348137
2.263027350494417	1.8811927142424607	0.06686049347687908	0.7355115129976927	0.10145290338253492	99.19144017181723	103.84956950607776	0.002170907929080573	1.0000849878348137
2.263027350494417	1.8811927142424607	0.06686049347687908	0.7355115129976927	0.10145290338253492	99.19144017181723	103.84956950607776	0.002170907929080573	1.0000849878348137
2.263027350494417	1.8811927142424607	0.06686049347687908	0.7355115129976927	0.10145290338253492	99.19144017181723	103.84956950607776	0.002170907929080573	1.0000849878348137
2.263027350494417	1.8811927142424607	0.06686049347687908	0.7355115129976927	0.10145290338253492	99.19144017181723	103.84956950607776	0.0022493593149425823	1.0000849878348137
2.263027350494417	1.8811927142424607	0.06686049347687908	0.7355115129976927	0.10145290338253492	99.19144017181723	103.03768013555363	0.0022493593149425823	1.0000849878348137
2.263027350494417	1.8811927142424607	0.06686049347687908	0.7355115129976927	0.10145290338253492	99.19144017181723	103.03768013555363	0.0022493593149425823	1.0000849878348137
2.263027350494417	1.8811927142424607	0.06686049347687908	0.7355115129976927	0.10145290338253492	99.19144017181723	103.03768013555363	0.0022493593149425823	1.0000849878348137
2.263027350494417	1.8811927142424607	0.06686049347687908	0.7355115129976927	0.10145290338253492	99.19144017181723	103.03768013555363	0.0022493593149425823	1.0000849878348137
2.263027350494417	1.8811928789392398	0.06686049347687908	0.7355115129976927	0.10145290338253492	99.19144017181723	103.03768013555363	0.0022493593149425823	1.0000849878348137
2.263027350494417	1.8811928789392398	0.06686049347687908	0.7355115129976927	0.10145290338253492	99.19144017181723	103.03768013555363	0.0022493593149425823	1.0000849878348137
2.263027350494417	1.8811928789392398	0.06686049347687908	0.7355115129976927	0.10145290338253492	99.19144017181723	103.03768013555363	0.0022493593149425823	1.0000849878348137
2.263027350494417	1.8811928789392398	0.06686049347687908	0.7355115129976927	0.10145290338253492	99.19144017181723	103.03768013555363	0.0022493593149425823	1.0000849878348137
2.263027350494417	1.8811928789392398	0.06686049347687908	0.7355115129976927	0.10145290338253492	99.19144017181723	103.03768013555363	0.0022493593149425823	1.0000849878348137
2.263027350494417	1.8811928789392398	0.06685544970605485	0.7355115129976927	0.10145290338253492	99.19144017181723	103.03768013555363	0.0022493593149425823	1.0000849878348137
2.263027350494417	1.8811928789392398	0.06685544970605485	0.7355115129976927	0.10145290338253492	99.19144017181723	103.03768013555363	0.0022493593149425823	1.0000849878348137
2.2629029093268715	1.8811928789392398	0.06685544970605485	0.7355115129976927	0.10145290338253492	99.19144017181723	103.03768013555363	0.0022493593149425823	1.0000849878348137
2.2629029093268715	1.8811928789392398	0.06685544970605485	0.7355115129976927	0.10145290338253492	99.19144017181723	103.03768013555363	0.0022493593149425823	1.0000849878348137
2.2630730249419213	1.8811928789392398	0.06685544970605485	0.7355115129976927	0.10145290338253492	99.19144017181723	103.03768013555363	0.0022493593149425823	1.0000849878348137
2.2630730249419213	1.8811928789392398	0.06685544970605485	0.7355115129976927	0.10145290338253492	99.19144017181723	103.03768013555363	0.0022493593149425823	1.0000849878348137
2.2630730249419213	1.8811928789392398	0.06685544970605485	0.7355115129976927	0.10145290338253492	99.19144017181723	103.03768013555363	0.0022493593149425823	1.0000849878348137
2.2630730249419213	1.8811928789392398	0.06685544970605485	0.7355115129976927	0.10145290338253492	99.18680509656268	103.03768013555363	0.0022493593149425823	1.0000849878348137
2.2630730249419213	1.8824922514847413	0.06685544970605485	0.7355115129976927	0.10145290338253492	99.18680509656268	103.03768013555363	0.0022493593149425823	1.0000849878348137
2.2630730249419213	1.8824922514847413	0.06685544970605485	0.7354993924105656	0.10145290338253492	99.18680509656268	103.03768013555363	0.0022493593149425823	1.0000849878348137
2.2630730249419213	1.8824922514847413	0.06685544970605485	0.7354993924105656	0.10145329903568363	99.18680509656268	103.03768013555363	0.0022493593149425823	1.0000849878348137
2.2630730249419213	1.8824922514847413	0.06685544970605485	0.7354993924105656	0.10145329903568363	99.18680509656268	103.03768013555363	0.0022493593149425823	1.0000849878348137
2.2630730249419213	1.8825079337612458	0.06685544970605485	0.7354993924105656	0.10145329903568363	99.18680509656268	103.03768013555363	0.0022493593149425823	1.0000849878348137
2.2630730249419213	1.8825079337612458	0.06685544970605485	0.7354993924105656	0.10145329903568363	99.18680509656268	103.03768013555363	0.0022493593149425823	1.0000849878348137
2.2630749859815484	1.8825079337612458	0.06685544970605485	0.7354993924105656	0.10145329903568363	99.18680509656268	103.03768013555363	0.0022493593149425823	1.0000849878348137
2.2630749859815484	1.8825079337612458	0.06685544970605485	0.7354993924105656	0.10145329903568363	99.18680509656268	103.03768013555363	0.0022493593149425823	1.0000849878348137
2.2630749859815484	1.8825079337612458	0.06685544970605485	0.7354993924105656	0.10145329903568363	99.18680509656268	103.03768013555363	0.0022493593149425823	1.000089857457842
2.2630749859815484	1.8825079337612458	0.06685544970605485	0.7354993924105656	0.10145329903568363	99.18680509656268	103.03768013555363	0.0022493593149425823	1.000089857457842
2.2630749859815484	1.8825079337612458	0.06685544970605485	0.7354993924105656	0.10145329903568363	99.18680509656268	103.03768013555363	0.0022493593149425823	1.000089857457842
2.2630749859815484	1.8825079337612458	0.06685544970605485	0.7354993924105656	0.10145329903568363	99.18680509656268	103.03768013555363	0.0022493593149425823	1.000089857457842
2.2630749859815484	1.8825079337612458	0.06685544970605485	0.7354993924105656	0.10145329903568363	99.18680509656268	103.03768013555363	0.0022493593149425823	1.000089857457842
2.2630924777061256	1.8825079337612458	0.06685544970605485	0.7354993924105656	0.10145329903568363	99.18680509656268	103.03768013555363	0.0022493593149425823	1.000089857457842
2.2630924777061256	1.8825079337612458	0.06685544970605485	0.7354993924105656	0.10145329903568363	99.19098595363334	103.03768013555363	0.0022493593149425823	1.000089857457842
2.2630924777061256	1.8825079337612458	0.06685544970605485	0.7354993924105656	0.10145329903568363	99.19135119226374	103.03768013555363	0.0022493593149425823	1.000089857457842
2.2630924777061256	1.8825079337612458	0.06686386096304624	0.7354993924105656	0.10145329903568363	99.19135119226374	103.03768013555363	0.0022493593149425823	1.000089857457842
2.2630924777061256	1.8825079337612458	0.06686386096304624	0.7354993924105656	0.10145329903568363	99.19135119226374	103.03768013555363	0.0022493593149425823	1.000089857457842
2.2630924777061256	1.8825079337612458	0.06686386096304624	0.7354993924105656	0.10145329903568363	99.19135119226374	103.03768013555363	0.002241573931604681	1.000089857457842
2.2630924777061256	1.8825079337612458	0.06686386096304624	0.7354993924105656	0.10145329903568363	99.19135119226374	103.03768013555363	0.002241573931604681	1.000089857457842
2.2630924777061256	1.8825079337612458	0.06686386096304624	0.7354993924105656	0.10145329903568363	99.19135119226374	103.03768013555363	0.002241573931604681	1.000089857457842
2.2630924777061256	1.8825079337612458	0.0670134985567569	0.7354993924105656	0.10145329903568363	99.19135119226374	103.03768013555363	0.002241573931604681	1.000089857457842
2.2630924777061256	1.8825075520839247	0.0670134985567569	0.7354993924105656	0.10145329903568363	99.19135119226374	103.03768013555363	0.002241573931604681	1.000089857457842
2.2630924777061256	1.8825075520839247	0.06701055602449782	0.7354993924105656	0.10145329903568363	99.19135119226374	103.03768013555363	0.002241573931604681	1.000089857457842
2.2630924777061256	1.8825075520839247	0.06701055602449782	0.7354993924105656	0.10145329903568363	99.19135119226374	103.03768013555363	0.002241573931604681	1.000089857457842
2.2630924777061256	1.8825075520839247	0.06701055602449782	0.7354993924105656	0.10145329903568363	99.19135119226374	103.03768013555363	0.002241573931604681	1.000089857457842
2.2630924777061256	1.8825075520839247	0.06701055602449782	0.7354993924105656	0.10145329903568363	99.19135119226374	103.1621705941905	0.002241573931604681	1.000089857457842
2.2630924777061256	1.8825075520839247	0.06701055602449782	0.7354993924105656	0.10145329903568363	99.19135119226374	103.1621705941905	0.002241573931604681	1.000089857457842
2.2630924777061256	1.8831095810542553	0.06701055602449782	0.7354993924105656	0.10145329903568363	99.19135119226374	103.1621705941905	0.002241573931604681	1.000089857457842
2.2630924777061256	1.8831095810542553	0.06701055602449782	0.7354993924105656	0.10145329903568363	99.19135119226374	103.1621705941905	0.002241573931604681	1.000089857457842
2.2630924777061256	1.8831095810542553	0.06701055602449782	0.7354993924105656	0.10145329903568363	99.19135119226374	103.1621705941905	0.002241573931604681	1.000089857457842
2.2630924777061256	1.8831095810542553	0.06701055602449782	0.7354993924105656	0.10145329903568363	99.19135119226374	103.1621705941905	0.002241573931604681	1.000089857457842
2.2630932796449255	1.8831095810542553	0.06701055602449782	0.7354993924105656	0.10145329903568363	99.19135119226374	103.1621705941905	0.002241573931604681	1.000089857457842
2.2630932796449255	1.8831095810542553	0.06701055602449782	0.7364802206651253	0.10145329903568363	99.19135119226374	103.1621705941905	0.002241573931604681	1.000089857457842
2.2613354211873147	1.8831095810542553	0.06701055602449782	0.7364802206651253	0.10145329903568363	99.19135119226374	103.1621705941905	0.002241573931604681	1.000089857457842
2.2613354211873147	1.8831095810542553	0.06701055602449782	0.7364802206651253	0.10145329903568363	99.19135119226374	103.1621705941905	0.002241573931604681	1.000089857457842
2.2613354211873147	1.8831095810542553	0.06701055602449782	0.7364802206651253	0.10145329903568363	99.19135119226374	103.1621705941905	0.002241573931604681	1.000089857457842
2.2613354211873147	1.8831095810542553	0.06701055602449782	0.7364802206651253	0.10145329903568363	99.19135119226374	103.1621705941905	0.002241573931604681	1.000089857457842
2.2613354211873147	1.8831095810542553	0.06701055602449782	0.7364802206651253	0.10145329903568363	99.19135119226374	103.1621705941905	0.002241573931604681	1.000089857457842
2.2613354211873147	1.8831101157052255	0.06701055602449782	0.7364802206651253	0.10145329903568363	99.19135119226374	103.1621705941905	0.002241573931604681	1.000089857457842
2.2613354211873147	1.8831101157052255	0.06701055602449782	0.7364802206651253	0.10145329903568363	99.19295584081993	103.1621705941905	0.002241573931604681	1.000089857457842
2.2613354211873147	1.8831101157052255	0.06701055602449782	0.7364802206651253	0.10145329903568363	99.19295584081993	103.1621705941905	0.0022413543647505263	1.000089857457842
2.2613354211873147	1.8831101157052255	0.06701055602449782	0.7364802206651253	0.10145329903568363	99.19295584081993	103.15913942992692	0.0022413543647505263	1.000089857457842
2.2613354211873147	1.8831101157052255	0.06701055602449782	0.7364802206651253	0.10145329903568363	99.19295584081993	103.15913942992692	0.0022413543647505263	1.000089857457842
2.2613354211873147	1.8831101157052255	0.06701055602449782	0.7364802206651253	0.10145329903568363	99.19295584081993	103.15913942992692	0.0022413543647505263	1.000089857457842
2.2613354211873147	1.8832469164709185	0.06701055602449782	0.7364802206651253	0.10145329903568363	99.19295584081993	103.15913942992692	0.0022413543647505263	1.000089857457842
2.2613354211873147	1.8832469164709185	0.06701055602449782	0.7364802206651253	0.10145329903568363	99.19295584081993	103.14195015729912	0.0022413543647505263	1.000089857457842
2.2613354211873147	1.8831058485603611	0.06701055602449782	0.7364802206651253	0.10145329903568363	99.19295584081993	103.14195015729912	0.0022413543647505263	1.000089857457842
2.2613354211873147	1.8831058485603611	0.06701055602449782	0.7364802206651253	0.10145329903568363	99.19637028259626	103.14195015729912	0.0022413543647505263	1.000089857457842
2.2613354211873147	1.8831058485603611	0.06701055602449782	0.7364802206651253	0.10145329903568363	99.19637028259626	103.14195015729912	0.00224197821182547	1.000089857457842
2.2613354211873147	1.8831058485603611	0.06701055602449782	0.735810321599883	0.10145329903568363	99.19637028259626	103.14195015729912	0.00224197821182547	1.000089857457842
2.2613354211873147	1.8831058485603611	0.06701055602449782	0.735810321599883	0.10145329903568363	99.19637028259626	103.14195015729912	0.00224197821182547	1.000089857457842
2.2613354211873147	1.8831058485603611	0.06701142733339684	0.735810321599883	0.10145329903568363	99.19637028259626	103.14195015729912	0.00224197821182547	1.000089857457842
2.2613354211873147	1.8831058485603611	0.06701142733339684	0.735810321599883	0.10145329903568363	99.19637028259626	103.14195015729912	0.00224197821182547	1.000089857457842
2.2613354211873147	1.8831058485603611	0.06701142733339684	0.735810321599883	0.10145329903568363	99.19637028259626	103.14195015729912	0.00224197821182547	1.000089756870916
2.2613354211873147	1.8831058485603611	0.06701142733339684	0.735810321599883	0.10145329903568363	99.19637028259626	103.14195015729912	0.002242186279219309	1.000089756870916
2.2613354211873147	1.8831058485603611	0.06701142733339684	0.735810321599883	0.10145329903568363	99.19637028259626	103.14195015729912	0.002242186279219309	1.000089756870916
2.2613354211873147	1.8831058485603611	0.06701142733339684	0.7358370428986152	0.10145329903568363	99.19637028259626	103.14195015729912	0.002242186279219309	1.000089756870916
2.2613354211873147	1.8831058485603611	0.06701142733339684	0.7358370428986152	0.10145329903568363	99.19637028259626	103.14195015729912	0.002242186279219309	1.000089756870916
2.2613354211873147	1.8831058485603611	0.06701843111430247	0.7358370428986152	0.10145329903568363	99.19637028259626	103.14195015729912	0.002242186279219309	1.000089756870916
2.2613354211873147	1.8831058485603611	0.06701777682620645	0.7358370428986152	0.10145329903568363	99.19637028259626	103.14195015729912	0.002242186279219309	1.000089756870916
2.2615055585527166	1.8831058485603611	0.06701777682620645	0.7358370428986152	0.10145329903568363	99.19637028259626	103.14195015729912	0.002242186279219309	1.000089756870916
2.2615055585527166	1.8831058485603611	0.06701777682620645	0.7358370428986152	0.10145329903568363	99.19637028259626	103.14195015729912	0.002242186279219309	1.000089756870916
2.2615055585527166	1.8831058485603611	0.06701777682620645	0.7358370428986152	0.10145329903568363	99.19637028259626	103.14195015729912	0.002242186279219309	1.000089756870916
2.2615055585527166	1.8831058485603611	0.06701777682620645	0.7358370428986152	0.10145329903568363	99.19637028259626	103.14195015729912	0.002242186279219309	1.000089756870916
2.261506156700063	1.8831058485603611	0.06701777682620645	0.7358370428986152	0.10145329903568363	99.19637028259626	103.14195015729912	0.002242186279219309	1.000089756870916
2.261506156700063	1.8831058485603611	0.06701777682620645	0.7358370428986152	0.10145329903568363	99.19685418113274	103.14195015729912	0.002242186279219309	1.000089756870916
2.261506156700063	1.882966256247993	0.06701777682620645	0.7358370428986152	0.10145329903568363	99.19685418113274	103.14195015729912	0.002242186279219309	1.000089756870916
2.261506156700063	1.882966256247993	0.06701777682620645	0.7358370428986152	0.10145329903568363	99.19685418113274	103.14195015729912	0.002242186279219309	1.000089756870916
2.261506156700063	1.882966256247993	0.06701777682620645	0.7358370428986152	0.10145367614678182	99.19685418113274	103.14195015729912	0.002242186279219309	1.000089756870916
2.261506156700063	1.882966256247993	0.06701777682620645	0.7358370428986152	0.10145367614678182	99.19683060429604	103.14195015729912	0.002242186279219309	1.000089756870916
2.261506156700063	1.882966256247993	0.06701777682620645	0.7358370428986152	0.10145367614678182	99.19683060429604	103.14195015729912	0.002242186279219309	1.000089756870916
2.261506156700063	1.882966256247993	0.06701777682620645	0.7358370428986152	0.10145367614678182	99.19683060429604	103.14195015729912	0.002242186279219309	1.000089756870916
2.261506156700063	1.882966256247993	0.06701777682620645	0.7358370428986152	0.10145367614678182	99.19745685772635	103.14195015729912	0.002242186279219309	1.000089756870916
2.261506156700063	1.882966256247993	0.06701777682620645	0.7358370428986152	0.10145367614678182	99.18042030580625	103.14195015729912	0.002242186279219309	1.000089756870916
2.2614509281810333	1.882966256247993	0.06701777682620645	0.7358370428986152	0.10145367614678182	99.18042030580625	103.14195015729912	0.002242186279219309	1.000089756870916
2.2614509281810333	1.882966256247993	0.06701777682620645	0.7358370428986152	0.10134838702171259	99.18042030580625	103.14195015729912	0.002242186279219309	1.000089756870916
2.2614522192746964	1.882966256247993	0.06701777682620645	0.7358370428986152	0.10134838702171259	99.18042030580625	103.14195015729912	0.002242186279219309	1.000089756870916
2.2614522192746964	1.882966256247993	0.06701777682620645	0.7358370428986152	0.10134838702171259	99.18042030580625	103.14195015729912	0.002242186279219309	1.000089756870916
2.2614522192746964	1.882966256247993	0.06701777682620645	0.7358370428986152	0.10134838702171259	99.18042030580625	103.14195015729912	0.002242186279219309	1.000089756870916
2.2614522192746964	1.882966256247993	0.06701777682620645	0.7358370428986152	0.10134838702171259	99.18042030580625	103.14195015729912	0.002242186279219309	1.000089756870916
2.2614522192746964	1.882966256247993	0.06701777682620645	0.7358370428986152	0.10134838702171259	99.18042030580625	103.14195015729912	0.002242186279219309	1.000089756870916
2.2614522192746964	1.882966256247993	0.06701777682620645	0.7358370428986152	0.10134629684162076	99.18042030580625	103.14195015729912	0.002242186279219309	1.000089756870916
2.2614522192746964	1.882966256247993	0.06703950298974186	0.7358370428986152	0.10134629684162076	99.18042030580625	103.14195015729912	0.002242186279219309	1.000089756870916
2.2614522192746964	1.8833025036784061	0.06703950298974186	0.7358370428986152	0.10134629684162076	99.18042030580625	103.14195015729912	0.002242186279219309	1.000089756870916
2.2614522192746964	1.8833025036784061	0.06704811751788092	0.7358370428986152	0.10134629684162076	99.18042030580625	103.14195015729912	0.002242186279219309	1.000089756870916
2.2614522192746964	1.8833025036784061	0.06704811751788092	0.7358370428986152	0.10134629684162076	99.18042030580625	103.14195015729912	0.002242186279219309	1.000089756870916
2.2614522192746964	1.8833025036784061	0.06704811751788092	0.7358370428986152	0.10134629684162076	99.18042030580625	103.14195015729912	0.002242186279219309	1.000089756870916
2.2614349010539483	1.8833025036784061	0.06704811751788092	0.7358370428986152	0.10134629684162076	99.18042030580625	103.14195015729912	0.002242186279219309	1.000089756870916
2.2614349010539483	1.8833025036784061	0.06704811751788092	0.7358370428986152	0.10134629684162076	99.18042030580625	103.14195015729912	0.002242186279219309	1.000089756870916
2.2614349010539483	1.8833025036784061	0.06704811751788092	0.7358370428986152	0.10134629684162076	99.18042030580625	103.14195015729912	0.002242186279219309	1.000089756870916
2.2614349010539483	1.8833025036784061	0.06704811751788092	0.7358370428986152	0.10134629684162076	99.18042030580625	103.14195015729912	0.002242186279219309	1.000089756870916
2.2614349010539483	1.8833025036784061	0.06704811751788092	0.7358370428986152	0.10134629684162076	99.17253761400697	103.14195015729912	0.002242186279219309	1.000089756870916
2.2614349010539483	1.8833025036784061	0.06704811751788092	0.7358370428986152	0.10134629684162076	99.17253761400697	103.14195015729912	0.002242186279219309	1.000089756870916
2.2614349010539483	1.8833025036784061	0.06704811751788092	0.7358370428986152	0.10134629684162076	99.17253761400697	103.14195015729912	0.002242186279219309	1.000089756870916
2.26183013993922	1.8833025036784061	0.06704811751788092	0.7358370428986152	0.10134629684162076	99.17253761400697	103.14195015729912	0.002242186279219309	1.000089756870916
2.26183013993922	1.8833025036784061	0.06704811751788092	0.7358370428986152	0.10134629684162076	99.17253761400697	103.14195015729912	0.002242186279219309	1.000089756870916
2.26183013993922	1.8833025036784061	0.06704811751788092	0.7358370428986152	0.10134629684162076	99.17253761400697	103.14195015729912	0.002242186279219309	1.000089756870916
2.26183013993922	1.8833025036784061	0.06704811751788092	0.7358370428986152	0.10134629684162076	99.17253761400697	103.14195015729912	0.002242186279219309	1.000089756870916
2.26183013993922	1.8833025036784061	0.06704811751788092	0.7358370428986152	0.10134629684162076	99.17253761400697	103.14195015729912	0.002242186279219309	1.000089756870916
2.26183013993922	1.8833025036784061	0.06704811751788092	0.7358370428986152	0.10134629684162076	99.17253761400697	103.14195015729912	0.002242186279219309	1.000089756870916
2.2618275229061133	1.8833025036784061	0.06704811751788092	0.7358370428986152	0.10134629684162076	99.17253761400697	103.14195015729912	0.002242186279219309	1.000089756870916
2.2618275229061133	1.8833025036784061	0.06704811751788092	0.7358370428986152	0.10134629684162076	99.17253761400697	103.14195015729912	0.002242186279219309	1.000089756870916
2.2618275229061133	1.8833025036784061	0.06704811751788092	0.7358370428986152	0.10134629684162076	99.17253761400697	103.14195015729912	0.002242186279219309	1.000089756870916
2.2618275229061133	1.8833025036784061	0.06704811751788092	0.7358370428986152	0.10134629684162076	99.17253761400697	103.14195015729912	0.002242186279219309	1.000089756870916
2.2618275229061133	1.8833352172967082	0.06704811751788092	0.7358370428986152	0.10134629684162076	99.17253761400697	103.14195015729912	0.002242186279219309	1.000089756870916
2.2618275229061133	1.8833352172967082	0.06704811751788092	0.7358370428986152	0.10134629684162076	99.1727503441153	103.14195015729912	0.002242186279219309	1.000089756870916
2.2618275229061133	1.8833352172967082	0.06704811751788092	0.7358370428986152	0.10134629684162076	99.1727503441153	103.14195015729912	0.002242186279219309	1.000089756870916
2.2618275229061133	1.8833352172967082	0.06704811751788092	0.7358370428986152	0.10134629684162076	99.1727503441153	103.14195015729912	0.002242186279219309	1.000089756870916
2.2618275229061133	1.8833352172967082	0.06704811751788092	0.7358370428986152	0.10134629684162076	99.1728714298311	103.14195015729912	0.002242186279219309	1.000089756870916
2.2618275229061133	1.8833352172967082	0.06704811751788092	0.7362582457511133	0.10134629684162076	99.1728714298311	103.14195015729912	0.002242186279219309	1.000089756870916
2.2618275229061133	1.8833352172967082	0.06704811751788092	0.7362582457511133	0.10134629684162076	99.1728714298311	103.14195015729912	0.002242186279219309	1.000089756870916
2.2618275229061133	1.8833352172967082	0.06704811751788092	0.7362582457511133	0.10134629684162076	99.1728714298311	103.14195015729912	0.002242186279219309	1.000089756870916
2.2618275229061133	1.8833352172967082	0.06704811751788092	0.7362582457511133	0.10134629684162076	99.1728714298311	102.8988196646556	0.002242186279219309	1.000089756870916
2.2618275229061133	1.8833352172967082	0.06704811751788092	0.7362582457511133	0.10134629684162076	99.17310048021528	102.8988196646556	0.002242186279219309	1.000089756870916
2.2618275229061133	1.8833352172967082	0.06704811751788092	0.7362582457511133	0.10134629684162076	99.17310048021528	102.8988196646556	0.002242186279219309	1.000089756870916
2.2618275229061133	1.8833352172967082	0.06704811751788092	0.7362582457511133	0.10134629684162076	99.17310048021528	102.8988196646556	0.002242186279219309	1.000089756870916
2.2618275229061133	1.8833352172967082	0.06704811751788092	0.7362582457511133	0.10134629684162076	99.17310048021528	102.8988196646556	0.002242186279219309	1.000089756870916
2.2618275229061133	1.8833352172967082	0.06704811751788092	0.7362582457511133	0.10134629684162076	99.17310048021528	102.8988196646556	0.002242186279219309	1.000089756870916
2.2618275229061133	1.8833352172967082	0.06704811751788092	0.7362582457511133	0.10134629684162076	99.17310048021528	102.8988196646556	0.002242186279219309	1.000089756870916
2.2618275229061133	1.8833352172967082	0.06704811751788092	0.7362582457511133	0.10134629684162076	99.17310048021528	103.36965462688407	0.002242186279219309	1.000089756870916
2.2618275229061133	1.8833352172967082	0.06704811751788092	0.7362582457511133	0.10134629684162076	99.17310048021528	103.36965462688407	0.002242186279219309	1.000089756870916
2.2618275229061133	1.8833352172967082	0.06704811751788092	0.7362582457511133	0.10134629684162076	99.17310048021528	103.36965462688407	0.0022315008910800066	1.000089756870916
2.2618275229061133	1.8833352172967082	0.06704811751788092	0.7362582457511133	0.10131885637208123	99.17310048021528	103.36965462688407	0.0022315008910800066	1.000089756870916
2.2618275229061133	1.8835272204895133	0.06704811751788092	0.7362582457511133	0.10131885637208123	99.17310048021528	103.36965462688407	0.0022315008910800066	1.000089756870916
2.2618275229061133	1.8833534611874947	0.06704811751788092	0.7362582457511133	0.10131885637208123	99.17310048021528	103.36965462688407	0.0022315008910800066	1.000089756870916
2.2618275229061133	1.8833534611874947	0.06704811751788092	0.7362582457511133	0.10131885637208123	99.17310048021528	103.37116638290219	0.0022315008910800066	1.000089756870916
2.2618275229061133	1.8833534611874947	0.06704811751788092	0.7362582457511133	0.10131885637208123	99.17310048021528	103.37116638290219	0.0022315008910800066	1.000089756870916
2.2618275229061133	1.8833534611874947	0.06704811751788092	0.7362582457511133	0.10131885637208123	99.17310048021528	103.36892312383512	0.0022315008910800066	1.000089756870916
2.2618275229061133	1.8833534611874947	0.06704811751788092	0.7362582457511133	0.10131885637208123	99.17310048021528	103.36892312383512	0.0022315008910800066	1.000089756870916
2.2618275229061133	1.8833534611874947	0.06704811751788092	0.7362582457511133	0.10131885637208123	99.17310048021528	103.36892312383512	0.0022315008910800066	1.0000886931762178
2.2618275229061133	1.8833534611874947	0.06704811751788092	0.7362582457511133	0.10131885637208123	99.17310048021528	103.15470698846295	0.0022315008910800066	1.0000886931762178
2.2618275229061133	1.8833534611874947	0.06704811751788092	0.7362582457511133	0.10131885637208123	99.17310048021528	103.15470698846295	0.0022315008910800066	1.0000886931762178
2.2618275229061133	1.8833534611874947	0.06704811751788092	0.7362582457511133	0.10131885637208123	99.17310048021528	103.15470698846295	0.0022315008910800066	1.0000886931762178
2.2618275229061133	1.8833534611874947	0.06704811751788092	0.7362582457511133	0.10131885637208123	99.17310048021528	103.15470698846295	0.0022315008910800066	1.0000886931762178
2.2618275229061133	1.8833534611874947	0.06704811751788092	0.7362582457511133	0.10131885637208123	99.17310048021528	103.15470698846295	0.0022315008910800066	1.0000886931762178
2.2618275229061133	1.8833534611874947	0.06704811751788092	0.7362582457511133	0.10131885637208123	99.17310048021528	103.15470698846295	0.0022315008910800066	1.0000886931762178
2.2618275229061133	1.8833534611874947	0.06704811751788092	0.7362582457511133	0.10131885637208123	99.17310048021528	103.15470698846295	0.0022315008910800066	1.000088591158989
2.2618275229061133	1.8833534611874947	0.06704811751788092	0.7362582457511133	0.10131885637208123	99.17310048021528	103.15470698846295	0.0022315008910800066	1.000088591158989
2.2618275229061133	1.8833534611874947	0.06704811751788092	0.7362582457511133	0.10131885637208123	99.17310048021528	103.15470698846295	0.002227753358996806	1.000088591158989
2.2618275229061133	1.8833534611874947	0.06704811751788092	0.7362582457511133	0.10131885637208123	99.17310048021528	103.15470698846295	0.002227753358996806	1.000088591158989
2.2618275229061133	1.8836677074516763	0.06704811751788092	0.7362582457511133	0.10131885637208123	99.17310048021528	103.15470698846295	0.002227753358996806	1.000088591158989
2.2614144160277667	1.8836677074516763	0.06704811751788092	0.7362582457511133	0.10131885637208123	99.17310048021528	103.15470698846295	0.002227753358996806	1.000088591158989
2.2614144160277667	1.8836677074516763	0.06704811751788092	0.7362582457511133	0.10131885637208123	99.17310048021528	103.15470698846295	0.002227753358996806	1.000088591158989
2.2614144160277667	1.8836677074516763	0.06704811751788092	0.7362582457511133	0.10131885637208123	99.17310048021528	103.15470698846295	0.002227753358996806	1.000088591158989
2.2614144160277667	1.8836677074516763	0.06704811751788092	0.7362582457511133	0.10131885637208123	99.17310048021528	103.15470698846295	0.002227753358996806	1.0000894623130445
2.2614144160277667	1.8836677074516763	0.06704811751788092	0.7362582457511133	0.10131885637208123	99.17310048021528	103.15470698846295	0.002227753358996806	1.0000894623130445
2.261437191916108	1.8836677074516763	0.06704811751788092	0.7362582457511133	0.10131885637208123	99.17310048021528	103.15470698846295	0.002227753358996806	1.0000894623130445
2.261437191916108	1.8836677074516763	0.06704811751788092	0.7362582457511133	0.10133464849268113	99.17310048021528	103.15470698846295	0.002227753358996806	1.0000894623130445
2.261437191916108	1.8836677074516763	0.06704811751788092	0.7362582457511133	0.10133464849268113	99.17310048021528	103.18442066474827	0.002227753358996806	1.0000894623130445
2.261437191916108	1.8836677074516763	0.06704875115308291	0.7362582457511133	0.10133464849268113	99.17310048021528	103.18442066474827	0.002227753358996806	1.0000894623130445
2.261437191916108	1.8836677074516763	0.06704875115308291	0.7362582457511133	0.10133464849268113	99.17247104256674	103.18442066474827	0.002227753358996806	1.0000894623130445
2.261437191916108	1.8836677074516763	0.06704875115308291	0.7362582457511133	0.10133459370038728	99.17247104256674	103.18442066474827	0.002227753358996806	1.0000894623130445
2.261437191916108	1.8836677074516763	0.06704875115308291	0.7362582457511133	0.1013347502120823	99.17247104256674	103.18442066474827	0.002227753358996806	1.0000894623130445
2.261437191916108	1.8836672163378738	0.06704875115308291	0.7362582457511133	0.1013347502120823	99.17247104256674	103.18442066474827	0.002227753358996806	1.0000894623130445
2.261437191916108	1.8836672163378738	0.06704875115308291	0.7362582457511133	0.1013347502120823	99.17247104256674	103.18442066474827	0.002227753358996806	1.0000894623130445
2.261437191916108	1.8836672163378738	0.06704875115308291	0.7362582457511133	0.1013347502120823	99.17247104256674	103.18442066474827	0.002227753358996806	1.0000894623130445
2.261437191916108	1.8836672163378738	0.06704875115308291	0.7362582457511133	0.1013347502120823	99.17247104256674	103.18442066474827	0.0022277240445806724	1.0000894623130445
2.261437191916108	1.8836672163378738	0.06704875115308291	0.7362582457511133	0.1013347502120823	99.17247104256674	103.18442066474827	0.0022277240445806724	1.0000896082869928
2.261437191916108	1.8836672163378738	0.06704875115308291	0.7362582457511133	0.1013347502120823	99.17247104256674	102.87674135186441	0.0022277240445806724	1.0000896082869928
2.261437191916108	1.8836672163378738	0.06704875115308291	0.7362582457511133	0.1013347502120823	99.17247104256674	102.87674135186441	0.0022277240445806724	1.0000896082869928
2.261437191916108	1.8836672163378738	0.06704875115308291	0.7362582457511133	0.1013347502120823	99.17247104256674	102.87674135186441	0.0022277240445806724	1.0000896082869928
2.261437191916108	1.8836672163378738	0.06704875115308291	0.7362582457511133	0.10133399872064273	99.17247104256674	102.87674135186441	0.0022277240445806724	1.0000896082869928
2.261437191916108	1.8836420528127495	0.06704875115308291	0.7362582457511133	0.10133399872064273	99.17247104256674	102.87674135186441	0.0022277240445806724	1.0000896082869928
2.261437191916108	1.8836420528127495	0.06702945944668148	0.7362582457511133	0.10133399872064273	99.17247104256674	102.87674135186441	0.0022277240445806724	1.0000896082869928
2.261437191916108	1.8836420528127495	0.06702945944668148	0.7362582457511133	0.10133399872064273	99.17247104256674	102.87674135186441	0.0022277240445806724	1.0000896082869928
2.261437191916108	1.8836420528127495	0.06702945944668148	0.7362582457511133	0.10133399872064273	99.17247104256674	102.87674135186441	0.0022277240445806724	1.0000896082869928
2.261437191916108	1.8836420528127495	0.06702945944668148	0.7362582457511133	0.10133399872064273	99.17247104256674	102.87674135186441	0.0022277240445806724	1.0000896082869928
2.261437191916108	1.8836420528127495	0.06702945944668148	0.7362582457511133	0.10133399872064273	99.17247104256674	102.87674135186441	0.0022277240445806724	1.0000896082869928
2.261437191916108	1.8836420528127495	0.06702945944668148	0.7362582457511133	0.10133399872064273	99.17247104256674	102.87674135186441	0.0022277240445806724	1.0000896082869928
2.261437191916108	1.8836420528127495	0.06702945944668148	0.7362582457511133	0.10133399872064273	99.17247104256674	102.87674135186441	0.0022277240445806724	1.0000896082869928
2.261437191916108	1.8836420528127495	0.06702945944668148	0.7362582457511133	0.10133383365104859	99.17247104256674	102.87674135186441	0.0022277240445806724	1.0000896082869928
2.261437191916108	1.8836420528127495	0.06702945944668148	0.7362582457511133	0.10133383365104859	99.17247104256674	102.87674135186441	0.0022155434508505344	1.0000896082869928
2.261442974213115	1.8836420528127495	0.06702945944668148	0.7362582457511133	0.10133383365104859	99.17247104256674	102.87674135186441	0.0022155434508505344	1.0000896082869928
2.261442974213115	1.8836420528127495	0.06702374085312283	0.7362582457511133	0.10133383365104859	99.17247104256674	102.87674135186441	0.0022155434508505344	1.0000896082869928
2.261442974213115	1.8836420528127495	0.06702374085312283	0.7362582457511133	0.10133383365104859	99.17247104256674	102.87674135186441	0.002215557715780436	1.0000896082869928
2.261442974213115	1.8836420528127495	0.06702374085312283	0.7362582457511133	0.10133383365104859	99.17247104256674	102.87674135186441	0.002215557715780436	1.0000897815777474
2.261442974213115	1.8837750901615447	0.06702374085312283	0.7362582457511133	0.10133383365104859	99.17247104256674	102.87674135186441	0.002215557715780436	1.0000897815777474
2.261442974213115	1.8837810383078828	0.06702374085312283	0.7362582457511133	0.10133383365104859	99.17247104256674	102.87674135186441	0.002215557715780436	1.0000897815777474
2.261442974213115	1.8837769077187414	0.06702374085312283	0.7362582457511133	0.10133383365104859	99.17247104256674	102.87674135186441	0.002215557715780436	1.0000897815777474
2.261442974213115	1.8837769077187414	0.06702374085312283	0.7362582457511133	0.1013404163585295	99.17247104256674	102.87674135186441	0.002215557715780436	1.0000897815777474
2.261442974213115	1.8837769077187414	0.06702374085312283	0.7362582457511133	0.1013404163585295	99.17247104256674	102.87674135186441	0.002215557715780436	1.0000897815777474
2.261442974213115	1.8837769077187414	0.06702374085312283	0.7362582457511133	0.1013404163585295	99.17247104256674	102.87674135186441	0.002215557715780436	1.0000897815777474
2.261442974213115	1.8863741191768084	0.06702374085312283	0.7362582457511133	0.1013404163585295	99.17247104256674	102.87674135186441	0.002215557715780436	1.0000897815777474
2.261442974213115	1.8863741191768084	0.06702374085312283	0.7362582457511133	0.1013404163585295	99.17247104256674	102.87674135186441	0.002215531545677373	1.0000897815777474
2.2614500275341016	1.8863741191768084	0.06702374085312283	0.7362582457511133	0.1013404163585295	99.17247104256674	102.87674135186441	0.002215531545677373	1.0000897815777474
2.2614500275341016	1.8881343426668986	0.06702374085312283	0.7362582457511133	0.1013404163585295	99.17247104256674	102.87674135186441	0.002215531545677373	1.0000897815777474
2.2614500275341016	1.8881345896319048	0.06702374085312283	0.7362582457511133	0.1013404163585295	99.17247104256674	102.87674135186441	0.002215531545677373	1.0000897815777474
2.2614500275341016	1.8881345896319048	0.06702374085312283	0.7362582457511133	0.1013404163585295	99.17247104256674	102.87674135186441	0.002215531545677373	1.0000897815777474
2.2614500275341016	1.8881345896319048	0.06702374085312283	0.7362582457511133	0.1013404163585295	99.17247104256674	102.53742367402839	0.002215531545677373	1.0000897815777474
2.2614500275341016	1.8881345896319048	0.06702374085312283	0.7362582457511133	0.10133320688263212	99.17247104256674	102.53742367402839	0.002215531545677373	1.0000897815777474
2.2614500275341016	1.8881345896319048	0.06702374085312283	0.7362582457511133	0.10133320688263212	99.17247104256674	102.53742367402839	0.002215531545677373	1.0000897815777474
2.2614500275341016	1.8881345896319048	0.06702374085312283	0.7362582457511133	0.10133320688263212	99.17247104256674	102.53742367402839	0.0022369569531166334	1.0000897815777474
2.2614500275341016	1.8881345681505202	0.06702374085312283	0.7362582457511133	0.10133320688263212	99.17247104256674	102.53742367402839	0.0022369569531166334	1.0000897815777474
2.2614500275341016	1.8881345681505202	0.06702374085312283	0.7362582457511133	0.10133320688263212	99.17247104256674	102.53742367402839	0.0022369569531166334	1.0000897815777474
2.2614500275341016	1.8881345681505202	0.06702374085312283	0.7362582457511133	0.10133320688263212	99.17247104256674	102.53742367402839	0.0022369569531166334	1.0000898743931517
2.2614500275341016	1.8881345681505202	0.06702374085312283	0.7362582457511133	0.10133320688263212	99.17247104256674	102.53742367402839	0.0022369569531166334	1.0000877547269063
2.2614500275341016	1.8881345681505202	0.06702374085312283	0.7362582457511133	0.10133320688263212	99.17247104256674	102.53742367402839	0.0022369569531166334	1.0000877547269063
2.2614500275341016	1.8881345681505202	0.06702374085312283	0.7362582457511133	0.10133320688263212	99.17247104256674	102.53742367402839	0.0022369569531166334	1.0000877547269063
2.2614500275341016	1.8881345681505202	0.06702374085312283	0.7362582457511133	0.10133320688263212	99.17247104256674	102.53742367402839	0.0022369569531166334	1.0000877547269063
2.2614500275341016	1.8881345681505202	0.06702374085312283	0.7362582457511133	0.10133320688263212	99.17247104256674	102.53742367402839	0.0022369569531166334	1.0000877547269063
2.2614500275341016	1.8881345681505202	0.06702374085312283	0.7362582457511133	0.10133320688263212	99.17318182221638	102.53742367402839	0.0022369569531166334	1.0000877547269063
2.2614508976672925	1.8881345681505202	0.06702374085312283	0.7362582457511133	0.10133320688263212	99.17318182221638	102.53742367402839	0.0022369569531166334	1.0000877547269063
2.2614508976672925	1.8881345681505202	0.06702374085312283	0.7362582457511133	0.10133469848543354	99.17318182221638	102.53742367402839	0.0022369569531166334	1.0000877547269063
2.2614508976672925	1.8881345681505202	0.06702374085312283	0.7362582457511133	0.10133469848543354	99.17318182221638	102.5333762525111	0.0022369569531166334	1.0000877547269063
2.2614508976672925	1.8881345681505202	0.06702374085312283	0.7362582457511133	0.10133469848543354	99.1575402740313	102.5333762525111	0.0022369569531166334	1.0000877547269063
2.2614508976672925	1.8882362176722787	0.06702374085312283	0.7362582457511133	0.10133469848543354	99.1575402740313	102.5333762525111	0.0022369569531166334	1.0000877547269063
2.2614508976672925	1.8882362176722787	0.06702374085312283	0.7362582457511133	0.10133469848543354	99.1575402740313	102.5333762525111	0.002237527404397305	1.0000877547269063
2.2614508976672925	1.8882362176722787	0.06702374085312283	0.7362582457511133	0.10133469848543354	99.1575402740313	102.5333762525111	0.002237527404397305	1.0000878890515321
2.261447722534831	1.8882362176722787	0.06702374085312283	0.7362582457511133	0.10133469848543354	99.1575402740313	102.5333762525111	0.002237527404397305	1.0000878890515321
2.261447722534831	1.8882362176722787	0.06702374085312283	0.7362582457511133	0.10133469848543354	99.1575402740313	102.5333762525111	0.002237527404397305	1.0000878890515321
2.261447722534831	1.8882362176722787	0.06702374085312283	0.7362582457511133	0.10133469848543354	99.1575402740313	102.5333762525111	0.002237527404397305	1.0000878890515321
2.261447722534831	1.8882362176722787	0.06702374085312283	0.7362582457511133	0.10133469848543354	99.1575402740313	102.5333762525111	0.002237527404397305	1.0000878890515321
2.261447722534831	1.8882362176722787	0.06702491537815068	0.7362582457511133	0.10133469848543354	99.1575402740313	102.5333762525111	0.002237527404397305	1.0000878890515321
2.261447722534831	1.8871855780696738	0.06702491537815068	0.7362582457511133	0.10133469848543354	99.1575402740313	102.5333762525111	0.002237527404397305	1.0000878890515321
2.261447722534831	1.8871855780696738	0.06702491537815068	0.7362582457511133	0.10133469848543354	99.1575402740313	102.5333762525111	0.002237954299959675	1.0000878890515321
2.261447722534831	1.8871855780696738	0.06702491537815068	0.7362582457511133	0.10133469848543354	99.1575402740313	102.5333762525111	0.002237954299959675	1.0000878890515321
2.261447722534831	1.8871855780696738	0.06702491537815068	0.7362582457511133	0.10133469848543354	99.1575402740313	102.5333762525111	0.002237954299959675	1.0000878890515321
2.261447722534831	1.8871855780696738	0.06702491537815068	0.7362582457511133	0.10133469848543354	99.1575402740313	102.5333762525111	0.002237954299959675	1.0000878890515321
2.261447722534831	1.8871855780696738	0.06702491537815068	0.7362582457511133	0.10133469848543354	99.1575402740313	102.5333762525111	0.002237954299959675	1.0000878890515321
2.261447722534831	1.8871855780696738	0.06702491537815068	0.7362582457511133	0.10133469848543354	99.1575402740313	102.5333762525111	0.002237954299959675	1.0000878890515321
2.261447722534831	1.8871855780696738	0.06702491537815068	0.7362582457511133	0.10133469848543354	99.1575402740313	102.5333762525111	0.002237954299959675	1.0000878890515321
2.261447722534831	1.8871855780696738	0.06702491537815068	0.7362582457511133	0.10133469848543354	99.1575402740313	102.5333762525111	0.002237954299959675	1.0000878969011455
2.261447722534831	1.8871855780696738	0.06702491537815068	0.7362582457511133	0.10133469848543354	99.1575402740313	102.5333762525111	0.002237954299959675	1.0000878969011455
2.261447722534831	1.8871855780696738	0.06702491537815068	0.7362582457511133	0.10133469848543354	99.1575402740313	102.5333762525111	0.002237954299959675	1.0000878969011455
2.261447722534831	1.8871855780696738	0.06702491537815068	0.7362582457511133	0.10133469848543354	99.1575402740313	102.5333762525111	0.002237954299959675	1.0000929737106308
2.261447722534831	1.8871855780696738	0.06702491537815068	0.7362582457511133	0.10133469848543354	99.1575402740313	102.5333762525111	0.002237954299959675	1.0000929737106308
2.261447722534831	1.8871855780696738	0.06702491537815068	0.7362582457511133	0.10133469848543354	99.1575402740313	102.5333762525111	0.002237954299959675	1.0000929737106308
2.261447722534831	1.8871855780696738	0.06702491537815068	0.7362582457511133	0.10133469848543354	99.15740958855564	102.5333762525111	0.002237954299959675	1.0000929737106308
2.261447722534831	1.8871855780696738	0.06676750192470372	0.7362582457511133	0.10133469848543354	99.15740958855564	102.5333762525111	0.002237954299959675	1.0000929737106308
2.261447722534831	1.8871855780696738	0.06676750192470372	0.7362582457511133	0.10133469848543354	99.15740958855564	102.5333762525111	0.002237954299959675	1.0000929737106308
2.261447722534831	1.8871855780696738	0.06676750192470372	0.7362582457511133	0.10133469848543354	99.15740958855564	102.5333762525111	0.002237954299959675	1.0000929737106308
2.261447722534831	1.8871855780696738	0.06676750192470372	0.7362582457511133	0.10133469848543354	99.15740958855564	102.5333762525111	0.002237954299959675	1.0000958089267589
2.261447722534831	1.8871855780696738	0.06676750192470372	0.7362582457511133	0.10133457418767114	99.15740958855564	102.5333762525111	0.002237954299959675	1.0000958089267589
2.261447722534831	1.8871855780696738	0.06676750192470372	0.7362582457511133	0.10133457418767114	99.15740958855564	102.5333762525111	0.002237954299959675	1.0000958089267589
2.261447722534831	1.8871855780696738	0.06676750192470372	0.7362582457511133	0.10133457418767114	99.15740958855564	102.5333762525111	0.002237954299959675	1.0000958089267589
2.261447722534831	1.8871855780696738	0.06676750192470372	0.7362582457511133	0.10133457418767114	99.15740958855564	102.5333762525111	0.002237954299959675	1.0000958089267589
2.261447722534831	1.8871855780696738	0.06676750192470372	0.7362582457511133	0.10133457418767114	99.15740958855564	102.5333762525111	0.002237954299959675	1.0000958089267589
2.261447722534831	1.8871855780696738	0.06676750192470372	0.7362582457511133	0.10133457418767114	99.15740958855564	102.5333762525111	0.002237954299959675	1.0000958089267589
2.261447722534831	1.8871855780696738	0.06676750192470372	0.7362582457511133	0.10133457418767114	99.15740958855564	102.5333762525111	0.002237983398913024	1.0000958089267589
2.261447722534831	1.8871855780696738	0.06676750192470372	0.7362582457511133	0.10133457418767114	99.15740958855564	102.5333762525111	0.002237983398913024	1.0000958089267589
2.261447722534831	1.8871855780696738	0.06676750192470372	0.7362582457511133	0.10133457418767114	99.15740958855564	102.5333762525111	0.002237983398913024	1.0001088869695678
2.261447722534831	1.8871855780696738	0.06676750192470372	0.7362582457511133	0.10133457418767114	99.15740958855564	102.5333762525111	0.002237983398913024	1.0001088869695678
2.261447722534831	1.8871855780696738	0.06676750192470372	0.7362582457511133	0.10133471414894375	99.15740958855564	102.5333762525111	0.002237983398913024	1.0001088869695678
2.261447722534831	1.8871855780696738	0.06676750192470372	0.7362582457511133	0.10133471414894375	99.15740958855564	102.5333762525111	0.002237983398913024	1.0001088869695678
2.261447722534831	1.8871855780696738	0.06676750192470372	0.7362582457511133	0.10133471414894375	99.15740958855564	102.5333762525111	0.002237983398913024	1.0001088869695678
2.261447722534831	1.8871855780696738	0.06676750192470372	0.7362582457511133	0.10133471414894375	99.15740958855564	102.5333762525111	0.002231390620554073	1.0001088869695678
2.261447722534831	1.8871855780696738	0.06676750192470372	0.7362582457511133	0.10133471414894375	99.15765199237684	102.5333762525111	0.002231390620554073	1.0001088869695678
2.261447722534831	1.8871855780696738	0.06676750192470372	0.7362582457511133	0.10133471414894375	99.15765199237684	102.5333762525111	0.0021516626912950285	1.0001088869695678
2.261447722534831	1.8871855780696738	0.06676750192470372	0.7362582457511133	0.10133471414894375	99.15765199237684	102.5333762525111	0.0021516626912950285	1.0001088869695678
2.2614547625164803	1.8871855780696738	0.06676750192470372	0.7362582457511133	0.10133471414894375	99.15765199237684	102.5333762525111	0.0021516626912950285	1.0001088869695678
2.2614547625164803	1.8871855780696738	0.06676750192470372	0.7362582457511133	0.10133175821627613	99.15765199237684	102.5333762525111	0.0021516626912950285	1.0001088869695678
2.2614547625164803	1.8871855780696738	0.06676750192470372	0.7358783339053748	0.10133175821627613	99.15765199237684	102.5333762525111	0.0021516626912950285	1.0001088869695678
2.2614554810855503	1.8871855780696738	0.06676750192470372	0.7358783339053748	0.10133175821627613	99.15765199237684	102.5333762525111	0.0021516626912950285	1.0001088869695678
2.2614554810855503	1.8871855780696738	0.06676750192470372	0.7358783339053748	0.10133175821627613	99.15765199237684	102.5333762525111	0.0021516626912950285	1.0001088869695678
2.2614764513374968	1.8871855780696738	0.06676750192470372	0.7358783339053748	0.10133175821627613	99.15765199237684	102.5333762525111	0.0021516626912950285	1.0001088869695678
2.2614764513374968	1.8871855780696738	0.06676750192470372	0.7358783339053748	0.10133175821627613	99.15765199237684	102.5333762525111	0.0021516626912950285	1.0001088869695678
2.2614764513374968	1.8871855780696738	0.06676750192470372	0.7358783339053748	0.10133175821627613	99.15765199237684	102.5333762525111	0.0021516626912950285	1.0001088869695678
2.2614764513374968	1.8871855780696738	0.06676750192470372	0.7358783339053748	0.10133175821627613	99.15765199237684	102.5333762525111	0.0021516626912950285	1.0001088869695678
2.2614764513374968	1.8871855780696738	0.06676750192470372	0.7358783339053748	0.10133175821627613	99.15765199237684	102.5333975377241	0.0021516626912950285	1.0001088869695678
2.2614764513374968	1.8871855780696738	0.06676750192470372	0.7358783339053748	0.10133175821627613	99.15765199237684	102.5333975377241	0.002151691878073659	1.0001088869695678
2.2614764513374968	1.8871855780696738	0.06676750192470372	0.7358783339053748	0.10133175821627613	99.15765199237684	102.5333975377241	0.002151691878073659	1.0001088869695678
2.2614764513374968	1.8871855780696738	0.06676750192470372	0.7358783339053748	0.10133175821627613	99.15765199237684	102.5333975377241	0.002151691878073659	1.0001090967738706
2.2614764513374968	1.8871855780696738	0.06676750192470372	0.7358783339053748	0.10133206312972132	99.15765199237684	102.5333975377241	0.002151691878073659	1.0001090967738706
2.2614764513374968	1.8871855780696738	0.06676750192470372	0.7358709045269891	0.10133206312972132	99.15765199237684	102.5333975377241	0.002151691878073659	1.0001090967738706
2.2614764513374968	1.8871855780696738	0.06676750192470372	0.7358709045269891	0.10133206312972132	99.15765199237684	102.52362855631598	0.002151691878073659	1.0001090967738706
2.2614764513374968	1.8871855780696738	0.06676750192470372	0.7358709045269891	0.10133206312972132	99.15765199237684	102.52362855631598	0.002151691878073659	1.0001090967738706
2.2614764513374968	1.8871855780696738	0.06676750192470372	0.7358709045269891	0.10133206312972132	99.15765199237684	102.52362855631598	0.0021516317325075236	1.0001090967738706
2.2614764513374968	1.8871855780696738	0.06676750192470372	0.7358709045269891	0.10133206312972132	99.15765199237684	102.52362855631598	0.0021516317325075236	1.0001090967738706
2.2614169493461524	1.8871855780696738	0.06676750192470372	0.7358709045269891	0.10133206312972132	99.15765199237684	102.52362855631598	0.0021516317325075236	1.0001090967738706
2.2614169493461524	1.8871855780696738	0.06676750192470372	0.7358709045269891	0.10133206312972132	99.15765199237684	102.52362855631598	0.0021516317325075236	1.0001090967738706
2.2614169493461524	1.8871855780696738	0.06676750192470372	0.7358709045269891	0.10133206312972132	99.15765199237684	102.52362855631598	0.0021516317325075236	1.0001090967738706
2.2614169493461524	1.8871855780696738	0.06676750192470372	0.7358709045269891	0.10133206312972132	99.15765199237684	102.52362855631598	0.0021516317325075236	1.0001089193933972
2.2614169493461524	1.8871855780696738	0.06676750192470372	0.735899956337458	0.10133206312972132	99.15765199237684	102.52362855631598	0.0021516317325075236	1.0001089193933972
2.2614169493461524	1.8871855780696738	0.06676750192470372	0.735899956337458	0.10133206312972132	99.15765199237684	102.52362855631598	0.0021516317325075236	1.0001089193933972
2.2614169493461524	1.8871855780696738	0.06676750192470372	0.735899956337458	0.10133206312972132	99.15765199237684	102.52362855631598	0.0021516317325075236	1.0001089193933972
2.2614169493461524	1.8871855780696738	0.06676750192470372	0.735899956337458	0.10133206312972132	99.15765199237684	103.0344909621384	0.0021516317325075236	1.0001089193933972
2.2614169493461524	1.8871855780696738	0.06676750192470372	0.735899956337458	0.10133215205092372	99.15765199237684	103.0344909621384	0.0021516317325075236	1.0001089193933972
2.2614169493461524	1.8871855780696738	0.06676750192470372	0.735899956337458	0.10133215205092372	99.15765199237684	103.0344909621384	0.0021516317325075236	1.0001089193933972
2.2614169493461524	1.8871855780696738	0.066767662960033	0.735899956337458	0.10133215205092372	99.15765199237684	103.0344909621384	0.0021516317325075236	1.0001089193933972
2.2614169493461524	1.8871855780696738	0.066767662960033	0.735899956337458	0.10133215205092372	99.15765199237684	103.0344909621384	0.0021516317325075236	1.0001089193933972
2.261414915052543	1.8871855780696738	0.066767662960033	0.735899956337458	0.10133215205092372	99.15765199237684	103.0344909621384	0.0021516317325075236	1.0001089193933972
2.261414915052543	1.8871855780696738	0.066767662960033	0.735899956337458	0.10133215205092372	99.15765199237684	103.0344909621384	0.0021516317325075236	1.0001089193933972
2.261414915052543	1.8871855780696738	0.066767662960033	0.735899956337458	0.10133215205092372	99.15765199237684	103.0344909621384	0.0021516317325075236	1.0001089193933972
2.261414915052543	1.8871855780696738	0.066767662960033	0.735899956337458	0.10133215205092372	99.15293632532253	103.0344909621384	0.0021516317325075236	1.0001089193933972
2.261414915052543	1.8871855780696738	0.066767662960033	0.735899956337458	0.10133215205092372	99.15293632532253	103.0344909621384	0.0021516317325075236	1.0001089193933972
2.261414915052543	1.8871855780696738	0.066767662960033	0.735899956337458	0.10133215205092372	99.15293632532253	103.0344909621384	0.0021516317325075236	1.0001089193933972
2.261414915052543	1.8871855780696738	0.066767662960033	0.735899956337458	0.10133227404930384	99.15293632532253	103.0344909621384	0.0021516317325075236	1.0001089193933972
2.261414915052543	1.8871855780696738	0.066767662960033	0.735899956337458	0.10133227404930384	99.15293632532253	103.0344909621384	0.0021516317325075236	1.0001089193933972
2.261414915052543	1.8871855780696738	0.066767662960033	0.735899956337458	0.10133227404930384	99.16479481560528	103.0344909621384	0.0021516317325075236	1.0001089193933972
2.261414915052543	1.8871855780696738	0.066767662960033	0.735899956337458	0.10133227404930384	99.1551719003467	103.0344909621384	0.0021516317325075236	1.0001089193933972
2.261414915052543	1.8871855780696738	0.066767662960033	0.735899956337458	0.10133227404930384	99.1551719003467	103.0344909621384	0.0021516317325075236	1.0001089193933972
2.261414915052543	1.8871855780696738	0.066767662960033	0.735899956337458	0.10133227404930384	99.1551719003467	103.0344909621384	0.0021516317325075236	1.0001089193933972
2.261414915052543	1.8871832460302564	0.066767662960033	0.735899956337458	0.10133227404930384	99.1551719003467	103.0344909621384	0.0021516317325075236	1.0001089193933972
2.261414915052543	1.8871832460302564	0.066767662960033	0.735899956337458	0.10133227404930384	99.1551719003467	103.0344909621384	0.0021516317325075236	1.0001089193933972
2.261414915052543	1.8871832460302564	0.066767662960033	0.735899956337458	0.10133292981989153	99.1551719003467	103.0344909621384	0.0021516317325075236	1.0001089193933972
2.261414915052543	1.8871832460302564	0.066767662960033	0.735899956337458	0.10133292981989153	99.1551719003467	103.0344909621384	0.0021516317325075236	1.0001089193933972
2.261414915052543	1.8871832460302564	0.066767662960033	0.735899956337458	0.10116209307854276	99.1551719003467	103.0344909621384	0.0021516317325075236	1.0001089193933972
2.261414915052543	1.8871832460302564	0.066767662960033	0.735899956337458	0.10116209307854276	99.1551719003467	103.0344909621384	0.0021516317325075236	1.0001099961665103
2.261414915052543	1.8871832460302564	0.066767662960033	0.735899956337458	0.10116209307854276	99.1551719003467	103.0344909621384	0.0021516317325075236	1.0001102911359332
2.261414915052543	1.8871832460302564	0.066767662960033	0.735899956337458	0.10116209307854276	99.1551719003467	103.0344909621384	0.0021516317325075236	1.0001102911359332
2.261414915052543	1.8871832460302564	0.066767662960033	0.735899956337458	0.10116209307854276	99.1551719003467	103.0344909621384	0.0021516317325075236	1.0001102911359332
2.261414915052543	1.8871832460302564	0.066767662960033	0.735899956337458	0.10116209307854276	99.1551719003467	103.0344909621384	0.0021516317325075236	1.0001102911359332
2.261414915052543	1.8871832460302564	0.066767662960033	0.735899956337458	0.10116209307854276	99.1551719003467	103.03458826089985	0.0021516317325075236	1.0001102911359332
2.261414915052543	1.8871832460302564	0.066767662960033	0.735899956337458	0.10116209307854276	99.1551719003467	103.0342223472218	0.0021516317325075236	1.0001102911359332
2.261414915052543	1.8871832460302564	0.066767662960033	0.735899956337458	0.10116209307854276	99.1551719003467	103.0342223472218	0.0021516317325075236	1.0001102911359332
2.261414915052543	1.8871832460302564	0.066767662960033	0.735899956337458	0.10116209307854276	99.1551719003467	103.0342223472218	0.0021516317325075236	1.0001102911359332
2.261414915052543	1.8871832460302564	0.066767662960033	0.735899956337458	0.10116209307854276	99.1551719003467	103.0342223472218	0.0021516317325075236	1.0001102911359332
2.261414915052543	1.8871832460302564	0.066767662960033	0.735899956337458	0.10116209307854276	99.1551719003467	103.0342223472218	0.0021516317325075236	1.0001102911359332
2.261414915052543	1.8871832460302564	0.066767662960033	0.735899956337458	0.10116209307854276	99.1551719003467	103.0342223472218	0.0021516317325075236	1.0001102911359332
2.261414915052543	1.8871832460302564	0.066767662960033	0.735899956337458	0.10116209307854276	99.1551719003467	103.0342223472218	0.0021516317325075236	1.0001102911359332
2.2614150660693375	1.8871832460302564	0.066767662960033	0.735899956337458	0.10116209307854276	99.1551719003467	103.0342223472218	0.0021516317325075236	1.0001102911359332
2.2614150660693375	1.8871832460302564	0.066767662960033	0.735899956337458	0.10116209307854276	99.1551719003467	103.0342223472218	0.0021516317325075236	1.0001102911359332
2.2614150660693375	1.8871832460302564	0.066767662960033	0.735899956337458	0.10116209307854276	99.1551719003467	103.0342223472218	0.0021516317325075236	1.0001102911359332
2.2614150660693375	1.8871832460302564	0.066767662960033	0.7356628676890583	0.10116209307854276	99.1551719003467	103.0342223472218	0.0021516317325075236	1.0001102911359332
2.2614150660693375	1.8871832460302564	0.066767662960033	0.7356628676890583	0.10116209307854276	99.1551719003467	103.0342223472218	0.0021471285085426285	1.0001102911359332
2.2614150660693375	1.8871832460302564	0.066767662960033	0.7356628676890583	0.10116209307854276	99.1551719003467	103.0342223472218	0.0021474737893351094	1.0001102911359332
2.2614150660693375	1.8871832460302564	0.066767662960033	0.735682793768783	0.10116209307854276	99.1551719003467	103.0342223472218	0.0021474737893351094	1.0001102911359332
2.2614150660693375	1.8871832460302564	0.066767662960033	0.735682793768783	0.10116209307854276	99.1551719003467	103.0342223472218	0.0021474737893351094	1.0001102911359332
2.2614150660693375	1.8871832460302564	0.06679842501665464	0.735682793768783	0.10116209307854276	99.1551719003467	103.0342223472218	0.0021474737893351094	1.0001102911359332
2.2614150660693375	1.8871832460302564	0.06679842501665464	0.735682793768783	0.10116209307854276	99.1551719003467	103.0342223472218	0.0021474737893351094	1.0001102911359332
2.2614150660693375	1.8871832460302564	0.06679842501665464	0.735682793768783	0.10116209307854276	99.1551719003467	103.77543678678003	0.0021474737893351094	1.0001102911359332
2.2614150660693375	1.8871830357014334	0.06679842501665464	0.735682793768783	0.10116209307854276	99.1551719003467	103.77543678678003	0.0021474737893351094	1.0001102911359332
2.2614150660693375	1.8871830357014334	0.06679842501665464	0.735682793768783	0.10116209307854276	99.1551719003467	103.77543697992438	0.0021474737893351094	1.0001102911359332
2.2614150660693375	1.8871830357014334	0.06679842501665464	0.735682793768783	0.10116209307854276	99.1551719003467	103.7758104026895	0.0021474737893351094	1.0001102911359332
2.2614150660693375	1.8871830357014334	0.06679842501665464	0.735682793768783	0.10116209307854276	99.1551719003467	103.7758104026895	0.0021474737893351094	1.0001102911359332
2.2614150660693375	1.8871830357014334	0.06679842501665464	0.735682793768783	0.10116209307854276	99.1551719003467	103.7758104026895	0.0021474737893351094	1.0001102911359332
2.2614150660693375	1.8871830357014334	0.06679842501665464	0.735682793768783	0.10116209307854276	99.1551719003467	103.7758104026895	0.0021474737893351094	1.0001102911359332
2.2614150660693375	1.8871830357014334	0.06679842501665464	0.735682793768783	0.10122205890866791	99.1551719003467	103.7758104026895	0.0021474737893351094	1.0001102911359332
2.2614168778197894	1.8871830357014334	0.06679842501665464	0.735682793768783	0.10122205890866791	99.1551719003467	103.7758104026895	0.0021474737893351094	1.0001102911359332
2.2614168778197894	1.8871830357014334	0.06679842501665464	0.735682793768783	0.10122205890866791	99.1551719003467	103.7758104026895	0.0021474737893351094	1.0001102911359332
2.2614168778197894	1.8871830357014334	0.06679842501665464	0.735682793768783	0.10122205890866791	99.1551719003467	103.7758104026895	0.0021474737893351094	1.0001102911359332
2.2614168778197894	1.8871830357014334	0.06679842501665464	0.735682793768783	0.10122205890866791	99.1551719003467	103.7758104026895	0.0021474737893351094	1.0001102911359332
2.2614168778197894	1.8871830357014334	0.06679842501665464	0.735682793768783	0.10122205890866791	99.1551719003467	103.77393561193821	0.0021474737893351094	1.0001102911359332
2.2614168778197894	1.8871830357014334	0.06679842501665464	0.735682793768783	0.10122205890866791	99.1551719003467	103.77393561193821	0.0021477989960413902	1.0001102911359332
2.2614168778197894	1.8871830357014334	0.06679842501665464	0.735682793768783	0.10122205890866791	99.1551487096533	103.77393561193821	0.0021477989960413902	1.0001102911359332
2.2614168778197894	1.8871830357014334	0.06679842501665464	0.7356960946361145	0.10122205890866791	99.1551487096533	103.77393561193821	0.0021477989960413902	1.0001102911359332
2.2614168778197894	1.8871830357014334	0.06679842501665464	0.7356960946361145	0.10122205890866791	99.1551487096533	103.77393561193821	0.0021477989960413902	1.0001102911359332
2.2614168778197894	1.8871830357014334	0.06679842501665464	0.7356960946361145	0.10122205890866791	99.18664170283292	103.77393561193821	0.0021477989960413902	1.0001102911359332
2.2614168778197894	1.8872948236460663	0.06679842501665464	0.7356960946361145	0.10122205890866791	99.18664170283292	103.77393561193821	0.0021477989960413902	1.0001102911359332
2.2614168778197894	1.8872948236460663	0.06679842501665464	0.7356960946361145	0.10122205890866791	99.20236700279665	103.77393561193821	0.0021477989960413902	1.0001102911359332
2.2614168778197894	1.8872948236460663	0.06679842501665464	0.7356960946361145	0.10122205890866791	99.20236700279665	103.77393561193821	0.0021477989960413902	1.0001102911359332
2.2614168778197894	1.8872948236460663	0.06679842501665464	0.7356960946361145	0.10122205890866791	99.20236700279665	103.77393561193821	0.0021477989960413902	1.0001102911359332
2.2614168778197894	1.8872948236460663	0.06679842501665464	0.7356960946361145	0.10122205890866791	99.20236700279665	103.77393561193821	0.0021477989960413902	1.0001102911359332
2.2614168778197894	1.8872948236460663	0.06679842501665464	0.7356960946361145	0.10122205890866791	99.20236700279665	103.77393561193821	0.0021477989960413902	1.0001102911359332
2.2614168778197894	1.8872948236460663	0.06679842501665464	0.7356960946361145	0.10122205890866791	99.20236700279665	103.77393561193821	0.0021437743701979207	1.0001102911359332
2.2614168778197894	1.8872948236460663	0.06679842501665464	0.7356960946361145	0.10122205890866791	99.20234459554358	103.77393561193821	0.0021437743701979207	1.0001102911359332
